time_index,time_sec,sum_intensity,norm_sum_intensity,filtered_norm_sum_intensity,detrended_norm_sum_intensity,f0_baseline,df_f_signal,d_df_f_signal,is_onset,is_peak,onset_index,peak_id
0,0.0,711907.0,1788.711055276382,1788.711055276382,1788.711055276382,1616.3408721024994,0.1066422226579393,0.0267942593871909,False,False,,
1,0.005088,708931.0,1781.2336683417086,1788.711055276382,1788.9314097210877,1616.3408721024994,0.1067785518497014,0.02678127944273,False,False,,
2,0.010176,712632.0,1790.532663316583,1788.711055276382,1789.1515506731632,1616.3408721024994,0.1069147489575485,0.0267553321295732,False,False,,
3,0.015264,710356.0,1784.8140703517588,1788.711055276382,1789.3714783394537,1616.3408721024994,0.1070508141094519,-0.0502611380855988,False,False,,
4,0.020352,713383.0,1792.4195979899498,1787.4447236180904,1788.324861268311,1616.3408721024994,0.1064032916163895,0.1211085896618797,False,False,,
5,0.02544,711403.0,1787.4447236180904,1790.2638190954774,1791.3634584601496,1616.3408721024994,0.1082832151178512,0.1980732657349868,False,False,,
6,0.030528,717880.0,1803.718592964824,1790.2638190954774,1791.5827475081476,1616.3408721024994,0.1084188851685087,0.1577190365256857,False,False,,
7,0.035616,711103.0,1786.6909547738694,1792.4195979899498,1793.9576029902084,1616.3408721024994,0.1098881640335366,0.2325451363726625,False,False,,
8,0.040704,712525.0,1790.2638190954774,1793.6507537688442,1795.4076231021263,1616.3408721024994,0.1107852644762369,0.1014520970315846,False,False,,
9,0.045792,718805.0,1806.0427135678392,1793.6507537688442,1795.6262753862295,1616.3408721024994,0.11092054057293,0.0265744034761272,False,False,,
10,0.05088,717182.0,1801.964824120603,1793.6507537688442,1795.8447158268586,1616.3408721024994,0.11105568560601,0.5320282666540397,False,False,,
11,0.055968,713873.0,1793.6507537688442,1801.964824120603,1804.3770149810184,1616.3408721024994,0.1163344602144015,0.5320025447198891,False,False,,
12,0.061056,710820.0,1785.9798994974874,1801.964824120603,1804.59503235024,1616.3408721024994,0.1164693435010796,0.0264972376494938,False,False,,
13,0.066144,718166.0,1804.437185929648,1801.964824120603,1804.8128384911304,1616.3408721024994,0.1166040961047227,0.0632864902909844,False,False,,
14,0.071232,718229.0,1804.5954773869344,1802.570351758794,1805.6359612465324,1616.3408721024994,0.1171133468262806,0.0632608430472991,False,False,,
15,0.07632,716905.0,1801.2688442211056,1802.570351758794,1805.8533455445156,1616.3408721024994,0.117247838443572,0.1399202506457459,False,False,,
16,0.081408,717423.0,1802.570351758794,1804.437185929648,1807.9373533983796,1616.3408721024994,0.1185371752968517,0.1495184715803184,False,False,,
17,0.086496,719991.0,1809.0226130653264,1804.5954773869344,1808.3126081277592,1616.3408721024994,0.1187693384103734,-0.0101402811564756,False,False,,
18,0.091584,715632.0,1798.070351758794,1803.8366834170856,1807.7705672229451,1616.3408721024994,0.1184339877958035,0.1702425780657854,False,False,,
19,0.096672,719171.0,1806.962311557789,1806.962311557789,1811.112738425287,1616.3408721024994,0.1205017268847708,0.3416126796308649,False,False,,
20,0.10176,721017.0,1811.6005025125628,1809.0226130653264,1813.3893731945304,1616.3408721024994,0.1219102384237272,0.2187689259092398,False,False,,
21,0.106848,717927.0,1803.8366834170856,1810.1281407035176,1814.7110244977605,1616.3408721024994,0.1227279194748232,0.0934810525098424,False,False,,
22,0.111936,723244.0,1817.1959798994976,1810.1281407035176,1814.9269387692036,1616.3408721024994,0.1228615016140673,0.1157584208702573,False,False,,
23,0.117024,721907.0,1813.8366834170856,1811.6005025125628,1816.6150056589688,1616.3408721024994,0.123905877165599,0.0471441946718247,False,False,,
24,0.122112,720431.0,1810.1281407035176,1810.4723618090452,1815.7023610481244,1616.3408721024994,0.1233412409390478,0.1621463398238241,False,False,,
25,0.1272,715133.0,1796.8165829145728,1813.8366834170856,1819.2819699632716,1616.3408721024994,0.1255558783196462,0.2079486717618301,False,False,,
26,0.132288,723835.0,1818.680904522613,1813.462311557789,1819.1226768277995,1616.3408721024994,0.1254573266228962,0.0033789881265935,False,False,,
27,0.137376,720568.0,1810.4723618090452,1813.462311557789,1819.3375471704296,1616.3408721024994,0.1255902629028224,0.1031053046446128,False,False,,
28,0.142464,724430.0,1820.175879396985,1814.7286432160804,1820.818540992049,1616.3408721024994,0.1265065262029598,0.2796694347175137,False,False,,
29,0.147552,721758.0,1813.462311557789,1817.6331658291456,1823.9375177908369,1616.3408721024994,0.1284361790705079,0.2026536096440558,False,False,,
30,0.15264,722262.0,1814.7286432160804,1817.6331658291456,1824.1517642004549,1616.3408721024994,0.1285687293346977,0.0513969234491984,False,False,,
31,0.157728,723418.0,1817.6331658291456,1818.0502512562816,1824.78288846241,1616.3408721024994,0.1289591941635269,0.051371695373179,False,False,,
32,0.162816,723584.0,1818.0502512562816,1818.0502512562816,1824.996719923542,1616.3408721024994,0.1290914877068151,0.0259884937736547,False,False,,
33,0.167904,724556.0,1820.4924623115576,1818.0502512562816,1825.210344211903,1616.3408721024994,0.1292236530761676,0.0259633145589166,False,False,,
34,0.172992,724237.0,1819.6909547738696,1818.0502512562816,1825.4237615282136,1616.3408721024994,0.1293556903957667,0.0815424444358488,False,False,,
35,0.17808,723948.0,1818.964824120603,1818.964824120603,1826.5515449373236,1616.3408721024994,0.1300534289907468,0.0815173139877405,False,False,,
36,0.183168,723351.0,1817.464824120603,1818.964824120603,1826.7645489109211,1616.3408721024994,0.1301852105829059,0.0258879231909858,False,False,,
37,0.188256,722216.0,1814.6130653266332,1818.964824120603,1826.9773465134672,1616.3408721024994,0.1303168644971383,-0.0240893593974593,False,False,,
38,0.193344,726016.0,1824.1608040201008,1818.143216080402,1826.3683299047052,1616.3408721024994,0.1299400772616774,-0.0241144168726474,False,False,,
39,0.198432,723621.0,1818.143216080402,1818.143216080402,1826.580715364788,1616.3408721024994,0.1300714761910422,0.3916706129622103,False,False,,
40,0.20352,730769.0,1836.1030150753768,1824.1608040201008,1832.810482992771,1616.3408721024994,0.1339257174191808,0.5604443254180609,False,False,,
41,0.208608,723096.0,1816.824120603015,1826.937185929648,1835.7988390181688,1616.3408721024994,0.1357745576464964,0.1945614784835907,False,False,,
42,0.213696,729709.0,1833.4396984924624,1826.937185929648,1836.0106077607547,1616.3408721024994,0.1359055750242298,0.4210781504073289,False,False,,
43,0.218784,727121.0,1826.937185929648,1833.4396984924624,1842.7246838918695,1616.3408721024994,0.1400594489050414,0.2236885552151815,False,False,,
44,0.223872,729734.0,1833.502512562814,1830.1934673366832,1839.6898113288903,1616.3408721024994,0.1381818297620996,0.0256879480873024,False,False,,
45,0.22896,726079.0,1824.319095477387,1833.4396984924624,1843.147196300562,1616.3408721024994,0.1403208494647778,0.2268466945244842,False,False,,
46,0.234048,731310.0,1837.462311557789,1833.502512562814,1843.420959608298,1616.3408721024994,0.1404902217255807,0.0294571717415621,False,False,,
47,0.239136,728417.0,1830.1934673366832,1833.502512562814,1843.6317044653829,1616.3408721024994,0.14062060564442,-0.1691543991428101,False,False,,
48,0.244224,730026.0,1834.2361809045224,1830.2989949748744,1840.638727552244,1616.3408721024994,0.1387689065599035,-0.1216711584715568,False,False,,
49,0.249312,731025.0,1836.7462311557788,1831.0804020100504,1841.6304712777612,1616.3408721024994,0.1393824799358134,0.0730718052741643,False,False,,
50,0.2544,724695.0,1820.8417085427136,1831.0804020100504,1841.840604181275,1616.3408721024994,0.1395124852503734,0.0828236151068928,False,False,,
51,0.259488,728459.0,1830.2989949748744,1832.0226130653264,1842.9927445506787,1616.3408721024994,0.1402252930431411,0.082798871407002,False,False,,
52,0.264576,728770.0,1831.0804020100504,1832.0226130653264,1843.2024704726691,1616.3408721024994,0.140355046565811,0.025489517720965,False,False,,
53,0.269664,731449.0,1837.8115577889448,1832.0226130653264,1843.4119931995815,1616.3408721024994,0.1404846743754697,0.3428980735908933,False,False,,
54,0.274752,729145.0,1832.0226130653264,1837.2437185929648,1848.8424184559217,1616.3408721024994,0.143844377362672,0.3773969411403843,False,False,,
55,0.27984,731223.0,1837.2437185929648,1837.8115577889448,1849.6193745790697,1616.3408721024994,0.1443250656485143,0.2374450273092687,False,False,,
56,0.284928,732830.0,1841.281407035176,1840.7311557788944,1852.7478868911392,1616.3408721024994,0.1462606179605711,0.2028968638437636,False,False,,
57,0.290016,732907.0,1841.4748743718592,1840.7311557788944,1852.9565988045083,1616.3408721024994,0.1463897441349884,0.0253662778730365,False,False,,
58,0.295104,735216.0,1847.276381909548,1840.7311557788944,1853.1651085052315,1616.3408721024994,0.1465187452042071,0.0587959277307117,False,False,,
59,0.300192,732611.0,1840.7311557788944,1841.281407035176,1853.923667445506,1616.3408721024994,0.1469880514955761,0.0295944016039069,False,False,,
60,0.30528,729425.0,1832.7261306532664,1840.8015075376884,1853.6518738110076,1616.3408721024994,0.1468198978349285,-0.0038843534038619,False,False,,
61,0.310368,730231.0,1834.751256281407,1840.8015075376884,1853.8597780485288,1616.3408721024994,0.1469485243153384,0.0252681151488687,False,False,,
62,0.315456,734500.0,1845.4773869346736,1840.8015075376884,1854.0674808559293,1616.3408721024994,0.1470770261746834,0.0252436338802404,False,False,,
63,0.320544,732639.0,1840.8015075376884,1840.8015075376884,1854.2749824283665,1616.3408721024994,0.1472054035337037,0.2561908204545791,False,False,,
64,0.325632,734151.0,1844.6005025125628,1844.6005025125628,1858.2812779356832,1616.3408721024994,0.1496840239636292,0.309479285938977,False,False,,
65,0.33072,735136.0,1847.0753768844224,1845.4773869346736,1859.3652620450212,1616.3408721024994,0.1503546647474188,0.1756379708291877,False,False,,
66,0.335808,732294.0,1839.9346733668344,1847.0753768844224,1861.170151031373,1616.3408721024994,0.151471315954787,0.1372710693016738,False,False,,
67,0.340896,735704.0,1848.502512562814,1847.321608040201,1861.623080767533,1616.3408721024994,0.1517515351486326,0.0400919672030397,False,False,,
68,0.345984,738345.0,1855.1381909547736,1847.321608040201,1861.8295790859067,1616.3408721024994,0.1518792918130451,0.0968939847913485,False,False,,
69,0.351072,735234.0,1847.321608040201,1848.502512562814,1863.2167818589112,1616.3408721024994,0.1527375283378694,0.0968696690733974,False,False,,
70,0.35616,736948.0,1851.6281407035176,1848.502512562814,1863.4228802351593,1616.3408721024994,0.152865037565536,0.1050943642041097,False,False,,
71,0.361248,732893.0,1841.4396984924624,1849.819095477387,1864.945361845486,1616.3408721024994,0.1538069685880104,0.1050700955803698,False,False,,
72,0.366336,736228.0,1849.819095477387,1849.819095477387,1865.151061054208,1616.3408721024994,0.1539342308581618,0.134986619152265,False,False,,
73,0.371424,734235.0,1844.8115577889448,1851.6281407035176,1867.1656061953045,1616.3408721024994,0.1551805924245038,0.4116089897991841,False,False,,
74,0.376512,738801.0,1856.28391959799,1856.178391959799,1871.9211582658832,1616.3408721024994,0.1581227639383583,0.3015982944439113,False,False,,
75,0.3816,738759.0,1856.178391959799,1856.178391959799,1872.126260172412,1616.3408721024994,0.1582496566687651,0.0249275274675468,False,False,,
76,0.386688,741201.0,1862.3140703517588,1856.178391959799,1872.3311633638873,1616.3408721024994,0.1583764264578681,0.0249033761807364,False,False,,
77,0.391776,739230.0,1857.3618090452264,1856.178391959799,1872.5358680328352,1616.3408721024994,0.1585030734247802,-0.1077155844447421,False,False,,
78,0.396864,734752.0,1846.110552763819,1853.997487437186,1870.5594698489836,1616.3408721024994,0.1572803126705584,-0.1077396889557817,False,False,,
79,0.401952,736074.0,1849.43216080402,1853.997487437186,1870.7637780497128,1616.3408721024994,0.1574067143499662,-0.1219703593348455,False,False,,
80,0.40704,737891.0,1853.997487437186,1851.5829145728644,1868.553315440056,1616.3408721024994,0.1560391422939669,-0.1531572580346356,False,False,,
81,0.412128,736726.0,1851.070351758794,1851.070351758794,1868.244665126368,1616.3408721024994,0.1558481860922057,-0.0063798705920508,False,False,,
82,0.417216,738322.0,1855.0804020100504,1851.070351758794,1868.4483800640644,1616.3408721024994,0.1559742207308223,0.0247589590507253,False,False,,
83,0.422304,736930.0,1851.5829145728644,1851.070351758794,1868.6518976304856,1616.3408721024994,0.1561001332595059,0.0247349710831112,False,False,,
84,0.427392,733363.0,1842.6206030150752,1851.070351758794,1868.8552180168565,1616.3408721024994,0.156225923796564,-0.2290217323273999,False,False,,
85,0.43248,735065.0,1846.8969849246232,1846.8969849246232,1864.884974580046,1616.3408721024994,0.1537696081113423,-0.2863303077948824,False,False,,
86,0.437568,733828.0,1843.788944723618,1845.9547738693468,1864.1456901239744,1616.3408721024994,0.1533122265844433,-0.0326214874231709,False,False,,
87,0.442656,737334.0,1852.5979899497488,1845.9547738693468,1864.3484201156937,1616.3408721024994,0.1534376518553241,0.0246392513974953,False,False,,
88,0.447744,734690.0,1845.9547738693468,1845.9547738693468,1864.5509536904124,1616.3408721024994,0.1535629556066642,-0.1070628991846902,False,False,,
89,0.452832,733326.0,1842.5276381909548,1843.788944723618,1862.587461892702,1616.3408721024994,0.1523481797932207,0.0245915305508361,False,False,,
90,0.45792,736228.0,1849.819095477387,1845.9547738693468,1864.955432349866,1616.3408721024994,0.1538131990215495,0.0082224892416409,False,False,,
91,0.463008,733721.0,1843.5201005025128,1843.5201005025128,1862.722704447815,1616.3408721024994,0.1524318518437436,-0.1838194064590705,False,False,,
92,0.468096,732950.0,1841.5829145728644,1842.5276381909548,1861.9319919441368,1616.3408721024994,0.151942652741422,-0.0932570848988945,False,False,,
93,0.473184,734799.0,1846.2286432160804,1841.5829145728644,1861.1888226665865,1616.3408721024994,0.1514828677478125,-0.0329410270301409,False,False,,
94,0.478272,731197.0,1837.178391959799,1841.5829145728644,1861.3901817291671,1616.3408721024994,0.1516074448503633,-0.076501082390866,False,False,,
95,0.48336,731901.0,1838.9472361809048,1839.922110552764,1859.9305416828856,1616.3408721024994,0.150704392733403,-0.1357952942179263,False,False,,
96,0.488448,732289.0,1839.922110552764,1838.9472361809048,1859.156636385097,1616.3408721024994,0.1502255919364016,-0.1423876198301954,False,False,,
97,0.493536,734251.0,1844.8517587939696,1837.178391959799,1857.5885665271444,1616.3408721024994,0.149255456314011,-0.2352887709912288,False,False,,
98,0.498624,729157.0,1832.0527638190952,1834.675879396985,1855.2866338052131,1616.3408721024994,0.1478312934027949,-0.1297559271894037,False,False,,
99,0.503712,730201.0,1834.675879396985,1834.643216080402,1855.454355995708,1616.3408721024994,0.1479350599989316,-0.0002398937310914,False,False,,
100,0.5088,730040.0,1834.2713567839196,1834.2713567839196,1855.2826880607809,1616.3408721024994,0.1478288522441873,-0.0555622562982645,False,False,,
101,0.513888,728543.0,1830.510050251256,1833.3291457286432,1854.540474409636,1616.3408721024994,0.1473696584788404,-0.0160212421676426,False,False,,
102,0.5189760000000001,730188.0,1834.643216080402,1833.608040201005,1855.019172516624,1616.3408721024994,0.1476658200838894,0.024283589921449,False,False,,
103,0.5240640000000001,727781.0,1828.5954773869344,1833.3291457286432,1854.9398880971185,1616.3408721024994,0.1476167682898811,-0.1640918139382758,False,False,,
104,0.5291520000000001,729665.0,1833.3291457286432,1830.510050251256,1852.3202092783715,1616.3408721024994,0.1459960217852535,-0.2635614430983342,False,False,,
105,0.53424,729776.0,1833.608040201005,1828.5954773869344,1850.6048598658456,1616.3408721024994,0.1449347670449125,-0.092189300125975,False,False,,
106,0.539328,727113.0,1826.9170854271356,1828.5954773869344,1850.8038902979877,1616.3408721024994,0.1450579034671716,-0.0778534109635487,False,False,,
107,0.544416,726295.0,1824.8618090452264,1826.9170854271356,1849.3243359376856,1616.3408721024994,0.1441425307349474,-0.138674938827183,False,False,,
108,0.5495040000000001,726715.0,1825.9170854271356,1825.9170854271356,1848.5229808913657,1616.3408721024994,0.1436467472896661,-0.0583471059084814,False,False,,
109,0.5545920000000001,728479.0,1830.349246231156,1825.5603015075376,1848.3646494662771,1616.3408721024994,0.1435487905852227,0.0001362092782866,False,False,,
110,0.5596800000000001,726573.0,1825.5603015075376,1825.5226130653264,1848.525221245872,1616.3408721024994,0.143648133355282,0.0218046223697676,False,False,,
111,0.564768,726385.0,1825.0879396984924,1825.5226130653264,1848.7232893812588,1616.3408721024994,0.1437706744224575,-0.0023546490656176,False,False,,
112,0.569856,726558.0,1825.5226130653264,1825.0879396984924,1848.4864922494976,1616.3408721024994,0.1436241724463902,-0.081201628435501,False,False,,
113,0.574944,721099.0,1811.8065326633168,1823.791457286432,1847.3876943581208,1616.3408721024994,0.1429443666514978,-0.4069071678174012,False,False,,
114,0.5800320000000001,725869.0,1823.791457286432,1818.0,1841.793730063727,1616.3408721024994,0.1394834851066803,-0.3905852301312063,False,False,,
115,0.5851200000000001,723564.0,1818.0,1816.9723618090452,1840.9633935217305,1616.3408721024994,0.1389697713496826,-0.1677330695905983,False,False,,
116,0.5902080000000001,723155.0,1816.9723618090452,1814.8467336683416,1839.0348758722891,1616.3408721024994,0.1377766333905264,0.0239562726072577,False,False,,
117,0.595296,716500.0,1800.251256281407,1816.9723618090452,1841.357423531764,1616.3408721024994,0.139213550379734,0.0239330623305153,False,False,,
118,0.600384,719745.0,1808.4045226130656,1814.8467336683416,1839.4285241223668,1616.3408721024994,0.1380201762328017,-0.4453658468535959,False,False,,
119,0.605472,722309.0,1814.8467336683416,1809.2537688442212,1834.0320974269337,1616.3408721024994,0.1346815075221518,-0.3677874280401809,False,False,,
120,0.6105600000000001,723290.0,1817.3115577889448,1808.4045226130656,1833.379198906514,1616.3408721024994,0.1342775713650648,-0.0277689837370846,False,False,,
121,0.6156480000000001,720083.0,1809.2537688442212,1808.4045226130656,1833.5753563837868,1616.3408721024994,0.1343989303436432,-0.2975645403869293,False,False,,
122,0.6207360000000001,715780.0,1798.4422110552764,1803.1180904522616,1828.484891651102,1616.3408721024994,0.1312495546020875,-0.5818721819059753,False,False,,
123,0.625824,717641.0,1803.1180904522616,1798.4422110552764,1824.004789817214,1616.3408721024994,0.1284777990205681,-0.2973051960740402,False,False,,
124,0.630912,715539.0,1797.8366834170854,1797.8366834170854,1823.59485006105,1616.3408721024994,0.128224176926838,-0.5545744456283934,False,False,,
125,0.636,711994.0,1788.929648241206,1788.929648241206,1814.8832132699024,1616.3408721024994,0.1228344494618535,-0.6092852071670762,False,False,,
126,0.6410880000000001,711395.0,1787.4246231155778,1787.4246231155778,1813.5733972153064,1616.3408721024994,0.1220240906587059,-0.0677774761431617,False,False,,
127,0.6461760000000001,711046.0,1786.5477386934674,1787.4246231155778,1813.7684171560584,1616.3408721024994,0.1221447458646207,-0.0296107065497963,False,False,,
128,0.6512640000000001,708595.0,1780.389447236181,1786.5477386934674,1813.08636372766,1616.3408721024994,0.1217227721088552,-0.0763779319695476,False,False,,
129,0.656352,710740.0,1785.7788944723618,1785.7788944723618,1812.5121617362904,1616.3408721024994,0.1213675240288986,-0.0759425967577964,False,False,,
130,0.66144,711851.0,1788.570351758794,1784.9095477386934,1811.837268651267,1616.3408721024994,0.1209499802442479,-0.2410980212170557,False,False,,
131,0.6665280000000001,709007.0,1781.4246231155778,1781.4246231155778,1808.5466092784145,1616.3408721024994,0.1189141105649938,-0.1882662963771331,False,False,,
132,0.6716160000000001,710394.0,1784.9095477386934,1781.4246231155778,1808.7406863128272,1616.3408721024994,0.1190341824123141,-0.3127877760909072,False,False,,
133,0.6767040000000001,706207.0,1774.389447236181,1775.891959798995,1803.4019119971615,1616.3408721024994,0.1157311821554927,-0.404160525457284,False,False,,
134,0.6817920000000001,706805.0,1775.891959798995,1774.389447236181,1802.093100583948,1616.3408721024994,0.1149214449052608,-0.119898812932897,False,False,,
135,0.68688,703433.0,1767.4195979899498,1773.532663316583,1801.4298301446345,1616.3408721024994,0.1145110918350876,-0.4002344305917571,False,False,,
136,0.691968,705866.0,1773.532663316583,1767.4195979899498,1795.5100908107952,1616.3408721024994,0.1108486593395591,-0.6468102818720105,False,False,,
137,0.6970560000000001,701478.0,1762.5075376884422,1762.5075376884422,1790.7911691962404,1616.3408721024994,0.1079291504067579,-0.527528248854809,False,False,,
138,0.7021440000000001,698105.0,1754.032663316583,1758.356783919598,1786.8333669899812,1616.3408721024994,0.1054805318792125,-0.4918053798505557,False,False,,
139,0.7072320000000001,699826.0,1758.356783919598,1754.032663316583,1782.7020110064802,1616.3408721024994,0.1029245388613987,-0.5926490561709983,False,False,,
140,0.7123200000000001,695642.0,1747.8442211055276,1748.2236180904522,1777.0855436379145,1616.3408721024994,0.0994497350836164,-0.3528400872001782,False,False,,
141,0.717408,693730.0,1743.0402010050252,1747.8442211055276,1776.8985379295525,1616.3408721024994,0.0993340381340497,-0.2917591541907729,False,False,,
142,0.722496,695793.0,1748.2236180904522,1743.0402010050252,1772.2867227053805,1616.3408721024994,0.0964807939305711,-0.2936149170543256,False,False,,
143,0.7275840000000001,690295.0,1734.4095477386934,1742.6306532663316,1772.069193623381,1616.3408721024994,0.0963462127381049,-0.4596866086521896,False,False,,
144,0.7326720000000001,693567.0,1742.6306532663316,1735.0954773869346,1764.7258503614628,1616.3408721024994,0.0918030230009265,-0.4765127119801295,False,False,,
145,0.7377600000000001,688927.0,1730.9723618090452,1734.4095477386934,1764.2315674717308,1616.3408721024994,0.0914972193809952,-0.2273853328062465,False,False,,
146,0.7428480000000001,687936.0,1728.4824120603016,1730.9723618090452,1760.985842621694,1616.3408721024994,0.0894891498542901,-0.3370888788682578,False,False,,
147,0.747936,690568.0,1735.0954773869346,1728.4824120603016,1758.6871684535606,1616.3408721024994,0.0880670029496318,-0.4338078860353391,False,False,,
148,0.753024,685935.0,1723.4547738693468,1723.4547738693468,1753.850620523937,1616.3408721024994,0.0850747208059946,-0.2859596741090424,False,False,,
149,0.7581120000000001,685912.0,1723.3969849246232,1723.3969849246232,1753.983736700815,1616.3408721024994,0.0851570773058982,-0.0122380046742343,False,False,,
150,0.7632000000000001,685703.0,1722.8718592964824,1722.8718592964824,1753.6493312339198,1616.3408721024994,0.0849501868704296,-0.4051566937015511,False,False,,
151,0.7682880000000001,683108.0,1716.3517587939698,1716.3517587939698,1747.3197661114978,1616.3408721024994,0.0810342027907913,-0.5791716797126796,False,False,,
152,0.7733760000000001,681760.0,1712.964824120603,1712.964824120603,1744.1231822160937,1616.3408721024994,0.0790565358576734,-0.6318959789954137,False,False,,
153,0.778464,678719.0,1705.324120603015,1705.5778894472362,1736.9264138974156,1616.3408721024994,0.0746040293085339,-0.4414278905054161,False,False,,
154,0.783552,678820.0,1705.5778894472362,1705.324120603015,1736.862627163289,1616.3408721024994,0.0745645656438903,-0.030222990775794,False,False,,
155,0.7886400000000001,678471.0,1704.7010050251256,1704.7010050251256,1736.4293096294075,1616.3408721024994,0.0742964801543995,-0.6191313987689577,False,False,,
156,0.7937280000000001,673626.0,1692.5276381909548,1694.7613065326634,1726.679225293201,1616.3408721024994,0.0682642845300174,-0.5875326300403083,False,False,,
157,0.7988160000000001,674515.0,1694.7613065326634,1694.6582914572864,1726.7656406644887,1616.3408721024994,0.0683177481111093,-0.0576339037241107,False,False,,
158,0.8039040000000001,674474.0,1694.6582914572864,1693.4346733668342,1725.7312694890993,1616.3408721024994,0.0676778019257209,-0.1065390973007618,False,False,,
159,0.808992,673987.0,1693.4346733668342,1692.5276381909548,1725.0132978744973,1616.3408721024994,0.0672336062569768,-0.841179527515326,False,False,,
160,0.8140800000000001,667418.0,1676.929648241206,1679.2211055276382,1711.8956455963166,1616.3408721024994,0.0591179590537247,-0.9139150856173596,False,False,,
161,0.8191680000000001,667493.0,1677.1180904522614,1677.1180904522614,1709.9813279074065,1616.3408721024994,0.0579336063457343,-0.1163824630396916,False,False,,
162,0.8242560000000001,668330.0,1679.2211055276382,1676.929648241206,1709.9814002614485,1616.3408721024994,0.0579336511098328,-0.1301529948015378,False,False,,
163,0.8293440000000001,666060.0,1673.5175879396984,1674.6005025125628,1707.840586453662,1616.3408721024994,0.0566091694706338,-0.184557405390846,False,False,,
164,0.8344320000000001,664121.0,1668.645728643216,1673.5175879396984,1706.9458213343698,1616.3408721024994,0.0560555949525755,-0.3391717141461834,False,False,,
165,0.83952,666491.0,1674.6005025125628,1668.645728643216,1702.261929200961,1616.3408721024994,0.0531577581074823,-0.3401104233805805,False,False,,
166,0.8446080000000001,661178.0,1661.251256281407,1667.5477386934674,1701.3517243004012,1616.3408721024994,0.0525946312842548,-0.1198540445548248,False,False,,
167,0.8496960000000001,663684.0,1667.5477386934674,1666.2989949748744,1700.290583693555,1616.3408721024994,0.0519381233500924,-0.0531204632957198,False,False,,
168,0.8547840000000001,661849.0,1662.9371859296482,1666.2989949748744,1700.4780050441316,1616.3408721024994,0.0520540774497575,-0.181612893146422,False,False,,
169,0.8598720000000001,663187.0,1666.2989949748744,1662.9371859296482,1697.303435764413,1616.3408721024994,0.0500900305494344,-0.1816349625014552,False,False,,
170,0.8649600000000001,661354.0,1661.6934673366834,1662.9371859296482,1697.4904941207824,1616.3408721024994,0.0502057600713427,-0.052881153333768,False,False,,
171,0.870048,665770.0,1672.788944723618,1661.6934673366834,1696.4336526508089,1616.3408721024994,0.04955191193311,-0.532108237893107,False,False,,
172,0.8751360000000001,658217.0,1653.8115577889448,1653.8115577889448,1688.7384391682726,1616.3408721024994,0.0447910266425424,-0.8764490830155229,False,False,,
173,0.8802240000000001,655468.0,1646.9045226130654,1646.9045226130654,1682.0179191752268,1616.3408721024994,0.0406331660643439,-0.4811307131349527,False,False,,
174,0.8853120000000001,653174.0,1641.140703517588,1645.5251256281408,1680.8248566660166,1616.3408721024994,0.0398950405056811,-0.0841319726921754,False,False,,
175,0.8904000000000001,654919.0,1645.5251256281408,1645.1482412060302,1680.6341261875812,1616.3408721024994,0.0397770391102284,-0.2439398530554144,False,False,,
176,0.8954880000000001,651532.0,1637.0150753768844,1641.140703517588,1676.8125620856854,1616.3408721024994,0.0374127085609892,-0.2633621692041967,False,False,,
177,0.900576,652897.0,1640.4447236180904,1640.4447236180904,1676.302375590346,1616.3408721024994,0.0370970656764065,-0.2282494925861669,False,False,,
178,0.905664,654769.0,1645.1482412060302,1637.0150753768844,1673.0583407454817,1616.3408721024994,0.0350900417244323,-0.7856890484265806,False,False,,
179,0.910752,647193.0,1626.1130653266332,1627.1507537688442,1663.3794527003686,1616.3408721024994,0.0291018939196176,-0.5771948372782632,False,False,,
180,0.91584,646741.0,1624.9773869346734,1627.1507537688442,1663.5647066041154,1616.3408721024994,0.0292165070602887,-0.0405742216350089,False,False,,
181,0.920928,647606.0,1627.1507537688442,1626.1130653266332,1662.7120925805348,1616.3408721024994,0.0286890106402598,-0.1096431145664977,False,False,,
182,0.926016,644469.0,1619.2688442211056,1624.9773869346734,1661.7613092959853,1616.3408721024994,0.0281007787264601,-0.0563520082259967,False,False,,
183,0.931104,649171.0,1631.0829145728644,1624.8165829145728,1661.7852212458022,1616.3408721024994,0.028115572604552,-0.2441146204720135,False,False,,
184,0.936192,646677.0,1624.8165829145728,1620.5929648241206,1657.746140161334,1616.3408721024994,0.0256166683485368,-0.314863799323168,False,False,,
185,0.94128,642932.0,1615.4070351758794,1619.2688442211056,1656.6063777737604,1616.3408721024994,0.0249115185826394,-0.2928882295986912,False,False,,
186,0.946368,644996.0,1620.5929648241206,1615.4070351758794,1652.9287483266562,1616.3408721024994,0.0226362377241405,-0.2754954095379016,False,False,,
187,0.951456,642519.0,1614.3693467336684,1614.3693467336684,1652.075061038303,1616.3408721024994,0.0221080772951817,-0.3095823594959082,False,False,,
188,0.956544,640759.0,1609.9472361809046,1609.9472361809046,1647.83677336802,1616.3408721024994,0.0194859276339102,-0.6016792797945076,False,False,,
189,0.961632,636501.0,1599.248743718593,1604.105527638191,1642.1787096091305,1616.3408721024994,0.0159853889439928,-0.3328450433713377,False,False,,
190,0.96672,638434.0,1604.105527638191,1604.105527638191,1642.3621764668503,1616.3408721024994,0.0160988964725635,-0.1216009379837075,False,False,,
191,0.971808,635150.0,1595.854271356784,1601.7386934673366,1640.1786313999976,1616.3408721024994,0.0147479777990706,-0.2730067343633864,False,False,,
192,0.976896,637492.0,1601.7386934673366,1599.248743718593,1637.8717931737551,1616.3408721024994,0.0133207799436817,-0.1592228443363335,False,False,,
193,0.981984,639554.0,1606.9195979899498,1598.7537688442212,1637.5597524124364,1616.3408721024994,0.0131277261351041,-0.0286354407705309,False,False,,
194,0.987072,636304.0,1598.7537688442212,1598.4120603015076,1637.4008007452123,1616.3408721024994,0.0130293856984007,0.0014365459650464,False,False,,
195,0.9921600000000002,636168.0,1598.4120603015076,1598.4120603015076,1637.5833805548566,1616.3408721024994,0.0131423444268444,-0.5625712903435082,False,False,,
196,0.997248,631741.0,1587.288944723618,1588.7939698492462,1628.1476930179465,1616.3408721024994,0.0073046602478653,-0.6540954449054572,False,False,,
197,1.002336,632340.0,1588.7939698492462,1587.288944723618,1626.8248940847625,1616.3408721024994,0.0064862691794865,-0.0921164744295203,False,False,,
198,1.007424,631592.0,1586.9145728643216,1586.9145728643216,1626.6325718662222,1616.3408721024994,0.0063672830040705,-0.0006352767300149,False,False,,
199,1.012512,629365.0,1581.319095477387,1586.9145728643216,1626.8144451263452,1616.3408721024994,0.0064798046034819,-0.1022414644400336,False,False,,
200,1.0176,630778.0,1584.8693467336684,1584.8693467336684,1624.950916046069,1616.3408721024994,0.0053268738619287,-0.1147891204519869,False,False,,
201,1.022688,630696.0,1584.6633165829146,1584.6633165829146,1624.9264069066703,1616.3408721024994,0.0053117105137625,-0.1937869311076177,False,False,,
202,1.027776,631645.0,1587.0477386934674,1581.319095477387,1621.7635309440316,1616.3408721024994,0.0033548980509776,-0.2989065141196638,False,False,,
203,1.032864,627531.0,1576.711055276382,1579.3844221105528,1620.0100270220123,1616.3408721024994,0.0022700378260808,-0.2581412086062575,False,False,,
204,1.0379520000000002,628595.0,1579.3844221105528,1576.711055276382,1617.5176541048102,1616.3408721024994,0.0007280531122003,-0.492494884432675,False,False,,
205,1.0430400000000002,625084.0,1570.5628140703518,1570.9221105527638,1611.9095279403757,1616.3408721024994,-0.002741590117906,-0.3518251359364324,False,False,,
206,1.0481280000000002,625227.0,1570.9221105527638,1570.5628140703518,1611.7308748292592,1616.3408721024994,-0.0028521194710888,-0.0144017440190275,False,False,,
207,1.0532160000000002,620620.0,1559.3467336683418,1570.324120603015,1611.6726497150626,1616.3408721024994,-0.0028881422650436,-0.2235501189567865,False,False,,
208,1.058304,623477.0,1566.5251256281408,1566.5251256281408,1608.0539482447418,1616.3408721024994,-0.005126965481593,-0.2090592623084471,False,False,,
209,1.063392,622959.0,1565.2236180904522,1566.5251256281408,1608.2340670701117,1616.3408721024994,-0.0050155293182944,-0.0421148792274707,False,False,,
210,1.06848,624989.0,1570.324120603015,1565.4723618090452,1607.361247566443,1616.3408721024994,-0.0055555264926117,-0.0421360886910255,False,False,,
211,1.073568,623058.0,1565.4723618090452,1565.4723618090452,1607.541017541001,1616.3408721024994,-0.0054443061568143,0.006725610039712,False,False,,
212,1.078656,623916.0,1567.6281407035176,1565.2236180904522,1607.4718696250106,1616.3408721024994,-0.0054870866848476,-0.0507329513289643,False,False,,
213,1.083744,622520.0,1564.1206030150754,1564.2788944723618,1606.7065678063152,1616.3408721024994,-0.0059605646695378,-0.0452547743451279,False,False,,
214,1.088832,619056.0,1555.4170854271356,1564.1206030150754,1606.7275243138006,1616.3408721024994,-0.0059475992685837,-0.5169957675092313,False,False,,
215,1.09392,618117.0,1553.0577889447236,1555.4170854271356,1598.2030810244312,1616.3408721024994,-0.0112215135997117,-0.5549011123517789,False,False,,
216,1.0990080000000002,622583.0,1564.2788944723618,1554.6356783919598,1597.6005747898826,1616.3408721024994,-0.0115942729878752,-0.1216976070630762,False,False,,
217,1.1040960000000002,615789.0,1547.2085427135678,1553.0577889447236,1596.2014128134251,1616.3408721024994,-0.0124599084491856,-0.4298336242903406,False,False,,
218,1.1091840000000002,618745.0,1554.6356783919598,1547.2085427135678,1590.530720891133,1616.3408721024994,-0.0159682599486537,-0.4185505021502607,False,False,,
219,1.1142720000000002,614998.0,1545.2211055276382,1545.8165829145728,1589.3171424068555,1616.3408721024994,-0.0167190783590666,-0.0991524084306219,False,False,,
220,1.11936,614283.0,1543.4246231155778,1545.2211055276382,1588.8998735080995,1616.3408721024994,-0.0169772348568437,-0.0145449140618374,False,False,,
221,1.124448,613901.0,1542.464824120603,1545.2211055276382,1589.077909337184,1616.3408721024994,-0.0168670874045599,-0.0875847119983592,False,False,,
222,1.129536,615235.0,1545.8165829145728,1543.4246231155778,1587.4592902623965,1616.3408721024994,-0.017868496886139,-0.1459596233102225,False,False,,
223,1.134624,613214.0,1540.7386934673366,1542.464824120603,1586.6771822800033,1616.3408721024994,-0.0183523725313647,-0.1417033145151942,False,False,,
224,1.139712,615089.0,1545.4497487437186,1540.7386934673366,1585.128570481586,1616.3408721024994,-0.0193104698146457,-0.614971694113505,False,False,,
225,1.1448,609734.0,1531.9949748743718,1531.9949748743718,1576.5621987525344,1616.3408721024994,-0.0246103244906637,-0.5644293605156077,False,False,,
226,1.149888,609378.0,1531.1005025125628,1531.1005025125628,1575.8449014303378,1616.3408721024994,-0.0250541029872525,-0.3596003925348454,False,False,,
227,1.1549760000000002,607239.0,1525.7261306532664,1525.7261306532664,1570.6475329528266,1616.3408721024994,-0.0282696180850985,-0.5122275202275963,False,False,,
228,1.1600640000000002,605124.0,1520.4120603015076,1522.321608040201,1567.419842230032,1616.3408721024994,-0.0302665302330886,-0.2061192789608257,False,False,,
229,1.1651520000000002,605884.0,1522.321608040201,1521.9824120603016,1567.25730681504,1616.3408721024994,-0.0303670878678038,-0.0185520200403233,False,False,,
230,1.1702400000000002,605622.0,1521.6633165829146,1521.6633165829146,1567.1147007431875,1616.3408721024994,-0.030455315589019,-0.042097711963954,False,False,,
231,1.1753280000000002,605333.0,1520.9371859296482,1520.9371859296482,1566.564888501912,1616.3408721024994,-0.030795474184749,-0.0227180980196011,False,False,,
232,1.180416,605749.0,1521.9824120603016,1520.9371859296482,1566.741036086028,1616.3408721024994,-0.0306864949544664,-0.5471605889942683,False,False,,
233,1.185504,601611.0,1511.5854271356784,1511.5854271356784,1557.5652542138082,1616.3408721024994,-0.0363633803383547,-0.5716227746564106,False,False,,
234,1.190592,601451.0,1511.1834170854272,1511.1834170854272,1557.3390505882885,1616.3408721024994,-0.03650332830937,-0.1863852381454385,False,False,,
235,1.19568,597165.0,1500.4145728643216,1508.1683417085428,1554.4996113043046,1616.3408721024994,-0.0382600365217227,-0.6077153277054861,False,False,,
236,1.200768,600251.0,1508.1683417085428,1500.8366834170854,1547.3434189389448,1616.3408721024994,-0.042687439484101,-0.424425180645676,False,False,,
237,1.205856,597333.0,1500.8366834170854,1500.8366834170854,1547.518714863107,1616.3408721024994,-0.042578987159973,0.0138197973267706,False,False,,
238,1.210944,597284.0,1500.713567839196,1500.713567839196,1547.5707253721534,1616.3408721024994,-0.0425468092265038,0.0137991557724719,False,False,,
239,1.2160320000000002,594392.0,1493.4472361809046,1500.713567839196,1547.7456817864106,1616.3408721024994,-0.0424385669508323,-0.420515370706795,False,False,,
240,1.2211200000000002,597566.0,1501.4221105527638,1493.4472361809046,1540.6541370340867,1616.3408721024994,-0.046825973638816,-0.7818110637864919,False,False,,
241,1.2262080000000002,590922.0,1484.7286432160804,1487.5050251256282,1534.886543540718,1616.3408721024994,-0.0503942763359237,-0.383130593045573,False,False,,
242,1.2312960000000002,592027.0,1487.5050251256282,1486.7964824120604,1534.3524492090694,1616.3408721024994,-0.0507247105536478,-0.1475967398801465,False,False,,
243,1.236384,591745.0,1486.7964824120604,1484.7286432160804,1532.4588893789312,1616.3408721024994,-0.051896220760944,-0.2261354199144154,False,False,,
244,1.241472,590126.0,1482.7286432160804,1482.7286432160804,1530.6329998924489,1616.3408721024994,-0.0530258645866969,-0.2929116352069112,False,False,,
245,1.24656,588866.0,1479.5628140703518,1479.5628140703518,1527.6411125715078,1616.3408721024994,-0.0548768895608095,-0.3126380512580251,False,False,,
246,1.251648,587941.0,1477.2386934673366,1477.2386934673366,1525.490765267986,1616.3408721024994,-0.0562072693962985,-0.2649977179094316,False,False,,
247,1.256736,586993.0,1474.856783919598,1474.856783919598,1523.282460657724,1616.3408721024994,-0.0575735063382559,-0.2549360845938437,False,False,,
248,1.261824,586134.0,1472.6984924623116,1472.6984924623116,1521.2976059390166,1616.3408721024994,-0.0588014989931255,-0.2561785992211627,False,False,,
249,1.266912,585178.0,1470.2964824120604,1470.2964824120604,1519.0688645914083,1616.3408721024994,-0.0601803797639305,-0.2920973924660162,False,False,,
250,1.272,584084.0,1467.5477386934674,1467.5477386934674,1516.4932217023252,1616.3408721024994,-0.0617738820588596,-0.5475308832563721,False,False,,
251,1.2770880000000002,581456.0,1460.9447236180904,1460.9447236180904,1510.0631397459706,1616.3408721024994,-0.0657520540319475,-0.3804328941951462,False,False,,
252,1.2821760000000002,580909.0,1459.570351758794,1460.9447236180904,1510.2359053169937,1616.3408721024994,-0.0656451671901897,-0.0625617288046296,False,False,,
253,1.2872640000000002,579820.0,1456.8341708542714,1459.570351758794,1509.0341316430513,1616.3408721024994,-0.0663886821842634,-0.2289366494211426,False,False,,
254,1.2923520000000002,577049.0,1449.8718592964824,1456.8341708542714,1506.4703817003874,1616.3408721024994,-0.0679748265346992,-0.1669368096096644,False,False,,
255,1.29744,582442.0,1463.4221105527638,1456.4798994974874,1506.2883742439826,1616.3408721024994,-0.0680874311588514,-0.1915513166537055,False,False,,
256,1.302528,578429.0,1453.3391959798994,1453.3391959798994,1503.3197677271537,1616.3408721024994,-0.0699240527329673,-0.3808400317809131,False,False,,
257,1.307616,579679.0,1456.4798994974874,1449.8718592964824,1500.024361306578,1616.3408721024994,-0.0719628593222539,-0.4250076545582555,False,False,,
258,1.312704,575510.0,1446.0050251256282,1446.0050251256282,1496.3292908221931,1616.3408721024994,-0.0742489306257521,-0.2763933695506351,False,False,,
259,1.317792,575056.0,1444.8643216080402,1444.9824120603016,1495.4782750283528,1616.3408721024994,-0.0747754382508012,-0.0484971315285038,False,False,,
260,1.32288,574438.0,1443.3115577889448,1444.8643216080402,1495.5316155938276,1616.3408721024994,-0.0747424374361862,-0.080749491597885,False,False,,
261,1.327968,575103.0,1444.9824120603016,1443.3115577889448,1494.150116699795,1616.3408721024994,-0.0755971450773012,-0.4234081686380966,False,False,,
262,1.3330560000000002,571732.0,1436.5125628140704,1437.5577889447236,1488.567446848884,1616.3408721024994,-0.0790510389602476,-0.3925710127055906,False,False,,
263,1.3381440000000002,570436.0,1433.2562814070352,1436.5125628140704,1487.6931539405527,1616.3408721024994,-0.0795919477025935,-0.1684936720113983,False,False,,
264,1.3432320000000002,570089.0,1432.3844221105528,1434.4447236180904,1485.7960823565152,1616.3408721024994,-0.0807656305666356,-0.1772210642079565,False,False,,
265,1.3483200000000002,572148.0,1437.5577889447236,1433.2562814070352,1484.7782423074766,1616.3408721024994,-0.0813953492519737,-0.1045278771692403,False,False,,
266,1.3534080000000002,570909.0,1434.4447236180904,1432.3844221105528,1484.0768198833823,1616.3408721024994,-0.0818293062447098,-0.0322929477200544,False,False,,
267,1.358496,569239.0,1430.248743718593,1432.3844221105528,1484.2470916262853,1616.3408721024994,-0.081723962287973,-0.0170371147191232,False,False,,
268,1.363584,565899.0,1421.856783919598,1431.7638190954774,1483.7965953846144,1616.3408721024994,-0.0820026759240916,-0.0699117869294205,False,False,,
269,1.368672,566005.0,1422.1231155778894,1430.894472361809,1483.0971906146845,1616.3408721024994,-0.0824353846317667,-0.071459407686536,False,False,,
270,1.37376,571268.0,1435.3467336683418,1430.248743718593,1482.6212392852187,1616.3408721024994,-0.0827298468567098,-0.2100318534676244,False,False,,
271,1.378848,569842.0,1431.7638190954774,1427.1005025125628,1479.642610902473,1616.3408721024994,-0.0845726687726533,-0.170792776050991,False,False,,
272,1.383936,569496.0,1430.894472361809,1427.1005025125628,1479.81205939466,1616.3408721024994,-0.0844678341458047,0.0205943085308675,False,False,,
273,1.389024,562770.0,1413.9949748743718,1427.1005025125628,1479.981343714964,1616.3408721024994,-0.0843631010890432,0.0057567302095211,False,False,,
274,1.3941120000000002,567986.0,1427.1005025125628,1426.856783919598,1479.9067454294789,1616.3408721024994,-0.0844092536591926,-0.191169585258919,False,False,,
275,1.3992000000000002,566600.0,1423.6180904522614,1423.6180904522614,1476.8370084157036,1616.3408721024994,-0.0863084427886379,-0.2519875911270262,False,False,,
276,1.4042880000000002,566105.0,1422.3743718592964,1422.3743718592964,1475.7620825811332,1616.3408721024994,-0.0869734793865012,-0.0551011043958471,False,False,,
277,1.4093760000000002,567889.0,1426.856783919598,1422.3743718592964,1475.9307118029585,1616.3408721024994,-0.08686915162697,0.0186616283542928,False,False,,
278,1.4144640000000002,566093.0,1422.3442211055276,1422.3442211055276,1476.0690268928895,1616.3408721024994,-0.0867835786563679,-0.6261540680246576,False,False,,
279,1.419552,561388.0,1410.5226130653266,1411.7386934673366,1465.631801878564,1616.3408721024994,-0.0932408954231889,-0.6243407970324082,False,False,,
280,1.42464,561872.0,1411.7386934673366,1411.7386934673366,1465.7999414407325,1616.3408721024994,-0.0931368706069697,-0.053500142824479,False,False,,
281,1.429728,560682.0,1408.748743718593,1410.5226130653266,1464.751837697177,1616.3408721024994,-0.0937853128765708,-0.0535199416984095,False,False,,
282,1.434816,560323.0,1407.8467336683418,1410.5226130653266,1464.9196516097493,1616.3408721024994,-0.0936814895336927,0.0943310137370208,False,False,,
283,1.439904,562737.0,1413.9120603015076,1411.7386934673366,1466.303383336127,1616.3408721024994,-0.0928254004807829,0.2264478088753847,False,False,,
284,1.444992,560713.0,1408.8266331658292,1413.9120603015076,1468.644239063986,1616.3408721024994,-0.0913771566305768,0.1760175896085236,False,False,,
285,1.45008,562891.0,1414.2989949748744,1414.2989949748744,1469.1985003577347,1616.3408721024994,-0.0910342454889266,0.4653234586030947,False,False,,
286,1.4551680000000002,565650.0,1421.2311557788944,1421.2311557788944,1476.2978256660497,1616.3408721024994,-0.0866420251158314,1.521632405665403,True,False,286.0,1.0
287,1.4602560000000002,572719.0,1438.9924623115578,1438.9924623115578,1494.2261347439894,1616.3408721024994,-0.0755501141288754,1.2442023342200228,False,False,,
288,1.4653440000000002,573662.0,1441.3618090452262,1441.3618090452262,1496.762322220831,1616.3408721024994,-0.0739810221628085,0.2400976051935108,False,False,,
289,1.4704320000000002,574158.0,1442.608040201005,1442.608040201005,1498.1752324744434,1616.3408721024994,-0.0731068808984263,0.5472763563048479,False,False,,
290,1.4755200000000002,577112.0,1450.0301507537688,1450.0301507537688,1505.763860636313,1616.3408721024994,-0.0684119379610504,0.998354126956226,False,False,,
291,1.480608,580561.0,1458.6959798994974,1458.6959798994974,1514.5960460588797,1616.3408721024994,-0.0629476293025198,1.3779406934420804,False,False,,
292,1.485696,586372.0,1473.2964824120604,1472.3618090452262,1528.4280703054872,1616.3408721024994,-0.0543900134645838,0.9078815880403086,False,False,,
293,1.490784,586000.0,1472.3618090452262,1473.2964824120604,1529.5287777533974,1616.3408721024994,-0.0537090262626216,0.0927398666463599,False,False,,
294,1.495872,586475.0,1473.5552763819096,1473.5552763819096,1529.953444940526,1616.3408721024994,-0.0534462925815905,0.3640203421297574,False,False,,
295,1.50096,588623.0,1478.9522613065326,1478.9522613065326,1535.516142374486,1616.3408721024994,-0.0500047552611092,0.3873729407792901,False,False,,
296,1.506048,588879.0,1479.5954773869346,1479.5954773869346,1536.3249104119864,1616.3408721024994,-0.0495043855362205,0.7466426518901086,False,False,,
297,1.5111360000000005,593379.0,1490.9020100502512,1490.9020100502512,1547.796834635715,1616.3408721024994,-0.042406919635475,1.0778047215103768,False,False,,
298,1.5162240000000002,595803.0,1496.9924623115578,1496.9924623115578,1554.0525182161496,1616.3408721024994,-0.0385366446901305,0.653420677850121,False,False,,
299,1.5213120000000002,601392.0,1511.035175879397,1501.319095477387,1558.544222615074,1616.3408721024994,-0.0357577108176722,0.3425366078100889,False,False,,
300,1.5264000000000002,597914.0,1502.2964824120604,1502.2964824120604,1559.686520851911,1616.3408721024994,-0.0350509921690551,0.2733173324170499,False,False,,
301,1.5314880000000002,599183.0,1505.4849246231156,1505.4849246231156,1563.0397145891484,1616.3408721024994,-0.0329764336429963,0.5513193371618326,False,False,,
302,1.5365760000000002,597525.0,1501.319095477387,1511.035175879397,1568.7545577504316,1616.3408721024994,-0.0294407665940963,0.8479579616354331,False,False,,
303,1.541664,604603.0,1519.1030150753768,1519.1030150753768,1576.986829384883,1616.3408721024994,-0.0243476134253942,0.701900953667085,False,False,,
304,1.546752,606367.0,1523.535175879397,1522.251256281407,1580.299343717356,1616.3408721024994,-0.0222982224895801,0.2894322268094558,False,False,,
305,1.55184,605856.0,1522.251256281407,1523.535175879397,1581.7473772841104,1616.3408721024994,-0.0214023510853812,0.516260033697437,False,False,,
306,1.556928,610928.0,1534.9949748743718,1530.4145728643216,1588.790729234323,1616.3408721024994,-0.017044760386675,0.7166605481933961,False,False,,
307,1.562016,609105.0,1530.4145728643216,1534.9949748743718,1593.5349273602365,1616.3408721024994,-0.0141096133469652,0.2983870346515973,False,False,,
308,1.567104,611392.0,1536.1608040201006,1534.9949748743718,1593.6985647805784,1616.3408721024994,-0.0140083739220603,0.0907682337612121,False,False,,
309,1.5721920000000005,611816.0,1537.2261306532664,1536.1608040201006,1595.027872804881,1616.3408721024994,-0.0131859558002111,0.1555187911562938,False,False,,
310,1.5772800000000002,611909.0,1537.4597989949748,1537.2261306532664,1596.256519928458,1616.3408721024994,-0.0124258147032538,0.0988259432262772,False,False,,
311,1.5823680000000002,609598.0,1531.6532663316582,1537.4597989949748,1596.65335052587,1616.3408721024994,-0.0121803030019405,0.6586685343732778,False,False,,
312,1.5874560000000002,615998.0,1547.7336683417086,1547.7336683417086,1607.090224046908,1616.3408721024994,-0.0057232036974714,1.3269700511158329,False,False,,
313,1.5925440000000002,620466.0,1558.9597989949748,1558.9597989949748,1618.4792009462374,1616.3408721024994,0.0013229442382141,0.7321072179134905,False,False,,
314,1.5976320000000002,620661.0,1559.4497487437186,1559.4497487437186,1619.1318391658135,1616.3408721024994,0.0017267193520162,0.1234960911574014,False,False,,
315,1.60272,621847.0,1562.429648241206,1560.6658291457286,1620.5104504162875,1616.3408721024994,0.0025796404618318,0.1870246881026332,False,False,,
316,1.607808,621756.0,1562.2010050251256,1562.2010050251256,1622.2079996744935,1616.3408721024994,0.0036298825781486,0.1269712532800546,False,False,,
317,1.612896,621145.0,1560.6658291457286,1562.429648241206,1622.5988589522954,1616.3408721024994,0.0038716999352096,0.135659397751139,False,False,,
318,1.617984,622515.0,1564.108040201005,1564.108040201005,1624.439309809145,1616.3408721024994,0.0050103526096641,0.6489106166605655,False,False,,
319,1.623072,627117.0,1575.6708542713568,1572.7788944723618,1633.2720659651532,1616.3408721024994,0.0104750143703475,0.6139097173297142,False,False,,
320,1.6281600000000005,625966.0,1572.7788944723618,1573.8819095477386,1634.5368260649043,1616.3408721024994,0.0112574978932112,0.1954836865196267,False,False,,
321,1.6332480000000005,626405.0,1573.8819095477386,1575.6708542713568,1636.4873591045964,1616.3408721024994,0.0124642563643713,0.5063292542386231,False,False,,
322,1.6383360000000002,629591.0,1581.8869346733668,1581.8869346733668,1642.8648712662075,1616.3408721024994,0.0164099043843434,0.4979084804770413,False,False,,
323,1.6434240000000002,632416.0,1588.9849246231156,1583.537688442211,1644.676900389862,1616.3408721024994,0.0175309730617056,0.4511452101536195,False,False,,
324,1.6485120000000002,630248.0,1583.537688442211,1588.9849246231156,1650.28525567232,1616.3408721024994,0.0210007580428666,0.7369383532592098,False,False,,
325,1.6536000000000002,637594.0,1601.9949748743718,1595.3366834170854,1656.797977465974,1616.3408721024994,0.0250300577444713,0.6359456662705623,False,False,,
326,1.6586880000000002,636451.0,1599.1231155778894,1599.1231155778894,1660.7452166758335,1616.3408721024994,0.0274721411428359,0.3178824247134222,False,False,,
327,1.663776,634944.0,1595.3366834170854,1600.2437185929648,1662.026470940431,1616.3408721024994,0.0282648292983551,0.0989598080255,False,False,,
328,1.668864,636897.0,1600.2437185929648,1600.429648241206,1662.3728961896077,1616.3408721024994,0.0284791561493033,0.0308103662643555,False,False,,
329,1.673952,636971.0,1600.429648241206,1600.429648241206,1662.533236292759,1616.3408721024994,0.0285783555854612,0.6983484018930421,False,False,,
330,1.67904,641686.0,1612.2763819095478,1611.5954773869346,1673.8592501945102,1616.3408721024994,0.0355855494869669,0.7397272169004498,False,False,,
331,1.684128,642623.0,1614.6306532663316,1612.2763819095478,1674.700184276527,1616.3408721024994,0.0361058197446401,0.2039824579380291,False,False,,
332,1.6892160000000005,641415.0,1611.5954773869346,1614.6306532663316,1677.2143301464585,1616.3408721024994,0.0376612749789444,0.1669959302564119,False,False,,
333,1.6943040000000005,644968.0,1620.5226130653266,1614.7035175879396,1677.4469140851777,1616.3408721024994,0.0378051703309294,0.2720753130510696,False,False,,
334,1.6993920000000002,645305.0,1621.3693467336684,1618.786432160804,1681.689393529188,1616.3408721024994,0.0404299133645521,0.3731829794639392,False,False,,
335,1.7044800000000002,642652.0,1614.7035175879396,1620.5226130653266,1683.5849847088195,1616.3408721024994,0.0416026803299545,0.1629677734075523,False,False,,
336,1.7095680000000002,644277.0,1618.786432160804,1621.1482412060302,1684.3698686783766,1616.3408721024994,0.0420882734267473,0.0708353110234165,False,False,,
337,1.7146560000000002,645217.0,1621.1482412060302,1621.3693467336684,1684.7500757382495,1616.3408721024994,0.0423235004549288,0.4365216614287472,False,False,,
338,1.7197440000000002,652575.0,1639.6356783919598,1628.0100502512562,1691.5497266409452,1616.3408721024994,0.0465303178534462,1.0762577188644222,False,False,,
339,1.724832,647948.0,1628.0100502512562,1638.7537688442212,1702.4522386212384,1616.3408721024994,0.0532754990020931,0.7261153196339452,False,False,,
340,1.72992,653641.0,1642.3140703517588,1639.6356783919598,1703.4927877077275,1616.3408721024994,0.0539192673460412,0.1506533782970223,False,False,,
341,1.735008,653084.0,1640.9145728643216,1640.9145728643216,1704.93016801932,1616.3408721024994,0.0548085477796436,0.1440660600483925,False,False,,
342,1.740096,652224.0,1638.7537688442212,1641.6884422110552,1705.862369654678,1616.3408721024994,0.0553852835730937,0.1043300517138314,False,False,,
343,1.745184,653392.0,1641.6884422110552,1642.3140703517588,1706.6461766821683,1616.3408721024994,0.0558702103858835,0.6206369084255297,False,False,,
344,1.7502720000000005,657329.0,1651.5804020100502,1651.5804020100502,1716.0705339740346,1616.3408721024994,0.0617008847532322,0.7953746057791626,False,False,,
345,1.7553600000000005,662670.0,1665.0,1655.0804020100502,1719.7284065028775,1616.3408721024994,0.0639639423742926,0.4851024203230736,False,False,,
346,1.7604480000000002,658722.0,1655.0804020100502,1659.2437185929648,1724.0494426582409,1616.3408721024994,0.0666372869824398,0.493943853804927,False,False,,
347,1.7655360000000002,660379.0,1659.2437185929648,1662.889447236181,1727.8527380657042,1616.3408721024994,0.0689903150306115,0.2408035793237477,False,False,,
348,1.7706240000000002,666311.0,1674.1482412060302,1662.889447236181,1728.0101521698002,1616.3408721024994,0.0690877042056382,0.0191316817577966,False,False,,
349,1.7757120000000002,663321.0,1666.6356783919598,1662.889447236181,1728.1674137616512,1616.3408721024994,0.0691849990241788,0.2468768504569638,False,False,,
350,1.7808000000000002,661830.0,1662.889447236181,1666.6356783919598,1732.070754144799,1616.3408721024994,0.0715999230358883,0.4885231082889971,False,False,,
351,1.785888,661566.0,1662.2261306532664,1670.610552763819,1736.2025855271652,1616.3408721024994,0.0741562101741277,0.2607409036435575,False,False,,
352,1.790976,664903.0,1670.610552763819,1670.610552763819,1736.3593904682866,1616.3408721024994,0.0742532224713651,0.0755784845878038,False,False,,
353,1.796064,668168.0,1678.8140703517588,1671.5402010050252,1737.4456917285631,1616.3408721024994,0.0749252968332932,0.5177973945612884,False,False,,
354,1.801152,665273.0,1671.5402010050252,1678.8140703517588,1744.876062319507,1616.3408721024994,0.0795223287584208,0.608517808449478,False,False,,
355,1.8062400000000003,669318.0,1681.7035175879396,1681.2361809045226,1747.4545224886697,1616.3408721024994,0.081117574052075,0.1946751842956997,False,False,,
356,1.8113280000000005,670300.0,1684.1708542713568,1681.7035175879396,1748.0780573075797,1616.3408721024994,0.0815033434338139,0.1190410568924473,False,False,,
357,1.8164160000000005,672566.0,1689.8643216080402,1682.8819095477386,1749.4124960687304,1616.3408721024994,0.0823289358470126,0.1689748649653566,False,False,,
358,1.821504,669132.0,1681.2361809045226,1684.1708542713568,1750.8573364061806,1616.3408721024994,0.0832228316597013,0.4434644559788268,False,False,,
359,1.826592,669787.0,1682.8819095477386,1689.8643216080402,1756.7065483156553,1616.3408721024994,0.0868416301510531,0.5577098487327703,False,False,,
360,1.83168,675113.0,1696.2638190954774,1693.032663316583,1760.0304837022868,1616.3408721024994,0.088898087080406,0.4079876659875765,False,False,,
361,1.836768,673827.0,1693.032663316583,1696.2638190954774,1763.417082410763,1616.3408721024994,0.0909933126401427,0.3500736743694403,False,False,,
362,1.841856,675995.0,1698.4798994974874,1698.4798994974874,1765.788455139902,1616.3408721024994,0.0924604367907894,0.1791180228226032,False,False,,
363,1.846944,676507.0,1699.7663316582914,1698.8994974874372,1766.363195000441,1616.3408721024994,0.0928160176403855,0.097068140914482,False,False,,
364,1.852032,676162.0,1698.8994974874372,1699.7663316582914,1767.3850207311157,1616.3408721024994,0.0934482021927352,0.1094233534879922,False,False,,
365,1.85712,676755.0,1700.389447236181,1700.389447236181,1768.1629777036871,1616.3408721024994,0.0939295096854793,0.0767146717129847,False,False,,
366,1.862208,679104.0,1706.2914572864322,1700.7185929648242,1768.6468148073627,1616.3408721024994,0.0942288506920865,0.3440247305433264,False,False,,
367,1.8672960000000005,676886.0,1700.7185929648242,1705.7386934673366,1773.8214568106062,1616.3408721024994,0.0974303053434883,0.3576020683550176,False,False,,
368,1.8723840000000005,678884.0,1705.7386934673366,1706.2914572864322,1774.5286124013385,1616.3408721024994,0.0978678093396673,0.1380691533562785,False,False,,
369,1.8774720000000005,680700.0,1710.3015075376884,1707.7010050251256,1776.092402327641,1616.3408721024994,0.0988352970480418,0.2625495777923117,False,False,,
370,1.88256,684074.0,1718.7788944723618,1710.3015075376884,1778.846997588711,1616.3408721024994,0.1005395138432819,0.6922425495776263,False,False,,
371,1.887648,679665.0,1707.7010050251256,1718.7788944723618,1787.4783279775756,1616.3408721024994,0.1058795572325437,0.5341188150250353,False,False,,
372,1.892736,684717.0,1720.394472361809,1718.7788944723618,1787.632122282096,1616.3408721024994,0.1059747069049766,0.0301486679617166,False,False,,
373,1.897824,684149.0,1718.967336683417,1718.967336683417,1787.974209792506,1616.3408721024994,0.1061863500777221,0.09047037271662,False,False,,
374,1.902912,684544.0,1719.9597989949748,1719.9597989949748,1789.1201685426183,1616.3408721024994,0.106895333417741,0.105422664921484,False,False,,
375,1.908,683829.0,1718.1633165829146,1720.394472361809,1789.7081896314317,1616.3408721024994,0.1072591311159632,0.4602638028138184,False,False,,
376,1.913088,687435.0,1727.2236180904522,1727.2236180904522,1796.6905345095645,1616.3408721024994,0.1115789778751744,0.5074482841003203,False,False,,
377,1.918176,687917.0,1728.4346733668342,1728.4346733668342,1798.0546405068922,1616.3408721024994,0.112422924854968,0.2063422084088522,False,False,,
378,1.923264,688664.0,1730.3115577889448,1730.3115577889448,1800.0844273652117,1616.3408721024994,0.1136787161879428,0.1574412986401956,False,False,,
379,1.9283520000000005,691482.0,1737.391959798995,1730.7185929648242,1800.6442168362296,1616.3408721024994,0.1140250475099306,0.4490402705867549,False,False,,
380,1.9334400000000005,688826.0,1730.7185929648242,1737.391959798995,1807.470189967997,1616.3408721024994,0.1182481499814336,0.4531467770133766,False,False,,
381,1.9385280000000005,693849.0,1743.3391959798994,1737.8668341708542,1808.0975227832996,1616.3408721024994,0.1186362691128187,0.0521363695066838,False,False,,
382,1.943616,691671.0,1737.8668341708542,1737.9447236180904,1808.327722963076,1616.3408721024994,0.1187786896775336,0.3512205859052475,False,False,,
383,1.948704,695751.0,1748.1180904522614,1743.3391959798994,1813.8743584896336,1616.3408721024994,0.1222102897949905,0.3652564811155052,False,False,,
384,1.953792,691702.0,1737.9447236180904,1743.6482412060302,1814.3354194556937,1616.3408721024994,0.122495539629365,0.1347251964518481,False,False,,
385,1.95888,693972.0,1743.6482412060302,1745.251256281407,1816.090302989014,1616.3408721024994,0.1235812533940845,0.2006991945213627,False,False,,
386,1.963968,695165.0,1746.645728643216,1746.645728643216,1817.6364966694769,1616.3408721024994,0.1245378546328143,0.1032210543697598,False,False,,
387,1.969056,696850.0,1750.8793969849246,1746.645728643216,1817.7880709913984,1616.3408721024994,0.1246316308433512,0.1264225604185362,False,False,,
388,1.974144,694610.0,1745.251256281407,1748.4221105527638,1819.7158803685547,1616.3408721024994,0.1258243306076334,0.2758030375109879,False,False,,
389,1.979232,695872.0,1748.4221105527638,1750.8793969849246,1822.324447556292,1616.3408721024994,0.127438202553063,0.4086855573156303,False,False,,
390,1.9843200000000003,698427.0,1754.8417085427136,1754.8417085427136,1826.4378932997697,1616.3408721024994,0.1299831148388773,0.2780587781830412,False,False,,
391,1.9894080000000005,703243.0,1766.9422110552764,1755.1507537688442,1826.897926283706,1616.3408721024994,0.1302677286798538,0.3214245445219479,False,False,,
392,1.9944960000000005,702733.0,1765.6608040201006,1759.8266331658292,1831.7246471524825,1616.3408721024994,0.1332539310039327,0.3026174053792605,False,False,,
393,1.9995840000000005,698550.0,1755.1507537688442,1759.8266331658292,1831.8753424799895,1616.3408721024994,0.1333471633969931,0.0183150999385848,False,False,,
394,2.004672,700411.0,1759.8266331658292,1759.8266331658292,1832.0258918048069,1616.3408721024994,0.1334403054609077,0.0182973551689649,False,False,,
395,2.00976,702262.0,1764.4773869346734,1759.8266331658292,1832.1762952683896,1616.3408721024994,0.1335333572831925,0.0182796275915571,False,False,,
396,2.014848,698510.0,1755.0502512562814,1759.8266331658292,1832.326553012057,1616.3408721024994,0.1336263189512794,0.2568715125083152,False,False,,
397,2.0199360000000004,699617.0,1757.8316582914572,1763.751256281407,1836.4012882925697,1616.3408721024994,0.1361472817944772,0.3010011771700114,False,False,,
398,2.025024,701973.0,1763.751256281407,1764.4773869346734,1837.277385673083,1616.3408721024994,0.1366893069301616,0.3512412199296708,False,False,,
399,2.0301120000000004,704153.0,1769.2286432160804,1769.2286432160804,1842.1784633849584,1616.3408721024994,0.1397215124484817,0.3070762030499772,False,False,,
400,2.0352,706063.0,1774.0276381909548,1769.2286432160804,1842.3281396594205,1616.3408721024994,0.1398141143723984,0.3030868265628559,False,False,,
401,2.0402880000000003,706018.0,1773.9145728643216,1773.9145728643216,1847.163600566753,1616.3408721024994,0.1428057239955856,0.3099433578645527,False,False,,
402,2.045376,709426.0,1782.4773869346734,1774.0276381909548,1847.4260522776067,1616.3408721024994,0.1429680979820283,0.041375386165706,False,False,,
403,2.0504640000000003,702670.0,1765.502512562814,1774.2964824120604,1847.8441381484251,1616.3408721024994,0.1432267599252078,0.0344836394524765,False,False,,
404,2.055552,709642.0,1783.0201005025126,1774.2964824120604,1847.993235203858,1616.3408721024994,0.1433190034970967,0.0181208503008409,False,False,,
405,2.06064,706170.0,1774.2964824120604,1774.2964824120604,1848.1421878051024,1616.3408721024994,0.1434111576978692,0.0181032937319631,False,False,,
406,2.065728,710166.0,1784.3366834170854,1774.2964824120604,1848.2909960921145,1616.3408721024994,0.1435032226141132,0.2363783993139563,False,False,,
407,2.070816,705727.0,1773.1834170854272,1777.8869346733668,1852.03011246602,1616.3408721024994,0.1458165442892882,0.2363608767483214,False,False,,
408,2.0759040000000004,705916.0,1773.6582914572864,1777.8869346733668,1852.1786325438925,1616.3408721024994,0.1459084308959042,0.0206476294247366,False,False,,
409,2.080992,707599.0,1777.8869346733668,1777.929648241206,1852.3697222944263,1616.3408721024994,0.1460266545663143,0.0206301407964684,False,False,,
410,2.0860800000000004,707750.0,1778.2663316582914,1777.929648241206,1852.517954721357,1616.3408721024994,0.1461183632086491,0.0384854749075458,False,False,,
411,2.091168,708224.0,1779.4572864321608,1778.2663316582914,1853.002726948889,1616.3408721024994,0.1464182827589735,0.1108757974755629,False,False,,
412,2.0962560000000003,707616.0,1777.929648241206,1779.4572864321608,1854.341627055865,1616.3408721024994,0.1472466353237604,0.1701288609001086,False,False,,
413,2.101344,710115.0,1784.2085427135678,1780.7688442211056,1855.8009868395857,1616.3408721024994,0.148149514047493,0.3068307663324638,False,False,,
414,2.1064320000000003,708746.0,1780.7688442211056,1784.2085427135678,1859.388344127368,1616.3408721024994,0.1503689452019597,0.3251444451273695,False,False,,
415,2.11152,711437.0,1787.5301507537688,1785.821608040201,1861.1489251886055,1616.3408721024994,0.1514581839211091,0.2198760904561112,False,False,,
416,2.1166080000000003,710757.0,1785.821608040201,1787.5301507537688,1863.0048407146685,1616.3408721024994,0.1526064042984411,0.1217874267534924,False,False,,
417,2.121696,716008.0,1799.0150753768844,1787.5301507537688,1863.1520707435247,1616.3408721024994,0.1526974927757528,0.0221711896414547,False,False,,
418,2.126784,712988.0,1791.427135678392,1787.6005025125628,1863.3695098858743,1616.3408721024994,0.1528320183242325,0.2548058463066915,False,False,,
419,2.1318720000000004,711465.0,1787.6005025125628,1791.427135678392,1867.3430879281616,1616.3408721024994,0.1552903970677698,0.2505112737129664,False,False,,
420,2.13696,710453.0,1785.0577889447236,1791.427135678392,1867.489890435592,1616.3408721024994,0.1553812210455359,-0.1428605159519431,False,False,,
421,2.1420480000000004,713235.0,1792.0477386934674,1788.78391959799,1864.993334631528,1616.3408721024994,0.1538366484574427,-0.2148273025847302,False,False,,
422,2.147136,714490.0,1795.2010050251256,1787.6005025125628,1863.956435729148,1616.3408721024994,0.1531951384144336,0.0178074211703442,False,False,,
423,2.1522240000000004,711245.0,1787.0477386934674,1788.78391959799,1865.2862290420007,1616.3408721024994,0.1540178567752722,0.2881736405585471,False,False,,
424,2.157312,711936.0,1788.78391959799,1792.0477386934674,1868.696282546817,1616.3408721024994,0.1561275933807572,0.407919479105276,False,False,,
425,2.1624000000000003,709182.0,1781.8643216080402,1795.2010050251256,1871.9956416071293,1616.3408721024994,0.1581688453946475,0.1498922682675907,False,False,,
426,2.167488,716677.0,1800.6959798994974,1794.2211055276382,1871.16169329488,1616.3408721024994,0.1576528971026485,0.0233905936838532,False,False,,
427,2.1725760000000003,714527.0,1795.2939698492462,1795.2939698492462,1872.3803673954455,1616.3408721024994,0.1584068680759745,0.1018915458297051,False,False,,
428,2.177664,714778.0,1795.9246231155778,1795.605527638191,1872.8375936940704,1616.3408721024994,0.1586897454730116,0.0366462731445622,False,False,,
429,2.182752,714100.0,1794.2211055276382,1795.605527638191,1872.983121071344,1616.3408721024994,0.1587797805514935,0.0176870013333694,False,False,,
430,2.18784,715749.0,1798.3643216080402,1795.605527638191,1873.1285074529471,1616.3408721024994,0.15886972839858,0.0370702611376447,False,False,,
431,2.192928,714651.0,1795.605527638191,1795.9246231155778,1873.5928484528729,1616.3408721024994,0.1591570075288302,0.1853821537090514,False,False,,
432,2.1980160000000004,712872.0,1791.1356783919598,1798.3643216080402,1876.1776517452824,1616.3408721024994,0.1607561771947233,0.203848892559149,False,False,,
433,2.203104,715997.0,1798.9874371859296,1798.9874371859296,1876.9457315368677,1616.3408721024994,0.1612313738595122,0.1627396286619706,False,False,,
434,2.2081920000000004,716699.0,1800.751256281407,1800.751256281407,1878.8543743959976,1616.3408721024994,0.1624122156559876,0.1248383208209276,False,False,,
435,2.21328,718583.0,1805.4849246231156,1800.751256281407,1878.999057845684,1616.3408721024994,0.162501728612186,0.0175844326714749,False,False,,
436,2.2183680000000003,718231.0,1804.6005025125628,1800.751256281407,1879.143601117348,1616.3408721024994,0.1625911548428525,0.1749091904245574,False,False,,
437,2.223456,717729.0,1803.3391959798992,1803.3391959798992,1881.875944045296,1616.3408721024994,0.1642816045339462,0.2515772000692227,False,False,,
438,2.2285440000000003,715431.0,1797.5653266331658,1804.6005025125628,1883.2815139008871,1616.3408721024994,0.1651512044307569,0.0942184016023297,False,False,,
439,2.233632,714727.0,1795.7964824120604,1804.6005025125628,1883.425637452837,1616.3408721024994,0.1652403709886516,0.059219597746928,False,False,,
440,2.2387200000000003,718504.0,1805.286432160804,1805.286432160804,1884.2555510174689,1616.3408721024994,0.1657538230574297,0.1620094499001503,False,False,,
441,2.243808,719177.0,1806.9773869346736,1806.9773869346736,1886.0903502074568,1616.3408721024994,0.1668889791508354,0.1871977343589002,False,False,,
442,2.248896,720097.0,1809.288944723618,1808.077889447236,1887.3345577710224,1616.3408721024994,0.1676587472022658,0.1580038227387596,False,False,,
443,2.2539840000000004,720801.0,1811.0577889447236,1809.288944723618,1888.6891788683165,1616.3408721024994,0.1684968260510251,0.0910784486280213,False,False,,
444,2.259072,720122.0,1809.3517587939696,1809.288944723618,1888.8326055940329,1616.3408721024994,0.1685855614955046,0.0212506694580554,False,False,,
445,2.2641600000000004,719615.0,1808.077889447236,1809.3517587939696,1889.0387074296689,1616.3408721024994,0.1687130728634303,0.1249571578077493,False,False,,
446,2.269248,720894.0,1811.291457286432,1811.0577889447236,1890.887886519908,1616.3408721024994,0.1698571255333562,0.0173979324783459,False,False,,
447,2.2743360000000004,718497.0,1805.2688442211056,1809.3517587939696,1889.324866617343,1616.3408721024994,0.1688901142243298,-0.1637911260197206,False,False,,
448,2.279424,722203.0,1814.5804020100504,1808.077889447236,1888.193868961875,1616.3408721024994,0.1681903870349795,-0.0840677553797029,False,False,,
449,2.2845120000000003,725642.0,1823.2211055276384,1807.6834170854272,1887.94212986865,1616.3408721024994,0.168034640745586,-0.0066357537826071,False,False,,
450,2.2896,718743.0,1805.8869346733668,1807.6834170854272,1888.0847248486648,1616.3408721024994,0.1681228616044877,0.3882295157607593,False,False,,
451,2.2946880000000003,719458.0,1807.6834170854272,1813.78391959799,1894.3276841866557,1616.3408721024994,0.1719852642979678,0.3882127248282891,False,False,,
452,2.299776,716179.0,1799.4447236180904,1813.78391959799,1894.4700029913488,1616.3408721024994,0.1720733142923406,-0.1120898530809597,False,False,,
453,2.304864,723812.0,1818.6231155778896,1811.6557788944724,1892.4840432055128,1616.3408721024994,0.1708446379530158,0.0172802817430834,False,False,,
454,2.3099520000000004,721886.0,1813.78391959799,1813.78391959799,1894.7542270732936,1616.3408721024994,0.1722491584393583,0.2679410977736012,False,False,,
455,2.31504,724128.0,1819.4170854271356,1815.7788944723616,1896.8911074919736,1616.3408721024994,0.17357120656396,0.1385374785827515,False,False,,
456,2.3201280000000004,721039.0,1811.6557788944724,1815.7788944723616,1897.032875549662,1616.3408721024994,0.1736589158214162,-0.0304307115909381,False,False,,
457,2.325216,722680.0,1815.7788944723616,1814.994974874372,1896.3905866559453,1616.3408721024994,0.1732615436428107,0.0172134103030394,False,False,,
458,2.3303040000000004,723241.0,1817.1884422110552,1815.7788944723616,1897.31599973787,1616.3408721024994,0.17383407948466,0.0171967329165667,False,True,286.0,1.0
459,2.335392,722368.0,1814.994974874372,1814.994974874372,1896.6734365364232,1616.3408721024994,0.1734365375969697,-0.0304807437660237,False,False,,
460,2.3404800000000003,719449.0,1807.6608040201008,1814.994974874372,1896.8146559783936,1616.3408721024994,0.173523907436097,-0.0065142221010603,False,False,,
461,2.345568,723216.0,1817.1256281407036,1814.605527638191,1896.5662913623005,1616.3408721024994,0.1733702488728694,-0.0095860315381379,False,False,,
462,2.3506560000000003,722213.0,1814.605527638191,1814.5552763819096,1896.656986036785,1616.3408721024994,0.173426359979165,-0.0578744959360122,False,False,,
463,2.355744,721722.0,1813.3718592964824,1813.3718592964824,1895.6143783252344,1616.3408721024994,0.1727813180022246,0.0171135880421537,False,False,,
464,2.3608320000000003,721088.0,1811.7788944723616,1814.5552763819096,1896.9384683599544,1616.3408721024994,0.1736005078510821,0.0890465076224344,False,False,,
465,2.36592,722193.0,1814.5552763819096,1814.5552763819096,1897.0790050168384,1616.3408721024994,0.1736874552637905,0.0170804427611841,False,False,,
466,2.371008,720630.0,1810.6281407035176,1814.5552763819096,1897.219405513363,1616.3408721024994,0.1737743184366199,0.0361587721881129,False,False,,
467,2.3760960000000004,724298.0,1819.8442211055276,1814.8693467336684,1897.673740333207,1616.3408721024994,0.1740554069295768,0.0361422396618351,False,False,,
468,2.381184,723728.0,1818.4120603015076,1814.8693467336684,1897.8138689046452,1616.3408721024994,0.1741421018674187,0.2324210688539025,False,False,,
469,2.3862720000000004,722318.0,1814.8693467336684,1818.4120603015076,1901.4965752789408,1616.3408721024994,0.1764205237262343,0.2324045683474942,False,False,,
470,2.39136,726185.0,1824.5854271356784,1818.4120603015076,1901.636432451952,1616.3408721024994,0.176507050754923,-0.0925303599895635,False,False,,
471,2.3964480000000004,722108.0,1814.3417085427136,1816.610552763819,1899.9746465852395,1616.3408721024994,0.1754789347829804,-0.1984088320949375,False,False,,
472,2.401536,726531.0,1825.4547738693468,1814.8693467336684,1898.373026855313,1616.3408721024994,0.1744880424795249,-0.1209764595746989,False,False,,
473,2.4066240000000003,722081.0,1814.2738693467336,1814.3417085427136,1897.9848397249848,1616.3408721024994,0.1742478783303483,-0.0192553863154536,False,False,,
474,2.411712,723011.0,1816.610552763819,1814.2738693467336,1898.0563164810624,1616.3408721024994,0.1742920996683788,-0.1440759295625788,False,False,,
475,2.4168000000000003,720207.0,1809.5653266331656,1811.6934673366832,1895.6150954454024,1616.3408721024994,0.1727817616711193,-0.2253601350912397,False,False,,
476,2.421888,720495.0,1810.288944723618,1810.288944723618,1894.3496189598343,1616.3408721024994,0.1719988349336903,-0.0684930064789632,False,False,,
477,2.426976,716609.0,1800.5251256281408,1810.288944723618,1894.4885303710864,1616.3408721024994,0.1720847768371894,0.0168829148306528,False,False,,
478,2.4320640000000004,721054.0,1811.6934673366832,1810.288944723618,1894.627307196614,1616.3408721024994,0.1721706354750071,0.0168665576480577,False,False,,
479,2.437152,719962.0,1808.9497487437184,1810.288944723618,1894.765949566812,1616.3408721024994,0.1722564109278161,0.0738293322248537,False,False,,
480,2.4422400000000004,720868.0,1811.2261306532664,1811.2261306532664,1895.841643541598,1616.3408721024994,0.1729219227597272,0.1022261851663657,False,False,,
481,2.447328,722884.0,1816.291457286432,1811.6934673366832,1896.4473540752333,1616.3408721024994,0.1732966645880691,0.0168175811258066,False,False,,
482,2.4524160000000004,719794.0,1808.5276381909548,1811.2261306532664,1896.118257177132,1616.3408721024994,0.1730930584652634,-0.0116118912013902,False,False,,
483,2.457504,722979.0,1816.5301507537688,1811.2261306532664,1896.256363027435,1616.3408721024994,0.1731785019832037,-0.0814390432167257,False,False,,
484,2.4625920000000003,721864.0,1813.7286432160804,1809.610552763819,1894.778757183043,1616.3408721024994,0.1722643347614899,-0.1472944448396802,False,False,,
485,2.46768,720225.0,1809.610552763819,1808.5276381909548,1893.833680979624,1616.3408721024994,0.1716796337125151,0.0167525002500887,False,False,,
486,2.4727680000000003,718181.0,1804.4748743718592,1809.610552763819,1895.0543003758364,1616.3408721024994,0.1724348082040349,-0.0850012404907936,False,False,,
487,2.477856,719128.0,1806.854271356784,1806.854271356784,1892.4355903754408,1616.3408721024994,0.1708146610892811,-0.1977536152264605,False,False,,
488,2.4829440000000003,716331.0,1799.8266331658292,1806.0829145728644,1891.8016717107132,1616.3408721024994,0.1704224674154905,-0.1279589407015642,False,False,,
489,2.4880320000000005,720704.0,1810.8140703517588,1804.4748743718592,1890.33093647059,1616.3408721024994,0.1695125509087019,-0.2651527278547725,False,False,,
490,2.49312,718821.0,1806.0829145728644,1801.4472361809048,1887.4404702112188,1616.3408721024994,0.1677242732568404,-0.2537119690817704,False,False,,
491,2.4982080000000004,716222.0,1799.5527638190954,1800.0276381909548,1886.1579112524405,1616.3408721024994,0.1669307779113259,-0.0696534976467333,False,False,,
492,2.503296,716976.0,1801.4472361809048,1800.0276381909548,1886.2948175119625,1616.3408721024994,0.1670154792647872,-0.0122322413684301,False,False,,
493,2.5083840000000004,713775.0,1793.4045226130654,1799.5527638190954,1885.9567167566124,1616.3408721024994,0.1668063026231607,-0.0420363720980176,False,False,,
494,2.513472,716411.0,1800.0276381909548,1799.0628140703518,1885.6034081098776,1616.3408721024994,0.1665877171423178,-0.0131810220341641,False,False,,
495,2.5185600000000004,716027.0,1799.0628140703518,1799.0628140703518,1885.739916825775,1616.3408721024994,0.1666721725429411,-0.0863686843259685,False,False,,
496,2.523648,715353.0,1797.3693467336684,1797.3693467336684,1884.18282594714,1616.3408721024994,0.1657088294106168,-0.0863847585848951,False,False,,
497,2.5287360000000003,714256.0,1794.6130653266332,1797.3693467336684,1884.3190702754796,1616.3408721024994,0.1657931212395813,0.0165587648328227,False,False,,
498,2.533824,718824.0,1806.0904522613064,1797.3693467336684,1884.4551826021252,1616.3408721024994,0.1658773314015557,-0.0518933209971841,False,False,,
499,2.5389120000000003,714905.0,1796.2437185929648,1796.2437185929648,1883.4655349142645,1616.3408721024994,0.1652650548051139,-0.0983480918432775,False,False,,
500,2.544,714601.0,1795.4798994974874,1795.4798994974874,1882.8375645255944,1616.3408721024994,0.1648765412189585,-0.0299280611944254,False,False,,
501,2.549088,717237.0,1802.1030150753768,1795.4798994974874,1882.9732816140097,1616.3408721024994,0.1649605068543994,0.0164946855274976,False,False,,
502,2.5541760000000004,711699.0,1788.1884422110552,1795.4798994974874,1883.108867211553,1616.3408721024994,0.1650443911388863,-0.1714148949018366,False,False,,
503,2.559264,713371.0,1792.389447236181,1792.389447236181,1880.153869184314,1616.3408721024994,0.1632161888838785,-0.296082223956672,False,False,,
504,2.5643520000000004,710737.0,1785.7713567839196,1790.3391959798994,1878.2389409258965,1616.3408721024994,0.1620314584279033,-0.2389662991121657,False,False,,
505,2.56944,717785.0,1803.4798994974872,1788.1884422110552,1876.2233790458629,1616.3408721024994,0.1607844678241131,-0.2612850512378344,False,False,,
506,2.5745280000000004,712555.0,1790.3391959798994,1785.7713567839196,1873.9413545255104,1616.3408721024994,0.1593726217465071,-0.2163898174127769,False,False,,
507,2.579616,710175.0,1784.359296482412,1784.359296482412,1872.6642242756625,1616.3408721024994,0.1585824850421207,-0.1403317272904001,False,False,,
508,2.5847040000000003,704961.0,1771.2587939698492,1783.1934673366834,1871.6331944532492,1616.3408721024994,0.1579446060896,-0.0544970442303949,False,False,,
509,2.589792,709711.0,1783.1934673366834,1783.1934673366834,1871.7678631748788,1616.3408721024994,0.1580279231200321,-0.4157880087073895,False,False,,
510,2.5948800000000003,706875.0,1776.0678391959798,1776.0854271356784,1864.7943612203517,1616.3408721024994,0.1537135473129932,-0.4168731794694196,False,False,,
511,2.599968,705191.0,1771.8366834170854,1776.0678391959798,1864.911181178392,1616.3408721024994,0.1537858216457509,0.0152662568888182,False,False,,
512,2.6050560000000003,710330.0,1784.748743718593,1776.0678391959798,1865.045458853681,1616.3408721024994,0.1538688967430938,0.0143338758633948,False,False,,
513,2.6101440000000005,706882.0,1776.0854271356784,1776.035175879397,1865.1469431161051,1616.3408721024994,0.1539316831665368,-0.1115553713713151,False,False,,
514,2.615232,706862.0,1776.035175879397,1773.964824120603,1863.210608966081,1616.3408721024994,0.1527337092840195,-0.1095853002895808,False,False,,
515,2.6203200000000004,706038.0,1773.964824120603,1773.964824120603,1863.3444967305368,1616.3408721024994,0.1528165431507901,-0.2719839236108736,False,False,,
516,2.625408,700258.0,1759.4422110552764,1769.2236180904522,1858.7370487463284,1616.3408721024994,0.1499660008773555,-0.3112587583860318,False,False,,
517,2.6304960000000004,703811.0,1768.3693467336684,1768.5778894472362,1858.2249485562209,1616.3408721024994,0.1496491740254541,-0.0356972296459296,False,False,,
518,2.635584,703894.0,1768.5778894472362,1768.3693467336684,1858.1499048284843,1616.3408721024994,0.1496027458684785,-0.0865817197022469,False,False,,
519,2.6406720000000004,704151.0,1769.2236180904522,1766.8869346733668,1856.8008624121735,1616.3408721024994,0.148768118445764,-0.0739184405745767,False,False,,
520,2.64576,703221.0,1766.8869346733668,1766.8869346733668,1856.934102839637,1616.3408721024994,0.1488505518171915,-0.3004757776307283,False,False,,
521,2.6508480000000003,701148.0,1761.678391959799,1761.678391959799,1851.8586714621983,1616.3408721024994,0.1457104769325934,-0.3012552621595858,False,False,,
522,2.655936,701143.0,1761.6658291457286,1761.6658291457286,1851.9790910179947,1616.3408721024994,0.1457849782694553,-0.139651889090878,False,False,,
523,2.6610240000000003,699383.0,1757.2437185929648,1759.1155778894472,1849.5616932902672,1616.3408721024994,0.1442893793092045,-0.2527092257930707,False,False,,
524,2.6661120000000005,700128.0,1759.1155778894472,1757.2437185929648,1847.822558805856,1616.3408721024994,0.1432134091877849,-0.8176277399951921,False,False,,
525,2.6712,694670.0,1745.4020100502512,1745.4020100502512,1836.113446483438,1616.3408721024994,0.135969199427014,-0.7537900967028612,False,False,,
526,2.6762880000000004,694343.0,1744.5804020100502,1744.5804020100502,1835.424306196345,1616.3408721024994,0.1355428411637372,-0.1446027229755362,False,False,,
527,2.681376,693618.0,1742.7587939698492,1742.7587939698492,1833.7350375665312,1616.3408721024994,0.134497722118015,-0.548054903498091,False,False,,
528,2.6864640000000004,689968.0,1733.5879396984924,1735.3015075376884,1826.4099623263833,1616.3408721024994,0.1299658344657404,-0.4819258294653163,False,False,,
529,2.691552,690358.0,1734.5678391959798,1734.5678391959798,1825.8083770825383,1616.3408721024994,0.1295936448773756,-0.0881286340871181,False,False,,
530,2.6966400000000004,689871.0,1733.3442211055276,1733.5879396984924,1824.960432712871,1616.3408721024994,0.1290690374852698,-0.0583561775590499,False,False,,
531,2.701728,690650.0,1735.3015075376884,1733.3442211055276,1824.8485414016673,1616.3408721024994,0.1289998124145347,-0.4708210801282462,False,False,,
532,2.7068160000000003,686525.0,1724.9371859296482,1725.5804020100502,1817.2164218657572,1616.3408721024994,0.1242779621738844,-0.4951252879348118,False,False,,
533,2.711904,686381.0,1724.5753768844222,1724.9371859296482,1816.7047777464736,1616.3408721024994,0.1239614174845097,-0.0451127115184259,False,False,,
534,2.7169920000000003,686781.0,1725.5804020100502,1724.5753768844222,1816.474413187543,1616.3408721024994,0.1238188952214729,-0.3028326777666361,False,False,,
535,2.72208,682822.0,1715.6331658291458,1719.6934673366834,1811.7238207747807,1616.3408721024994,0.1208797921555566,-0.4383454098910917,False,False,,
536,2.7271680000000003,684438.0,1719.6934673366834,1717.1030150753768,1809.2645584205177,1616.3408721024994,0.1193582923304213,-0.2309141183829748,False,False,,
537,2.7322560000000005,680778.0,1710.497487437186,1715.6331658291458,1807.9257719766636,1616.3408721024994,0.1185300100868914,-0.3856744575403894,False,False,,
538,2.737344,683407.0,1717.1030150753768,1710.497487437186,1802.9210294055608,1616.3408721024994,0.1154336690504905,-0.3945499139144495,False,False,,
539,2.7424320000000004,680062.0,1708.6984924623116,1708.8819095477386,1801.4362604784772,1616.3408721024994,0.1145150701628982,-0.0934772958600689,False,False,,
540,2.74752,680135.0,1708.8819095477386,1708.6984924623116,1801.3835256198297,1616.3408721024994,0.1144824440878184,-0.1148789623028889,False,False,,
541,2.7526080000000004,679279.0,1706.7311557788944,1706.7311557788944,1799.546744550396,1616.3408721024994,0.1133460618425039,-0.3478518619121331,False,False,,
542,2.757696,677681.0,1702.71608040201,1702.71608040201,1795.6620982973695,1616.3408721024994,0.1109427035410007,-0.4851975976561995,False,False,,
543,2.7627840000000004,675999.0,1698.4899497487438,1698.4899497487438,1791.566270400387,1616.3408721024994,0.1084086910887544,-0.5192782183550513,False,False,,
544,2.767872,674178.0,1693.9145728643216,1693.9145728643216,1787.121070027107,1616.3408721024994,0.1056585283910197,-0.3995304871150029,False,False,,
545,2.7729600000000003,671486.0,1687.1507537688442,1691.6582914572864,1784.9948390083855,1616.3408721024994,0.1043430688518722,-0.1390916800050785,False,False,,
546,2.778048,673280.0,1691.6582914572864,1691.3668341708542,1784.833306109635,1616.3408721024994,0.1042431314552879,-0.0576864340447951,False,False,,
547,2.7831360000000003,673164.0,1691.3668341708542,1690.4497487437186,1784.0460191916254,1616.3408721024994,0.1037560516990324,-0.2271114904775579,False,False,,
548,2.7882240000000005,671574.0,1687.3718592964824,1687.3718592964824,1781.0978024969183,1616.3408721024994,0.1019320449281882,-0.171369730871632,False,False,,
549,2.793312,672799.0,1690.4497487437186,1687.3718592964824,1781.227349614691,1616.3408721024994,0.1020121933176825,-0.4796527103911163,False,False,,
550,2.7984000000000004,667379.0,1676.8316582914572,1679.2236180904522,1773.2085300134,1616.3408721024994,0.0970510989472478,-0.6250945556484027,False,False,,
551,2.803488,668331.0,1679.2236180904522,1676.8316582914572,1770.9458664277147,1616.3408721024994,0.095651231119404,-0.2577243429222093,False,False,,
552,2.8085760000000004,665448.0,1671.9798994974874,1674.7261306532664,1768.9695097328913,1616.3408721024994,0.0944284960336714,-0.2792785902587855,False,False,,
553,2.813664,666541.0,1674.7261306532664,1671.9798994974874,1766.352324371906,1616.3408721024994,0.0928092921849307,-0.278682764380207,False,False,,
554,2.8187520000000004,662537.0,1664.6658291457286,1669.8844221105528,1764.3857677524434,1616.3408721024994,0.0915926202233385,-0.4290128393699266,False,False,,
555,2.82384,664614.0,1669.8844221105528,1664.6658291457286,1759.295970648903,1616.3408721024994,0.0884436575315025,-0.5009775203809692,False,False,,
556,2.8289280000000003,658131.0,1653.5954773869346,1661.3869346733668,1756.1457472526538,1616.3408721024994,0.0864946729759419,-0.5419321048339931,False,False,,
557,2.834016,658887.0,1655.4949748743718,1655.4949748743718,1750.3823338654993,1616.3408721024994,0.082928956432712,-0.3531371026603285,False,False,,
558,2.8391040000000003,661232.0,1661.3869346733668,1655.321608040201,1750.3373888996794,1616.3408721024994,0.0829011498192707,-0.0998777777248225,False,False,,
559,2.8441920000000005,657474.0,1651.9447236180904,1653.5954773869346,1748.7395556919394,1616.3408721024994,0.0819126001665841,-0.1897152057845126,False,False,,
560,2.8492800000000003,658818.0,1655.321608040201,1651.9447236180904,1747.2169750663452,1616.3408721024994,0.0809706078852075,-0.3806790930092836,False,False,,
561,2.8543680000000005,655537.0,1647.0778894472362,1647.0778894472362,1742.4781898568965,1616.3408721024994,0.0780388097161215,-0.5290231979314131,False,False,,
562,2.859456,652977.0,1640.645728643216,1642.9874371859296,1738.5156624954652,1616.3408721024994,0.0755872678230574,-0.2331440467541314,False,False,,
563,2.8645440000000004,653909.0,1642.9874371859296,1642.9874371859296,1738.6434634540092,1616.3408721024994,0.0756663358963517,-0.1233253720681846,False,False,,
564,2.869632,652543.0,1639.5552763819096,1640.7035175879396,1736.4872209933133,1616.3408721024994,0.0743323088368917,-0.126853878515373,False,False,,
565,2.8747200000000004,653000.0,1640.7035175879396,1640.645728643216,1736.5569854845994,1616.3408721024994,0.0743754708285794,-0.0543083764842577,False,False,,
566,2.879808,656570.0,1649.6733668341708,1639.5552763819096,1735.5939630778678,1616.3408721024994,0.0737796667977879,-0.1843213255672342,False,False,,
567,2.8848960000000003,650511.0,1634.4497487437186,1637.359296482412,1733.5252895712429,1616.3408721024994,0.0724998170196071,-0.2949338640639505,False,False,,
568,2.889984,650179.0,1633.6155778894472,1634.4497487437186,1730.7429248833375,1616.3408721024994,0.0707784197970732,-0.2121534637760014,False,False,,
569,2.8950720000000003,651669.0,1637.359296482412,1633.6155778894472,1730.0358138572703,1616.3408721024994,0.0703409433722227,-0.274494121661208,False,False,,
570,2.90016,648555.0,1629.535175879397,1629.680904522613,1726.2280772154422,1616.3408721024994,0.0679851676150489,-0.2326531107425467,False,False,,
571,2.9052480000000003,648613.0,1629.680904522613,1629.535175879397,1726.209162313304,1616.3408721024994,0.0679734653173067,-0.2392366959017602,False,False,,
572,2.9103360000000005,646946.0,1625.4924623115578,1625.4924623115578,1722.2931396217684,1616.3408721024994,0.0655506949975525,-0.3559595228051613,False,False,,
573,2.915424,645577.0,1622.0527638190954,1623.427135678392,1720.3543811191707,1616.3408721024994,0.0643512212132413,-0.1937443576149284,False,False,,
574,2.9205120000000004,642650.0,1614.6984924623116,1622.0527638190954,1719.1064547636304,1616.3408721024994,0.0635791524144631,-0.1836771657670457,False,False,,
575,2.9256,644821.0,1620.1532663316582,1620.1532663316582,1717.3332802719456,1616.3408721024994,0.0624821223743959,-0.4317727098562409,False,False,,
576,2.9306880000000004,646124.0,1623.427135678392,1614.6984924623116,1712.0047070090409,1616.3408721024994,0.0591854333189658,-0.3665594815182285,False,False,,
577,2.935776,642321.0,1613.8718592964824,1613.8718592964824,1711.304152178921,1616.3408721024994,0.0587520130904662,-0.1143691935253077,False,False,,
578,2.9408640000000004,639555.0,1606.9221105527638,1612.5653266331658,1710.1235756990443,1616.3408721024994,0.0580216124056522,-0.2141356821808262,False,False,,
579,2.945952,640819.0,1610.0979899497488,1610.0979899497488,1707.7820731651468,1616.3408721024994,0.0565729683885941,-0.3278032276267328,False,False,,
580,2.9510400000000003,641801.0,1612.5653266331658,1606.9221105527638,1704.731906001994,1616.3408721024994,0.0546858867613225,-0.3990037500609649,False,False,,
581,2.956128,636595.0,1599.4849246231156,1603.28391959799,1701.219305483485,1616.3408721024994,0.0525127062279738,-0.4369027909309366,False,False,,
582,2.9612160000000003,636443.0,1599.1030150753768,1599.4849246231156,1697.545779265312,1616.3408721024994,0.0502399639608093,-0.2389418845703597,False,False,,
583,2.9663040000000005,638107.0,1603.28391959799,1599.1030150753768,1697.2892169126026,1616.3408721024994,0.0500812336105857,-0.1935872287493891,False,False,,
584,2.9713920000000003,634440.0,1594.070351758794,1596.0502512562814,1694.36167884464,1616.3408721024994,0.0482700203210557,-0.2058227106213168,False,False,,
585,2.9764800000000005,634996.0,1595.467336683417,1595.467336683417,1693.9038686966744,1616.3408721024994,0.0479867817073034,-0.1051692595370106,False,False,,
586,2.981568,632420.0,1588.9949748743718,1594.070351758794,1692.6318669882644,1616.3408721024994,0.0471998179360071,-0.3783171256288868,False,False,,
587,2.9866560000000004,635228.0,1596.0502512562814,1588.9949748743718,1687.6813522288037,1616.3408721024994,0.0441370266369036,-0.5628647435910583,False,False,,
588,2.991744,630490.0,1584.145728643216,1584.5628140703518,1683.3739325758136,1616.3408721024994,0.0414721063052245,-0.2796642161384453,False,False,,
589,2.9968320000000004,630656.0,1584.5628140703518,1584.145728643216,1683.0814674429837,1616.3408721024994,0.041291163573479,-0.0123506129255099,False,False,,
590,3.00192,630476.0,1584.110552763819,1584.110552763819,1683.1707911182611,1616.3408721024994,0.0413464264680945,-0.0195449614145228,False,False,,
591,3.0070080000000003,629775.0,1582.3492462311558,1583.5753768844222,1682.7599941708877,1616.3408721024994,0.0410922740461248,-0.0919673988878733,False,False,,
592,3.012096,630263.0,1583.5753768844222,1582.3492462311558,1681.6581219438597,1616.3408721024994,0.0404105662170115,-0.3623655171210251,False,False,,
593,3.0171840000000003,627792.0,1577.3668341708542,1577.3668341708542,1676.7998479207652,1616.3408721024994,0.0374048425439011,-0.7980488850149796,False,False,,
594,3.0222720000000005,623435.0,1566.4195979899498,1568.9748743718592,1668.5319058865855,1616.3408721024994,0.0322896207630988,-0.6504982855148147,False,False,,
595,3.0273600000000003,620539.0,1559.143216080402,1566.4195979899498,1666.100527113627,1616.3408721024994,0.030785371990502,-0.2761005213733147,False,False,,
596,3.0324480000000005,624452.0,1568.9748743718592,1564.1859296482412,1663.9906363414198,1616.3408721024994,0.029480021857604,-0.4273465442940396,False,False,,
597,3.037536,622546.0,1564.1859296482412,1559.143216080402,1659.0715804199328,1616.3408721024994,0.026436693555766,-0.2915583471875269,False,False,,
598,3.0426240000000004,620162.0,1558.1959798994974,1559.143216080402,1659.1951182593252,1616.3408721024994,0.026513124116624,-0.042575699256059,False,False,,
599,3.047712,618162.0,1553.1708542713568,1558.1959798994974,1658.3713002269294,1616.3408721024994,0.0260034432401364,-0.2116944856082305,False,False,,
600,3.0528000000000004,619055.0,1555.4145728643216,1555.4145728643216,1655.7131917653423,1616.3408721024994,0.0243589210310745,-0.2905326747465975,False,False,,
601,3.057888,622074.0,1563.0,1553.1708542713568,1653.5926522868976,1616.3408721024994,0.023046982741915,-0.6707644039427529,False,False,,
602,3.0629760000000004,614180.0,1543.1658291457286,1544.1356783919598,1644.680536178691,1616.3408721024994,0.0175332224565527,-0.5933300834931614,False,False,,
603,3.068064,613753.0,1542.0929648241206,1543.1658291457286,1643.833627475948,1616.3408721024994,0.0170092558122882,-0.1092512273912538,False,False,,
604,3.0731520000000003,614566.0,1544.1356783919598,1542.0929648241206,1642.8835845856404,1616.3408721024994,0.0164214819666193,-0.3741498513903312,False,False,,
605,3.07824,609885.0,1532.3743718592964,1536.7663316582914,1637.6796538543272,1616.3408721024994,0.0132019069245404,-0.4034940465228076,False,False,,
606,3.0833280000000003,611014.0,1535.211055276382,1535.211055276382,1636.2469610254404,1616.3408721024994,0.0123155265492035,-0.0796593644057803,False,False,,
607,3.0884160000000005,611633.0,1536.7663316582914,1535.211055276382,1636.3694258121493,1616.3408721024994,0.0123912932323472,-0.1575809011250257,False,False,,
608,3.0935040000000003,609312.0,1530.9346733668342,1532.3743718592964,1633.6550885305269,1616.3408721024994,0.0107119832993554,-0.2226706658522769,False,False,,
609,3.0985920000000005,609459.0,1531.3040201005026,1531.3040201005026,1632.706964370907,1616.3408721024994,0.0101253965366345,-0.0726757109687135,False,False,,
610,3.10368,611021.0,1535.2286432160804,1530.9346733668342,1632.459726814968,1616.3408721024994,0.0099724352645377,-0.2958710374943042,False,False,,
611,3.1087680000000004,606093.0,1522.8467336683418,1526.1934673366834,1627.8405116558365,1616.3408721024994,0.0071146128590923,-0.4769048594814011,False,False,,
612,3.113856,607425.0,1526.1934673366834,1522.8467336683418,1624.6156506664258,1616.3408721024994,0.0051194514144549,-0.6681735221382828,False,False,,
613,3.1189440000000004,602954.0,1514.9597989949748,1514.9597989949748,1616.850470594414,1616.3408721024994,0.0003152790978129,-0.6498567900985108,False,False,,
614,3.124032,599788.0,1507.0050251256282,1511.9145728643216,1613.9268811019404,1616.3408721024994,-0.0014934912815877,-0.4688516837102912,False,False,,
615,3.1291200000000003,601742.0,1511.9145728643216,1507.0050251256282,1609.1388521525407,1616.3408721024994,-0.004455755635623,-0.4244131307906459,False,False,,
616,3.134208,598867.0,1504.6909547738694,1504.6909547738694,1606.9461828553692,1616.3408721024994,-0.0058123193005134,-0.400138755147691,False,False,,
617,3.1392960000000003,597072.0,1500.180904522613,1500.180904522613,1602.5574160380618,1616.3408721024994,-0.008527567608006,-0.3291201043303322,False,False,,
618,3.1443840000000005,596616.0,1499.035175879397,1499.035175879397,1601.5328533221143,1616.3408721024994,-0.009161445482179,-0.168737410686287,False,False,,
619,3.1494720000000003,595871.0,1497.1633165829146,1497.1633165829146,1599.782042560068,1616.3408721024994,-0.0102446394991497,-0.3236493285176923,False,False,,
620,3.1545600000000005,594401.0,1493.4698492462312,1493.4698492462312,1596.2095064787252,1616.3408721024994,-0.0124549010491751,-0.777357883257739,False,False,,
621,3.159648,589708.0,1481.678391959799,1484.1356783919598,1586.9961497143258,1616.3408721024994,-0.0181550333191801,-0.702214683475217,False,False,,
622,3.1647360000000004,590686.0,1484.1356783919598,1481.678391959799,1584.6595603200858,1616.3408721024994,-0.0196006376682186,-0.3536328171302174,False,False,,
623,3.169824,587471.0,1476.0577889447236,1478.0778894472362,1581.179637906899,1616.3408721024994,-0.0217536008662971,-0.2691712893106148,False,False,,
624,3.1749120000000004,587850.0,1477.0100502512562,1477.0100502512562,1580.2322619850477,1616.3408721024994,-0.0223397247082432,-0.1081774767514702,False,False,,
625,3.18,586954.0,1474.7587939698492,1476.0577889447236,1579.4003472405836,1616.3408721024994,-0.0228544148697201,-0.1222454918156081,False,False,,
626,3.1850880000000004,588275.0,1478.0778894472362,1474.7587939698492,1578.2215822287951,1616.3408721024994,-0.0235836948329589,-0.0730712572454872,False,False,,
627,3.190176,586897.0,1474.6155778894472,1474.6155778894472,1578.198479625465,1616.3408721024994,-0.0235979879834502,-0.1340362651713502,False,False,,
628,3.1952640000000003,585981.0,1472.3140703517588,1472.3140703517588,1576.0169691916926,1616.3408721024994,-0.0249476478673426,-0.29566945612522,False,False,,
629,3.2003520000000005,583267.0,1465.4949748743718,1469.5125628140704,1573.335342497514,1616.3408721024994,-0.0266067203689806,-0.4000179994165407,False,False,,
630,3.2054400000000003,584866.0,1469.5125628140704,1465.4949748743718,1569.4375192535583,1616.3408721024994,-0.0290182310294053,-0.4018652239866265,False,False,,
631,3.2105280000000005,581191.0,1460.2788944723618,1462.6633165829146,1566.7255096226093,1616.3408721024994,-0.0306961008882684,-0.2508006519645245,False,False,,
632,3.2156160000000003,582140.0,1462.6633165829146,1461.1306532663316,1565.3123790437207,1616.3408721024994,-0.0315703784637963,-0.1096654028319572,False,False,,
633,3.2207040000000005,581036.0,1459.889447236181,1460.6206030150754,1564.9217457196585,1616.3408721024994,-0.0318120560274863,-0.0372717008003546,False,False,,
634,3.225792,581327.0,1460.6206030150754,1460.2788944723618,1564.6993384058426,1616.3408721024994,-0.0319496552911408,-0.0299533293095848,False,False,,
635,3.2308800000000004,581530.0,1461.1306532663316,1459.889447236181,1564.4290768123583,1616.3408721024994,-0.0321168611065407,-0.1886840031651995,False,False,,
636,3.235968,577502.0,1451.0100502512562,1456.9371859296482,1561.5958856743084,1616.3408721024994,-0.0338697037073497,-0.3541360604614123,False,False,,
637,3.2410560000000004,579861.0,1456.9371859296482,1453.8266331658292,1558.6042877166367,1616.3408721024994,-0.035720549657796,-0.3459010939955433,False,False,,
638,3.246144,578623.0,1453.8266331658292,1451.0100502512562,1555.906544357645,1616.3408721024994,-0.0373895932398484,-0.2261520265046308,False,False,,
639,3.2512320000000003,577048.0,1449.8693467336684,1449.8693467336684,1554.8845652567347,1616.3408721024994,-0.038021872679507,-0.0805866704049389,False,False,,
640,3.2563200000000005,574725.0,1444.032663316583,1449.4472361809046,1554.581064093298,1616.3408721024994,-0.038209643197889,-0.2926301756775671,False,False,,
641,3.2614080000000003,571067.0,1434.8417085427136,1444.819095477387,1550.0714178632022,1616.3408721024994,-0.0409996773472017,-0.3147942007081705,False,False,,
642,3.2664960000000005,576880.0,1449.4472361809046,1444.032663316583,1549.4033653712524,1616.3408721024994,-0.0414129889842952,-0.2737159763160219,False,False,,
643,3.2715840000000003,575038.0,1444.819095477387,1440.0804020100502,1545.5693690402356,1616.3408721024994,-0.0437850111221934,-0.225916341354103,False,False,,
644,3.2766720000000005,572833.0,1439.2788944723618,1440.0804020100502,1545.6875194335355,1616.3408721024994,-0.0437119136739143,0.0143596772166674,False,False,,
645,3.28176,573152.0,1440.0804020100502,1440.0804020100502,1545.805555355633,1616.3408721024994,-0.0436388870468366,-0.0343843639230723,False,False,,
646,3.2868480000000004,571822.0,1436.7386934673366,1439.2788944723618,1545.1219693797468,1616.3408721024994,-0.0440618089611955,-0.188837636116518,False,False,,
647,3.291936,573449.0,1440.8266331658292,1436.7386934673366,1542.6995756870272,1616.3408721024994,-0.0455604988319581,-0.1401213930679476,False,False,,
648,3.2970240000000004,567383.0,1425.5854271356784,1436.7386934673366,1542.8172688605282,1616.3408721024994,-0.0454876842570548,-0.1335666271602447,False,False,,
649,3.302112,567299.0,1425.3743718592964,1434.3065326633166,1540.502687201789,1616.3408721024994,-0.0469196728299407,-0.1951423724680587,False,False,,
650,3.3072000000000004,570451.0,1433.2939698492462,1433.2939698492462,1539.6075896152568,1616.3408721024994,-0.0474734530392897,-0.5159501678927851,False,False,,
651,3.312288,572540.0,1438.5427135678392,1425.5854271356784,1532.0163983218545,1616.3408721024994,-0.0521699817384173,-0.1620213413743227,False,False,,
652,3.3173760000000003,570854.0,1434.3065326633166,1430.394472361809,1536.942681271042,1616.3408721024994,-0.0491221822091141,0.3066295254878994,False,False,,
653,3.3224640000000005,566187.0,1422.5804020100502,1430.394472361809,1537.059805407146,1616.3408721024994,-0.0490497196870523,-0.4125737640426576,False,False,,
654,3.3275520000000003,566503.0,1423.3743718592964,1423.3743718592964,1530.1567155638354,1616.3408721024994,-0.0533205328320118,-0.4608594072662422,False,False,,
655,3.3326400000000005,569297.0,1430.394472361809,1422.5804020100502,1529.4796430068318,1616.3408721024994,-0.0537394250153932,-0.0375779303743373,False,False,,
656,3.3377280000000003,566164.0,1422.5226130653266,1422.5226130653266,1529.5386380972282,1616.3408721024994,-0.0537029258515011,-0.0267458046404396,False,False,,
657,3.3428160000000005,565919.0,1421.9070351758794,1421.9070351758794,1529.0397310955088,1616.3408721024994,-0.0540115903234143,-0.1790603030864375,False,False,,
658,3.347904,564899.0,1419.3442211055276,1419.3442211055276,1526.5934748751165,1616.3408721024994,-0.0555250434957086,-0.1498970678258331,False,False,,
659,3.3529920000000004,564845.0,1419.2085427135678,1419.2085427135678,1526.574241404866,1616.3408721024994,-0.0555369428856099,-0.1117210368451226,False,False,,
660,3.35808,564075.0,1417.2738693467336,1417.2738693467336,1524.755900140902,1616.3408721024994,-0.0566619167666444,-0.3659257642952562,False,False,,
661,3.3631680000000004,562357.0,1412.9572864321608,1412.9572864321608,1520.5555366196666,1616.3408721024994,-0.0592606034630785,-0.2483150143086137,False,False,,
662,3.368256,561792.0,1411.537688442211,1412.9572864321608,1520.6716434126704,1616.3408721024994,-0.0591887703522491,0.0141113035990247,False,False,,
663,3.3733440000000003,560141.0,1407.389447236181,1412.9572864321608,1520.7876377144348,1616.3408721024994,-0.0591170068376549,0.0140976317199754,False,False,,
664,3.3784320000000005,559939.0,1406.8819095477386,1412.9572864321608,1520.9035196339482,1616.3408721024994,-0.0590453128518666,0.0582313309917417,False,False,,
665,3.3835200000000003,562646.0,1413.6834170854272,1413.6834170854272,1521.7454199333597,1616.3408721024994,-0.0585244448134829,0.7946689397733273,False,False,,
666,3.3886080000000005,567467.0,1425.7964824120604,1425.7964824120604,1533.9741427415468,1616.3408721024994,-0.0509587617207327,1.1829687463265808,True,False,666.0,2.0
667,3.3936960000000003,570298.0,1432.9095477386934,1432.9095477386934,1541.202753493814,1616.3408721024994,-0.0464865548508634,0.6075118843556355,False,False,,
668,3.3987840000000005,571352.0,1435.5577889447236,1435.5577889447236,1543.9664281781256,1616.3408721024994,-0.04477672078553,0.7153461494465287,False,False,,
669,3.403872,574889.0,1444.4447236180904,1444.4447236180904,1552.9686844908822,1616.3408721024994,-0.0392071924340959,0.6607975853227619,False,False,,
670,3.4089600000000004,575586.0,1446.1959798994974,1446.1959798994974,1554.8351506811437,1616.3408721024994,-0.038052444557286,1.0420705295310118,False,False,,
671,3.414048,581619.0,1461.354271356784,1461.354271356784,1570.108540425001,1616.3408721024994,-0.0286030827255891,0.9679688366750164,False,False,,
672,3.4191360000000004,584789.0,1469.319095477387,1461.8869346733668,1570.7561905140162,1616.3408721024994,-0.0282023936752818,0.498221285083618,False,False,,
673,3.424224,581831.0,1461.8869346733668,1469.319095477387,1578.303226684373,1616.3408721024994,-0.0235331829285786,0.7186390165654442,False,False,,
674,3.4293120000000004,586444.0,1473.4773869346734,1473.4773869346734,1582.5762822098368,1616.3408721024994,-0.0208895230427121,0.839457877588281,False,False,,
675,3.434400000000001,590193.0,1482.8969849246232,1482.8969849246232,1592.110533077637,1616.3408721024994,-0.0149908595662399,0.8505957725626809,False,False,,
676,3.4394880000000003,591921.0,1487.2386934673366,1487.2386934673366,1596.566783415602,1616.3408721024994,-0.012233860461114,0.5084020583688595,False,False,,
677,3.4445760000000005,593430.0,1491.0301507537688,1491.0301507537688,1600.47267152231,1616.3408721024994,-0.0098173602202784,0.3984020735704717,False,False,,
678,3.4496640000000003,594438.0,1493.5628140703518,1493.5628140703518,1603.119654791713,1616.3408721024994,-0.0081797209604608,0.182692857306734,False,False,,
679,3.4547520000000005,595245.0,1495.5904522613066,1493.8065326633166,1603.4775825774564,1616.3408721024994,-0.0079582777043252,0.1371572067130864,False,False,,
680,3.45984,594535.0,1493.8065326633166,1495.5904522613066,1605.3756007154946,1616.3408721024994,-0.0067840092249485,0.351617427825188,False,False,,
681,3.4649280000000005,596746.0,1499.3618090452262,1499.3618090452262,1609.2609454939395,1616.3408721024994,-0.004380218758776,0.755957128664194,False,False,,
682,3.470016,600103.0,1507.7964824120604,1507.7964824120604,1617.8094964168786,1616.3408721024994,0.0009086105163379,0.6178495486812461,False,False,,
683,3.4751040000000004,605634.0,1521.6934673366834,1509.2964824120604,1619.4232636415632,1616.3408721024994,0.0019070182486038,0.7814410538885709,False,False,,
684,3.480192,600700.0,1509.2964824120604,1520.4221105527638,1630.662548782426,1616.3408721024994,0.0088605546807075,0.726587167922742,False,False,,
685,3.4852800000000004,605366.0,1521.0201005025126,1521.0201005025126,1631.3740856146014,1616.3408721024994,0.0093007692693851,0.0910962451242349,False,False,,
686,3.490368,605128.0,1520.4221105527638,1521.6934673366834,1632.1608893201546,1616.3408721024994,0.0097875500710917,0.3816305381231057,False,False,,
687,3.4954560000000003,609435.0,1531.2437185929648,1527.070351758794,1637.651100709189,1616.3408721024994,0.013184241625326,0.5944105009152804,False,False,,
688,3.5005440000000005,607774.0,1527.070351758794,1531.2437185929648,1641.9376847123067,1616.3408721024994,0.0158362713284058,0.5226004151390156,False,False,,
689,3.5056320000000003,611105.0,1535.4396984924624,1535.4396984924624,1646.2467720891532,1616.3408721024994,0.0185022234497806,0.4986039167697957,False,False,,
690,3.5107200000000005,612609.0,1539.2185929648242,1539.2185929648242,1650.138664453542,1616.3408721024994,0.0209100647854552,0.57634494122882,False,False,,
691,3.5158080000000003,614961.0,1545.1281407035176,1544.6934673366834,1655.7264272382786,1616.3408721024994,0.024367109571725,0.3730093746313478,False,False,,
692,3.5208960000000005,614788.0,1544.6934673366834,1545.1281407035176,1656.2738796449112,1616.3408721024994,0.0247058081817035,0.1079591752731072,False,False,,
693,3.525984,617645.0,1551.8718592964824,1546.2437185929648,1657.5021273070447,1616.3408721024994,0.0254657021393041,0.4236987976295534,False,False,,
694,3.5310720000000004,615405.0,1546.2437185929648,1551.8718592964824,1663.242828622001,1616.3408721024994,0.0290173671463821,0.6551154516643876,False,False,,
695,3.53616,619604.0,1556.7939698492462,1556.7939698492462,1668.277390730718,1616.3408721024994,0.0321321569754409,0.5099811246605443,False,False,,
696,3.5412480000000004,623876.0,1567.5276381909548,1560.035175879397,1671.6309393669962,1616.3408721024994,0.0342069350709277,0.2670810352076254,False,False,,
697,3.546336,621263.0,1560.962311557789,1560.962311557789,1672.6703088072466,1616.3408721024994,0.0348499735897138,0.4691679951799425,False,False,,
698,3.5514240000000004,620894.0,1560.035175879397,1567.5276381909548,1679.3477604634566,1616.3408721024994,0.0389811885898791,0.4725154778860849,False,False,,
699,3.556512000000001,627557.0,1576.7763819095478,1568.5100502512562,1680.4421889133412,1616.3408721024994,0.0396582910926828,0.4708219256081314,False,False,,
700,3.5616000000000003,624267.0,1568.5100502512562,1575.0477386934674,1687.0917852169246,1616.3408721024994,0.0437722725048671,0.5161781654805866,False,False,,
701,3.5666880000000005,626869.0,1575.0477386934674,1576.7763819095478,1688.9322278713153,1616.3408721024994,0.044910920104613,0.4191630078655839,False,False,,
702,3.5717760000000003,630066.0,1583.0804020100502,1581.7185929648242,1693.9861300468867,1616.3408721024994,0.0480376752729071,0.3968470257006586,False,False,,
703,3.5768640000000005,632425.0,1589.0075376884422,1583.0804020100502,1695.4595219993375,1616.3408721024994,0.0489492354381427,0.1148407156747737,False,False,,
704,3.581952,629524.0,1581.7185929648242,1583.3844221105528,1695.875016898838,1616.3408721024994,0.0492062943956136,0.1829581011507652,False,False,,
705,3.5870400000000005,631175.0,1585.8668341708542,1585.8668341708542,1698.468795754652,1616.3408721024994,0.050811017075453,0.3554099126747454,False,False,,
706,3.592128,632923.0,1590.2587939698492,1589.0075376884422,1701.720758168908,1616.3408721024994,0.0528229456669918,0.2805448772359451,False,False,,
707,3.5972160000000004,630187.0,1583.3844221105528,1590.2587939698492,1703.0831655526763,1616.3408721024994,0.0536658417462058,0.3929624177936022,False,False,,
708,3.602304,634909.0,1595.248743718593,1595.248743718593,1708.1841587139138,1616.3408721024994,0.0568217312304593,0.5628173640275129,False,False,,
709,3.607392,636519.0,1599.2939698492462,1599.2939698492462,1712.3403206715282,1616.3408721024994,0.0593930712425497,0.2721038659090959,False,False,,
710,3.6124800000000006,636993.0,1600.4849246231156,1599.502512562814,1712.6596917307606,1616.3408721024994,0.0595906601699503,0.0858775528010618,False,False,,
711,3.617568,636602.0,1599.502512562814,1600.4849246231156,1713.7528247595646,1616.3408721024994,0.0602669612198533,0.0826565629712892,False,False,,
712,3.622656000000001,637055.0,1600.640703517588,1600.640703517588,1714.0192173494104,1616.3408721024994,0.0604317733547461,0.135803665601446,False,False,,
713,3.627744,639793.0,1607.5201005025126,1602.497487437186,1715.9865077951856,1616.3408721024994,0.0616488993210135,0.1733693604263528,False,False,,
714,3.632832000000001,637794.0,1602.497487437186,1603.2713567839196,1716.870776602732,1616.3408721024994,0.0621959799664446,0.3187829387381695,False,False,,
715,3.63792,638102.0,1603.2713567839196,1607.5201005025126,1721.229812820505,1616.3408721024994,0.0648928345056129,0.4261595327081888,False,False,,
716,3.643008000000001,645436.0,1621.6984924623116,1610.0603015075376,1723.8801994667078,1616.3408721024994,0.0665325793712831,0.4954991423242703,False,False,,
717,3.648096,644739.0,1619.9472361809046,1615.4497487437186,1729.3797255895954,1616.3408721024994,0.0699350337779045,0.3410467945220077,False,False,,
718,3.653184,640804.0,1610.0603015075376,1615.4497487437186,1729.4896978252602,1616.3408721024994,0.0700030715523387,0.0361268207570892,False,False,,
719,3.658272,642949.0,1615.4497487437186,1615.824120603015,1729.97393537251,1616.3408721024994,0.0703026603059287,0.0361138712382391,False,False,,
720,3.66336,643098.0,1615.824120603015,1615.824120603015,1730.0836946159816,1616.3408721024994,0.070370566306059,0.0133398397058153,False,False,,
721,3.668448,641829.0,1612.6356783919598,1615.824120603015,1730.1933475181013,1616.3408721024994,0.070438406514775,0.554246618867352,False,False,,
722,3.673536,646639.0,1624.7211055276382,1624.7211055276382,1739.1998791065223,1616.3408721024994,0.0760105798996536,0.6515412051698295,False,False,,
723,3.678624000000001,650203.0,1633.675879396985,1626.321608040201,1740.9098221474912,1616.3408721024994,0.0770684898185835,0.5577342650938073,False,False,,
724,3.683712,651154.0,1636.0653266331658,1633.675879396985,1748.3734280001197,1616.3408721024994,0.0816860837812479,0.6056877116868122,False,False,,
725,3.688800000000001,647276.0,1626.321608040201,1636.0653266331658,1750.872103802314,1616.3408721024994,0.0832319679727082,0.1585491743328315,False,False,,
726,3.693888,651859.0,1637.8366834170854,1636.0653266331658,1750.9812265411276,1616.3408721024994,0.0832994801792589,0.1209575925057002,False,False,,
727,3.698976000000001,655050.0,1645.854271356784,1637.8366834170854,1752.861600339193,1616.3408721024994,0.0844628324340463,0.1660086550653474,False,False,,
728,3.704064,652154.0,1638.5778894472362,1638.5778894472362,1753.7117177612542,1616.3408721024994,0.0849887842532039,0.1056560035891767,False,False,,
729,3.709152,648658.0,1629.7939698492462,1639.356783919598,1754.5994181056242,1616.3408721024994,0.0855379879265697,0.1490267417726709,False,False,,
730,3.71424,652464.0,1639.356783919598,1640.8115577889448,1756.162892429311,1616.3408721024994,0.0865052803774826,0.1016586321898014,False,False,,
731,3.719328,653365.0,1641.6206030150754,1640.8115577889448,1756.2714875681172,1616.3408721024994,0.0865724661677331,0.0131983575932981,False,False,,
732,3.724416,653043.0,1640.8115577889448,1640.8115577889448,1756.3799774934264,1616.3408721024994,0.086639586864352,0.0623739759243004,False,False,,
733,3.729504,658673.0,1654.9572864321608,1641.6206030150754,1757.297407533306,1616.3408721024994,0.0872071837467388,0.3727675374990298,False,False,,
734,3.734592000000001,655397.0,1646.7261306532664,1646.7261306532664,1762.5112149755244,1616.3408721024994,0.0904328693259423,0.6419161750002278,False,False,,
735,3.73968,650728.0,1634.9949748743718,1651.962311557789,1767.8555707760922,1616.3408721024994,0.0937393227435411,0.4544681024546921,False,False,,
736,3.744768000000001,658622.0,1654.8291457286432,1653.9849246231156,1769.9862539311232,1616.3408721024994,0.095057536736521,0.1361055587872179,False,False,,
737,3.749856,657481.0,1651.962311557789,1653.9849246231156,1770.0942193160292,1616.3408721024994,0.0951243329097599,0.0644488510458973,False,False,,
738,3.754944000000001,658286.0,1653.9849246231156,1654.8291457286432,1771.0463012031091,1616.3408721024994,0.0957133682447641,0.1075141825764109,False,False,,
739,3.760032,659703.0,1657.5452261306532,1655.537688442211,1771.8626001962214,1616.3408721024994,0.0962183972316575,0.1782289097486096,False,False,,
740,3.765120000000001,658904.0,1655.537688442211,1657.5452261306532,1773.977789763448,1616.3408721024994,0.097527025630366,0.3186017641207641,False,False,,
741,3.770208,662694.0,1665.0603015075376,1660.5628140703518,1777.1029252823207,1616.3408721024994,0.0994604887833503,0.4699732805065242,False,False,,
742,3.775296,660904.0,1660.5628140703518,1665.0603015075376,1781.707856100122,1616.3408721024994,0.1023094737328005,0.3222426403941743,False,False,,
743,3.780384,664840.0,1670.4522613065326,1665.6482412060302,1782.4031350816254,1616.3408721024994,0.1027396298920016,0.3408665895694049,False,False,,
744,3.785472,662928.0,1665.6482412060302,1670.4522613065326,1787.3143904683898,1616.3408721024994,0.105778132148259,0.3051083384969857,False,False,,
745,3.7905600000000006,667426.0,1676.9497487437186,1670.4522613065326,1787.4215218586612,1616.3408721024994,0.1058444123445471,0.1127721001816475,False,False,,
746,3.795648,665493.0,1672.0929648241206,1672.0929648241206,1789.169252971191,1616.3408721024994,0.1069257010397073,0.1138287983470238,False,False,,
747,3.800736000000001,665690.0,1672.5879396984924,1672.110552763819,1789.2937648110646,1616.3408721024994,0.1070027341965263,0.0430887675055249,False,False,,
748,3.805824,663640.0,1667.4371859296482,1672.5879396984924,1789.8779720516125,1616.3408721024994,0.1073641723378435,0.0129826492295315,False,False,,
749,3.810912000000001,665500.0,1672.110552763819,1672.110552763819,1789.507301928881,1616.3408721024994,0.1071348456350859,0.0129700708586568,False,False,,
750,3.816,669305.0,1681.6708542713568,1672.5879396984924,1790.0913022818347,1616.3408721024994,0.1074961557789012,0.5346295712641531,False,False,,
751,3.821088000000001,668915.0,1680.6909547738694,1680.6909547738694,1798.300827482005,1616.3408721024994,0.1125752361522704,0.565168822033165,False,False,,
752,3.826176,663925.0,1668.1532663316582,1681.6708542713568,1799.387133910875,1616.3408721024994,0.113247313711911,0.2385574871067763,False,False,,
753,3.831264,671171.0,1686.359296482412,1684.4020100502512,1802.2245935277217,1616.3408721024994,0.115002797141069,0.2979682177056624,False,False,,
754,3.836352,672961.0,1690.856783919598,1686.359296482412,1804.2880808042871,1616.3408721024994,0.1162794382952839,0.2700007987781045,False,False,,
755,3.84144,670392.0,1684.4020100502512,1688.6306532663316,1806.665535538851,1616.3408721024994,0.117750325269435,0.2863335089068606,False,False,,
756,3.846528,673237.0,1691.5502512562814,1690.856783919598,1808.99766134869,1616.3408721024994,0.1191931680819201,0.1903883485913269,False,False,,
757,3.851616,675352.0,1696.8643216080402,1691.5502512562814,1809.797021147468,1616.3408721024994,0.1196877171047002,0.0550313722160122,False,False,,
758,3.856704000000001,672075.0,1688.6306532663316,1691.5502512562814,1809.9028110145805,1616.3408721024994,0.1197531673255902,0.0922921049307223,False,False,,
759,3.861792,676405.0,1699.5100502512562,1692.856783919598,1811.315031049428,1616.3408721024994,0.1206268815644752,0.3359302910037556,False,False,,
760,3.866880000000001,673757.0,1692.856783919598,1696.8643216080402,1815.428153713124,1616.3408721024994,0.1231715939668446,0.3015470656632892,False,False,,
761,3.871968,672578.0,1689.894472361809,1697.605527638191,1816.2748424214583,1616.3408721024994,0.123695424504665,0.1736753297586037,False,False,,
762,3.877056000000001,677678.0,1702.7085427135678,1699.5100502512562,1818.284745514749,1616.3408721024994,0.1249389141224682,0.01280765673906,False,False,,
763,3.882144,676750.0,1700.3768844221106,1697.605527638191,1816.485501282966,1616.3408721024994,0.1238257552196419,0.0654971111540341,False,False,,
764,3.887232000000001,675647.0,1697.605527638191,1700.3768844221106,1819.3620344481449,1616.3408721024994,0.1256054127255719,0.3230364286300293,False,False,,
765,3.89232,678516.0,1704.8140703517588,1702.7085427135678,1821.7987672196616,1616.3408721024994,0.1271129739173811,0.2724608069275103,False,False,,
766,3.897408,675508.0,1697.2562814070352,1704.6482412060302,1823.843438389712,1616.3408721024994,0.1283779738968662,0.1407701555376626,False,False,,
767,3.902496,678450.0,1704.6482412060302,1704.8140703517588,1824.1141385091896,1616.3408721024994,0.1285454510201324,0.2267611251808148,False,False,,
768,3.907584,679851.0,1708.1683417085428,1708.1683417085428,1827.57317923442,1616.3408721024994,0.1306854951067063,0.2365253538779832,False,False,,
769,3.9126720000000006,679981.0,1708.4949748743718,1708.4949748743718,1828.0044802618345,1616.3408721024994,0.1309523330211949,0.0860453784771717,False,False,,
770,3.91776,682462.0,1714.7286432160804,1709.3743718592964,1828.9884436998293,1616.3408721024994,0.13156109287809,0.1457618319038864,False,False,,
771,3.922848000000001,680852.0,1710.6834170854272,1710.6834170854272,1830.401954068766,1616.3408721024994,0.1324356054226488,0.2868988570059265,False,False,,
772,3.927936,680331.0,1709.3743718592964,1713.8844221105528,1833.7073230245887,1616.3408721024994,0.1344805756469822,0.258626136541725,False,False,,
773,3.933024000000001,685315.0,1721.8969849246232,1714.7286432160804,1834.6558069467649,1616.3408721024994,0.1350673849880973,0.4677409511230568,False,False,,
774,3.938112,682126.0,1713.8844221105528,1721.3693467336684,1841.4006722649176,1616.3408721024994,0.1392403075656101,0.416401641875689,False,False,,
775,3.943200000000001,685158.0,1721.502512562814,1721.3693467336684,1841.50473314727,1616.3408721024994,0.1393046880958239,0.0126472764053442,False,False,,
776,3.948288,685105.0,1721.3693467336684,1721.3693467336684,1841.6086932091855,1616.3408721024994,0.1393690062503108,0.0126350229638365,False,False,,
777,3.953376,686525.0,1724.9371859296482,1721.3693467336684,1841.7125525483443,1616.3408721024994,0.1394332620895039,0.0207190096604268,False,False,,
778,3.958464,684146.0,1718.9597989949748,1721.502512562814,1841.9494770914791,1616.3408721024994,0.1395798428926153,0.1609395638835948,False,False,,
779,3.963552,684231.0,1719.1733668341708,1723.8090452261306,1844.3596679411064,1616.3408721024994,0.1410709830915835,0.221419919484278,False,False,,
780,3.9686400000000006,686645.0,1725.2386934673366,1724.9371859296482,1845.591366400654,1616.3408721024994,0.1418330119932875,0.0125861278015033,False,False,,
781,3.973728,686076.0,1723.8090452261306,1723.8090452261306,1844.566683120188,1616.3408721024994,0.1411990595280917,0.0309050164714133,False,False,,
782,3.978816000000001,693424.0,1742.2713567839196,1725.2386934673366,1846.099688548676,1616.3408721024994,0.1421475014409007,0.7778844609186581,False,False,,
783,3.983904,691086.0,1736.3969849246232,1736.3969849246232,1857.3612370545895,1616.3408721024994,0.1491148118023994,0.8139234199774883,False,False,,
784,3.988992000000001,685505.0,1722.3743718592964,1738.4195979899498,1859.4870071269088,1616.3408721024994,0.1504299861625911,0.1355084360869654,False,False,,
785,3.99408,692641.0,1740.3040201005026,1738.4195979899498,1859.5900641891928,1616.3408721024994,0.1504937456480205,0.0125252748464479,False,False,,
786,3.999168000000001,693266.0,1741.8743718592964,1738.4195979899498,1859.6930214036008,1616.3408721024994,0.1505574433594285,0.0125131396073907,False,False,,
787,4.004256000000001,691891.0,1738.4195979899498,1738.4195979899498,1859.7958788668716,1616.3408721024994,0.1506210793566653,0.0134175702690022,False,False,,
788,4.0093440000000005,689281.0,1731.8618090452262,1738.4346733668342,1859.9137120525345,1616.3408721024994,0.1506939805544859,0.0124889043898921,False,False,,
789,4.014432,692632.0,1740.2814070351758,1738.4195979899498,1860.0012949264872,1616.3408721024994,0.1507481664477369,0.0115602502453704,False,False,,
790,4.01952,691082.0,1736.3869346733668,1738.4195979899498,1860.103853715841,1616.3408721024994,0.1508116176609828,0.0133812702540865,False,False,,
791,4.024608000000001,691897.0,1738.4346733668342,1738.4346733668342,1860.22138851696,1616.3408721024994,0.1508843342538424,0.0133691936879483,False,False,,
792,4.029696,689450.0,1732.286432160804,1738.4346733668342,1860.3237486723465,1616.3408721024994,0.1509476625759514,0.0124405746789761,False,False,,
793,4.034784,694982.0,1746.1859296482412,1738.4346733668342,1860.4260096550624,1616.3408721024994,0.1510109295417757,0.2653974650668953,False,False,,
794,4.039872000000001,693926.0,1743.532663316583,1742.5954773869346,1864.688975581292,1616.3408721024994,0.1536483471804726,0.2653854235682775,False,False,,
795,4.0449600000000006,690737.0,1735.5201005025126,1742.5954773869346,1864.791038506827,1616.3408721024994,0.1537114916120071,0.0693835660833759,False,False,,
796,4.050048,698282.0,1754.4773869346734,1743.532663316583,1865.8301884773136,1616.3408721024994,0.154354394348937,0.0693715479065115,False,False,,
797,4.055136,693553.0,1742.5954773869346,1743.532663316583,1865.9320537292608,1616.3408721024994,0.1544174164835037,0.2144806140705135,False,False,,
798,4.060224000000001,693229.0,1741.7814070351758,1746.856783919598,1869.3579408910443,1616.3408721024994,0.156536949077719,0.2349383283716957,False,False,,
799,4.0653120000000005,695249.0,1746.856783919598,1747.1934673366834,1869.79629226934,1616.3408721024994,0.1568081489130145,0.0328261564843064,False,False,,
800,4.0704,696710.0,1750.5276381909548,1747.1934673366834,1869.8978617285188,1616.3408721024994,0.1568709880461033,0.2150557003181816,False,False,,
801,4.075488,695383.0,1747.1934673366834,1750.5276381909548,1873.3335036353724,1616.3408721024994,0.1589965557194522,0.4603747326180887,False,False,,
802,4.080576000000001,700646.0,1760.4170854271356,1754.5628140703518,1877.4700522560972,1616.3408721024994,0.1615557613252252,0.2576515594316824,False,False,,
803,4.085664,698316.0,1754.5628140703518,1754.5628140703518,1877.5713267814208,1616.3408721024994,0.1616184179882295,0.3682371558233708,False,False,,
804,4.090752,701113.0,1761.5904522613066,1760.4170854271356,1883.5267745426809,1616.3408721024994,0.1653029426228837,0.4395636946400767,False,False,,
805,4.095840000000001,702031.0,1763.8969849246232,1761.5904522613066,1884.8012197555463,1616.3408721024994,0.1660914181448866,0.1954428606746283,False,False,,
806,4.100928000000001,697244.0,1751.8693467336684,1763.429648241206,1886.741396183332,1616.3408721024994,0.1672917691731087,0.1525056727172185,False,False,,
807,4.106016,702569.0,1765.248743718593,1763.8969849246232,1887.3096154787088,1616.3408721024994,0.1676433158704569,0.0406741765163012,False,False,,
808,4.111104,702214.0,1764.356783919598,1763.8969849246232,1887.41040034953,1616.3408721024994,0.1677056695933386,0.0402040202527587,False,False,,
809,4.116192000000001,701845.0,1763.429648241206,1764.356783919598,1887.970886568886,1616.3408721024994,0.1680524319805491,0.0944216060517035,False,False,,
810,4.1212800000000005,704199.0,1769.3442211055276,1765.248743718593,1888.9634360404275,1616.3408721024994,0.1686665038565207,0.3154520574383639,False,False,,
811,4.126368,699816.0,1758.3316582914572,1769.3442211055276,1893.1594056425888,1616.3408721024994,0.1712624721170417,0.2612107592593879,False,False,,
812,4.131456,706053.0,1774.002512562814,1769.3442211055276,1893.2598004949168,1616.3408721024994,0.1713245845427441,0.2239257242081826,False,False,,
813,4.136544000000001,705973.0,1773.8015075376884,1772.8266331658292,1896.84251013898,1616.3408721024994,0.1735411402865846,0.2239139024513115,False,False,,
814,4.141632,705585.0,1772.8266331658292,1772.8266331658292,1896.942710548414,1616.3408721024994,0.1736031324140892,0.0714485863043243,False,False,,
815,4.14672,703020.0,1766.3819095477386,1773.8015075376884,1898.0176882495284,1616.3408721024994,0.1742682011008174,0.0714367874436199,False,False,,
816,4.151808000000001,706044.0,1773.9798994974874,1773.8015075376884,1898.1176945926616,1616.3408721024994,0.1743300731631153,-0.0110648728871005,False,False,,
817,4.156896000000001,700599.0,1760.2989949748744,1773.4195979899498,1897.8356944959007,1616.3408721024994,0.1741556049543184,0.0229886134318171,False,False,,
818,4.161984,707209.0,1776.9070351758794,1773.9798994974874,1898.4958086561348,1616.3408721024994,0.1745640052933975,0.0461962204637202,False,False,,
819,4.167072,706886.0,1776.0954773869346,1773.9798994974874,1898.5955246043343,1616.3408721024994,0.1746256976937572,0.0634462369621253,False,False,,
820,4.172160000000001,705821.0,1773.4195979899498,1774.824120603015,1899.539365047258,1616.3408721024994,0.1752096342007242,0.0971942394280453,False,False,,
821,4.1772480000000005,706601.0,1775.3793969849246,1775.3793969849246,1900.1941642493616,1616.3408721024994,0.175614746274177,0.0458554769625223,False,False,,
822,4.182336,705978.0,1773.8140703517588,1775.3793969849246,1900.2935906458663,1616.3408721024994,0.1756762595342948,0.0120840136096802,False,False,,
823,4.187424,706380.0,1774.824120603015,1775.3793969849246,1900.3929207121023,1616.3408721024994,0.1757377131966691,0.0267371721845997,False,False,,
824,4.192512000000001,707845.0,1778.5050251256282,1775.6206030150754,1900.733360571551,1616.3408721024994,0.1759483369984453,0.1419057798233254,False,False,,
825,4.1976,707451.0,1777.5150753768844,1777.5150753768844,1902.7269706189595,1616.3408721024994,0.1771817464121512,0.1874162838996582,False,False,,
826,4.202688,706697.0,1775.6206030150754,1778.5050251256282,1903.8159620027552,1616.3408721024994,0.1778554851034081,0.0722243061632212,False,False,,
827,4.207776000000001,712798.0,1790.9497487437186,1778.5050251256282,1903.914907680318,1616.3408721024994,0.177916700951668,0.0850444017580933,False,False,,
828,4.212864000000001,712101.0,1789.1984924623116,1779.7060301507538,1905.214762518487,1616.3408721024994,0.1787208969356984,0.40414635155485,False,False,,
829,4.217952,708323.0,1779.7060301507538,1784.9547738693468,1910.562260278484,1616.3408721024994,0.18202929422509,0.3311158983102373,False,False,,
830,4.22304,706452.0,1775.0050251256282,1784.9547738693468,1910.6609186410367,1616.3408721024994,0.1820903323169032,-0.1847629539186606,False,True,666.0,2.0
831,4.228128000000001,710412.0,1784.9547738693468,1781.7185929648242,1907.5233005129155,1616.3408721024994,0.1801491464060133,-0.2762772265103841,False,False,,
832,4.2332160000000005,711656.0,1788.0804020100502,1780.213567839196,1906.1167426701477,1616.3408721024994,0.1792789352599333,-0.0795352097632182,False,False,,
833,4.238304,709124.0,1781.7185929648242,1780.213567839196,1906.2151145519856,1616.3408721024994,0.1793397961114628,0.0119558507673254,False,False,,
834,4.243392,706694.0,1775.6130653266332,1780.213567839196,1906.3133911252323,1616.3408721024994,0.1794005979973415,0.0119442672205245,False,False,,
835,4.248480000000001,708525.0,1780.213567839196,1780.213567839196,1906.411572482228,1616.3408721024994,0.1794613409746989,0.011932694896565,False,False,,
836,4.2535680000000005,705166.0,1771.7738693467336,1780.213567839196,1906.5096587152243,1616.3408721024994,0.179522025100609,-0.2677806389609074,False,False,,
837,4.258656,705842.0,1773.4723618090452,1775.6130653266332,1902.00714740382,1616.3408721024994,0.1767364051926328,-0.2276165655883701,False,False,,
838,4.263744000000001,709934.0,1783.7537688442212,1776.2738693467336,1902.765847685314,1616.3408721024994,0.1772057989291822,0.0520736684364777,False,False,,
839,4.268832000000001,709021.0,1781.4597989949748,1776.2738693467336,1902.8636490989256,1616.3408721024994,0.1772663068426425,0.2624113167939477,False,False,,
840,4.27392,706258.0,1774.5175879396984,1780.394472361809,1907.0819587717249,1616.3408721024994,0.1798760964888773,0.3271696265513029,False,False,,
841,4.279008,706957.0,1776.2738693467336,1781.4597989949748,1908.244897398532,1616.3408721024994,0.1805955849624284,0.0766333221542154,False,False,,
842,4.284096000000001,708597.0,1780.394472361809,1781.4597989949748,1908.3424148198071,1616.3408721024994,0.1806559171751185,0.0124630380517771,False,False,,
843,4.2891840000000006,710330.0,1784.748743718593,1781.4698492462312,1908.4498880116005,1616.3408721024994,0.1807224088376433,0.0330740233453035,False,False,,
844,4.294272,713836.0,1793.5577889447236,1781.8090452261306,1908.886412542836,1616.3408721024994,0.1809924784366803,0.2111795733964001,False,False,,
845,4.29936,711606.0,1787.9547738693468,1784.748743718593,1911.9233452888843,1616.3408721024994,0.182871372176525,0.1905456444791653,False,False,,
846,4.304448000000001,709025.0,1781.4698492462312,1784.748743718593,1912.020485336082,1616.3408721024994,0.1829314709149,0.206726651423569,False,False,,
847,4.3095360000000005,709160.0,1781.8090452261306,1787.9547738693468,1915.3235614189168,1616.3408721024994,0.184975022581411,-0.1669333595102884,False,False,,
848,4.314624,714006.0,1793.9849246231156,1781.8090452261306,1909.2747846838504,1616.3408721024994,0.1812327570485234,-0.3618653014086668,False,False,,
849,4.319712,708603.0,1780.4095477386934,1781.8090452261306,1909.371642659164,1616.3408721024994,0.1812926812742766,0.011771854688952,False,False,,
850,4.324800000000001,711639.0,1788.037688442211,1781.8090452261306,1909.46840679265,1616.3408721024994,0.1813525474418382,0.001831112855644,False,False,,
851,4.329888,709095.0,1781.645728643216,1781.645728643216,1909.401760592313,1616.3408721024994,0.1813113146786956,0.0018197186254198,False,False,,
852,4.334976,709349.0,1782.28391959799,1781.645728643216,1909.498337314814,1616.3408721024994,0.1813710648985705,0.0117376719875927,False,False,,
853,4.340064000000001,707208.0,1776.9045226130654,1781.645728643216,1909.5948204679817,1616.3408721024994,0.1814307572288413,0.0117262998254936,False,False,,
854,4.345152000000001,706921.0,1776.1834170854272,1781.645728643216,1909.6912101424712,1616.3408721024994,0.1814903917255947,-0.2348381258795449,False,False,,
855,4.35024,709892.0,1783.6482412060302,1777.5904522613066,1905.7322300469425,1616.3408721024994,0.1790410444598912,-0.2348494760162296,False,False,,
856,4.355328,707481.0,1777.5904522613066,1777.5904522613066,1905.8284330356923,1616.3408721024994,0.1791005634576536,0.0116922494047564,False,False,,
857,4.360416000000001,709864.0,1783.5778894472362,1777.5904522613066,1905.924542817205,1616.3408721024994,0.179160024789834,0.0365806421451289,False,False,,
858,4.3655040000000005,706529.0,1775.1984924623116,1778.0,1906.4301072204785,1616.3408721024994,0.1794728080721224,0.0365693249665604,False,False,,
859,4.370592,708195.0,1779.3844221105528,1778.0,1906.526030858343,1616.3408721024994,0.1795321542406937,0.0958285200227067,False,False,,
860,4.37568,704566.0,1770.2663316582914,1779.3844221105528,1908.0062836701743,1616.3408721024994,0.1804479590918735,0.0116470025988206,False,False,,
861,4.380768000000001,707644.0,1778.0,1778.0,1906.7175994143572,1616.3408721024994,0.179650674139139,-0.0065426055604156,False,False,,
862,4.385856,709354.0,1782.2964824120604,1779.0854271356784,1907.8986716481836,1616.3408721024994,0.1803813815376904,0.01162444489945,False,False,,
863,4.390944,709875.0,1783.605527638191,1778.0,1906.9087969439336,1616.3408721024994,0.1797689644904357,-0.0439911022579799,False,False,,
864,4.396032000000001,706521.0,1775.178391959799,1778.1708542713568,1907.17511106978,1616.3408721024994,0.1799337280811133,0.0219895445140707,False,False,,
865,4.401120000000001,708076.0,1779.0854271356784,1778.1708542713568,1907.2704784370255,1616.3408721024994,0.179992730095411,-0.1703453072133633,False,False,,
866,4.406208,705244.0,1771.9698492462312,1775.178391959799,1904.373291095076,1616.3408721024994,0.1782002942349102,-0.2102266422064147,False,False,,
867,4.411296,707712.0,1778.1708542713568,1774.5226130653266,1903.8126948620952,1616.3408721024994,0.1778534637843186,-0.0283018636288225,False,False,,
868,4.416384000000001,706260.0,1774.5226130653266,1774.5226130653266,1903.9077853049032,1616.3408721024994,0.1779122944706233,-0.079945621711932,False,False,,
869,4.4214720000000005,705364.0,1772.2713567839196,1773.0175879396984,1902.4977584927472,1616.3408721024994,0.1770399371377781,0.0115458364503844,False,False,,
870,4.42656,705661.0,1773.0175879396984,1774.5226130653266,1904.097689891772,1616.3408721024994,0.1780297849023425,0.0115346501500965,False,False,,
871,4.431648,706646.0,1775.4924623115578,1773.0175879396984,1902.6874790886384,1616.3408721024994,0.1771573137377055,-0.125348610719076,False,False,,
872,4.436736000000001,705250.0,1771.9849246231156,1772.2713567839196,1902.03597039354,1616.3408721024994,0.1767542374396652,-0.0512716487665123,False,False,,
873,4.441824,708526.0,1780.21608040201,1771.9849246231156,1901.8441689206036,1616.3408721024994,0.1766355734398574,-0.0922222209873808,False,False,,
874,4.446912,702684.0,1765.537688442211,1770.5653266331658,1900.5191099346232,1616.3408721024994,0.1758157841188976,-0.3804896420821144,False,False,,
875,4.452000000000001,704685.0,1770.5653266331658,1765.537688442211,1895.585919152569,1616.3408721024994,0.1727637108420292,-0.494000729048949,False,False,,
876,4.457088000000001,701376.0,1762.251256281407,1762.251256281407,1892.393842894339,1616.3408721024994,0.1707888327000951,-0.1883410436718122,False,False,,
877,4.462176,699039.0,1756.3793969849246,1762.251256281407,1892.4881073792435,1616.3408721024994,0.170847152381625,-0.3455411899109464,False,False,,
878,4.467264,697962.0,1753.6733668341708,1756.3793969849246,1886.7104212385675,1616.3408721024994,0.1672726055515615,-0.5100737585322079,False,False,,
879,4.472352000000001,697632.0,1752.8442211055276,1753.6733668341708,1884.0984730030068,1616.3408721024994,0.1656566418148014,-0.2034974867176124,False,False,,
880,4.4774400000000005,703426.0,1767.4020100502512,1752.8442211055276,1883.3633180373424,1616.3408721024994,0.1652018151267228,-0.266598041976863,False,False,,
881,4.482528,696142.0,1749.1005025125628,1749.1005025125628,1879.713499143456,1616.3408721024994,0.1629437401396449,-0.3506265727757967,False,False,,
882,4.487616,695262.0,1746.889447236181,1746.889447236181,1877.5962525904808,1616.3408721024994,0.1616338391221564,-0.1497595132939455,False,False,,
883,4.492704000000001,693754.0,1743.1005025125628,1746.4497487437186,1877.2502719338956,1616.3408721024994,0.1614197873323659,-0.1612274863087535,False,False,,
884,4.4977920000000005,694132.0,1744.0502512562814,1744.0502512562814,1874.9444014828637,1616.3408721024994,0.1599931882214787,-0.1922486036794257,False,False,,
885,4.50288,695087.0,1746.4497487437186,1743.1005025125628,1874.08818906405,1616.3408721024994,0.1594634655413241,-0.2110489884468833,False,False,,
886,4.507968000000001,692651.0,1740.3291457286432,1740.391959798995,1871.4730920517736,1616.3408721024994,0.157845553715043,-0.1533170915631636,False,False,,
887,4.513056000000001,692201.0,1739.1984924623116,1740.391959798995,1871.566447217254,1616.3408721024994,0.157903310817577,0.0075271571184885,False,False,,
888,4.518144,692676.0,1740.391959798995,1740.3291457286432,1871.5968978642868,1616.3408721024994,0.1579221500658807,0.0053775379686946,False,False,,
889,4.523232,692336.0,1739.537688442211,1740.2939698492462,1871.6548963418109,1616.3408721024994,0.1579580326439464,-0.0367949347901674,False,False,,
890,4.528320000000001,692779.0,1740.6507537688442,1739.537688442211,1870.99169901878,1616.3408721024994,0.1575477248094559,-0.0346672799803116,False,False,,
891,4.5334080000000005,690747.0,1735.5452261306532,1739.537688442211,1871.0846929173288,1616.3408721024994,0.1576052584028667,-0.2314318636474137,False,False,,
892,4.538496,692637.0,1740.2939698492462,1735.5452261306532,1867.185134406242,1616.3408721024994,0.1551926741649799,-0.3742725012612187,False,False,,
893,4.543584,687663.0,1727.7964824120604,1733.1959798994974,1864.928701964771,1616.3408721024994,0.1537966614300327,-0.3822269101694306,False,False,,
894,4.548672000000001,688171.0,1729.072864321608,1729.072864321608,1860.8983102529896,1616.3408721024994,0.1513031331270954,-0.3170097360345902,False,False,,
895,4.5537600000000005,683850.0,1718.21608040201,1727.7964824120604,1859.7145623730949,1616.3408721024994,0.1505707703561443,-0.2036734587852553,False,False,,
896,4.558848,689812.0,1733.1959798994974,1725.537688442211,1857.5483126834831,1616.3408721024994,0.1492305520104968,-0.383176219757491,False,False,,
897,4.563936000000001,685081.0,1721.3090452261306,1721.3090452261306,1853.4121240851791,1616.3408721024994,0.1466715691438917,-0.4339031130209321,False,False,,
898,4.569024000000001,680504.0,1709.8090452261306,1718.21608040201,1850.4115243032452,1616.3408721024994,0.1448151539323955,-0.1031907130691642,False,False,,
899,4.574112,686764.0,1725.537688442211,1719.427135678392,1851.7148551330092,1616.3408721024994,0.1456215004476999,-0.0288079446596718,False,False,,
900,4.5792,683588.0,1717.5577889447236,1717.5577889447236,1849.9376945506208,1616.3408721024994,0.1445220042875387,-0.1941040741985027,False,False,,
901,4.584288000000001,682988.0,1716.0502512562814,1716.0502512562814,1848.5222536979743,1616.3408721024994,0.1436462973886559,-0.080462215583978,False,False,,
902,4.589376000000001,684332.0,1719.427135678392,1716.0502512562814,1848.6142613048207,1616.3408721024994,0.1437032207817559,-0.5595253591516727,False,False,,
903,4.594464,676112.0,1698.7738693467336,1706.6633165829146,1839.3192450958009,1616.3408721024994,0.1379525673339288,-0.5595361932884142,False,False,,
904,4.599552,679252.0,1706.6633165829146,1706.6633165829146,1839.4110745040148,1616.3408721024994,0.1380093804788533,-0.4685026386888893,False,False,,
905,4.604640000000001,675839.0,1698.0879396984924,1698.7738693467336,1831.613367706198,1616.3408721024994,0.1331850844826296,-0.5102166653646982,False,False,,
906,4.6097280000000005,674751.0,1695.354271356784,1698.0879396984924,1831.0190896126703,1616.3408721024994,0.1328174156921011,-0.1967659510162551,False,False,,
907,4.614816,680175.0,1708.9824120603016,1695.354271356784,1828.376984028141,1616.3408721024994,0.1311827941650883,-0.2076226339232203,False,False,,
908,4.619904000000001,674407.0,1694.4899497487438,1694.4899497487438,1827.6041364657776,1616.3408721024994,0.1307046477692985,-0.1650136480120085,False,False,,
909,4.624992000000001,673438.0,1692.0552763819096,1692.4572864321608,1825.662858569318,1616.3408721024994,0.1295036152829181,-0.1369167589244782,False,False,,
910,4.63008,673598.0,1692.4572864321608,1692.0552763819096,1825.352145399503,1616.3408721024994,0.1293113828304831,-0.177714179176176,False,False,,
911,4.635168,670903.0,1685.6859296482412,1689.3517587939698,1822.7398362380936,1616.3408721024994,0.1276951957956215,-0.2814483068453928,False,False,,
912,4.640256000000001,672362.0,1689.3517587939698,1687.2437185929648,1820.722916095414,1616.3408721024994,0.1264473648600244,-0.2118009319819673,False,False,,
913,4.645344000000001,671523.0,1687.2437185929648,1685.6859296482412,1819.2561589264271,1616.3408721024994,0.1255399095117728,-0.2718459579969714,False,False,,
914,4.650432,668703.0,1680.1582914572864,1682.5904522613066,1816.2516251181733,1616.3408721024994,0.1236810603914473,-0.3250168175413357,False,False,,
915,4.65552,669671.0,1682.5904522613066,1680.1582914572864,1813.910319781229,1616.3408721024994,0.1222325383764723,-0.579676819213125,False,False,,
916,4.660608000000001,665804.0,1672.8743718592964,1672.8743718592964,1806.7171676240775,1616.3408721024994,0.1177822690791338,-0.622765562419799,False,False,,
917,4.6656960000000005,664554.0,1669.7336683417086,1669.7336683417086,1803.6671436063768,1616.3408721024994,0.1158952760132878,-0.2618066770680709,False,False,,
918,4.670784,660778.0,1660.2462311557788,1668.3869346733668,1802.411001582172,1616.3408721024994,0.1151181243332892,-0.1153214509047284,False,False,,
919,4.675872,663727.0,1667.6557788944724,1667.6557788944724,1801.7703496767856,1616.3408721024994,0.1147217649288813,-0.3589827614151204,False,False,,
920,4.680960000000001,664018.0,1668.3869346733668,1662.3015075376884,1796.5064945079168,1616.3408721024994,0.1114651157531283,-0.4394974240742169,False,False,,
921,4.686048,661596.0,1662.3015075376884,1660.2462311557788,1794.5415467132857,1616.3408721024994,0.1102494391415015,-0.2820135171850655,False,False,,
922,4.691136,659678.0,1657.4824120603016,1657.4824120603016,1791.8679686893222,1616.3408721024994,0.1085953462022532,-0.3102845730327601,False,False,,
923,4.696224000000001,656952.0,1650.6331658291458,1654.962311557789,1789.43802182735,1616.3408721024994,0.1070919833263201,-0.4054640710398107,False,False,,
924,4.701312000000001,656728.0,1650.070351758794,1650.6331658291458,1785.1989423929815,1616.3408721024994,0.1044693438153521,-0.2864754072556579,False,False,,
925,4.7064,658675.0,1654.962311557789,1650.070351758794,1784.7261073552654,1616.3408721024994,0.1041768095820867,-0.1745136482852363,False,False,,
926,4.711488,655738.0,1647.5829145728644,1647.5829145728644,1782.3285620248766,1616.3408721024994,0.1026934929304016,-0.1725383762414729,False,False,,
927,4.716576000000001,654491.0,1644.4497487437186,1647.0527638190954,1781.8882160340163,1616.3408721024994,0.1024210590654536,-0.1795758763419677,False,False,,
928,4.7216640000000005,655527.0,1647.0527638190954,1644.4497487437186,1779.3749187132962,1616.3408721024994,0.1008661288127459,-0.3308178847407124,False,False,,
929,4.726752,651060.0,1635.8291457286432,1641.4321608040202,1776.4469616043016,1616.3408721024994,0.0990546562703323,-0.4374542479176888,False,False,,
930,4.73184,651556.0,1637.0753768844222,1637.0753768844222,1772.1797216756715,1616.3408721024994,0.0964145943859357,-0.3297696903392708,False,False,,
931,4.736928000000001,653290.0,1641.4321608040202,1635.8291457286432,1771.0229477552602,1616.3408721024994,0.09569891990144,-0.1764101743916502,False,False,,
932,4.7420160000000005,648243.0,1628.751256281407,1633.9949748743718,1769.2781474648102,1616.3408721024994,0.0946194444513263,-0.4194603152269582,False,False,,
933,4.747104,647766.0,1627.5527638190954,1628.751256281407,1764.1237128480934,1616.3408721024994,0.0914304917336907,-0.3808228058004115,False,False,,
934,4.752192000000001,650330.0,1633.9949748743718,1627.5527638190954,1763.014417858347,1616.3408721024994,0.0907441915795016,-0.1594854936036238,False,False,,
935,4.757280000000001,645177.0,1621.0477386934674,1625.9497487437186,1761.5005138356637,1616.3408721024994,0.0898075673507802,-0.3713727629773267,False,False,,
936,4.762368,647128.0,1625.9497487437186,1621.2663316582914,1756.9061214667856,1616.3408721024994,0.0869651023434445,-0.2872130338729537,False,False,,
937,4.767456,645264.0,1621.2663316582914,1621.0477386934674,1756.7764669660153,1616.3408721024994,0.0868848875180892,-0.0826791837757223,False,False,,
938,4.772544000000001,644652.0,1619.7286432160804,1619.7286432160804,1755.546223783752,1616.3408721024994,0.0861237589693426,-0.0904803667313522,False,False,,
939,4.7776320000000005,644452.0,1619.2261306532664,1619.3819095477386,1755.2882563250907,1616.3408721024994,0.0859641593062308,-0.0197634012600786,False,False,,
940,4.78272,644424.0,1619.1557788944724,1619.2261306532664,1755.2211576382597,1616.3408721024994,0.0859226465981201,-0.0029703610857421,False,False,,
941,4.787808,641345.0,1611.4195979899498,1619.1557788944724,1755.239400168392,1616.3408721024994,0.0859339329118223,-0.4638547784932774,False,False,,
942,4.792896000000001,644514.0,1619.3819095477386,1611.4195979899498,1747.5917277173237,1616.3408721024994,0.0812024603721715,-0.6247204628607603,False,False,,
943,4.7979840000000005,638980.0,1605.4773869346734,1608.7035175879396,1744.9640700164584,1616.3408721024994,0.0795767774817504,-0.3505284370777382,False,False,,
944,4.803072,640264.0,1608.7035175879396,1605.4773869346734,1741.8262763951102,1616.3408721024994,0.0776354829964686,-0.583954637588679,False,False,,
945,4.808160000000001,633816.0,1592.502512562814,1598.9221105527638,1735.3592514588925,1616.3408721024994,0.0736344550896474,-0.550052536201683,False,False,,
946,4.813248000000001,635309.0,1596.2537688442212,1596.2537688442212,1732.7790756927373,1616.3408721024994,0.0720381483880796,-0.2938860449745242,False,False,,
947,4.818336,636371.0,1598.9221105527638,1593.9120603015076,1730.525447671947,1616.3408721024994,0.0706438706959868,-0.2173641557755576,False,False,,
948,4.823424,633527.0,1591.7763819095478,1592.502512562814,1729.2038951174732,1616.3408721024994,0.0698262507389076,-0.1191504751254761,False,False,,
949,4.828512000000001,634377.0,1593.9120603015076,1591.7763819095478,1728.5656743934037,1616.3408721024994,0.06943139546111,-0.328593458544308,False,False,,
950,4.833600000000001,631595.0,1586.9221105527638,1586.9221105527638,1723.7992277933931,1616.3408721024994,0.0664824837047611,-0.3337976169810845,False,False,,
951,4.838688,631085.0,1585.640703517588,1586.110552763819,1723.075409671319,1616.3408721024994,0.0660346709107106,-0.0672434618854662,False,False,,
952,4.843776,631272.0,1586.110552763819,1585.640703517588,1722.6932150844962,1616.3408721024994,0.0657982142366146,-0.1170532352497293,False,False,,
953,4.848864000000001,630436.0,1584.0100502512562,1584.0100502512562,1721.1501315524702,1616.3408721024994,0.0648435371888092,-0.4276226523871074,False,False,,
954,4.8539520000000005,624395.0,1568.8316582914572,1578.4321608040202,1715.6597269967183,1616.3408721024994,0.0614467261259236,-0.8449706172245222,False,False,,
955,4.85904,628216.0,1578.4321608040202,1569.9371859296482,1707.2521522532093,1616.3408721024994,0.0562451161879329,-0.5730698562727188,False,False,,
956,4.864128000000001,624835.0,1569.9371859296482,1568.8316582914572,1706.2339400673818,1616.3408721024994,0.055615167268493,-0.1600197472642337,False,False,,
957,4.869216000000001,620592.0,1559.2763819095478,1567.1306532663316,1704.6201658981613,1616.3408721024994,0.054616755239772,-0.1025926359042666,False,False,,
958,4.874304,623718.0,1567.1306532663316,1566.9698492462312,1704.5465082194703,1616.3408721024994,0.0545711846055312,-0.10275566658997,False,False,,
959,4.879392,623654.0,1566.9698492462312,1565.2663316582914,1702.9300525403264,1616.3408721024994,0.0535711135765525,-0.4571668637283395,False,False,,
960,4.884480000000001,618685.0,1554.4849246231156,1559.2763819095478,1697.0270803495691,1616.3408721024994,0.049919054600231,-0.6449179558589453,False,False,,
961,4.889568000000001,622976.0,1565.2663316582914,1554.4849246231156,1692.3225163520372,1616.3408721024994,0.0470084284577315,-0.3944033985121624,False,False,,
962,4.894656,613735.0,1542.0477386934674,1552.6155778894472,1690.5399787198285,1616.3408721024994,0.0459056056169715,-0.7456066263512926,False,False,,
963,4.899744,617941.0,1552.6155778894472,1542.0477386934674,1680.0588645194332,1616.3408721024994,0.0394211354279811,-0.7379788971558567,False,False,,
964,4.904832000000001,611968.0,1537.608040201005,1540.3040201005026,1678.401786897665,1616.3408721024994,0.0383959323595141,-0.1271057727088185,False,False,,
965,4.9099200000000005,612834.0,1539.78391959799,1539.78391959799,1677.968243423369,1616.3408721024994,0.038127707084896,-0.0288919225479165,False,False,,
966,4.915008,613041.0,1540.3040201005026,1539.6557788944724,1677.9265758864162,1616.3408721024994,0.0381019281556665,-0.1217796013907976,False,False,,
967,4.920096000000001,612783.0,1539.6557788944724,1537.608040201005,1675.965226579113,1616.3408721024994,0.036888477861143,-0.1494391671570585,False,False,,
968,4.925184000000001,611444.0,1536.2914572864322,1537.0251256281408,1675.4686176931834,1616.3408721024994,0.0365812351906761,-0.0695563702383528,False,False,,
969,4.930272,611736.0,1537.0251256281408,1536.2914572864322,1674.8211714202723,1616.3408721024994,0.0361806722375976,-0.2348517968097803,False,False,,
970,4.93536,608546.0,1529.0100502512562,1532.9899497487438,1671.6058024142596,1616.3408721024994,0.0341913833063399,-0.4322266085521247,False,False,,
971,4.940448000000001,610130.0,1532.9899497487438,1529.0100502512562,1667.711957992261,1616.3408721024994,0.0317823342689709,-0.7692231582947464,False,False,,
972,4.945536000000001,604783.0,1519.5552763819096,1520.1658291457286,1658.9537085868928,1616.3408721024994,0.0263637684475327,-0.5643834404667274,False,False,,
973,4.950624,602022.0,1512.6180904522614,1519.5552763819096,1658.429044228683,1616.3408721024994,0.0260391683787817,-0.0914516258913296,False,False,,
974,4.955712,605026.0,1520.1658291457286,1518.4899497487438,1657.4495227872774,1616.3408721024994,0.0254331567024626,-0.4113391355049791,False,False,,
975,4.960800000000001,604359.0,1518.4899497487438,1512.6180904522614,1651.663385549328,1616.3408721024994,0.0218533813358824,-0.6383491487940094,False,False,,
976,4.9658880000000005,600112.0,1507.819095477387,1507.819095477387,1646.950029580304,1616.3408721024994,0.0189373157643344,-0.5182906500122693,False,False,,
977,4.970976,598049.0,1502.6356783919598,1503.9221105527638,1643.1386006893156,1616.3408721024994,0.0165792556813578,-0.3047436188291288,False,False,,
978,4.976064000000001,597623.0,1501.5653266331658,1502.6356783919598,1641.9376416703187,1616.3408721024994,0.0158362446991293,-0.1328997913982019,False,False,,
979,4.981152000000001,598561.0,1503.9221105527638,1501.5653266331658,1640.9526802418147,1616.3408721024994,0.0152268674040896,-0.1035801234973994,False,False,,
980,4.98624,595068.0,1495.145728643216,1500.7613065326634,1640.2339677403183,1616.3408721024994,0.0147822133624198,-0.3249380040513823,False,False,,
981,4.991328,597303.0,1500.7613065326634,1496.0502512562814,1635.6081374118132,1616.3408721024994,0.0119202982748629,-0.3310584102003258,False,False,,
982,4.996416000000001,594369.0,1493.389447236181,1495.145728643216,1634.7887571755732,1616.3408721024994,0.0114133629802216,-0.1514238335646949,False,False,,
983,5.001504000000001,590915.0,1484.711055276382,1493.389447236181,1633.1175356543113,1616.3408721024994,0.0103794093445086,-0.6240702792231613,False,False,,
984,5.006592,595428.0,1496.0502512562814,1484.711055276382,1624.524121169156,1616.3408721024994,0.005062823818847,-0.5420486994177717,False,False,,
985,5.01168,588318.0,1478.1859296482412,1484.3040201005026,1624.2019811366354,1616.3408721024994,0.0048635217792336,-0.333695397149863,False,False,,
986,5.016768000000001,588663.0,1479.0527638190954,1479.0527638190954,1619.0355377470696,1616.3408721024994,0.0016671394574493,-0.3616602951475551,False,False,,
987,5.0218560000000005,590753.0,1484.3040201005026,1478.1859296482412,1618.25343429623,1616.3408721024994,0.0011832666158115,-0.4482846486343543,False,False,,
988,5.026944,585661.0,1471.5100502512562,1471.5100502512562,1611.6622035270452,1616.3408721024994,-0.0028946051270535,-0.624731298493378,False,False,,
989,5.032032,581467.0,1460.9723618090452,1467.7412060301508,1607.977925921062,1616.3408721024994,-0.0051739990776568,-0.5336968878516184,False,False,,
990,5.037120000000001,581550.0,1461.180904522613,1462.5628140703518,1602.8840186431655,1616.3408721024994,-0.008325504657832,-0.3885857730951108,False,False,,
991,5.0422080000000005,578693.0,1454.002512562814,1461.180904522613,1601.586511923492,1616.3408721024994,-0.0091282479046732,-0.0864383721302624,False,False,,
992,5.047296,584161.0,1467.7412060301508,1460.9723618090452,1601.462290263457,1616.3408721024994,-0.0092051015326295,-0.2424152741776025,False,False,,
993,5.052384000000001,582100.0,1462.5628140703518,1457.0251256281408,1597.5992934407805,1616.3408721024994,-0.011595065734705,-0.374103481797129,False,False,,
994,5.057472000000001,578951.0,1454.6507537688442,1454.6507537688442,1595.3090793235583,1616.3408721024994,-0.0130119785633974,-0.1341289746686411,False,False,,
995,5.06256,579896.0,1457.0251256281408,1454.6507537688442,1595.3931555285546,1616.3408721024994,-0.012959962180933,-0.3542646378909895,False,False,,
996,5.067648,575624.0,1446.2914572864322,1448.6557788944724,1589.4821754010984,1616.3408721024994,-0.0166169755185759,-0.4980207795663576,False,False,,
997,5.072736000000001,572784.0,1439.1557788944724,1446.2914572864322,1587.2017671608146,1616.3408721024994,-0.0180278216338001,-0.1335476391625227,False,False,,
998,5.077824000000001,576565.0,1448.6557788944724,1446.2914572864322,1587.285599228257,1616.3408721024994,-0.0179759562946941,-0.0924653427546327,False,False,,
999,5.082912,574952.0,1444.6030150753768,1444.6030150753768,1585.6809078630984,1616.3408721024994,-0.0189687489616711,-0.1477739808489446,False,False,,
1000,5.088,574365.0,1443.1281407035176,1443.6934673366834,1584.8550298274488,1616.3408721024994,-0.0194797043238129,-0.0451297786753015,False,False,,
1001,5.093088000000001,575701.0,1446.4849246231156,1443.6934673366834,1584.9386184662555,1616.3408721024994,-0.0194279895894709,-0.0242116447288884,False,False,,
1002,5.0981760000000005,571610.0,1436.2060301507538,1443.1281407035176,1584.456799486199,1616.3408721024994,-0.019726082020574,-0.445072598331387,False,False,,
1003,5.103264,574590.0,1443.6934673366834,1436.2060301507538,1577.6181156793116,1616.3408721024994,-0.0239570483500909,-0.4508872744842207,False,False,,
1004,5.108352000000001,568958.0,1429.5427135678392,1435.5452261306532,1577.0406575762418,1616.3408721024994,-0.0243143109257249,-0.1204793295245965,False,False,,
1005,5.113440000000001,570755.0,1434.0577889447236,1434.0577889447236,1575.636485556809,1616.3408721024994,-0.0251830460073332,-0.0852018092057305,False,False,,
1006,5.118528,569263.0,1430.3090452261306,1433.9773869346734,1575.639268040958,1616.3408721024994,-0.0251813245362024,-0.0581732666684144,False,False,,
1007,5.123616,571347.0,1435.5452261306532,1432.9346733668342,1574.6796583731802,1616.3408721024994,-0.0257750171689509,-0.0532947730959953,False,False,,
1008,5.128704000000001,570723.0,1433.9773869346734,1432.9346733668342,1574.7626817571888,1616.3408721024994,-0.0257236521472271,-0.0597204378013946,False,False,,
1009,5.133792000000001,564737.0,1418.9371859296482,1431.786432160804,1573.6973834971227,1616.3408721024994,-0.0263827323440178,-0.0317753126502102,False,False,,
1010,5.13888,570308.0,1432.9346733668342,1432.2462311557788,1574.2400450779503,1616.3408721024994,-0.0260469977287557,0.0100708931469091,False,False,,
1011,5.143968,569840.0,1431.7587939698492,1431.786432160804,1573.8630283865753,1616.3408721024994,-0.0262802509353549,-0.0195741147746213,False,False,,
1012,5.149056000000001,569851.0,1431.786432160804,1431.7587939698492,1573.918092294749,1616.3408721024994,-0.0262461839207022,0.0083710387644191,False,False,,
1013,5.1541440000000005,570034.0,1432.2462311557788,1431.7587939698492,1574.0007142671132,1616.3408721024994,-0.0261950672448882,-0.1978633818780384,False,False,,
1014,5.159232,567692.0,1426.3618090452262,1428.3391959798994,1570.663658200395,1616.3408721024994,-0.028259641694693,-0.3180944626343804,False,False,,
1015,5.164320000000001,568479.0,1428.3391959798994,1426.3618090452262,1568.7687332173773,1616.3408721024994,-0.0294319964966556,-0.185814867471973,False,False,,
1016,5.169408000000001,566904.0,1424.3819095477386,1425.1180904522614,1567.607396681973,1616.3408721024994,-0.030150493786088,-0.1103616197804258,False,False,,
1017,5.174496,567197.0,1425.1180904522614,1424.3819095477386,1566.9535180183218,1616.3408721024994,-0.0305550363395411,-0.0770698532751517,False,False,,
1018,5.179584,566627.0,1423.6859296482412,1423.6859296482412,1566.339760620339,1616.3408721024994,-0.0309347566130159,-0.4325497931752213,False,False,,
1019,5.184672000000001,563818.0,1416.6281407035176,1417.1030150753768,1559.8389888868871,1616.3408721024994,-0.034956663034893,-0.4191166809877278,False,False,,
1020,5.189760000000001,563499.0,1415.8266331658292,1416.6281407035176,1559.446177769521,1616.3408721024994,-0.0351996879587478,-0.0676278395478289,False,False,,
1021,5.194848,559238.0,1405.1206030150754,1415.8266331658292,1558.7266539785128,1616.3408721024994,-0.0356448439301317,-0.4224967152111669,False,False,,
1022,5.199936,564007.0,1417.1030150753768,1409.5150753768844,1552.4970005054668,1616.3408721024994,-0.0394990145327364,-0.3737762403907645,False,False,,
1023,5.205024000000001,559647.0,1406.1482412060302,1409.5150753768844,1552.5788254675415,1616.3408721024994,-0.0394483909523476,-0.1947523088375717,False,False,,
1024,5.2101120000000005,557057.0,1399.640703517588,1406.1482412060302,1549.2937369818212,1616.3408721024994,-0.0414808140274673,-0.1947619439411938,False,False,,
1025,5.2152,560987.0,1409.5150753768844,1406.1482412060302,1549.375403466822,1616.3408721024994,-0.0414302884938931,-0.0433873770332313,False,False,,
1026,5.220288000000001,561906.0,1411.824120603015,1405.2713567839196,1548.5801064063132,1616.3408721024994,-0.0419223239761576,-0.0849474479742919,False,False,,
1027,5.225376000000001,559298.0,1405.2713567839196,1404.5879396984924,1547.9781976357483,1616.3408721024994,-0.0422947137244795,0.0099062987367979,False,False,,
1028,5.230464,559026.0,1404.5879396984924,1405.2713567839196,1548.7430440658836,1616.3408721024994,-0.0418215174802119,0.0098967009191746,False,False,,
1029,5.235552,557189.0,1399.9723618090452,1404.5879396984924,1548.1409774315212,1616.3408721024994,-0.042194004895926,-0.2716477686315892,False,False,,
1030,5.240640000000001,557160.0,1399.8994974874372,1400.640703517588,1544.2750128844752,1616.3408721024994,-0.0445858051738074,-0.2707407937169677,False,False,,
1031,5.245728000000001,560329.0,1407.8618090452262,1399.9723618090452,1543.6878640689474,1616.3408721024994,-0.0449490632127903,-0.0351959488240218,False,False,,
1032,5.250816,555147.0,1394.8417085427136,1399.8994974874372,1543.6961139757998,1616.3408721024994,-0.0449439591490407,-0.3020755242384654,False,False,,
1033,5.255904,557455.0,1400.640703517588,1394.8417085427136,1538.719360671197,1616.3408721024994,-0.0480229837474408,-0.3720487085937254,False,False,,
1034,5.260992000000001,552212.0,1387.467336683417,1393.6180904522614,1537.5766997086664,1616.3408721024994,-0.0487299268076902,-0.4385084261454937,False,False,,
1035,5.2660800000000005,554660.0,1393.6180904522614,1387.467336683417,1531.5068246316127,1616.3408721024994,-0.052485245491897,-0.640312629620154,False,False,,
1036,5.271168,550073.0,1382.0929648241206,1382.9246231155778,1527.0449113954269,1616.3408721024994,-0.0552457481267045,-0.2663680628114351,False,False,,
1037,5.276256000000001,550034.0,1381.9949748743718,1382.9246231155778,1527.1256334428622,1616.3408721024994,-0.0551958068990658,-0.0407524989742853,False,False,,
1038,5.281344000000001,550404.0,1382.9246231155778,1382.0929648241206,1526.3746189904691,1616.3408721024994,-0.0556604455562668,-0.0467196061386054,False,False,,
1039,5.2864320000000005,549918.0,1381.7035175879396,1381.9949748743718,1526.357194747187,1616.3408721024994,-0.0556712256111322,0.0038341347461745,False,False,,
1040,5.29152,552379.0,1387.8869346733668,1381.9949748743718,1526.4376823967543,1616.3408721024994,-0.0556214294010897,-0.0079377969164777,False,False,,
1041,5.296608000000001,548961.0,1379.2989949748744,1381.7035175879396,1526.2266347786174,1616.3408721024994,-0.0557520006325543,-0.1541376604123057,False,False,,
1042,5.301696000000001,547045.0,1374.4849246231156,1379.2989949748744,1523.902443928128,1616.3408721024994,-0.0571899342334452,-0.2030300165067187,False,False,,
1043,5.306784,551059.0,1384.570351758794,1378.2035175879396,1522.887220473529,1616.3408721024994,-0.0578180340805266,-0.0568490899179892,False,False,,
1044,5.311872,544294.0,1367.572864321608,1378.2035175879396,1522.9673966510318,1616.3408721024994,-0.0577684305724506,0.0097443943879849,False,False,,
1045,5.316960000000001,548525.0,1378.2035175879396,1378.2035175879396,1523.0474951490353,1616.3408721024994,-0.0577188751232344,0.3968263199743269,False,False,,
1046,5.322048000000001,544538.0,1368.1859296482412,1384.570351758794,1529.494350213654,1616.3408721024994,-0.0537303259403924,1.272431613112805,True,False,1046.0,3.0
1047,5.327136,556791.0,1398.9723618090452,1398.9723618090452,1543.976303628618,1616.3408721024994,-0.0447706110281991,0.9204653993968108,False,False,,
1048,5.332224000000001,557021.0,1399.5502512562814,1399.5502512562814,1544.6340589866309,1616.3408721024994,-0.0443636700361316,0.3971035700035932,False,False,,
1049,5.337312000000001,559327.0,1405.3442211055276,1405.3442211055276,1550.507817367759,1616.3408721024994,-0.040729685099843,0.8701888625755543,False,False,,
1050,5.3424000000000005,566517.0,1423.4095477386934,1413.7035175879396,1558.946825078128,1616.3408721024994,-0.0355086281705632,0.9920811683323864,False,False,,
1051,5.347488,562654.0,1413.7035175879396,1421.502512562814,1566.8254540519306,1616.3408721024994,-0.0306342671308931,0.5997866087728991,False,False,,
1052,5.352576000000001,565758.0,1421.502512562814,1423.4095477386934,1568.8120460725338,1616.3408721024994,-0.0294051996396905,0.1645667725937762,False,False,,
1053,5.357664000000001,566772.0,1424.0502512562814,1424.0502512562814,1569.5322293553932,1616.3408721024994,-0.0289596356529786,0.7060881442625577,False,False,,
1054,5.362752,571076.0,1434.8643216080402,1434.8643216080402,1580.4257024676497,1616.3408721024994,-0.0222200466836751,1.0613962748837733,False,False,,
1055,5.36784,573657.0,1441.3492462311558,1441.3492462311558,1586.9899529210963,1616.3408721024994,-0.0181588671597619,0.809792812651212,False,False,,
1056,5.372928000000001,576314.0,1448.0251256281408,1448.0251256281408,1593.7450812927802,1616.3408721024994,-0.013979595022136,0.497849545040232,False,False,,
1057,5.378016000000001,576853.0,1449.3793969849246,1449.3793969849246,1595.178524843093,1616.3408721024994,-0.0130927501894317,0.2289843312167871,False,False,,
1058,5.383104,579177.0,1455.2185929648242,1451.6331658291458,1597.511389174064,1616.3408721024994,-0.0116494504676741,0.2667064873847937,False,False,,
1059,5.388192000000001,577750.0,1451.6331658291458,1453.608040201005,1599.5652824002116,1616.3408721024994,-0.010378744973804,0.2275908635677566,False,False,,
1060,5.393280000000001,578536.0,1453.608040201005,1455.2185929648242,1601.2547774601037,1616.3408721024994,-0.0093334858400084,0.5486810271107532,False,False,,
1061,5.3983680000000005,582065.0,1462.4748743718592,1462.4748743718592,1608.5899246791705,1616.3408721024994,-0.0047953668419252,0.8955874747063526,False,False,,
1062,5.403456,588285.0,1478.1030150753768,1469.7914572864322,1615.9852969958367,1616.3408721024994,-0.000219987697397,0.951182472746844,False,False,,
1063,5.408544000000001,584977.0,1469.7914572864322,1477.962311557789,1624.2348643333787,1616.3408721024994,0.0048838660007471,0.5148934228539279,False,False,,
1064,5.413632000000001,590000.0,1482.4120603015076,1478.1030150753768,1624.454204655202,1616.3408721024994,0.0050195677735655,0.2141016361417948,False,False,,
1065,5.41872,589568.0,1481.3266331658292,1481.3266331658292,1627.7563833618278,1616.3408721024994,0.0070625642501259,0.2715297694353415,False,False,,
1066,5.423808,588229.0,1477.962311557789,1482.4120603015076,1628.920294999433,1616.3408721024994,0.0077826547073394,0.2571611704711107,False,False,,
1067,5.428896000000001,591189.0,1485.3994974874372,1485.3994974874372,1631.986140646787,1616.3408721024994,0.0096794363208402,0.6747951000349967,False,False,,
1068,5.433984000000001,594355.0,1493.354271356784,1493.354271356784,1640.019247010728,1616.3408721024994,0.0146493696452953,0.9277548107977032,False,False,,
1069,5.439072,598104.0,1502.7738693467336,1500.502512562814,1647.2457448181235,1616.3408721024994,0.0191202692755172,0.5822046748984997,False,False,,
1070,5.44416,598363.0,1503.4246231155778,1502.7738693467336,1649.5952823837097,1616.3408721024994,0.0205738844170621,0.1871606241950711,False,False,,
1071,5.449248000000001,604368.0,1518.5125628140704,1503.4246231155778,1650.3241411879806,1616.3408721024994,0.0210248157873261,0.1964697186606163,False,False,,
1072,5.4543360000000005,597200.0,1500.502512562814,1505.8492462311558,1652.8267936661323,1616.3408721024994,0.0225731602741525,0.7117167091743362,False,False,,
1073,5.459424,599328.0,1505.8492462311558,1514.9748743718592,1662.0303755698735,1616.3408721024994,0.0282672450198838,0.7793797685964412,False,False,,
1074,5.464512000000001,602960.0,1514.9748743718592,1518.5125628140704,1665.6459422488315,1616.3408721024994,0.0305041287993896,0.3049010611293621,False,False,,
1075,5.469600000000001,604894.0,1519.8341708542714,1519.8341708542714,1667.0453530726631,1616.3408721024994,0.0313699182179366,0.3594268622922856,False,False,,
1076,5.474688,606887.0,1524.8417085427136,1524.2688442211056,1671.5577538431148,1616.3408721024994,0.0341616565500757,0.2790664542437118,False,False,,
1077,5.479776,607612.0,1526.6633165829146,1524.2688442211056,1671.635405939752,1616.3408721024994,0.0342096984563205,0.0442666819169477,False,False,,
1078,5.484864000000001,608959.0,1530.0477386934674,1524.8417085427136,1672.285847123979,1616.3408721024994,0.0346121143052626,0.1550078305005433,False,False,,
1079,5.489952000000001,606659.0,1524.2688442211056,1526.6633165829146,1674.184956865672,1616.3408721024994,0.0357870581394939,0.3259360433564109,False,False,,
1080,5.49504,605578.0,1521.5527638190954,1530.0477386934674,1677.6468055894102,1616.3408721024994,0.0379288394824573,0.4499672447279765,False,False,,
1081,5.500128,610496.0,1533.9095477386934,1533.9095477386934,1681.5859662322653,1616.3408721024994,0.0403659248218456,0.424600129575408,False,False,,
1082,5.505216000000001,611677.0,1536.8768844221106,1536.8768844221106,1684.6305795704347,1616.3408721024994,0.0422495704010167,0.4378810563007187,False,False,,
1083,5.5103040000000005,613301.0,1540.9572864321608,1540.9572864321608,1688.7881833649697,1616.3408721024994,0.0448218024507618,0.3355234107648366,False,False,,
1084,5.515392,615311.0,1546.0075376884422,1542.2412060301508,1690.1492299497154,1616.3408721024994,0.0456638566289595,0.3164194420659552,False,False,,
1085,5.520480000000001,613812.0,1542.2412060301508,1546.0075376884422,1693.9926138695023,1616.3408721024994,0.0480416866932253,0.478640443534073,False,False,,
1086,5.525568000000001,617631.0,1551.8366834170854,1549.9597989949748,1698.0218527846685,1616.3408721024994,0.0505345017823624,0.3637565844619992,False,False,,
1087,5.5306560000000005,618222.0,1553.321608040201,1551.8366834170854,1699.9756402348787,1616.3408721024994,0.0517432736967104,0.1498848866987234,False,False,,
1088,5.535744,616884.0,1549.9597989949748,1552.2713567839196,1700.487142121537,1616.3408721024994,0.0520597303894086,0.0357648403186914,False,False,,
1089,5.540832000000001,617804.0,1552.2713567839196,1552.2713567839196,1700.5638962052735,1616.3408721024994,0.0521072167117934,0.073181754412638,False,False,,
1090,5.545920000000001,621085.0,1560.5150753768844,1553.321608040201,1701.690827181322,1616.3408721024994,0.0528044279223115,0.4278791698944335,False,False,,
1091,5.551008,621625.0,1561.8718592964824,1559.1557788944724,1707.6016034634392,1616.3408721024994,0.056461315144639,0.4466595005952154,False,False,,
1092,5.556096,617365.0,1551.1683417085428,1560.5150753768844,1709.0374311537546,1616.3408721024994,0.0573496350003682,0.17443389953059,False,False,,
1093,5.561184000000001,620544.0,1559.1557788944724,1561.8718592964824,1710.4706721332218,1616.3408721024994,0.0582363545062623,0.0928515690222573,False,False,,
1094,5.5662720000000006,627000.0,1575.3768844221106,1561.889447236181,1710.5646430565948,1616.3408721024994,0.0582944925667389,0.6837144704157998,False,False,,
1095,5.57136,621632.0,1561.889447236181,1572.964824120603,1721.716328920266,1616.3408721024994,0.0651938329572132,0.7762774445976799,False,False,,
1096,5.576448000000001,626040.0,1572.964824120603,1574.5050251256282,1723.3327649718146,1616.3408721024994,0.0661938918429642,0.1559140629917177,False,False,,
1097,5.581536000000001,626653.0,1574.5050251256282,1575.3768844221106,1724.2807854537257,1616.3408721024994,0.066780414462217,0.0092564231793934,False,False,,
1098,5.5866240000000005,629474.0,1581.5929648241206,1574.5050251256282,1723.485013553138,1616.3408721024994,0.0662880852052377,0.1678113217997285,False,False,,
1099,5.591712,629467.0,1581.5753768844222,1577.9849246231156,1727.040926728478,1616.3408721024994,0.068488062472851,0.4391023887409329,False,False,,
1100,5.596800000000001,628038.0,1577.9849246231156,1581.5753768844222,1730.7073190210174,1616.3408721024994,0.0707563911130656,0.2285915030086238,False,False,,
1101,5.601888000000001,626410.0,1573.894472361809,1581.5929648241206,1730.8007734166822,1616.3408721024994,0.0708142096074672,0.0484796717028697,False,False,,
1102,5.606976,630006.0,1582.929648241206,1582.2211055276382,1731.5047070721837,1616.3408721024994,0.071249720252314,0.0904794697991082,False,False,,
1103,5.612064,636852.0,1600.1306532663316,1582.929648241206,1732.2889693049683,1616.3408721024994,0.0717349286921429,0.7019649176182652,False,False,,
1104,5.617152000000001,629724.0,1582.2211055276382,1593.6155778894472,1743.0505451108052,1616.3408721024994,0.0783929152539988,0.7267029633169484,False,False,,
1105,5.622240000000001,635889.0,1597.711055276382,1594.7311557788944,1744.241695867304,1616.3408721024994,0.0791298580468575,0.1649991249345657,False,False,,
1106,5.627328,635279.0,1596.178391959799,1596.178391959799,1745.7644316957246,1616.3408721024994,0.0800719463493328,0.0971652194236361,False,False,,
1107,5.632416000000001,634259.0,1593.6155778894472,1596.178391959799,1745.8398581946444,1616.3408721024994,0.0801186113197123,0.102350135954663,False,False,,
1108,5.637504000000001,634703.0,1594.7311557788944,1597.711055276382,1747.4478749324217,1616.3408721024994,0.0811134613328074,0.2635020244924186,False,False,,
1109,5.6425920000000005,636944.0,1600.3618090452262,1600.3618090452262,1750.1739091155368,1616.3408721024994,0.082800007920947,0.3788262144677956,False,False,,
1110,5.64768,639423.0,1606.5904522613066,1603.7914572864322,1753.6787648348238,1616.3408721024994,0.0849683968912315,0.2315576509703216,False,False,,
1111,5.652768000000001,638309.0,1603.7914572864322,1604.0201005025126,1753.9825426634602,1616.3408721024994,0.0851563385772208,0.179305208921841,False,False,,
1112,5.657856000000001,642805.0,1615.0879396984924,1606.5904522613066,1756.627956239882,1616.3408721024994,0.08679300669722,0.6116043992375175,False,False,,
1113,5.662944,642344.0,1613.929648241206,1613.929648241206,1764.0421413130086,1616.3408721024994,0.0913800249438615,0.5107746047434052,False,False,,
1114,5.668032,638400.0,1604.0201005025126,1614.8417085427136,1765.0291180538031,1616.3408721024994,0.0919906490750886,0.0795270501353151,False,False,,
1115,5.673120000000001,642707.0,1614.8417085427136,1615.0879396984924,1765.3501930653197,1616.3408721024994,0.0921892922060384,0.0497302188694437,False,False,,
1116,5.678208000000001,645072.0,1620.78391959799,1615.5100502512562,1765.8470749605954,1616.3408721024994,0.0924967037823041,0.1167826172977744,False,False,,
1117,5.683296,643510.0,1616.859296482412,1616.859296482412,1767.2710200912927,1616.3408721024994,0.0933776721196605,0.2284406592410448,False,False,,
1118,5.688384000000001,644761.0,1620.002512562814,1619.1180904522614,1769.6044405879002,1616.3408721024994,0.0948213159307411,0.200171443829964,False,False,,
1119,5.693472000000001,642973.0,1615.5100502512562,1620.002512562814,1770.5634169225464,1616.3408721024994,0.0954146167320744,0.0628322938824172,False,False,,
1120,5.6985600000000005,644409.0,1619.1180904522614,1620.002512562814,1770.637898914027,1616.3408721024994,0.0954606973532886,0.1194971127910111,False,False,,
1121,5.703648,646509.0,1624.394472361809,1621.819095477387,1772.5288916574502,1616.3408721024994,0.0966306193518357,0.2420010795024172,False,False,,
1122,5.708736000000001,646286.0,1623.8341708542714,1623.8341708542714,1774.6183047704708,1616.3408721024994,0.0979233003383053,0.1656128056043275,False,False,,
1123,5.713824000000001,645484.0,1621.819095477387,1624.394472361809,1775.252871991278,1616.3408721024994,0.0983158952616656,0.0478268447207721,False,False,,
1124,5.718912,650615.0,1634.711055276382,1624.4723618090452,1775.404955198697,1616.3408721024994,0.0984099863101839,0.11885104584805,False,False,,
1125,5.724,649919.0,1632.962311557789,1626.2010050251256,1777.2077202915862,1616.3408721024994,0.0995253235042153,0.3881564684592078,False,False,,
1126,5.729088000000001,646540.0,1624.4723618090452,1630.7085427135678,1781.789308043108,1616.3408721024994,0.1023598665332252,0.2830495319766175,False,False,,
1127,5.734176000000001,647228.0,1626.2010050251256,1630.7085427135678,1781.863286362036,1616.3408721024994,0.10240563554161,0.0089911235262789,False,False,,
1128,5.739264,649022.0,1630.7085427135678,1630.7085427135678,1781.9371930063223,1616.3408721024994,0.1024513602062286,-0.0095014295054465,False,False,,
1129,5.744352000000001,649680.0,1632.3618090452262,1630.4045226130654,1781.7070079449072,1616.3408721024994,0.1023089489949625,0.0089737096844348,False,False,,
1130,5.749440000000001,648901.0,1630.4045226130654,1630.7085427135678,1782.0847915486734,1616.3408721024994,0.1025426766759774,0.1279642950266915,False,False,,
1131,5.7545280000000005,654055.0,1643.354271356784,1632.3618090452262,1783.8117499170803,1616.3408721024994,0.103611113661154,0.266660802874501,False,False,,
1132,5.759616,648080.0,1628.3417085427136,1634.9472361809046,1786.470797692233,1616.3408721024994,0.1052562170060282,0.2081454192936238,False,False,,
1133,5.764704000000001,650709.0,1634.9472361809046,1635.6381909547738,1787.235301777476,1616.3408721024994,0.1057292014478858,0.3899199887014468,False,False,,
1134,5.769792000000001,650984.0,1635.6381909547738,1641.213567839196,1792.8841567142788,1616.3408721024994,0.1092240428110538,0.3479025965071596,False,False,,
1135,5.7748800000000005,653973.0,1643.1482412060302,1641.213567839196,1792.957563576706,1616.3408721024994,0.1092694582699425,0.0373348487024127,False,False,,
1136,5.779968,653203.0,1641.213567839196,1641.680904522613,1793.49823600157,1616.3408721024994,0.1096039622314495,0.1265374748047225,False,False,,
1137,5.785056000000001,656625.0,1649.8115577889448,1643.1482412060302,1795.03883737436,1616.3408721024994,0.1105571036135555,0.1051425759842175,False,False,,
1138,5.790144000000001,654019.0,1643.2638190954774,1643.2638190954774,1795.2276089699458,1616.3408721024994,0.1106738930846651,0.2227583972716207,False,False,,
1139,5.795232,653389.0,1641.680904522613,1646.6658291457286,1798.7027418118737,1616.3408721024994,0.1128238930641914,0.3310559264601203,False,False,,
1140,5.80032,659665.0,1657.4497487437186,1648.5628140703518,1800.6727786824183,1616.3408721024994,0.1140427181923231,0.1242115977106514,False,False,,
1141,5.805408000000001,655373.0,1646.6658291457286,1648.5628140703518,1800.745759851224,1616.3408721024994,0.1140878702824948,0.3273724974284349,False,False,,
1142,5.8104960000000005,656128.0,1648.5628140703518,1653.8015075376884,1806.0573637788236,1616.3408721024994,0.1173740607261544,0.5491700063951637,False,False,,
1143,5.815584,658213.0,1653.8015075376884,1657.4497487437186,1809.7784448050809,1616.3408721024994,0.1196762242675718,0.2410464698081735,False,False,,
1144,5.820672000000001,660354.0,1659.180904522613,1657.6206030150754,1810.0220683250689,1616.3408721024994,0.1198269496029221,0.0192317900379332,False,False,,
1145,5.825760000000001,659733.0,1657.6206030150754,1657.6206030150754,1810.0947670704784,1616.3408721024994,0.1198719269629978,0.1036989614802994,False,False,,
1146,5.8308480000000005,662358.0,1664.21608040201,1659.180904522613,1811.7276968885117,1616.3408721024994,0.1208821902349456,0.3233578773686627,False,False,,
1147,5.835936,662580.0,1664.7738693467336,1662.7939698492462,1815.413320158968,1616.3408721024994,0.1231624167231011,0.2284859713581877,False,False,,
1148,5.841024000000001,658329.0,1654.0929648241206,1662.7939698492462,1815.4858078042944,1616.3408721024994,0.1232072634794862,0.0883974025616147,False,False,,
1149,5.846112000000001,661792.0,1662.7939698492462,1664.1030150753768,1816.867270445364,1616.3408721024994,0.124061948691568,0.0883888669514707,False,False,,
1150,5.8512,662313.0,1664.1030150753768,1664.1030150753768,1816.939617697959,1616.3408721024994,0.1241067085895844,0.0087928881636365,False,False,,
1151,5.856288,658903.0,1655.535175879397,1664.1030150753768,1817.0118948561872,1616.3408721024994,0.1241514251215212,0.0404054870306609,False,False,,
1152,5.861376000000001,664489.0,1669.570351758794,1664.6231155778894,1817.6042024904732,1616.3408721024994,0.1245178748256084,0.1519110636467928,False,False,,
1153,5.866464000000001,663250.0,1666.4572864321608,1666.4572864321608,1819.5105105179089,1616.3408721024994,0.1256972721051909,0.1546522234978944,False,False,,
1154,5.871552,662520.0,1664.6231155778894,1667.0226130653266,1820.1479044334096,1616.3408721024994,0.1260916158519229,0.185653811006734,False,False,,
1155,5.876640000000001,664408.0,1669.3668341708542,1669.3668341708542,1822.5641229981584,1616.3408721024994,0.1275864852859957,0.1092658129496531,False,False,,
1156,5.881728000000001,663475.0,1667.0226130653266,1668.675879396985,1821.945095928044,1616.3408721024994,0.127203504764499,0.008741897339588,False,False,,
1157,5.8868160000000005,666622.0,1674.929648241206,1669.3668341708542,1822.707908717786,1616.3408721024994,0.1276754428333233,0.0704480733162302,False,False,,
1158,5.891904,664537.0,1669.6909547738694,1669.6909547738694,1823.103817716309,1616.3408721024994,0.1279203843585649,0.287051907724793,False,False,,
1159,5.896992000000001,664133.0,1668.675879396985,1673.9447236180904,1827.429305403126,1616.3408721024994,0.1305964830463314,0.2673375403711358,False,False,,
1160,5.902080000000001,666230.0,1673.9447236180904,1673.9447236180904,1827.5009547601965,1616.3408721024994,0.1306408111693821,0.0087080678411695,False,False,,
1161,5.907168,667650.0,1677.5125628140704,1673.9447236180904,1827.5725346990637,1616.3408721024994,0.1306850963446831,0.225617444867705,False,False,,
1162,5.912256,669118.0,1681.2010050251256,1677.5125628140704,1831.211884482964,1616.3408721024994,0.1329366942883558,0.4327502525393303,False,False,,
1163,5.917344000000001,663482.0,1667.0402010050252,1680.9195979899498,1834.690360963008,1616.3408721024994,0.1350887629145235,0.2329330287300521,False,False,,
1164,5.922432000000001,669006.0,1680.9195979899498,1681.2010050251256,1835.0431400857192,1616.3408721024994,0.1353070207887133,0.1229381191274363,False,False,,
1165,5.92752,669754.0,1682.7989949748744,1682.7989949748744,1836.7124329734352,1616.3408721024994,0.1363397812147642,0.1661605186384687,False,False,,
1166,5.932608000000001,671111.0,1686.2085427135678,1683.7914572864322,1837.7761291403888,1616.3408721024994,0.1369978702263783,0.1754704229881003,False,False,,
1167,5.937696000000001,671372.0,1686.8643216080402,1685.5427135678392,1839.5985502615508,1616.3408721024994,0.1381253682390911,0.1556033619091117,False,False,,
1168,5.9427840000000005,671282.0,1686.6381909547738,1686.2085427135678,1840.3354752982607,1616.3408721024994,0.1385812900371654,0.0491219424103714,False,False,,
1169,5.947872,670149.0,1683.7914572864322,1686.2085427135678,1840.4065023072696,1616.3408721024994,0.1386252331250591,0.0347542224371348,False,False,,
1170,5.952960000000001,670846.0,1685.5427135678392,1686.6381909547738,1840.9071087422496,1616.3408721024994,0.1389349490046857,0.034745858820754,False,False,,
1171,5.958048000000001,674882.0,1695.6834170854272,1686.6381909547738,1840.9779981874603,1616.3408721024994,0.1389788069844191,0.5481605826071512,False,False,,
1172,5.963136,670362.0,1684.3266331658292,1695.5125628140704,1849.9231908100128,1616.3408721024994,0.1445130310932958,0.5481522351892529,False,False,,
1173,5.968224,674814.0,1695.5125628140704,1695.5125628140704,1849.9939429578565,1616.3408721024994,0.1445568041297047,0.0189866370984113,False,False,,
1174,5.973312000000001,676207.0,1699.0125628140704,1695.6834170854272,1850.235480828124,1616.3408721024994,0.1447062391124093,0.0597649652267175,False,False,,
1175,5.978400000000001,675149.0,1696.354271356784,1696.354271356784,1850.9769502158724,1616.3408721024994,0.1451649724158517,0.2109880757004276,False,False,,
1176,5.983488,672619.0,1689.997487437186,1699.0125628140704,1853.7057883733817,1616.3408721024994,0.1468532537707367,0.3058431144221032,False,False,,
1177,5.988576000000001,677421.0,1702.0628140703518,1701.2437185929648,1856.0074225026156,1616.3408721024994,0.1482772319482111,0.1940152018746932,False,False,,
1178,5.993664000000001,678049.0,1703.640703517588,1702.0628140703518,1856.8969280466804,1616.3408721024994,0.1488275524650139,0.1542895566525395,False,False,,
1179,5.9987520000000005,678513.0,1704.8065326633166,1703.640703517588,1858.54515934309,1616.3408721024994,0.1498472824767073,0.175362010979768,False,False,,
1180,6.00384,677095.0,1701.2437185929648,1704.8065326633166,1859.781262186581,1616.3408721024994,0.1506120362887439,0.1223463467523675,False,False,,
1181,6.008928000000001,678794.0,1705.5125628140704,1705.5125628140704,1860.557497949715,1616.3408721024994,0.1510922789012594,0.0829262436763134,False,False,,
1182,6.014016000000001,680531.0,1709.8768844221106,1706.0301507537688,1861.1452234823769,1616.3408721024994,0.1514558937443941,0.1731985599014578,False,False,,
1183,6.0191040000000005,679000.0,1706.0301507537688,1708.2211055276382,1863.4062478956944,1616.3408721024994,0.1528547474468165,0.1417219420944775,False,False,,
1184,6.024192,681076.0,1711.2462311557788,1708.2211055276382,1863.476249647464,1616.3408721024994,0.1528980562271474,0.1091760191219375,False,False,,
1185,6.029280000000001,679872.0,1708.2211055276382,1709.8768844221106,1865.2019624718016,1616.3408721024994,0.1539657226174016,0.0103326877744205,False,False,,
1186,6.034368000000001,685460.0,1722.2613065326634,1708.251256281407,1863.6462005047692,1616.3408721024994,0.1530032016579403,0.0917450126052088,False,False,,
1187,6.039456,679657.0,1707.680904522613,1711.2462311557788,1866.710973862264,1616.3408721024994,0.1548993198656721,0.2478565080974188,False,False,,
1188,6.044544000000001,681623.0,1712.6206030150754,1712.1884422110552,1867.7229157756976,1616.3408721024994,0.1555253894843395,0.0920340847737506,False,False,,
1189,6.049632000000001,679884.0,1708.251256281407,1712.6206030150754,1868.2247398784289,1616.3408721024994,0.1558358587123299,0.0347412398232069,False,False,,
1190,6.0547200000000005,681451.0,1712.1884422110552,1712.6206030150754,1868.294335683149,1616.3408721024994,0.1558789163407805,0.3407093616420926,False,False,,
1191,6.059808,683806.0,1718.105527638191,1718.0854271356784,1873.8286881798736,1616.3408721024994,0.1593029171763997,0.3419232387449291,False,False,,
1192,6.064896000000001,685088.0,1721.3266331658292,1718.105527638191,1873.9182496952385,1616.3408721024994,0.1593583272182484,0.205501243261315,False,False,,
1193,6.069984000000001,683798.0,1718.0854271356784,1721.3266331658292,1877.2087489377247,1616.3408721024994,0.1613940978278266,0.2042709918539085,False,False,,
1194,6.0750720000000005,687021.0,1726.1834170854272,1721.3266331658292,1877.278075419771,1616.3408721024994,0.1614369888313537,0.303708945115611,False,False,,
1195,6.08016,687670.0,1727.8140703517588,1726.1834170854272,1882.204118653753,1616.3408721024994,0.1644846400533229,0.4028413882463582,False,False,,
1196,6.085248000000001,692287.0,1739.4145728643216,1727.8140703517588,1883.903964131882,1616.3408721024994,0.1655363027981484,0.1075500395982018,False,False,,
1197,6.090336000000001,685077.0,1721.2989949748744,1727.8140703517588,1883.9730893061064,1616.3408721024994,0.1655790692562745,0.0084012855284001,False,False,,
1198,6.095424,687834.0,1728.2261306532664,1727.8140703517588,1884.0421475077069,1616.3408721024994,0.1656217942796854,0.0334456257762383,False,False,,
1199,6.100512000000001,694482.0,1744.929648241206,1728.2261306532664,1884.5231991030787,1616.3408721024994,0.1659194119441735,0.0334374939920856,False,False,,
1200,6.105600000000001,687011.0,1726.1582914572864,1728.2261306532664,1884.592123554031,1616.3408721024994,0.1659620542185489,0.3743875114124968,False,False,,
1201,6.110688000000001,687604.0,1727.6482412060302,1734.2462311557788,1890.6810817293456,1616.3408721024994,0.1697291792603069,0.3743793953778294,False,False,,
1202,6.115776,691287.0,1736.9020100502512,1734.2462311557788,1890.7498726886952,1616.3408721024994,0.1697717389459135,0.0083606659622468,False,False,,
1203,6.120864000000001,691485.0,1737.3994974874372,1734.2462311557788,1890.818596999229,1616.3408721024994,0.1698142573971387,0.1698188538999758,False,False,,
1204,6.125952000000001,690230.0,1734.2462311557788,1736.9020100502512,1893.543033619993,1616.3408721024994,0.1714998156031995,0.2000570481628969,False,False,,
1205,6.1310400000000005,690203.0,1734.178391959799,1737.3994974874372,1894.1091122637383,1616.3408721024994,0.1718500379192443,0.3366155308948251,False,False,,
1206,6.136128,694716.0,1745.5175879396984,1742.3015075376884,1899.0796470652656,1616.3408721024994,0.1749252152455851,0.3063611673700457,False,False,,
1207,6.141216000000001,693436.0,1742.3015075376884,1742.3015075376884,1899.1481054256444,1616.3408721024994,0.1749675691584015,0.0083202427885744,False,False,,
1208,6.146304000000001,693719.0,1743.0125628140704,1742.3015075376884,1899.216497459449,1616.3408721024994,0.1750098820362016,0.051542985398612,False,False,,
1209,6.151392,694522.0,1745.0301507537688,1743.0125628140704,1899.9958785073227,1616.3408721024994,0.1754920705778177,0.0083041282961424,False,False,,
1210,6.15648,692899.0,1740.9522613065326,1742.3015075376884,1899.3530828043183,1616.3408721024994,0.1750943848457432,0.0082960827575462,False,False,,
1211,6.161568000000001,692268.0,1739.3668341708542,1743.0125628140704,1900.1323315201012,1616.3408721024994,0.1755764915159587,-0.0017940505628999,False,False,,
1212,6.166656000000001,695297.0,1746.9773869346734,1742.1356783919598,1899.323574467488,1616.3408721024994,0.1750761285872153,-0.0815422909904306,False,False,,
1213,6.171744,692312.0,1739.4773869346734,1741.535175879397,1898.7911333185332,1616.3408721024994,0.1747467171628401,0.0082719928815677,False,False,,
1214,6.176832000000001,699402.0,1757.2914572864322,1742.1356783919598,1899.459631252764,1616.3408721024994,0.1751603043867782,0.3391400242268787,False,False,,
1215,6.181920000000001,693370.0,1742.1356783919598,1746.9773869346734,1904.3692693390944,1616.3408721024994,0.1781978060493725,0.6159313688793588,False,False,,
1216,6.1870080000000005,693131.0,1741.535175879397,1752.1306532663316,1909.5903994001444,1616.3408721024994,0.1814280219964943,0.3539416440235783,False,False,,
1217,6.192096,697560.0,1752.6633165829146,1752.6633165829146,1910.1908606956597,1616.3408721024994,0.1817995162189563,0.0082399818250493,False,False,,
1218,6.197184000000001,701798.0,1763.3115577889448,1752.1306532663316,1909.7259296712523,1616.3408721024994,0.1815118720515458,0.0082319984354128,False,False,,
1219,6.202272000000001,697348.0,1752.1306532663316,1752.6633165829146,1910.3262596568952,1616.3408721024994,0.1818832850350349,0.0406089358455652,False,False,,
1220,6.20736,701814.0,1763.3517587939698,1752.6633165829146,1910.3938607664193,1616.3408721024994,0.1819251085827103,0.2514084208883815,False,False,,
1221,6.212448,696765.0,1750.6658291457286,1756.6633165829146,1914.4613963799256,1616.3408721024994,0.184441617125995,-0.0241768184196828,False,True,1046.0,3.0
1222,6.217536000000001,700294.0,1759.532663316583,1752.1306532663316,1909.996203244287,1616.3408721024994,0.1816790852784706,-0.1086605111271481,False,False,,
1223,6.222624000000001,694941.0,1746.0829145728644,1754.7412060301508,1912.6741608198845,1616.3408721024994,0.1833358877647643,0.1669088231826201,False,False,,
1224,6.227712,699152.0,1756.6633165829146,1754.7412060301508,1912.74150032583,1616.3408721024994,0.1833775494631769,0.1250449135431246,False,False,,
1225,6.232800000000001,697198.0,1751.7537688442212,1756.6633165829146,1914.730885141979,1616.3408721024994,0.1846083448049794,0.0081763308628133,False,False,,
1226,6.237888000000001,698387.0,1754.7412060301508,1754.7412060301508,1912.87598367325,1616.3408721024994,0.1834607518060373,-0.1086922441349536,False,False,,
1227,6.2429760000000005,700980.0,1761.2562814070352,1754.7412060301508,1912.943127641085,1616.3408721024994,0.1835022925286621,0.0081604950963765,False,False,,
1228,6.248064,700417.0,1759.8417085427136,1754.7412060301508,1913.0102065558085,1616.3408721024994,0.183543793004138,0.0802548479950573,False,False,,
1229,6.253152000000001,698237.0,1754.3643216080402,1755.927135678392,1914.263150128689,1616.3408721024994,0.18431896586186,0.0802469492771216,False,False,,
1230,6.258240000000001,697986.0,1753.7336683417086,1755.927135678392,1914.3300991262104,1616.3408721024994,0.1843603859599822,-0.0868793139254329,False,False,,
1231,6.2633280000000005,698859.0,1755.927135678392,1754.3643216080402,1912.8341691891671,1616.3408721024994,0.1834348819633548,-0.0868871973452876,False,False,,
1232,6.268416,699187.0,1756.751256281407,1754.3643216080402,1912.900988521108,1616.3408721024994,0.1834762218397966,0.1031371525938986,False,False,,
1233,6.273504000000001,697914.0,1753.5527638190954,1755.927135678392,1914.5305571848155,1616.3408721024994,0.1844844056281505,0.1031292844425202,False,False,,
1234,6.278592000000001,697002.0,1751.2613065326634,1755.927135678392,1914.5972471023092,1616.3408721024994,0.1845256654382839,-0.1362519665238224,False,False,,
1235,6.28368,700499.0,1760.0477386934674,1753.5527638190954,1912.2895005473056,1616.3408721024994,0.1830979056168042,-0.13625981943634,False,False,,
1236,6.288768000000001,700187.0,1759.2638190954774,1753.5527638190954,1912.356061301,1616.3408721024994,0.1831390855156999,0.3553108741426847,False,False,,
1237,6.293856000000001,697305.0,1752.0226130653266,1759.2638190954774,1918.1336128430175,1616.3408721024994,0.1867135490720797,0.4029638518937162,False,False,,
1238,6.2989440000000005,695435.0,1747.324120603015,1760.0477386934674,1918.9839642810643,1616.3408721024994,0.1872396456725701,0.0658168560555019,False,False,,
1239,6.304032,700565.0,1760.213567839196,1760.213567839196,1919.2161609036905,1616.3408721024994,0.1873833013993005,0.0181482180781351,False,False,,
1240,6.309120000000001,700725.0,1760.6155778894472,1760.213567839196,1919.2824640797871,1616.3408721024994,0.1874243219397332,0.032499751379678,False,False,,
1241,6.314208000000001,700992.0,1761.286432160804,1760.6155778894472,1919.7507130676336,1616.3408721024994,0.1877140188693401,0.0732786033860293,False,False,,
1242,6.3192960000000005,701743.0,1763.1733668341708,1761.286432160804,1920.4877421003216,1616.3408721024994,0.1881700050077894,0.0615083587379423,False,False,,
1243,6.324384,698188.0,1754.2412060301508,1761.4949748743718,1920.7623954611345,1616.3408721024994,0.1883399279278574,0.0207139071073818,False,False,,
1244,6.329472000000001,701075.0,1761.4949748743718,1761.4949748743718,1920.8284420564107,1616.3408721024994,0.1883807897265141,0.008027123422476,False,False,,
1245,6.334560000000001,703613.0,1767.8718592964824,1761.4949748743718,1920.8944246617764,1616.3408721024994,0.1884216119358045,-0.1138823548026017,False,False,,
1246,6.339648,701989.0,1763.7914572864322,1759.4899497487438,1918.9553182136,1616.3408721024994,0.1872219228840428,-0.1138901244272574,False,False,,
1247,6.344736000000001,700277.0,1759.4899497487438,1759.4899497487438,1919.0211730250753,1616.3408721024994,0.1872626660296329,-0.0280473150971545,False,False,,
1248,6.349824000000001,698788.0,1755.748743718593,1758.8969849246232,1918.4939992083305,1616.3408721024994,0.1869365134056142,-0.133764314206715,False,False,,
1249,6.354912000000001,700041.0,1758.8969849246232,1757.1582914572864,1916.8210330060872,1616.3408721024994,0.1859014803682654,-0.097720931631791,False,False,,
1250,6.36,698667.0,1755.4447236180904,1757.1582914572864,1916.886696590656,1616.3408721024994,0.1859421052053292,-0.077717239059595,False,False,,
1251,6.365088000000001,695684.0,1747.9497487437186,1755.748743718593,1915.5427488177045,1616.3408721024994,0.1851106297435948,-0.0962088130095928,False,False,,
1252,6.370176000000001,699349.0,1757.1582914572864,1755.4447236180904,1915.3042651257535,1616.3408721024994,0.1849630843241434,-0.1675550017348008,False,False,,
1253,6.3752640000000005,700431.0,1759.8768844221106,1752.8618090452262,1912.78682346583,1616.3408721024994,0.1834055900459415,-0.4477227686357423,False,False,,
1254,6.380352,695492.0,1747.467336683417,1747.9497487437186,1907.9401726431695,1616.3408721024994,0.1804070574305063,-0.3200239342694502,False,False,,
1255,6.385440000000001,697639.0,1752.8618090452262,1747.467336683417,1907.523106689081,1616.3408721024994,0.1801490264908159,-0.0213877446988917,False,False,,
1256,6.390528000000001,695009.0,1746.2537688442212,1747.467336683417,1907.5883894840588,1616.3408721024994,0.1801894157404504,-0.0658483153265159,False,False,,
1257,6.395616,691533.0,1737.5201005025126,1746.2537688442212,1906.4400411899455,1616.3408721024994,0.1794789540340533,-0.0658560025466528,False,False,,
1258,6.400704000000001,693084.0,1741.4170854271356,1746.2537688442212,1906.5051975464128,1616.3408721024994,0.1795192650585357,-0.2352734398147475,False,False,,
1259,6.405792000000001,696422.0,1749.8040201005026,1742.2537688442212,1902.5702907754855,1616.3408721024994,0.1770848115104988,-0.2352811121463922,False,False,,
1260,6.410880000000001,691715.0,1737.9773869346734,1742.2537688442212,1902.6353209383265,1616.3408721024994,0.1771250444613341,0.0079035889907501,False,False,,
1261,6.415968,696505.0,1750.0125628140704,1742.2537688442212,1902.7002880960365,1616.3408721024994,0.1771652384320687,0.007895931518707,False,False,,
1262,6.421056000000001,693417.0,1742.2537688442212,1742.2537688442212,1902.7651923096596,1616.3408721024994,0.1772053934604685,-0.1254703463916868,False,False,,
1263,6.426144000000001,695167.0,1746.6507537688442,1740.0603015075376,1900.636566303496,1616.3408721024994,0.175888452187187,0.0078806388244956,False,False,,
1264,6.4312320000000005,692544.0,1740.0603015075376,1742.2537688442212,1902.8948121485216,1616.3408721024994,0.1772855868411466,0.104722224735223,False,False,,
1265,6.43632,692193.0,1739.178391959799,1741.6532663316582,1902.3590253829884,1616.3408721024994,0.1769541055460926,-0.1254932521084377,False,False,,
1266,6.441408000000001,687518.0,1727.4321608040202,1740.0603015075376,1900.830713605392,1616.3408721024994,0.1760085675076909,-0.1161825720997882,False,False,,
1267,6.446496000000001,694106.0,1743.9849246231156,1739.6130653266332,1900.448067831255,1616.3408721024994,0.175771831692405,-0.0457682751513992,False,False,,
1268,6.451584,693178.0,1741.6532663316582,1739.178391959799,1900.07792229212,1616.3408721024994,0.1755428295397503,-0.5170374695463984,False,False,,
1269,6.456672000000001,692366.0,1739.6130653266332,1730.9798994974874,1891.9438951390696,1616.3408721024994,0.1705104584022998,-0.490617756733922,False,False,,
1270,6.461760000000001,688930.0,1730.9798994974874,1730.9798994974874,1892.0082979904648,1616.3408721024994,0.1705503032472249,-0.2217694656439306,False,False,,
1271,6.466848000000001,685315.0,1721.8969849246232,1727.2035175879396,1888.2962565349587,1616.3408721024994,0.1682537323199072,-0.422502406641918,False,False,,
1272,6.471936,686113.0,1723.9020100502512,1723.9020100502512,1885.0590271144135,1616.3408721024994,0.1662509187572369,-0.1929131699899287,False,False,,
1273,6.477024000000001,687427.0,1727.2035175879396,1723.9020100502512,1885.1232429550532,1616.3408721024994,0.16629064790209,-0.1140970825785494,False,False,,
1274,6.482112000000001,681901.0,1713.319095477387,1721.8969849246232,1883.1823714538991,1616.3408721024994,0.1650898668449178,-0.1342688353156944,False,False,,
1275,6.4872000000000005,685183.0,1721.5653266331658,1721.5653266331658,1882.9148046310288,1616.3408721024994,0.1649243282339176,-0.2299035385291876,False,False,,
1276,6.492288,686497.0,1724.8668341708542,1717.9874371859296,1879.4009445567124,1616.3408721024994,0.1627503684368449,-0.209746894313838,False,False,,
1277,6.497376000000001,683561.0,1717.4899497487438,1717.9874371859296,1879.4649118941277,1616.3408721024994,0.1627899438373802,0.0077744160813804,False,False,,
1278,6.502464000000001,683759.0,1717.9874371859296,1717.9874371859296,1879.5288172561416,1616.3408721024994,0.162829480894889,-0.0224794029707062,False,False,,
1279,6.507552,683405.0,1717.0979899497488,1717.4899497487438,1879.0951732656144,1616.3408721024994,0.1625611934327503,-0.0463173357215804,False,False,,
1280,6.512640000000001,684002.0,1718.5979899497488,1717.0979899497488,1878.7669950579095,1616.3408721024994,0.1623581556865862,-0.541416849887332,False,False,,
1281,6.517728000000001,679033.0,1706.1130653266332,1708.4572864321608,1870.1900113361728,1616.3408721024994,0.1570517355682975,-0.5175939526096798,False,False,,
1282,6.522816000000001,679966.0,1708.4572864321608,1708.4572864321608,1870.2536693964555,1616.3408721024994,0.1570911196248303,-0.0252591217800191,False,False,,
1283,6.527904,679750.0,1707.9145728643216,1707.9145728643216,1869.774552213145,1616.3408721024994,0.1567946987450641,-0.1347948378136276,False,False,,
1284,6.532992000000001,678027.0,1703.5854271356784,1706.1130653266332,1868.0365794439851,1616.3408721024994,0.1557194473552387,-0.2554819553288716,False,False,,
1285,6.538080000000001,683183.0,1716.5402010050252,1703.5854271356784,1865.5724144652568,1616.3408721024994,0.1541949143676375,-0.3544772841960615,False,False,,
1286,6.5431680000000005,676662.0,1700.1557788944724,1700.1557788944724,1862.2061779396145,1616.3408721024994,0.1521122865112597,-0.4352942819717196,False,False,,
1287,6.548256,675127.0,1696.2989949748744,1696.2989949748744,1858.4127442984984,1616.3408721024994,0.1497653597542934,-0.4464531576114119,False,False,,
1288,6.553344000000001,672707.0,1690.2185929648242,1692.6859296482412,1854.8629678727905,1616.3408721024994,0.1475691791794058,-0.3619848770606122,False,False,,
1289,6.558432000000001,673689.0,1692.6859296482412,1690.2185929648242,1852.4588587722071,1616.3408721024994,0.1460818016453244,-0.4507453223755462,False,False,,
1290,6.5635200000000005,670687.0,1685.143216080402,1685.145728643216,1847.449160774751,1616.3408721024994,0.1429823947789125,-0.3008961651514514,False,False,,
1291,6.568608,670688.0,1685.145728643216,1685.143216080402,1847.5097533367568,1616.3408721024994,0.1430198822687433,-0.018299408952167,False,False,,
1292,6.573696000000001,666315.0,1674.1582914572864,1684.7185929648242,1847.1481742059616,1616.3408721024994,0.1427961799934152,-0.038165512851835,False,False,,
1293,6.578784000000001,670518.0,1684.7185929648242,1684.389447236181,1846.8820113812992,1616.3408721024994,0.142631510009963,-0.1825302140237674,False,False,,
1294,6.583872,670387.0,1684.389447236181,1681.5904522613066,1844.145938288783,1616.3408721024994,0.1409387525355094,-0.6143873909670994,False,False,,
1295,6.588960000000001,669273.0,1681.5904522613066,1674.1582914572864,1836.7766384046197,1616.3408721024994,0.1363795039194811,-0.6336424371939202,False,False,,
1296,6.594048000000001,664354.0,1669.2311557788944,1671.0427135678392,1833.723860531592,1616.3408721024994,0.1344908070946234,-0.2919279027865578,False,False,,
1297,6.599136000000001,665075.0,1671.0427135678392,1669.2311557788944,1831.9750419146364,1616.3408721024994,0.1334088455807252,-0.7210353957644386,False,False,,
1298,6.604224,660305.0,1659.0577889447236,1659.0577889447236,1821.8643534669743,1616.3408721024994,0.1271535509073248,-0.687588557234081,False,False,,
1299,6.609312000000001,659260.0,1656.4321608040202,1657.7964824120604,1820.6656645942317,1616.3408721024994,0.1264119444223119,-0.152022800014393,False,False,,
1300,6.614400000000001,659803.0,1657.7964824120604,1656.4321608040202,1819.36389997836,1616.3408721024994,0.1256065668943783,-0.2313121068076391,False,False,,
1301,6.6194880000000005,655534.0,1647.070351758794,1653.8668341708542,1816.861069728388,1616.3408721024994,0.1240581124234374,-0.3588732580068132,False,False,,
1302,6.624576,656861.0,1650.4045226130654,1650.4045226130654,1813.4611940035416,1616.3408721024994,0.1219546726209011,-0.4056248784304586,False,False,,
1303,6.629664000000001,658239.0,1653.8668341708542,1647.070351758794,1810.1893984906249,1616.3408721024994,0.1199304736605289,-0.6715856910086107,False,False,,
1304,6.634752000000001,652415.0,1639.2336683417086,1639.2336683417086,1802.4150299819144,1616.3408721024994,0.1151206166291977,-0.6350836291583786,False,False,,
1305,6.63984,650109.0,1633.4396984924624,1636.5,1799.7436161741523,1616.3408721024994,0.1134678626502136,-0.344696062484175,False,False,,
1306,6.644928000000001,651327.0,1636.5,1633.4396984924624,1796.745508884627,1616.3408721024994,0.1116129894973586,-0.1849174541280476,False,False,,
1307,6.650016000000001,650067.0,1633.3341708542714,1633.3341708542714,1796.702115206952,1616.3408721024994,0.1115861426370062,-0.5058714868564103,False,False,,
1308,6.655104000000001,645855.0,1622.751256281407,1624.9949748743718,1788.424992988453,1616.3408721024994,0.106465241247108,-0.5730927738053122,False,False,,
1309,6.660192,646266.0,1623.78391959799,1623.78391959799,1787.275951332681,1616.3408721024994,0.1057543505707636,-0.1288768416766252,False,False,,
1310,6.665280000000001,646748.0,1624.9949748743718,1622.751256281407,1786.305241554185,1616.3408721024994,0.1051537905062066,-0.5219331124159758,False,False,,
1311,6.670368000000001,640194.0,1608.5276381909548,1615.0753768844222,1778.6912556709758,1616.3408721024994,0.1004431592188192,-0.6248999897102951,False,False,,
1312,6.6754560000000005,642800.0,1615.0753768844222,1612.3492462311558,1776.0269585653289,1616.3408721024994,0.0987948082109149,-0.3086960983781335,False,False,,
1313,6.680544,641715.0,1612.3492462311558,1609.8743718592964,1773.613857833032,1616.3408721024994,0.0973018677217234,-0.2248386753238627,False,False,,
1314,6.685632000000001,640730.0,1609.8743718592964,1608.5276381909548,1772.3288379542378,1616.3408721024994,0.0965068498508194,-0.1464805700753775,False,False,,
1315,6.690720000000001,639722.0,1607.3417085427136,1607.3417085427136,1771.2045623035156,1616.3408721024994,0.0958112814406363,-0.1192967307830823,False,False,,
1316,6.695808,638304.0,1603.7788944723618,1606.4422110552764,1770.3666590794992,1616.3408721024994,0.0952928863183708,-0.2091262967510161,False,False,,
1317,6.700896000000001,637955.0,1602.9020100502512,1603.7788944723618,1767.764877083781,1616.3408721024994,0.0936832122448977,-0.2077587184218785,False,False,,
1318,6.705984000000001,639364.0,1606.4422110552764,1602.9020100502512,1766.9494676304605,1616.3408721024994,0.0931787335997095,-0.4463755595993941,False,False,,
1319,6.711072000000001,635333.0,1596.3140703517588,1596.3140703517588,1760.4229433401133,1616.3408721024994,0.0891408945504145,-0.4399669194345748,False,False,,
1320,6.71616,635026.0,1595.5427135678392,1595.5427135678392,1759.7129424614004,1616.3408721024994,0.0887016302275434,-0.5820400434788198,False,False,,
1321,6.721248000000001,631074.0,1585.6130653266332,1586.6180904522614,1750.8496158057403,1616.3408721024994,0.0832180550679729,-0.5962538575193133,False,False,,
1322,6.726336000000001,631474.0,1586.6180904522614,1585.6130653266332,1749.905827752336,1616.3408721024994,0.0826341509734258,-0.286160256838289,False,False,,
1323,6.7314240000000005,629001.0,1580.4045226130654,1581.788944723618,1746.1428848913886,1616.3408721024994,0.0803060882943866,-0.3092340802715885,False,False,,
1324,6.736512,629552.0,1581.788944723618,1580.4045226130654,1744.8195812502302,1616.3408721024994,0.0794873849725823,-0.2906046831961832,False,False,,
1325,6.741600000000001,623366.0,1566.2462311557788,1576.8869346733668,1741.363052564679,1616.3408721024994,0.0773488950381819,-0.4002928592102357,False,False,,
1326,6.746688000000001,627601.0,1576.8869346733668,1573.6984924623116,1738.2356104498965,1616.3408721024994,0.0754140048372587,-0.5979702260131008,False,False,,
1327,6.751776,626332.0,1573.6984924623116,1566.929648241206,1731.5277072245035,1616.3408721024994,0.0712639500182729,-0.4456766621143755,False,False,,
1328,6.756864000000001,623363.0,1566.2386934673366,1566.2462311557788,1730.90517209149,1616.3408721024994,0.0708787991235833,-0.0346093047839977,False,False,,
1329,6.761952000000001,623638.0,1566.929648241206,1566.2386934673366,1730.958457369367,1616.3408721024994,0.0709117657327908,-0.0425599430357666,False,False,,
1330,6.767040000000001,623039.0,1565.4246231155778,1565.4246231155778,1730.2051510549811,1616.3408721024994,0.0704457091432514,-0.3208940466298502,False,False,,
1331,6.772128,621214.0,1560.8391959798994,1560.8391959798994,1725.680429084825,1616.3408721024994,0.0676463479142856,-0.2952376857406671,False,False,,
1332,6.777216000000001,620646.0,1559.4120603015076,1560.4472361809046,1725.3491156365392,1616.3408721024994,0.0674413704531547,-0.0793963331741274,False,False,,
1333,6.782304000000001,621058.0,1560.4472361809046,1559.4120603015076,1724.3745273500217,1616.3408721024994,0.0668384108279057,-0.7993567540417974,False,False,,
1334,6.7873920000000005,614569.0,1544.143216080402,1547.178391959799,1712.2013879002914,1616.3408721024994,0.0593071161240257,-0.7449816758841932,False,False,,
1335,6.79248,615721.0,1547.037688442211,1547.037688442211,1712.1211546306529,1616.3408721024994,0.0592574772941085,-0.1771835115147579,False,False,,
1336,6.797568000000001,615777.0,1547.178391959799,1544.143216080402,1709.287093929583,1616.3408721024994,0.0575040967108512,-0.2653325888303186,False,False,,
1337,6.802656000000001,608189.0,1528.1130653266332,1542.5527638190954,1707.7569947985676,1616.3408721024994,0.056557452870171,-0.2534244985981368,False,False,,
1338,6.8077440000000005,611962.0,1537.5929648241206,1539.854271356784,1705.1187969928071,1616.3408721024994,0.0549252490131167,-0.2942182647163651,False,False,,
1339,6.812832000000001,612862.0,1539.854271356784,1537.5929648241206,1702.917726699608,1616.3408721024994,0.0535634878084172,-0.3907690676696145,False,False,,
1340,6.817920000000001,613936.0,1542.5527638190954,1533.3065326633166,1698.691472417779,1616.3408721024994,0.0509487829805107,-0.2532930391422088,False,False,,
1341,6.823008000000001,610256.0,1533.3065326633166,1533.3065326633166,1698.751591992808,1616.3408721024994,0.0509859778421062,-0.1390363753742276,False,False,,
1342,6.828096,607136.0,1525.467336683417,1530.8994974874372,1696.4046181445,1616.3408721024994,0.0495339488247026,-0.4693084642652092,False,False,,
1343,6.833184000000001,609298.0,1530.8994974874372,1525.467336683417,1691.032460477027,1616.3408721024994,0.0462102949097429,-0.6766095320647496,False,False,,
1344,6.838272000000001,604821.0,1519.6507537688442,1519.6507537688442,1685.2758225643563,1616.3408721024994,0.0426487702264115,-0.4280776657197211,False,False,,
1345,6.8433600000000006,604286.0,1518.3065326633166,1518.3065326633166,1683.9914883824106,1616.3408721024994,0.0418541765833792,-0.3541493568372291,False,False,,
1346,6.848448,600737.0,1509.389447236181,1513.7060301507538,1679.4508147713784,1616.3408721024994,0.039044946371236,-0.415260018235994,False,False,,
1347,6.853536000000001,601520.0,1511.356783919598,1511.356783919598,1677.1613394759177,1616.3408721024994,0.0376284906378098,-0.2310396804326231,False,False,,
1348,6.858624000000001,600895.0,1509.786432160804,1509.786432160804,1675.650700743144,1616.3408721024994,0.0366938865831535,-0.112352957053158,False,False,,
1349,6.8637120000000005,602455.0,1513.7060301507538,1509.389447236181,1675.3133709909723,1616.3408721024994,0.0364851869468369,-0.1129710245139605,False,False,,
1350,6.868800000000001,600108.0,1507.8090452261306,1507.8090452261306,1673.7925663558574,1616.3408721024994,0.0355442934376993,-0.4007760500785564,False,False,,
1351,6.873888000000001,598066.0,1502.678391959799,1502.678391959799,1668.721452722942,1616.3408721024994,0.0324068898612378,-0.5892877033077788,False,False,,
1352,6.878976000000001,594135.0,1492.8015075376884,1497.997487437186,1664.1000301481702,1616.3408721024994,0.0295477017688396,-0.4079697528963009,False,False,,
1353,6.884064,590957.0,1484.8165829145728,1495.8492462311558,1662.0112132602949,1616.3408721024994,0.0282553896557652,-0.3086833915219342,False,False,,
1354,6.889152000000001,595348.0,1495.8492462311558,1492.8015075376884,1659.0228413111315,1616.3408721024994,0.0264065395767121,-0.6606471799372842,False,False,,
1355,6.894240000000001,596203.0,1497.997487437186,1484.8643216080402,1651.1449646077174,1616.3408721024994,0.0215326439527236,-0.4782598960004312,False,False,,
1356,6.899328000000001,590976.0,1484.8643216080402,1484.8165829145728,1651.1564776781408,1616.3408721024994,0.021539766875012,-0.1345590760611459,False,False,,
1357,6.904416,590048.0,1482.532663316583,1482.532663316583,1648.931752437372,1616.3408721024994,0.0201633707947255,-0.2778540175218345,False,False,,
1358,6.909504000000001,588144.0,1477.748743718593,1480.1281407035176,1646.586366830477,1616.3408721024994,0.0187123243927097,-0.1414471794773089,False,False,,
1359,6.914592000000001,589075.0,1480.0879396984924,1480.0879396984924,1646.6052455361355,1616.3408721024994,0.0187240042963641,-0.1374824083935559,False,False,,
1360,6.9196800000000005,584699.0,1469.0929648241206,1477.748743718593,1644.3250720269457,1616.3408721024994,0.0173133034048969,-0.6116533753437023,False,False,,
1361,6.924768,589091.0,1480.1281407035176,1469.9095477386934,1636.5448413332388,1616.3408721024994,0.0124998195488669,-0.5190883569159963,False,False,,
1362,6.929856000000001,582881.0,1464.5251256281408,1469.0929648241206,1635.7871665757452,1616.3408721024994,0.0120310602849203,-0.3202030511260633,False,False,,
1363,6.934944000000001,581065.0,1459.962311557789,1464.5251256281408,1631.2781784630818,1616.3408721024994,0.0092414333006083,-0.4631924340784006,False,False,,
1364,6.940032,585024.0,1469.9095477386934,1461.356783919598,1628.1686308193885,1616.3408721024994,0.0073176140757387,-0.2702647167725868,False,False,,
1365,6.945120000000001,581620.0,1461.356783919598,1459.962311557789,1626.832895559205,1616.3408721024994,0.0064912195427306,-0.1781579485211115,False,False,,
1366,6.950208000000001,577195.0,1450.2386934673366,1458.3090452261306,1625.2383094211386,1616.3408721024994,0.0055046787915878,-0.2281170657812631,False,False,,
1367,6.955296000000001,580407.0,1458.3090452261306,1456.0929648241206,1623.0808523598218,1616.3408721024994,0.0041699002813405,-0.4329738265663899,False,False,,
1368,6.960384,577526.0,1451.070351758794,1451.070351758794,1618.1168058373726,1616.3408721024994,0.0010987371324484,-0.3488105074541025,False,False,,
1369,6.965472000000001,579525.0,1456.0929648241206,1450.2386934673366,1617.3436573460058,1616.3408721024994,0.0006204045574879,-0.0567421501372323,False,False,,
1370,6.970560000000001,577108.0,1450.0201005025126,1450.0201005025126,1617.1835174934615,1616.3408721024994,0.0005213290126519,-0.0775242670687157,False,False,,
1371,6.9756480000000005,576641.0,1448.8467336683418,1448.8467336683418,1616.0685471386823,1616.3408721024994,-0.0001684823842032,-0.4603452639481404,False,False,,
1372,6.980736,570203.0,1432.6708542713568,1442.3316582914572,1609.61181166317,1616.3408721024994,-0.0041631443932841,-0.5057215703823836,False,False,,
1373,6.985824000000001,573284.0,1440.4120603015076,1440.4120603015076,1607.75049705139,1616.3408721024994,-0.0053147050844141,-0.3150851782418732,False,False,,
1374,6.990912000000001,574048.0,1442.3316582914572,1437.032663316583,1604.4293269761952,1616.3408721024994,-0.0073694511670733,-0.3218134383136103,False,False,,
1375,6.996,571131.0,1435.002512562814,1435.002512562814,1602.4573467184262,1616.3408721024994,-0.0085894786326932,-0.1163594075506269,False,False,,
1376,7.001088000000001,570048.0,1432.2814070351758,1435.002512562814,1602.5154608553537,1616.3408721024994,-0.0085535244983084,-0.1142276309444131,False,False,,
1377,7.006176000000001,571939.0,1437.032663316583,1433.0075376884422,1600.5785438134403,1616.3408721024994,-0.0097518590051834,-0.1583818319409363,False,False,,
1378,7.011264000000001,569276.0,1430.3417085427136,1432.2814070351758,1599.9104147427154,1616.3408721024994,-0.0101652180201392,-0.1550279698772056,False,False,,
1379,7.016352,568912.0,1429.427135678392,1430.3417085427136,1598.028661637375,1616.3408721024994,-0.0113294236266538,-0.1220388505549302,False,False,,
1380,7.021440000000001,570337.0,1433.0075376884422,1430.1582914572864,1597.9031337980962,1616.3408721024994,-0.0114070853633861,-0.0485685832842139,False,False,,
1381,7.026528000000001,569203.0,1430.1582914572864,1429.427135678392,1597.229811178769,1616.3408721024994,-0.0118236575301539,-0.0551440379219356,False,False,,
1382,7.0316160000000005,568796.0,1429.1356783919598,1429.1356783919598,1596.9961310196634,1616.3408721024994,-0.0119682310932797,-0.0641636303375949,False,False,,
1383,7.036704,568446.0,1428.2562814070352,1428.2562814070352,1596.1744551841116,1616.3408721024994,-0.0124765866324692,-0.0464503869742813,False,False,,
1384,7.041792000000001,567628.0,1426.2010050251256,1428.2562814070352,1596.232120409766,1616.3408721024994,-0.0124409102311299,-0.1179484069720959,False,False,,
1385,7.046880000000001,564547.0,1418.4597989949748,1426.2010050251256,1594.234453383974,1616.3408721024994,-0.0136768296218171,-0.2022781783916309,False,False,,
1386,7.0519680000000005,567076.0,1424.8140703517588,1424.8140703517588,1592.9050722513184,1616.3408721024994,-0.014499292974443,-0.4094261984411405,False,False,,
1387,7.057056000000001,568909.0,1429.4195979899498,1419.3517587939698,1587.5002584729111,1616.3408721024994,-0.0178431506171547,-0.3793394478146863,False,False,,
1388,7.062144000000001,564902.0,1419.3517587939698,1418.4597989949748,1586.6657407459936,1616.3408721024994,-0.0183594511954059,-0.0125718019652476,False,False,,
1389,7.067232000000001,560347.0,1407.9070351758794,1419.0301507537688,1587.293478923533,1616.3408721024994,-0.0179710812739531,-0.444886603532872,False,False,,
1390,7.07232,560777.0,1408.9874371859296,1411.0276381909548,1579.3482971800531,1616.3408721024994,-0.0228866172729562,-0.4795696593574559,False,False,,
1391,7.077408000000001,561304.0,1410.3115577889448,1411.0276381909548,1579.4055724538434,1616.3408721024994,-0.0228511821275739,-0.036575240926024,False,False,,
1392,7.082496000000001,564774.0,1419.0301507537688,1410.3115577889448,1578.7467118338964,1616.3408721024994,-0.0232588069246194,-0.036581985239545,False,False,,
1393,7.0875840000000006,561589.0,1411.0276381909548,1410.3115577889448,1578.803876177995,1616.3408721024994,-0.0232234404093715,0.0069475987902993,False,False,,
1394,7.092672,562012.0,1412.0904522613066,1410.3115577889448,1578.860985137842,1616.3408721024994,-0.0231881081593293,-0.3471545498415684,False,False,,
1395,7.097760000000001,558564.0,1403.427135678392,1404.4874371859296,1573.0939181640806,1616.3408721024994,-0.0267560851085601,-0.3471612745711963,False,False,,
1396,7.102848000000001,558986.0,1404.4874371859296,1404.4874371859296,1573.1509165163495,1616.3408721024994,-0.0267208212893665,-0.0575368834871539,False,False,,
1397,7.1079360000000005,557325.0,1400.3140703517588,1403.427135678392,1572.1475581376517,1616.3408721024994,-0.0273415804349253,-0.2468120257940902,False,False,,
1398,7.113024000000001,553299.0,1390.1984924623116,1400.3140703517588,1569.091380769932,1616.3408721024994,-0.0292323804638475,-0.435323366478924,False,False,,
1399,7.118112000000001,562816.0,1414.110552763819,1396.1532663316582,1564.9874095922714,1616.3408721024994,-0.0317714310122149,-0.246061634583464,False,False,,
1400,7.123200000000001,554350.0,1392.8391959798994,1396.1532663316582,1565.044187371638,1616.3408721024994,-0.0317363036573687,-0.1579263700141098,False,False,,
1401,7.128288,554590.0,1393.4422110552764,1393.4422110552764,1562.3898548648976,1616.3408721024994,-0.0333784897534784,0.0068939310325673,False,False,,
1402,7.133376000000001,555669.0,1396.1532663316582,1396.1532663316582,1565.1575779544926,1616.3408721024994,-0.0316661510151808,0.0068872517778415,False,False,,
1403,7.138464000000001,557110.0,1399.7738693467336,1393.4422110552764,1562.5031355881404,1616.3408721024994,-0.0333084050793865,-0.1579464077845771,False,False,,
1404,7.143552000000001,553359.0,1390.3492462311558,1393.4422110552764,1562.5596936481802,1616.3408721024994,-0.0332734136607965,-0.0187896033378174,False,False,,
1405,7.14864,559638.0,1406.1256281407036,1393.0201005025126,1562.1940863586085,1616.3408721024994,-0.0334996080829521,-0.1811791055942548,False,False,,
1406,7.153728000000001,554422.0,1393.0201005025126,1390.3492462311558,1559.5796806066865,1616.3408721024994,-0.035117092239324,-0.2273189842167768,False,False,,
1407,7.158816000000001,552889.0,1389.1683417085428,1389.1683417085428,1558.45516991279,1616.3408721024994,-0.0358128060663423,-0.1236022539554966,False,False,,
1408,7.1639040000000005,552505.0,1388.2035175879396,1388.2035175879396,1557.5466849831723,1616.3408721024994,-0.0363748687755751,-0.1909756240127329,False,False,,
1409,7.168992000000001,551594.0,1385.9145728643216,1385.9145728643216,1555.3140248657455,1616.3408721024994,-0.0377561740162961,-0.5139148346068776,False,False,,
1410,7.174080000000001,547366.0,1375.2914572864322,1379.6381909547738,1549.0938730304797,1616.3408721024994,-0.0416044661325344,-0.5736502406083028,False,False,,
1411,7.179168000000001,547794.0,1376.3668341708542,1376.3668341708542,1545.8786918417668,1616.3408721024994,-0.0435936388647259,-0.2574456823912907,False,False,,
1412,7.184256,549096.0,1379.6381909547738,1375.2914572864322,1544.8594361262583,1616.3408721024994,-0.0442242333965481,-0.2392739733716675,False,False,,
1413,7.189344000000001,546183.0,1372.319095477387,1372.319095477387,1541.9431411125652,1616.3408721024994,-0.0460284908177563,-0.7244432416660311,False,False,,
1414,7.194432000000001,542579.0,1363.2638190954774,1363.2638190954774,1532.9438772051265,1616.3408721024994,-0.0515961678237412,-0.7884558746886308,False,False,,
1415,7.199520000000001,539883.0,1356.4899497487438,1359.2386934673366,1528.974709783205,1616.3408721024994,-0.0540518177985874,-0.2554862359465177,False,False,,
1416,7.204608,540977.0,1359.2386934673366,1358.9497487437186,1528.741669050133,1616.3408721024994,-0.0541959957607329,-0.1603239532874187,False,False,,
1417,7.209696000000001,536769.0,1348.6658291457286,1356.4899497487438,1526.3377198825578,1616.3408721024994,-0.0556832743472405,-0.2302941690711124,False,False,,
1418,7.214784000000001,540862.0,1358.9497487437186,1355.0502512562814,1524.953817106826,1616.3408721024994,-0.0565394692252007,-0.3091244018626957,False,False,,
1419,7.219872,537815.0,1351.2939698492462,1351.2939698492462,1521.253277358277,1616.3408721024994,-0.0588289242605951,-0.3086726948828344,False,False,,
1420,7.224960000000001,537245.0,1349.8618090452262,1349.8618090452262,1519.8768042068746,1616.3408721024994,-0.0596805225683283,-0.0803045178912125,False,False,,
1421,7.230048000000001,539310.0,1355.0502512562814,1349.8618090452262,1519.9324379059474,1616.3408721024994,-0.0596461030346563,-0.4605282857243526,False,False,,
1422,7.235136000000001,532106.0,1336.9497487437186,1342.175879396985,1512.3020880555075,1616.3408721024994,-0.0643668584038591,-0.7327514173129579,False,False,,
1423,7.240224,534186.0,1342.175879396985,1337.6984924623116,1507.880227069587,1616.3408721024994,-0.0671025814572326,-0.2654681078954581,False,False,,
1424,7.245312000000001,531817.0,1336.2236180904522,1337.6984924623116,1507.9356992214632,1616.3408721024994,-0.0670682618698029,0.0067419343534194,False,False,,
1425,7.250400000000001,528177.0,1327.0778894472362,1337.6984924623116,1507.9911176285848,1616.3408721024994,-0.0670339755332522,0.2409149859879926,False,False,,
1426,7.255488000000001,532404.0,1337.6984924623116,1341.5502512562814,1511.8982411369925,1616.3408721024994,-0.0646167109723892,0.2409084603253699,False,False,,
1427,7.260576,533937.0,1341.5502512562814,1341.5502512562814,1511.9535522107676,1616.3408721024994,-0.0645824910409814,0.785640620182372,False,False,,
1428,7.265664000000001,539163.0,1354.680904522613,1354.3618090452262,1524.820367484795,1616.3408721024994,-0.0566220320214117,0.8050345031927533,False,False,,
1429,7.270752000000001,540667.0,1358.4597989949748,1354.680904522613,1525.1946669104916,1616.3408721024994,-0.0563904599364902,0.2558593055890972,False,False,,
1430,7.27584,539036.0,1354.3618090452262,1358.4597989949748,1529.0287118462602,1616.3408721024994,-0.0540184077277372,1.0781546307879308,True,False,1430.0,4.0
1431,7.280928,546177.0,1372.3040201005026,1372.3040201005026,1542.9280299821112,1616.3408721024994,-0.0454191584135928,1.2185336796327242,False,False,,
1432,7.286016000000001,548690.0,1378.6180904522614,1378.391959798995,1549.0710133296125,1616.3408721024994,-0.0416186090037949,0.390573282320644,False,False,,
1433,7.291104000000001,548600.0,1378.391959798995,1378.6180904522614,1549.352134302292,1616.3408721024994,-0.0414446846926971,0.0428872624096206,False,False,,
1434,7.296192,548837.0,1378.9874371859296,1378.9874371859296,1549.776418077447,1616.3408721024994,-0.0411821882215146,0.5463745299019442,False,False,,
1435,7.301280000000001,552223.0,1387.4949748743718,1387.4949748743718,1558.3388395810684,1616.3408721024994,-0.0358847774764138,0.5284952551261011,False,False,,
1436,7.306368000000001,553590.0,1390.929648241206,1387.570351758794,1558.4690471059312,1616.3408721024994,-0.0358042205053503,0.2154855524593673,False,False,,
1437,7.311456000000001,552253.0,1387.570351758794,1390.929648241206,1561.8831211055635,1616.3408721024994,-0.0336919964945874,0.5222192159820769,False,False,,
1438,7.316544,561522.0,1410.859296482412,1396.0502512562814,1567.0584485661084,1616.3408721024994,-0.030490117763517,1.2183356376596244,False,False,,
1439,7.321632000000001,555628.0,1396.0502512562814,1410.859296482412,1581.9221652173767,1616.3408721024994,-0.0212942130457615,1.212218832757148,False,False,,
1440,7.326720000000001,565493.0,1420.8366834170854,1415.8793969849246,1586.9968841760644,1616.3408721024994,-0.0181545789213787,0.3396528505851535,False,False,,
1441,7.331808,563520.0,1415.8793969849246,1416.3366834170854,1587.5087361467574,1616.3408721024994,-0.0178379056382072,0.2594479315757665,False,False,,
1442,7.336896,563702.0,1416.3366834170854,1420.037688442211,1591.2642538440418,1616.3408721024994,-0.0155144367696638,0.280216733589909,False,False,,
1443,7.341984000000001,565175.0,1420.037688442211,1420.8366834170854,1592.117708675922,1616.3408721024994,-0.0149864201571964,0.096441208838369,False,False,,
1444,7.347072000000001,565763.0,1421.5150753768844,1421.5150753768844,1592.850507728744,1616.3408721024994,-0.0145330510285245,0.4448781295442252,False,False,,
1445,7.35216,568406.0,1428.1557788944724,1428.0452261306532,1599.435012862674,1616.3408721024994,-0.0104593403109546,0.4103481835670277,False,False,,
1446,7.357248000000001,568362.0,1428.0452261306532,1428.1557788944724,1599.5998673448642,1616.3408721024994,-0.0103573479125469,0.6480348243716703,False,False,,
1447,7.362336000000001,572561.0,1438.5954773869346,1438.5954773869346,1610.093814944929,1616.3408721024994,-0.0038649379381494,0.8368385837320198,False,False,,
1448,7.367424000000001,575308.0,1445.497487437186,1441.8115577889448,1613.3640918947458,1616.3408721024994,-0.0018416784844903,0.4262159395369369,False,False,,
1449,7.372512,573841.0,1441.8115577889448,1445.497487437186,1617.1041655819208,1616.3408721024994,0.0004722354625782,0.4700513976082614,False,False,,
1450,7.377600000000001,576875.0,1449.4346733668342,1449.4346733668342,1621.0954430925035,1616.3408721024994,0.0029415645375715,0.4237590377666684,False,False,,
1451,7.382688000000001,578039.0,1452.359296482412,1452.359296482412,1624.0741053818413,1616.3408721024994,0.0047844074308921,0.2399835625998105,False,False,,
1452,7.387776000000001,578403.0,1453.2738693467336,1453.2738693467336,1625.0426650635236,1616.3408721024994,0.005383637270587,0.2013291663009641,False,False,,
1453,7.392864,581864.0,1461.9698492462312,1455.5628140703518,1627.3855442988288,1616.3408721024994,0.0068331330271706,0.2353880715395829,False,False,,
1454,7.397952000000001,579901.0,1457.037688442211,1457.037688442211,1628.9143009273787,1616.3408721024994,0.0077789462865738,0.396084213743498,False,False,,
1455,7.403040000000001,586909.0,1474.645728643216,1461.9698492462312,1633.9002917837208,1616.3408721024994,0.0108636859862242,1.0770775974752491,False,False,,
1456,7.408128,579314.0,1455.5628140703518,1474.645728643216,1646.6299490792376,1616.3408721024994,0.0187392879184815,0.8554179151789456,False,False,,
1457,7.413216000000001,587421.0,1475.9321608040202,1475.9321608040202,1647.9701070353135,1616.3408721024994,0.0195684186910843,0.6029009161977101,False,False,,
1458,7.418304000000001,591271.0,1485.605527638191,1484.4547738693468,1656.546393843132,1616.3408721024994,0.0248744076417088,0.5946456025543834,False,False,,
1459,7.423392000000001,591951.0,1487.3140703517588,1485.605527638191,1657.7507693521209,1616.3408721024994,0.0256195323426774,0.1803568095366339,False,False,,
1460,7.42848,594564.0,1493.8793969849246,1487.3140703517588,1659.5128818538683,1616.3408721024994,0.0267097185355535,0.5095461919224973,False,False,,
1461,7.433568000000001,590813.0,1484.4547738693468,1493.8793969849246,1666.1317263735834,1616.3408721024994,0.0308046743916815,0.546049290649699,False,False,,
1462,7.438656000000001,595483.0,1496.1884422110552,1496.1884422110552,1668.4942376349184,1616.3408721024994,0.0322663161172055,0.2292207732273272,False,False,,
1463,7.443744000000001,600196.0,1508.0301507537688,1497.5427135678392,1669.9019232257983,1616.3408721024994,0.0331372249800427,0.1500853030857851,False,False,,
1464,7.448832,596022.0,1497.5427135678392,1498.5502512562814,1670.9628233974163,1616.3408721024994,0.0337935841614064,0.6124805787394307,False,False,,
1465,7.453920000000001,599989.0,1507.5100502512562,1507.5100502512562,1679.9759331747855,1616.3408721024994,0.0393698273492962,0.5828390445322666,False,False,,
1466,7.459008000000001,602192.0,1513.0452261306532,1508.0301507537688,1680.549292809003,1616.3408721024994,0.0397245542785679,0.2348477106231197,False,False,,
1467,7.464096,596423.0,1498.5502512562814,1511.2663316582914,1683.8386812445824,1616.3408721024994,0.041759637652597,0.255158389398419,False,False,,
1468,7.469184000000001,601484.0,1511.2663316582914,1512.1206030150754,1684.7461085817692,1616.3408721024994,0.0423210460490861,0.1146138220919752,False,False,,
1469,7.474272000000001,601824.0,1512.1206030150754,1513.0452261306532,1685.7238361770412,1616.3408721024994,0.042925947906205,0.5573032140738068,False,False,,
1470,7.479360000000001,605430.0,1521.180904522613,1521.180904522613,1693.9125675978837,1616.3408721024994,0.0479921635555009,0.5698232008413342,False,False,,
1471,7.484448,605880.0,1522.3115577889448,1522.3115577889448,1695.096222492135,1616.3408721024994,0.0487244687979661,0.3955189074478316,False,False,,
1472,7.489536000000001,607977.0,1527.5804020100502,1527.5804020100502,1700.418016989997,1616.3408721024994,0.0520169639576906,0.4587549022583941,False,False,,
1473,7.494624000000001,608841.0,1529.751256281407,1529.751256281407,1702.6417702367005,1616.3408721024994,0.053392758683348,0.6897203113487294,False,False,,
1474,7.499712000000001,614124.0,1543.0251256281408,1538.819095477387,1711.76245715632,1616.3408721024994,0.0590355578459749,0.750359414840748,False,False,,
1475,7.5048,613711.0,1541.9874371859296,1541.9874371859296,1714.9835953864515,1616.3408721024994,0.0610284160887671,0.2621353515253739,False,False,,
1476,7.509888000000001,614189.0,1543.1884422110552,1543.0251256281408,1716.0740291978082,1616.3408721024994,0.061703047183097,0.0794293420222906,False,False,,
1477,7.514976000000001,612450.0,1538.819095477387,1543.1884422110552,1716.290040046984,1616.3408721024994,0.0618366890731861,0.2020886273018396,False,False,,
1478,7.520064,615405.0,1546.2437185929648,1546.2437185929648,1719.3979596417832,1616.3408721024994,0.0637595010545205,0.1945972302432839,False,False,,
1479,7.525152000000001,615421.0,1546.28391959799,1546.28391959799,1719.4907528557892,1616.3408721024994,0.0638169104881415,0.1253911935441474,False,False,,
1480,7.530240000000001,617990.0,1552.7386934673366,1548.2010050251256,1721.4603795374126,1616.3408721024994,0.0650354818400255,0.24835601490647,False,False,,
1481,7.535328000000001,616184.0,1548.2010050251256,1550.2638190954774,1723.575683957127,1616.3408721024994,0.0663441812958296,0.2822623313400392,False,False,,
1482,7.540416,617005.0,1550.2638190954774,1552.7386934673366,1726.1029978225436,1616.3408721024994,0.0679077833237416,0.541640973031698,False,False,,
1483,7.545504000000001,621389.0,1561.2788944723618,1559.0678391959798,1732.4845322382112,1616.3408721024994,0.0718559198374008,0.5255951006353463,False,False,,
1484,7.550592000000001,620509.0,1559.0678391959798,1561.2788944723618,1734.7479254443087,1616.3408721024994,0.0732562390678076,0.2058642947252185,False,False,,
1485,7.555680000000001,622655.0,1564.4597989949748,1562.3492462311558,1735.8705644246863,1616.3408721024994,0.0739507949005245,0.1997477708411992,False,False,,
1486,7.560768,621815.0,1562.3492462311558,1564.4597989949748,1738.033353751086,1616.3408721024994,0.0752888723838875,0.3393633617207525,False,False,,
1487,7.565856000000001,623995.0,1567.8266331658292,1567.8266331658292,1741.4523738746,1616.3408721024994,0.0774041564693952,0.4971572824086889,False,False,,
1488,7.570944000000001,625868.0,1572.532663316583,1572.532663316583,1746.2105394171258,1616.3408721024994,0.0803479448896784,0.6800036889742582,False,False,,
1489,7.576032,628405.0,1578.9070351758794,1578.9070351758794,1752.636996156293,1616.3408721024994,0.0843238740083969,0.5225029962630785,False,False,,
1490,7.581120000000001,629314.0,1581.1909547738694,1581.0226130653266,1754.8046084626492,1616.3408721024994,0.0856649353796513,0.1349472195190824,False,False,,
1491,7.586208000000001,630702.0,1584.678391959799,1581.0226130653266,1754.8565924654877,1616.3408721024994,0.0856970969142234,0.0165528488142268,False,False,,
1492,7.591296000000001,629247.0,1581.0226130653266,1581.1909547738694,1755.0768678116424,1616.3408721024994,0.0858333771691848,0.228576252723208,False,False,,
1493,7.596384,631916.0,1587.7286432160804,1584.678391959799,1758.616188318755,1616.3408721024994,0.0880230888619346,0.2183352828006164,False,False,,
1494,7.601472000000001,628096.0,1578.1306532663316,1584.678391959799,1758.6680213722575,1616.3408721024994,0.0880551570069636,0.1917491032464884,False,False,,
1495,7.606560000000001,633700.0,1592.211055276382,1587.7286432160804,1761.7700554630642,1616.3408721024994,0.0899743277365707,0.3481682402335924,False,False,,
1496,7.611648000000001,634398.0,1593.964824120603,1590.3015075376884,1764.394652448875,1616.3408721024994,0.0915981170195805,0.1918896612280853,False,False,,
1497,7.616736,627321.0,1576.1834170854272,1590.7814070351758,1764.926234488851,1616.3408721024994,0.0919269969292276,0.0354583291063868,False,False,,
1498,7.621824000000001,633131.0,1590.7814070351758,1590.7814070351758,1764.977866958186,1616.3408721024994,0.091958940976567,-0.0039595848124207,False,False,,
1499,7.626912000000001,632940.0,1590.3015075376884,1590.6130653266332,1764.861107694339,1616.3408721024994,0.0918867041941764,-0.0039656646709484,False,False,,
1500,7.632000000000001,633601.0,1591.962311557789,1590.6130653266332,1764.912640162862,1616.3408721024994,0.0919185863728755,0.0164979705625167,False,False,,
1501,7.637088,633064.0,1590.6130653266332,1590.7814070351758,1765.1324644121746,1616.3408721024994,0.0920545875426206,0.0882886437083705,False,False,,
1502,7.642176000000001,632009.0,1587.962311557789,1591.962311557789,1766.3648015961785,1616.3408721024994,0.092817011611252,0.3204762978195443,False,False,,
1503,7.647264000000001,635188.0,1595.9497487437186,1595.9497487437186,1770.4036216124448,1616.3408721024994,0.0953157543492321,0.3174150610110775,False,False,,
1504,7.652352,639335.0,1606.3693467336684,1597.0804020100502,1771.585607926339,1616.3408721024994,0.0960470272721006,0.5619762077984998,False,False,,
1505,7.657440000000001,635638.0,1597.0804020100502,1605.0904522613066,1779.6469414906164,1616.3408721024994,0.1010344242397906,0.570982945607275,False,False,,
1506,7.662528000000001,638826.0,1605.0904522613066,1606.3693467336684,1780.9770695896432,1616.3408721024994,0.1018573497266011,0.2309353196802686,False,False,,
1507,7.667616000000001,641247.0,1611.1733668341708,1608.786432160804,1783.445339005227,1616.3408721024994,0.1033844220528569,0.1759360381855508,False,False,,
1508,7.672704,640297.0,1608.786432160804,1609.1608040201006,1783.8708452628475,1616.3408721024994,0.1036476748511772,0.1513358082902449,False,False,,
1509,7.677792000000001,641318.0,1611.3517587939698,1611.1733668341708,1785.9344929331633,1616.3408721024994,0.1049244152380186,0.1394145832173237,False,False,,
1510,7.682880000000001,640446.0,1609.1608040201006,1611.3517587939698,1786.1639202551287,1616.3408721024994,0.105066357649997,0.0482114305784424,False,False,,
1511,7.687968000000001,641522.0,1611.8643216080402,1611.8643216080402,1786.7274689852393,1616.3408721024994,0.1054150147555848,0.1485680997276137,False,False,,
1512,7.693056,644588.0,1619.5678391959798,1613.6934673366834,1788.607551231703,1616.3408721024994,0.1065781866328251,0.2249416079482049,False,False,,
1513,7.698144000000001,642250.0,1613.6934673366834,1615.462311557789,1790.4272826202691,1616.3408721024994,0.1077040205580659,0.2119510930089987,False,False,,
1514,7.703232000000001,645342.0,1621.462311557789,1617.0778894472362,1792.0936983746303,1616.3408721024994,0.1087350009552848,0.2557869407685995,False,False,,
1515,7.70832,642954.0,1615.462311557789,1619.5678391959798,1794.6344367335091,1616.3408721024994,0.110306908467327,0.2123973916916224,False,False,,
1516,7.713408000000001,645565.0,1622.0226130653266,1620.4698492462312,1795.587186186838,1616.3408721024994,0.1108963568131387,0.1213470329603456,False,False,,
1517,7.718496000000001,643597.0,1617.0778894472362,1621.462311557789,1796.6303387420896,1616.3408721024994,0.1115417358747315,0.0707778213546035,False,False,,
1518,7.723584000000001,645370.0,1621.532663316583,1621.532663316583,1796.751331632823,1616.3408721024994,0.1116165919232431,0.0402200476672884,False,False,,
1519,7.728672,644947.0,1620.4698492462312,1622.0226130653266,1797.2918734493337,1616.3408721024994,0.1119510150797939,0.5075039386255487,False,False,,
1520,7.733760000000001,649323.0,1631.464824120603,1629.7788944723618,1805.0986979075,1616.3408721024994,0.1167809520026976,0.5802112766494183,False,False,,
1521,7.738848000000001,648652.0,1629.7788944723618,1631.464824120603,1806.8351216377264,1616.3408721024994,0.1178552450309792,0.1145958202513313,False,False,,
1522,7.743936000000001,652474.0,1639.3819095477386,1631.5628140703518,1806.983556747759,1616.3408721024994,0.1179470790695751,0.0120885694096593,False,False,,
1523,7.749024,649362.0,1631.5628140703518,1631.5628140703518,1807.0339530337396,1616.3408721024994,0.1179782583132919,0.0325523385613291,False,False,,
1524,7.754112000000001,649535.0,1631.997487437186,1631.997487437186,1807.5189738596036,1616.3408721024994,0.1182783316667753,0.0325464042666432,False,False,,
1525,7.759200000000001,653389.0,1641.680904522613,1631.997487437186,1807.5692725389897,1616.3408721024994,0.1183094505231093,0.0061131645881982,False,False,,
1526,7.764288,649143.0,1631.0125628140704,1631.997487437186,1807.6195224859912,1616.3408721024994,0.1183405392296248,0.3887685966352183,False,False,,
1527,7.769376000000001,652040.0,1638.2914572864322,1638.2914572864322,1813.9636935970707,1616.3408721024994,0.1222655597624702,0.3887626795723218,False,False,,
1528,7.774464000000001,647926.0,1627.9547738693468,1638.2914572864322,1814.013846220904,1616.3408721024994,0.1222965882569536,0.0060954133939272,False,False,,
1529,7.779552000000001,655768.0,1647.6582914572864,1638.2914572864322,1814.063950253861,1616.3408721024994,0.1223275866891668,0.0864407543580565,False,False,,
1530,7.78464,657663.0,1652.4195979899498,1639.6130653266332,1815.435613783221,1616.3408721024994,0.1231762093733011,0.2216265906209216,False,False,,
1531,7.789728000000001,651282.0,1636.3869346733668,1641.8366834170854,1817.7092388660656,1616.3408721024994,0.1245828588753254,0.391488731023367,False,False,,
1532,7.794816000000001,653451.0,1641.8366834170854,1645.9522613065326,1821.874775298125,1616.3408721024994,0.1271599987001949,0.2562911064249924,False,False,,
1533,7.799904000000001,652566.0,1639.6130653266332,1645.9522613065326,1821.9246854378991,1616.3408721024994,0.127190877174306,0.0060659425413369,False,False,,
1534,7.804992,657020.0,1650.8040201005026,1645.9522613065326,1821.9745472217296,1616.3408721024994,0.1272217257314955,0.1045896359016502,False,False,,
1535,7.810080000000001,655089.0,1645.9522613065326,1647.572864321608,1823.644963711543,1616.3408721024994,0.1282551813092415,0.174852915536098,False,False,,
1536,7.815168000000001,657080.0,1650.9547738693468,1648.7286432160804,1824.8505078184648,1616.3408721024994,0.129001028999991,0.2024964331933585,False,False,,
1537,7.820256,655734.0,1647.572864321608,1650.8040201005026,1826.9756016998076,1616.3408721024994,0.130315785013417,0.062716066348468,False,False,,
1538,7.825344000000001,657594.0,1652.2462311557788,1649.6608040201006,1825.8820544475116,1616.3408721024994,0.1296392276911527,-0.0634687416926365,False,False,,
1539,7.830432000000001,656194.0,1648.7286432160804,1649.6608040201006,1825.9316751534716,1616.3408721024994,0.1296699270979526,0.0060307655433788,False,False,,
1540,7.835520000000001,657171.0,1651.1834170854272,1649.6608040201006,1825.981247783909,1616.3408721024994,0.1297005967613221,0.0985968910535461,False,False,,
1541,7.840608,656565.0,1649.6608040201006,1651.1834170854272,1827.5533854507296,1616.3408721024994,0.1306732490613134,0.0985910537464445,False,False,,
1542,7.845696000000001,655973.0,1648.1733668341708,1651.1834170854272,1827.6028620698132,1616.3408721024994,0.1307038593242458,0.1137083654601518,False,False,,
1543,7.850784000000001,657876.0,1652.9547738693468,1652.9547738693468,1829.423647536894,1616.3408721024994,0.1318303453882358,0.1137025394586395,False,False,,
1544,7.855872000000001,658704.0,1655.035175879397,1652.9547738693468,1829.4730283305764,1616.3408721024994,0.1318608963657768,0.0176112930738785,False,False,,
1545,7.86096,659494.0,1657.0201005025126,1653.145728643216,1829.7133160550468,1616.3408721024994,0.1320095579065555,0.1324802643224938,False,False,,
1546,7.866048000000001,657952.0,1653.145728643216,1655.035175879397,1831.6520484451016,1616.3408721024994,0.1332090155355227,0.237878181723536,False,False,,
1547,7.871136000000001,657766.0,1652.678391959799,1656.9597989949748,1833.6259089641344,1616.3408721024994,0.1344302062837744,0.1266638088745022,False,False,,
1548,7.876224000000001,659470.0,1656.9597989949748,1657.0201005025126,1833.7354001709707,1616.3408721024994,0.1344979464546296,0.0987031096690618,False,False,,
1549,7.881312000000001,660077.0,1658.4849246231156,1658.4849246231156,1835.249366332935,1616.3408721024994,0.1354346091277669,0.0950311008797104,False,False,,
1550,7.886400000000001,663140.0,1666.180904522613,1658.4849246231156,1835.298460762534,1616.3408721024994,0.1354649829371818,0.0059668033468422,False,False,,
1551,7.891488000000001,660541.0,1659.6507537688442,1658.4849246231156,1835.3475076264983,1616.3408721024994,0.1354953273186244,0.0059610223491191,False,False,,
1552,7.896576,660716.0,1660.0904522613066,1658.4849246231156,1835.396506970913,1616.3408721024994,0.1355256423006064,0.0768354340380756,False,False,,
1553,7.901664000000001,658644.0,1654.8844221105528,1659.6507537688442,1836.6112879875463,1616.3408721024994,0.136277204695396,0.0768296642369126,False,False,,
1554,7.906752000000001,659401.0,1656.786432160804,1659.6507537688442,1836.6601924309368,1616.3408721024994,0.1363074609638814,0.0326765421212176,False,False,,
1555,7.911840000000001,658338.0,1654.1155778894472,1660.0904522613066,1837.148747985225,1616.3408721024994,0.1366097211880215,-0.1682073329225293,False,False,,
1556,7.916928,661221.0,1661.359296482412,1656.786432160804,1833.8935376108911,1616.3408721024994,0.1345957831440618,0.0830755083319854,False,False,,
1557,7.922016000000001,662278.0,1664.0150753768844,1661.359296482412,1838.515164368871,1616.3408721024994,0.1374550975608086,0.4454141655297139,False,False,,
1558,7.927104000000001,666092.0,1673.5979899497488,1664.0150753768844,1841.2196584557364,1616.3408721024994,0.1391283176924926,0.2889831831601732,False,False,,
1559,7.932192000000001,658570.0,1654.6984924623116,1666.0150753768844,1843.2683264499228,1616.3408721024994,0.1403957904326464,0.1275111585652446,False,False,,
1560,7.937280000000001,663497.0,1667.0778894472362,1666.0150753768844,1843.3169472916315,1616.3408721024994,0.1404258712420523,0.0211851471529005,False,False,,
1561,7.942368000000001,663174.0,1666.2663316582914,1666.2663316582914,1843.6167773079535,1616.3408721024994,0.1406113704900743,0.0211794219214098,False,False,,
1562,7.947456000000001,663074.0,1666.0150753768844,1666.2663316582914,1843.665303981715,1616.3408721024994,0.1406413930395246,0.0552389645646904,False,False,,
1563,7.952544,661222.0,1661.3618090452262,1667.0778894472362,1844.525341428863,1616.3408721024994,0.1411734821934846,0.0427070104626388,False,False,,
1564,7.957632000000001,666590.0,1674.8492462311558,1666.8718592964824,1844.367743966306,1616.3408721024994,0.1410759795779923,-0.0066398628611104,False,False,,
1565,7.962720000000001,664015.0,1668.3793969849246,1666.8718592964824,1844.4161297300031,1616.3408721024994,0.1411059149490099,0.0975360883570068,False,False,,
1566,7.967808000000001,664514.0,1669.6331658291458,1668.3793969849246,1845.9720063031064,1616.3408721024994,0.1420685068131131,0.0975303908065736,False,False,,
1567,7.972896,663415.0,1666.8718592964824,1668.3793969849246,1846.0202983541512,1616.3408721024994,0.1420983842058575,-0.0857861298935915,False,False,,
1568,7.977984000000001,662665.0,1664.9874371859296,1666.8718592964824,1844.561005928512,1616.3408721024994,0.1411955471553157,-0.0857918164091202,False,False,,
1569,7.983072000000001,666778.0,1675.321608040201,1666.8718592964824,1844.6092044484049,1616.3408721024994,0.1412253666820781,0.0058579169197141,False,False,,
1570,7.988160000000001,662594.0,1664.8090452261306,1666.8718592964824,1844.6573562706749,1616.3408721024994,0.1412551573178907,0.0383899135066272,False,False,,
1571,7.993248000000001,662665.0,1664.9874371859296,1667.4070351758794,1845.2406373199624,1616.3408721024994,0.1416160224419216,0.2438451306375952,False,False,,
1572,7.998336000000001,663628.0,1667.4070351758794,1670.786432160804,1848.6680928675976,1616.3408721024994,0.1437365253672587,0.2113017940388974,False,False,,
1573,8.003424,664973.0,1670.786432160804,1670.786432160804,1848.716104868284,1616.3408721024994,0.1437662294980614,0.3422106184922402,False,False,,
1574,8.008512000000001,669078.0,1681.1005025125628,1676.319095477387,1854.2967336686415,1616.3408721024994,0.1472188606210364,0.561872441309502,False,False,,
1575,8.0136,667175.0,1676.319095477387,1679.9321608040202,1857.957718007206,1616.3408721024994,0.149483843460827,0.2514604567005367,False,False,,
1576,8.018688000000001,668613.0,1679.9321608040202,1680.359296482412,1858.4327262707104,1616.3408721024994,0.1497777222284203,0.0768512498031963,False,False,,
1577,8.023776000000002,668783.0,1680.359296482412,1681.1005025125628,1859.2217585041356,1616.3408721024994,0.1502658817788244,0.1707924123742614,False,False,,
1578,8.028864,671395.0,1686.9221105527638,1683.072864321608,1861.2419001795552,1616.3408721024994,0.1515157058167404,0.3597496932673394,False,False,,
1579,8.033952000000001,669863.0,1683.072864321608,1686.9221105527638,1865.1388799850793,1616.3408721024994,0.1539266946575131,0.4281801097663464,False,False,,
1580,8.03904,673039.0,1691.0527638190954,1690.0201005025126,1868.2845572620408,1616.3408721024994,0.1558728666137228,0.2569316232305176,False,False,,
1581,8.044128,674055.0,1693.605527638191,1691.0527638190954,1869.3648617034871,1616.3408721024994,0.1565412308555063,0.0685741314644357,False,False,,
1582,8.049216000000001,672628.0,1690.0201005025126,1691.0527638190954,1869.4124566707656,1616.3408721024994,0.1565706769755049,0.1609877310516552,False,False,,
1583,8.054304,675874.0,1698.175879396985,1693.605527638191,1872.012769344275,1616.3408721024994,0.1581794420066873,0.2431664814731995,False,False,,
1584,8.059392,676495.0,1699.7361809045226,1694.9572864321608,1873.4120309244704,1616.3408721024994,0.1590451390909758,0.2355229312763711,False,False,,
1585,8.064480000000001,672942.0,1690.8090452261306,1697.3844221105528,1875.886623365534,1616.3408721024994,0.1605761233553559,0.1533329828451801,False,False,,
1586,8.069568,674593.0,1694.9572864321608,1697.3844221105528,1875.9340341492416,1616.3408721024994,0.1606054555244088,-0.0133327003785961,False,False,,
1587,8.074656000000001,675645.0,1697.6005025125628,1697.070351758794,1875.6673286467735,1616.3408721024994,0.1604404497963033,-0.0133382831226054,False,False,,
1588,8.079744000000002,675559.0,1697.3844221105528,1697.070351758794,1875.7146476061512,1616.3408721024994,0.1604697251553532,0.00575101752875,False,False,,
1589,8.084832,672449.0,1689.570351758794,1697.070351758794,1875.7619207200776,1616.3408721024994,0.1604989721506758,0.0248403235837813,False,False,,
1590,8.089920000000001,675434.0,1697.070351758794,1697.3844221105528,1876.1232183847287,1616.3408721024994,0.1607225002881418,0.0248347570507547,False,False,,
1591,8.095008,678880.0,1705.7286432160804,1697.3844221105528,1876.1703999409615,1616.3408721024994,0.1607516906384244,-0.0133605600619493,False,False,,
1592,8.100096,674888.0,1695.6984924623116,1697.070351758794,1875.9034654331083,1616.3408721024994,0.1605865432289513,0.0562919990807433,False,False,,
1593,8.105184000000001,675890.0,1698.21608040201,1698.21608040201,1877.0962842521913,1616.3408721024994,0.1613245180210701,0.0753813266980749,False,False,,
1594,8.110272,679829.0,1708.1130653266332,1698.21608040201,1877.1433288042656,1616.3408721024994,0.1613536236094312,0.0057176668119716,False,False,,
1595,8.11536,675400.0,1696.9849246231156,1698.21608040201,1877.1903277767503,1616.3408721024994,0.1613827009985487,0.0507760392407252,False,False,,
1596,8.120448000000001,676185.0,1698.9572864321608,1698.9572864321608,1877.978487243957,1616.3408721024994,0.1618703205847448,0.2012381435218451,False,False,,
1597,8.125536,674129.0,1693.7914572864322,1701.4321608040202,1880.50026956156,1616.3408721024994,0.1634305003470265,0.1561687025836047,False,False,,
1598,8.130624000000001,678912.0,1705.8090452261306,1701.4321608040202,1880.5471320600664,1616.3408721024994,0.163459493302235,0.0056955405168501,False,False,,
1599,8.135712000000002,677296.0,1701.748743718593,1701.4321608040202,1880.593949155368,1616.3408721024994,0.163488458167326,0.0056900223348854,False,False,,
1600,8.1408,677170.0,1701.4321608040202,1701.4321608040202,1880.6407208914536,1616.3408721024994,0.1635173949695148,0.0249321465095846,False,False,,
1601,8.145888000000001,681204.0,1711.5678391959798,1701.748743718593,1881.0040302268433,1616.3408721024994,0.1637421676902076,0.0056790020047898,False,False,,
1602,8.150976,676497.0,1699.7412060301508,1701.4321608040202,1880.7341284617223,1616.3408721024994,0.1635751844939157,-0.0491669897307112,False,False,,
1603,8.156064,676426.0,1699.5628140703518,1700.8467336683418,1880.1953372479927,1616.3408721024994,0.1632418444027078,-0.0299248495480171,False,False,,
1604,8.161152000000001,681298.0,1711.8040201005026,1700.8467336683418,1880.2419279862572,1616.3408721024994,0.163270669224915,0.0056625115167108,False,False,,
1605,8.16624,676775.0,1700.4396984924624,1700.8467336683418,1880.2884735846144,1616.3408721024994,0.1632994661199019,0.2134092978276811,False,False,,
1606,8.171328,676937.0,1700.8467336683418,1704.2638190954774,1883.7520595139335,1616.3408721024994,0.1654423222396101,0.3565390223479632,False,False,,
1607,8.176416000000001,678297.0,1704.2638190954774,1706.6180904522614,1886.15278632042,1616.3408721024994,0.1669276072113152,0.1487812742994947,False,True,1430.0,4.0
1608,8.181504,679573.0,1707.4698492462312,1706.6180904522614,1886.199196761291,1616.3408721024994,0.1669563204868822,0.0056405986622323,False,False,,
1609,8.186592000000001,679234.0,1706.6180904522614,1706.6180904522614,1886.2455622369373,1616.3408721024994,0.1669850059433021,0.0574204428104572,False,False,,
1610,8.191680000000002,681164.0,1711.467336683417,1707.4698492462312,1887.143641584894,1616.3408721024994,0.1675406309129215,0.1979532851344991,False,False,,
1611,8.196768,683456.0,1717.2261306532664,1709.7814070351758,1889.5014750496885,1616.3408721024994,0.1689993785728303,0.2486638266999108,False,False,,
1612,8.201856000000001,677484.0,1702.2211055276382,1711.467336683417,1891.2336355391235,1616.3408721024994,0.1700710340134195,0.1081200756375615,False,False,,
1613,8.206944,680493.0,1709.7814070351758,1711.467336683417,1891.2798215891005,1616.3408721024994,0.1700996084625185,-0.0968879782275102,False,False,,
1614,8.212032,683161.0,1716.4849246231156,1709.7814070351758,1889.6400332430144,1616.3408721024994,0.169085101946976,-0.0968934167559218,False,False,,
1615,8.217120000000001,681670.0,1712.7386934673366,1709.7814070351758,1889.6861298407032,1616.3408721024994,0.1691136210536101,0.0433339339173315,False,False,,
1616,8.222208,680122.0,1708.8492462311558,1710.4020100502512,1890.352784792313,1616.3408721024994,0.1695260680585186,0.0433285059221901,False,False,,
1617,8.227296,679643.0,1707.645728643216,1710.4020100502512,1890.3987921109633,1616.3408721024994,0.1695545319298742,0.0055916042847776,False,False,,
1618,8.232384000000001,682129.0,1713.891959798995,1710.4020100502512,1890.4447548549583,1616.3408721024994,0.1695829682237205,0.0055861868024855,False,False,,
1619,8.237472,680740.0,1710.4020100502512,1710.4020100502512,1890.4906730674843,1616.3408721024994,0.1696113769667762,0.0055807745689655,False,False,,
1620,8.242560000000001,675139.0,1696.3291457286432,1710.4020100502512,1890.5365467916863,1616.3408721024994,0.1696397581857343,0.0573606766783889,False,False,,
1621,8.247648000000002,681179.0,1711.5050251256282,1711.2537688442212,1891.4341348646371,1616.3408721024994,0.1701950792126556,0.057355274927179,False,False,,
1622,8.252736,681079.0,1711.2537688442212,1711.2537688442212,1891.4799197414584,1616.3408721024994,0.1702234054633934,0.0208404716994401,False,False,,
1623,8.257824000000001,680309.0,1709.319095477387,1711.5050251256282,1891.7769165405457,1616.3408721024994,0.1704071518526691,0.0718565943900344,False,False,,
1624,8.262912,681513.0,1712.3442211055276,1712.3442211055276,1892.6618087219629,1616.3408721024994,0.1709546181679063,0.0565753059350981,False,False,,
1625,8.268,685143.0,1721.464824120603,1712.3442211055276,1892.7074606502545,1616.3408721024994,0.1709828621658645,0.4354123043386622,False,False,,
1626,8.273088000000001,686892.0,1725.859296482412,1719.4145728643216,1899.8234201070077,1616.3408721024994,0.1753853737768571,0.4380038321106028,False,False,,
1627,8.278176,685874.0,1723.3015075376884,1719.4572864321608,1899.9116971853273,1616.3408721024994,0.1754399891614232,0.0081345684539506,False,False,,
1628,8.283264,678850.0,1705.6532663316582,1719.4572864321608,1899.9572165511404,1616.3408721024994,0.1754681511454445,0.0029353964188949,False,False,,
1629,8.288352000000001,684327.0,1719.4145728643216,1719.4145728643216,1899.959978247217,1616.3408721024994,0.1754698597553819,-0.2257502223714524,False,False,,
1630,8.29344,684344.0,1719.4572864321608,1715.6532663316582,1896.2441029193,1616.3408721024994,0.1731709168825935,-0.2231586737967461,False,False,,
1631,8.298528000000001,682129.0,1713.891959798995,1715.6532663316582,1896.2894901075651,1616.3408721024994,0.1731989970908271,0.1187106720292874,False,False,,
1632,8.303616000000002,682830.0,1715.6532663316582,1717.5150753768844,1898.1966423672209,1616.3408721024994,0.1743789166811637,0.0988466544630313,False,False,,
1633,8.308704,681899.0,1713.3140703517588,1717.1884422110552,1897.915308484589,1616.3408721024994,0.1742048606466434,-0.1076888851206128,False,False,,
1634,8.313792000000001,683571.0,1717.5150753768844,1715.6532663316582,1896.4253879997216,1616.3408721024994,0.1732830745861761,-0.022149165850557,False,False,,
1635,8.31888,684319.0,1719.394472361809,1716.7336683417086,1897.551001558156,1616.3408721024994,0.1739794707349475,0.098830652130271,False,False,,
1636,8.323968,683441.0,1717.1884422110552,1717.1884422110552,1898.0509431722205,1616.3408721024994,0.1742887753022536,0.0331389480785837,False,False,,
1637,8.329056000000001,681855.0,1713.2035175879396,1717.1884422110552,1898.0960671557127,1616.3408721024994,0.1743166926705953,0.0054842461339532,False,False,,
1638,8.334144,683260.0,1716.7336683417086,1717.1884422110552,1898.1411474203776,1616.3408721024994,0.1743445829909127,0.0054789326666906,False,False,,
1639,8.339232,684825.0,1720.6658291457286,1717.1884422110552,1898.186184008573,1616.3408721024994,0.1743724462894115,0.0323592125523397,False,False,,
1640,8.344320000000002,677421.0,1702.0628140703518,1717.6306532663316,1898.6733880178913,1616.3408721024994,0.1746738703378454,0.0323539093760842,False,False,,
1641,8.349408,689269.0,1731.8316582914572,1717.6306532663316,1898.718337380055,1616.3408721024994,0.1747016796712226,0.005463023132961,False,False,,
1642,8.354496000000001,683617.0,1717.6306532663316,1717.6306532663316,1898.763243192575,1616.3408721024994,0.1747294620612464,-0.1954203861895642,False,False,,
1643,8.359584000000002,684067.0,1718.7613065326634,1714.3266331658292,1895.5040853971425,1616.3408721024994,0.1727130818213574,-0.1954256739666,False,False,,
1644,8.364672,682302.0,1714.3266331658292,1714.3266331658292,1895.548904236915,1616.3408721024994,0.1727408104029617,-0.132494238777248,False,False,,
1645,8.369760000000001,679949.0,1708.4145728643216,1712.0577889447236,1893.324835432396,1616.3408721024994,0.1713648204475596,-0.1324995163130573,False,False,,
1646,8.374848,678293.0,1704.2537688442212,1712.0577889447236,1893.369567467868,1616.3408721024994,0.1713924953249596,0.0054366098383944,False,False,,
1647,8.379936,681399.0,1712.0577889447236,1712.0577889447236,1893.414256164256,1616.3408721024994,0.1714201433892752,-0.0216070047047765,False,False,,
1648,8.385024000000001,678193.0,1704.002512562814,1711.6130653266332,1893.014177945458,1616.3408721024994,0.1711726224450838,-0.0211539898441728,False,False,,
1649,8.390112,682495.0,1714.8115577889448,1711.6206030150754,1893.0663177780468,1616.3408721024994,0.1712048803886208,0.0058791002718976,False,False,,
1650,8.3952,681865.0,1713.2286432160804,1711.6206030150754,1893.1108767089552,1616.3408721024994,0.1712324481694506,0.0049572941092179,False,False,,
1651,8.400288000000002,681222.0,1711.6130653266332,1711.6130653266332,1893.1478547800511,1616.3408721024994,0.1712553258134762,0.0049520471783814,False,False,,
1652,8.405376,681225.0,1711.6206030150754,1711.6130653266332,1893.192327410046,1616.3408721024994,0.1712828402015378,-0.1499508448949207,False,False,,
1653,8.410464000000001,676508.0,1699.7688442211056,1709.0577889447236,1890.6814805703743,1616.3408721024994,0.169729426015825,-0.387343604791134,False,False,,
1654,8.415552000000002,680205.0,1709.0577889447236,1705.1532663316582,1886.821344453536,1616.3408721024994,0.1673412316791828,-0.4470776148277906,False,False,,
1655,8.42064,677243.0,1701.6155778894472,1701.6155778894472,1883.327999503247,1616.3408721024994,0.1651799642073375,-0.2185553417122605,False,False,,
1656,8.425728000000001,677185.0,1701.4698492462312,1701.4698492462312,1883.2265713893128,1616.3408721024994,0.1651172125219197,-0.0034758576351912,False,False,,
1657,8.430816,678651.0,1705.1532663316582,1701.4698492462312,1883.2708289975792,1616.3408721024994,0.1651445938800418,-0.0007314117085392,False,False,,
1658,8.435904,674731.0,1695.3040201005026,1701.3693467336684,1883.214541213852,1616.3408721024994,0.1651097696763735,-0.348263402511149,False,False,,
1659,8.440992000000001,677145.0,1701.3693467336684,1695.6532663316582,1877.5426327027903,1616.3408721024994,0.1616006654960879,-0.3633917522764864,False,False,,
1660,8.44608,672418.0,1689.4924623115578,1695.3040201005026,1877.237515566201,1616.3408721024994,0.161411895205207,-0.361411086321775,False,False,,
1661,8.451168000000001,672346.0,1689.3115577889448,1689.6206030150754,1871.5981848204208,1616.3408721024994,0.1579229462816765,-0.3479734885358958,False,False,,
1662,8.456256000000002,674870.0,1695.6532663316582,1689.4924623115578,1871.5140877430545,1616.3408721024994,0.1578709169858653,-0.0134364174953738,False,False,,
1663,8.461344,672469.0,1689.6206030150754,1689.3115577889448,1871.3771841744808,1616.3408721024994,0.1577862172972436,-0.1438978101511008,False,False,,
1664,8.466432000000001,668352.0,1679.2763819095478,1687.037688442211,1869.147273151017,1616.3408721024994,0.1564066128697673,-0.132904341658552,False,False,,
1665,8.471520000000002,671441.0,1687.037688442211,1687.037688442211,1869.191188884822,1616.3408721024994,0.156433782716526,-0.2419794609249521,False,False,,
1666,8.476608,669822.0,1682.9698492462312,1682.9698492462312,1865.1672228744449,1616.3408721024994,0.153944229875396,-0.3680108268281543,False,False,,
1667,8.481696000000001,668997.0,1680.8969849246232,1680.8969849246232,1863.13818923146,1616.3408721024994,0.1526889045427233,-0.1206991333301754,False,False,,
1668,8.486784,674619.0,1695.0226130653266,1680.8969849246232,1863.1819774442872,1616.3408721024994,0.1527159954946278,-0.3286093260237663,False,False,,
1669,8.491872,666331.0,1674.1984924623116,1675.4045226130654,1857.733260920905,1616.3408721024994,0.1493449760411044,-0.4019388136685435,False,False,,
1670,8.496960000000001,666811.0,1675.4045226130654,1674.1984924623116,1856.5709341747777,1616.3408721024994,0.1486258661267362,-0.3101357914910085,False,False,,
1671,8.502048,664746.0,1670.21608040201,1670.21608040201,1852.6321831766172,1616.3408721024994,0.1461890342268927,-0.5802188919216036,False,False,,
1672,8.507136000000001,662498.0,1664.5678391959798,1664.5678391959798,1847.0275607312672,1616.3408721024994,0.1427215586825418,-0.627579330532356,False,False,,
1673,8.512224000000002,659951.0,1658.1683417085428,1659.8065326633166,1842.3098306988072,1616.3408721024994,0.1398027869593946,-0.3837810646247828,False,False,,
1674,8.517312,657473.0,1651.9422110552764,1658.1683417085428,1840.715174024704,1616.3408721024994,0.1388162025689196,-0.1775615136182935,False,False,,
1675,8.522400000000001,660603.0,1659.8065326633166,1656.7989949748744,1839.389319393079,1616.3408721024994,0.137995920996815,-0.3732509494989333,False,False,,
1676,8.527488000000002,659406.0,1656.7989949748744,1651.9422110552764,1834.5759854377616,1616.3408721024994,0.1350180009068179,-0.3107776300362133,False,False,,
1677,8.532576,657337.0,1651.6005025125628,1651.6005025125628,1834.277684762392,1616.3408721024994,0.1348334478335657,-0.2681629787175943,False,False,,
1678,8.537664000000001,655683.0,1647.4447236180904,1647.4447236180904,1830.1652716791125,1616.3408721024994,0.132289174435387,-0.4158860662109056,False,False,,
1679,8.542752,654580.0,1644.6733668341708,1644.6733668341708,1827.4372386909815,1616.3408721024994,0.1306013912238034,-0.2470924512486476,False,False,,
1680,8.54784,654031.0,1643.2939698492462,1643.2939698492462,1826.1011235271485,1616.3408721024994,0.1297747616514812,-0.3636526879682549,False,False,,
1681,8.552928000000001,650114.0,1633.4522613065326,1638.605527638191,1821.4559212031552,1616.3408721024994,0.126900861471038,-0.3813778312875069,False,False,,
1682,8.558016,652165.0,1638.605527638191,1636.9346733668342,1819.828264925459,1616.3408721024994,0.125893860840299,-0.3080585914295817,False,False,,
1683,8.563104000000001,647619.0,1627.1834170854272,1633.4522613065326,1816.3890090060056,1616.3408721024994,0.1237660572446503,-0.5876126918280153,False,False,,
1684,8.568192000000002,651500.0,1636.9346733668342,1627.1834170854272,1810.1632791134848,1616.3408721024994,0.1199143140882564,-0.4534953505998444,False,False,,
1685,8.57328,647111.0,1625.9070351758794,1625.9070351758794,1808.9299697607692,1616.3408721024994,0.1191512885569454,-0.5857897421150327,False,False,,
1686,8.578368000000001,643422.0,1616.6381909547738,1617.462311557789,1800.5282769682292,1616.3408721024994,0.1139533176724925,-0.5582981897209667,False,False,,
1687,8.583456,643750.0,1617.462311557789,1616.6381909547738,1799.747145499914,1616.3408721024994,0.1134700461783435,-0.3198464204187452,False,False,,
1688,8.588544,641622.0,1612.1155778894472,1612.1155778894472,1795.2674799188303,1616.3408721024994,0.1106985604983107,-0.3534584677581254,False,False,,
1689,8.593632000000001,636998.0,1600.497487437186,1610.7386934673366,1793.9335013708585,1616.3408721024994,0.1098732528104363,-0.7011430633143778,False,False,,
1690,8.59872,641074.0,1610.7386934673366,1600.497487437186,1783.7351596450571,1616.3408721024994,0.1035637286860259,-0.6346979402006543,False,False,,
1691,8.603808,636885.0,1600.213567839196,1600.213567839196,1783.494062821902,1616.3408721024994,0.1034145665709569,-0.1365558106741424,False,False,,
1692,8.608896000000001,636070.0,1598.1658291457286,1598.1658291457286,1781.4891054139914,1616.3408721024994,0.1021741367566056,-0.341410704206714,False,False,,
1693,8.613984,630954.0,1585.3115577889448,1594.5125628140704,1777.8785789188094,1616.3408721024994,0.0999403712449499,-0.3657044266139273,False,False,,
1694,8.619072000000001,634616.0,1594.5125628140704,1592.0653266331658,1775.4740411654584,1616.3408721024994,0.0984527285113827,-0.2742068040305163,False,False,,
1695,8.624160000000002,633642.0,1592.0653266331658,1589.9170854271356,1773.3684570181792,1616.3408721024994,0.097150042807135,-0.144061143526601,False,False,,
1696,8.629248,629967.0,1582.8316582914572,1589.610552763819,1773.1045400848911,1616.3408721024994,0.0969867623148557,-0.0134572010797739,False,False,,
1697,8.634336000000001,632787.0,1589.9170854271356,1589.610552763819,1773.1471145262392,1616.3408721024994,0.0970131023289473,-0.4069694647384576,False,False,,
1698,8.639424,632665.0,1589.610552763819,1582.8316582914572,1766.4107532465478,1616.3408721024994,0.0928454410416788,-0.6640679151998956,False,False,,
1699,8.644512,628284.0,1578.6030150753768,1578.6030150753768,1762.2246020144244,1616.3408721024994,0.0902555472238741,-0.4986349007200381,False,False,,
1700,8.649600000000001,625777.0,1572.3040201005026,1574.5452261306532,1758.20926388487,1616.3408721024994,0.0877713322919511,-0.3778075163642675,False,False,,
1701,8.654688,625391.0,1571.3341708542714,1572.3040201005026,1756.0104675409873,1616.3408721024994,0.0864109779373511,-0.1900716746962842,False,False,,
1702,8.659776,624158.0,1568.2361809045226,1571.3341708542714,1755.0829868919711,1616.3408721024994,0.085837162930242,-0.242167495694936,False,False,,
1703,8.664864000000001,626669.0,1574.5452261306532,1568.2361809045226,1752.0273244901937,1616.3408721024994,0.0839466815011591,-0.5085842223752426,False,False,,
1704,8.669952,622028.0,1562.8844221105528,1562.8844221105528,1746.717852234723,1616.3408721024994,0.0806618098833523,-0.5709148883026298,False,False,,
1705,8.675040000000001,619968.0,1557.7085427135678,1558.7613065326634,1742.6369822255926,1616.3408721024994,0.0781370515977921,-0.309549177774775,False,False,,
1706,8.680128000000002,619532.0,1556.6130653266332,1557.7085427135678,1741.62642304521,1616.3408721024994,0.0775118374503158,-0.0746107735559657,False,False,,
1707,8.685216,620387.0,1558.7613065326634,1557.4497487437186,1741.4097928236831,1616.3408721024994,0.0773778123660864,-0.061478467208051,False,False,,
1708,8.690304000000001,617530.0,1551.5829145728644,1556.6130653266332,1740.6152323041467,1616.3408721024994,0.0768862325680066,-0.3515728184700784,False,False,,
1709,8.695392,619865.0,1557.4497487437186,1551.5829145728644,1735.627163636732,1616.3408721024994,0.073800207365336,-0.5431375945116121,False,False,,
1710,8.70048,614486.0,1543.9346733668342,1547.5954773869346,1731.6817677655015,1616.3408721024994,0.0713592644062569,-0.4598888817665019,False,False,,
1711,8.705568000000001,615943.0,1547.5954773869346,1543.9346733668342,1728.0629643279483,1616.3408721024994,0.0691203781044795,-0.2849847498856208,False,False,,
1712,8.710656,614044.0,1542.824120603015,1542.824120603015,1726.9943714539872,1616.3408721024994,0.0684592595914204,-0.6169350544805328,False,False,,
1713,8.715744,608401.0,1528.645728643216,1533.7035175879396,1717.9156876755071,1616.3408721024994,0.0628424469900841,-0.7269264925694445,False,False,,
1714,8.720832000000001,610414.0,1533.7035175879396,1530.78391959799,1715.0379683082767,1616.3408721024994,0.0610620556030328,-0.3024141012748087,False,False,,
1715,8.72592,609252.0,1530.78391959799,1528.645728643216,1712.9416154016951,1616.3408721024994,0.0597650810955117,-0.2576606385921263,False,False,,
1716,8.731008000000001,606927.0,1524.9422110552764,1526.462311557789,1710.7999958292453,1616.3408721024994,0.0584401009447194,-0.2200868452545314,False,False,,
1717,8.736096000000002,606031.0,1522.6909547738694,1524.9422110552764,1709.321652343767,1616.3408721024994,0.0575254773582013,-0.224216260666318,False,False,,
1718,8.741184,607532.0,1526.462311557789,1522.6909547738694,1707.1121126226865,1616.3408721024994,0.0561584762761792,-0.1663255076095922,False,False,,
1719,8.746272000000001,604605.0,1519.108040201005,1522.1231155778894,1706.585949569522,1616.3408721024994,0.0558329489927665,-0.2127691631069153,False,False,,
1720,8.75136,605805.0,1522.1231155778894,1519.108040201005,1703.612509957101,1616.3408721024994,0.0539933372724039,-0.40555595873301,False,False,,
1721,8.756448,600111.0,1507.8165829145728,1515.3693467336684,1699.9154119149969,1616.3408721024994,0.0517060115566994,-0.6814436586014381,False,False,,
1722,8.761536000000001,603117.0,1515.3693467336684,1507.8165829145728,1692.404203220986,1616.3408721024994,0.0470589666024748,-0.5045536069052607,False,False,,
1723,8.766624,597722.0,1501.8140703517588,1506.9874371859296,1691.6165723563245,1616.3408721024994,0.0465716740528303,-0.3598957045048241,False,False,,
1724,8.771712,599781.0,1506.9874371859296,1501.8140703517588,1686.48468016404,1616.3408721024994,0.0433966679134329,-0.3282794750433035,False,False,,
1725,8.776800000000001,597379.0,1500.9522613065326,1501.5050251256282,1686.21706939667,1616.3408721024994,0.0432311021147892,-0.0473605138545041,False,False,,
1726,8.781888,592849.0,1489.570351758794,1500.9522613065326,1685.7056998921412,1616.3408721024994,0.0429147273244496,-0.0649326806180869,False,False,,
1727,8.786976000000001,597599.0,1501.5050251256282,1500.354271356784,1685.149064151659,1616.3408721024994,0.0425703471568196,-0.6869723001934429,False,False,,
1728,8.792064000000002,592728.0,1489.2663316582914,1489.570351758794,1674.4064586964928,1616.3408721024994,0.0359240971976802,-0.6691043639645122,False,False,,
1729,8.797152,597141.0,1500.354271356784,1489.2663316582914,1674.143712711189,1616.3408721024994,0.0357615411491147,-0.2232056380737161,False,False,,
1730,8.802240000000001,591041.0,1485.0276381909548,1485.8165829145728,1670.7351980938256,1616.3408721024994,0.0336527566246415,-0.2526929898199834,False,False,,
1731,8.807328,590247.0,1483.032663316583,1485.0276381909548,1669.987447546463,1616.3408721024994,0.0331901372847061,-0.164250370413193,False,False,,
1732,8.812416,591355.0,1485.8165829145728,1483.032663316583,1668.0336269369527,1616.3408721024994,0.0319813448553166,-0.5571514305844487,False,False,,
1733,8.817504000000001,583828.0,1466.9045226130654,1475.7814070351758,1660.8234850476815,1616.3408721024994,0.0275205643270781,-0.4358656116369861,False,False,,
1734,8.822592,587361.0,1475.7814070351758,1475.7814070351758,1660.8645596057238,1616.3408721024994,0.0275459763912973,-0.0851357341094165,False,False,,
1735,8.82768,586021.0,1472.4145728643216,1474.2989949748744,1659.423182307964,1616.3408721024994,0.0266542230967804,-0.1997098386648974,False,False,,
1736,8.832768000000002,583363.0,1465.7361809045226,1472.4145728643216,1657.5797552030087,1616.3408721024994,0.0255137290730431,-0.1095868465196652,False,False,,
1737,8.837856,588131.0,1477.71608040201,1472.4145728643216,1657.6207104901807,1616.3408721024994,0.0255390673465959,-0.4010558913740065,False,False,,
1738,8.842944000000001,586771.0,1474.2989949748744,1465.7361809045226,1650.98323413761,1616.3408721024994,0.0214325843224199,-0.5521393885951762,False,False,,
1739,8.848032000000002,580225.0,1457.8517587939698,1463.251256281407,1648.5391854802233,1616.3408721024994,0.0199204969282507,-0.227378521721695,False,False,,
1740,8.85312,581842.0,1461.9145728643216,1461.9145728643216,1647.2433384257745,1616.3408721024994,0.0191187804853798,-0.1725428453966957,False,False,,
1741,8.858208000000001,581212.0,1460.3316582914572,1460.3316582914572,1645.701220650824,1616.3408721024994,0.0181647009334939,-0.2420530098560762,False,False,,
1742,8.863296,582374.0,1463.251256281407,1457.8517587939698,1643.2620784248609,1616.3408721024994,0.0166556490570847,-0.6461054319789779,False,False,,
1743,8.868384,576950.0,1449.6231155778894,1449.6231155778894,1635.0741529922104,1616.3408721024994,0.0115899320576749,-0.4953370746735146,False,False,,
1744,8.873472000000001,573168.0,1440.1206030150754,1449.6231155778894,1635.1148313258047,1616.3408721024994,0.0116150989852064,-0.0132343898974802,False,False,,
1745,8.87856,576831.0,1449.324120603015,1449.324120603015,1634.8564752729098,1616.3408721024994,0.0114552589060782,-0.3022592530805891,False,False,,
1746,8.883648,573086.0,1439.9145728643216,1444.570351758794,1630.1433059772385,1616.3408721024994,0.0085393088258575,-0.3205951212871272,False,False,,
1747,8.888736000000002,578099.0,1452.5100502512562,1443.9698492462312,1629.5833636779423,1616.3408721024994,0.00819288295186,-0.0315798287875216,False,False,,
1748,8.893824,574700.0,1443.9698492462312,1443.9698492462312,1629.623884594037,1616.3408721024994,0.0082179524881155,-0.2416282627097403,False,False,,
1749,8.898912000000001,574939.0,1444.570351758794,1439.9145728643216,1625.609089869123,1616.3408721024994,0.0057340737505249,-0.5089613259640333,False,False,,
1750,8.904000000000002,571336.0,1435.5175879396984,1435.5175879396984,1621.2525473804328,1616.3408721024994,0.0030387620351049,-0.2624130282241841,False,False,,
1751,8.909088,570545.0,1433.5301507537688,1435.5175879396984,1621.2929506333037,1616.3408721024994,0.0030637587753148,-0.0436668682142878,False,False,,
1752,8.914176000000001,570405.0,1433.178391959799,1434.7185929648242,1620.5343197662,1616.3408721024994,0.0025944079841561,-0.1159266441039153,False,False,,
1753,8.919264,569651.0,1431.28391959799,1433.5301507537688,1619.386202555742,1616.3408721024994,0.0018840892449135,-0.0887402908306615,False,False,,
1754,8.924352,571918.0,1436.9798994974874,1433.178391959799,1619.0747296930851,1616.3408721024994,0.0016913867846635,-0.1316703249185989,False,False,,
1755,8.929440000000001,571018.0,1434.7185929648242,1431.28391959799,1617.2205042311575,1616.3408721024994,0.0005442120185417,-0.1620741144469881,False,False,,
1756,8.934528,569312.0,1430.4321608040202,1430.4321608040202,1616.4089533434535,1616.3408721024994,4.212059605088869e-05,-0.0960869553037603,False,False,,
1757,8.939616000000001,568990.0,1429.6231155778894,1429.6231155778894,1615.6400770677528,1616.3408721024994,-0.0004335688386292,-0.0443063807908039,False,False,,
1758,8.944704000000002,566517.0,1423.4095477386934,1429.6231155778894,1615.680207100089,1616.3408721024994,-0.0004087411348763,-0.0964019379370151,False,False,,
1759,8.949792,566661.0,1423.7713567839196,1427.9572864321608,1614.0544691063096,1616.3408721024994,-0.0014145549590759,-0.1993662454563388,False,False,,
1760,8.954880000000001,568327.0,1427.9572864321608,1426.2638190954774,1612.4010540788577,1616.3408721024994,-0.00243749204864,-0.2496286851548036,False,False,,
1761,8.959968000000002,569285.0,1430.3643216080402,1423.7713567839196,1609.948605271447,1616.3408721024994,-0.0039547764592115,-0.0308824792063507,False,False,,
1762,8.965056,567653.0,1426.2638190954774,1425.675879396985,1611.8931026211717,1616.3408721024994,-0.0027517521570447,0.1206497607991057,False,False,,
1763,8.970144000000001,560869.0,1409.2185929648242,1425.675879396985,1611.9330386279037,1616.3408721024994,-0.0027270444933203,-0.4240936255284176,False,False,,
1764,8.975232,562995.0,1414.5603015075376,1418.6206030150754,1604.9176595603224,1616.3408721024994,-0.0070673288904202,-0.6709569107065515,False,False,,
1765,8.98032,567419.0,1425.675879396985,1414.5603015075376,1600.8972167121967,1616.3408721024994,-0.0095547020166692,-0.3469597190456662,False,False,,
1766,8.985408000000001,562308.0,1412.8341708542714,1412.8341708542714,1599.210906100878,1616.3408721024994,-0.0105979909914293,-0.1001058298984577,False,False,,
1767,8.990496,564611.0,1418.6206030150754,1412.8341708542714,1599.2506875627755,1616.3408721024994,-0.0105733789417162,-0.3205417902881775,False,False,,
1768,8.995584000000001,559956.0,1406.9246231155778,1407.4824120603016,1593.9386716880322,1616.3408721024994,-0.0138598242494028,-0.3544589779635319,False,False,,
1769,9.000672000000002,558603.0,1403.5251256281408,1406.9246231155778,1593.4205871572058,1616.3408721024994,-0.0141803535014736,-0.0290869369073989,False,False,,
1770,9.00576,560178.0,1407.4824120603016,1406.9246231155778,1593.4602531030807,1616.3408721024994,-0.0141558129193726,-0.038257153639633,False,False,,
1771,9.010848,558938.0,1404.3668341708542,1406.21608040201,1592.7913379046354,1616.3408721024994,-0.0145696582969106,-0.1506924659928663,False,False,,
1772,9.015936000000002,559674.0,1406.21608040201,1404.3668341708542,1590.9816807950838,1616.3408721024994,-0.0156892594533162,-0.1076190874991438,False,False,,
1773,9.021024,560195.0,1407.5251256281408,1404.3668341708542,1591.0212315603676,1616.3408721024994,-0.0156647901313022,-0.0009979505456316,False,False,,
1774,9.026112,558857.0,1404.1633165829146,1404.2713567839196,1590.9652666195584,1616.3408721024994,-0.0156994145980686,-0.007571245779206,False,False,,
1775,9.0312,556034.0,1397.070351758794,1404.1633165829146,1590.896700582646,1616.3408721024994,-0.0157418351283514,-0.0909823255180413,False,False,,
1776,9.036288,558900.0,1404.2713567839196,1402.6959798994974,1589.4687998183788,1616.3408721024994,-0.0166252507425404,-0.0844183356769392,False,False,,
1777,9.041376,558273.0,1402.6959798994974,1402.6959798994974,1589.5081975296405,1616.3408721024994,-0.0166008761122001,-0.3054652869309564,False,False,,
1778,9.046464,555041.0,1394.5753768844222,1397.5929648241206,1584.4445419946542,1616.3408721024994,-0.0197336655023486,-0.3054699261146754,False,False,,
1779,9.051552,556242.0,1397.5929648241206,1397.5929648241206,1584.483863401157,1616.3408721024994,-0.0197093380803418,-0.1786845709735209,False,False,,
1780,9.056640000000002,559212.0,1405.0552763819096,1394.5753768844222,1581.5055587710187,1616.3408721024994,-0.0215519596965754,-0.3482517176918387,False,False,,
1781,9.061728,553115.0,1389.7361809045226,1391.786432160804,1578.7558592969297,1616.3408721024994,-0.0232531475595738,-0.2894441192062142,False,False,,
1782,9.066816,553931.0,1391.786432160804,1389.7361809045226,1576.744815267021,1616.3408721024994,-0.0244973430536175,-0.8094404577639152,False,False,,
1783,9.071904000000002,547815.0,1376.4195979899498,1378.394472361809,1565.4422759643628,1616.3408721024994,-0.0314900136577805,-0.8048623038007392,False,False,,
1784,9.076992,548601.0,1378.394472361809,1376.4195979899498,1563.5065328830449,1616.3408721024994,-0.0326876218570955,-0.5126389033768852,False,False,,
1785,9.08208,541798.0,1361.3015075376884,1369.8844221105528,1557.0104503814432,1616.3408721024994,-0.0367066271385444,-0.4972148497758097,False,False,,
1786,9.087168,544529.0,1368.1633165829146,1368.1633165829146,1555.3284003555862,1616.3408721024994,-0.0377472801684149,-0.1778003341662919,False,False,,
1787,9.092256,545214.0,1369.8844221105528,1366.8819095477386,1554.086010982874,1616.3408721024994,-0.0385159233390204,-0.41244279375131,False,False,,
1788,9.097344,544019.0,1366.8819095477386,1361.3015075376884,1548.5445888326312,1616.3408721024994,-0.0419442980376288,-0.3609675971317916,False,False,,
1789,9.102432,541625.0,1360.8668341708542,1360.8668341708542,1548.1488575595731,1616.3408721024994,-0.0421891296074344,-0.0620227773567023,False,False,,
1790,9.10752,541361.0,1360.2035175879396,1360.2035175879396,1547.524445340994,1616.3408721024994,-0.0425754418200106,-0.741652260183745,False,False,,
1791,9.112608000000002,535413.0,1345.2587939698492,1348.5904522613066,1535.95024668581,1616.3408721024994,-0.0497361830070652,-0.9038869246473736,False,False,,
1792,9.117696,536739.0,1348.5904522613066,1345.2587939698492,1532.6574174094344,1616.3408721024994,-0.0517733951652236,-0.2949940320681534,False,False,,
1793,9.122784,534777.0,1343.6608040201006,1343.6608040201006,1531.098218854884,1616.3408721024994,-0.0527380422773902,-0.4546317842529976,False,False,,
1794,9.127872000000002,532406.0,1337.7035175879396,1337.7035175879396,1525.179686234486,1616.3408721024994,-0.0563997282017827,-1.156105789751761,False,False,,
1795,9.13296,527178.0,1324.5678391959798,1324.5678391959798,1512.082724107267,1616.3408721024994,-0.064502574793902,-0.8657154486968057,False,False,,
1796,9.138048,525257.0,1319.7412060301508,1323.3869346733668,1510.940498338751,1616.3408721024994,-0.0652092486077184,-0.2887491743997259,False,False,,
1797,9.143136,526708.0,1323.3869346733668,1319.7412060301508,1507.33341097533,1616.3408721024994,-0.0674408863925929,-0.3917133110272655,False,False,,
1798,9.148224,521840.0,1311.1557788944724,1316.8668341708542,1504.4976429578342,1616.3408721024994,-0.0691953232607315,-0.2081015144214539,False,False,,
1799,9.153312,523349.0,1314.9472361809046,1316.2412060301508,1503.9105812572095,1616.3408721024994,-0.0695585274033459,-0.1120206340971892,False,False,,
1800,9.1584,523864.0,1316.2412060301508,1314.9472361809046,1502.655140482557,1616.3408721024994,-0.0703352452333043,-0.2481334656839138,False,False,,
1801,9.163488,524113.0,1316.8668341708542,1312.0829145728644,1499.829310619827,1616.3408721024994,-0.0720835335501457,-0.1694671052792333,False,False,,
1802,9.168576000000002,518153.0,1301.891959798995,1312.0829145728644,1499.8677650720213,1616.3408721024994,-0.072059742496626,-0.4067064018868729,False,False,,
1803,9.173664,522209.0,1312.0829145728644,1305.3165829145728,1493.1398506089392,1616.3408721024994,-0.0762221778957448,-0.4255002899380189,False,False,,
1804,9.178752,519516.0,1305.3165829145728,1305.0075376884422,1492.8691853571306,1616.3408721024994,-0.0763896334470337,-0.0141247623232265,False,False,,
1805,9.183840000000002,515656.0,1295.6180904522614,1305.0075376884422,1492.9075281466269,1616.3408721024994,-0.076365911477146,0.0234494382115801,False,False,,
1806,9.188928,519365.0,1304.9371859296482,1305.3165829145728,1493.254879013455,1616.3408721024994,-0.0761510119637927,0.0234449232476494,False,False,,
1807,9.194016,519393.0,1305.0075376884422,1305.3165829145728,1493.2931475413448,1616.3408721024994,-0.076127335938178,0.6890114797539262,False,False,,
1808,9.199104,523996.0,1316.572864321608,1316.572864321608,1504.5876603994202,1616.3408721024994,-0.0691396311458195,1.3250955490188163,True,False,1808.0,5.0
1809,9.204192,529684.0,1330.8643216080402,1327.035175879397,1515.088166367322,1616.3408721024994,-0.0626431636313633,0.8735353725416415,False,False,,
1810,9.20928,528160.0,1327.035175879397,1330.8643216080402,1518.955469501038,1616.3408721024994,-0.0602505351948347,0.3891320102897246,False,False,,
1811,9.214368,530677.0,1333.359296482412,1333.359296482412,1521.488564811295,1616.3408721024994,-0.058683356294655,0.5988656569583597,False,False,,
1812,9.219456,533574.0,1340.6381909547738,1340.6381909547738,1528.8055427861725,1616.3408721024994,-0.0541564782696257,1.2363245748766172,False,False,,
1813,9.224544000000002,539618.0,1355.824120603015,1353.6180904522614,1541.82348888859,1616.3408721024994,-0.0461025174207089,0.8513673502376111,False,False,,
1814,9.229632,539117.0,1354.5653266331658,1354.5653266331658,1542.8087348125864,1616.3408721024994,-0.0454929641136055,0.138742023696234,False,False,,
1815,9.23472,538740.0,1353.6180904522614,1355.824120603015,1544.1055016994042,1616.3408721024994,-0.044690678587576,0.3709312642645654,False,False,,
1816,9.239808000000002,541515.0,1360.5904522613066,1360.5904522613066,1548.90976948422,1616.3408721024994,-0.0417183675684488,0.3005048828400687,False,False,,
1817,9.244896,541555.0,1360.6909547738694,1360.6909547738694,1549.0481713685078,1616.3408721024994,-0.0416327408997946,0.5126826999471041,False,False,,
1818,9.249984,544841.0,1368.9472361809046,1368.9472361809046,1557.3423154280788,1616.3408721024994,-0.0365013084137856,0.8165159357172329,False,False,,
1819,9.255072,548654.0,1378.5276381909548,1374.0452261306532,1562.4781313467497,1616.3408721024994,-0.0333238747379358,0.4048259079030494,False,False,,
1820,9.26016,546870.0,1374.0452261306532,1375.5301507537688,1564.0008452907157,1616.3408721024994,-0.0323817999749651,0.2771149098226426,False,False,,
1821,9.265248,547461.0,1375.5301507537688,1378.5276381909548,1567.0360854361863,1616.3408721024994,-0.0305039534155802,0.2178399587611759,False,False,,
1822,9.270336,548857.0,1379.037688442211,1379.037688442211,1567.583851818635,1616.3408721024994,-0.030165060554611,0.5549746790094616,False,False,,
1823,9.275424,552257.0,1387.5804020100502,1387.5804020100502,1576.164244976011,1616.3408721024994,-0.0248565310819785,0.7347676089566435,False,False,,
1824,9.280512000000002,553637.0,1391.0477386934674,1391.0477386934674,1579.669224742715,1616.3408721024994,-0.0226880653658672,0.5670337638534677,False,False,,
1825,9.2856,555939.0,1396.8316582914572,1396.8316582914572,1585.4907509531097,1616.3408721024994,-0.0190863955010064,0.963897275351965,False,False,,
1826,9.290688,560434.0,1408.1256281407036,1406.8266331658292,1595.52329600434,1616.3408721024994,-0.0128794466918852,0.6122415740764318,False,False,,
1827,9.295776000000002,559917.0,1406.8266331658292,1406.8266331658292,1595.560829780953,1616.3408721024994,-0.0128562252432038,0.0441263402370344,False,False,,
1828,9.300864,560615.0,1408.5804020100502,1407.4773869346734,1596.249080961432,1616.3408721024994,-0.0124304170536333,0.0835337487005165,False,False,,
1829,9.305952,561432.0,1410.6331658291458,1408.1256281407036,1596.9347832493504,1616.3408721024994,-0.0120061858164274,0.0716141294185013,False,False,,
1830,9.31104,559761.0,1406.4346733668342,1408.5804020100502,1597.4269819060378,1616.3408721024994,-0.0117016716726706,0.157002012633332,False,False,,
1831,9.316128,560176.0,1407.4773869346734,1410.6331658291458,1599.5171342530907,1616.3408721024994,-0.0104085333358703,0.245139562552006,False,False,,
1832,9.321216000000002,562190.0,1412.537688442211,1412.537688442211,1601.4590091698603,1616.3408721024994,-0.0092071314841411,0.5511114848098644,False,False,,
1833,9.326304,566432.0,1423.1959798994974,1419.6231155778894,1608.5817524200863,1616.3408721024994,-0.0048004228664465,0.5060431744302631,False,False,,
1834,9.331392,566464.0,1423.2763819095478,1420.786432160804,1609.782348963454,1616.3408721024994,-0.0040576361411402,0.2217542368976248,False,False,,
1835,9.336480000000002,565473.0,1420.786432160804,1423.1959798994974,1612.2291405435342,1616.3408721024994,-0.002543851751776,0.1559107077873372,False,False,,
1836,9.341568,565010.0,1419.6231155778894,1423.2763819095478,1612.346750310899,1616.3408721024994,-0.0024710887786959,0.5645367111372669,False,False,,
1837,9.346656,570573.0,1433.6005025125628,1432.4070351758794,1621.514575285434,1616.3408721024994,0.0032008738207584,0.6322045774103482,False,False,,
1838,9.351744,570098.0,1432.4070351758794,1433.6005025125628,1622.7451783161357,1616.3408721024994,0.0039622250010332,0.0770739075225375,False,False,,
1839,9.356832,572833.0,1439.2788944723618,1433.6005025125628,1622.7822780308616,1616.3408721024994,0.0039851779037075,0.317359479278655,False,False,,
1840,9.36192,572706.0,1438.9597989949748,1438.7462311557788,1627.9650704443702,1616.3408721024994,0.0071916750621732,0.3303396277207802,False,False,,
1841,9.367008,572621.0,1438.7462311557788,1438.9597989949748,1628.2156661442502,1616.3408721024994,0.007346713955395,0.0368851784691227,False,False,,
1842,9.372096,568126.0,1427.4522613065326,1439.2788944723618,1628.571753607505,1616.3408721024994,0.007567018638275,0.198194347570996,False,False,,
1843,9.377184000000002,573974.0,1442.145728643216,1442.145728643216,1631.475543924167,1616.3408721024994,0.0093635396362777,0.1965096424049062,False,False,,
1844,9.382272,574090.0,1442.4371859296482,1442.4371859296482,1631.803921551072,1616.3408721024994,0.0095667007593878,0.4086875749072549,False,False,,
1845,9.38736,576676.0,1448.9346733668342,1448.7939698492462,1638.197590040498,1616.3408721024994,0.0135223443985351,0.3995176860070152,False,False,,
1846,9.392448000000002,576620.0,1448.7939698492462,1448.9346733668342,1638.375142391926,1616.3408721024994,0.0136321927321957,0.3724749955236655,False,False,,
1847,9.397536,581428.0,1460.8743718592964,1454.8467336683418,1644.3240158259084,1616.3408721024994,0.0173126499529825,0.6975418593180971,False,False,,
1848,9.402624,579029.0,1454.8467336683418,1460.3341708542714,1649.8482304775378,1616.3408721024994,0.0207303786926162,0.3709387313949908,False,False,,
1849,9.407712,584320.0,1468.140703517588,1460.8743718592964,1650.4251733160431,1616.3408721024994,0.0210873224836588,0.4143179635372549,False,False,,
1850,9.4128,581213.0,1460.3341708542714,1467.0753768844222,1656.6628845769528,1616.3408721024994,0.0249464782895723,0.4462402730834971,False,False,,
1851,9.417888,586300.0,1473.1155778894472,1468.140703517588,1657.7648818826951,1616.3408721024994,0.025628263502557,0.0958067500208628,False,False,,
1852,9.422976,584494.0,1468.5778894472362,1468.5778894472362,1658.2387029561685,1616.3408721024994,0.0259214077777847,0.3069154029711747,False,False,,
1853,9.428064,583896.0,1467.0753768844222,1473.1155778894472,1662.8129910478751,1616.3408721024994,0.0287514346431924,0.3185207749028054,False,False,,
1854,9.433152000000002,588321.0,1478.1934673366834,1473.7437185929648,1663.4776959409485,1616.3408721024994,0.0291626751831961,0.2383179776552384,False,False,,
1855,9.43824,586550.0,1473.7437185929648,1476.962311557789,1666.7328176697438,1616.3408721024994,0.0311765583838115,0.2749758378600804,False,False,,
1856,9.443328,589620.0,1481.4572864321608,1478.1934673366834,1668.0004668213471,1616.3408721024994,0.0319608293092597,0.2777211989323831,False,False,,
1857,9.448416000000002,591370.0,1485.854271356784,1481.4572864321608,1671.300743932561,1616.3408721024994,0.0340026493041478,0.4701932718456034,False,False,,
1858,9.453504,587831.0,1476.962311557789,1485.854271356784,1675.7341515502037,1616.3408721024994,0.0367455160435601,0.396711888326906,False,False,,
1859,9.458592,593585.0,1491.4195979899498,1487.9095477386934,1677.8258153366385,1616.3408721024994,0.0380395894797617,0.3427836640256561,False,False,,
1860,9.46368,594575.0,1493.9070351758794,1491.4195979899498,1681.372217738116,1616.3408721024994,0.0402336826086847,0.3690539314227918,False,False,,
1861,9.468768,592188.0,1487.9095477386934,1493.9070351758794,1683.8959718541184,1616.3408721024994,0.0417950822859196,0.4099890692647085,False,False,,
1862,9.473856,598594.0,1504.0050251256282,1498.0904522613066,1688.115670683594,1616.3408721024994,0.0444057313775229,0.6183481014392624,False,False,,
1863,9.478944,596240.0,1498.0904522613066,1504.0050251256282,1694.0664901400296,1616.3408721024994,0.0480873925661649,0.4441985419325025,False,False,,
1864,9.484032,599985.0,1507.5,1505.324120603015,1695.4217970916536,1616.3408721024994,0.0489258957402268,0.2168888462505425,False,False,,
1865,9.489120000000002,599119.0,1505.324120603015,1507.5,1697.6338528790232,1616.3408721024994,0.0502944534656107,0.1951928008619905,False,False,,
1866,9.494208,600368.0,1508.462311557789,1508.462311557789,1698.6323057773352,1616.3408721024994,0.0509121776817986,0.2562921505538567,False,False,,
1867,9.499296,603012.0,1515.105527638191,1511.643216080402,1701.8493166245687,1616.3408721024994,0.0529024823896471,0.4082831235884212,False,False,,
1868,9.504384000000002,601634.0,1511.643216080402,1515.105527638191,1705.3476995250005,1616.3408721024994,0.0550668667474349,0.5491226920022436,False,False,,
1869,9.509472,606445.0,1523.7311557788944,1520.6030150753768,1710.8812233567446,1616.3408721024994,0.0584903549034612,0.3386165095846314,False,False,,
1870,9.51456,605200.0,1520.6030150753768,1520.6030150753768,1710.9172248370778,1616.3408721024994,0.0585126283489668,0.1945605066749616,False,False,,
1871,9.519648,609189.0,1530.6256281407036,1523.7311557788944,1714.0813321405308,1616.3408721024994,0.0604702026193848,0.6137270289646857,False,False,,
1872,9.524736,609880.0,1532.3618090452262,1530.6256281407036,1721.0117362556716,1616.3408721024994,0.0647579145957119,0.4834193464237888,False,False,,
1873,9.529824,603737.0,1516.927135678392,1531.610552763819,1722.0325578192765,1616.3408721024994,0.0653894778885939,0.1099193019508897,False,False,,
1874,9.534912,611223.0,1535.7361809045226,1532.3618090452262,1722.8196762620598,1616.3408721024994,0.0658764534123642,0.0760025716881891,False,False,,
1875,9.54,610050.0,1532.788944723618,1532.788944723618,1723.2826393564103,1616.3408721024994,0.0661628800580929,0.2095097357059057,False,False,,
1876,9.545088000000002,609581.0,1531.610552763819,1535.7361809045226,1726.2656682415195,1616.3408721024994,0.0680084244829078,0.5764326923215091,False,False,,
1877,9.550176,613795.0,1542.1984924623116,1542.1984924623116,1732.7637378253903,1616.3408721024994,0.0720286591351555,0.7068846840401815,False,False,,
1878,9.555264,615822.0,1547.2914572864322,1547.2914572864322,1737.8924260310678,1616.3408721024994,0.0752016830277,0.4086948588024652,False,False,,
1879,9.560352000000002,616442.0,1548.8492462311558,1548.8492462311558,1739.485903746389,1616.3408721024994,0.0761875380183299,0.5315089074897248,False,False,,
1880,9.56544,619273.0,1555.962311557789,1555.962311557789,1746.6346232661942,1616.3408721024994,0.080610317670314,0.4843021666610116,False,False,,
1881,9.570528,619584.0,1556.7437185929648,1556.7437185929648,1747.451649950617,1616.3408721024994,0.0811157968662708,0.1132462992535847,False,False,,
1882,9.575616,619986.0,1557.7537688442212,1557.7537688442212,1748.4972853406623,1616.3408721024994,0.0817627120115184,0.2653900927425239,False,False,,
1883,9.580704,622882.0,1565.0301507537688,1561.037688442211,1751.8167556004207,1616.3408721024994,0.083816406450019,0.4467108638584793,False,False,,
1884,9.585792,621293.0,1561.037688442211,1565.0301507537688,1755.8447341301292,1616.3408721024994,0.0863084417621428,0.3173197844387836,False,False,,
1885,9.59088,623342.0,1566.1859296482412,1566.1859296482412,1757.0359948325054,1616.3408721024994,0.0870454525764686,0.4198169073422519,False,False,,
1886,9.595968,625602.0,1571.8643216080402,1571.8643216080402,1762.7498342233,1616.3408721024994,0.0905804986112584,0.3495435782763341,False,False,,
1887,9.601056000000002,628786.0,1579.8643216080402,1571.8643216080402,1762.7852473106943,1616.3408721024994,0.090602408029009,0.2164862944390542,False,False,,
1888,9.606144,626991.0,1575.354271356784,1575.354271356784,1766.3105758365048,1616.3408721024994,0.0927834631434693,0.4906845723404984,False,False,,
1889,9.611232,631218.0,1585.9748743718592,1579.8643216080402,1770.855970587742,1616.3408721024994,0.0955956142371459,0.6500080683156284,False,False,,
1890,9.616320000000002,624727.0,1569.6658291457286,1585.9748743718592,1777.0018336076662,1616.3408721024994,0.09939794524665,0.4187267442363254,False,False,,
1891,9.621408,631499.0,1586.680904522613,1586.680904522613,1777.7431398038268,1616.3408721024994,0.0998565775864957,0.102511406905732,False,False,,
1892,9.626496,633971.0,1592.891959798995,1587.5904522613066,1778.6879294103744,1616.3408721024994,0.1004411013233227,0.3819035077567445,False,False,,
1893,9.631584,631861.0,1587.5904522613066,1592.891959798995,1784.0246446714768,1616.3408721024994,0.1037428276814272,0.3895373091290519,False,False,,
1894,9.636672,634723.0,1594.7814070351758,1593.927135678392,1785.0949941629297,1616.3408721024994,0.1044050329810189,0.119149691039178,False,False,,
1895,9.64176,634920.0,1595.2763819095478,1594.7814070351758,1785.9844050534596,1616.3408721024994,0.1049552949374421,0.0863023591175373,False,False,,
1896,9.646848,634383.0,1593.927135678392,1595.2763819095478,1786.5144854162857,1616.3408721024994,0.105283245787399,0.0976023891133639,False,False,,
1897,9.651936,637135.0,1600.8417085427136,1596.3165829145728,1787.5897578974575,1616.3408721024994,0.1059484968490597,0.3426237296721623,False,False,,
1898,9.657024000000002,638313.0,1603.8015075376884,1600.8417085427136,1792.1499210223913,1616.3408721024994,0.1087697848605433,0.4544392054026325,False,False,,
1899,9.662112,638281.0,1603.7211055276382,1603.7211055276382,1795.064321557676,1616.3408721024994,0.1105728702032371,0.1842043663814863,False,False,,
1900,9.6672,635334.0,1596.3165829145728,1603.8015075376884,1795.1796932045431,1616.3408721024994,0.1106442484928406,0.3386396177759945,False,False,,
1901,9.672288000000002,643041.0,1615.680904522613,1609.2211055276382,1800.6342269506238,1616.3408721024994,0.114018866953726,0.3381772229379081,False,False,,
1902,9.677376,640499.0,1609.2939698492462,1609.2939698492462,1800.7419931805025,1616.3408721024994,0.1140855399134578,0.1230884035218498,False,False,,
1903,9.682464,642630.0,1614.6482412060302,1611.175879396985,1802.6587708214456,1616.3408721024994,0.1152714145479647,0.1262922332324425,False,False,,
1904,9.687552,640470.0,1609.2211055276382,1611.3015075376884,1802.819233273049,1616.3408721024994,0.1153706896788314,0.0118716185283549,False,False,,
1905,9.69264,641248.0,1611.175879396985,1611.3015075376884,1802.8540338343744,1616.3408721024994,0.1153922201381092,0.2077045853259544,False,False,,
1906,9.697728,641298.0,1611.3015075376884,1614.6482412060302,1806.2355343471663,1616.3408721024994,0.1174842915391086,0.2295450278851625,False,False,,
1907,9.702816,642773.0,1615.0075376884422,1615.0075376884422,1806.6295639898208,1616.3408721024994,0.1177280703418691,0.5171861759858754,False,False,,
1908,9.707904,646620.0,1624.6733668341708,1623.0854271356784,1814.7421529457256,1616.3408721024994,0.1227471780659423,0.4953375456488427,False,False,,
1909,9.712992000000002,645988.0,1623.0854271356784,1623.0854271356784,1814.7768188354248,1616.3408721024994,0.1227686252063924,0.0042131978794728,False,False,,
1910,9.71808,646427.0,1624.1884422110552,1623.0854271356784,1814.8114511387264,1616.3408721024994,0.1227900515675638,0.0042091158801387,False,False,,
1911,9.723168,647540.0,1626.9849246231156,1623.0854271356784,1814.8460498881711,1616.3408721024994,0.1228114571695887,-0.0582734029359386,False,False,,
1912,9.728256000000002,644244.0,1618.7035175879396,1622.0577889447236,1813.8529769253137,1616.3408721024994,0.1221970614192876,-0.0582774770293177,False,False,,
1913,9.733344,645369.0,1621.5301507537688,1622.0577889447236,1813.88750866454,1616.3408721024994,0.1222184255633382,0.0041968935961502,False,False,,
1914,9.738432,642004.0,1613.0753768844222,1622.0577889447236,1813.922006947342,1616.3408721024994,0.122239769008522,0.0041928273933784,False,False,,
1915,9.74352,645579.0,1622.0577889447236,1622.0577889447236,1813.956471806134,1616.3408721024994,0.1222610917748932,0.0206867397104968,False,False,,
1916,9.748608,648297.0,1628.8869346733668,1622.3291457286432,1814.2622600572197,1616.3408721024994,0.1224502772718161,0.4193837337400268,False,False,,
1917,9.753696,645687.0,1622.3291457286432,1628.8869346733668,1820.8544471098337,1616.3408721024994,0.1265287406494323,0.6831945136053434,False,False,,
1918,9.758784,651974.0,1638.1256281407036,1633.497487437186,1825.4993646545895,1616.3408721024994,0.1294024646422641,0.2844894107811591,False,False,,
1919,9.763872,650781.0,1635.1281407035176,1633.497487437186,1825.533696140861,1616.3408721024994,0.1294237048935402,0.0113522295199324,False,False,,
1920,9.768960000000002,650132.0,1633.497487437186,1633.6155778894472,1825.686084816986,1616.3408721024994,0.129517984929859,0.0113481868974787,False,False,,
1921,9.774048,651052.0,1635.8090452261306,1633.6155778894472,1825.7203498106692,1616.3408721024994,0.1295391840434089,0.0041644740688617,False,False,,
1922,9.779136,648767.0,1630.0678391959798,1633.6155778894472,1825.7545816063673,1616.3408721024994,0.1295603626179837,0.0041604392761041,False,False,,
1923,9.784224000000002,650179.0,1633.6155778894472,1633.6155778894472,1825.7887802362443,1616.3408721024994,0.1295815206734826,0.1375150362498693,False,False,,
1924,9.789312,649106.0,1630.9195979899498,1635.8090452261306,1828.0164130691169,1616.3408721024994,0.1309597156268619,0.4352383468361847,False,False,,
1925,9.7944,653019.0,1640.751256281407,1640.7060301507538,1832.9475303883423,1616.3408721024994,0.134010506090888,0.304625358332153,False,False,,
1926,9.799488,653001.0,1640.7060301507538,1640.751256281407,1833.0268558440832,1616.3408721024994,0.1340595832732508,0.1975372634053069,False,False,,
1927,9.804576,656248.0,1648.8643216080402,1643.8869346733668,1836.1966005236548,1616.3408721024994,0.1360206452833009,0.33914086326795,False,False,,
1928,9.809664,655672.0,1647.4170854271356,1646.2613065326634,1838.6050056650963,1616.3408721024994,0.1375106806978659,0.2187627410467953,False,False,,
1929,9.814752,654267.0,1643.8869346733668,1647.4170854271356,1839.794784868224,1616.3408721024994,0.1382467749361933,0.1623906537226975,False,False,,
1930,9.81984,658297.0,1654.0125628140704,1648.8643216080402,1841.275988416242,1616.3408721024994,0.139163167990148,0.1249606892438475,False,False,,
1931,9.824928000000002,655212.0,1646.2613065326634,1649.4045226130654,1841.8501238787535,1616.3408721024994,0.1395183749099389,0.080045536473273,False,False,,
1932,9.830016,656995.0,1650.7412060301508,1650.1130653266332,1842.5925681720655,1616.3408721024994,0.1399777113693,0.0853881064382129,False,False,,
1933,9.835104,656463.0,1649.4045226130654,1650.7412060301508,1843.25457760944,1616.3408721024994,0.1403872842810541,0.0423060697009383,False,False,,
1934,9.840192000000002,656745.0,1650.1130653266332,1650.7412060301508,1843.288413529231,1616.3408721024994,0.1404082179345768,0.0354279254936891,False,False,,
1935,9.84528,662867.0,1665.4949748743718,1651.2562814070352,1843.8372920436343,1616.3408721024994,0.1407477988508777,0.0354239412255115,False,False,,
1936,9.850368,660040.0,1658.391959798995,1651.2562814070352,1843.8710624306416,1616.3408721024994,0.1407686919604875,0.1386850609682497,False,False,,
1937,9.855456,658081.0,1653.4698492462312,1653.4698492462312,1846.1183679380647,1616.3408721024994,0.1421590580312901,0.4379360122201863,False,False,,
1938,9.860544,657200.0,1651.2562814070352,1658.391959798995,1851.0741834719745,1616.3408721024994,0.1452251288208405,0.3033513394728899,False,False,,
1939,9.865632000000002,657075.0,1650.9422110552764,1658.391959798995,1851.1078557977091,1616.3408721024994,0.1452459612617666,0.1389786609158232,False,False,,
1940,9.87072,660923.0,1660.610552763819,1660.610552763819,1853.3600884644948,1616.3408721024994,0.1466393756743193,0.2472808438503619,False,False,,
1941,9.875808,661649.0,1662.4346733668342,1662.391959798995,1855.1751026094676,1616.3408721024994,0.1477622911287877,0.1149875679972005,False,False,,
1942,9.880896000000002,661831.0,1662.891959798995,1662.4346733668342,1855.2513907265152,1616.3408721024994,0.147809489166259,0.0344796050811204,False,False,,
1943,9.885984,661632.0,1662.391959798995,1662.891959798995,1855.7422191788437,1616.3408721024994,0.1481131555900931,0.1356021254061996,False,False,,
1944,9.891072,662522.0,1664.6281407035176,1664.5979899497488,1857.48175885224,1616.3408721024994,0.1491893763943927,0.1096291416838859,False,False,,
1945,9.896160000000002,662614.0,1664.859296482412,1664.6281407035176,1857.5453866626117,1616.3408721024994,0.1492287417358685,0.0059018186274446,False,False,,
1946,9.901248,662510.0,1664.5979899497488,1664.6281407035176,1857.5788312846305,1616.3408721024994,0.1492494333007455,0.0040647683296395,False,False,,
1947,9.906336,664722.0,1670.1557788944724,1664.6281407035176,1857.6122435034888,1616.3408721024994,0.1492701048183909,0.0181146603357884,False,False,,
1948,9.911424,664345.0,1669.2085427135678,1664.859296482412,1857.876779129476,1616.3408721024994,0.1494337680843225,0.1774383878783467,False,False,,
1949,9.916512,661038.0,1660.8994974874372,1667.4798994974874,1860.530729651242,1616.3408721024994,0.1510757178534413,0.1633806271159148,False,False,,
1950,9.921600000000002,661725.0,1662.6256281407036,1667.4798994974874,1860.564044848864,1616.3408721024994,0.1510963293458542,-0.161083466386092,False,False,,
1951,9.926688,665248.0,1671.4773869346734,1664.7638190954774,1857.88124736671,1616.3408721024994,0.1494365324994971,-0.1610873893378936,False,False,,
1952,9.931776,663657.0,1667.4798994974874,1664.7638190954774,1857.914498040073,1616.3408721024994,0.1494571040719525,0.0040411963379334,False,False,,
1953,9.936864000000002,662576.0,1664.7638190954774,1664.7638190954774,1857.9477164981852,1616.3408721024994,0.149477655713432,0.0040372809840434,False,False,,
1954,9.941952,661392.0,1661.788944723618,1664.7638190954774,1857.9809027722588,1616.3408721024994,0.1494981874432461,0.004033369423583,False,False,,
1955,9.94704,665718.0,1672.6582914572864,1664.7638190954774,1858.0140568934753,1616.3408721024994,0.1495186992806863,0.004029461652852,False,False,,
1956,9.952128000000002,659488.0,1657.0050251256282,1664.7638190954774,1858.0471788929865,1616.3408721024994,0.1495391912450256,-0.1768411266194682,False,False,,
1957,9.957216,659969.0,1658.213567839196,1661.788944723618,1855.1053944300545,1616.3408721024994,0.1477191639762073,-0.3338813033821495,False,False,,
1958,9.962304,665408.0,1671.8793969849246,1659.2060301507538,1852.5555377066253,1616.3408721024994,0.1461416151018091,-0.1689054540026493,False,False,,
1959,9.967392,667162.0,1676.286432160804,1658.9447236180904,1852.3272569949656,1616.3408721024994,0.146000382076276,0.004013868394173,False,False,,
1960,9.97248,660364.0,1659.2060301507538,1659.2060301507538,1852.621557351232,1616.3408721024994,0.1461824602265883,0.2363564548562795,False,False,,
1961,9.977568000000002,660260.0,1658.9447236180904,1662.7663316582914,1856.2148207159737,1616.3408721024994,0.1484055453608938,0.2204656312623374,False,False,,
1962,9.982656,660028.0,1658.3618090452262,1662.7663316582914,1856.2477506377488,1616.3408721024994,0.1484259184903145,0.0040022130630301,False,False,,
1963,9.987744,661781.0,1662.7663316582914,1662.7663316582914,1856.280648655037,1616.3408721024994,0.1484462718810232,0.0039983354784691,False,False,,
1964,9.992832000000002,662558.0,1664.7185929648242,1662.7663316582914,1856.3135147987489,1616.3408721024994,0.1484666055521434,0.1226882232145509,False,False,,
1965,9.99792,664194.0,1668.8291457286432,1664.7185929648242,1858.298610406298,1616.3408721024994,0.1496947472404539,0.1663734339730034,False,False,,
1966,10.003008,666745.0,1675.2386934673366,1665.4371859296482,1859.050005860294,1616.3408721024994,0.1501596216162523,0.2112807206720806,False,False,,
1967,10.008096000000002,661093.0,1661.037688442211,1668.1281407035176,1861.7737313423124,1616.3408721024994,0.1518447398540133,0.1675877772600422,False,False,,
1968,10.013184,663915.0,1668.1281407035176,1668.1281407035176,1861.80647030023,1616.3408721024994,0.1518649948376511,0.0039790038354894,False,False,,
1969,10.018272,662844.0,1665.4371859296482,1668.1281407035176,1861.8391775386772,1616.3408721024994,0.1518852301970432,0.0039751487374282,False,False,,
1970,10.02336,664445.0,1669.4597989949748,1668.1281407035176,1861.8718530883864,1616.3408721024994,0.1519054459512031,0.0849335800369175,False,False,,
1971,10.028448,662504.0,1664.5829145728644,1669.4597989949748,1863.236155271516,1616.3408721024994,0.1527495143074992,0.1932358803444618,False,False,,
1972,10.033536000000002,665676.0,1672.5527638190954,1671.2412060301508,1865.050174571,1616.3408721024994,0.1538718142695886,0.1122697537781736,False,False,,
1973,10.038624,666223.0,1673.927135678392,1671.2412060301508,1865.0827552385867,1616.3408721024994,0.1538919713219462,0.003959765659518,False,False,,
1974,10.043712,665771.0,1672.7914572864322,1671.2412060301508,1865.1153043400643,1616.3408721024994,0.1539121088449399,0.0836961396719253,False,False,,
1975,10.048800000000002,665154.0,1671.2412060301508,1672.5527638190954,1866.4593796949607,1616.3408721024994,0.1547436632392478,0.0039520964585157,False,False,,
1976,10.053888,664709.0,1670.1231155778894,1671.2412060301508,1865.1803079669955,1616.3408721024994,0.1539523253785023,-0.1437697086731706,False,False,,
1977,10.058976,663080.0,1666.0301507537688,1670.1231155778894,1864.0946721012651,1616.3408721024994,0.1532806626837897,-0.2166395883882543,False,False,,
1978,10.064064,666041.0,1673.4698492462312,1667.6130653266332,1861.6170449925864,1616.3408721024994,0.1517478009270638,-0.148665644369105,False,False,,
1979,10.069152,662753.0,1665.2085427135678,1667.6130653266332,1861.649436721674,1616.3408721024994,0.1517678410866903,0.0039368025886403,False,False,,
1980,10.07424,663710.0,1667.6130653266332,1667.6130653266332,1861.681797067708,1616.3408721024994,0.1517878618302058,0.1438602542624085,False,False,,
1981,10.079328,661768.0,1662.7336683417086,1669.9145728643216,1864.015633598782,1616.3408721024994,0.153231763034064,0.1438564437468912,False,False,,
1982,10.084416,665854.0,1673.0,1669.9145728643216,1864.047931269896,1616.3408721024994,0.1532517450017736,0.1829589470393831,False,False,,
1983,10.089504000000002,664626.0,1669.9145728643216,1672.859296482412,1867.0249212671752,1616.3408721024994,0.155093553279137,0.1915096492418957,False,False,,
1984,10.094592,667897.0,1678.1331658291458,1673.0,1867.1978599023448,1616.3408721024994,0.1552005471924597,0.1161956510127097,False,False,,
1985,10.09968,665798.0,1672.859296482412,1674.7060301507538,1868.9360939393607,1616.3408721024994,0.1562759602238426,0.1849334159943669,False,True,1808.0,5.0
1986,10.104768000000002,667039.0,1675.9773869346734,1675.9773869346734,1870.239623408482,1616.3408721024994,0.1570824296336186,0.2122734891790401,False,False,,
1987,10.109856,666533.0,1674.7060301507538,1678.1331658291458,1872.427543817325,1616.3408721024994,0.1584360552497282,0.2979675131642132,False,False,,
1988,10.114944,668964.0,1680.8140703517588,1680.8140703517588,1875.1405587136776,1616.3408721024994,0.1601145470475776,0.16689648591767,False,False,,
1989,10.120032,670449.0,1684.5452261306532,1680.8140703517588,1875.1726379769573,1616.3408721024994,0.160134393890427,0.0038988263447858,False,False,,
1990,10.12512,676164.0,1698.9045226130654,1680.8140703517588,1875.2046861599183,1616.3408721024994,0.1601542215044621,0.1963714190308394,False,False,,
1991,10.130208,672719.0,1690.248743718593,1683.9798994974874,1878.402532438403,1616.3408721024994,0.162132669450485,0.2307384256489175,False,False,,
1992,10.135296,665543.0,1672.2185929648242,1684.5452261306532,1878.9998451842016,1616.3408721024994,0.1625022157238659,0.0038875050687519,False,False,,
1993,10.140384,664425.0,1669.4095477386934,1683.9798994974874,1878.4664736736,1616.3408721024994,0.1621722287020644,-0.030487041755423,False,False,,
1994,10.145472000000002,670224.0,1683.9798994974874,1683.9798994974874,1878.4983978361215,1616.3408721024994,0.1621919795869627,-0.0382815147733079,False,False,,
1995,10.15056,671678.0,1687.6331658291458,1683.286432160804,1877.836823731912,1616.3408721024994,0.1617826760077314,-0.023009371537924,False,False,,
1996,10.155648,669373.0,1681.8417085427136,1683.537688442211,1878.1199423457128,1616.3408721024994,0.161957836222193,0.0460339517493881,False,False,,
1997,10.160736000000002,670382.0,1684.3768844221106,1683.9798994974874,1878.5939848632397,1616.3408721024994,0.1622511175007333,0.0548902232620012,False,False,,
1998,10.165824,669948.0,1683.286432160804,1684.3768844221106,1879.02277040988,1616.3408721024994,0.1625163991341071,0.0280008868190364,False,False,,
1999,10.170912,670048.0,1683.537688442211,1684.3768844221106,1879.0545402215432,1616.3408721024994,0.1625360545250037,0.0038612164375884,False,False,,
2000,10.176,672321.0,1689.248743718593,1684.3768844221106,1879.0862792527032,1616.3408721024994,0.162555690872576,0.0449496528858439,False,False,,
2001,10.181088,670651.0,1685.0527638190954,1685.0527638190954,1879.7938669301673,1616.3408721024994,0.1629934621927701,0.1783045433891157,False,False,,
2002,10.186176,673509.0,1692.2336683417086,1687.2462311557788,1882.019011826442,1616.3408721024994,0.1643701179061039,0.1372086322291643,False,False,,
2003,10.191264,670332.0,1684.251256281407,1687.2462311557788,1882.0506586949095,1616.3408721024994,0.1643896972343345,-0.1295123536010614,False,False,,
2004,10.196352,671524.0,1687.2462311557788,1685.0527638190954,1879.8888075653056,1616.3408721024994,0.1630522001958591,-0.1782462087241416,False,False,,
2005,10.201440000000002,673020.0,1691.0050251256282,1684.251256281407,1879.118885603015,1616.3408721024994,0.1625758638143574,-0.3898211797053221,False,False,,
2006,10.206528,665458.0,1672.0050251256282,1678.5778894472362,1873.4770737422384,1616.3408721024994,0.159085379871179,-0.3832562609622361,False,False,,
2007,10.211616,668074.0,1678.5778894472362,1677.8844221105528,1872.8151308065944,1616.3408721024994,0.158675848102807,-0.2879383457345312,False,False,,
2008,10.216704000000002,665634.0,1672.4472361809046,1673.7788944723618,1868.741097026708,1616.3408721024994,0.156155319264984,-0.2457805672212334,False,False,,
2009,10.221792,667798.0,1677.8844221105528,1673.7788944723618,1868.77256037187,1616.3408721024994,0.156174785050763,0.2534322143719443,False,False,,
2010,10.22688,666004.0,1673.3768844221106,1677.8844221105528,1872.909520871643,1616.3408721024994,0.1587342454784336,0.2534285094806243,False,False,,
2011,10.231968,666164.0,1673.7788944723618,1677.8844221105528,1872.94092327918,1616.3408721024994,0.1587536735632386,0.0038165631400879,False,False,,
2012,10.237056,671590.0,1687.4120603015076,1677.8844221105528,1872.9722952621769,1616.3408721024994,0.1587730828249472,-0.0846346094089014,False,False,,
2013,10.242144,670504.0,1684.6834170854272,1676.429648241206,1871.548862980764,1616.3408721024994,0.1578924317778935,0.0786610929980824,False,False,,
2014,10.247232,668288.0,1679.1155778894472,1679.1155778894472,1874.2661038513256,1616.3408721024994,0.1595735381072947,0.1671048772772039,False,False,,
2015,10.25232,666503.0,1674.6306532663316,1679.1155778894472,1874.2973847374517,1616.3408721024994,0.1595928910090656,-0.1492627481807353,False,False,,
2016,10.257408000000002,667219.0,1676.429648241206,1676.5979899497488,1871.8110473770769,1616.3408721024994,0.1580546403818074,-0.149266431586998,False,False,,
2017,10.262496,668507.0,1679.6658291457286,1676.5979899497488,1871.842267678961,1616.3408721024994,0.1580739558012359,0.0037944305147199,False,False,,
2018,10.267584,666931.0,1675.7060301507538,1676.5979899497488,1871.87345773274,1616.3408721024994,0.1580932525067252,0.0879609764066344,False,False,,
2019,10.272672000000002,667286.0,1676.5979899497488,1677.9824120603016,1873.2890396782736,1616.3408721024994,0.1589690466971499,0.087957303696065,False,False,,
2020,10.27776,668661.0,1680.0527638190954,1677.9824120603016,1873.3201693237331,1616.3408721024994,0.1589883060291366,-0.0803868097845974,False,False,,
2021,10.282848,667837.0,1677.9824120603016,1676.5979899497488,1871.9668466983685,1616.3408721024994,0.1581510305207816,-0.0803904753819058,False,False,,
2022,10.287936,670106.0,1683.6834170854272,1676.5979899497488,1871.997916052506,1616.3408721024994,0.1581702525516501,-0.1607453839946959,False,False,,
2023,10.293024,666209.0,1673.891959798995,1673.891959798995,1869.3229251540324,1616.3408721024994,0.156515285493251,-0.3726258086301364,False,False,,
2024,10.298112,664822.0,1670.4070351758794,1670.4070351758794,1865.869009710504,1616.3408721024994,0.1543784123230293,-0.20810799485219,False,False,,
2025,10.3032,663801.0,1667.8417085427136,1670.4070351758794,1865.8999888465337,1616.3408721024994,0.1543975785376345,-0.0338136000041,False,False,,
2026,10.308288,664576.0,1669.788944723618,1669.788944723618,1865.3128475158535,1616.3408721024994,0.1540343251293875,-0.1522054913944721,False,False,,
2027,10.313376000000002,661391.0,1661.786432160804,1667.8417085427136,1863.396530471161,1616.3408721024994,0.1528487354572041,-0.2209506964858505,False,False,,
2028,10.318464,666764.0,1675.286432160804,1666.0929648241206,1861.6786759324625,1616.3408721024994,0.1517859308419475,-0.1025660937792114,False,False,,
2029,10.323552,663105.0,1666.0929648241206,1666.0929648241206,1861.709535185063,1616.3408721024994,0.1518050228869073,0.0037505495675063,False,False,,
2030,10.328640000000002,659404.0,1656.7939698492462,1666.0929648241206,1861.740364539365,1616.3408721024994,0.1518240964343465,0.0037469158096747,False,False,,
2031,10.333728,661159.0,1661.2035175879396,1666.0929648241206,1861.7711640243356,1616.3408721024994,0.1518431515021866,0.0037432855724297,False,False,,
2032,10.338816,663388.0,1666.8040201005026,1666.0929648241206,1861.8019336689135,1616.3408721024994,0.1518621881083315,-0.1154123797830859,False,False,,
2033,10.343904,663993.0,1668.324120603015,1664.1331658291458,1859.8728745070364,1616.3408721024994,0.1506687151255144,-0.0506461768593329,False,False,,
2034,10.348992,662325.0,1664.1331658291458,1665.1984924623116,1860.9689111907016,1616.3408721024994,0.1513468126126116,0.0685022420802639,False,False,,
2035,10.354080000000002,663775.0,1667.7763819095478,1665.1984924623116,1860.9995914874585,1616.3408721024994,0.1513657939409232,-0.061041026368688,False,False,,
2036,10.359168,660610.0,1659.824120603015,1664.1331658291458,1859.9649154261344,1616.3408721024994,0.1507256591282841,-0.1950143030068805,False,False,,
2037,10.364256,662749.0,1665.1984924623116,1661.929648241206,1857.7920187139196,1616.3408721024994,0.149381328393525,-0.2555104856530583,False,False,,
2038,10.369344000000002,660628.0,1659.8693467336684,1659.8693467336684,1855.7623084147624,1616.3408721024994,0.1481255844262783,-0.1242940898185356,False,False,,
2039,10.374432,661448.0,1661.929648241206,1659.824120603015,1855.747643853888,1616.3408721024994,0.1481165117355313,-0.3436596503217011,False,False,,
2040,10.37952,658354.0,1654.1557788944724,1654.1557788944724,1850.1098341052389,1616.3408721024994,0.1446285038246036,-0.4061416897982948,False,False,,
2041,10.384608000000002,657927.0,1653.0829145728644,1653.0829145728644,1849.0674721623263,1616.3408721024994,0.1439836139001433,-0.0615209271172059,False,False,,
2042,10.389696,656808.0,1650.2713567839196,1653.0829145728644,1849.0979449884849,1616.3408721024994,0.1440024668702587,-0.1253777908388755,False,False,,
2043,10.394784,656161.0,1648.645728643216,1650.9597989949748,1847.0052727128475,1616.3408721024994,0.1427077695005665,-0.167237351640308,False,False,,
2044,10.399872,653241.0,1641.3090452261306,1650.2713567839196,1846.3472443087437,1616.3408721024994,0.1423006595799667,-0.1369946496883649,False,False,,
2045,10.40496,658625.0,1654.8366834170854,1648.645728643216,1844.7520005082677,1616.3408721024994,0.1413137119453375,-0.5411986082108484,False,False,,
2046,10.410048000000002,657082.0,1650.9597989949748,1641.3090452261306,1837.4456719932343,1616.3408721024994,0.1367934225428124,-0.7219161113102679,False,False,,
2047,10.415136,651411.0,1636.711055276382,1636.711055276382,1832.878007535885,1616.3408721024994,0.133967493596644,-0.4880456201015821,False,False,,
2048,10.420224,649169.0,1631.0778894472362,1633.2211055276382,1829.4183538983805,1616.3408721024994,0.1318270703126592,-0.3388036246656192,False,False,,
2049,10.425312000000002,645183.0,1621.0628140703518,1631.0778894472362,1827.3054045765243,1616.3408721024994,0.1305198279120462,-0.4452802317646487,False,False,,
2050,10.4304,650022.0,1633.2211055276382,1625.8366834170854,1822.0944359806645,1616.3408721024994,0.127295898674223,-0.3375886839112407,False,False,,
2051,10.435488,646935.0,1625.464824120603,1625.464824120603,1821.752784822629,1616.3408721024994,0.1270845254645666,-0.0850815779554317,False,False,,
2052,10.440576000000002,647083.0,1625.8366834170854,1624.3768844221106,1820.6950239951243,1616.3408721024994,0.1264301085369484,-0.0624767995069088,False,False,,
2053,10.445664,642928.0,1615.3969849246232,1624.3768844221106,1820.7251736270075,1616.3408721024994,0.1264487615527841,-0.0766869423699514,False,False,,
2054,10.450752,646502.0,1624.3768844221106,1623.0552763819096,1819.4336860079145,1616.3408721024994,0.1256497422113915,-0.3652522886993967,False,False,,
2055,10.45584,645976.0,1623.0552763819096,1618.3090452261306,1814.7175460907688,1616.3408721024994,0.12273195426298,-0.4619522975812096,False,False,,
2056,10.460928,641192.0,1611.035175879397,1615.3969849246232,1811.8355478736944,1616.3408721024994,0.1209489156312058,-0.4385837102478476,False,False,,
2057,10.466016000000002,644087.0,1618.3090452261306,1611.035175879397,1807.5037717869468,1616.3408721024994,0.1182689264274973,-0.5102312323422904,False,False,,
2058,10.471104,639564.0,1606.9447236180904,1606.9447236180904,1803.4433233863836,1616.3408721024994,0.1157568026108908,-0.6484816854236559,False,False,,
2059,10.476192,636923.0,1600.3090452261306,1600.3090452261306,1796.8376197856237,1616.3408721024994,0.111669976796626,-0.6677328554671256,False,False,,
2060,10.481280000000002,635169.0,1595.9020100502512,1595.9020100502512,1792.460530359565,1616.3408721024994,0.1089619530736565,-0.416447790775754,False,False,,
2061,10.486368,634173.0,1593.3994974874372,1593.3994974874372,1789.9879345333293,1616.3408721024994,0.1074322040776917,-0.1830355284600013,False,False,,
2062,10.491456,633947.0,1592.8316582914572,1592.8316582914572,1789.4499830887953,1616.3408721024994,0.107099383536048,-0.1372113440665643,False,False,,
2063,10.496544000000002,629150.0,1580.7788944723618,1591.0829145728644,1787.7310981645985,1616.3408721024994,0.1060359414404702,-0.4940599432384527,False,False,,
2064,10.501632,630689.0,1584.645728643216,1584.645728643216,1781.3237421003514,1616.3408721024994,0.1020718295536547,-0.5504315390056842,False,False,,
2065,10.50672,633251.0,1591.0829145728644,1581.9698492462312,1778.6776636678017,1616.3408721024994,0.1004347500995494,-0.2314742096647641,False,False,,
2066,10.511808,629624.0,1581.9698492462312,1580.7788944723618,1777.5164809854016,1616.3408721024994,0.0997163479961059,-0.3941660792508763,False,False,,
2067,10.516896,627020.0,1575.427135678392,1575.427135678392,1772.1944654379097,1616.3408721024994,0.0964237160770917,-0.3917254406103776,False,False,,
2068,10.521984000000002,626562.0,1574.2763819095478,1574.2763819095478,1771.0734260984989,1616.3408721024994,0.0957301499124542,-0.1688535270978484,False,False,,
2069,10.527072,623863.0,1567.4949748743718,1572.5904522613066,1769.4171820905651,1616.3408721024994,0.0947054625853442,-0.1520535334217054,False,False,,
2070,10.53216,625543.0,1571.71608040201,1571.71608040201,1768.5724671103442,1616.3408721024994,0.0941828531563552,-0.2443234794140618,False,False,,
2071,10.537248000000002,621599.0,1561.8065326633166,1568.5125628140704,1765.3985776681131,1616.3408721024994,0.0922192268588264,-0.2530342359510911,False,False,,
2072,10.542336,625891.0,1572.5904522613066,1567.4949748743718,1764.4105891685947,1616.3408721024994,0.0916079767713165,-0.3433183078627539,False,False,,
2073,10.547424,624268.0,1568.5125628140704,1562.8065326633166,1759.7517177200032,1616.3408721024994,0.0887256197580144,-0.3422524801071507,False,False,,
2074,10.552512000000002,621997.0,1562.8065326633166,1561.8065326633166,1758.7812598325347,1616.3408721024994,0.0881252155337457,-0.2573219448583064,False,False,,
2075,10.5576,620289.0,1558.5150753768844,1558.5150753768844,1755.51931603646,1616.3408721024994,0.0861071116471369,-0.321484213553882,False,False,,
2076,10.562688,619471.0,1556.4597989949748,1556.4597989949748,1753.4935245504646,1616.3408721024994,0.0848537921766218,-0.2133342999294125,False,False,,
2077,10.567776,618869.0,1554.9472361809046,1554.9472361809046,1752.0104180655692,1616.3408721024994,0.0839362218110552,-0.5352010351925909,False,False,,
2078,10.572864,614368.0,1543.6381909547738,1547.5979899497488,1744.6905996245262,1616.3408721024994,0.079407586442501,-0.6839917930229289,False,False,,
2079,10.577952000000002,615944.0,1547.5979899497488,1543.6381909547738,1740.7601999082522,1616.3408721024994,0.076975921325253,-0.554608364986291,False,False,,
2080,10.58304,612290.0,1538.4170854271356,1538.4170854271356,1735.5684651755269,1616.3408721024994,0.0737638917204011,-0.5497235380638328,False,False,,
2081,10.588128,610746.0,1534.537688442211,1534.537688442211,1731.7184105293238,1616.3408721024994,0.0713819346019159,-0.5556845984835164,False,False,,
2082,10.593216000000002,608629.0,1529.2185929648242,1529.2185929648242,1726.4286289620372,1616.3408721024994,0.0681092452462321,-0.352671310868879,False,False,,
2083,10.598304,608414.0,1528.678391959799,1528.678391959799,1725.9177134660342,1616.3408721024994,0.0677931513425134,-0.2300092664737043,False,False,,
2084,10.603392,607041.0,1525.2286432160804,1525.3768844221106,1722.6454630638068,1616.3408721024994,0.0657686709505952,-0.2061823071920487,False,False,,
2085,10.608480000000002,605994.0,1522.5979899497488,1525.2286432160804,1722.5264506471665,1616.3408721024994,0.0656950401845268,-0.1653990929174265,False,False,,
2086,10.613568,607100.0,1525.3768844221106,1522.5979899497488,1719.9249978516166,1616.3408721024994,0.0640855697810681,-0.4871130389994977,False,False,,
2087,10.618656,601941.0,1512.4145728643216,1517.1582914572864,1714.5144715387648,1616.3408721024994,0.0607381778996675,-0.3271777794169077,False,False,,
2088,10.623744,603084.0,1515.286432160804,1517.1582914572864,1714.5436154546146,1616.3408721024994,0.0607562086977206,-0.1102634005915028,False,False,,
2089,10.628832,603829.0,1517.1582914572864,1515.286432160804,1712.7008718376048,1616.3408721024994,0.0596161375352481,-0.2848703966720114,False,False,,
2090,10.633920000000002,600420.0,1508.5929648241206,1512.4145728643216,1709.8581000115746,1616.3408721024994,0.0578573675411858,-0.4034148276594855,False,False,,
2091,10.639008,603941.0,1517.4396984924624,1508.5929648241206,1706.0655512601363,1616.3408721024994,0.0555109882489855,-0.7860796076335852,False,False,,
2092,10.644096,596139.0,1497.8366834170854,1499.427135678392,1696.928753248785,1616.3408721024994,0.0498582214539057,-0.6091880797745306,False,False,,
2093,10.649184000000002,594277.0,1493.1582914572864,1498.5150753768844,1696.0456959545468,1616.3408721024994,0.0493118903491991,-0.0931715155610284,False,False,,
2094,10.654272,596409.0,1498.5150753768844,1497.8366834170854,1695.3962789021605,1616.3408721024994,0.0489101081115567,-0.0956190751233645,False,False,,
2095,10.65936,596772.0,1499.427135678392,1496.8844221105528,1694.472964430409,1616.3408721024994,0.0483388706407438,-0.0704172480525002,False,False,,
2096,10.664448000000002,593789.0,1491.9321608040202,1496.6206030150754,1694.2380641242794,1616.3408721024994,0.0481935421953743,-0.012524986563247,False,False,,
2097,10.669536,595760.0,1496.8844221105528,1496.6206030150754,1694.266954895366,1616.3408721024994,0.0482114163774761,-0.2815370328994229,False,False,,
2098,10.674624,595655.0,1496.6206030150754,1491.9321608040202,1689.6073754642816,1616.3408721024994,0.0453286213485889,-0.6046257703941933,False,False,,
2099,10.679712,589411.0,1480.9321608040202,1486.6180904522614,1684.322139928498,1616.3408721024994,0.0420587445379452,-0.66527450154708,False,False,,
2100,10.6848,591674.0,1486.6180904522614,1480.9321608040202,1678.6650171593292,1616.3408721024994,0.0385587880208461,-0.4534011307845342,False,False,,
2101,10.689888000000002,588175.0,1477.8266331658292,1479.1030150753768,1676.8646503999223,1616.3408721024994,0.0374449346310812,-0.1785910388891367,False,False,,
2102,10.694976,588683.0,1479.1030150753768,1477.9371859296482,1675.727572340635,1616.3408721024994,0.0367414456091102,-0.0686079304862503,False,False,,
2103,10.700064,587378.0,1475.824120603015,1477.9170854271356,1675.7361950687834,1616.3408721024994,0.0367467803304534,-0.0032304537763767,False,False,,
2104,10.705152000000002,588219.0,1477.9371859296482,1477.8266331658292,1675.6744382093457,1616.3408721024994,0.0367085725114817,-0.1237607058625385,False,False,,
2105,10.71024,588211.0,1477.9170854271356,1475.824120603015,1673.7005932465702,1616.3408721024994,0.0354873913875967,-0.3703171493821937,False,False,,
2106,10.715328,583010.0,1464.8492462311558,1471.678391959799,1669.583504428499,1616.3408721024994,0.0329402251993683,-0.6092356384335593,False,False,,
2107,10.720416000000002,585728.0,1471.678391959799,1465.7462311557788,1663.6799557016398,1616.3408721024994,0.029287809530896,-0.4117215929562037,False,False,,
2108,10.725504,581308.0,1460.572864321608,1464.8492462311558,1662.8115551330775,1616.3408721024994,0.028750546269445,-0.2731725274336343,False,False,,
2109,10.730592,581556.0,1461.1959798994974,1461.1959798994974,1659.186845463238,1616.3408721024994,0.0265080058917309,-0.2565251597122584,False,False,,
2110,10.73568,583367.0,1465.7462311557788,1460.572864321608,1658.5922588797569,1616.3408721024994,0.0261401462442126,-0.1789269381971125,False,False,,
2111,10.740768,577822.0,1451.8140703517588,1458.1959798994974,1656.2438758114502,1616.3408721024994,0.0246872453686367,-0.4406065054871537,False,False,,
2112,10.745856000000002,577362.0,1450.6582914572864,1453.2688442211056,1651.345213873038,1616.3408721024994,0.0216565344443747,-0.3845472998280206,False,False,,
2113,10.750944,580362.0,1458.1959798994974,1451.8140703517588,1649.9188861566,1616.3408721024994,0.0207740920455862,-0.1552593578243448,False,False,,
2114,10.756032,578401.0,1453.2688442211056,1450.6582914572864,1648.7915258546936,1616.3408721024994,0.0200766152191543,-0.2776226855704693,False,False,,
2115,10.761120000000002,574318.0,1443.0100502512562,1447.1909547738694,1645.3525802302022,1616.3408721024994,0.0179490035972208,-0.2073568809440462,False,False,,
2116,10.766208,573851.0,1441.8366834170854,1447.1909547738694,1645.3809437821635,1616.3408721024994,0.0179665515986671,-0.2507437868508104,False,False,,
2117,10.771296,575982.0,1447.1909547738694,1443.0100502512562,1641.228375331198,1616.3408721024994,0.0153974348222262,-0.2507471267333934,False,False,,
2118,10.776384000000002,572586.0,1438.6582914572864,1443.0100502512562,1641.2566839491562,1616.3408721024994,0.0154149488370277,-0.049719587938799,False,False,,
2119,10.781472,576646.0,1448.859296482412,1442.1356783919598,1640.4105932807277,1616.3408721024994,0.0148914882953612,-0.0497229213527399,False,False,,
2120,10.78656,573970.0,1442.1356783919598,1442.1356783919598,1640.4388470710778,1616.3408721024994,0.0149089683893425,-0.0914294650594762,False,False,,
2121,10.791648,575544.0,1446.0904522613066,1440.5753768844222,1638.9067719799202,1616.3408721024994,0.0139611020589163,-0.0914327920173034,False,False,,
2122,10.796736,573349.0,1440.5753768844222,1440.5753768844222,1638.9349710488516,1616.3408721024994,0.0139785482977748,-0.6257871813243678,False,False,,
2123,10.801824000000002,569230.0,1430.2261306532664,1430.2261306532664,1628.6138965656744,1616.3408721024994,0.0075930917017587,-0.625790501838495,False,False,,
2124,10.806912,569036.0,1429.7386934673366,1430.2261306532664,1628.6420410191704,1616.3408721024994,0.0076105041510643,-0.0262146503614112,False,False,,
2125,10.812,566565.0,1423.5301507537688,1429.7386934673366,1628.1827210186984,1616.3408721024994,0.0073263314196809,-0.4036855124805612,False,False,,
2126,10.817088000000002,565013.0,1419.6306532663316,1423.5301507537688,1622.0022682489694,1616.3408721024994,0.0035026003760616,-0.3740535727177811,False,False,,
2127,10.822176,571032.0,1434.7537688442212,1423.5301507537688,1622.030330977582,1616.3408721024994,0.0035199622637036,-0.0641088209063598,False,False,,
2128,10.827264,566123.0,1422.4195979899498,1422.4195979899498,1620.9478137535175,1616.3408721024994,0.0028502290145183,-0.2336746418858738,False,False,,
2129,10.832352,563236.0,1415.1658291457286,1419.6306532663316,1618.1868774071384,1616.3408721024994,0.0011420891078734,-0.1707412253008222,False,False,,
2130,10.83744,569574.0,1431.0904522613066,1419.5552763819096,1618.1394817637558,1616.3408721024994,0.0011127663058578,-0.0706873627115588,False,False,,
2131,10.842528,563935.0,1416.9221105527638,1418.4120603015076,1617.0242198144854,1616.3408721024994,0.0004227745049205,-0.156693988026995,False,False,,
2132,10.847616,564983.0,1419.5552763819096,1416.9221105527638,1615.5621971132305,1616.3408721024994,-0.0004817517163047,-0.0871919238285331,False,False,,
2133,10.852704,562493.0,1413.2989949748744,1416.9221105527638,1615.5900971033177,1616.3408721024994,-0.0004644905119582,-0.1806837349330916,False,False,,
2134,10.857792000000002,564528.0,1418.4120603015076,1413.894472361809,1612.5903318712626,1616.3408721024994,-0.0023203894029841,-0.1806870202299943,False,False,,
2135,10.86288,562700.0,1413.819095477387,1413.894472361809,1612.6181778251644,1616.3408721024994,-0.0023031616298192,-0.0011984492713776,False,False,,
2136,10.867968,562730.0,1413.894472361809,1413.819095477387,1612.5706199158108,1616.3408721024994,-0.0023325848227696,-0.0012017282054011,False,False,,
2137,10.873056000000002,559197.0,1405.0175879396984,1413.819095477387,1612.5984119381835,1616.3408721024994,-0.0023153904160373,-0.5317370939382425,False,False,,
2138,10.878144,563247.0,1415.1934673366834,1405.0175879396984,1603.8246694962868,1616.3408721024994,-0.007743541490683,-0.5424334981940803,False,False,,
2139,10.883232,559127.0,1404.8417085427136,1404.8417085427136,1603.6765282945998,1616.3408721024994,-0.0078351936936582,-0.0740776003551205,False,False,,
2140,10.88832,558690.0,1403.7437185929648,1403.7437185929648,1602.6062496657182,1616.3408721024994,-0.0084973551518965,-0.2903876444306883,False,False,,
2141,10.893408,556177.0,1397.429648241206,1400.0100502512562,1598.9002657964836,1616.3408721024994,-0.0107901783633853,-0.3456896741600537,False,False,,
2142,10.898496000000002,555373.0,1395.4095477386934,1398.002512562814,1596.920385758135,1616.3408721024994,-0.0120150932761497,-0.1535220820236325,False,False,,
2143,10.903584,557204.0,1400.0100502512562,1397.429648241206,1596.3751522902262,1616.3408721024994,-0.012352419070058,-0.1542891339038523,False,False,,
2144,10.908672,552230.0,1387.5125628140704,1395.4095477386934,1594.3826558709814,1616.3408721024994,-0.0135851395027555,-0.5525351627945367,False,False,,
2145,10.913760000000002,556405.0,1398.002512562814,1388.286432160804,1587.2871176318647,1616.3408721024994,-0.0179750168866559,-0.476769937397383,False,False,,
2146,10.918848,552538.0,1388.286432160804,1387.5125628140704,1586.5407989053208,1616.3408721024994,-0.0184367503857124,-0.6959823839855996,False,False,,
2147,10.923936,547960.0,1376.78391959799,1376.78391959799,1575.8396796167333,1616.3408721024994,-0.0250573336260952,-0.7022487481229662,False,False,,
2148,10.929024000000002,547611.0,1375.9070351758794,1375.9070351758794,1574.9902924552805,1616.3408721024994,-0.0255828336466126,-0.5760730354033856,False,False,,
2149,10.934112,540126.0,1357.1005025125628,1367.2537688442212,1566.3644967432808,1616.3408721024994,-0.0309194528343581,-0.9799711324470372,False,False,,
2150,10.9392,544167.0,1367.2537688442212,1359.7336683417086,1558.8718402452398,1616.3408721024994,-0.035555019890393,-0.4804523590588458,False,False,,
2151,10.944288,541000.0,1359.2964824120604,1359.2964824120604,1558.462071730662,1616.3408721024994,-0.0358085360401422,-0.1567592190361475,False,False,,
2152,10.949376,541174.0,1359.7336683417086,1357.1005025125628,1556.2934826825954,1616.3408721024994,-0.0371502017033051,-0.3926223803971491,False,False,,
2153,10.954464000000002,538408.0,1352.78391959799,1352.78391959799,1552.0042640815504,1616.3408721024994,-0.0398038613830641,-0.5624936403091874,False,False,,
2154,10.959552,536422.0,1347.7939698492462,1347.7939698492462,1547.0416521341426,1616.3408721024994,-0.042874136987091,-0.3251093394013837,False,False,,
2155,10.96464,533619.0,1340.751256281407,1347.3819095477386,1546.6569031474662,1616.3408721024994,-0.0431121740208114,-0.4059220821375495,False,False,,
2156,10.969728000000002,536258.0,1347.3819095477386,1341.0628140703518,1540.3650925240674,1616.3408721024994,-0.0470048000949232,-0.3998149371607029,False,False,,
2157,10.974816,533250.0,1339.824120603015,1340.751256281407,1540.080793153904,1616.3408721024994,-0.0471806908213599,-0.0719972847525625,False,False,,
2158,10.979904,528671.0,1328.319095477387,1339.824120603015,1539.180889484699,1616.3408721024994,-0.0477374444645654,-0.7271839479736197,False,False,,
2159,10.984992000000002,533743.0,1341.0628140703518,1328.7361809045226,1528.1201554113866,1616.3408721024994,-0.0545805146759404,-0.6961770727639456,False,False,,
2160,10.99008,528837.0,1328.7361809045226,1328.319095477387,1527.730249250986,1616.3408721024994,-0.0548217423570133,-0.0984342158100712,False,False,,
2161,10.995168,527317.0,1324.9170854271356,1327.0628140703518,1526.5011207777786,1616.3408721024994,-0.0555821812560238,-0.2035356246773734,False,False,,
2162,11.000256,528171.0,1327.0628140703518,1324.9170854271356,1524.3825187609962,1616.3408721024994,-0.0568929208737299,-0.6523448341997531,False,False,,
2163,11.005344,522509.0,1312.8366834170854,1316.2788944723618,1515.77142815075,1616.3408721024994,-0.0622204422888416,-0.6700680752025159,False,False,,
2164,11.010432000000002,522909.0,1313.8417085427136,1313.8417085427136,1513.3613163091868,1616.3408721024994,-0.0637115336069916,-0.1613837167802225,False,False,,
2165,11.01552,522801.0,1313.570351758794,1313.570351758794,1513.1170073823482,1616.3408721024994,-0.0638626829907975,-0.057816286626573,False,False,,
2166,11.020608,523879.0,1316.2788944723618,1312.8366834170854,1512.4103606921317,1616.3408721024994,-0.0642998721397037,-0.3172042941504456,False,False,,
2167,11.025696000000002,518876.0,1303.7085427135678,1308.2989949748744,1507.899667721212,1616.3408721024994,-0.0670905538880728,-0.4131401430246217,False,False,,
2168,11.030784,520703.0,1308.2989949748744,1305.9874371859296,1505.6150792487238,1616.3408721024994,-0.0685039862351225,-0.2758129593336118,False,False,,
2169,11.035872,516279.0,1297.1834170854272,1303.7085427135678,1503.3631279633237,1616.3408721024994,-0.0698972265622515,-0.5319930181073467,False,False,,
2170,11.040960000000002,519783.0,1305.9874371859296,1297.1834170854272,1496.864919417966,1616.3408721024994,-0.0739175471873836,-0.5724773320694831,False,False,,
2171,11.046048,514694.0,1293.2010050251256,1294.2386934673366,1493.9470868037708,1616.3408721024994,-0.0757227558933911,-0.2388547934474267,False,False,,
2172,11.051136,512508.0,1287.7085427135678,1293.2010050251256,1492.9362633118344,1616.3408721024994,-0.076348133565504,-0.2367193335990833,False,False,,
2173,11.056224,515107.0,1294.2386934673366,1290.2914572864322,1490.0535544950371,1616.3408721024994,-0.0781316118320949,-0.1736330201501648,False,False,,
2174,11.061312,513536.0,1290.2914572864322,1290.2914572864322,1490.0803674137726,1616.3408721024994,-0.0781150231785514,-0.0694545262094035,False,False,,
2175,11.066400000000002,513060.0,1289.0954773869346,1289.0954773869346,1488.9111744550437,1616.3408721024994,-0.0788383810908018,-0.069457683500822,False,False,,
2176,11.071488,512350.0,1287.3115577889448,1289.0954773869346,1488.9379354430134,1616.3408721024994,-0.078821824565856,-0.1052064493238766,False,False,,
2177,11.076576,514098.0,1291.7035175879396,1287.3115577889448,1487.1807509053403,1616.3408721024994,-0.0799089619191219,-0.2902007784329967,False,False,,
2178,11.081664000000002,511139.0,1284.2688442211056,1284.2688442211056,1484.1647464952844,1616.3408721024994,-0.0817749076871905,-0.1970209219825518,False,False,,
2179,11.086752,511039.0,1284.0175879396984,1284.0175879396984,1483.940173494223,1616.3408721024994,-0.0819138468212169,-0.6525514763003457,False,False,,
2180,11.09184,506684.0,1273.0753768844222,1273.4824120603016,1473.4316550428066,1616.3408721024994,-0.0884152715100248,-0.6485828837054317,False,False,,
2181,11.096928000000002,506846.0,1273.4824120603016,1273.2964824120604,1473.272356995227,1616.3408721024994,-0.0885138262458042,-0.0215102296126303,False,False,,
2182,11.102016,506772.0,1273.2964824120604,1273.0753768844222,1473.0778572659551,1616.3408721024994,-0.0886341596065629,-0.0111257519287519,False,False,,
2183,11.107104,506404.0,1272.3718592964824,1273.0603015075376,1473.0893619101407,1616.3408721024994,-0.0886270418974311,0.0023139092712529,False,False,,
2184,11.112192,504470.0,1267.5125628140704,1273.0603015075376,1473.1159161788887,1616.3408721024994,-0.0886106132658186,0.0032273335474872,False,False,,
2185,11.11728,506678.0,1273.0603015075376,1273.0603015075376,1473.142444720265,1616.3408721024994,-0.0885942005512519,0.003224206712785,False,False,,
2186,11.122368000000002,505492.0,1270.0804020100502,1273.0603015075376,1473.1689475591963,1616.3408721024994,-0.0885778037383093,0.4427087946437584,False,False,,
2187,11.127456,509555.0,1280.288944723618,1280.288944723618,1480.4240679366646,1616.3408721024994,-0.0840891958569588,0.7625830698938874,False,False,,
2188,11.132544,511649.0,1285.5502512562814,1285.5502512562814,1485.711825978051,1616.3408721024994,-0.0808177584190699,0.3785437660752446,False,False,,
2189,11.137632000000002,512012.0,1286.462311557789,1286.462311557789,1486.6503121604694,1616.3408721024994,-0.0802371344933766,0.451253946713364,False,False,,
2190,11.14272,514582.0,1292.9195979899498,1292.9195979899498,1493.1339988705597,1616.3408721024994,-0.0762257982573162,1.1759396443380208,True,False,2190.0,6.0
2191,11.147808,520798.0,1308.537688442211,1305.751256281407,1505.9920318617703,1616.3408721024994,-0.0682707726725921,0.9527556017305008,False,False,,
2192,11.152896000000002,519689.0,1305.751256281407,1308.537688442211,1508.8048131689334,1616.3408721024994,-0.0665305572541054,0.3823503008295699,False,False,,
2193,11.157984,522171.0,1311.9874371859296,1311.9874371859296,1512.2808855303747,1616.3408721024994,-0.0643799760113507,0.6227899017538112,False,False,,
2194,11.163072,524854.0,1318.7286432160804,1318.7286432160804,1519.048389674345,1616.3408721024994,-0.0601930472138581,0.7917382825029948,False,False,,
2195,11.16816,528461.0,1327.7914572864322,1324.9572864321608,1525.3033055250517,1616.3408721024994,-0.0563232472486005,0.5541949036798925,False,False,,
2196,11.173248,527333.0,1324.9572864321608,1327.7914572864322,1528.163723559442,1616.3408721024994,-0.0545535598740126,0.2126226325866538,False,False,,
2197,11.178336000000002,528704.0,1328.4020100502512,1328.4020100502512,1528.800498073534,1616.3408721024994,-0.0541595993393984,0.6145285337714075,False,False,,
2198,11.183424,532463.0,1337.8467336683418,1337.8467336683418,1538.2714180366904,1616.3408721024994,-0.0483001175143569,0.655312105470653,False,False,,
2199,11.188512,534700.0,1343.467336683417,1339.1281407035176,1539.578996036338,1616.3408721024994,-0.0474911433541311,0.3449026842344471,False,False,,
2200,11.193600000000002,532973.0,1339.1281407035176,1343.467336683417,1543.944337624706,1616.3408721024994,-0.0447903877995867,0.6765394434035521,False,False,,
2201,11.198688,537381.0,1350.2035175879396,1350.2035175879396,1550.7066388062606,1616.3408721024994,-0.0406066779780574,0.551579483146416,False,False,,
2202,11.203776,538290.0,1352.4874371859296,1352.4874371859296,1553.0166533743882,1616.3408721024994,-0.03917751497909,0.553409515701873,False,False,,
2203,11.208864000000002,541874.0,1361.4924623115578,1359.2537688442212,1559.8090547204415,1616.3408721024994,-0.0349751827462745,0.5506567805207143,False,False,,
2204,11.213952,540983.0,1359.2537688442212,1361.4924623115578,1562.07379261766,1616.3408721024994,-0.0335740315805105,0.4548738027667074,False,False,,
2205,11.21904,544284.0,1367.5477386934674,1366.6834170854272,1567.2907665880025,1616.3408721024994,-0.03034638692932,0.3713115498981434,False,False,,
2206,11.224128,543940.0,1366.6834170854272,1367.5477386934674,1568.1810821835538,1616.3408721024994,-0.0297955652487463,0.3963609659877858,False,False,,
2207,11.229216,547846.0,1376.497487437186,1373.1507537688442,1573.8100660619043,1616.3408721024994,-0.0263130177394275,0.5472838207325466,False,False,,
2208,11.234304000000002,548100.0,1377.1356783919598,1376.497487437186,1577.1827433730832,1616.3408721024994,-0.0242264050889712,0.2454289316282483,False,False,,
2209,11.239392,546514.0,1373.1507537688442,1377.1356783919598,1577.846852834933,1616.3408721024994,-0.023815532931178,0.2400793108601164,False,False,,
2210,11.24448,549454.0,1380.537688442211,1380.394472361809,1581.1315402004514,1616.3408721024994,-0.0217833580216582,0.2099827311813986,False,False,,
2211,11.249568000000002,549397.0,1380.394472361809,1380.537688442211,1581.3006245894444,1616.3408721024994,-0.0216787486586758,0.6126524691446718,False,False,,
2212,11.254656,553387.0,1390.4195979899498,1390.4195979899498,1591.208377383002,1616.3408721024994,-0.0155490064956444,0.794432661514469,False,False,,
2213,11.259744,554634.0,1393.5527638190954,1393.5527638190954,1594.3673614194768,1616.3408721024994,-0.0135946018951064,0.3169049097193044,False,False,,
2214,11.264832000000002,556009.0,1397.0075376884422,1395.5804020100502,1596.4207928035296,1616.3408721024994,-0.0123241821343403,0.2131784923354256,False,False,,
2215,11.26992,555441.0,1395.5804020100502,1397.0075376884422,1597.873696685024,1616.3408721024994,-0.011425297557101,0.4184835832295766,False,False,,
2216,11.275008,558160.0,1402.4120603015076,1402.4120603015076,1603.303962535408,1616.3408721024994,-0.0080656931913955,0.35783521647116,False,False,,
2217,11.280096,558331.0,1402.8417085427136,1402.8417085427136,1603.7593290723366,1616.3408721024994,-0.0077839663942896,0.3434728368917095,False,False,,
2218,11.285184,563187.0,1415.0427135678392,1408.0100502512562,1608.9533641591715,1616.3408721024994,-0.0045705136031846,0.4817167251169296,False,False,,
2219,11.290272000000002,560388.0,1408.0100502512562,1410.713567839196,1611.6825502321146,1616.3408721024994,-0.0028820169994991,0.1931519035231706,False,False,,
2220,11.29536,561632.0,1411.1356783919598,1411.1356783919598,1612.1303044007104,1616.3408721024994,-0.0026049998329324,0.0494026395098769,False,False,,
2221,11.300448,561464.0,1410.713567839196,1411.4748743718592,1612.4951191513658,1616.3408721024994,-0.0023792957398467,0.0237361038931538,False,False,,
2222,11.305536000000002,561767.0,1411.4748743718592,1411.4748743718592,1612.5207131011168,1616.3408721024994,-0.0023634612397157,0.3582753495384687,False,False,,
2223,11.310624,567091.0,1424.8517587939698,1417.3165829145728,1618.3879907966248,1616.3408721024994,0.0012665142170553,0.8046342035948545,False,False,,
2224,11.315712,568693.0,1428.8768844221106,1424.6582914572864,1625.7552437192005,1616.3408721024994,0.0058244964160654,0.4612289070518086,False,False,,
2225,11.320800000000002,564092.0,1417.3165829145728,1424.8517587939698,1625.9742306868156,1616.3408721024994,0.0059599795752151,0.2595839875974509,False,False,,
2226,11.325888,567014.0,1424.6582914572864,1428.8768844221106,1630.024851220936,1616.3408721024994,0.0084660230738561,0.4427390522399985,False,False,,
2227,11.330976,569969.0,1432.0829145728644,1432.0829145728644,1633.2563515766722,1616.3408721024994,0.0104652921708089,0.1986271299691951,False,False,,
2228,11.336064,569973.0,1432.0929648241206,1432.0929648241206,1633.2918473558452,1616.3408721024994,0.0104872527484233,0.2487290906222405,False,False,,
2229,11.341152,571577.0,1436.1231155778894,1436.1231155778894,1637.347418984374,1616.3408721024994,0.0129963593969816,0.3840705895126248,False,False,,
2230,11.346240000000002,572467.0,1438.359296482412,1438.359296482412,1639.6089961343855,1616.3408721024994,0.0143955550673042,0.1871612143418275,False,False,,
2231,11.351328,572782.0,1439.1507537688442,1439.1507537688442,1640.4258250608975,1616.3408721024994,0.0149009119141242,0.1381225771982031,False,False,,
2232,11.356416,575143.0,1445.0829145728644,1440.5804020100502,1641.8808203606134,1616.3408721024994,0.0158010904128732,0.3637446679089322,False,False,,
2233,11.361504000000002,573351.0,1440.5804020100502,1445.0829145728644,1646.408655424184,1616.3408721024994,0.018602377654766,0.5707301605995372,False,False,,
2234,11.366592,577185.0,1450.213567839196,1449.9170854271356,1651.2681242452506,1616.3408721024994,0.0216088405271338,0.315008572814323,False,False,,
2235,11.37168,578358.0,1453.1608040201006,1450.213567839196,1651.589880113916,1616.3408721024994,0.0218079048917234,0.2002835669697722,False,False,,
2236,11.376768000000002,577067.0,1449.9170854271356,1453.1608040201006,1654.5623652649815,1616.3408721024994,0.0236469261046184,0.2293048054934234,False,False,,
2237,11.381856,581420.0,1460.854271356784,1453.9346733668342,1655.3614591191567,1616.3408721024994,0.0241413105924249,0.4708138491335374,False,False,,
2238,11.386944000000002,578666.0,1453.9346733668342,1460.854271356784,1662.306257177529,1616.3408721024994,0.0284379278334024,0.5355807050117432,False,False,,
2239,11.392032,583414.0,1465.8643216080402,1462.6934673366834,1664.17062881051,1616.3408721024994,0.0295913798466252,0.1203787107005061,False,False,,
2240,11.39712,582188.0,1462.78391959799,1462.78391959799,1664.2862323332122,1616.3408721024994,0.0296629015934903,0.1440533949045428,False,False,,
2241,11.402208000000002,582152.0,1462.6934673366834,1465.0125628140704,1666.540002442635,1616.3408721024994,0.031057267193174,0.138551108417507,False,False,,
2242,11.407296,583075.0,1465.0125628140704,1465.0125628140704,1666.5651049915325,1616.3408721024994,0.0310727976727473,0.0030508954682111,False,False,,
2243,11.412384,585858.0,1472.0050251256282,1465.0125628140704,1666.5901832195718,1616.3408721024994,0.0310883131054585,0.3383539970192584,False,False,,
2244,11.417472000000002,586014.0,1472.3969849246232,1470.5276381909548,1672.130312527201,1616.3408721024994,0.0345158879464157,0.4281733500404203,False,False,,
2245,11.42256,582660.0,1463.9698492462312,1472.0050251256282,1673.6327291188654,1616.3408721024994,0.0354454051154705,0.11669475015964,False,False,,
2246,11.427648,591256.0,1485.5678391959798,1472.3969849246232,1674.0496943246155,1616.3408721024994,0.0357033737240399,0.7740138826572429,False,False,,
2247,11.432736000000002,585270.0,1470.5276381909548,1484.6859296482412,1686.3636202282476,1616.3408721024994,0.0433217703853916,0.7501805304778713,False,False,,
2248,11.437824,594250.0,1493.0904522613066,1484.6859296482412,1686.388577204993,1616.3408721024994,0.043337210802185,0.0030332030250539,False,False,,
2249,11.442912000000002,593529.0,1491.2788944723618,1484.6859296482412,1686.4135100019191,1616.3408721024994,0.0433526362593746,0.0030302642756483,False,False,,
2250,11.448,590905.0,1484.6859296482412,1484.6859296482412,1686.4384186424534,1616.3408721024994,0.043368046771454,0.4038670070648456,False,False,,
2251,11.453088,590286.0,1483.1306532663316,1491.2788944723618,1693.05626797412,1616.3408721024994,0.0474623869232677,0.4038640740072461,False,False,,
2252,11.458176000000002,585815.0,1471.8969849246232,1491.2788944723618,1693.0811283720598,1616.3408721024994,0.0474777675885523,0.0120342475094714,False,False,,
2253,11.463264,593588.0,1491.427135678392,1491.427135678392,1693.2542058897818,1616.3408721024994,0.047584847425924,0.0700797492112625,False,False,,
2254,11.468352,593968.0,1492.3819095477386,1492.3819095477386,1694.233792007909,1616.3408721024994,0.0481908991165262,0.1259866274148038,False,False,,
2255,11.473440000000002,595952.0,1497.3668341708542,1493.4497487437186,1695.326419413071,1616.3408721024994,0.0488668873464972,0.3060865948757509,False,False,,
2256,11.478528,594393.0,1493.4497487437186,1497.3668341708542,1699.2682690330826,1616.3408721024994,0.0513056363059811,0.4024746200747424,False,False,,
2257,11.483616,598074.0,1502.6984924623116,1500.0201005025126,1701.9462755645782,1616.3408721024994,0.0529624690803773,0.1942611544618904,False,False,,
2258,11.488704000000002,601049.0,1510.1733668341708,1500.5125628140704,1702.4634541061807,1616.3408721024994,0.0532824378137855,0.1658450627947676,False,False,,
2259,11.493792,597008.0,1500.0201005025126,1502.6984924623116,1704.6740760378973,1616.3408721024994,0.0546501084393764,0.1827984040458794,False,False,,
2260,11.498880000000002,598381.0,1503.4698492462312,1503.4698492462312,1705.470101181924,1616.3408721024994,0.055142594373356,0.3633566627047235,False,False,,
2261,11.503968,597204.0,1500.5125628140704,1508.6256281407036,1710.6505245363137,1616.3408721024994,0.0583476258390586,0.3164567376060088,False,False,,
2262,11.509056,600433.0,1508.6256281407036,1508.6256281407036,1710.6751451191972,1616.3408721024994,0.0583628581352335,0.2263260115600989,False,False,,
2263,11.514144000000002,605519.0,1521.4045226130654,1512.2989949748744,1714.373108682351,1616.3408721024994,0.0606507193326944,0.591264420499015,False,False,,
2264,11.519232,601895.0,1512.2989949748744,1518.3015075376884,1720.4001941433582,1616.3408721024994,0.0643795648782307,0.5381013838555084,False,False,,
2265,11.52432,604284.0,1518.3015075376884,1521.1005025125628,1723.2237382087255,1616.3408721024994,0.0661264390148071,0.1916410241461719,False,False,,
2266,11.529408000000002,605398.0,1521.1005025125628,1521.4045226130654,1723.5522836150865,1616.3408721024994,0.0663297039399424,0.2237175284437773,False,False,,
2267,11.534496,606843.0,1524.7311557788944,1524.7311557788944,1726.9034183251838,1616.3408721024994,0.0684029885842503,0.2153128942107427,False,False,,
2268,11.539584,606909.0,1524.8969849246232,1524.8969849246232,1727.093725276612,1616.3408721024994,0.0685207279514301,0.1406108464066973,False,False,,
2269,11.544672,607744.0,1526.9949748743718,1526.9949748743718,1729.2161693164908,1616.3408721024994,0.0698338445572843,0.1699376966681134,False,False,,
2270,11.54976,609232.0,1530.7336683417086,1527.643216080402,1729.8888409200588,1616.3408721024994,0.0702500139527244,0.1758924190666526,False,False,,
2271,11.554848000000002,608876.0,1529.8391959798994,1529.8391959798994,1732.1092275474566,1616.3408721024994,0.0716237258137068,0.1908599266647304,False,False,,
2272,11.559936,610204.0,1533.175879396985,1530.7336683417086,1733.0280829904614,1616.3408721024994,0.0721922045664649,0.2058274370499457,False,False,,
2273,11.565024,608002.0,1527.643216080402,1533.175879396985,1735.4946535031386,1616.3408721024994,0.0737182258131273,0.6121635694297636,False,False,,
2274,11.570112000000002,613220.0,1540.7537688442212,1540.7537688442212,1743.0968788068694,1616.3408721024994,0.078421581048983,0.4817044946363813,False,False,,
2275,11.5752,613338.0,1541.0502512562814,1541.0502512562814,1743.4176734973837,1616.3408721024994,0.0786200507505485,0.1848908456042881,False,False,,
2276,11.580288,614411.0,1543.7462311557788,1543.7462311557788,1746.1379421201386,1616.3408721024994,0.0803030302938526,0.4332741556175055,False,False,,
2277,11.585376000000002,616236.0,1548.3316582914572,1548.1281407035176,1750.5441168587602,1616.3408721024994,0.0830290485581128,0.2817343438562529,False,False,,
2278,11.590464,616155.0,1548.1281407035176,1548.3316582914572,1750.771876128007,1616.3408721024994,0.0831699589769346,0.1191958851458689,False,False,,
2279,11.595552,617472.0,1551.4371859296482,1550.0402010050252,1752.5046370360844,1616.3408721024994,0.0842419858853574,0.1917535669729115,False,False,,
2280,11.60064,620059.0,1557.9371859296482,1551.4371859296482,1753.9258166911743,1616.3408721024994,0.085121243274451,0.483062173778201,False,False,,
2281,11.605728,621493.0,1561.5402010050252,1557.9371859296482,1760.4499879803327,1616.3408721024994,0.0891576265657252,0.3981253075016262,False,False,,
2282,11.610816000000002,616916.0,1550.0402010050252,1557.9371859296482,1760.474135850893,1616.3408721024994,0.089172566403588,0.07335677647559,False,False,,
2283,11.615904,620520.0,1559.0954773869346,1559.0954773869346,1761.6565517828312,1616.3408721024994,0.0899041051231406,0.2219884632470474,False,False,,
2284,11.620992,624399.0,1568.8417085427136,1561.5402010050252,1764.125376502333,1616.3408721024994,0.0914315210055901,0.3130300007663038,False,False,,
2285,11.626080000000002,619994.0,1557.7738693467336,1564.1959798994974,1766.8052331476206,1616.3408721024994,0.0930894984109389,0.2794201775423506,False,False,,
2286,11.631168,622550.0,1564.1959798994974,1566.0879396984924,1768.721247369459,1616.3408721024994,0.0942749007322611,0.2853749442558921,False,False,,
2287,11.636256,623303.0,1566.0879396984924,1568.8417085427136,1771.4990473311527,1616.3408721024994,0.0959934738436869,0.1931056613540551,False,False,,
2288,11.641344000000002,624548.0,1569.21608040201,1569.21608040201,1771.897427025131,1616.3408721024994,0.0962399439422003,0.2308343105283441,False,False,,
2289,11.646432,625891.0,1572.5904522613066,1572.5904522613066,1775.2957834588765,1616.3408721024994,0.0983424437876225,0.5207681108890245,False,False,,
2290,11.65152,627938.0,1577.7336683417086,1577.7336683417086,1780.4629608760297,1616.3408721024994,0.1015392802386071,0.5361939480555904,False,False,,
2291,11.656608,629382.0,1581.3618090452262,1581.3618090452262,1784.1150397011154,1616.3408721024994,0.1037987534030363,0.3492140813021844,False,False,,
2292,11.661696,630205.0,1583.429648241206,1583.429648241206,1786.2067938259725,1616.3408721024994,0.1050928827299376,0.1338210388384872,False,False,,
2293,11.666784000000002,632679.0,1589.645728643216,1583.5150753768844,1786.3161127203075,1616.3408721024994,0.1051605162942569,0.3808295644257899,False,False,,
2294,11.671872,630239.0,1583.5150753768844,1589.645728643216,1792.4706345975244,1616.3408721024994,0.1089682043775329,0.5436678705769733,False,False,,
2295,11.67696,636293.0,1598.7261306532664,1592.4095477386934,1795.258299178542,1616.3408721024994,0.1106928805452472,0.5497754209410157,False,False,,
2296,11.682048000000002,633779.0,1592.4095477386934,1598.640703517588,1801.5132773400371,1616.3408721024994,0.1145627190610294,0.3869314936041661,False,False,,
2297,11.687136,636259.0,1598.640703517588,1598.7261306532664,1801.6225037777604,1616.3408721024994,0.1146302954241643,0.2036178597863767,False,False,,
2298,11.692224,638623.0,1604.5804020100502,1601.9422110552764,1804.8623604236209,1616.3408721024994,0.1166347344022162,0.3588182256300509,False,False,,
2299,11.697312000000002,640675.0,1609.7361809045226,1604.5804020100502,1807.524304586391,1616.3408721024994,0.1182816296881762,0.3169594533688258,False,False,,
2300,11.7024,637573.0,1601.9422110552764,1607.108040201005,1810.0756729718069,1616.3408721024994,0.1198601137996972,0.2955703930215421,False,False,,
2301,11.707488,639629.0,1607.108040201005,1609.394472361809,1812.385812335833,1616.3408721024994,0.1212893540075632,0.1626672479432596,False,False,,
2302,11.712576,640539.0,1609.394472361809,1609.7361809045226,1812.7512051128056,1616.3408721024994,0.1215154157147682,0.0028785173674457,False,False,,
2303,11.717664,641716.0,1612.3517587939698,1609.394472361809,1812.4331578576412,1616.3408721024994,0.1213186458002942,0.1441778255864676,False,False,,
2304,11.722752000000002,641600.0,1612.0603015075376,1612.0603015075376,1815.1226253664415,1616.3408721024994,0.1229825692679362,0.1826703134285399,False,False,,
2305,11.72784,643119.0,1615.8768844221106,1612.3517587939698,1815.4376981136788,1616.3408721024994,0.1231774989097435,0.2078727688914803,False,False,,
2306,11.732928,639885.0,1607.751256281407,1615.4321608040202,1818.5416927044564,1616.3408721024994,0.1250978825641764,0.2171882885664811,False,False,,
2307,11.738016000000002,642942.0,1615.4321608040202,1615.8768844221106,1819.0099860453636,1616.3408721024994,0.1253876069341963,0.029902947187244,False,False,,
2308,11.743104,646173.0,1623.5502512562814,1615.8768844221106,1819.0335329324168,1616.3408721024994,0.1254021749547539,0.4693878835265561,False,False,,
2309,11.748192,647315.0,1626.4195979899498,1623.5502512562814,1826.7304238400009,1616.3408721024994,0.1301640980369639,0.5201011067509871,False,False,,
2310,11.753280000000002,646505.0,1624.3844221105528,1624.3844221105528,1827.5880959761496,1616.3408721024994,0.1306947238170527,0.1773070871171445,False,False,,
2311,11.758368,642417.0,1614.1130653266332,1626.4195979899498,1829.6467503679696,1616.3408721024994,0.1319683749554676,0.2897349613637843,False,False,,
2312,11.763456,648950.0,1630.5276381909548,1629.1030150753768,1832.3536232184256,1616.3408721024994,0.1336430667838905,0.16599738735521,False,False,,
2313,11.768544,650561.0,1634.5753768844222,1629.1030150753768,1832.3770562580996,1616.3408721024994,0.1336575643691948,0.0028479878612941,False,False,,
2314,11.773632,649688.0,1632.3819095477386,1629.1030150753768,1832.4004665944365,1616.3408721024994,0.133672047908367,0.0028452285594848,False,False,,
2315,11.778720000000002,648383.0,1629.1030150753768,1629.1030150753768,1832.4238542494325,1616.3408721024994,0.1336865174150161,0.0028424719310606,False,False,,
2316,11.783808,648078.0,1628.3366834170854,1629.1030150753768,1832.4472192450628,1616.3408721024994,0.1337009729027375,0.0028397179734156,False,False,,
2317,11.788896,646978.0,1625.572864321608,1629.1030150753768,1832.4705616032809,1616.3408721024994,0.1337154143851135,0.0028369666839545,False,False,,
2318,11.793984000000002,646390.0,1624.0954773869346,1629.1030150753768,1832.4938813460192,1616.3408721024994,0.1337298418757134,0.2376248377815617,False,False,,
2319,11.799072,651956.0,1638.0804020100502,1632.964824120603,1836.378987540416,1616.3408721024994,0.1361334847343778,0.4831058432144335,False,False,,
2320,11.80416,652070.0,1638.3668341708542,1637.002512562814,1840.4399505601184,1616.3408721024994,0.1386459269362633,0.3138461014421683,False,False,,
2321,11.809248000000002,649920.0,1632.964824120603,1638.0804020100502,1841.5410920350373,1616.3408721024994,0.1393271826626537,0.0857741381296186,False,False,,
2322,11.814336,651527.0,1637.002512562814,1638.3668341708542,1841.8507536955617,1616.3408721024994,0.1395187645658704,0.0417768012616761,False,False,,
2323,11.819424,653737.0,1642.5552763819096,1638.7211055276382,1842.2282320459303,1616.3408721024994,0.1397523033922925,0.0452875234767411,False,False,,
2324,11.824512,652211.0,1638.7211055276382,1639.0653266331658,1842.595637660713,1616.3408721024994,0.1399796104047697,0.0740034872840702,False,False,,
2325,11.8296,652749.0,1640.072864321608,1639.891959798995,1843.445432873251,1616.3408721024994,0.1405053628788952,0.0640714206944004,False,False,,
2326,11.834688000000002,652677.0,1639.891959798995,1640.072864321608,1843.6494770017896,1616.3408721024994,0.140631601181756,0.0138109744423804,False,False,,
2327,11.839776,652348.0,1639.0653266331658,1640.072864321608,1843.6725941886743,1616.3408721024994,0.140645903354821,0.1312799390657577,False,False,,
2328,11.844864,653590.0,1642.1859296482412,1642.1859296482412,1845.8087543048723,1616.3408721024994,0.1419675058416895,0.4346566384050874,False,False,,
2329,11.849952000000002,656829.0,1650.324120603015,1647.175879396985,1850.821776467561,1616.3408721024994,0.1450689693072317,0.3724809962092212,False,False,,
2330,11.85504,655576.0,1647.175879396985,1648.2663316582914,1851.9352787888704,1616.3408721024994,0.1457578724591152,0.1381459367224398,False,False,,
2331,11.860128,656462.0,1649.4020100502512,1649.4020100502512,1853.0939849085505,1616.3408721024994,0.1464747423593192,0.1279083679167403,False,False,,
2332,11.865216000000002,657834.0,1652.8492462311558,1650.324120603015,1854.0391008783872,1616.3408721024994,0.1470594680110362,0.0027960157742512,False,False,,
2333,11.870304,656010.0,1648.2663316582914,1649.4020100502512,1853.1399734536656,1616.3408721024994,0.1465031946158384,0.1563161258371117,False,False,,
2334,11.875392000000002,658474.0,1654.4572864321608,1652.8492462311558,1856.610170495177,1616.3408721024994,0.1486501409075555,0.2123759812817969,False,False,,
2335,11.88048,658112.0,1653.5477386934674,1652.8492462311558,1856.633109109922,1616.3408721024994,0.1486643326013626,0.0452549054429791,False,False,,
2336,11.885568,655234.0,1646.3165829145728,1653.5477386934674,1857.3545179626697,1616.3408721024994,0.1491106548253433,0.0452522043610095,False,False,,
2337,11.890656000000002,659200.0,1656.2814070351758,1653.5477386934674,1857.3774121503295,1616.3408721024994,0.1491248190329403,-0.1316454437705001,False,False,,
2338,11.895744,657232.0,1651.3366834170854,1651.3366834170854,1855.1892288803424,1616.3408721024994,0.1477710307895353,-0.1812948223858157,False,False,,
2339,11.900832,658147.0,1653.6356783919598,1650.5201005025126,1854.3954958123895,1616.3408721024994,0.1472799629203426,0.0027771081648992,False,False,,
2340,11.905920000000002,656907.0,1650.5201005025126,1651.3366834170854,1855.2349064352784,1616.3408721024994,0.1477992906422213,0.0027744175355692,False,False,,
2341,11.911008,654510.0,1644.497487437186,1650.5201005025126,1854.4411291121653,1616.3408721024994,0.1473081953931849,-0.0468749532516241,False,False,,
2342,11.916096,656607.0,1649.7663316582914,1650.5201005025126,1854.4639126081977,1616.3408721024994,0.147322291117933,0.0027690440950038,False,False,,
2343,11.921184000000002,662178.0,1663.7638190954774,1650.5201005025126,1854.486674030209,1616.3408721024994,0.1473363731858957,-0.0247302630218548,False,False,,
2344,11.926272,656134.0,1648.5778894472362,1650.0678391959798,1854.0571520930544,1616.3408721024994,0.1470706359614227,0.2068497369806294,False,False,,
2345,11.931360000000002,658243.0,1653.8768844221106,1653.8768844221106,1857.888914657296,1616.3408721024994,0.1494412761094114,0.3243187487329848,False,False,,
2346,11.936448,659463.0,1656.9422110552764,1655.356783919598,1859.391509482971,1616.3408721024994,0.1503709035485299,0.0927333934873484,False,False,,
2347,11.941536,656727.0,1650.0678391959798,1655.356783919598,1859.4141828225609,1616.3408721024994,0.1503849311215382,0.0991466000564109,False,False,,
2348,11.946624000000002,662578.0,1664.7688442211056,1656.9422110552764,1861.0222613305352,1616.3408721024994,0.1513798193507041,0.0991439302112553,False,False,,
2349,11.951712,658832.0,1655.356783919598,1656.9422110552764,1861.04489075682,1616.3408721024994,0.1513938197553683,-0.0936406251982866,False,False,,
2350,11.9568,661813.0,1662.8467336683418,1655.356783919598,1859.4820711226785,1616.3408721024994,0.150426932348686,0.1878915911595982,False,False,,
2351,11.961888000000002,660675.0,1659.9874371859296,1659.9874371859296,1864.1353099870405,1616.3408721024994,0.1533058045870086,0.0027449921103155,False,False,,
2352,11.966976,654230.0,1643.7939698492462,1655.356783919598,1859.5272204364544,1616.3408721024994,0.1504548653884026,0.0027423325969699,False,False,,
2353,11.972064,657156.0,1651.145728643216,1659.9874371859296,1864.1804155574473,1616.3408721024994,0.1533337105635174,0.2842745566926545,False,False,,
2354,11.977152000000002,662550.0,1664.6984924623116,1659.9874371859296,1864.2029355722057,1616.3408721024994,0.1533476432773074,-0.4859390961312204,False,True,2190.0,6.0
2355,11.98224,656647.0,1649.8668341708542,1651.9497487437186,1856.1877453260088,1616.3408721024994,0.1483887943212881,-0.0820468887527798,False,False,,
2356,11.987328000000002,661545.0,1662.1733668341708,1658.5929648241206,1862.8534378048205,1616.3408721024994,0.1525127341373623,0.4066265794550165,False,False,,
2357,11.992416,662388.0,1664.2914572864322,1658.5929648241206,1862.8758924267445,1616.3408721024994,0.1525266263938235,-0.1523213356188542,False,False,,
2358,11.997504,657476.0,1651.9497487437186,1656.0427135678392,1860.3480740369996,1616.3408721024994,0.1509627122261044,0.0027264295404751,False,False,,
2359,12.002592000000002,660120.0,1658.5929648241206,1658.5929648241206,1862.9207364255085,1616.3408721024994,0.1525543705408274,0.0027237880115666,False,False,,
2360,12.00768,659105.0,1656.0427135678392,1656.0427135678392,1860.3928745882024,1616.3408721024994,0.1509904294929112,-0.2745364793210676,False,False,,
2361,12.012768,655982.0,1648.1959798994974,1654.032663316583,1858.4051920637069,1616.3408721024994,0.1497606873272565,0.0027185126293947,False,False,,
2362,12.017856000000002,661912.0,1663.0954773869346,1656.0427135678392,1860.4375883705256,1616.3408721024994,0.1510180930774279,0.1249230978841922,False,False,,
2363,12.022944,658305.0,1654.032663316583,1656.0427135678392,1860.4599127758868,1616.3408721024994,0.1510319047713264,0.0842865662224792,False,False,,
2364,12.028032,657308.0,1651.5276381909548,1657.3844221105528,1861.8239240947355,1616.3408721024994,0.1518757931753081,0.0842839374652619,False,False,,
2365,12.033120000000002,659639.0,1657.3844221105528,1657.3844221105528,1861.846205262601,1616.3408721024994,0.151889578118973,0.00270799249685,False,False,,
2366,12.038208,660988.0,1660.7738693467336,1657.3844221105528,1861.8684648431315,1616.3408721024994,0.1519033497069561,0.0027053688309734,False,False,,
2367,12.043296000000002,661744.0,1662.6733668341708,1657.3844221105528,1861.890702857243,1616.3408721024994,0.151917107952197,0.0027027477070546,False,False,,
2368,12.048384,659378.0,1656.7286432160804,1657.3844221105528,1861.9129193258295,1616.3408721024994,0.1519308528676231,0.1366697930754821,False,False,,
2369,12.053472,663500.0,1667.0854271356784,1659.5879396984924,1864.1386318577056,1616.3408721024994,0.1533078597665335,-0.0053987151910064,False,False,,
2370,12.058560000000002,659586.0,1657.251256281407,1657.251256281407,1861.8241218807616,1616.3408721024994,0.1518759155418394,-0.1393709926566515,False,False,,
2371,12.063648,659578.0,1657.2311557788944,1657.251256281407,1861.846273837941,1616.3408721024994,0.151889620545259,0.1113039545686493,False,False,,
2372,12.068736,660516.0,1659.5879396984924,1659.037688442211,1863.6548364937769,1616.3408721024994,0.1530085445835303,0.0026896801307945,False,False,,
2373,12.073824000000002,658958.0,1655.6733668341708,1657.251256281407,1861.8905133866513,1616.3408721024994,0.1519169907302699,-0.1071466639709637,False,False,,
2374,12.078912,660297.0,1659.037688442211,1657.2311557788944,1861.892500517237,1616.3408721024994,0.1519182201309614,-0.0142717808439165,False,False,,
2375,12.084,661461.0,1661.962311557789,1656.9723618090452,1861.6557727806596,1616.3408721024994,0.1517717610884022,-0.0130523095294527,False,False,,
2376,12.089088000000002,658498.0,1654.5175879396984,1656.9723618090452,1861.6778176348384,1616.3408721024994,0.1517853998291897,0.1282471892135248,False,False,,
2377,12.094176,658388.0,1654.2412060301508,1659.037688442211,1863.7651677638032,1616.3408721024994,0.1530768044858385,0.0026766757353584,False,False,,
2378,12.099264000000002,659475.0,1656.9723618090452,1656.9723618090452,1861.7218432887505,1616.3408721024994,0.1518126376814718,-0.2568634991808451,False,False,,
2379,12.104352,661014.0,1660.8391959798994,1654.7688442211056,1859.5403065419105,1616.3408721024994,0.1504629615181744,-0.1312981723537731,False,False,,
2380,12.10944,661278.0,1661.502512562814,1654.7688442211056,1859.5622660866495,1616.3408721024994,0.1504765474796003,0.0822563547450521,False,False,,
2381,12.114528000000002,658598.0,1654.7688442211056,1656.0778894472362,1860.8932495817933,1616.3408721024994,0.1513000021840602,0.0026663175035785,False,False,,
2382,12.119616,657625.0,1652.324120603015,1654.7688442211056,1859.6061213695616,1616.3408721024994,0.1505036799265173,-0.0769237172325461,False,False,,
2383,12.124704,656499.0,1649.4949748743718,1654.7688442211056,1859.628017148941,1616.3408721024994,0.1505172264375021,0.002661153429182,False,False,,
2384,12.129792000000002,659119.0,1656.0778894472362,1654.7688442211056,1859.6498917143729,1616.3408721024994,0.1505307598238127,0.0822460265913296,False,False,,
2385,12.13488,656130.0,1648.5678391959798,1656.0778894472362,1860.9807903125416,1616.3408721024994,0.1513541620040951,0.2070475733233223,False,False,,
2386,12.139968,660284.0,1659.0050251256282,1658.1306532663316,1863.0553863308148,1616.3408721024994,0.1526376759299508,0.1743545689186927,False,False,,
2387,12.145056000000002,660243.0,1658.9020100502512,1658.9020100502512,1863.8485541615655,1616.3408721024994,0.153128394097412,0.0495478756006484,False,False,,
2388,12.150144,661418.0,1661.854271356784,1658.9020100502512,1863.8703440765437,1616.3408721024994,0.1531418751120632,0.0026482869580561,False,False,,
2389,12.155232000000002,659936.0,1658.1306532663316,1658.9020100502512,1863.8921128801423,1616.3408721024994,0.1531553430654972,-0.044251299196258,False,False,,
2390,12.16032,660348.0,1659.1658291457286,1658.1306532663316,1863.1425038088964,1616.3408721024994,0.1526915738914423,-0.4006406652688135,False,False,,
2391,12.165408,657603.0,1652.2688442211056,1652.2688442211056,1857.302421405853,1616.3408721024994,0.1490784236557208,-0.3537462057842813,False,False,,
2392,12.170496000000002,655425.0,1646.7964824120604,1652.2688442211056,1857.3241269979587,1616.3408721024994,0.149091852501381,-0.1536344428554965,False,False,,
2393,12.175584,653870.0,1642.889447236181,1649.6984924623116,1854.775459801588,1616.3408721024994,0.1475150395652239,-0.153636998745835,False,False,,
2394,12.180672,654696.0,1644.964824120603,1649.6984924623116,1854.797123354704,1616.3408721024994,0.147528442402144,0.0026329292812707,False,False,,
2395,12.185760000000002,658906.0,1655.5427135678392,1649.6984924623116,1854.818765918868,1616.3408721024994,0.1475418322535901,0.1463766198231724,False,False,,
2396,12.190848,656580.0,1649.6984924623116,1652.0628140703518,1857.2047091224551,1616.3408721024994,0.149017970885464,0.1463740713545434,False,False,,
2397,12.195936,657766.0,1652.678391959799,1652.0628140703518,1857.2263097697007,1616.3408721024994,0.1490313348036934,0.0026252838729856,False,False,,
2398,12.201024000000002,660889.0,1660.5251256281408,1652.0628140703518,1857.247889488941,1616.3408721024994,0.1490446857741555,0.0026227403401897,False,False,,
2399,12.206112,657521.0,1652.0628140703518,1652.0628140703518,1857.2694483004525,1616.3408721024994,0.1490580238093951,0.0026201992717211,False,False,,
2400,12.211200000000002,656758.0,1650.145728643216,1652.0628140703518,1857.2909862244912,1616.3408721024994,0.1490713489219445,-0.1139374745641337,False,False,,
2401,12.216288,655509.0,1647.0075376884422,1650.145728643216,1855.3954178541592,1616.3408721024994,0.147898596068231,-0.3047360315516219,False,False,,
2402,12.221376,658317.0,1654.0628140703518,1647.0075376884422,1852.278723109171,1616.3408721024994,0.1459703550648751,-0.305655119384749,False,False,,
2403,12.226464000000002,654740.0,1645.0753768844222,1645.0753768844222,1850.3680376881168,1616.3408721024994,0.1447882495733714,-0.1148616297791953,False,False,,
2404,12.231552,653290.0,1641.4321608040202,1645.0753768844222,1850.389492264441,1616.3408721024994,0.1448015231202417,0.0026075308107778,False,False,,
2405,12.23664,651612.0,1637.21608040201,1645.0753768844222,1850.410926054282,1616.3408721024994,0.1448147838069018,-0.2188955801645473,False,False,,
2406,12.241728000000002,650780.0,1635.1256281407036,1641.4321608040202,1846.7891229973773,1616.3408721024994,0.142574041696487,-0.2188981040494155,False,False,,
2407,12.246816,656154.0,1648.6281407035176,1641.4321608040202,1846.8105152746505,1616.3408721024994,0.1425872767000943,-0.0795843956999622,False,False,,
2408,12.251904,655196.0,1646.2211055276382,1640.0804020100502,1845.4801280318295,1616.3408721024994,0.1417641908858439,0.0293302693380095,False,False,,
2409,12.256992000000002,651181.0,1636.1331658291458,1641.8718592964824,1847.2929361633676,1616.3408721024994,0.142885741520878,0.2286782789603876,False,False,,
2410,12.26208,654232.0,1643.7989949748744,1643.7989949748744,1849.2414020008837,1616.3408721024994,0.1440912210525446,0.1197585808077814,False,False,,
2411,12.267168000000002,652752.0,1640.0804020100502,1643.7989949748744,1849.2627114940672,1616.3408721024994,0.1441044048391775,-0.11457627352409,False,False,,
2412,12.272256,653465.0,1641.8718592964824,1641.8718592964824,1847.3568646629412,1616.3408721024994,0.142925292893164,-0.1145787827727389,False,False,,
2413,12.277344,654480.0,1644.4221105527638,1641.8718592964824,1847.3781328842924,1616.3408721024994,0.1429384511456825,-0.1063323023000784,False,False,,
2414,12.282432000000002,654773.0,1645.1582914572864,1640.0804020100502,1845.6079232132804,1616.3408721024994,0.1418432553849583,-0.2844518285464588,False,False,,
2415,12.28752,651586.0,1637.1507537688442,1637.1507537688442,1842.699502001528,1616.3408721024994,0.1400438693383942,-0.3441831088504195,False,False,,
2416,12.292608,650482.0,1634.3768844221106,1634.3768844221106,1839.9468391182256,1616.3408721024994,0.1383408480692966,-0.3900133155561658,False,False,,
2417,12.297696000000002,649016.0,1630.6934673366834,1630.6934673366834,1836.2846079501337,1616.3408721024994,0.1360750938392941,-0.2232029585831849,False,False,,
2418,12.302784,649004.0,1630.6633165829146,1630.6633165829146,1836.2756225875096,1616.3408721024994,0.1360695347627534,-0.0786954166790732,False,False,,
2419,12.307872,646404.0,1624.1306532663316,1629.356783919598,1834.990234809035,1616.3408721024994,0.1352742892791676,-0.2684246166327213,False,False,,
2420,12.31296,647230.0,1626.2060301507538,1626.2060301507538,1831.8606054385975,1616.3408721024994,0.1333380458638993,-0.3151713678091177,False,False,,
2421,12.318048,642819.0,1615.1231155778894,1624.1306532663316,1829.8063324859952,1616.3408721024994,0.1320671054403424,-0.1521799767700145,False,False,,
2422,12.323136000000002,648484.0,1629.356783919598,1623.6608040201006,1829.3575667248265,1616.3408721024994,0.1317894624202875,-0.2653768985170366,False,False,,
2423,12.328224,646217.0,1623.6608040201006,1619.7236180904522,1825.4414438532929,1616.3408721024994,0.1293666301210339,-0.2667542123676654,False,False,,
2424,12.333312,644650.0,1619.7236180904522,1619.2311557788944,1824.9700241926932,1616.3408721024994,0.129074971555235,-0.02738330215975,False,False,,
2425,12.338400000000002,644454.0,1619.2311557788944,1619.2311557788944,1824.9910464562663,1616.3408721024994,0.1290879776382563,-0.5704441099217856,False,False,,
2426,12.343488,640703.0,1609.8065326633166,1609.8065326633166,1815.587425236629,1616.3408721024994,0.1232701322926732,-0.6367440017173163,False,False,,
2427,12.348576,638324.0,1603.8291457286432,1608.71608040201,1814.5179545233648,1616.3408721024994,0.122608470676783,-0.1379882617393892,False,False,,
2428,12.353664000000002,639377.0,1606.4748743718592,1607.4949748743718,1813.3178102155832,1616.3408721024994,0.121865963741213,-0.1007175305420986,False,False,,
2429,12.358752,640269.0,1608.71608040201,1607.0175879396984,1812.8613641922773,1616.3408721024994,0.1215835690859865,-0.0594750623299447,False,False,,
2430,12.36384,639783.0,1607.4949748743718,1606.4748743718592,1812.3395712469917,1616.3408721024994,0.1212607455069435,0.002542635522877,False,False,,
2431,12.368928,639593.0,1607.0175879396984,1607.0175879396984,1812.903185168228,1616.3408721024994,0.121609442945067,0.0355361212253555,False,False,,
2432,12.374016,634216.0,1593.5075376884422,1607.0175879396984,1812.924065272107,1616.3408721024994,0.1216223610765325,-0.0539831278464824,False,False,,
2433,12.379104000000002,637018.0,1600.5477386934674,1606.0879396984924,1812.01527690488,1616.3408721024994,0.1210601106361012,-0.3908192342144492,False,False,,
2434,12.384192,639883.0,1607.7462311557788,1600.5477386934674,1806.4959155635347,1616.3408721024994,0.1176453845491675,-0.4022786173111345,False,False,,
2435,12.38928,635728.0,1597.3065326633166,1599.429648241206,1805.398644584234,1616.3408721024994,0.1169665234263442,-0.0654474235551063,False,False,,
2436,12.394368000000002,639223.0,1606.0879396984924,1599.429648241206,1805.4194438860384,1616.3408721024994,0.1169793915670706,0.0025278905291639,False,False,,
2437,12.399456,636573.0,1599.429648241206,1599.429648241206,1805.4402230362289,1616.3408721024994,0.116992247240369,-0.1265559338314368,False,False,,
2438,12.404544,632632.0,1589.5276381909548,1597.3065326633166,1803.33786647644,1616.3408721024994,0.1156915583844015,-0.5958341020256874,False,False,,
2439,12.409632000000002,632454.0,1589.0804020100502,1589.5879396984924,1795.6400124171323,1616.3408721024994,0.1109290394181548,-0.4704213878394121,False,False,,
2440,12.41472,637381.0,1601.4597989949748,1589.5276381909548,1795.6004297220131,1616.3408721024994,0.1109045503417463,-0.0283392147577927,False,False,,
2441,12.419808000000002,630788.0,1584.894472361809,1589.0804020100502,1795.173892279896,1616.3408721024994,0.1106406595687794,-0.2791719716823024,False,False,,
2442,12.424896,632656.0,1589.5879396984924,1584.894472361809,1791.0086413162603,1616.3408721024994,0.1080636963579081,-0.4815801156692672,False,False,,
2443,12.429984,629124.0,1580.713567839196,1581.1180904522614,1787.2529180565657,1616.3408721024994,0.1057401003117293,-0.2516802196816758,False,False,,
2444,12.435072000000002,629285.0,1581.1180904522614,1580.713567839196,1786.8690340780115,1616.3408721024994,0.105502598442427,-0.3871799064838299,False,False,,
2445,12.44016,624490.0,1569.070351758794,1574.7085427135678,1780.8846275909452,1616.3408721024994,0.1018001575833512,-0.6088356804037076,False,False,,
2446,12.445248,624267.0,1568.5100502512562,1570.6582914572864,1776.8549749966494,1616.3408721024994,0.0993070865586396,-0.3402877443009142,False,False,,
2447,12.450336000000002,626734.0,1574.7085427135678,1569.070351758794,1775.2876140029207,1616.3408721024994,0.0983373894973447,-0.1281078856619846,False,False,,
2448,12.455424,625122.0,1570.6582914572864,1568.5100502512562,1774.7478712622606,1616.3408721024994,0.0980034607141431,-0.605482258519368,False,False,,
2449,12.460512,618183.0,1553.2236180904522,1559.070351758794,1765.3287116181073,1616.3408721024994,0.0921760020346499,-0.651617904583361,False,False,,
2450,12.465600000000002,620510.0,1559.070351758794,1557.751256281407,1764.0301350897582,1616.3408721024994,0.091372596917102,-0.137280689643747,False,False,,
2451,12.470688,619985.0,1557.751256281407,1556.7713567839196,1763.0707346613178,1616.3408721024994,0.0907790337368352,-0.132089298991417,False,False,,
2452,12.475776000000002,619104.0,1555.537688442211,1555.537688442211,1761.8575455279265,1616.3408721024994,0.0900284562105653,-0.0725156934927788,False,False,,
2453,12.480864,618431.0,1553.8467336683418,1555.537688442211,1761.8780048947551,1616.3408721024994,0.0900411140398524,-0.1003202473214557,False,False,,
2454,12.485952,619595.0,1556.7713567839196,1553.8467336683418,1760.2074896654508,1616.3408721024994,0.0890075973738219,-0.575097702720452,False,False,,
2455,12.491040000000002,614602.0,1544.2261306532664,1546.037688442211,1752.4188641808255,1616.3408721024994,0.0841889198169684,-0.4959709351544887,False,False,,
2456,12.496128,611147.0,1535.5452261306532,1545.6482412060302,1752.0498169022774,1616.3408721024994,0.0839605971376884,-0.1076599009002858,False,False,,
2457,12.501216,615323.0,1546.037688442211,1544.2261306532664,1750.6480865424412,1616.3408721024994,0.0830933726654069,-0.480394321344133,False,False,,
2458,12.506304000000002,615168.0,1545.6482412060302,1537.7060301507538,1744.1483464873004,1616.3408721024994,0.0790721045236899,-0.4331941827827128,False,False,,
2459,12.511392,611750.0,1537.0603015075376,1537.0603015075376,1743.5229585650309,1616.3408721024994,0.078685188661409,-0.0367869132802258,False,False,,
2460,12.51648,610093.0,1532.8969849246232,1537.0603015075376,1743.5432795786646,1616.3408721024994,0.0786977608941505,-0.250651941901526,False,False,,
2461,12.521568000000002,612007.0,1537.7060301507538,1532.8969849246232,1739.4002643211647,1616.3408721024994,0.0761345545006187,-0.2543205513274875,False,False,,
2462,12.526656,605237.0,1520.6959798994974,1532.8366834170854,1739.360244469897,1616.3408721024994,0.0761097949638412,-0.1501412875677426,False,False,,
2463,12.531744000000002,609094.0,1530.3869346733668,1530.3869346733668,1736.930757732361,1616.3408721024994,0.0746067167583289,-0.3838649823400741,False,False,,
2464,12.536832,610069.0,1532.8366834170854,1526.4824120603016,1733.046477494429,1616.3408721024994,0.0722035849035492,-0.3279575655000855,False,False,,
2465,12.54192,607540.0,1526.4824120603016,1524.9522613065326,1731.5365495037636,1616.3408721024994,0.0712694205718007,-0.09057242596523,False,False,,
2466,12.547008000000002,606931.0,1524.9522613065326,1524.9522613065326,1731.556752673839,1616.3408721024994,0.0712819198969268,-0.0595647253986042,False,False,,
2467,12.552096,606525.0,1523.9321608040202,1523.9321608040202,1730.556835767356,1616.3408721024994,0.0706632899261448,-0.296801868478342,False,False,,
2468,12.557184,604972.0,1520.0301507537688,1520.0301507537688,1726.6749897580537,1616.3408721024994,0.0682616640832908,-0.3232315562828889,False,False,,
2469,12.562272000000002,604393.0,1518.5753768844222,1518.5753768844222,1725.240360393521,1616.3408721024994,0.0673740856094097,-0.2317312753405627,False,False,,
2470,12.56736,599607.0,1506.5502512562814,1516.178391959799,1722.8635004565049,1616.3408721024994,0.0659035666254255,-0.7286587521279113,False,False,,
2471,12.572448,595367.0,1495.8969849246232,1506.5502512562814,1713.2554652422969,1616.3408721024994,0.0599592541477548,-0.7107883161026294,False,False,,
2472,12.577536000000002,598770.0,1504.4472361809046,1504.4472361809046,1711.172536176823,1616.3408721024994,0.0586705847207642,-0.1254181040242254,False,False,,
2473,12.582624,603439.0,1516.178391959799,1504.4472361809046,1711.1926027261927,1616.3408721024994,0.0586829995212039,-0.5174001245101625,False,False,,
2474,12.587712000000002,593364.0,1490.8643216080402,1495.8969849246232,1702.6623985776016,1616.3408721024994,0.0534055210537472,-0.6173068890240474,False,False,,
2475,12.5928,594713.0,1494.2537688442212,1494.2537688442212,1701.039210182047,1616.3408721024994,0.052401284618494,-0.2939183960451474,False,False,,
2476,12.597888,599763.0,1506.9422110552764,1491.0226130653266,1697.8280626839755,1616.3408721024994,0.0504146074555916,-0.203640171237585,False,False,,
2477,12.602976000000002,593427.0,1491.0226130653266,1490.8643216080402,1697.689760122287,1616.3408721024994,0.0503290422359801,-0.3505967082489221,False,False,,
2478,12.608064,590491.0,1483.645728643216,1485.21608040201,1692.061488445411,1616.3408721024994,0.0468469353524519,-0.4364496334207883,False,False,,
2479,12.613152,589713.0,1481.6909547738694,1483.645728643216,1690.5110868680913,1616.3408721024994,0.0458877307662912,-0.0930496991767766,False,False,,
2480,12.618240000000002,588049.0,1477.5100502512562,1483.645728643216,1690.5310177206309,1616.3408721024994,0.0459000616136289,-0.1164241790183702,False,False,,
2481,12.623328,591116.0,1485.21608040201,1481.6909547738694,1688.5961553936158,1616.3408721024994,0.0447029983206008,-0.2960711380249217,False,False,,
2482,12.628416,587956.0,1477.2763819095478,1478.7361809045226,1685.6612737751016,1616.3408721024994,0.0428872417130872,-0.1772269620735445,False,False,,
2483,12.633504000000002,590949.0,1484.7964824120604,1478.7361809045226,1685.681146753126,1616.3408721024994,0.0428995367545401,0.0024153076582766,False,False,,
2484,12.638592,586092.0,1472.5929648241206,1478.7361809045226,1685.701000477015,1616.3408721024994,0.0429118198838179,-0.0863400253179094,False,False,,
2485,12.643680000000002,588537.0,1478.7361809045226,1477.2763819095478,1684.2610359704483,1616.3408721024994,0.0420209406569048,-0.2974553341641428,False,False,,
2486,12.648768,588864.0,1479.5577889447236,1473.8040201005026,1680.8084894329666,1616.3408721024994,0.0398849144033641,-0.2823345263618826,False,False,,
2487,12.653856,586574.0,1473.8040201005026,1472.5929648241206,1679.617230229922,1616.3408721024994,0.0391479045166469,-0.3023482917917057,False,False,,
2488,12.658944000000002,583510.0,1466.105527638191,1468.7914572864322,1675.8354995859454,1616.3408721024994,0.0368082181860913,-0.3063223574523643,False,False,,
2489,12.664032,584579.0,1468.7914572864322,1467.5150753768844,1674.5788754090663,1616.3408721024994,0.0360307682072113,-0.1608980954886929,False,False,,
2490,12.66912,582969.0,1464.7462311557788,1466.105527638191,1673.1890662605624,1616.3408721024994,0.0351709191663984,-0.1659414698018753,False,False,,
2491,12.674208000000002,584071.0,1467.5150753768844,1464.7462311557788,1671.8494892444076,1616.3408721024994,0.0343421478105072,-0.3704881270634939,False,False,,
2492,12.679296,580335.0,1458.1281407035176,1459.9723618090452,1667.095320258527,1616.3408721024994,0.0314008319854013,-0.3686573407956137,False,False,,
2493,12.684384,580540.0,1458.643216080402,1458.643216080402,1665.785855803843,1616.3408721024994,0.0305906907105719,-0.1097331150683942,False,False,,
2494,12.689472000000002,581069.0,1459.9723618090452,1458.1281407035176,1665.2904426325172,1616.3408721024994,0.0302841878064651,-0.4810926196705498,False,False,,
2495,12.69456,577375.0,1450.6909547738694,1450.6909547738694,1657.872899858501,1616.3408721024994,0.0256950922128061,-0.6879306532958953,False,False,,
2496,12.699648000000002,575816.0,1446.7738693467336,1446.7738693467336,1653.975438555527,1616.3408721024994,0.0232838054785272,-0.366833498108726,False,False,,
2497,12.704736,574958.0,1444.6180904522614,1444.6180904522614,1651.8392647721855,1616.3408721024994,0.0219621945360515,-0.4070114321842257,False,False,,
2498,12.709824,573136.0,1440.0402010050252,1440.0402010050252,1647.2809614414707,1616.3408721024994,0.0191420571446202,-0.6624268286840622,False,False,,
2499,12.714912000000002,570606.0,1433.6834170854272,1433.6834170854272,1640.943744662187,1616.3408721024994,0.0152213391273617,-0.7705813713164334,False,False,,
