time_index,time_sec,sum_intensity,norm_sum_intensity,filtered_norm_sum_intensity,detrended_norm_sum_intensity,f0_baseline,df_f_signal,d_df_f_signal,is_onset,is_peak,onset_index,peak_id
0,0.0,697970.0,2121.4893617021276,2121.4893617021276,2121.4893617021276,1991.7299871330856,0.0651490791459231,-0.5905576931327763,True,True,0.0,1.0
1,0.0044084,696214.0,2116.1519756838907,2116.1519756838907,2116.304062905012,1991.7299871330856,0.0625456646115166,-0.3202027188833227,False,False,,
2,0.0088168,696020.0,2115.562310030395,2115.562310030395,2115.8663826355064,1991.7299871330856,0.0623259158140726,-0.2388637604929719,False,False,,
3,0.0132252,694734.0,2111.6534954407293,2111.6534954407293,2112.10945166089,1991.7299871330856,0.0604396506080022,-0.2535876811759667,False,False,,
4,0.0176336,694455.0,2110.80547112462,2110.80547112462,2111.4132092590335,1991.7299871330856,0.0600900839466804,-0.0469342386690163,False,False,,
5,0.022042,693937.0,2109.231003039514,2110.5258358662613,2111.2852542822293,1991.7299871330856,0.0600258408125052,-0.0723894933609843,False,False,,
6,0.0264504,694363.0,2110.5258358662613,2109.231003039514,2110.142000172391,1991.7299871330856,0.0594518402616153,-0.1239807689758984,False,False,,
7,0.0308588,691858.0,2102.9118541033436,2108.045592705167,2109.108067058316,1991.7299871330856,0.0589327271685985,-0.3426002995465653,False,False,,
8,0.0352672,693547.0,2108.045592705167,2102.9118541033436,2104.125704248088,1991.7299871330856,0.0564312019405731,-0.8160028303509259,False,False,,
9,0.0396756,685588.0,2083.854103343465,2093.413373860182,2094.7784984357622,1991.7299871330856,0.0517381934139604,-0.7969748794565623,False,False,,
10,0.044084,685830.0,2084.5896656534956,2088.613981762918,2090.1302794764447,1991.7299871330856,0.0494044338233805,-0.4852580169765383,False,False,,
11,0.0484924,688733.0,2093.413373860182,2084.5896656534956,2086.257035279906,1991.7299871330856,0.0474597705298817,-0.25385318189588,False,False,,
12,0.0529008,687154.0,2088.613981762918,2083.854103343465,2085.672443725475,1991.7299871330856,0.0471662610892409,-0.3094253956311661,False,False,,
13,0.0573092,682757.0,2075.2492401215804,2078.854103343465,2080.8233133915264,1991.7299871330856,0.0447316287016808,-0.4728303557076749,False,False,,
14,0.0617176,683943.0,2078.854103343465,2075.2492401215804,2077.369218813834,1991.7299871330856,0.0429974104090375,-0.7681270554105994,False,False,,
15,0.066126,679406.0,2065.063829787234,2065.063829787234,2067.3344761694634,1991.7299871330856,0.0379592060795367,-0.6850571336721485,False,False,,
16,0.0705344,678522.0,2062.3768996960484,2062.917933130699,2065.339146316287,1991.7299871330856,0.0369573986728769,-0.1318848607251341,False,False,,
17,0.0749428,676480.0,2056.1702127659573,2062.446808510638,2065.0184876805215,1991.7299871330856,0.0367964036394953,-0.0136784082336198,False,False,,
18,0.0793512,676291.0,2055.595744680851,2062.3768996960484,2065.0989440986714,1991.7299871330856,0.0368367988831627,-0.3403036943103541,False,False,,
19,0.0837596,678545.0,2062.446808510638,2056.1702127659573,2059.0425217172274,1991.7299871330856,0.0337960140274998,-0.3690474803702455,False,False,,
20,0.088168,678700.0,2062.917933130699,2055.595744680851,2058.618217564094,1991.7299871330856,0.0335829810582343,-0.0779278085296337,False,False,,
21,0.0925764,673212.0,2046.237082066869,2054.501519756839,2057.6740560227513,1991.7299871330856,0.0331089401252557,-0.3173175851543686,False,False,,
22,0.0969848,674359.0,2049.723404255319,2049.723404255319,2053.0459034219266,1991.7299871330856,0.0307852553734453,-0.4535479296905196,False,False,,
23,0.1013932,675931.0,2054.501519756839,2046.237082066869,2049.7094437194796,1991.7299871330856,0.0291100987387603,-0.5973940630002952,False,False,,
24,0.1058016,670809.0,2038.933130699088,2038.933130699088,2042.5552544902464,1991.7299871330856,0.0255181513987843,-0.4080490946707185,False,False,,
25,0.11021,666888.0,2027.015197568389,2038.772036474164,2042.543822123608,1991.7299871330856,0.0255124114808675,-0.6616319158368911,False,False,,
26,0.1146184,665245.0,2022.021276595745,2027.015197568389,2030.9365448630024,1991.7299871330856,0.0196846751232335,-0.888040182991638,False,False,,
27,0.1190268,670756.0,2038.772036474164,2022.8784194528876,2026.9492282466583,1991.7299871330856,0.0176827387954668,-0.2510940649517239,False,False,,
28,0.1234352,665527.0,2022.8784194528876,2022.306990881459,2026.5271610954312,1991.7299871330856,0.0174708289713672,-0.0318051391648537,False,False,,
29,0.1278436,665339.0,2022.306990881459,2022.021276595745,2026.390708217976,1991.7299871330856,0.0174023192444781,-0.0030842028790902,False,False,,
30,0.132252,664360.0,2019.3313069908816,2021.954407294833,2026.473000380348,1991.7299871330856,0.0174436361714228,-0.1361989331898214,False,False,,
31,0.1366604,662957.0,2015.066869300912,2019.3313069908816,2023.998961661628,1991.7299871330856,0.0162014804903301,-0.3752424608257896,False,False,,
32,0.1410688,665223.0,2021.954407294833,2015.066869300912,2019.8834857457152,1991.7299871330856,0.014135198442814,-0.6966750513599611,False,False,,
33,0.1454772,660237.0,2006.7993920972644,2006.7993920972644,2011.764870571784,1991.7299871330856,0.0100590358974996,-0.4953870608656363,False,False,,
34,0.1498856,659220.0,2003.70820668693,2006.0699088145896,2011.1841496412724,1991.7299871330856,0.0097674698045738,-0.0889918178990358,False,False,,
35,0.154294,659625.0,2004.939209726444,2004.939209726444,2010.2021132944817,1991.7299871330856,0.0092744128374474,-0.1175623954801469,False,False,,
36,0.1587024,657435.0,1998.2826747720364,2003.70820668693,2009.119673452213,1991.7299871330856,0.0087309456761045,-0.3621446461387452,False,False,,
37,0.1631108,655570.0,1992.613981762918,1998.2826747720364,2003.842605257109,1991.7299871330856,0.0060814559213713,-0.3341159941305256,False,False,,
38,0.1675192,659997.0,2006.0699088145896,1997.544072948328,2003.2523677423453,1991.7299871330856,0.0057851117790545,-0.2877401885841514,False,False,,
39,0.1719276,655675.0,1992.933130699088,1992.933130699088,1998.7896904577697,1991.7299871330856,0.0035445082266626,-0.2638655921957968,False,False,,
40,0.176336,657192.0,1997.544072948328,1992.613981762918,1998.618707208503,1991.7299871330856,0.0034586616257826,-0.2557418399494927,False,False,,
41,0.1807444,654100.0,1988.145896656535,1988.145896656535,1994.2986885777411,1991.7299871330856,0.0012896835721959,-0.6464088752201731,False,False,,
42,0.1851528,651738.0,1980.966565349544,1980.966565349544,1987.2673246015192,1991.7299871330856,-0.0022405961452586,-0.5205864356813199,False,False,,
43,0.1895612,650791.0,1978.0881458966564,1978.70820668693,1985.156834191209,1991.7299871330856,-0.0033002229139191,-0.1214607483757787,False,False,,
44,0.1939696,650939.0,1978.537993920973,1978.537993920973,1985.1343906654336,1991.7299871330856,-0.0033114912715381,-0.018485683027057,False,False,,
45,0.198378,648038.0,1969.720364741641,1978.0881458966564,1984.8322129354751,1991.7299871330856,-0.0034632074840321,-0.132041549649213,False,False,,
46,0.2027864,650079.0,1975.924012158055,1975.924012158055,1982.8156506116609,1991.7299871330856,-0.0044756752064853,-0.4597051402910105,False,False,,
47,0.2071948,646780.0,1965.8966565349544,1969.720364741641,1976.759475796674,1991.7299871330856,-0.0075163357649499,-0.5542215007470469,False,False,,
48,0.2116032,650995.0,1978.70820668693,1965.8966565349544,1973.083141444218,1991.7299871330856,-0.0093621353342719,-0.4888061285576254,False,False,,
49,0.2160116,642299.0,1952.276595744681,1960.8419452887535,1968.175705371173,1991.7299871330856,-0.0118260416392167,-0.5691293987802482,False,False,,
50,0.22042,645117.0,1960.8419452887535,1955.6079027355624,1963.0888393761393,1991.7299871330856,-0.0143800354174376,-0.2994721980845081,False,False,,
51,0.2248284,643131.0,1954.80547112462,1955.288753799392,1962.9167684491608,1991.7299871330856,-0.0144664281152882,-0.0106024125034389,False,False,,
52,0.2292368,643395.0,1955.6079027355624,1955.127659574468,1962.9026537504503,1991.7299871330856,-0.0144735147679979,-0.0107867113333943,False,False,,
53,0.2336452,643290.0,1955.288753799392,1954.80547112462,1962.7273464097825,1991.7299871330856,-0.0145615323917725,-0.1456321305098562,False,False,,
54,0.2380536,643237.0,1955.127659574468,1952.276595744681,1960.3452537878889,1991.7299871330856,-0.0157575241362772,-0.2702654515107376,False,False,,
55,0.242462,641473.0,1949.7659574468084,1949.7659574468084,1957.981299962783,1991.7299871330856,-0.0169444088246524,-0.4212078799673158,False,False,,
56,0.2468704,639769.0,1944.5866261398176,1944.5866261398176,1952.9485549090916,1991.7299871330856,-0.019471229772373,-0.2825769501593409,False,False,,
57,0.2512788,636143.0,1933.565349544073,1944.5106382978724,1953.019055166746,1991.7299871330856,-0.0194358332788172,0.0123509003144701,False,False,,
58,0.2556872,632864.0,1923.598784194529,1944.5106382978724,1953.1654451783695,1991.7299871330856,-0.0193623343544804,0.0166668898038033,False,False,,
59,0.2600956,634948.0,1929.933130699088,1944.5106382978724,1953.3117371676965,1991.7299871330856,-0.0192888846447951,0.0166557297061822,False,False,,
60,0.264504,638326.0,1940.2006079027356,1944.5106382978724,1953.4579312003616,1991.7299871330856,-0.019215484116807,0.016644577081327,False,False,,
61,0.2689124,635721.0,1932.2826747720364,1944.5106382978724,1953.604027341957,1991.7299871330856,-0.0191421327375844,0.0166334319242147,False,False,,
62,0.2733208,636017.0,1933.182370820669,1944.5106382978724,1953.7500256580292,1991.7299871330856,-0.0190688304742175,0.0166222942298737,False,False,,
63,0.2777292,639744.0,1944.5106382978724,1944.5106382978724,1953.895926214083,1991.7299871330856,-0.0189955772938185,0.0166111639933306,False,False,,
64,0.2821376,638784.0,1941.592705167173,1944.5106382978724,1954.041729075578,1991.7299871330856,-0.0189223731635211,0.5427823402806866,False,False,,
65,0.286546,642784.0,1953.7507598784196,1953.7507598784196,1963.427555888477,1991.7299871330856,-0.0142099739560317,1.3412182465285831,False,False,,
66,0.2909544,648023.0,1969.6747720364745,1967.772036474164,1977.5944401528025,1991.7299871330856,-0.0070971201275279,0.8833939211869501,False,False,,
67,0.2953628,647397.0,1967.772036474164,1968.9726443769,1978.9405582256768,1991.7299871330856,-0.0064212664317105,0.0920323367337904,False,False,,
68,0.2997712,647833.0,1969.09726443769,1969.09726443769,1979.210591023448,1991.7299871330856,-0.0062856894210134,0.0565385557804122,False,False,,
69,0.3041796,652511.0,1983.3161094224924,1969.6747720364745,1979.933413991296,1991.7299871330856,-0.0059227772931058,0.3983728782993365,False,False,,
70,0.308588,650039.0,1975.8024316109424,1975.8024316109424,1986.2062916321083,1991.7299871330856,-0.0027733154276238,0.7933446969960589,False,False,,
71,0.3129964,647792.0,1968.9726443769,1983.3161094224924,1993.865090272437,1991.7299871330856,0.001071984231369,0.6841161819283281,False,False,,
72,0.3174048,653896.0,1987.525835866261,1987.525835866261,1998.2198403725283,1991.7299871330856,0.0032584001252018,0.7656287576868426,False,False,,
73,0.3218132000000001,656927.0,1996.738601823708,1996.471124620061,2007.3100556752609,1991.7299871330856,0.0078223798621424,0.5411247932356336,False,False,,
74,0.3262216,659178.0,2003.580547112462,1996.738601823708,2007.7223623854736,1991.7299871330856,0.0080293892022018,0.4213380371539146,False,False,,
75,0.33063,656839.0,1996.471124620061,2003.580547112462,2014.7090402034055,1991.7299871330856,0.011537233068121,0.5023313762737567,False,False,,
76,0.3350384,663316.0,2016.1580547112465,2005.270516717325,2016.5436454249957,1991.7299871330856,0.0124583444805322,0.6684831738205583,False,False,,
77,0.3394468,663213.0,2015.8449848024316,2015.0303951367785,2026.4480626136155,1991.7299871330856,0.017431115515062,0.6186232980841648,False,False,,
78,0.3438552,662945.0,2015.0303951367785,2015.8449848024316,2027.407094265725,1991.7299871330856,0.0179126223750807,0.080660112829485,False,False,,
79,0.3482636,659734.0,2005.270516717325,2016.1580547112465,2027.8645094430904,1991.7299871330856,0.018142279597857,0.2064828286826667,False,False,,
80,0.352672,664311.0,2019.182370820669,2019.182370820669,2031.0330741679209,1991.7299871330856,0.01973314017901,0.4318301643979243,False,False,,
81,0.3570804000000001,665716.0,2023.452887537994,2023.452887537994,2035.4477429122287,1991.7299871330856,0.0219496397913207,0.5744422644039298,False,False,,
82,0.3614888,667535.0,2028.981762917933,2028.981762917933,2041.1206737954017,1991.7299871330856,0.0247978827358065,0.5875858323967011,False,False,,
83,0.3658972,669534.0,2035.0577507598784,2033.483282674772,2045.7661525963567,1991.7299871330856,0.0271302665583959,0.3334841874302907,False,False,,
84,0.3703056,669460.0,2034.8328267477204,2034.550151975684,2046.9768845468568,1991.7299871330856,0.0277381461195419,0.0932294524245684,False,False,,
85,0.374714,669016.0,2033.483282674772,2034.8328267477204,2047.403325638497,1991.7299871330856,0.0279522519945328,0.0452735847241041,False,False,,
86,0.3791224000000001,669367.0,2034.550151975684,2035.0577507598784,2047.7719197047788,1991.7299871330856,0.0281373142613374,0.2230222368637275,False,False,,
87,0.3835308,670654.0,2038.462006079027,2038.462006079027,2051.3197488770293,1991.7299871330856,0.0299185944525129,0.8677576867678529,False,False,,
88,0.3879392,674453.0,2050.0091185410333,2050.0091185410333,2063.0103390555314,1991.7299871330856,0.0357881602340322,0.7950505026736838,False,False,,
89,0.3923476000000001,675281.0,2052.5258358662613,2052.1367781155013,2065.281380274262,1991.7299871330856,0.0369283957244862,0.159639821211047,False,False,,
90,0.396756,675153.0,2052.1367781155013,2052.5258358662613,2065.8137236613816,1991.7299871330856,0.0371956726096857,0.3235416000694107,False,False,,
91,0.4011644000000001,676928.0,2057.531914893617,2057.531914893617,2070.9629923814796,1991.7299871330856,0.0397809973039782,0.3401469597635449,False,False,,
92,0.4055728,677152.0,2058.2127659574467,2058.2127659574467,2071.7869372586783,1991.7299871330856,0.040194680324529,0.1692998827279028,False,False,,
93,0.4099812,677812.0,2060.218844984802,2060.218844984802,2073.93601428423,1991.7299871330856,0.0412736805100136,0.3794157209805027,False,False,,
94,0.4143896000000001,679433.0,2065.145896656535,2064.5896656534956,2078.4497372001047,1991.7299871330856,0.0435399128532699,0.2968426626792375,False,False,,
95,0.418798,681492.0,2071.404255319149,2065.145896656535,2079.148774763424,1991.7299871330856,0.0438908828983239,0.4043183499604934,False,False,,
96,0.4232064000000001,679250.0,2064.5896656534956,2071.404255319149,2085.5498443634892,1991.7299871330856,0.0471047068812016,0.52304465290484,False,False,,
97,0.4276148000000001,682361.0,2074.045592705167,2074.045592705167,2088.3337971281585,1991.7299871330856,0.0485024629940553,0.1839577456906349,False,False,,
98,0.4320232,682461.0,2074.3495440729484,2074.3495440729484,2088.7802683797768,1991.7299871330856,0.0487266255334068,0.2964529570365393,False,False,,
99,0.4364316000000001,683980.0,2078.966565349544,2078.966565349544,2093.5397141093376,1991.7299871330856,0.0511162294256551,0.4967029209352338,False,False,,
100,0.44084,686681.0,2087.176291793313,2082.7872340425533,2097.502711888341,1991.7299871330856,0.0531059558467086,0.2337739999004897,False,False,,
101,0.4452484,689610.0,2096.079027355623,2082.7872340425533,2097.644945671221,1991.7299871330856,0.0531773680279777,0.1418543333341997,False,False,,
102,0.4496568000000001,686759.0,2087.413373860182,2084.9939209726444,2099.993771144894,1991.7299871330856,0.0543566571328496,0.2385987220555865,False,False,,
103,0.4540652,687707.0,2090.2948328267476,2086.693009118541,2101.8349026588444,1991.7299871330856,0.0552810452405974,0.1404479638421563,False,False,,
104,0.4584736000000001,686522.0,2086.693009118541,2087.176291793313,2102.460133589873,1991.7299871330856,0.0555949587404531,0.0571826331871427,False,False,,
105,0.462882,685963.0,2084.9939209726444,2087.413373860182,2102.839068864887,1991.7299871330856,0.0557852130808818,0.1937368886712827,False,False,,
106,0.4672904,685237.0,2082.7872340425533,2090.2948328267476,2105.86228605513,1991.7299871330856,0.0573030981404901,0.401602699828234,False,False,,
107,0.4716988000000001,693276.0,2107.2218844984804,2094.182370820669,2109.891487351863,1991.7299871330856,0.0593260637647274,0.3455119372777959,False,False,,
108,0.4761072,685098.0,2082.3647416413373,2096.079027355623,2111.9297123323213,1991.7299871330856,0.060349407789081,0.4754889357470304,False,False,,
109,0.4805156000000001,691835.0,2102.841945288754,2102.2492401215804,2118.2413987499913,1991.7299871330856,0.0635183546134219,0.4012241279925614,False,False,,
110,0.4849240000000001,691640.0,2102.2492401215804,2102.841945288754,2118.97548283856,1991.7299871330856,0.0638869206807658,0.1324103458345042,False,False,,
111,0.4893324,688986.0,2094.182370820669,2104.29179331307,2120.566615117385,1991.7299871330856,0.0646857901505756,0.26550291907032,False,False,,
112,0.4937408000000001,695423.0,2113.747720364742,2107.2218844984804,2123.6378959538065,1991.7299871330856,0.066227806817625,0.2712039955374354,False,False,,
113,0.4981492,695556.0,2114.1519756838907,2108.772036474164,2125.3291430403497,1991.7299871330856,0.06707694153843,0.1616296150122886,False,False,,
114,0.5025576,694806.0,2111.872340425532,2109.7781155015196,2126.476222701717,1991.7299871330856,0.0676528628072654,0.1926013031569082,False,False,,
115,0.506966,693786.0,2108.772036474164,2111.872340425532,2128.7113538461545,1991.7299871330856,0.0687750687081038,0.242093230741033,False,False,,
116,0.5113744000000001,694117.0,2109.7781155015196,2113.747720364742,2130.727545655422,1991.7299871330856,0.0697873504040629,0.1458465155826802,False,False,,
117,0.5157828000000001,692312.0,2104.29179331307,2114.1519756838907,2131.272518557438,1991.7299871330856,0.0700609682666933,0.1332004821077541,False,False,,
118,0.5201912000000001,696982.0,2118.48632218845,2115.80547112462,2133.0666373569784,1991.7299871330856,0.0709617524147106,0.1468635707744354,False,False,,
119,0.5245996,696312.0,2116.449848024316,2116.449848024316,2133.8515434545216,1991.7299871330856,0.0713558349974973,0.1686617219059947,False,False,,
120,0.529008,700082.0,2127.908814589666,2118.48632218845,2136.0284527185877,1991.7299871330856,0.0724488090844113,0.5658840271519168,False,False,,
121,0.5334164000000001,701542.0,2132.3465045592707,2126.1063829787236,2143.788854573888,1991.7299871330856,0.0763451212880904,0.4961195491457726,False,False,,
122,0.5378248000000001,696100.0,2115.80547112462,2126.917933130699,2144.740651818948,1991.7299871330856,0.0768229959253199,0.1186076678648362,False,False,,
123,0.5422332000000001,699489.0,2126.1063829787236,2127.908814589666,2145.8716864619823,1991.7299871330856,0.0773908613741211,0.1350401729209043,False,False,,
124,0.5466416000000001,700444.0,2129.0091185410333,2129.0091185410333,2147.1120497512807,1991.7299871330856,0.0780136181219289,0.2686520984490386,False,False,,
125,0.55105,702310.0,2134.68085106383,2132.3465045592707,2150.5894013241514,1991.7299871330856,0.0797595131957266,0.3389144517039,False,False,,
126,0.5554584000000001,704568.0,2141.5440729483284,2134.68085106383,2153.063619662843,1991.7299871330856,0.0810017590597119,0.3074020779459445,False,False,,
127,0.5598668000000001,703829.0,2139.2978723404253,2137.4650455927053,2155.987592368106,1991.7299871330856,0.0824698158365604,0.185884844386452,False,False,,
128,0.5642752000000001,699756.0,2126.917933130699,2137.665653495441,2156.3278848521963,1991.7299871330856,0.0826406685556983,0.0323466556879115,False,False,,
129,0.5686836000000001,704685.0,2141.899696048632,2137.7537993920973,2156.5556217978456,1991.7299871330856,0.0827550098304296,0.1088401436857005,False,False,,
130,0.573092,703226.0,2137.4650455927053,2139.2978723404253,2158.239192325434,1991.7299871330856,0.0836002903345464,0.1922570901175806,False,False,,
131,0.5775004000000001,704716.0,2141.9939209726444,2140.851063829787,2159.931787986911,1991.7299871330856,0.0844501021425783,0.1437822963421791,False,False,,
132,0.5819088000000001,703321.0,2137.7537993920973,2141.5440729483284,2160.7641079329665,1991.7299871330856,0.0848679900849362,0.0755756734724784,False,False,,
133,0.5863172000000001,703292.0,2137.665653495441,2141.899696048632,2161.258948578687,1991.7299871330856,0.0851164377404504,0.0414670553890506,False,False,,
134,0.5907256000000001,708557.0,2153.6686930091187,2141.9939209726444,2161.492297828481,1991.7299871330856,0.0852335968188904,0.1840795389405922,False,False,,
135,0.595134,705933.0,2145.693009118541,2144.854103343465,2164.491511367866,1991.7299871330856,0.0867394302193818,0.1979158353523917,False,False,,
136,0.5995424000000001,704340.0,2140.851063829787,2145.191489361702,2164.96783545983,1991.7299871330856,0.0869785811560253,0.0635902809697217,False,False,,
137,0.6039508000000001,707219.0,2149.6018237082067,2145.693009118541,2165.608200257893,1991.7299871330856,0.0873000930086357,0.2669560710156897,False,False,,
138,0.6083592000000001,708456.0,2153.3617021276596,2149.6018237082067,2169.6557669185745,1991.7299871330856,0.0893322794429564,0.2383862494845186,False,False,,
139,0.6127676000000001,707229.0,2149.632218844985,2149.6018237082067,2169.794426081635,1991.7299871330856,0.0894018968930908,0.017517575084355,False,False,,
140,0.6171760000000001,710770.0,2160.3951367781156,2149.632218844985,2169.9633875357285,1991.7299871330856,0.0894867283989602,0.229883873087811,False,False,,
141,0.6215844000000001,705657.0,2144.854103343465,2153.3617021276596,2173.8313443521433,1991.7299871330856,0.0914287370253314,0.2281424466065562,False,False,,
142,0.6259928000000001,710313.0,2159.0060790273556,2153.3617021276596,2173.969725164435,1991.7299871330856,0.0914982147222009,0.0247555079823147,False,False,,
143,0.6304012000000001,705768.0,2145.191489361702,2153.519756838906,2174.2660680286117,1991.7299871330856,0.0916470013881099,0.2305445484675896,False,False,,
144,0.6348096000000001,710083.0,2158.306990881459,2157.1337386018236,2178.0182453471425,1991.7299871330856,0.0935308798971299,0.2883448244030049,False,False,,
145,0.6392180000000001,708508.0,2153.519756838906,2158.306990881459,2179.329600647076,1991.7299871330856,0.0941892800359063,0.082534699014257,False,False,,
146,0.6436264000000002,704857.0,2142.422492401216,2158.306990881459,2179.4676111940207,1991.7299871330856,0.0942585718313988,0.0548303654642534,False,False,,
147,0.6480348000000001,709697.0,2157.1337386018236,2158.9939209726444,2180.2924594207175,1991.7299871330856,0.0946727084021315,0.0548198441782759,False,False,,
148,0.6524432000000001,710309.0,2158.9939209726444,2158.9939209726444,2180.430285206674,1991.7299871330856,0.0947419074335499,0.0163841752025177,False,False,,
149,0.6568516000000001,716642.0,2178.243161094225,2159.0060790273556,2180.5801767596236,1991.7299871330856,0.0948171643980571,0.0968587894058341,False,False,,
150,0.6612600000000001,711918.0,2163.884498480243,2160.419452887538,2182.131191892122,1991.7299871330856,0.0955958920079832,0.0961559441104018,False,False,,
151,0.6656684,712749.0,2166.4103343465044,2160.419452887538,2182.2687410002695,1991.7299871330856,0.0956649521260897,0.1252239464512161,False,False,,
152,0.6700768000000001,712528.0,2165.738601823708,2162.343465045593,2184.330210164017,1991.7299871330856,0.0966999664990543,0.1252134603432129,False,False,,
153,0.6744852000000001,708449.0,2153.340425531915,2162.343465045593,2184.4675751289255,1991.7299871330856,0.0967689341632437,0.0156393643776571,False,False,,
154,0.6788936000000001,711602.0,2162.9240121580547,2162.343465045593,2184.60484811468,1991.7299871330856,0.0968378556468993,0.0486883722823954,False,False,,
155,0.6833020000000001,710778.0,2160.419452887538,2162.9240121580547,2185.322576295332,1991.7299871330856,0.0971982098039832,0.071006037678682,False,False,,
156,0.6877104,711795.0,2163.5106382978724,2163.3161094224924,2185.8517627719425,1991.7299871330856,0.0974639016799047,0.0156079691997881,False,False,,
157,0.6921188000000001,711411.0,2162.343465045593,2162.9240121580547,2185.5966629251675,1991.7299871330856,0.0973358221468239,-0.0067306123018759,False,False,,
158,0.6965272000000001,709894.0,2157.7325227963524,2162.9240121580547,2185.733568609785,1991.7299871330856,0.0974045592173615,0.0155870741024237,False,False,,
159,0.7009356000000001,711731.0,2163.3161094224924,2162.9240121580547,2185.870382622781,1991.7299871330856,0.0974732502617701,0.0155766370460455,False,False,,
160,0.7053440000000001,711363.0,2162.197568389058,2162.9240121580547,2186.0071050255397,1991.7299871330856,0.097541895310869,0.0155662069782867,False,False,,
161,0.7097524000000001,708749.0,2154.252279635258,2162.9240121580547,2186.143735879402,1991.7299871330856,0.0976104943954563,-0.0175036960800891,False,False,,
162,0.7141608000000002,713235.0,2167.887537993921,2162.343465045593,2185.699728133207,1991.7299871330856,0.0973875687232701,0.0378734982438864,False,False,,
163,0.7185692000000001,712257.0,2164.9148936170213,2163.3161094224924,2186.808820450038,1991.7299871330856,0.0979444174547729,0.0709225690884629,False,False,,
164,0.7229776000000001,710956.0,2160.9604863221884,2163.3161094224924,2186.945177024854,1991.7299871330856,0.0980128788304092,0.1065679411417939,False,False,,
165,0.7273860000000001,712979.0,2167.1094224924013,2164.9148936170213,2188.6802264902585,1991.7299871330856,0.0988840056782319,0.1910236518505303,False,False,,
166,0.7317944000000001,712745.0,2166.3981762917933,2166.3981762917933,2190.299683193105,1991.7299871330856,0.099697096164045,0.0999698789744272,False,False,,
167,0.7362028000000002,713408.0,2168.413373860182,2166.3981762917933,2190.4357660394735,1991.7299871330856,0.0997654201071736,0.0154933917925976,False,False,,
168,0.7406112000000001,710419.0,2159.3282674772036,2166.3981762917933,2190.5717577651903,1991.7299871330856,0.099833698300802,0.0154830174656002,False,False,,
169,0.7450196000000001,711209.0,2161.7294832826747,2166.3981762917933,2190.707658431271,1991.7299871330856,0.0999019307755643,0.0116647518682473,False,False,,
170,0.7494280000000001,717342.0,2180.370820668693,2166.3313069908813,2190.776598797775,1991.7299871330856,0.0999365440850739,0.0154622896467913,False,False,,
171,0.7538364000000001,715402.0,2174.4741641337387,2166.3981762917933,2190.9791868283723,1991.7299871330856,0.1000382586909221,0.0192598343626784,False,False,,
172,0.7582448000000002,713040.0,2167.2948328267476,2166.3981762917933,2191.114814681218,1991.7299871330856,0.1001063541926828,0.0116336913602896,False,False,,
173,0.7626532000000001,712792.0,2166.5410334346507,2166.3313069908813,2191.1834824171624,1991.7299871330856,0.1001408306209075,-0.0352830308617644,False,False,,
174,0.7670616000000001,710474.0,2159.495440729483,2165.5075987841947,2190.4952204921537,1991.7299871330856,0.0997952707661808,-0.0757955537046299,False,False,,
175,0.7714700000000001,711368.0,2162.2127659574467,2164.7294832826747,2189.8524605779025,1991.7299871330856,0.0994725563830046,-0.0288994969212321,False,False,,
176,0.7758784000000001,712452.0,2165.5075987841947,2164.7294832826747,2189.9877255314905,1991.7299871330856,0.0995404696817257,0.0154002725374731,False,False,,
177,0.7802868000000002,712723.0,2166.3313069908813,2164.7294832826747,2190.122899912086,1991.7299871330856,0.099608337505913,-0.1279254814210144,False,False,,
178,0.7846952000000001,715167.0,2173.759878419453,2162.2127659574467,2187.741266455108,1991.7299871330856,0.0984125762971329,-0.1495715718144392,False,False,,
179,0.7891036000000001,712196.0,2164.7294832826747,2161.8328267477204,2187.496320661893,1991.7299871330856,0.0982895948715394,-0.0062664280001101,False,False,,
180,0.7935120000000001,710981.0,2161.036474164134,2161.8328267477204,2187.6312236872327,1991.7299871330856,0.0983573264547415,0.0112049952674837,False,False,,
181,0.7979204000000001,709957.0,2157.9240121580547,2161.759878419453,2187.693088053658,1991.7299871330856,0.0983883870738138,0.0111947108845775,False,False,,
182,0.8023288000000002,711219.0,2161.759878419453,2161.759878419453,2187.8278104781893,1991.7299871330856,0.0984560279816687,-0.0258560310859987,False,False,,
183,0.8067372000000002,710175.0,2158.586626139818,2161.036474164134,2187.239038437685,1991.7299871330856,0.0981604196189348,-0.0258663017007467,False,False,,
184,0.8111456000000001,709571.0,2156.7507598784196,2161.036474164134,2187.3735805031865,1991.7299871330856,0.0982279699728335,-0.1241895739489642,False,False,,
185,0.8155540000000001,706846.0,2148.468085106383,2158.586626139818,2185.0581844554235,1991.7299871330856,0.0970654649833415,-0.1370082157255527,False,False,,
186,0.8199624000000001,711243.0,2161.8328267477204,2158.3617021276596,2184.9676223911924,1991.7299871330856,0.0970199959364245,-0.0224353466485478,False,False,,
187,0.8243708000000002,713978.0,2170.145896656535,2157.9240121580547,2184.664204401172,1991.7299871330856,0.0968676570190106,-0.0764485099500316,False,False,,
188,0.8287792000000002,707276.0,2149.775075987842,2156.7507598784196,2183.6251341930206,1991.7299871330856,0.096345964713897,-0.4210735348600014,False,False,,
189,0.8331876000000001,707436.0,2150.261398176292,2150.261398176292,2177.269864714479,1991.7299871330856,0.093155135876857,-0.3643114635914717,False,False,,
190,0.8375960000000001,710101.0,2158.3617021276596,2150.0851063829787,2177.227575357015,1991.7299871330856,0.0931339034017038,-0.0124372736587687,False,False,,
191,0.8420044000000001,713340.0,2168.206686930091,2149.775075987842,2177.0514576701135,1991.7299871330856,0.0930454789224624,-0.0768355865080536,False,False,,
192,0.8464128000000002,707378.0,2150.0851063829787,2148.468085106383,2175.878289829356,1991.7299871330856,0.0924564594025796,-0.1133670010200909,False,False,,
193,0.8508212000000002,706533.0,2147.516717325228,2147.516717325228,2175.0606554814103,1991.7299871330856,0.0920459447478684,-0.3276580209153774,False,False,,
194,0.8552296000000001,701716.0,2132.87537993921,2142.446808510638,2170.124390552539,1991.7299871330856,0.0895675641637729,-0.3615931275214734,False,False,,
195,0.8596380000000001,704865.0,2142.446808510638,2140.899696048632,2168.71083248872,1991.7299871330856,0.0888578504611371,-0.2262498429286523,False,False,,
196,0.8640464000000001,703470.0,2138.206686930091,2138.206686930091,2166.1512883407563,1991.7299871330856,0.0875727645486396,-0.2766281327318864,False,False,,
197,0.8684548000000001,699192.0,2125.2036474164133,2135.775075987842,2163.853053001355,1991.7299871330856,0.0864188755404666,-0.2884081747001996,False,False,,
198,0.8728632000000002,704356.0,2140.899696048632,2132.87537993921,2161.0866432476814,1991.7299871330856,0.0850299273539428,-0.2667825573158247,False,False,,
199,0.8772716000000002,702670.0,2135.775075987842,2130.823708206687,2159.1681685620283,1991.7299871330856,0.0840667070891244,-0.1908078403900344,False,False,,
200,0.8816800000000001,700526.0,2129.258358662614,2129.258358662614,2157.7359268764963,1991.7299871330856,0.083347612786792,-0.0784849973166537,False,False,,
201,0.8860884000000001,701041.0,2130.823708206687,2129.1793313069907,2157.7899182508054,1991.7299871330856,0.0833747205647829,-0.2157525669375584,False,False,,
202,0.8904968000000001,700500.0,2129.1793313069907,2125.2036474164133,2153.9471640212323,1991.7299871330856,0.0814453655546169,-0.2638806942302647,False,False,,
203,0.8949052000000002,698888.0,2124.2796352583587,2124.2796352583587,2153.155992514894,1991.7299871330856,0.0810481372598935,-0.2052145783752799,False,False,,
204,0.8993136000000002,697166.0,2119.045592705167,2121.334346504559,2150.343455463123,1991.7299871330856,0.0796360296599978,-0.2829404464149103,False,False,,
205,0.903722,697919.0,2121.334346504559,2119.045592705167,2148.1873644756324,1991.7299871330856,0.0785535079319426,-0.1687136202819896,False,False,,
206,0.9081304,696857.0,2118.1063829787236,2118.1063829787236,2147.3807287304835,1991.7299871330856,0.0781485154126955,-0.0873731810644713,False,False,,
207,0.9125388,696574.0,2117.2462006079027,2117.2462006079027,2146.6530315698315,1991.7299871330856,0.0777831560691333,-0.5702940163156338,False,False,,
208,0.9169472000000002,690023.0,2097.334346504559,2107.826747720365,2137.3659751807777,1991.7299871330856,0.0731203471296437,-0.7529101445070925,False,False,,
209,0.9213556000000002,693475.0,2107.826747720365,2103.759878419453,2133.4314137260653,1991.7299871330856,0.0711448979070431,-0.3082615778323756,False,False,,
210,0.925764,690516.0,2098.8328267477204,2102.148936170213,2131.9526907301024,1991.7299871330856,0.0704024664502112,-0.2655193525712516,False,False,,
211,0.9301724,691607.0,2102.148936170213,2098.8328267477204,2128.7687120272863,1991.7299871330856,0.0688038668792929,-0.2591252399000128,False,False,,
212,0.9345808,692137.0,2103.759878419453,2097.334346504559,2127.4022740294813,1991.7299871330856,0.0681178110350608,-0.1161660435164799,False,False,,
213,0.9389892000000002,687652.0,2090.127659574468,2096.528875379939,2126.728756735141,1991.7299871330856,0.0677796541068168,-0.3953642836230697,False,False,,
214,0.9433976000000002,685251.0,2082.8297872340427,2090.127659574468,2120.459406404075,1991.7299871330856,0.064631963219213,-0.7650866427835048,False,False,,
215,0.947806,689758.0,2096.528875379939,2082.8297872340427,2113.293311241342,1991.7299871330856,0.0610340381947232,-0.4166740087455327,False,False,,
216,0.9522144,685158.0,2082.547112462006,2082.547112462006,2113.1423254094098,1991.7299871330856,0.0609582318189054,-0.444204773759969,False,False,,
217,0.9566228,680947.0,2069.747720364742,2074.7659574468084,2105.4927711558107,1991.7299871330856,0.0571175735454363,-0.5243537619546572,False,False,,
218,0.9610312000000002,682598.0,2074.7659574468084,2073.0759878419453,2103.934314193086,1991.7299871330856,0.0563351095705036,-0.1655559307808252,False,False,,
219,0.9654396000000002,682042.0,2073.0759878419453,2071.595744680851,2102.5854956136727,1991.7299871330856,0.055657900014928,-0.1745664433912512,False,False,,
220,0.9698480000000002,681555.0,2071.595744680851,2069.747720364742,2100.868807877753,1991.7299871330856,0.0547959921524116,-0.6081576004796094,False,False,,
221,0.9742564,675060.0,2051.854103343465,2060.6534954407293,2091.905831591365,1991.7299871330856,0.0502958960830194,-0.595532314344208,False,False,,
222,0.9786648,677955.0,2060.6534954407293,2059.0273556231004,2090.4108525276797,1991.7299871330856,0.0495453028433016,-0.2041942351993171,False,False,,
223,0.9830732000000002,673115.0,2045.9422492401216,2056.80547112462,2088.32004095831,1991.7299871330856,0.048495556350114,-0.204204234288774,False,False,,
224,0.9874816000000002,674045.0,2048.768996960486,2055.1793313069907,2086.824886303765,1991.7299871330856,0.0477448749504244,-0.267044547262719,False,False,,
225,0.9918900000000002,676689.0,2056.80547112462,2051.854103343465,2083.630555796066,1991.7299871330856,0.0461410779858081,-0.2867863691810548,False,False,,
226,0.9962984,677420.0,2059.0273556231004,2049.8814589665653,2081.788721226463,1991.7299871330856,0.0452163368906288,-0.160789534472924,False,False,,
227,1.0007068,676154.0,2055.1793313069907,2048.768996960486,2080.8069814378405,1991.7299871330856,0.0447234288182672,-0.2042441637376955,False,False,,
228,1.0051152,674411.0,2049.8814589665653,2046.033434650456,2078.202053814076,1991.7299871330856,0.0434155569477863,-0.146097138445195,False,False,,
229,1.0095236,671363.0,2040.617021276596,2045.9422492401216,2078.241415617427,1991.7299871330856,0.0434353195680236,-0.2935766101956734,False,False,,
230,1.013932,673145.0,2046.033434650456,2040.617021276596,2073.046647453578,1991.7299871330856,0.0408271506910131,-0.5365997032668046,False,False,,
231,1.0183404000000005,669929.0,2036.258358662614,2036.258358662614,2068.818357283797,1991.7299871330856,0.0387042273042608,-0.3986598816951439,False,False,,
232,1.0227488000000002,668974.0,2033.355623100304,2033.355623100304,2066.0459068687037,1991.7299871330856,0.0373122462460833,-0.2349301973581568,False,False,,
233,1.0271572000000002,668486.0,2031.872340425532,2031.872340425532,2064.6928221026187,1991.7299871330856,0.0366328947401934,-0.3488309036390675,False,False,,
234,1.0315656000000002,663951.0,2018.0881458966564,2026.9696048632215,2059.9201972688807,1991.7299871330856,0.0342366739348784,-0.5515248662375813,False,False,,
235,1.0359740000000002,666873.0,2026.9696048632215,2021.9270516717324,2055.0076676842236,1991.7299871330856,0.0317702102995499,-0.3573319762128268,False,False,,
236,1.0403824000000002,665214.0,2021.9270516717324,2020.434650455927,2053.645203011848,1991.7299871330856,0.0310861493670051,-0.2038143559547913,False,False,,
237,1.0447908,664723.0,2020.434650455927,2018.0881458966564,2051.4285479909013,1991.7299871330856,0.0299732198859677,-0.2517691619933271,False,False,,
238,1.0491992,662393.0,2013.3525835866265,2015.753799392097,2049.223964077818,1991.7299871330856,0.0288663510195424,-0.2548946142083386,False,False,,
239,1.0536076,662132.0,2012.559270516717,2013.3525835866265,2046.9524239751952,1991.7299871330856,0.0277258650514156,-0.1671497614355974,False,False,,
240,1.058016,658914.0,2002.77811550152,2012.559270516717,2046.288699777687,1991.7299871330856,0.027392625002917,-0.587413141438144,False,False,,
241,1.0624244000000005,663183.0,2015.753799392097,2002.77811550152,2036.6370468625837,1991.7299871330856,0.0225467608659835,-0.5953849896936934,False,False,,
242,1.0668328000000002,658607.0,2001.8449848024316,2001.8449848024316,2035.833331549386,1991.7299871330856,0.0221432346257853,-0.4460214004605958,False,False,,
243,1.0712412000000002,653520.0,1986.382978723404,1994.686930091185,2028.80460556789,1991.7299871330856,0.0186142793824025,-0.5890005359099142,False,False,,
244,1.0756496000000002,656252.0,1994.686930091185,1991.243161094225,2025.490078702564,1991.7299871330856,0.0169501347007748,-0.2928597658241731,False,False,,
245,1.0800580000000002,652739.0,1984.009118541033,1989.2857142857144,2023.6617874855583,1991.7299871330856,0.0160321933990839,-0.262060260345839,False,False,,
246,1.0844664000000002,654475.0,1989.2857142857144,1986.382978723404,2020.8881210325703,1991.7299871330856,0.0146396017973576,-0.2857829272856913,False,False,,
247,1.0888748,655119.0,1991.243161094225,1984.009118541033,2018.643243535247,1991.7299871330856,0.0135125024857915,-0.3188522468923347,False,False,,
248,1.0932832,651593.0,1980.525835866261,1980.525835866261,2015.2888571791177,1991.7299871330856,0.0118283453069573,-0.3718264824081476,False,False,,
249,1.0976916,650506.0,1977.22188449848,1977.22188449848,2012.1137158214044,1991.7299871330856,0.0102341827556953,-0.6259269717084558,False,False,,
250,1.1021,647892.0,1969.276595744681,1969.276595744681,2004.2971508268904,1991.7299871330856,0.0063096723827982,-0.4627164271064427,False,False,,
251,1.1065084000000005,647657.0,1968.562310030395,1968.838905775076,2003.988098423542,1991.7299871330856,0.0061545045611833,-0.0260295494381223,False,False,,
252,1.1109168000000005,646149.0,1963.978723404255,1968.562310030395,2003.8400541098024,1991.7299871330856,0.0060801750513122,-0.2621290456230676,False,False,,
253,1.1153252000000002,643474.0,1955.848024316109,1963.978723404255,1999.3849328369656,1991.7299871330856,0.0038433651917339,-0.3824338121892667,False,False,,
254,1.1197336000000002,647748.0,1968.838905775076,1961.589665653495,1997.1242544195072,1991.7299871330856,0.0027083326160019,-0.2553982743733423,False,False,,
255,1.1241420000000002,644300.0,1958.3586626139816,1959.237082066869,1994.89996420378,1991.7299871330856,0.001591569686239,-0.1693841789733039,False,False,,
256,1.1285504000000002,642131.0,1951.7659574468084,1958.3586626139816,1994.1497522169489,1991.7299871330856,0.00121490618683,-0.178394446161364,False,False,,
257,1.1329588000000002,644589.0,1959.237082066869,1955.848024316109,1991.7672355378115,1991.7299871330856,1.8701533323565936e-05,-0.2047133350593282,False,False,,
258,1.1373672,645363.0,1961.589665653495,1954.5075987841944,1990.5548458347944,1991.7299871330856,-0.0005900103457209,-0.2178776599359103,False,False,,
259,1.1417756,643033.0,1954.5075987841944,1951.7659574468084,1987.9411545939129,1991.7299871330856,-0.0019022822187993,-0.3662223649744615,False,False,,
260,1.146184,640833.0,1947.820668693009,1947.820668693009,1984.1237302616307,1991.7299871330856,-0.0038189196932277,-0.3212296858250352,False,False,,
261,1.1505924,640191.0,1945.869300911854,1945.869300911854,1982.3001412843737,1991.7299871330856,-0.0047345001127815,-0.293891800968207,False,False,,
262,1.1550008000000005,637895.0,1938.890577507599,1942.404255319149,1978.9627889352769,1991.7299871330856,-0.0064101049240043,-0.3828678914842374,False,False,,
263,1.1594092000000005,639051.0,1942.404255319149,1938.890577507599,1975.5767188643356,1991.7299871330856,-0.0081101697384198,-0.3157201485821463,False,False,,
264,1.1638176000000002,636739.0,1935.376899696049,1936.6048632218844,1973.4185268734832,1991.7299871330856,-0.0091937463300234,-0.1855689922992056,False,False,,
265,1.1682260000000002,634570.0,1928.784194528875,1935.376899696049,1972.3180002539773,1991.7299871330856,-0.0097462944297234,-0.4308419764382036,False,False,,
266,1.1726344000000002,637143.0,1936.6048632218844,1928.784194528875,1965.8526466617775,1991.7299871330856,-0.0129923938678837,-0.4858931295020907,False,False,,
267,1.1770428000000002,629111.0,1912.1914893617025,1926.589665653495,1963.785384087152,1991.7299871330856,-0.0140303169739174,-0.539905758365167,False,False,,
268,1.1814512,631367.0,1919.048632218845,1919.048632218845,1956.3715317361364,1991.7299871330856,-0.0177526349582377,-0.8054298180513049,False,False,,
269,1.1858596,633848.0,1926.589665653495,1912.1914893617025,1949.6414848025704,1991.7299871330856,-0.0211316305937121,-0.3782625683189429,False,False,,
270,1.190268,628650.0,1910.790273556231,1912.151975683891,1949.7289819452997,1991.7299871330856,-0.0210877003705921,-0.0653322586032478,False,False,,
271,1.1946764,625600.0,1901.5197568389056,1910.790273556231,1948.4942055921304,1991.7299871330856,-0.0217076520513652,-0.1581161887887554,False,False,,
272,1.1990848000000005,628052.0,1908.9726443769,1909.1215805471124,1946.9523533683976,1991.7299871330856,-0.0224817791839049,-0.0890644382698364,False,False,,
273,1.2034932000000005,629098.0,1912.151975683891,1908.9726443769,1946.9301730513755,1991.7299871330856,-0.0224929153907028,-0.041129207747653,False,False,,
274,1.2079016000000002,625816.0,1902.176291793313,1908.145896656535,1946.230096308875,1991.7299871330856,-0.0228444071827744,-0.3725991021861281,False,False,,
275,1.2123100000000002,628101.0,1909.1215805471124,1902.176291793313,1940.3870776050253,1991.7299871330856,-0.0257780471548574,-0.3255292901315179,False,False,,
276,1.2167184000000002,623611.0,1895.474164133739,1902.176291793313,1940.513579002698,1991.7299871330856,-0.0257145338280059,-0.022984118509115,False,False,,
277,1.2211268000000002,621911.0,1890.306990881459,1901.5197568389056,1939.9834607410205,1991.7299871330856,-0.0259806935309286,-0.0229937623907674,False,False,,
278,1.2255352000000002,623522.0,1895.203647416413,1901.5197568389056,1940.1097927855255,1991.7299871330856,-0.0259172652322529,0.051769874263627,False,False,,
279,1.2299436,627780.0,1908.145896656535,1902.176291793313,1940.892575192894,1991.7299871330856,-0.025524248903521,0.0517602432926707,False,False,,
280,1.234352,622504.0,1892.109422492401,1902.176291793313,1941.0187381109524,1991.7299871330856,-0.02546090551919,0.0143639817313068,False,False,,
281,1.2387604,622655.0,1892.568389057751,1902.176291793313,1941.144816550713,1991.7299871330856,-0.0253976045493924,0.3542958226589308,False,False,,
282,1.2431688000000003,625268.0,1900.5106382978724,1908.145896656535,1947.240415431964,1991.7299871330856,-0.0223371501099706,0.3542862110216349,False,False,,
283,1.2475772000000005,628018.0,1908.869300911854,1908.145896656535,1947.36632508479,1991.7299871330856,-0.0222739338840567,0.055529682071334,False,False,,
284,1.2519856000000005,625005.0,1899.711246200608,1908.869300911854,1948.2155546842232,1991.7299871330856,-0.021847556009084,0.1995278704157947,False,False,,
285,1.2563940000000002,628850.0,1911.398176291793,1911.398176291793,1950.870171156017,1991.7299871330856,-0.0205147365561747,0.3296791625803861,False,False,,
286,1.2608024000000002,629980.0,1914.8328267477204,1914.407294832827,1954.00494659306,1991.7299871330856,-0.0189408407684453,0.2098938691092176,True,False,286.0,2.0
287,1.2652108000000002,635398.0,1931.300911854103,1914.8328267477204,1954.556051264497,1991.7299871330856,-0.0186641442910126,0.2888116344691422,False,False,,
288,1.2696192000000002,629840.0,1914.407294832827,1919.227963525836,1959.0766767160276,1991.7299871330856,-0.0163944463496578,0.952068696264566,False,False,,
289,1.2740276,631426.0,1919.227963525836,1931.300911854103,1971.2750296908848,1991.7299871330856,-0.0102699450097872,0.8525345170995557,False,False,,
290,1.278436,636269.0,1933.948328267477,1933.948328267477,1974.0477667802863,1991.7299871330856,-0.0088778200192944,0.428982823333377,False,False,,
291,1.2828444,637930.0,1938.9969604863225,1938.58358662614,1978.8082619006416,1991.7299871330856,-0.0064876892530215,0.3017548517614369,False,False,,
292,1.2872528000000003,637794.0,1938.58358662614,1938.9969604863225,1979.3467886643705,1991.7299871330856,-0.0062173078422843,0.5165453809829657,False,False,,
293,1.2916612000000005,642181.0,1951.917933130699,1947.404255319149,1987.8791525987476,1991.7299871330856,-0.001933411937971,0.6998342131662062,False,False,,
294,1.2960696000000005,641891.0,1951.0364741641336,1951.0364741641336,1991.6363567994017,1991.7299871330856,-4.7009551640533535e-05,0.2712630427853515,False,False,,
295,1.3004780000000002,640696.0,1947.404255319149,1951.917933130699,1992.64271743183,1991.7299871330856,0.0004582600576588,0.7590106588160754,False,False,,
296,1.3048864000000002,646908.0,1966.2857142857144,1964.115501519757,2004.9651038529837,1991.7299871330856,0.006645035625009,0.8323897207083875,False,False,,
297,1.3092948000000002,649803.0,1975.085106382979,1966.2857142857144,2007.2600510732705,1991.7299871330856,0.0077972737472005,0.1597669110171351,False,False,,
298,1.3137032000000002,646194.0,1964.115501519757,1966.6717325227964,2007.770720242879,1991.7299871330856,0.0080536685260648,0.5152766262772726,False,False,,
299,1.3181116000000002,647035.0,1966.6717325227964,1975.085106382979,2016.3086615697105,1991.7299871330856,0.0123403647057619,0.5393261167464193,False,False,,
300,1.32252,652617.0,1983.6382978723404,1975.893617021277,2017.241656264669,1991.7299871330856,0.0128087990321946,0.4082903043787063,False,False,,
301,1.3269284,652080.0,1982.0060790273556,1982.0060790273556,2023.478518973271,1991.7299871330856,0.0159401786614081,0.4551871968714769,False,False,,
302,1.3313368,650069.0,1975.893617021277,1983.6382978723404,2025.2350552224552,1991.7299871330856,0.0168220935095711,0.2789758774612991,False,False,,
303,1.3357452000000003,654277.0,1988.6838905775076,1986.656534954407,2028.3775264661735,1991.7299871330856,0.0183998531778089,0.3014676168137979,False,False,,
304,1.3401536000000005,656202.0,1994.534954407295,1988.6838905775076,2030.5290330641171,1991.7299871330856,0.019480073193495,0.4627745611488834,False,False,,
305,1.3445620000000005,657393.0,1998.1550151975684,1994.534954407295,2036.5041647376408,1991.7299871330856,0.0224800439285464,0.4290132713476962,False,False,,
306,1.3489704000000002,656674.0,1995.9696048632215,1995.9696048632215,2038.062799961861,1991.7299871330856,0.0232625974043134,0.2202617561863777,False,False,,
307,1.3533788000000002,653610.0,1986.656534954407,1998.1550151975684,2040.3721120446855,1991.7299871330856,0.0244220477804904,0.2013858993586965,False,False,,
308,1.3577872000000002,659665.0,2005.060790273556,1999.258358662614,2041.5992742939832,1991.7299871330856,0.0250381766017791,0.2162618739649278,False,False,,
309,1.3621956000000002,659309.0,2003.978723404255,2001.705167173252,2044.1698186802005,1991.7299871330856,0.0263287854708644,0.2828906533901558,False,False,,
310,1.3666040000000002,657756.0,1999.258358662614,2003.978723404255,2046.5670279336243,1991.7299871330856,0.0275323669145894,0.2051654794565798,False,False,,
311,1.3710124,659734.0,2005.270516717325,2005.060790273556,2047.7726650276668,1991.7299871330856,0.0281376884701372,0.0876304668438274,False,False,,
312,1.3754208,660406.0,2007.313069908815,2005.270516717325,2048.105878953939,1991.7299871330856,0.0283049872146581,0.142316311719429,False,False,,
313,1.3798292000000003,658561.0,2001.705167173252,2007.313069908815,2050.271836941097,1991.7299871330856,0.0293924629273051,0.7756296055985632,False,False,,
314,1.3842376000000003,664332.0,2019.246200607903,2018.644376899696,2061.7264660961782,1991.7299871330856,0.0351435583212994,0.6935772998402396,False,False,,
315,1.3886460000000005,664134.0,2018.644376899696,2019.246200607903,2062.451529392448,1991.7299871330856,0.0355075952645365,0.3212593044793377,False,False,,
316,1.3930544000000002,665909.0,2024.0395136778116,2024.0395136778116,2067.3679995295743,1991.7299871330856,0.0379760373570328,0.3120763362857355,False,False,,
317,1.3974628000000002,667972.0,2030.310030395137,2024.4802431610944,2067.931803614485,1991.7299871330856,0.0382591099063006,0.2341781201952146,False,False,,
318,1.4018712000000002,667181.0,2027.905775075988,2027.905775075988,2071.4803277206356,1991.7299871330856,0.04004073900717,0.3080765802222194,False,False,,
319,1.4062796000000002,666054.0,2024.4802431610944,2029.644376899696,2073.341839380412,1991.7299871330856,0.0409753594988038,0.1509048592752844,False,False,,
320,1.4106880000000002,667753.0,2029.644376899696,2030.310030395137,2074.1303204118767,1991.7299871330856,0.0413712369704283,0.0574288965994984,False,False,,
321,1.4150964,671123.0,2039.887537993921,2030.407294832827,2074.3503301406536,1991.7299871330856,0.0414816985943423,0.1205960259410936,False,False,,
322,1.4195048,668588.0,2032.182370820669,2032.182370820669,2076.248069229717,1991.7299871330856,0.0424345080119457,0.2301502852866139,False,False,,
323,1.4239132000000003,668004.0,2030.407294832827,2034.203647416413,2078.3919267918523,1991.7299871330856,0.0435108876296573,0.4527298934286401,False,False,,
324,1.4283216000000003,669253.0,2034.203647416413,2039.887537993921,2084.198316255916,1991.7299871330856,0.0464261369363274,0.353888281064127,False,False,,
325,1.4327300000000005,673506.0,2047.130699088146,2040.173252279635,2084.606447403313,1991.7299871330856,0.0466310498261435,0.2467385333926959,False,False,,
326,1.4371384000000005,675582.0,2053.4407294832827,2043.9756838905776,2088.531213905987,1991.7299871330856,0.0486015812375441,0.3566389903413141,False,False,,
327,1.4415468000000002,673197.0,2046.1914893617025,2046.1914893617025,2090.8692723537806,1991.7299871330856,0.0497754644761848,0.1935823858957785,False,False,,
328,1.4459552000000002,671217.0,2040.173252279635,2047.130699088146,2091.9306531966795,1991.7299871330856,0.05030835841751,0.2989826119909002,False,False,,
329,1.4503636000000002,675301.0,2052.586626139818,2051.197568389058,2096.119611808647,1991.7299871330856,0.0524115343695862,0.3245900680530775,False,False,,
330,1.4547720000000002,674844.0,2051.197568389058,2052.586626139818,2097.6306771198388,1991.7299871330856,0.0531702041295203,0.1416285598317159,False,False,,
331,1.4591804000000002,672468.0,2043.9756838905776,2053.4407294832827,2098.6067063278524,1991.7299871330856,0.0536602450559104,0.1573701102550773,False,False,,
332,1.4635888,684844.0,2081.5927051671733,2055.1063829787236,2100.3942040466623,1991.7299871330856,0.0545577049176173,0.3678337348193627,False,False,,
333,1.4679972000000003,676130.0,2055.1063829787236,2059.656534954407,2105.0661186592015,1991.7299871330856,0.0569033615290659,0.4770418902928925,False,False,,
334,1.4724056000000003,677627.0,2059.656534954407,2063.240121580547,2108.771386390313,1991.7299871330856,0.0587636878559518,0.2833490574551724,False,False,,
335,1.4768140000000003,679184.0,2064.38905775076,2064.38905775076,2110.0419221882084,1991.7299871330856,0.0594015934988367,0.1201194165687553,False,False,,
336,1.4812224000000005,678806.0,2063.240121580547,2065.1063829787236,2110.8807656211216,1991.7299871330856,0.0598227567279552,0.3934133865836768,False,False,,
337,1.4856308000000005,679420.0,2065.1063829787236,2071.0547112462004,2116.9505307253353,1991.7299871330856,0.0628702406456676,0.4325216224627617,False,False,,
338,1.4900392000000002,683312.0,2076.936170212766,2072.4589665653493,2118.476141567493,1991.7299871330856,0.0636362133688848,0.2620223763294813,False,False,,
339,1.4944476000000002,681839.0,2072.4589665653493,2075.413373860182,2121.551823126053,1991.7299871330856,0.0651804395332894,0.1820472621892808,False,False,,
340,1.4988560000000002,682811.0,2075.413373860182,2075.413373860182,2121.67301618491,1991.7299871330856,0.0652412876701553,0.0596660150095837,False,False,,
341,1.5032644000000002,683840.0,2078.5410334346507,2076.218844984802,2122.5995992178914,1991.7299871330856,0.0657065028544259,0.1005051385022248,False,False,,
342,1.5076728,681377.0,2071.0547112462004,2076.936170212766,2123.437955258059,1991.7299871330856,0.0661274213753017,0.1460175978112943,False,False,,
343,1.5120812,684506.0,2080.565349544073,2078.5410334346507,2125.1637682502924,1991.7299871330856,0.0669939108108085,0.2204354724950894,False,False,,
344,1.5164896000000003,685410.0,2083.3130699088147,2080.565349544073,2127.3089531424725,1991.7299871330856,0.0680709568491964,0.2855066940973687,False,False,,
345,1.5208980000000003,687967.0,2091.0851063829787,2083.3130699088147,2130.177461356611,1991.7299871330856,0.0695111662313262,0.1887422476528772,False,False,,
346,1.5253064000000005,683076.0,2076.218844984802,2083.6382978723404,2130.6233962903643,1991.7299871330856,0.0697350594983023,0.1539426965452817,False,False,,
347,1.5297148000000005,685517.0,2083.6382978723404,2085.775075987842,2132.8808005510814,1991.7299871330856,0.0708684481982266,0.2970758501052604,False,False,,
348,1.5341232000000002,686220.0,2085.775075987842,2088.613981762918,2135.840251700481,1991.7299871330856,0.0723543178535104,0.2896239439743855,False,False,,
349,1.5385316000000002,687814.0,2090.620060790274,2090.620060790274,2137.9667953853527,1991.7299871330856,0.07342200458746,0.1544343674502322,False,False,,
350,1.5429400000000002,689219.0,2094.8905775075987,2091.0851063829787,2138.552224972813,1991.7299871330856,0.0737159347844456,0.0540351398799803,False,False,,
351,1.5473484000000002,689682.0,2096.2978723404253,2091.3282674772036,2138.9156894530443,1991.7299871330856,0.0738984216087538,0.2278045900803942,False,False,,
352,1.5517568000000002,694492.0,2110.917933130699,2094.8449848024316,2142.552629609505,1991.7299871330856,0.0757244422942664,0.2165448103381848,False,False,,
353,1.5561652,689204.0,2094.8449848024316,2094.8905775075987,2142.718364645071,1991.7299871330856,0.0758076538925435,0.0162748161497301,False,False,,
354,1.5605736000000003,690640.0,2099.209726443769,2094.8905775075987,2142.8384265285385,1991.7299871330856,0.0758679340932953,0.0938083116538912,False,False,,
355,1.5649820000000003,687154.0,2088.613981762918,2096.2978723404253,2144.365702851768,1991.7299871330856,0.0766347430147335,0.1922852534842842,False,False,,
356,1.5693904000000003,688047.0,2091.3282674772036,2098.0273556231004,2146.2150872856137,1991.7299871330856,0.0775632747162155,0.1794677217386517,False,False,,
357,1.5737988000000005,692386.0,2104.516717325228,2099.209726443769,2147.5172789720145,1991.7299871330856,0.0782170740237589,0.3669110250733514,False,False,,
358,1.5782072000000005,692292.0,2104.231003039514,2104.231003039514,2152.658296201812,1991.7299871330856,0.0807982558420822,0.3158414371207279,False,False,,
359,1.5826156000000002,692632.0,2105.26443768997,2104.516717325228,2153.063670943622,1991.7299871330856,0.0810017848065649,0.0298937698110961,False,False,,
360,1.5870240000000002,690251.0,2098.0273556231004,2104.516717325228,2153.183251275449,1991.7299871330856,0.0810618232317527,0.0136145368878324,False,False,,
361,1.5914324000000002,688412.0,2092.437689969605,2104.516717325228,2153.302751536657,1991.7299871330856,0.0811218214553975,0.0136054206362157,False,False,,
362,1.5958408000000002,694187.0,2109.9908814589667,2104.516717325228,2153.4221717808614,1991.7299871330856,0.0811817795044181,0.0561755360057745,False,False,,
363,1.6002492,693962.0,2109.306990881459,2105.26443768997,2154.289232426383,1991.7299871330856,0.0816171099212532,0.1200352702339522,False,False,,
364,1.6046576000000004,693426.0,2107.677811550152,2106.386018237082,2155.5300733443946,1991.7299871330856,0.0822401064750169,0.0774469467657628,False,False,,
365,1.6090660000000003,695638.0,2114.401215805471,2106.386018237082,2155.649253858919,1991.7299871330856,0.0822999441614977,0.0871306867314984,False,False,,
366,1.6134744000000003,696149.0,2115.954407294833,2107.677811550152,2157.060147883612,1991.7299871330856,0.0830083203137911,0.1798958484279698,False,False,,
367,1.6178828000000005,693001.0,2106.386018237082,2109.306990881459,2158.8083481770755,1991.7299871330856,0.0838860498779174,0.1452695122225353,False,False,,
368,1.6222912000000005,691975.0,2103.2674772036476,2109.9908814589667,2159.6111800206727,1991.7299871330856,0.0842891325491548,0.1568572195481863,False,False,,
369,1.6266996000000002,691436.0,2101.629179331307,2111.823708206687,2161.562868391781,1991.7299871330856,0.0852690286112298,0.1179037384334371,False,False,,
370,1.6311080000000002,695434.0,2113.781155015198,2111.823708206687,2161.681650425795,1991.7299871330856,0.0853286662301747,0.0135236485715672,False,False,,
371,1.6355164000000002,694887.0,2112.1185410334347,2111.823708206687,2161.8003529237285,1991.7299871330856,0.0853882639159556,0.0303039625896595,False,False,,
372,1.6399248000000002,692543.0,2104.9939209726444,2112.1185410334347,2162.2138087655853,1991.7299871330856,0.0855958502075352,0.0135055438489057,False,False,,
373,1.6443332000000002,699226.0,2125.306990881459,2111.823708206687,2162.037519524345,1991.7299871330856,0.0855073395949626,-0.297885721799247,False,False,,
374,1.6487416000000004,694790.0,2111.823708206687,2106.6504559270516,2156.9827314537997,1991.7299871330856,0.0829694513755754,0.0134874633638819,False,False,,
375,1.6531500000000003,695440.0,2113.7993920972644,2111.823708206687,2162.27436861926,1991.7299871330856,0.0856262558619491,0.3248606545782682,False,False,,
376,1.6575584000000003,695924.0,2115.2705167173253,2112.1185410334347,2162.68750706168,1991.7299871330856,0.0858336827948611,0.1249369730713994,False,False,,
377,1.6619668000000003,693088.0,2106.6504559270516,2113.781155015198,2164.4683474420426,1991.7299871330856,0.086727800166125,0.1091771022826524,False,True,286.0,2.0
378,1.6663752000000005,692837.0,2105.887537993921,2113.7993920972644,2164.60473175868,1991.7299871330856,0.0867962754702668,0.0982636534455512,False,False,,
379,1.6707836000000005,695972.0,2115.41641337386,2115.2705167173253,2166.1939245022904,1991.7299871330856,0.0875941711458237,0.0972161287511621,False,False,,
380,1.6751920000000002,692345.0,2104.392097264438,2115.2705167173253,2166.3119135677916,1991.7299871330856,0.08765341063424,-0.0703403937630362,False,False,,
381,1.6796004000000002,692451.0,2104.714285714286,2113.7993920972644,2164.95869900812,1991.7299871330856,0.0869739939620938,-0.0703493887038515,False,False,,
382,1.6840088000000002,696135.0,2115.9118541033436,2113.7993920972644,2165.076530116299,1991.7299871330856,0.0870331541439159,-0.0018162097163294,False,False,,
383,1.6884172000000002,696511.0,2117.0547112462004,2113.531914893617,2164.926805121487,1991.7299871330856,0.0869579808042668,-0.0965033891914934,False,False,,
384,1.6928256000000004,698034.0,2121.6838905775076,2111.869300911854,2163.3818645020465,1991.7299871330856,0.0861823030620923,-0.0812807732075917,False,False,,
385,1.6972340000000004,697051.0,2118.6960486322187,2111.869300911854,2163.499459070651,1991.7299871330856,0.0862413444830501,0.0133884524956151,False,False,,
386,1.7016424000000003,697067.0,2118.744680851064,2111.869300911854,2163.6169748982975,1991.7299871330856,0.0863003463700557,-0.1022421491401424,False,False,,
387,1.7060508000000003,695352.0,2113.531914893617,2109.838905775076,2161.7040169009333,1991.7299871330856,0.0853398959025113,-0.1022511080034718,False,False,,
388,1.7104592000000003,693129.0,2106.775075987842,2109.838905775076,2161.8213754048033,1991.7299871330856,0.0853988188010106,0.0133615759015661,False,False,,
389,1.7148676000000005,694805.0,2111.869300911854,2109.838905775076,2161.9386553257837,1991.7299871330856,0.0854577022449202,-0.041169549983735,False,False,,
390,1.7192760000000002,690844.0,2099.8297872340427,2108.8814589665653,2161.098409907983,1991.7299871330856,0.085035835112714,-0.0953544973130338,False,False,,
391,1.7236844000000002,694137.0,2109.838905775076,2107.93009118541,2160.264165039851,1991.7299871330856,0.0846169807130106,-0.0408412531896011,False,False,,
392,1.7280928000000002,693822.0,2108.8814589665653,2107.93009118541,2160.3812095277344,1991.7299871330856,0.084675745951592,-0.0524469630324091,False,False,,
393,1.7325012000000002,692809.0,2105.802431610942,2106.775075987842,2159.3431604454254,1991.7299871330856,0.0841545663293465,-0.0874193150459898,False,False,,
394,1.7369096000000002,691151.0,2100.7629179331307,2106.161094224924,2158.8460664776185,1991.7299871330856,0.0839049873346945,-0.0420796259634457,False,False,,
395,1.7413180000000004,692270.0,2104.164133738602,2105.802431610942,2158.604213391044,1991.7299871330856,0.083783558683152,-0.1004186141810272,False,False,,
396,1.7457264000000003,691249.0,2101.0607902735564,2104.164133738602,2157.082646830814,1991.7299871330856,0.0830196164971832,-0.1587575964318865,False,False,,
397,1.7501348000000003,692927.0,2106.161094224924,2102.781155015198,2155.8163212565964,1991.7299871330856,0.0823838247069313,-0.0654729891718179,False,False,,
398,1.7545432000000003,693509.0,2107.93009118541,2102.781155015198,2155.9328962951968,1991.7299871330856,0.0824423542462532,-0.0166715505783869,False,False,,
399,1.7589516000000005,693720.0,2108.5714285714284,2102.255319148936,2155.523557409252,1991.7299871330856,0.0822368349797918,-0.0622021300412996,False,False,,
400,1.7633600000000005,691211.0,2100.9452887537996,2101.4559270516716,2154.840584286288,1991.7299871330856,0.081893930506105,-0.0547683010810793,False,False,,
401,1.7677684000000002,691815.0,2102.781155015198,2101.0607902735564,2154.56178852869,1991.7299871330856,0.0817539538228201,-0.0092554840044236,False,False,,
402,1.7721768000000002,688923.0,2093.9908814589667,2101.0607902735564,2154.6780516476215,1991.7299871330856,0.0818123267547348,0.0066595846923025,False,False,,
403,1.7765852000000002,691379.0,2101.4559270516716,2100.9452887537996,2154.678735397373,1991.7299871330856,0.0818126700491352,-0.1550118666086302,False,False,,
404,1.7809936000000002,687626.0,2090.048632218845,2098.1063829787236,2151.95593709451,1991.7299871330856,0.0804456181292199,-0.2095429030520126,False,False,,
405,1.7854020000000004,691642.0,2102.255319148936,2097.033434650456,2150.999018493252,1991.7299871330856,0.0799651721815063,-0.2047053386363408,False,False,,
406,1.7898104000000004,689018.0,2094.2796352583587,2094.2796352583587,2148.3611711350204,1991.7299871330856,0.078640772099531,-0.1600579232981989,False,False,,
407,1.7942188000000003,690277.0,2098.1063829787236,2093.9908814589667,2148.1882917283724,1991.7299871330856,0.0785539734833707,-0.2208200481339624,False,False,,
408,1.7986272000000003,689924.0,2097.033434650456,2090.1702127659573,2144.4834198389735,1991.7299871330856,0.0766938458991434,-0.211309136319489,False,False,,
409,1.8030356000000003,685957.0,2084.9756838905773,2090.048632218845,2144.477558558292,1991.7299871330856,0.0766909030902691,-0.0712911615177116,False,False,,
410,1.8074440000000005,687666.0,2090.1702127659573,2088.6869300911853,2143.231498211802,1991.7299871330856,0.0760652859862741,-0.2364242970096146,False,False,,
411,1.8118524000000005,686184.0,2085.665653495441,2085.665653495441,2140.3257859638497,1991.7299871330856,0.0746063973483947,-0.1981810445521397,False,False,,
412,1.8162608,687178.0,2088.6869300911853,2084.9756838905773,2139.75130332525,1991.7299871330856,0.0743179633526668,-0.3430630731708479,False,False,,
413,1.8206692,682563.0,2074.659574468085,2079.4103343465044,2134.3013634177273,1991.7299871330856,0.071581678844862,-0.5284472860161449,False,False,,
414,1.8250776,684126.0,2079.4103343465044,2075.4650455927053,2130.471407022545,1991.7299871330856,0.0696587493213197,-0.2574029657786063,False,False,,
415,1.8294860000000004,681925.0,2072.7203647416413,2074.659574468085,2129.781191030351,1991.7299871330856,0.0693122083761852,-0.0979992919197023,False,False,,
416,1.8338944000000004,681644.0,2071.8662613981764,2073.51367781155,2128.750472331765,1991.7299871330856,0.068794709164322,-0.097315733307699,False,False,,
417,1.8383028000000003,681543.0,2071.5592705167173,2072.7203647416413,2128.072260097002,1991.7299871330856,0.0684541950187579,-0.0450524566007688,False,False,,
418,1.8427112000000003,682186.0,2073.51367781155,2072.4924012158053,2127.9593203351506,1991.7299871330856,0.0683974906649644,-0.0355414858138196,False,False,,
419,1.8471196000000003,679755.0,2066.12462006079,2071.8662613981764,2127.448127261951,1991.7299871330856,0.0681408328466346,-0.0400504980410767,False,False,,
420,1.8515280000000005,682828.0,2075.4650455927053,2071.5592705167173,2127.2560061569384,1991.7299871330856,0.0680443734338358,-0.2141840613341257,False,False,,
421,1.8559364000000005,681850.0,2072.4924012158053,2067.87537993921,2123.686908439432,1991.7299871330856,0.0662524148146639,-0.2964088027046268,False,False,,
422,1.8603448,678744.0,2063.0516717325227,2066.12462006079,2122.0508645560712,1991.7299871330856,0.0654309963021497,-0.1797573995164185,False,False,,
423,1.8647532,678307.0,2061.723404255319,2064.4893617021276,2120.530245378993,1991.7299871330856,0.0646675297746075,-0.1619382578267814,False,False,,
424,1.8691616,680331.0,2067.87537993921,2063.0516717325227,2119.2071178289334,1991.7299871330856,0.0640032190705425,-0.1444652828464026,False,False,,
425,1.8735700000000004,677586.0,2059.531914893617,2061.723404255319,2117.993336060634,1991.7299871330856,0.0633938082688073,-0.187399414637694,False,False,,
426,1.8779784000000004,671922.0,2042.3161094224924,2059.531914893617,2115.9162557485624,1991.7299871330856,0.0623509559115649,-0.3530517149366332,False,False,,
427,1.8823868000000004,676192.0,2055.2948328267476,2055.2948328267476,2111.7935061233793,1991.7299871330856,0.060281021908554,-0.7814489863618297,False,False,,
428,1.8867952000000003,679217.0,2064.4893617021276,2045.580547112462,2102.193476294132,1991.7299871330856,0.0554610764886099,-0.6630666852475695,False,False,,
429,1.8912036000000003,672996.0,2045.580547112462,2043.422492401216,2100.149600962538,1991.7299871330856,0.0544348955580633,-0.1728950432953642,False,False,,
430,1.8956120000000003,670252.0,2037.240121580547,2042.3161094224924,2099.1573209093094,1991.7299871330856,0.0539366954708834,-0.2410997431434447,False,False,,
431,1.9000204000000005,670818.0,2038.9604863221884,2038.9604863221884,2095.915724331536,1991.7299871330856,0.0523091673427162,-0.1832976234381371,False,False,,
432,1.9044288000000005,669064.0,2033.629179331307,2038.869300911854,2095.938489091927,1991.7299871330856,0.052320596984554,-0.084993307782323,False,False,,
433,1.9088372,672286.0,2043.422492401216,2037.240121580547,2094.4231836306653,1991.7299871330856,0.051559798346661,-0.1710258772633066,False,False,,
434,1.9132456,670788.0,2038.869300911854,2035.6382978723404,2092.9351575429137,1991.7299871330856,0.0508126960298989,-0.1926703438043313,False,False,,
435,1.917654,669725.0,2035.6382978723404,2033.629179331307,2091.0397604238024,1991.7299871330856,0.049861062459407,-0.4896950801317397,False,False,,
436,1.9220624000000004,666821.0,2026.811550151976,2026.811550151976,2084.335776518883,1991.7299871330856,0.0464951524473932,-1.1496817452397288,False,False,,
437,1.9264708000000004,660714.0,2008.2492401215804,2013.212765957447,2070.850561502243,1991.7299871330856,0.0397245484479773,-1.013990763480091,False,False,,
438,1.9308792000000004,659101.0,2003.3465045592704,2008.77811550152,2066.5294041786365,1991.7299871330856,0.037554998683942,-0.2586508842498585,False,False,,
439,1.9352876000000003,660778.0,2008.4437689969604,2008.4437689969604,2066.308474811749,1991.7299871330856,0.0374440753317232,-0.017204172229591,False,False,,
440,1.9396960000000003,656915.0,1996.7021276595744,2008.2492401215804,2066.2272871302775,1991.7299871330856,0.0374033129382281,-0.2230124086263121,False,False,,
441,1.9441044000000005,660888.0,2008.77811550152,2004.300911854103,2062.392224163798,1991.7299871330856,0.0354778195273467,-0.2662926198821695,False,False,,
442,1.9485128000000005,662347.0,2013.212765957447,2003.3465045592704,2061.551006327869,1991.7299871330856,0.035055464167251,-0.277898035638493,False,False,,
443,1.9529212,657480.0,1998.419452887538,1999.19452887538,2057.512144311572,1991.7299871330856,0.0330276481267292,-0.2676945740067165,False,False,,
444,1.9573296,657735.0,1999.19452887538,1998.419452887538,2056.850106250764,1991.7299871330856,0.0326952546471486,-0.129061084915802,False,False,,
445,1.961738,655813.0,1993.3525835866265,1996.7021276595744,2055.245743259989,1991.7299871330856,0.0318897423532436,-0.2756737837577536,False,False,,
446,1.9661464000000004,652369.0,1982.884498480243,1993.3525835866265,2052.0090857850664,1991.7299871330856,0.0302646940305131,-0.1993513448545538,False,False,,
447,1.9705548000000004,659415.0,2004.300911854103,1992.9756838905776,2051.7449970985285,1991.7299871330856,0.0301321014159299,-0.0331971195212248,False,False,,
448,1.9749632000000004,655547.0,1992.544072948328,1992.544072948328,2051.4261216278883,1991.7299871330856,0.0299720016671184,-0.2191003872117938,False,False,,
449,1.9793716000000003,655689.0,1992.9756838905776,1988.90273556231,2047.8974442261576,1991.7299871330856,0.0282003371219609,-0.3612128196486153,False,False,,
450,1.9837800000000003,654349.0,1988.90273556231,1985.9756838905776,2045.082977101937,1991.7299871330856,0.0267872604788405,-0.2341760769044554,False,False,,
451,1.9881884000000003,652922.0,1984.565349544073,1984.565349544073,2043.7851519166816,1991.7299871330856,0.0261356534871097,-0.1632192839682344,False,False,,
452,1.9925968000000005,653386.0,1985.9756838905776,1982.884498480243,2042.216734678316,1991.7299871330856,0.0253481886959494,-0.8678621175670655,False,False,,
453,1.9970052000000005,647129.0,1966.957446808511,1969.100303951368,2028.544898689565,1991.7299871330856,0.0184838867689445,-0.8941798039556139,False,False,,
454,2.0014136,647093.0,1966.848024316109,1966.957446808511,2026.5143248519023,1991.7299871330856,0.0174643842004336,-0.1154731842824512,False,False,,
455,2.005822,647834.0,1969.100303951368,1966.848024316109,2026.5171104801432,1991.7299871330856,0.017465782797763,-0.0768835032250812,False,False,,
456,2.0102304,644743.0,1959.705167173252,1965.382978723404,2025.164197873872,1991.7299871330856,0.0167865177291987,-0.3275209946425133,False,False,,
457,2.0146388,646611.0,1965.382978723404,1960.872340425532,2020.7656174785336,1991.7299871330856,0.0145780956921989,-0.3105670874491932,False,False,,
458,2.0190472,645127.0,1960.872340425532,1959.705167173252,2019.7104270951652,1991.7299871330856,0.0140483098325766,-0.6229963702990671,False,False,,
459,2.0234556,641323.0,1949.310030395137,1949.70820668693,2009.825374494373,1991.7299871330856,0.0090852612945461,-0.5591360690798071,False,False,,
460,2.027864,638744.0,1941.471124620061,1949.662613981763,2009.891614741563,1991.7299871330856,0.0091185189387138,-0.0099418257640351,False,False,,
461,2.0322724000000005,641439.0,1949.662613981763,1949.310030395137,2009.6507892242971,1991.7299871330856,0.0089976062051497,-0.1525734482447593,False,False,,
462,2.0366808000000005,641454.0,1949.70820668693,1946.759878419453,2007.212320485117,1991.7299871330856,0.0077733093602295,-0.1880646560940277,False,False,,
463,2.0410892000000005,640163.0,1945.784194528875,1945.784194528875,2006.3482450482952,1991.7299871330856,0.0073394777452999,-0.1394359249000233,False,False,,
464,2.0454976000000005,638685.0,1941.29179331307,1944.0881458966564,2004.7637301371583,1991.7299871330856,0.006543930697571,-0.2329110260106422,False,False,,
465,2.0499060000000005,639605.0,1944.0881458966564,1941.471124620061,2002.258167899012,1991.7299871330856,0.0052859478111693,-0.1465494738138253,False,False,,
466,2.0543144000000004,635924.0,1932.899696048632,1941.29179331307,2002.1902209978443,1991.7299871330856,0.0052518332968492,-0.47542190785506,False,False,,
467,2.0587228000000004,640484.0,1946.759878419453,1932.899696048632,1993.9094335565776,1991.7299871330856,0.0010942479339928,-0.948648295885998,False,False,,
468,2.0631312000000004,632185.0,1921.534954407295,1924.410334346505,1985.5313071449095,1991.7299871330856,-0.0031122089983183,-0.6220429663864324,False,False,,
469,2.0675396000000004,633131.0,1924.410334346505,1921.753799392097,1982.9859329981568,1991.7299871330856,-0.004390180492043,-0.1510836715254793,False,False,,
470,2.0719480000000003,631673.0,1919.978723404255,1921.534954407295,1982.8781743880777,1991.7299871330856,-0.0044442835134241,-0.0884349116141989,False,False,,
471,2.0763564000000003,632257.0,1921.753799392097,1919.978723404255,1981.4329553766695,1991.7299871330856,-0.005169893420763,-0.0922512785427291,False,False,,
472,2.0807648000000003,631579.0,1919.693009118541,1919.693009118541,1981.2581787493027,1991.7299871330856,-0.0052576445860797,-0.3328496743826624,False,False,,
473,2.0851732000000003,629677.0,1913.9118541033436,1913.9118541033436,1975.587887108941,1991.7299871330856,-0.0081045624298601,-0.387207224489808,False,False,,
474,2.0895816000000003,628211.0,1909.455927051672,1912.6717325227964,1974.4585546694584,1991.7299871330856,-0.0086715732429614,-0.2303995041751143,False,False,,
475,2.09399,629269.0,1912.6717325227964,1909.644376899696,1971.5419140033575,1991.7299871330856,-0.0101359487782712,-0.1705200964510947,False,False,,
476,2.0983984,628273.0,1909.644376899696,1909.455927051672,1971.4641049779425,1991.7299871330856,-0.0101750148293514,-0.3730394874768474,False,False,,
477,2.1028068,622188.0,1891.148936170213,1902.872340425532,1964.9910850896604,1991.7299871330856,-0.0134249633314571,-0.8123409074329973,False,False,,
478,2.1072152,626045.0,1902.872340425532,1894.9696048632215,1957.1988422300635,1991.7299871330856,-0.0173372621420066,-0.4424639506367542,False,False,,
479,2.1116236,619586.0,1883.240121580547,1894.881458966565,1957.2211150505505,1991.7299871330856,-0.0173260794914312,-0.2049979943771434,False,False,,
480,2.116032,623416.0,1894.881458966565,1891.148936170213,1953.598937035311,1991.7299871330856,-0.019144688458831,-0.4346919091854591,False,False,,
481,2.1204404,623445.0,1894.9696048632215,1887.0273556231,1949.5876273827896,1991.7299871330856,-0.0211586711163375,-0.4196418147760736,False,False,,
482,2.1248488000000005,620832.0,1887.0273556231,1883.559270516717,1946.229739333949,1991.7299871330856,-0.0228445864113488,-0.203119281800129,False,False,,
483,2.1292572000000005,619691.0,1883.559270516717,1883.240121580547,1946.0207136677136,1991.7299871330856,-0.0229495332001131,-0.0961603600741924,False,False,,
484,2.1336656000000005,619063.0,1881.650455927052,1881.650455927052,1944.5410975459545,1991.7299871330856,-0.023692413074051,-0.3568366969424446,False,False,,
485,2.1380740000000005,617452.0,1876.753799392097,1876.753799392097,1939.754416853911,1991.7299871330856,-0.0260956909897153,-0.5216232276348336,False,False,,
486,2.1424824000000005,615635.0,1871.2310030395136,1872.270516717325,1935.3810363825671,1991.7299871330856,-0.0282914607474617,-0.3019851190789064,False,False,,
487,2.1468908000000004,615012.0,1869.337386018237,1871.2310030395136,1934.4513513180104,1991.7299871330856,-0.0287582333876102,-0.0989632880376176,False,False,,
488,2.1512992000000004,615977.0,1872.270516717325,1870.313069908815,1933.6431732596675,1991.7299871330856,-0.0291640002654318,-0.0953368489289046,False,False,,
489,2.1557076000000004,615333.0,1870.313069908815,1869.337386018237,1932.7771709497913,1991.7299871330856,-0.0295987993172465,-0.377302770485957,False,False,,
490,2.1601160000000004,613081.0,1863.468085106383,1863.468085106383,1927.0174781761923,1991.7299871330856,-0.0324906033322524,-0.4846246273078396,False,False,,
491,2.1645244000000003,610236.0,1854.820668693009,1860.6079027355624,1924.2668305503585,1991.7299871330856,-0.0338716377312943,-0.1602692897533248,False,False,,
492,2.1689328000000003,612140.0,1860.6079027355624,1860.434650455927,1924.203039671585,1991.7299871330856,-0.0339036656061495,-0.2874960578788927,False,False,,
493,2.1733412000000003,612083.0,1860.434650455927,1855.340425531915,1919.2182028534205,1991.7299871330856,-0.0364064329744009,-0.2776384846024098,False,False,,
494,2.1777496000000003,610407.0,1855.340425531915,1855.340425531915,1919.3275177133328,1991.7299871330856,-0.036351548597192,-0.0126517252017599,False,False,,
495,2.1821580000000003,607345.0,1846.033434650456,1854.899696048632,1918.9960298930712,1991.7299871330856,-0.0365179807051598,-0.0126600588612397,False,False,,
496,2.1865664,606770.0,1844.2857142857144,1854.899696048632,1919.1051984082148,1991.7299871330856,-0.0364631698041598,0.0124291240349014,False,False,,
497,2.1909748,607520.0,1846.565349544073,1854.899696048632,1919.2142938244597,1991.7299871330856,-0.0364083956043688,0.0124208015320537,False,False,,
498,2.1953832,606201.0,1842.5562310030396,1854.899696048632,1919.3233161907528,1991.7299871330856,-0.036353658081212,0.0375099955773823,False,False,,
499,2.1997916,608861.0,1850.6413373860184,1855.340425531915,1919.8729950392908,1991.7299871330856,-0.0360776774753622,0.0375016842162798,False,False,,
500,2.2042,604104.0,1836.182370820669,1855.340425531915,1919.98187145239,1991.7299871330856,-0.0360230132318139,0.012395867444976,False,False,,
501,2.2086084,610928.0,1856.924012158055,1855.340425531915,1920.0906749621809,1991.7299871330856,-0.0359683855912733,0.1025655204396005,False,False,,
502,2.213016800000001,610262.0,1854.899696048632,1856.924012158055,1921.7829922436197,1991.7299871330856,-0.0351187135512019,0.3923036628174321,False,False,,
503,2.2174252000000005,615384.0,1870.468085106383,1862.012158054711,1926.9797959898665,1991.7299871330856,-0.0325095226569446,0.6533094878395036,False,False,,
504,2.2218336000000005,615064.0,1869.495440729483,1868.179331306991,1933.2555543347776,1991.7299871330856,-0.0293586144588186,0.4385011275742596,False,False,,
505,2.2262420000000005,612602.0,1862.012158054711,1869.495440729483,1934.6801761416611,1991.7299871330856,-0.0286433459153479,0.1426883926039281,False,False,,
506,2.2306504000000005,616523.0,1873.9300911854104,1870.468085106383,1935.761260243396,1991.7299871330856,-0.0281005594389083,0.264879035629435,False,False,,
507,2.2350588000000005,614631.0,1868.179331306991,1873.9300911854104,1939.3316334363565,1991.7299871330856,-0.0263079604340103,1.3511602782159915,False,False,,
508,2.2394672000000004,623119.0,1893.978723404255,1893.978723404255,1959.4885602068512,1991.7299871330856,-0.0161876494979336,1.3073611873132231,True,False,508.0,3.0
509,2.2438756000000004,624005.0,1896.6717325227964,1896.6717325227964,1962.2897913633471,1991.7299871330856,-0.0147812183177071,0.5556392061524598,False,False,,
510,2.2482840000000004,626258.0,1903.5197568389056,1903.5197568389056,1969.2459652522712,1991.7299871330856,-0.0112886897451286,0.7889512647348982,False,False,,
511,2.2526924000000004,628492.0,1910.310030395137,1910.310030395137,1976.1443159646988,1991.7299871330856,-0.0078251928067925,0.4950425120750592,False,False,,
512,2.2571008000000004,629047.0,1911.9969604863225,1911.9969604863225,1977.9392508439523,1991.7299871330856,-0.0069239989246652,0.1190908669886477,False,False,,
513,2.2615092000000003,629109.0,1912.1854103343464,1912.1854103343464,1978.2356331603748,1991.7299871330856,-0.006775192450727,0.2620519026216721,False,False,,
514,2.2659176000000003,635005.0,1930.106382978723,1916.382978723404,1982.5410617465852,1991.7299871330856,-0.0046135397096305,0.653911018131275,False,False,,
515,2.2703260000000003,634314.0,1928.0060790273556,1923.452887537994,1989.7187585354748,1991.7299871330856,-0.0010097897860672,0.4782202185405111,False,False,,
516,2.2747344000000003,635193.0,1930.677811550152,1924.565349544073,1990.9389363413609,1991.7299871330856,-0.0003971676868025,0.2192749225302775,False,False,,
517,2.2791428,633182.0,1924.565349544073,1927.0881458966564,1993.5693763675863,1991.7299871330856,0.0009235133508976,0.2081891886900546,False,False,,
518,2.2835512,630490.0,1916.382978723404,1928.0060790273556,1994.5948810940583,1991.7299871330856,0.0014383947520398,0.1841219891541984,False,False,,
519,2.2879596,632816.0,1923.452887537994,1930.106382978723,1996.802684611593,1991.7299871330856,0.0025468801048724,0.1643819521779357,False,False,,
520,2.292368,634012.0,1927.0881458966564,1930.677811550152,1997.481540767812,1991.7299871330856,0.0028877175480023,0.7798685777952274,False,False,,
521,2.2967764,639440.0,1943.5866261398176,1943.5866261398176,2010.497711009092,1991.7299871330856,0.0094228253815773,0.8729808080458727,False,False,,
522,2.3011848,641391.0,1949.516717325228,1945.793313069909,2012.811681705787,1991.7299871330856,0.0105846147363811,0.3499058777628046,False,False,,
523,2.305593200000001,640166.0,1945.793313069909,1949.516717325228,2016.6422978908324,1991.7299871330856,0.0125078755246366,0.2792784956480738,False,False,,
524,2.3100016000000005,641709.0,1950.483282674772,1950.483282674772,2017.716003381328,1991.7299871330856,0.0130469573768113,0.0821250464372036,False,False,,
525,2.3144100000000005,641795.0,1950.744680851064,1950.744680851064,2018.0844699578656,1991.7299871330856,0.0132319556340641,0.5594888459492515,False,False,,
526,2.3188184000000005,645973.0,1963.4437689969604,1960.094224924012,2027.5410107383923,1991.7299871330856,0.0179798586337766,0.7353363466600797,False,False,,
527,2.3232268000000005,644871.0,1960.094224924012,1963.4437689969604,2030.9974798742555,1991.7299871330856,0.0197152691352967,0.5497796947901961,False,False,,
528,2.3276352000000005,649469.0,1974.0699088145896,1969.534954407295,2037.1955187508152,1991.7299871330856,0.0228271562468028,0.411648689811626,False,False,,
529,2.3320436000000004,651595.0,1980.531914893617,1970.4589665653496,2038.2263128263464,1991.7299871330856,0.0233446933036278,0.270402137204627,False,False,,
530,2.3364520000000004,647977.0,1969.534954407295,1974.0699088145896,2041.9439654922223,1991.7299871330856,0.0252112378101085,0.3491482552230458,False,False,,
531,2.3408604000000004,650228.0,1976.376899696049,1976.376899696049,2044.357595337354,1991.7299871330856,0.0264230636402784,0.3801225646977486,False,False,,
532,2.3452688000000004,653774.0,1987.1550151975684,1980.531914893617,2048.6191780934764,1991.7299871330856,0.0285627024385356,0.540911591561573,False,False,,
533,2.3496772000000004,648281.0,1970.4589665653496,1985.662613981763,2053.85637338287,1991.7299871330856,0.0311921729607584,0.38927988379552,False,False,,
534,2.3540856000000003,655955.0,1993.784194528875,1987.1550151975684,2055.455199490398,1991.7299871330856,0.031994905317984,0.4645642979438458,False,False,,
535,2.3584940000000003,653283.0,1985.662613981763,1993.6079027355624,2062.0144406583377,1991.7299871330856,0.0352881434628697,0.3896098242410475,False,False,,
536,2.3629024000000003,655897.0,1993.6079027355624,1993.784194528875,2062.2970148675363,1991.7299871330856,0.0354300172163524,0.0230049698081318,False,False,,
537,2.3673108000000003,657890.0,1999.665653495441,1993.7993920972644,2062.4184236854353,1991.7299871330856,0.035490973680674,0.3470143883351424,False,False,,
538,2.3717192,661539.0,2010.756838905775,1999.665653495441,2068.3908252143992,1991.7299871330856,0.0384895736754257,0.3515065346278758,False,False,,
539,2.3761276,655960.0,1993.7993920972644,1999.759878419453,2068.5911191980967,1991.7299871330856,0.0385901364951811,0.605762192118596,False,False,,
540,2.380536,657921.0,1999.759878419453,2010.0911854103344,2079.0284242251514,1991.7299871330856,0.0438304577708969,0.6147545925985662,False,False,,
541,2.3849444,661440.0,2010.455927051672,2010.343465045593,2079.386630920627,1991.7299871330856,0.0440103047872041,0.0328304297335053,False,False,,
542,2.3893528,661320.0,2010.0911854103344,2010.455927051672,2079.604949058493,1991.7299871330856,0.0441199171037713,0.0355917348656404,False,False,,
543,2.3937612000000006,661403.0,2010.343465045593,2010.756838905775,2080.011646163446,1991.7299871330856,0.0443241099951675,0.2927898808111315,False,False,,
544,2.398169600000001,663062.0,2015.386018237082,2015.386018237082,2084.746539912127,1991.7299871330856,0.0467013869249067,0.3904024796130327,False,False,,
545,2.4025780000000005,663725.0,2017.401215805471,2017.401215805471,2086.867381111846,1991.7299871330856,0.0477662105774197,0.5279980150930772,False,False,,
546,2.4069864000000005,669786.0,2035.823708206687,2024.4468085106384,2094.0185467096953,1991.7299871330856,0.0513566398243794,0.7170001818984666,False,False,,
547,2.4113948000000005,666043.0,2024.4468085106384,2029.7811550151976,2099.4583954156556,1991.7299871330856,0.054087857781182,0.3784353647647993,False,False,,
548,2.4158032000000005,667798.0,2029.7811550151976,2030.881458966565,2100.6641309244783,1991.7299871330856,0.0546932287484376,0.1271060394452705,False,False,,
549,2.4202116000000005,668160.0,2030.881458966565,2031.8024316109424,2101.6904645296668,1991.7299871330856,0.0552085263097631,0.0779414975754706,False,False,,
550,2.4246200000000004,669192.0,2034.018237082067,2032.0395136778116,2102.0328370079756,1991.7299871330856,0.055380423344261,0.1381674916840332,False,False,,
551,2.4290284000000004,669731.0,2035.656534954407,2034.018237082067,2104.1167803215385,1991.7299871330856,0.0564267214504429,0.2122403937780728,False,False,,
552,2.4334368000000004,668463.0,2031.8024316109424,2035.5562310030396,2105.759923696894,1991.7299871330856,0.0572517044481235,0.1052650496585476,False,False,,
553,2.4378452000000004,670200.0,2037.082066869301,2035.656534954407,2105.9653066948968,1991.7299871330856,0.0573548223402723,0.0176753745601923,False,False,,
554,2.4422536000000004,669698.0,2035.5562310030396,2035.656534954407,2106.0703153809286,1991.7299871330856,0.0574075446905458,0.0635352287056862,False,False,,
555,2.4466620000000003,677083.0,2058.003039513678,2036.562310030395,2107.081028829459,1991.7299871330856,0.0579149997447246,0.0931249776517457,False,False,,
556,2.4510704000000003,668541.0,2032.0395136778116,2037.082066869301,2107.7056537744984,1991.7299871330856,0.0582286089935057,0.4998697417200155,False,False,,
557,2.4554788000000003,670029.0,2036.562310030395,2045.130699088146,2115.859083880119,1991.7299871330856,0.0623222512835217,0.5663268795747385,False,False,,
558,2.4598872000000003,674517.0,2050.2036474164133,2046.817629179331,2117.650741685741,1991.7299871330856,0.0632217998253403,0.193317951288666,False,False,,
559,2.4642956000000003,673403.0,2046.817629179331,2048.3161094224924,2119.253879517986,1991.7299871330856,0.0640266969964436,0.1640583855743607,False,False,,
560,2.468704,673896.0,2048.3161094224924,2049.4893617021276,2120.531719308309,1991.7299871330856,0.0646682697992723,0.1193941460556891,False,False,,
561,2.4731124,674282.0,2049.4893617021276,2050.2036474164133,2121.3505225018107,1991.7299871330856,0.0650793713033874,0.4967142688319157,False,False,,
562,2.4775208,672848.0,2045.130699088146,2058.003039513678,2129.2543620937117,1991.7299871330856,0.0690477001647095,0.4641660797758087,False,False,,
563,2.4819292,678881.0,2063.468085106383,2058.145896656535,2129.501596793488,1991.7299871330856,0.0691718307955547,0.2602624762915955,False,False,,
564,2.4863376000000006,679361.0,2064.9270516717324,2062.3647416413373,2133.8247494443203,1991.7299871330856,0.0713423823656776,0.3149497843274451,False,False,,
565,2.490746000000001,677130.0,2058.145896656535,2063.468085106383,2135.032330731308,1991.7299871330856,0.0719486800540132,0.1567409701068385,False,False,,
566,2.4951544000000005,680334.0,2067.884498480243,2064.908814589666,2136.577228239211,1991.7299871330856,0.0727243361509155,0.0939027029173527,False,False,,
567,2.4995628000000005,679355.0,2064.908814589666,2064.908814589666,2136.681326513245,1991.7299871330856,0.0727766014050949,0.0128903813770371,False,False,,
568,2.5039712000000005,680855.0,2069.468085106383,2064.9270516717324,2136.8035921654655,1991.7299871330856,0.0728379880654406,0.1812953983652239,False,False,,
569,2.5083796000000005,682759.0,2075.255319148936,2067.884498480243,2139.864997886922,1991.7299871330856,0.0743750466734014,0.2704269032414945,False,False,,
570,2.5127880000000005,678518.0,2062.3647416413373,2069.468085106383,2141.5524738154436,1991.7299871330856,0.0752222879859402,0.3898485128811835,False,False,,
571,2.5171964000000004,682518.0,2074.5227963525836,2074.5227963525836,2146.711004800071,1991.7299871330856,0.0778122630417722,0.2996626396120998,False,False,,
572,2.5216048000000004,682545.0,2074.6048632218844,2074.5227963525836,2146.8147550211233,1991.7299871330856,0.0778643535468721,0.0164855665593801,False,False,,
573,2.5260132000000004,682860.0,2075.562310030395,2074.6048632218844,2147.0005026406516,1991.7299871330856,0.0779576129850129,0.0535181215963511,False,False,,
574,2.5304216000000004,678976.0,2063.756838905775,2075.255319148936,2147.7545698936224,1991.7299871330856,0.0783362121213628,0.0663186023669251,False,False,,
575,2.5348300000000004,684654.0,2081.015197568389,2075.562310030395,2148.1651027231783,1991.7299871330856,0.0785423308383616,0.1099284467309633,False,False,,
576,2.5392384000000003,684418.0,2080.2978723404253,2076.978723404255,2149.6849887137687,1991.7299871330856,0.0793054292505004,0.2814490592174934,False,False,,
577,2.5436468000000003,683326.0,2076.978723404255,2080.2978723404253,2153.1075409817267,1991.7299871330856,0.0810238109036704,0.2416313259481182,False,False,,
578,2.5480552000000003,688066.0,2091.386018237082,2081.015197568389,2153.9282003029284,1991.7299871330856,0.0814358443251197,0.0650754347152382,False,False,,
579,2.5524636000000003,681719.0,2072.094224924012,2081.2340425531916,2154.2503101887814,1991.7299871330856,0.0815975679964677,0.2883488615418219,False,False,,
580,2.5568720000000003,686252.0,2085.872340425532,2085.872340425532,2158.9918038163155,1991.7299871330856,0.0839781585675617,0.3130923275134627,False,False,,
581,2.5612804,687559.0,2089.8449848024316,2086.5258358662613,2159.7484259126813,1991.7299871330856,0.0843580404296884,0.2379650137025066,False,False,,
582,2.5656888,691864.0,2102.93009118541,2089.8449848024316,2163.1706324511997,1991.7299871330856,0.0860762485003739,0.227398888565208,False,False,,
583,2.5700972,684726.0,2081.2340425531916,2090.3130699088147,2163.7417061528813,1991.7299871330856,0.0863629709503901,0.0489390745806286,False,False,,
584,2.5745056000000006,686467.0,2086.5258358662613,2090.498480243161,2164.030036121682,1991.7299871330856,0.0865077345331364,0.0728171302036013,False,False,,
585,2.5789140000000006,690908.0,2100.0243161094227,2091.386018237082,2165.0204248353903,1991.7299871330856,0.0870049850239692,0.2753202347159114,False,False,,
586,2.583322400000001,689297.0,2095.127659574468,2095.127659574468,2168.864848024041,1991.7299871330856,0.0889351779785797,0.2247711993365335,False,False,,
587,2.587730800000001,687774.0,2090.498480243161,2095.127659574468,2168.9675610528975,1991.7299871330856,0.0889867477342796,0.2403411291564889,False,False,,
588,2.5921392000000005,687713.0,2090.3130699088147,2099.1428571428573,2173.0854028738186,1991.7299871330856,0.0910542176461266,0.2697579668302143,False,False,,
589,2.5965476000000005,694780.0,2111.793313069909,2099.659574468085,2173.704695721305,1991.7299871330856,0.0913651497762282,0.0116784943664871,False,False,,
590,2.6009560000000005,691070.0,2100.516717325228,2099.1428571428573,2173.2904852340853,1991.7299871330856,0.091157184595257,0.0116706744829375,False,False,,
591,2.6053644000000005,690618.0,2099.1428571428573,2099.659574468085,2173.9096407590605,1991.7299871330856,0.0914680477790094,0.0435107358320276,False,False,,
592,2.6097728000000004,691222.0,2100.978723404255,2099.7021276595747,2174.0545635579983,1991.7299871330856,0.0915408100509408,0.0140782583771663,False,False,,
593,2.6141812000000004,691561.0,2102.0091185410333,2099.7021276595747,2174.1568646190744,1991.7299871330856,0.0915921729674692,0.0116472462353307,False,False,,
594,2.6185896000000004,689217.0,2094.884498480243,2099.7021276595747,2174.2590971796785,1991.7299871330856,0.0916435014915485,0.011639447275483,False,False,,
595,2.6229980000000004,691262.0,2101.100303951368,2099.7021276595747,2174.3612612856778,1991.7299871330856,0.0916947956462076,0.0580187772716129,False,False,,
596,2.6274064000000004,690788.0,2099.659574468085,2100.516717325228,2175.2779466485617,1991.7299871330856,0.0921550414469969,0.0580109887525477,False,False,,
597,2.6318148000000003,690141.0,2097.693009118541,2100.516717325228,2175.3799739828314,1991.7299871330856,0.0922062669318411,0.0379251966683291,False,False,,
598,2.6362232000000003,690802.0,2099.7021276595747,2100.978723404255,2175.943939078942,1991.7299871330856,0.0924894203209822,0.0379174185760877,False,False,,
599,2.6406316000000003,693913.0,2109.158054711246,2100.978723404255,2176.0458298245844,1991.7299871330856,0.0925405772279427,0.0185239820420779,False,True,508.0,3.0
600,2.6450400000000003,692879.0,2106.015197568389,2101.100303951368,2176.269232891613,1991.7299871330856,0.0926527425658508,0.0185162143627568,False,False,,
601,2.6494484000000003,690214.0,2097.9148936170213,2101.100303951368,2176.3709872314857,1991.7299871330856,0.0927038309867363,0.0823772901600392,False,False,,
602,2.6538568,688999.0,2094.2218844984804,2102.343465045593,2177.7158345311937,1991.7299871330856,0.0933790466577338,0.0823695328796514,False,False,,
603,2.6582652,691772.0,2102.6504559270516,2102.343465045593,2177.8174526479097,1991.7299871330856,0.0934300666842296,0.029051205756005,False,False,,
604,2.6626736,691671.0,2102.343465045593,2102.6504559270516,2178.2259936029086,1991.7299871330856,0.0936351853286433,0.1209522749154903,False,False,,
605,2.6670820000000006,692895.0,2106.063829787234,2104.26443768997,2179.9414574417538,1991.7299871330856,0.0944964787017046,0.1034628186659532,False,False,,
606,2.6714904000000006,689124.0,2094.6018237082067,2104.26443768997,2180.042871565598,1991.7299871330856,0.0945473963082574,-0.0803625499680489,False,False,,
607,2.675898800000001,692829.0,2105.8632218844987,2102.6504559270516,2178.5302360199416,1991.7299871330856,0.0937879381711463,-0.0978519958534533,False,False,,
608,2.680307200000001,693730.0,2108.6018237082067,2102.343465045593,2178.324523494633,1991.7299871330856,0.0936846548312167,-0.0059509059655606,False,False,,
609,2.6847156000000005,692303.0,2104.26443768997,2102.343465045593,2178.42573403511,1991.7299871330856,0.0937354702234292,0.029004802123838,False,False,,
610,2.6891240000000005,689441.0,2095.565349544073,2102.6504559270516,2178.8338676867825,1991.7299871330856,0.0939403843705822,0.0115153717586995,False,False,,
611,2.6935324000000005,694713.0,2111.5896656534956,2102.343465045593,2178.627951850653,1991.7299871330856,0.0938369989531513,-0.0916517633216145,False,False,,
612,2.6979408000000005,692561.0,2105.048632218845,2100.838905775076,2177.224399945929,1991.7299871330856,0.0931323091037282,-0.124718948790278,False,False,,
613,2.7023492000000005,688125.0,2091.565349544073,2099.951367781155,2176.4378016835826,1991.7299871330856,0.0927373769254572,-0.039048939243127,False,False,,
614,2.7067576000000004,691176.0,2100.838905775076,2099.951367781155,2176.538673826227,1991.7299871330856,0.0927880224162094,-0.1891224414263952,False,False,,
615,2.7111660000000004,689581.0,2095.9908814589667,2096.4285714285716,2173.116682072614,1991.7299871330856,0.0910699221838889,-0.2140545561450384,False,False,,
616,2.7155744000000004,689725.0,2096.4285714285716,2095.9908814589667,2172.779729203533,1991.7299871330856,0.0909007462055898,-0.0134552395006934,False,False,,
617,2.7199828000000004,693707.0,2108.531914893617,2095.9908814589667,2172.880398850808,1991.7299871330856,0.0909512900282592,0.0114615054614226,False,False,,
618,2.7243912000000003,687624.0,2090.0425531914893,2095.9908814589667,2172.98100109,1991.7299871330856,0.0910018000069421,-0.0387411910778681,False,False,,
619,2.7287996000000003,688844.0,2093.7507598784196,2095.1094224924013,2172.2000769996803,1991.7299871330856,0.0906097166947639,-0.0659234068939671,False,False,,
620,2.7332080000000003,690884.0,2099.951367781155,2094.632218844985,2171.823340910668,1991.7299871330856,0.0904205665130393,-0.015736049257228,False,False,,
621,2.7376164000000003,689291.0,2095.1094224924013,2094.632218844985,2171.9237411963077,1991.7299871330856,0.0904709750956727,-0.0387641840236927,False,False,,
622,2.7420248000000003,688774.0,2093.5379939209724,2093.7507598784196,2171.1426152876625,1991.7299871330856,0.0900787904553393,-0.0508878778585319,False,False,,
623,2.7464332,689134.0,2094.632218844985,2093.5379939209724,2171.0301152054317,1991.7299871330856,0.0900223068541696,-0.1003982036074404,False,False,,
624,2.7508416,691795.0,2102.7203647416413,2091.7872340425533,2169.3795540645106,1991.7299871330856,0.0891935995737732,-0.1876413338391049,False,False,,
625,2.7552500000000006,687064.0,2088.340425531915,2090.0425531914893,2167.735004858181,1991.7299871330856,0.088367910741977,-0.1848795920061636,False,False,,
626,2.7596584000000006,685923.0,2084.872340425532,2088.340425531915,2166.132941795503,1991.7299871330856,0.0875635531869732,-0.1985610419043197,False,False,,
627,2.7640668000000006,682803.0,2075.38905775076,2086.355623100304,2164.2481369578454,1991.7299871330856,0.086617237747715,-0.1464696993071896,False,False,,
628,2.7684752000000006,681631.0,2071.826747720365,2085.5683890577507,2163.560833551167,1991.7299871330856,0.0862721591421216,-0.0730887388435519,False,False,,
629,2.772883600000001,686152.0,2085.5683890577507,2084.872340425532,2162.9646486415804,1991.7299871330856,0.0859728289550791,-0.0334595983802383,False,False,,
630,2.7772920000000005,686411.0,2086.355623100304,2084.781155015198,2162.9732600854395,1991.7299871330856,0.0859771525551227,-0.2150347219648356,False,False,,
631,2.7817004000000005,688198.0,2091.7872340425533,2080.896656534954,2159.1884916357258,1991.7299871330856,0.0840769108184596,-0.52348208558948,False,False,,
632,2.7861088000000005,685893.0,2084.781155015198,2075.38905775076,2153.780556103143,1991.7299871330856,0.0813617157028974,-0.318382443677681,False,False,,
633,2.7905172000000005,682317.0,2073.9118541033436,2075.1063829787236,2153.5974778485142,1991.7299871330856,0.0812697964890422,-0.0108157173822025,False,False,,
634,2.7949256000000005,684615.0,2080.896656534954,2075.0,2153.59062469768,1991.7299871330856,0.081266355685882,-0.0013035646177588,False,False,,
635,2.7993340000000004,682710.0,2075.1063829787236,2074.884498480243,2153.574586360949,1991.7299871330856,0.0812583032205204,0.0047468675789748,False,False,,
636,2.8037424000000004,682637.0,2074.884498480243,2074.884498480243,2153.6739829437365,1991.7299871330856,0.0813082078679523,-0.0440710467243654,False,False,,
637,2.8081508000000004,682675.0,2075.0,2073.9118541033436,2152.8006685939813,1991.7299871330856,0.080869737615761,-0.2462434023244188,False,False,,
638,2.8125592000000004,680139.0,2067.29179331307,2070.3617021276596,2149.3497801343647,1991.7299871330856,0.0791371290383383,-0.3656805097729858,False,False,,
639,2.8169676000000003,678455.0,2062.173252279635,2067.29179331307,2146.3790683692996,1991.7299871330856,0.0776456056971945,-0.2955881327158938,False,False,,
640,2.8213760000000003,674659.0,2050.6352583586627,2064.9726443768996,2144.159050060618,1991.7299871330856,0.0765309875898089,-0.2665171995652642,False,False,,
641,2.8257844000000003,681149.0,2070.3617021276596,2062.413373860182,2141.69884379383,1991.7299871330856,0.0752957768520675,-0.1481337395349307,False,False,,
642,2.8301928000000003,678534.0,2062.413373860182,2062.173252279635,2141.5577201300976,1991.7299871330856,0.0752249220350773,-0.2729365014821283,False,False,,
643,2.8346012000000003,679376.0,2064.9726443768996,2057.422492401216,2136.9058918797955,1991.7299871330856,0.0728893503057999,-0.3418323890960835,False,False,,
644,2.8390096,676892.0,2057.422492401216,2055.9726443768996,2135.5549092392857,1991.7299871330856,0.072211054226895,-0.3752455837256834,False,False,,
645,2.843418,674602.0,2050.4620060790276,2050.6352583586627,2130.3163224049017,1991.7299871330856,0.0695808850432073,-0.3025568820779689,False,False,,
646,2.8478264000000006,671113.0,2039.857142857143,2050.4620060790276,2130.2418031534926,1991.7299871330856,0.0695434707089901,-0.1277472686558551,False,False,,
647,2.8522348000000006,673799.0,2048.021276595745,2048.19452887538,2128.0729928667424,1991.7299871330856,0.0684545629249224,-0.1277547956054059,False,False,,
648,2.8566432000000006,673856.0,2048.19452887538,2048.021276595745,2127.9983414369435,1991.7299871330856,0.0684170822270963,-0.1153001051685098,False,False,,
649,2.8610516000000006,673125.0,2045.9726443769,2045.9726443769,2126.0482440451124,1991.7299871330856,0.0674379849576727,-0.3588400216443999,False,False,,
650,2.865460000000001,676415.0,2055.9726443768996,2041.5227963525836,2121.696864869196,1991.7299871330856,0.065253261524262,-0.3370386618777852,False,False,,
651,2.8698684000000005,670634.0,2038.401215805471,2039.857142857143,2120.12961428772,1991.7299871330856,0.0644663824836287,-0.1665561803371469,False,False,,
652,2.8742768000000005,671661.0,2041.5227963525836,2038.401215805471,2118.7720242597275,1991.7299871330856,0.0637847689934654,-0.126580750842205,False,False,,
653,2.8786852000000005,670317.0,2037.437689969605,2037.437689969605,2117.9067696013753,1991.7299871330856,0.0633503453196031,-0.2212664441784921,False,False,,
654,2.8830936000000005,662861.0,2014.775075987842,2034.3191489361704,2114.8864339433794,1991.7299871330856,0.0618339070084325,-0.6138336248309981,False,False,,
655,2.8875020000000005,665354.0,2022.3525835866265,2026.462006079027,2107.127430703661,1991.7299871330856,0.0579382970161932,-0.5423564768454217,False,False,,
656,2.8919104000000004,666093.0,2024.598784194529,2024.598784194529,2105.362282722604,1991.7299871330856,0.0570520584233818,-0.1792289376839688,False,False,,
657,2.8963188000000004,669291.0,2034.3191489361704,2023.118541033435,2103.9800477949702,1991.7299871330856,0.0563580713184212,-0.1167522663701774,False,False,,
658,2.9007272000000004,666706.0,2026.462006079027,2022.3525835866265,2103.312032955614,1991.7299871330856,0.0560226770412492,-0.4639708209386617,False,False,,
659,2.9051356000000004,665606.0,2023.118541033435,2014.775075987842,2095.832402382216,1991.7299871330856,0.0522673333843692,-0.7821108750291463,False,False,,
660,2.9095440000000004,659221.0,2003.711246200608,2008.422492401216,2089.5776302828244,1991.7299871330856,0.0491269618782923,-0.511757563316686,False,False,,
661,2.9139524000000003,659840.0,2005.592705167173,2005.592705167173,2086.845589041748,1991.7299871330856,0.0477552693001187,-0.2571550983235138,False,False,,
662,2.9183608000000003,659136.0,2003.452887537994,2003.711246200608,2085.061810617736,1991.7299871330856,0.0468596768073936,-0.1107315549556142,False,False,,
663,2.9227692000000003,658676.0,2002.054711246201,2003.452887537994,2084.9010670910875,1991.7299871330856,0.046778971326386,-0.0832182827368637,False,False,,
664,2.9271776000000003,655270.0,1991.7021276595744,2002.054711246201,2083.600440572468,1991.7299871330856,0.0461259578521592,-0.3087571506771791,False,False,,
665,2.931586,660771.0,2008.422492401216,1997.8358662613985,2079.4790800418145,1991.7299871330856,0.0440567212802955,-0.5784330156947748,False,False,,
666,2.9359944000000007,657288.0,1997.8358662613985,1991.7021276595744,2073.442760618852,1991.7299871330856,0.0410260296393812,-0.4252590873673672,False,False,,
667,2.9404028000000006,654767.0,1990.173252279635,1990.173252279635,2072.011239186195,1991.7299871330856,0.0403072969587945,-0.3304152312963229,False,False,,
668,2.9448112000000006,652561.0,1983.468085106383,1985.705167173252,2067.6404428391925,1991.7299871330856,0.0381128246280878,-0.3707517569544389,False,False,,
669,2.9492196000000006,647256.0,1967.343465045593,1983.468085106383,2065.5005843874533,1991.7299871330856,0.0370384528680786,-0.6284846485748883,False,False,,
670,2.9536280000000006,649602.0,1974.474164133739,1974.474164133739,2056.6038219293087,1991.7299871330856,0.0325716011785327,-0.6535895714292006,False,False,,
671,2.958036400000001,653297.0,1985.705167173252,1971.796352583587,2054.023103836617,1991.7299871330856,0.0312758843347016,-0.3631581961604766,False,False,,
672,2.9624448000000005,647440.0,1967.90273556231,1967.90273556231,2050.2265152593227,1991.7299871330856,0.029369707994625,-0.2425244591520523,False,False,,
673,2.9668532000000005,648721.0,1971.796352583587,1967.343465045593,2049.764208216644,1991.7299871330856,0.0291375946832498,-0.1130633167752561,False,False,,
674,2.9712616000000005,646458.0,1964.917933130699,1965.723404255319,2048.2410459739676,1991.7299871330856,0.028372851343281,-0.1270906977119485,False,False,,
675,2.9756700000000005,646723.0,1965.723404255319,1964.917933130699,2047.5324085139785,1991.7299871330856,0.0280170614196631,-0.0561327089476257,False,False,,
676,2.9800784000000005,644673.0,1959.4924012158056,1964.544072948328,2047.2553171567172,1991.7299871330856,0.0278779404750315,-0.2309572365135719,False,False,,
677,2.9844868000000004,646335.0,1964.544072948328,1960.6686930091184,2043.4766412465128,1991.7299871330856,0.0259807576567703,-0.2766593923248965,False,False,,
678,2.9888952000000004,642915.0,1954.148936170213,1959.4924012158056,2042.3969887294877,1991.7299871330856,0.0254386899447814,-0.3602674390835183,False,False,,
679,2.9933036000000004,645060.0,1960.6686930091184,1954.148936170213,2037.1500982508237,1991.7299871330856,0.0228043516998587,-0.5300724496351181,False,False,,
680,2.9977120000000004,639141.0,1942.677811550152,1949.990881458967,2033.0885534404763,1991.7299871330856,0.0207651471708385,-0.6289120793919956,False,False,,
681,3.0021204000000004,641547.0,1949.990881458967,1942.9118541033436,2026.1059713630225,1991.7299871330856,0.0172593596782754,-0.3985415947343993,False,False,,
682,3.0065288000000003,639181.0,1942.7993920972644,1942.7993920972644,2026.089890055654,1991.7299871330856,0.0172512856383843,-0.0023544464298104,False,False,,
683,3.0109372000000003,639218.0,1942.9118541033436,1942.677811550152,2026.0646256710356,1991.7299871330856,0.0172386009949931,-0.0445948470004124,False,False,,
684,3.0153456000000003,635074.0,1930.3161094224924,1941.823708206687,2025.3067739970616,1991.7299871330856,0.016858101791351,-0.6929834042784193,False,False,,
685,3.0197540000000003,638860.0,1941.823708206687,1930.3161094224924,2013.8953624325393,1991.7299871330856,0.0111287049161511,-0.6652969368463952,False,False,,
686,3.0241624000000003,634953.0,1929.948328267477,1929.948328267477,2013.6237040905328,1991.7299871330856,0.0109923117585638,-0.2518011406096614,False,False,,
687,3.0285708000000007,633281.0,1924.866261398176,1925.7021276595744,2009.473561932102,1991.7299871330856,0.0089086246196236,-0.2784637560872209,False,False,,
688,3.0329792000000007,633556.0,1925.7021276595744,1924.866261398176,2008.7336897997363,1991.7299871330856,0.0085371525138937,-0.0551897745992285,False,False,,
689,3.0373876000000006,631568.0,1919.659574468085,1924.5410334346504,2008.5043916878728,1991.7299871330856,0.0084220274149371,-0.2826324680699743,False,False,,
690,3.0417960000000006,628886.0,1911.5075987841944,1919.711246200608,2003.7704700711615,1991.7299871330856,0.0060452385694143,-0.2670620158853057,False,False,,
691,3.0462044000000006,633174.0,1924.5410334346504,1919.659574468085,2003.814599764651,1991.7299871330856,0.0060673950332795,-0.0266524777203265,False,False,,
692,3.050612800000001,630159.0,1915.376899696049,1919.051671732523,2003.3024343067632,1991.7299871330856,0.0058102490038498,-0.2329786300244012,False,False,,
693,3.0550212000000005,631585.0,1919.711246200608,1915.376899696049,1999.7233354425805,1991.7299871330856,0.0040132690480804,-0.4187075098099996,False,False,,
694,3.0594296000000005,631368.0,1919.051671732523,1911.5075987841944,1995.9496436405584,1991.7299871330856,0.002118588631357,-0.5442023583674699,False,False,,
695,3.0638380000000005,623144.0,1894.054711246201,1905.629179331307,1990.1667692779404,1991.7299871330856,-0.0007848543051738,-0.3816816278126697,False,False,,
696,3.0682464000000005,626952.0,1905.629179331307,1904.613981762918,1989.2470528231256,1991.7299871330856,-0.0012466219447417,-0.3595338675571536,False,False,,
697,3.0726548000000005,624691.0,1898.756838905775,1899.1246200607904,1983.853108300715,1991.7299871330856,-0.0039547925086517,-0.3226737684042822,False,False,,
698,3.0770632000000004,626618.0,1904.613981762918,1898.756838905775,1983.5806804343697,1991.7299871330856,-0.0040915720260085,-0.1625762311738843,False,False,,
699,3.0814716000000004,624812.0,1899.1246200607904,1896.079027355623,1980.9981583246215,1991.7299871330856,-0.0053881946236656,-0.2569155244788491,False,False,,
700,3.0858800000000004,623810.0,1896.079027355623,1894.054711246201,1979.0690678500896,1991.7299871330856,-0.0063567448222336,-0.262634636230634,False,False,,
701,3.0902884000000004,622230.0,1891.276595744681,1891.276595744681,1976.3861142206715,1991.7299871330856,-0.0077037916843838,-0.8140947921219233,False,False,,
702,3.0946968000000004,617609.0,1877.2310030395136,1879.568389057751,1964.7730056857492,1991.7299871330856,-0.0135344557854142,-0.7104233635521194,False,False,,
703,3.0991052000000003,614057.0,1866.434650455927,1878.61094224924,1963.9105933518192,1991.7299871330856,-0.0139674523961501,-0.1222834251574322,False,False,,
704,3.1035136000000003,618378.0,1879.568389057751,1877.2310030395136,1962.6256249818848,1991.7299871330856,-0.0146126042883422,-0.2593750059570243,False,False,,
705,3.1079220000000003,615128.0,1869.689969604863,1873.866261398176,1959.35579058816,1991.7299871330856,-0.016254309948672,-0.312346648567019,False,False,,
706,3.1123304000000003,616502.0,1873.866261398176,1871.5562310030396,1957.1406038910377,1991.7299871330856,-0.0173665022194279,-0.2270223465402723,False,False,,
707,3.1167388000000007,613416.0,1864.4863221884495,1869.689969604863,1955.3691226838305,1991.7299871330856,-0.0182559205736483,-0.2808594108705253,False,False,,
708,3.1211472000000007,615742.0,1871.5562310030396,1866.434650455927,1952.2085202613416,1991.7299871330856,-0.0198427834731912,-0.1889578204191941,False,False,,
709,3.1255556000000007,618063.0,1878.61094224924,1866.182370820669,1952.0508939305053,1991.7299871330856,-0.0199219238847203,-0.1001717782162314,False,False,,
710,3.1299640000000006,613231.0,1863.924012158055,1864.4863221884495,1950.4494352231495,1991.7299871330856,-0.020725978007368,-0.1178337949705929,False,False,,
711,3.1343724000000006,609458.0,1852.455927051672,1863.924012158055,1949.9816517804984,1991.7299871330856,-0.020960840888217,-0.2966391359837517,False,False,,
712,3.1387808000000006,611640.0,1859.0881458966564,1859.0881458966564,1945.2402488121345,1991.7299871330856,-0.0233413859415096,-0.4925800141447163,False,False,,
713,3.143189200000001,610184.0,1854.662613981763,1855.085106382979,1941.3316093391632,1991.7299871330856,-0.0253038203569281,-0.2412659332698874,False,False,,
714,3.147597600000001,607314.0,1845.939209726444,1854.662613981763,1941.00345376868,1991.7299871330856,-0.0254685794219635,-0.1389791368823059,False,False,,
715,3.1520060000000005,613974.0,1866.182370820669,1852.455927051672,1938.891040501673,1991.7299871330856,-0.026529171610992,-0.1149273354062048,False,False,,
716,3.1564144000000005,605972.0,1841.860182370821,1852.455927051672,1938.985251039405,1991.7299871330856,-0.0264818707527729,0.0107261187653784,False,False,,
717,3.1608228000000005,603945.0,1835.699088145897,1852.455927051672,1939.079398494054,1991.7299871330856,-0.0264346015670614,0.0107189365895887,False,False,,
718,3.1652312000000005,610323.0,1855.085106382979,1852.455927051672,1939.17348290786,1991.7299871330856,-0.0263873640326498,0.1363724003826916,False,False,,
719,3.1696396000000004,603804.0,1835.270516717325,1854.662613981763,1941.4741912531256,1991.7299871330856,-0.0252322333873673,0.136365227822,False,False,,
720,3.1740480000000004,605829.0,1841.4255319148936,1854.662613981763,1941.5681497118528,1991.7299871330856,-0.0251850590919888,0.0347564121841852,False,False,,
721,3.1784564000000004,608221.0,1848.696048632219,1855.085106382979,1942.0845376575037,1991.7299871330856,-0.0249257930524218,0.3262265491059235,False,False,,
722,3.1828648000000004,608309.0,1848.9635258358664,1860.203647416413,1947.2969113632084,1991.7299871330856,-0.0223087848538317,0.3021603976638589,False,False,,
723,3.1872732000000004,612007.0,1860.203647416413,1860.203647416413,1947.3906812054129,1991.7299871330856,-0.0222617052582991,0.7180795813566196,False,False,,
724,3.1916816000000003,616516.0,1873.9088145896656,1872.626139817629,1959.9068806608384,1991.7299871330856,-0.0159776208009267,0.7857491692697942,True,False,724.0,4.0
725,3.1960900000000003,616485.0,1873.8145896656536,1873.8145896656536,1961.18897481712,1991.7299871330856,-0.0153339119826812,0.0837040632954722,False,False,,
726,3.2004984000000003,616094.0,1872.626139817629,1873.9088145896656,1961.3767813454515,1991.7299871330856,-0.0152396188156632,0.7064613690423156,False,False,,
727,3.2049068000000003,622127.0,1890.9635258358664,1886.033434650456,1973.5949203486095,1991.7299871330856,-0.009105183384109,0.9818345104128932,False,False,,
728,3.2093152000000007,625262.0,1900.4924012158056,1890.9635258358664,1978.6184678563948,1991.7299871330856,-0.0065829803042548,0.6517518400635267,False,False,,
729,3.2137236000000007,620505.0,1886.033434650456,1897.29179331307,1985.0401290779105,1991.7299871330856,-0.0033588177606367,0.4490606784736952,False,False,,
730,3.2181320000000007,625380.0,1900.851063829787,1898.662613981763,1986.5042809547535,1991.7299871330856,-0.0026237021142879,0.1928858603344505,False,False,,
731,3.2225404000000006,624209.0,1897.29179331307,1900.4924012158056,1988.4273369026605,1991.7299871330856,-0.0016581817072399,0.135241013092482,False,False,,
732,3.2269488000000006,624660.0,1898.662613981763,1900.851063829787,1988.8792057780647,1991.7299871330856,-0.0014313091500541,0.358169034691843,False,False,,
733,3.2313572000000006,627270.0,1906.595744680851,1906.595744680851,1994.717030479928,1991.7299871330856,0.001499723037831,0.8441882105878833,False,False,,
734,3.235765600000001,631472.0,1919.367781155015,1915.4893617021276,2003.7037289831712,1991.7299871330856,0.006011729465057,0.7379061322216092,False,False,,
735,3.240174000000001,632437.0,1922.300911854103,1919.367781155015,2007.6751675909543,1991.7299871330856,0.0080056938244025,0.3984768359624083,False,False,,
736,3.2445824000000005,633187.0,1924.580547112462,1922.300911854103,2010.701255159601,1991.7299871330856,0.0095250200323703,0.3074263599702098,False,False,,
737,3.2489908000000005,630196.0,1915.4893617021276,1924.580547112462,2013.073785043887,1991.7299871330856,0.0107162105549878,0.5090647925846763,False,False,,
738,3.2533992000000005,635941.0,1932.951367781155,1931.054711246201,2019.6407816016,1991.7299871330856,0.0140133424956309,0.3797622576337898,False,False,,
739,3.2578076000000005,635317.0,1931.054711246201,1931.063829787234,2019.7426704063057,1991.7299871330856,0.0140644984280934,0.1185679800919288,False,False,,
740,3.2622160000000004,639304.0,1943.173252279635,1932.951367781155,2021.722916545218,1991.7299871330856,0.0150587326625054,0.4559060724823021,False,False,,
741,3.2666244000000004,637893.0,1938.884498480243,1938.884498480243,2027.748693312212,1991.7299871330856,0.0180841310879553,0.592637168087436,False,False,,
742,3.2710328000000004,635320.0,1931.063829787234,1943.173252279635,2032.130031143991,1991.7299871330856,0.0202838960460987,0.4915477161475059,False,False,,
743,3.2754412000000004,640672.0,1947.3313069908816,1947.3313069908816,2036.3806078936432,1991.7299871330856,0.0224180089916846,0.341994109811901,False,False,,
744,3.2798496000000004,641219.0,1948.9939209726444,1948.9939209726444,2038.135681961343,1991.7299871330856,0.0232991897134882,0.2480012049135349,False,False,,
745,3.2842580000000003,642044.0,1951.501519756839,1951.501519756839,2040.735678920488,1991.7299871330856,0.0246045860151663,0.3731355384960695,False,False,,
746,3.2886664000000003,643314.0,1955.3617021276596,1955.3617021276596,2044.688197596728,1991.7299871330856,0.0265890511293004,0.4243620341328444,False,False,,
747,3.2930748000000003,645384.0,1961.6534954407296,1958.7689969604864,2048.1877669068713,1991.7299871330856,0.0283461011977087,0.368794298128722,False,False,,
748,3.2974832000000007,644435.0,1958.7689969604864,1961.6534954407296,2051.164478077728,1991.7299871330856,0.0298406366970418,0.4629462012777487,False,False,,
749,3.3018916000000007,647049.0,1966.7142857142856,1966.7142857142856,2056.317419296566,1991.7299871330856,0.0324278052651345,0.5127880207942694,False,False,,
750,3.3063000000000007,648449.0,1970.9696048632215,1970.474164133739,2060.1693869573146,1991.7299871330856,0.0343617861187807,0.2528053991832992,False,False,,
751,3.3107084000000007,650048.0,1975.8297872340424,1970.9696048632215,2060.7568552654234,1991.7299871330856,0.0346567399086538,0.3154556130226136,False,False,,
752,3.3151168000000006,652211.0,1982.404255319149,1975.8297872340424,2065.709003593489,1991.7299871330856,0.0371430951676785,0.6616211624439252,False,False,,
753,3.3195252000000006,653576.0,1986.5531914893616,1982.404255319149,2072.375376055721,1991.7299871330856,0.0404901213736893,0.6124576471292569,False,False,,
754,3.3239336000000006,648286.0,1970.474164133739,1986.401215805471,2076.464179380284,1991.7299871330856,0.0425430117508877,0.246719325653518,False,False,,
755,3.328342000000001,653526.0,1986.401215805471,1986.5531914893616,2076.707936404736,1991.7299871330856,0.0426653963241113,0.0983773798012004,False,False,,
756,3.332750400000001,655138.0,1991.300911854103,1987.945288753799,2078.191753553234,1991.7299871330856,0.0434103854331189,0.1949525285009556,False,False,,
757,3.3371588000000005,654684.0,1989.920972644377,1989.793313069909,2080.131436338055,1991.7299871330856,0.0443842537773985,0.1229416426440019,False,False,,
758,3.3415672000000005,655566.0,1992.601823708207,1989.920972644377,2080.350693007009,1991.7299871330856,0.0444943373079825,0.0962793675073729,False,False,,
759,3.3459756000000005,654034.0,1987.945288753799,1991.300911854103,2081.822167978091,1991.7299871330856,0.0452331297048375,0.1630836896478324,False,False,,
760,3.3503840000000005,657009.0,1996.987841945289,1992.601823708207,2083.2145543014885,1991.7299871330856,0.0459322135828695,0.3342590448653446,False,False,,
761,3.3547924000000005,654642.0,1989.793313069909,1996.987841945289,2087.6919857568446,1991.7299871330856,0.0481802248516062,0.3077698700386237,False,False,,
762,3.3592008000000004,661715.0,2011.29179331307,1997.823708206687,2088.61920402651,1991.7299871330856,0.048645758973026,0.1509467290917179,False,False,,
763,3.3636092000000004,657284.0,1997.823708206687,1999.455927051672,2090.342713710741,1991.7299871330856,0.0495110919726621,0.6047719977858499,False,False,,
764,3.3680176000000004,657821.0,1999.455927051672,2008.261398176292,2099.239414546545,1991.7299871330856,0.0539779127231043,0.6843847281854112,False,False,,
765,3.3724260000000004,663120.0,2015.562310030395,2011.29179331307,2102.360978307376,1991.7299871330856,0.0555451752441272,0.3385513806408262,False,False,,
766,3.3768344000000003,660718.0,2008.261398176292,2014.0243161094224,2105.184608681554,1991.7299871330856,0.0569628525359383,0.2253460015531043,False,False,,
767,3.3812428000000003,662957.0,2015.066869300912,2015.066869300912,2106.3182084455175,1991.7299871330856,0.0575320058706206,0.0979475519470058,False,False,,
768,3.3856512000000007,663996.0,2018.224924012158,2015.562310030395,2106.9046347829735,1991.7299871330856,0.0578264365119447,0.1901955995973425,False,False,,
769,3.3900596000000007,666827.0,2026.8297872340424,2018.224924012158,2109.6581734490283,1991.7299871330856,0.0592089224331504,0.3710638285809828,False,False,,
770,3.3944680000000007,667936.0,2030.2006079027356,2021.8966565349544,2113.420769773231,1991.7299871330856,0.0610980320757775,0.2964567091074883,False,False,,
771,3.3988764000000007,665204.0,2021.8966565349544,2023.2492401215804,2114.864156319143,1991.7299871330856,0.0618227219460093,0.2332732889263589,False,False,,
772,3.4032848000000007,665649.0,2023.2492401215804,2025.811550151976,2117.5172085074464,1991.7299871330856,0.0631547560095834,0.2142268754437832,False,False,,
773,3.4076932000000006,662614.0,2014.0243161094224,2026.8297872340424,2118.626126986753,1991.7299871330856,0.063711517461422,0.2602609088499168,False,False,,
774,3.4121016000000006,669830.0,2035.957446808511,2030.2006079027356,2122.087568332705,1991.7299871330856,0.0654494243907313,0.2022700910521457,False,False,,
775,3.4165100000000006,671371.0,2040.6413373860184,2030.2006079027356,2122.17812833064,1991.7299871330856,0.0654948924002106,0.1522412468824097,False,False,,
776,3.4209184000000006,666492.0,2025.811550151976,2032.693009118541,2124.7610289056865,1991.7299871330856,0.0667917050162442,0.2545283360170822,False,False,,
777,3.425326800000001,668756.0,2032.693009118541,2034.4893617021276,2126.647820250425,1991.7299871330856,0.067739017833206,0.1569007733841161,False,False,,
778,3.4297352000000005,670779.0,2038.8419452887535,2035.267477203647,2127.516313955583,1991.7299871330856,0.0681750677550172,0.0938904718886597,False,False,,
779,3.4341436000000005,670338.0,2037.501519756839,2035.957446808511,2128.2966012471206,1991.7299871330856,0.0685668313457539,0.1375013250847176,False,False,,
780,3.4385520000000005,669347.0,2034.4893617021276,2037.501519756839,2129.93093140568,1991.7299871330856,0.0693873894380242,0.1432062870073478,False,False,,
781,3.4429604000000005,672147.0,2043.0,2038.29179331307,2130.8114017361954,1991.7299871330856,0.0698294525370403,0.0866001918083352,False,False,,
782,3.4473688000000005,667874.0,2030.012158054711,2038.8419452887535,2131.451690090684,1991.7299871330856,0.0701509260091599,0.0415908821500901,False,False,,
783,3.4517772000000004,670598.0,2038.29179331307,2038.8419452887535,2131.541766114449,1991.7299871330856,0.0701961510267812,0.2470374280027041,False,False,,
784,3.4561856000000004,669603.0,2035.267477203647,2043.0,2135.789836534834,1991.7299871330856,0.0723290056043741,0.4877935801047126,False,False,,
785,3.4605940000000004,674959.0,2051.547112462006,2047.227963525836,2140.107755495571,1991.7299871330856,0.0744969294638484,0.3031036542005783,False,False,,
786,3.4650024000000004,675669.0,2053.7051671732524,2048.1428571428573,2141.112544313613,1991.7299871330856,0.0750014099027298,0.1919754029918667,False,False,,
787,3.4694108000000003,676101.0,2055.0182370820667,2050.419452887538,2143.478975065767,1991.7299871330856,0.0761895381969471,0.2040845895786507,False,False,,
788,3.4738192000000003,676069.0,2054.920972644377,2051.547112462006,2144.696409494467,1991.7299871330856,0.0768007829121268,0.1973273759520637,False,False,,
789,3.4782276000000008,673538.0,2047.227963525836,2053.7051671732524,2146.944178946981,1991.7299871330856,0.0779293342052414,0.2023400341273316,False,False,,
790,3.4826360000000007,674588.0,2050.419452887538,2054.920972644377,2148.249639086662,1991.7299871330856,0.0785847745250208,0.0849806950948188,False,False,,
791,3.4870444000000007,673839.0,2048.1428571428573,2055.0182370820667,2148.4364981604203,1991.7299871330856,0.0786785919977534,0.041009944459768,False,False,,
792,3.4914528000000007,679226.0,2064.516717325228,2055.4620060790276,2148.9698018011595,1991.7299871330856,0.0789463510033337,0.3231337547993664,False,False,,
793,3.4958612000000007,676247.0,2055.4620060790276,2060.51367781155,2154.110948225342,1991.7299871330856,0.0815275976870684,0.5258109660040748,False,False,,
794,3.5002696000000006,680033.0,2066.969604863222,2064.516717325228,2158.203402518704,1991.7299871330856,0.0835823211283984,0.2390001746169616,False,False,,
795,3.5046780000000006,679231.0,2064.531914893617,2064.531914893617,2158.307954994918,1991.7299871330856,0.0836348144266312,0.011038723877597,False,False,,
796,3.5090864000000006,677909.0,2060.51367781155,2064.531914893617,2158.3972500709747,1991.7299871330856,0.0836796473490824,0.1451737808792401,False,False,,
797,3.5134948000000006,682504.0,2074.480243161094,2066.90273556231,2160.857306024019,1991.7299871330856,0.0849147826178873,0.1451669734355078,False,False,,
798,3.517903200000001,681365.0,2071.0182370820667,2066.90273556231,2160.946481556701,1991.7299871330856,0.0849595555204685,0.0101528701304349,False,False,,
799,3.5223116000000005,680011.0,2066.90273556231,2066.90273556231,2161.0355973777237,1991.7299871330856,0.0850042984432533,0.0139539700170931,False,False,,
800,3.5267200000000005,680676.0,2068.9240121580547,2066.969604863222,2161.191522827981,1991.7299871330856,0.0850825848833153,0.1252416559438263,False,False,,
801,3.5311284000000005,681129.0,2070.3009118541036,2068.9240121580547,2163.234926640439,1991.7299871330856,0.0861085290753789,0.1998350545107339,False,False,,
802,3.5355368000000005,683181.0,2076.5379939209724,2070.3009118541036,2164.700763262321,1991.7299871330856,0.0868444905919255,0.1293821528138661,False,False,,
803,3.5399452000000005,678268.0,2061.6048632218844,2071.0182370820667,2165.506965864228,1991.7299871330856,0.0872492656403081,0.050967286660958,False,False,,
804,3.5443536000000004,684349.0,2080.0881458966564,2071.0182370820667,2165.5957837261585,1991.7299871330856,0.0872938589649578,0.010112148369858,False,False,,
805,3.5487620000000004,678390.0,2061.9756838905773,2071.0182370820667,2165.684542115924,1991.7299871330856,0.0873384224300555,0.0101053773067469,False,False,,
806,3.5531704000000004,678687.0,2062.8784194528876,2071.0182370820667,2165.773241073349,1991.7299871330856,0.0873829560555959,0.0623706681194562,False,False,,
807,3.5575788000000004,684918.0,2081.817629179331,2071.936170212766,2166.7798137689256,1991.7299871330856,0.0878883321367311,0.089711538770123,False,False,,
808,3.5619872000000004,681667.0,2071.936170212766,2072.41641337386,2167.3486371421204,1991.7299871330856,0.0881739247506244,0.0528374031080502,False,False,,
809,3.5663956000000008,683684.0,2078.066869300912,2072.6869300911853,2167.7076747585115,1991.7299871330856,0.0883541889524542,0.0100783383627227,False,False,,
810,3.5708040000000008,683116.0,2076.340425531915,2072.41641337386,2167.5256196669334,1991.7299871330856,0.0882627834443009,0.0100715899386774,False,False,,
811,3.5752124000000007,680290.0,2067.7507598784196,2072.6869300911853,2167.884538776376,1991.7299871330856,0.0884429881466255,0.0100648460333374,False,False,,
812,3.5796208000000007,681365.0,2071.0182370820667,2072.41641337386,2167.7023652572007,1991.7299871330856,0.0883515231788076,0.0100581066437008,False,False,,
813,3.5840292000000007,685356.0,2083.148936170213,2072.6869300911853,2168.061166018345,1991.7299871330856,0.0885316684612817,0.0254560509171781,False,False,,
814,3.5884376000000007,681825.0,2072.41641337386,2072.6869300911853,2168.1493909474425,1991.7299871330856,0.0885759640885342,0.0100446413994621,False,False,,
815,3.5928460000000007,682541.0,2074.5927051671733,2072.6869300911853,2168.237556801402,1991.7299871330856,0.0886202300555725,0.1185630147222163,False,True,724.0,4.0
816,3.5972544000000006,681914.0,2072.6869300911853,2074.5927051671733,2170.2314386957673,1991.7299871330856,0.089621310476737,0.1185562933651454,False,False,,
817,3.6016628000000006,677778.0,2060.115501519757,2074.5927051671733,2170.319486518093,1991.7299871330856,0.0896655171829143,-0.0985006218581379,False,False,,
818,3.6060712000000006,683181.0,2076.5379939209724,2072.6869300911853,2168.501700307883,1991.7299871330856,0.0887528501939382,0.0100177649664079,False,False,,
819,3.610479600000001,681744.0,2072.1702127659573,2074.5927051671733,2170.495405332577,1991.7299871330856,0.0897538418130701,0.1675195742582538,False,False,,
820,3.614888000000001,682824.0,2075.452887537994,2075.452887537994,2171.443458774483,1991.7299871330856,0.0902298367762583,0.0589877717021227,False,False,,
821,3.619296400000001,681764.0,2072.231003039514,2075.452887537994,2171.531271007373,1991.7299871330856,0.0902739251986134,0.0099976548452112,False,False,,
822,3.623704800000001,683268.0,2076.802431610942,2075.452887537994,2171.6190244414643,1991.7299871330856,0.0903179840994976,0.0099909604465864,False,False,,
823,3.628113200000001,682851.0,2075.5349544072947,2075.452887537994,2171.706719116129,1991.7299871330856,0.0903620134986789,0.0099842705305199,False,False,,
824,3.632521600000001,684947.0,2081.905775075988,2075.452887537994,2171.794355070712,1991.7299871330856,0.0904060134159111,0.0146509147238873,False,False,,
825,3.63693,681393.0,2071.103343465046,2075.5349544072947,2171.9639992138327,1991.7299871330856,0.0904911876836164,0.0146442337639491,False,False,,
826,3.6413384,685389.0,2083.2492401215804,2075.5349544072947,2172.051517846183,1991.7299871330856,0.0905351286961611,0.0099642276475968,False,False,,
827,3.6457468,683373.0,2077.1215805471124,2075.5349544072947,2172.138977876328,1991.7299871330856,0.0905790402859398,0.0099575556317184,False,False,,
828,3.6501552,685850.0,2084.6504559270516,2075.5349544072947,2172.226379343509,1991.7299871330856,0.0906229224726548,0.0099508880834289,False,False,,
829,3.6545636,681660.0,2071.9148936170213,2075.5349544072947,2172.313722286939,1991.7299871330856,0.0906667752759937,-0.1105238276823925,False,False,,
830,3.658972000000001,682155.0,2073.419452887538,2073.419452887538,2170.285505226049,1991.7299871330856,0.0896484559887445,-0.1962081961861805,False,False,,
831,3.6633804000000008,681017.0,2069.9604863221884,2071.9148936170213,2168.8681719689966,1991.7299871330856,0.0889368468518593,-0.1124410895765919,False,False,,
832,3.6677888000000007,684565.0,2080.744680851064,2071.2705167173253,2168.310962676497,1991.7299871330856,0.0886570853901656,-0.0267700294029289,False,False,,
833,3.6721972000000007,685506.0,2083.6048632218844,2071.2705167173253,2168.3980719165347,1991.7299871330856,0.0887008208566196,-0.0646825705452993,False,False,,
834,3.6766056000000007,678238.0,2061.51367781155,2069.9604863221884,2167.175092433359,1991.7299871330856,0.0880867921021819,-0.0646892113510055,False,False,,
835,3.6810140000000007,679021.0,2063.8936170212764,2069.9604863221884,2167.2620850563,1991.7299871330856,0.08813046901798,-0.001692440847572,False,False,,
836,3.6854224000000007,677777.0,2060.112462006079,2069.756838905775,2167.1453720128375,1991.7299871330856,0.088071870189717,-0.0648755659079416,False,False,,
837,3.6898308000000006,680950.0,2069.756838905775,2068.647416413374,2166.1228256824015,1991.7299871330856,0.0875584741284829,-0.3239923584186179,False,False,,
838,3.6942392000000006,681448.0,2071.2705167173253,2063.8936170212764,2161.455844280261,1991.7299871330856,0.0852152943640117,-0.3570584614300554,False,False,,
839,3.6986476000000006,676806.0,2057.161094224924,2062.2036474164133,2159.8526345322985,1991.7299871330856,0.0844103610857464,-0.1102440410599605,False,False,,
840,3.703056000000001,678465.0,2062.2036474164133,2061.7841945288756,2159.519883407531,1991.7299871330856,0.0842432947027943,-0.029419361261155,False,False,,
841,3.707464400000001,677323.0,2058.7325227963524,2061.51367781155,2159.3360103977448,1991.7299871330856,0.084150976461379,-0.0853328402790136,False,False,,
842,3.711872800000001,681249.0,2070.665653495441,2060.112462006079,2158.021380283455,1991.7299871330856,0.0834909321166223,-0.118572011851791,False,False,,
843,3.716281200000001,678327.0,2061.7841945288756,2059.258358662614,2157.253804653662,1991.7299871330856,0.0831055507472842,-0.068729763358851,False,False,,
844,3.720689600000001,680585.0,2068.647416413374,2058.7325227963524,2156.814438562384,1991.7299871330856,0.0828849555390399,-0.1095847225227117,False,False,,
845,3.725098000000001,677496.0,2059.258358662614,2057.161094224924,2155.3294218660467,1991.7299871330856,0.0821393641657459,-0.2863124091020808,False,False,,
846,3.7295064,675411.0,2052.920972644377,2053.531914893617,2151.786596548708,1991.7299871330856,0.0803605962904687,-0.2316237314457314,False,False,,
847,3.7339148,673503.0,2047.1215805471124,2052.920972644377,2151.2619504910563,1991.7299871330856,0.0800971840503352,-0.0865840098667547,False,False,,
848,3.7383232,673286.0,2046.462006079027,2051.838905775076,2150.2661220296823,1991.7299871330856,0.0795972023922755,-0.3204301564673546,False,False,,
849,3.7427316,670138.0,2036.893617021277,2047.1215805471124,2145.634977464676,1991.7299871330856,0.0772720154467938,-0.2963777376049705,False,False,,
850,3.747140000000001,675055.0,2051.838905775076,2046.462006079027,2145.0615259532433,1991.7299871330856,0.0769840991553601,-0.0954311335341717,False,False,,
851,3.751548400000001,675612.0,2053.531914893617,2045.273556231003,2143.959141394208,1991.7299871330856,0.0764306182286497,-0.2785629861295451,False,False,,
852,3.7559568000000008,672895.0,2045.273556231003,2041.398176291793,2140.169769114937,1991.7299871330856,0.0745280650192532,-0.4674066816540705,False,False,,
853,3.7603652000000007,671620.0,2041.398176291793,2036.893617021277,2135.751159913897,1991.7299871330856,0.0723095869978421,-0.3258286593224024,False,False,,
854,3.7647736000000007,668808.0,2032.851063829787,2035.504559270517,2134.447994680714,1991.7299871330856,0.0716552988957394,-0.22042566566149,False,False,,
855,3.7691820000000007,668619.0,2032.276595744681,2032.851063829787,2131.880334244199,1991.7299871330856,0.0703661379888379,-0.1740450899759986,False,False,,
856,3.7735904000000007,669681.0,2035.504559270517,2032.276595744681,2131.3916436884547,1991.7299871330856,0.070120778146439,-0.2148999963308835,False,False,,
857,3.7779988000000007,665973.0,2024.2340425531916,2028.905775075988,2128.1065431127568,1991.7299871330856,0.0684714077011878,-0.3236047210791248,False,False,,
858,3.7824072000000006,667510.0,2028.905775075988,2026.422492401216,2125.708923133072,1991.7299871330856,0.0672676200416286,-0.2562806920554763,False,False,,
859,3.7868156000000006,666693.0,2026.422492401216,2024.2340425531916,2123.6060786206604,1991.7299871330856,0.0662118320954731,-0.431969799411326,False,False,,
860,3.7912240000000006,660161.0,2006.568389057751,2018.665653495441,2118.1232375774553,1991.7299871330856,0.0634590287141789,-0.5020762700148884,False,False,,
861,3.795632400000001,664141.0,2018.665653495441,2015.246200607903,2114.789275421779,1991.7299871330856,0.0617851260380058,-0.4345791415901683,False,False,,
862,3.800040800000001,660185.0,2006.6413373860184,2010.8632218844984,2110.4917301859077,1991.7299871330856,0.0596274313386067,-0.3779864446016665,False,False,,
863,3.804449200000001,663016.0,2015.246200607903,2008.437689969605,2108.151574552549,1991.7299871330856,0.0584524951532419,-0.2068106241750165,False,False,,
864,3.808857600000001,660323.0,2007.060790273556,2007.060790273556,2106.8599939703427,1991.7299871330856,0.0578040234273804,-0.0925801863590791,False,False,,
865,3.813266000000001,660776.0,2008.437689969605,2006.6413373860184,2106.5258030672335,1991.7299871330856,0.0576362341661512,-0.0183326754630783,False,False,,
866,3.817674400000001,657386.0,1998.133738601824,2006.568389057751,2106.5380596322348,1991.7299871330856,0.0576423878943575,-0.0829003588483079,False,False,,
867,3.8220828,661574.0,2010.8632218844984,2005.015197568389,2105.0700159832104,1991.7299871330856,0.0569053182822574,-0.4249253488716418,False,False,,
868,3.8264912,659650.0,2005.015197568389,1998.936170212766,2099.0760794531952,1991.7299871330856,0.0538959060784261,-0.3821795283497682,False,False,,
869,3.8308996,657650.0,1998.936170212766,1998.133738601824,2098.3586816913084,1991.7299871330856,0.0535357178167032,-0.1005746335082777,False,False,,
870,3.835308,657013.0,1997.0,1997.0,2097.309920000139,1991.7299871330856,0.0530091596497103,-0.5705103733253427,False,False,,
871,3.839716400000001,653244.0,1985.544072948328,1987.945288753799,2088.3401287643173,1991.7299871330856,0.0485056419571677,-0.6426938314118082,False,False,,
872,3.844124800000001,649917.0,1975.431610942249,1985.544072948328,2086.02377610705,1991.7299871330856,0.0473426566769181,-0.2845847866437765,False,False,,
873,3.8485332000000008,654034.0,1987.945288753799,1982.77811550152,2083.342624984345,1991.7299871330856,0.0459965148102868,-0.359537616578935,False,False,,
874,3.8529416000000007,651111.0,1979.060790273556,1979.060790273556,2079.7100492944337,1991.7299871330856,0.0441726854190649,-0.2875401882638577,False,False,,
875,3.8573500000000007,652334.0,1982.77811550152,1977.559270516717,2078.29322232762,1991.7299871330856,0.0434613304784021,-0.1970225233826417,False,False,,
876,3.8617584000000007,650617.0,1977.559270516717,1975.431610942249,2076.250198833148,1991.7299871330856,0.0424355772349048,-0.3765194550143542,False,False,,
877,3.8661668000000007,647774.0,1968.917933130699,1970.77811550152,2071.6812828003585,1991.7299871330856,0.0401416337474315,-0.3612943144098874,False,False,,
878,3.8705752000000007,647370.0,1967.689969604863,1968.917933130699,2069.905623203369,1991.7299871330856,0.0392501175236158,-0.1662325218749023,False,False,,
879,3.8749836000000006,648386.0,1970.77811550152,1967.689969604863,2068.762125855177,1991.7299871330856,0.0386759948485649,-0.7388083883053902,False,False,,
880,3.8793920000000006,643086.0,1954.6686930091184,1955.775075987842,2056.931641857511,1991.7299871330856,0.0327361917256048,-0.7318913763126709,False,False,,
881,3.8838004000000006,640772.0,1947.635258358663,1954.6686930091184,2055.9096119777223,1991.7299871330856,0.0322230549618914,-0.1851182446125086,False,False,,
882,3.888208800000001,642325.0,1952.355623100304,1952.355623100304,2053.680838685271,1991.7299871330856,0.0311040411865053,-0.3909242653012761,False,False,,
883,3.892617200000001,643450.0,1955.775075987842,1947.635258358663,2049.0447141152395,1991.7299871330856,0.0287763538995831,-0.3293119750838409,False,False,,
884,3.897025600000001,640367.0,1946.404255319149,1946.404255319149,2047.8978948403785,1991.7299871330856,0.0282005633645861,-0.4075533968953131,False,False,,
885,3.901434000000001,637591.0,1937.966565349544,1940.310030395137,2041.8877973118324,1991.7299871330856,0.0251830371098365,-0.425733874348146,False,False,,
886,3.905842400000001,638362.0,1940.310030395137,1938.759878419453,2040.4217164001716,1991.7299871330856,0.0244469529412334,-0.123877810996261,False,False,,
887,3.910250800000001,637852.0,1938.759878419453,1937.966565349544,2039.712418100563,1991.7299871330856,0.0240908312258447,-0.2947203811009884,False,False,,
888,3.9146592,636094.0,1933.41641337386,1933.41641337386,2035.2462246391497,1991.7299871330856,0.0218484622851422,-0.3733079582941125,False,False,,
889,3.9190676,633499.0,1925.528875379939,1931.243161094225,2033.1568746554249,1991.7299871330856,0.0207994496191572,-0.4396064051347133,False,False,,
890,3.923476,635379.0,1931.243161094225,1925.528875379939,2027.526435056333,1991.7299871330856,0.0179725405323505,-0.4683451243675998,False,False,,
891,3.927884400000001,632608.0,1922.820668693009,1922.851063829787,2024.9324134782769,1991.7299871330856,0.0166701443266329,-0.1446801679659313,False,False,,
892,3.932292800000001,632618.0,1922.851063829787,1922.820668693009,2024.9857522080897,1991.7299871330856,0.0166969244274282,-0.1600912348764578,False,False,,
893,3.936701200000001,629381.0,1913.012158054711,1919.872340425532,2022.121101739266,1991.7299871330856,0.0152586519269741,-0.2549489012181627,False,False,,
894,3.9411096000000008,631638.0,1919.872340425532,1918.176291793313,2020.5086748753072,1991.7299871330856,0.014449090955168,-0.3811351804341507,False,False,,
895,3.9455180000000007,627447.0,1907.133738601824,1913.012158054711,2015.428106912089,1991.7299871330856,0.0118982592681223,-0.3222922192908157,False,False,,
896,3.9499264000000007,628820.0,1911.306990881459,1912.349544072948,2014.849002750326,1991.7299871330856,0.0116075049161247,-0.0875935907681946,False,False,,
897,3.9543348000000007,631080.0,1918.176291793313,1911.306990881459,2013.889903460921,1991.7299871330856,0.0111259640970373,-0.2875146135612352,False,False,,
898,3.9587432000000007,627188.0,1906.3465045592704,1907.133738601824,2009.8000492028968,1991.7299871330856,0.009072546071278,-0.2729817279633981,False,False,,
899,3.9631516000000007,626562.0,1904.4437689969604,1906.3465045592704,2009.0961573388977,1991.7299871330856,0.0087191387979296,-0.1436926327488366,False,False,,
900,3.9675600000000006,629163.0,1912.349544072948,1904.4437689969604,2007.2767081494785,1991.7299871330856,0.0078056368668581,-0.3541719059996335,False,False,,
901,3.9719684000000006,622537.0,1892.209726443769,1899.9604863221884,2002.8766560793008,1991.7299871330856,0.0055964759371121,-0.5836906660808949,False,False,,
902,3.9763768000000006,619232.0,1882.1641337386015,1894.0273556231,1997.0267002538524,1991.7299871330856,0.0026593530021561,-0.3323757288778247,False,False,,
903,3.9807852000000006,623135.0,1894.0273556231,1893.957446808511,1997.039910619266,1991.7299871330856,0.0026659856107421,-0.0940422586202987,False,False,,
904,3.985193600000001,619929.0,1884.2826747720364,1892.209726443769,1995.3752537781827,1991.7299871330856,0.0018302012163526,-0.2868667140466295,False,False,,
905,3.989602000000001,621400.0,1888.753799392097,1888.753799392097,1992.0023346310925,1991.7299871330856,0.0001367391663358,-0.4419583556255356,False,False,,
906,3.994010400000001,625087.0,1899.9604863221884,1884.2826747720364,1987.6141623337776,1991.7299871330856,-0.0020664572135265,-0.2536468083073415,False,False,,
907,3.998418800000001,618285.0,1879.2857142857144,1884.133738601824,1987.5481229416932,1991.7299871330856,-0.0020996140131483,-0.1112031216379692,False,False,,
908,4.0028272000000005,623112.0,1893.957446808511,1882.1641337386015,1985.6613593491747,1991.7299871330856,-0.0030469128963841,-0.2666409230701431,False,False,,
909,4.0072356000000005,619880.0,1884.133738601824,1879.2857142857144,1982.8657256967333,1991.7299871330856,-0.0044505337036731,-0.4175784769233704,False,False,,
910,4.011644,614419.0,1867.534954407295,1874.665653495441,1978.3283952737909,1991.7299871330856,-0.0067286188117221,-0.5972483494575967,False,False,,
911,4.0160524,613962.0,1866.145896656535,1868.632218844985,1972.3776355946695,1991.7299871330856,-0.0097163529511708,-0.3791659403758903,False,False,,
912,4.0204608,616765.0,1874.665653495441,1867.8419452887535,1971.669981650869,1991.7299871330856,-0.0100716490748282,-0.053077686735405,False,False,,
913,4.0248692,614780.0,1868.632218844985,1867.534954407295,1971.4455550600048,1991.7299871330856,-0.0101843282995795,-0.0871819829427309,False,False,,
914,4.0292776,612608.0,1862.0303951367785,1866.145896656535,1970.139006315047,1991.7299871330856,-0.0108403151820377,-0.3040653893467386,False,False,,
915,4.033686,611562.0,1858.851063829787,1862.0303951367785,1966.105958553319,1991.7299871330856,-0.0128652120243719,-0.4060194998968687,False,False,,
916,4.0380944,614520.0,1867.8419452887535,1858.851063829787,1963.0090257935765,1991.7299871330856,-0.0144201079087284,-0.3028663613670144,False,False,,
917,4.0425028,610742.0,1856.3586626139816,1856.547112462006,1960.787417799232,1991.7299871330856,-0.0155355241592725,-0.1325557409834938,False,False,,
918,4.0469112,610355.0,1855.182370820669,1856.3586626139816,1960.6812561877775,1991.7299871330856,-0.0155888253658316,-0.0683470076209626,False,False,,
919,4.0513196,605997.0,1841.936170212766,1855.182370820669,1959.587197531087,1991.7299871330856,-0.016138126056065,-0.3580997179499612,False,False,,
920,4.055728,606447.0,1843.303951367781,1849.905775075988,1954.392779859976,1991.7299871330856,-0.0187461189590528,-0.6670650014457717,False,False,,
921,4.0601364,610804.0,1856.547112462006,1843.303951367781,1947.8730791991563,1991.7299871330856,-0.0220195047608121,-0.4444823069124499,False,False,,
922,4.064544800000001,608619.0,1849.905775075988,1841.936170212766,1946.5873661021908,1991.7299871330856,-0.0226650305626384,-0.3797542979054982,False,False,,
923,4.068953200000001,600506.0,1825.246200607903,1836.471124620061,1941.2043336150189,1991.7299871330856,-0.0253677224545852,-0.4015694260010307,False,False,,
924,4.073361600000001,601638.0,1828.686930091185,1834.720364741641,1939.5355319264115,1991.7299871330856,-0.0262055878778042,-0.1417731681346188,False,False,,
925,4.077770000000001,603623.0,1834.720364741641,1833.817629179331,1938.7146996749648,1991.7299871330856,-0.0266177081233945,-0.3342513624872398,False,False,,
926,4.082178400000001,600882.0,1826.38905775076,1828.686930091185,1933.6658490554792,1991.7299871330856,-0.0291526152905817,-0.4137042101254131,False,False,,
927,4.086586800000001,604199.0,1836.471124620061,1826.38905775076,1931.4497703782345,1991.7299871330856,-0.0302652554032282,-0.1866212471171771,False,False,,
928,4.090995200000001,603326.0,1833.817629179331,1825.246200607903,1930.388652129775,1991.7299871330856,-0.0307980175021644,-0.1554719518218079,False,False,,
929,4.095403600000001,599930.0,1823.495440729483,1823.495440729483,1928.7195764136436,1991.7299871330856,-0.0316360205080507,-0.222116402014032,False,False,,
930,4.099812000000001,598298.0,1818.534954407295,1821.182370820669,1926.488135971656,1991.7299871330856,-0.0327563733954418,-0.2731830826007044,False,False,,
931,4.104220400000001,598234.0,1818.340425531915,1818.534954407295,1923.9222943662712,1991.7299871330856,-0.0340446211107246,-0.1525481666891579,False,False,,
932,4.108628800000001,599169.0,1821.182370820669,1818.340425531915,1923.8092856766427,1991.7299871330856,-0.0341013600715067,-0.294312051015885,False,False,,
933,4.113037200000001,595998.0,1811.544072948328,1813.203647416413,1918.7539731612296,1991.7299871330856,-0.0366395116021215,-0.3145693608008515,False,False,,
934,4.117445600000001,593215.0,1803.085106382979,1812.6534954407296,1918.2852322365216,1991.7299871330856,-0.0368748552118156,-0.0220597537857933,False,False,,
935,4.121854000000001,593370.0,1803.5562310030396,1812.6534954407296,1918.3665887749105,1991.7299871330856,-0.0368340080393,0.0092626569607379,False,False,,
936,4.126262400000001,595236.0,1809.227963525836,1812.6534954407296,1918.447890837214,1991.7299871330856,-0.0367931882179242,0.009256454714408,False,False,,
937,4.130670800000001,594904.0,1808.2188449848024,1812.6534954407296,1918.5291384599093,1991.7299871330856,-0.036752395729374,0.0092502566210992,False,False,,
938,4.135079200000001,591111.0,1796.689969604863,1812.6534954407296,1918.610331679449,1991.7299871330856,-0.0367116305553473,0.0092440626780136,False,False,,
939,4.139487600000001,596363.0,1812.6534954407296,1812.6534954407296,1918.691470532261,1991.7299871330856,-0.0366708926775545,0.0092378728823669,False,False,,
940,4.143896000000001,596544.0,1813.203647416413,1812.6534954407296,1918.7725550547495,1991.7299871330856,-0.0366301820777181,0.0405603043800271,False,False,,
941,4.148304400000001,595365.0,1809.6200607902736,1813.203647416413,1919.4037372589771,1991.7299871330856,-0.0363132805858967,0.2723166552578724,False,False,,
942,4.152712800000001,597883.0,1817.273556231003,1817.273556231003,1923.554622044522,1991.7299871330856,-0.0342292205916405,0.6603699234528837,False,False,,
943,4.157121200000001,600681.0,1825.77811550152,1824.6382978723404,1931.0002854355555,1991.7299871330856,-0.0304909310447973,0.4935085738032856,False,False,,
944,4.161529600000001,600306.0,1824.6382978723404,1825.77811550152,1932.220970629479,1991.7299871330856,-0.0298780541981317,0.4893483339211046,False,False,,
945,4.165938000000001,603080.0,1833.0699088145896,1833.0699088145896,1939.593577358623,1991.7299871330856,-0.0261764446542818,0.9739837602016186,False,False,,
946,4.170346400000001,606255.0,1842.720364741641,1842.720364741641,1949.3247925893363,1991.7299871330856,-0.0212906341811861,0.7295797683444936,False,False,,
947,4.1747548000000005,608260.0,1848.8145896656536,1845.720364741641,1952.4054978168192,1991.7299871330856,-0.0197438857527421,0.3562265000836948,True,False,947.0,5.0
948,4.1791632000000005,607242.0,1845.720364741641,1848.8145896656536,1955.5803739283451,1991.7299871330856,-0.0181498563752482,0.915808299101164,False,False,,
949,4.1835716000000005,612480.0,1861.6413373860184,1861.6413373860184,1968.4877188324383,1991.7299871330856,-0.011669387141227,0.9421112655811004,False,False,,
950,4.1879800000000005,614377.0,1867.407294832827,1865.1975683890576,1972.1244930515832,1991.7299871330856,-0.0098434497688728,0.3375147361404101,False,False,,
951,4.1923884000000005,613650.0,1865.1975683890576,1867.407294832827,1974.41470877997,1991.7299871330856,-0.0086935872156242,0.582252599479139,False,False,,
952,4.1967968,616961.0,1875.261398176292,1875.261398176292,1982.3492475126784,1991.7299871330856,-0.0047098450497851,1.022058707407395,False,False,,
953,4.2012052,623386.0,1894.790273556231,1885.19452887538,1992.3627597417224,1991.7299871330856,0.0003176999958452,0.8545050538388731,False,False,,
954,4.2056136,620229.0,1885.19452887538,1890.106382978723,1997.3549415517996,1991.7299871330856,0.0028241551089013,0.4041284186256191,False,False,,
955,4.210022,622511.0,1892.130699088146,1892.130699088146,1999.459531580773,1991.7299871330856,0.0038808194371835,0.1566089107101213,False,False,,
956,4.2144304,621845.0,1890.106382978723,1892.696048632219,2000.1051012932296,1991.7299871330856,0.0042049445528503,0.1605837754971893,False,False,,
957,4.2188388,623768.0,1895.951367781155,1894.790273556231,2002.2794926704496,1991.7299871330856,0.0052966544689871,0.1945025712699558,False,False,,
958,4.2232472,622697.0,1892.696048632219,1895.951367781155,2003.5206996693744,1991.7299871330856,0.0059198348232233,0.268231216133225,False,False,,
959,4.2276556,624883.0,1899.340425531915,1899.340425531915,2006.9898165508696,1991.7299871330856,0.0076615954553905,0.8098120869273308,False,False,,
960,4.232064,628394.0,1910.012158054711,1910.012158054711,2017.7415545970564,1991.7299871330856,0.0130597860312441,0.9072535606871016,False,False,,
961,4.2364724,631292.0,1918.820668693009,1915.112462006079,2022.921810500365,1991.7299871330856,0.0156606686492565,0.4843976730705195,False,False,,
962,4.2408808,631140.0,1918.3586626139816,1918.3586626139816,2026.2479095246297,1991.7299871330856,0.0173306234351722,0.2202619106722667,False,False,,
963,4.245289200000001,630072.0,1915.112462006079,1918.820668693009,2026.7897605202877,1991.7299871330856,0.0176026738632717,0.4019964163051071,False,False,,
964,4.249697600000001,633410.0,1925.258358662614,1925.258358662614,2033.3072419426153,1991.7299871330856,0.0208749454384509,0.4573779397263597,False,False,,
965,4.254106000000001,633882.0,1926.693009118541,1926.693009118541,2034.821630423156,1991.7299871330856,0.021635283682251,0.188915032499088,False,False,,
966,4.258514400000001,634913.0,1929.826747720365,1928.41641337386,2036.6247193107556,1991.7299871330856,0.0225405714969888,0.1875242633800535,False,False,,
967,4.262922800000001,636608.0,1934.978723404255,1929.826747720365,2038.1146849329584,1991.7299871330856,0.0232886476076203,0.3827595153527356,False,False,,
968,4.267331200000001,639811.0,1944.7142857142856,1934.978723404255,2043.346238571692,1991.7299871330856,0.0259152855919508,0.5582629351779218,False,False,,
969,4.271739600000001,634449.0,1928.41641337386,1939.471124620061,2047.9181644571895,1991.7299871330856,0.0282107402544969,0.5634494570002699,False,False,,
970,4.276148000000001,639897.0,1944.9756838905776,1944.7142857142856,2053.240796971635,1991.7299871330856,0.0308831067644307,0.3225072890429903,False,False,,
971,4.280556400000001,644774.0,1959.7993920972644,1944.9756838905776,2053.5816133543312,1991.7299871330856,0.0310542225205312,0.5928620039136749,False,False,,
972,4.284964800000001,643269.0,1955.224924012158,1954.966565349544,2063.6518598415178,1991.7299871330856,0.0361102524805368,0.5926828631542356,False,False,,
973,4.289373200000001,638086.0,1939.471124620061,1955.224924012158,2063.9895303897756,1991.7299871330856,0.0362797887883894,0.2537738714217949,False,False,,
974,4.293781600000001,647793.0,1968.9756838905776,1959.2644376899696,2068.1083028462385,1991.7299871330856,0.0383477259500885,0.2695186767659603,False,False,,
975,4.298190000000001,645005.0,1960.501519756839,1959.7993920972644,2068.722462960753,1991.7299871330856,0.0386560810576995,0.0569626794236342,False,False,,
976,4.302598400000001,644598.0,1959.2644376899696,1960.106382978723,2069.1086065135364,1991.7299871330856,0.0388499545020308,0.0489946721476401,False,False,,
977,4.307006800000001,643184.0,1954.966565349544,1960.501519756839,2069.5828429625935,1991.7299871330856,0.0390880572830908,0.1225503080143717,False,False,,
978,4.311415200000001,644875.0,1960.106382978723,1962.100303951368,2071.2606738631703,1991.7299871330856,0.0399304560577319,0.2572054056755588,False,False,,
979,4.315823600000001,646439.0,1964.860182370821,1964.860182370821,2074.0995460592417,1991.7299871330856,0.0413557859038511,0.4005148215040055,False,False,,
980,4.320232000000001,648726.0,1971.811550151976,1968.9756838905776,2078.29398846163,1991.7299871330856,0.0434617151359684,0.4048359564484869,False,False,,
981,4.324640400000001,645531.0,1962.100303951368,1971.811550151976,2081.20874274709,1991.7299871330856,0.0449251435646661,0.2878236113303094,False,False,,
982,4.329048800000001,651411.0,1979.9726443769,1973.872340425532,2083.3483682215324,1991.7299871330856,0.0459993983523454,0.4737122647728613,False,False,,
983,4.333457200000001,652478.0,1983.215805471125,1979.9726443769,2089.52745458598,1991.7299871330856,0.0491017698607154,0.4193571620086498,False,False,,
984,4.337865600000001,649404.0,1973.872340425532,1981.079027355623,2090.712567225325,1991.7299871330856,0.0496967865783433,0.1936466435054713,False,False,,
985,4.342274000000001,656331.0,1994.9270516717324,1983.215805471125,2092.928022284312,1991.7299871330856,0.0508091135871745,0.4792330077923461,False,False,,
986,4.346682400000001,657548.0,1998.626139817629,1989.337386018237,2099.1282270930733,1991.7299871330856,0.0539220881614468,0.59363704261738,False,False,,
987,4.351090800000001,651775.0,1981.079027355623,1993.483282674772,2103.352695364695,1991.7299871330856,0.0560430926645234,0.3272512597624173,False,False,,
988,4.355499200000001,657133.0,1997.364741641337,1994.9270516717324,2104.8749833654333,1991.7299871330856,0.0568073970685201,0.1141760559585005,False,False,,
989,4.3599076000000005,656842.0,1996.4802431610944,1995.3313069908816,2105.3577051122793,1991.7299871330856,0.0570497601146983,0.0973807006215636,False,False,,
990,4.3643160000000005,654492.0,1989.337386018237,1996.4802431610944,2106.585055169313,1991.7299871330856,0.0576659832297603,0.1247223513529833,False,False,,
991,4.3687244000000005,658019.0,2000.0577507598784,1997.364741641337,2107.5479150306815,1991.7299871330856,0.0581494121421072,0.1311205658965946,False,False,,
992,4.3731328000000005,655856.0,1993.483282674772,1998.626139817629,2108.8876221175615,1991.7299871330856,0.0588220470351574,0.1622701228533269,False,False,,
993,4.3775412000000005,656464.0,1995.3313069908816,2000.0577507598784,2110.397489534997,1991.7299871330856,0.0595801153612804,0.3017716967109214,False,False,,
994,4.3819496,659933.0,2005.8753799392096,2003.7689969604864,2114.1869398104964,1991.7299871330856,0.0614827077307182,0.3401908855338877,False,False,,
995,4.386358,661887.0,2011.8145896656536,2005.8753799392096,2116.371474498907,1991.7299871330856,0.0625795103608556,0.3768792155257641,False,False,,
996,4.3907664,659240.0,2003.7689969604864,2010.2310030395136,2120.8051969787566,1991.7299871330856,0.0648055763981658,0.3471024169953587,False,False,,
997,4.3951748,662498.0,2013.6717325227964,2011.8145896656536,2122.466830689339,1991.7299871330856,0.0656398429510203,0.2048195387714635,False,False,,
998,4.3995832,661366.0,2010.2310030395136,2013.6717325227964,2124.40196837084,1991.7299871330856,0.066611429307606,0.3946892408229621,False,False,,
999,4.4039916,664116.0,2018.589665653495,2018.589665653495,2129.397844100805,1991.7299871330856,0.0691197390495082,0.3619699874488171,False,False,,
1000,4.4084,668813.0,2032.866261398176,2019.872340425532,2130.758409281985,1991.7299871330856,0.0698028462929447,0.1938972650713566,False,False,,
1001,4.4128084,665332.0,2022.2857142857144,2021.838905775076,2132.802812885497,1991.7299871330856,0.0708292924561893,0.1462925993546768,False,False,,
1002,4.4172168,666315.0,2025.273556231003,2022.2857142857144,2133.3274075298505,1991.7299871330856,0.071092678882935,0.1203237229376963,False,False,,
1003,4.4216252,664538.0,2019.872340425532,2023.796352583587,2134.915779876084,1991.7299871330856,0.0718901626565864,0.1789940426802321,False,False,,
1004,4.426033600000001,665185.0,2021.838905775076,2025.273556231003,2136.4706655213845,1991.7299871330856,0.0726708335584382,0.3453240341640224,False,False,,
1005,4.430442000000001,667773.0,2029.705167173252,2029.705167173252,2140.979906445893,1991.7299871330856,0.0749348156010037,0.3693771053275814,False,False,,
1006,4.434850400000001,665829.0,2023.796352583587,2031.6048632218844,2142.95718049599,1991.7299871330856,0.0759275576206904,0.1388202587679003,False,False,,
1007,4.439258800000001,668593.0,2032.1975683890576,2031.987841945289,2143.4176852748706,1991.7299871330856,0.0761587660585085,0.0306354179615091,False,False,,
1008,4.443667200000001,668785.0,2032.7811550151976,2031.987841945289,2143.4951594191407,1991.7299871330856,0.0761976639737735,0.0207635896259077,False,False,,
1009,4.448075600000001,668524.0,2031.987841945289,2032.1975683890576,2143.782308130734,1991.7299871330856,0.0763418344755222,0.0539902496124913,False,False,,
1010,4.452484000000001,678663.0,2062.80547112462,2032.7811550151976,2144.4432651829875,1991.7299871330856,0.0766736852065569,0.2989014371604632,False,False,,
1011,4.456892400000001,668398.0,2031.6048632218844,2037.29179331307,2149.0312220999767,1991.7299871330856,0.0789771886666786,0.4397877728245039,False,False,,
1012,4.461300800000001,670269.0,2037.29179331307,2040.349544072948,2152.166239706665,1991.7299871330856,0.0805512060419959,0.182921835048134,False,False,,
1013,4.465709200000001,673937.0,2048.4407294832827,2040.349544072948,2152.2434548158344,1991.7299871330856,0.080589973901931,0.2580353912247268,False,False,,
1014,4.470117600000001,671275.0,2040.349544072948,2044.726443768997,2156.6975179180554,1991.7299871330856,0.0828262524793461,0.3537462189736153,False,False,,
1015,4.474526000000001,673268.0,2046.407294832827,2046.407294832827,2158.45548071968,1991.7299871330856,0.0837088835653775,0.155383456545108,False,False,,
1016,4.478934400000001,673901.0,2048.3313069908813,2047.300911854103,2159.4261578449723,1991.7299871330856,0.084196237339013,0.1183371134286659,False,False,,
1017,4.483342800000001,673562.0,2047.300911854103,2048.3313069908813,2160.533561486559,1991.7299871330856,0.0847522382270554,0.0674438716413998,False,False,,
1018,4.487751200000001,675661.0,2053.68085106383,2048.3313069908813,2160.6105184267126,1991.7299871330856,0.0847908764665009,0.0149928572445716,False,False,,
1019,4.492159600000001,676246.0,2055.4589665653493,2048.4407294832827,2160.7968463291395,1991.7299871330856,0.0848844272508093,0.3059450314357121,False,False,,
1020,4.496568000000001,670346.0,2037.525835866261,2053.550151975684,2165.9831227359427,1991.7299871330856,0.0874883326196633,0.3071507725009343,False,False,,
1021,4.500976400000001,672715.0,2044.726443768997,2053.68085106383,2166.190624277348,1991.7299871330856,0.0875925141817956,0.0478616621952294,False,False,,
1022,4.505384800000001,675618.0,2053.550151975684,2054.2370820668693,2166.823606306963,1991.7299871330856,0.0879103193229062,0.0404130969799929,False,False,,
1023,4.509793200000001,678384.0,2061.9574468085107,2054.2370820668693,2166.90030594129,1991.7299871330856,0.0879488283752488,0.0324452768374836,False,False,,
1024,4.514201600000001,677841.0,2060.306990881459,2054.6534954407293,2167.3933675916396,1991.7299871330856,0.0881963828397269,0.0783072944980975,False,False,,
1025,4.518610000000001,678016.0,2060.838905775076,2055.4589665653493,2168.2754356693013,1991.7299871330856,0.0886392481293796,0.1018411856200618,False,False,,
1026,4.523018400000001,675844.0,2054.2370820668693,2056.288753799392,2169.1817685673045,1991.7299871330856,0.0890942962051018,0.1305676691323647,False,False,,
1027,4.527426800000001,677160.0,2058.2370820668693,2057.598784194529,2170.568293371663,1991.7299871330856,0.0897904371545858,0.1196573978417276,False,False,,
1028,4.531835200000001,675981.0,2054.6534954407293,2058.2370820668693,2171.2830344328063,1991.7299871330856,0.0901492915503928,0.0450513784657022,False,False,,
1029,4.536243600000001,676519.0,2056.288753799392,2058.2370820668693,2171.3594264354874,1991.7299871330856,0.0901876461482422,0.1265691898899632,False,False,,
1030,4.540652000000001,675018.0,2051.726443768997,2060.306990881459,2173.505676100911,1991.7299871330856,0.0912652267838146,0.0086916076736187,False,False,,
1031,4.5450604000000006,680602.0,2068.6990881458964,2058.2370820668693,2171.5120570195577,1991.7299871330856,0.090264278314779,-0.1455340899868389,False,False,,
1032,4.5494688000000005,678224.0,2061.471124620061,2057.598784194529,2170.9499977970863,1991.7299871330856,0.0899820818192187,-0.0276681475200977,False,False,,
1033,4.5538772000000005,676950.0,2057.598784194529,2057.598784194529,2171.026185397792,1991.7299871330856,0.0900203337917238,0.0450222790851952,False,False,,
1034,4.5582856000000005,681332.0,2070.917933130699,2058.2370820668693,2171.7406198558574,1991.7299871330856,0.090379034249457,0.1772543907929389,False,False,,
1035,4.5626940000000005,679770.0,2066.1702127659573,2060.5592705167173,2174.138893910609,1991.7299871330856,0.091583150304467,0.1409004671479117,False,False,,
1036,4.5671024000000005,676199.0,2055.3161094224924,2060.5592705167173,2174.214928568828,1991.7299871330856,0.0916213254882067,0.0086567468350633,False,False,,
1037,4.5715108,680494.0,2068.370820668693,2060.5592705167173,2174.2909123144764,1991.7299871330856,0.0916594751099623,0.02734426882391,False,False,,
1038,4.5759192,674884.0,2051.31914893617,2060.887537993921,2174.695112658848,1991.7299871330856,0.0918624144375734,0.0273384761744388,False,True,947.0,5.0
1039,4.5803276,673362.0,2046.693009118541,2060.887537993921,2174.770994681604,1991.7299871330856,0.0919005129866971,-0.0100539496354894,False,False,,
1040,4.584736,678032.0,2060.887537993921,2060.5592705167173,2174.5185584167903,1991.7299871330856,0.0917737707744272,-0.010059734530035,False,False,,
1041,4.5891444,677924.0,2060.5592705167173,2060.5592705167173,2174.594338852836,1991.7299871330856,0.0918118183192927,0.0086278029685615,False,False,,
1042,4.5935528,679662.0,2065.841945288754,2060.5592705167173,2174.6700685465366,1991.7299871330856,0.0918498403876404,0.0086220258184841,False,False,,
1043,4.5979612,675754.0,2053.963525835866,2060.5592705167173,2174.7457475318697,1991.7299871330856,0.0918878369965291,0.0086162525368163,False,False,,
1044,4.6023696,676367.0,2055.826747720365,2060.5592705167173,2174.82137584279,1991.7299871330856,0.091925808163007,0.0086104831208935,False,False,,
1045,4.606778000000001,679321.0,2064.80547112462,2060.5592705167173,2174.896953513228,1991.7299871330856,0.0919637539041094,0.0086047175681258,False,False,,
1046,4.611186400000001,682181.0,2073.498480243161,2060.5592705167173,2174.9724805770925,1991.7299871330856,0.0920016742368616,0.0094643872889168,False,False,,
1047,4.615594800000001,671907.0,2042.270516717325,2060.574468085106,2175.0631546366585,1991.7299871330856,0.0920471995139583,0.0085931980418614,False,False,,
1048,4.620003200000001,675272.0,2052.498480243161,2060.5592705167173,2175.1233830206234,1991.7299871330856,0.0920774387453571,0.0085874440631563,False,False,,
1049,4.624411600000001,679171.0,2064.3495440729484,2060.574468085106,2175.213956036382,1991.7299871330856,0.0921229132907744,-0.1470228741104033,False,False,,
1050,4.628820000000001,677929.0,2060.574468085106,2057.826747720365,2172.5415606478455,1991.7299871330856,0.0907811674689005,-0.1478940517989091,False,False,,
1051,4.633228400000001,676113.0,2055.0547112462004,2057.826747720365,2172.6168351866804,1991.7299871330856,0.0908189610148738,0.165040204694419,False,False,,
1052,4.637636800000001,678372.0,2061.920972644377,2060.574468085106,2175.439779686659,1991.7299871330856,0.0922362939456503,0.0085644666510091,False,False,,
1053,4.642045200000001,674931.0,2051.4620060790276,2057.826747720365,2172.7672330873083,1991.7299871330856,0.0908944722044424,-0.1479112675498815,False,False,,
1054,4.646453600000001,679477.0,2065.2796352583587,2057.826747720365,2172.8423565165785,1991.7299871330856,0.0909321898819165,0.0085530010104104,False,False,,
1055,4.650862000000001,677025.0,2057.826747720365,2057.826747720365,2172.917429643434,1991.7299871330856,0.090969882303751,0.0085472739475545,False,False,,
1056,4.655270400000001,680371.0,2067.996960486322,2057.826747720365,2172.9924525015576,1991.7299871330856,0.0910075494868573,-0.0632892565550555,False,False,,
1057,4.659678800000001,676610.0,2056.565349544073,2056.565349544073,2171.806026948316,1991.7299871330856,0.0904118735865564,-0.0979122324687082,False,False,,
1058,4.664087200000001,672151.0,2043.012158054711,2055.9574468085107,2171.273046634369,1991.7299871330856,0.0901442769156272,-0.0260871407602998,False,False,,
1059,4.668495600000001,679042.0,2063.9574468085107,2055.9574468085107,2171.3479188881633,1991.7299871330856,0.0901818684839009,-0.0754224430372669,False,False,,
1060,4.672904000000001,673535.0,2047.2188449848024,2054.483282674772,2169.9485768739905,1991.7299871330856,0.0894792923198562,-0.0754281509517085,False,False,,
1061,4.677312400000001,678182.0,2061.343465045593,2054.483282674772,2170.0233488928975,1991.7299871330856,0.0895168335625899,-0.058298313067798,False,False,,
1062,4.681720800000001,676410.0,2055.9574468085107,2053.310030395137,2168.924818565058,1991.7299871330856,0.0889652877532001,-0.103998791944333,False,False,,
1063,4.686129200000001,675275.0,2052.5075987841947,2052.5075987841947,2168.1970588723248,1991.7299871330856,0.0885998970137751,-0.338363315026239,False,False,,
1064,4.690537600000001,675539.0,2053.310030395137,2047.2188449848024,2162.982926991057,1991.7299871330856,0.0859820060772767,-0.3449462864064241,False,False,,
1065,4.694946000000001,675925.0,2054.483282674772,2046.300911854103,2162.1395658118777,1991.7299871330856,0.085558574595787,-0.0437818435312209,False,False,,
1066,4.699354400000001,671045.0,2039.650455927052,2046.300911854103,2162.2140878302507,1991.7299871330856,0.0855959903192307,-0.016266809620312,False,False,,
1067,4.703762800000001,667445.0,2028.70820668693,2045.866261398176,2161.8539094929847,1991.7299871330856,0.0854151533887266,-0.0325426013978393,False,False,,
1068,4.708171200000001,665052.0,2021.434650455927,2045.580547112462,2161.642617459632,1991.7299871330856,0.0853090687112262,-0.2551372382175056,False,False,,
1069,4.712579600000001,672996.0,2045.580547112462,2041.237082066869,2157.3735248334924,1991.7299871330856,0.0831656593868105,-0.3292238407740733,False,False,,
1070,4.716988000000001,671567.0,2041.237082066869,2039.650455927052,2155.8612213135866,1991.7299871330856,0.0824063679518894,-0.5400486027771425,False,False,,
1071,4.721396400000001,673233.0,2046.300911854103,2031.6048632218844,2147.8899014621356,1991.7299871330856,0.078404158865845,-0.5303614369650465,False,False,,
1072,4.725804800000001,673090.0,2045.866261398176,2030.188449848024,2146.54771120912,1991.7299871330856,0.077730277234456,-0.1565007287913236,False,False,,
1073,4.730213200000001,668398.0,2031.6048632218844,2028.70820668693,2145.141641469299,1991.7299871330856,0.0770243232402377,-0.2352606457969503,False,False,,
1074,4.7346216000000005,666524.0,2025.9088145896656,2025.9088145896656,2142.4163731270155,1991.7299871330856,0.0756560311725934,-0.4057562887859802,False,False,,
1075,4.7390300000000005,667932.0,2030.188449848024,2021.434650455927,2138.016283115222,1991.7299871330856,0.0734468511932695,-0.3083143625406315,False,False,,
1076,4.7434384000000005,662186.0,2012.723404255319,2020.3465045592704,2137.0021617407083,1991.7299871330856,0.0729376851009452,-0.2435857399208476,False,False,,
1077,4.7478468000000005,663596.0,2017.009118541033,2017.009118541033,2133.738750678024,1991.7299871330856,0.0712992044415354,-0.3448468585228044,False,False,,
1078,4.7522552000000005,662204.0,2012.77811550152,2014.142857142857,2130.9464147020008,1991.7299871330856,0.0698972393187213,-0.2325195006310032,False,False,,
1079,4.7566636,664694.0,2020.3465045592704,2012.77811550152,2129.655548982583,1991.7299871330856,0.0692491265083719,-0.0724203249683865,False,False,,
1080,4.761072,659904.0,2005.787234042553,2012.723404255319,2129.674664191214,1991.7299871330856,0.0692587237975401,-0.3839812655876375,False,False,,
1081,4.7654804,659899.0,2005.772036474164,2005.887537993921,2122.912574950683,1991.7299871330856,0.0658636404859389,-0.3865831880140451,False,False,,
1082,4.7698888,659937.0,2005.887537993921,2005.787234042553,2122.8859986193183,1991.7299871330856,0.0658502971454579,0.0018168056971585,False,False,,
1083,4.7742972,658190.0,2000.577507598784,2005.772036474164,2122.944479303147,1991.7299871330856,0.0658796588984096,-0.1766407723051308,False,False,,
1084,4.7787056,662653.0,2014.142857142857,2002.537993920973,2119.7840656674452,1991.7299871330856,0.064292890784198,-0.2874216100515019,False,False,,
1085,4.783114,654078.0,1988.079027355623,2000.577507598784,2117.897158961051,1991.7299871330856,0.0633455200469075,-0.1036095910700334,False,False,,
1086,4.787522400000001,658835.0,2002.537993920973,2000.571428571429,2117.9646102808088,1991.7299871330856,0.0633793857416518,-0.4892514380484796,False,False,,
1087,4.791930800000001,658188.0,2000.571428571429,1991.838905775076,2109.305568595877,1991.7299871330856,0.0590318879679222,-0.7030186026598049,False,False,,
1088,4.796339200000001,653978.0,1987.775075987842,1988.079027355623,2105.6191220851206,1991.7299871330856,0.0571810113257209,-0.2230559429001406,False,False,,
1089,4.800747600000001,655315.0,1991.838905775076,1987.775075987842,2105.3885534562587,1991.7299871330856,0.0570652483305602,-0.3241439300413971,False,False,,
1090,4.805156000000001,650438.0,1977.015197568389,1982.240121580547,2099.926932651029,1991.7299871330856,0.0543230991233319,-0.531853063509165,False,False,,
1091,4.809564400000001,650857.0,1978.288753799392,1978.288753799392,2096.048849367987,1991.7299871330856,0.0523760062402126,-0.2270537104843502,False,False,,
1092,4.813972800000001,650179.0,1976.227963525836,1978.106382978723,2095.9397139743587,1991.7299871330856,0.0523212119687335,-0.0641851054392006,False,False,,
1093,4.818381200000001,652157.0,1982.240121580547,1977.015197568389,2094.921714952851,1991.7299871330856,0.0518100990025763,-0.0986348588047905,False,False,,
1094,4.822789600000001,650797.0,1978.106382978723,1976.227963525836,2094.2076182937453,1991.7299871330856,0.0514515681456234,-0.2384941545287491,False,False,,
1095,4.827198000000001,649012.0,1972.6808510638296,1972.6808510638296,2090.7335942426225,1991.7299871330856,0.0497073437409272,-0.4027586123618336,False,False,,
1096,4.831606400000001,647804.0,1969.009118541033,1969.009118541033,2087.1349011909365,1991.7299871330856,0.0479005260121516,-0.5993902013056749,False,False,,
1097,4.836014800000001,645501.0,1962.009118541033,1962.009118541033,2080.207891755044,1991.7299871330856,0.0444226402140554,-0.4332329382116162,False,False,,
1098,4.840423200000001,645253.0,1961.255319148936,1961.255319148936,2079.527034052799,1991.7299871330856,0.0440807978425275,-0.1289528178829249,False,False,,
1099,4.844831600000001,644708.0,1959.598784194529,1959.598784194529,2077.9433919467156,1991.7299871330856,0.0432856890093452,-0.278504926777158,False,False,,
1100,4.849240000000001,641181.0,1948.8784194528876,1956.2188449848024,2074.636296776488,1991.7299871330856,0.0416252756041186,-0.6021818322326862,False,False,,
1101,4.853648400000001,643596.0,1956.2188449848024,1948.8784194528876,2067.3686665079294,1991.7299871330856,0.0379763722309161,-0.5322605273594201,False,False,,
1102,4.858056800000001,637966.0,1939.106382978723,1946.726443768997,2065.289437343913,1991.7299871330856,0.0369324409864961,-0.2245186664901375,False,False,,
1103,4.862465200000001,639836.0,1944.790273556231,1944.790273556231,2063.4259649401774,1991.7299871330856,0.0359968360522058,-0.4256504727171091,False,False,,
1104,4.866873600000001,636837.0,1935.6747720364745,1939.106382978723,2057.814723493473,1991.7299871330856,0.0331795658986439,-0.5108144658957876,False,False,,
1105,4.871282000000001,640473.0,1946.726443768997,1935.6747720364745,2054.4557130363955,1991.7299871330856,0.0314930870692959,-0.218996531884223,False,False,,
1106,4.875690400000001,636653.0,1935.115501519757,1935.115501519757,2053.96899439179,1991.7299871330856,0.0312487172763271,-0.2293872435648927,False,False,,
1107,4.880098800000001,635464.0,1931.501519756839,1931.501519756839,2050.4275159204763,1991.7299871330856,0.0294706256202329,-0.3699388360465989,False,False,,
1108,4.884507200000001,634468.0,1928.474164133739,1928.474164133739,2047.4726150410008,1991.7299871330856,0.0279870405466715,-0.370982881057861,False,False,,
1109,4.888915600000001,633273.0,1924.8419452887535,1924.8419452887535,2043.91280242417,1991.7299871330856,0.026199743754522,-0.3180240022002132,False,False,,
1110,4.893324000000001,632583.0,1922.744680851064,1922.744680851064,2041.8878957316483,1991.7299871330856,0.0251830865240727,-0.5072128289862379,False,False,,
1111,4.897732400000001,630183.0,1915.449848024316,1915.790273556231,2035.005797731463,1991.7299871330856,0.0217277496839162,-0.4071744738696163,False,False,,
1112,4.902140800000001,630295.0,1915.790273556231,1915.449848024316,2034.737633076116,1991.7299871330856,0.021593110622859,-0.0241400430260401,False,False,,
1113,4.906549200000001,626013.0,1902.775075987842,1915.22188449848,2034.5818820411896,1991.7299871330856,0.0215149117525642,-0.4073585815136074,False,False,,
1114,4.910957600000001,627782.0,1908.151975683891,1908.151975683891,2027.5841373642504,1991.7299871330856,0.0180015114813699,-0.5771617298800322,False,False,,
1115,4.915366000000001,630108.0,1915.22188449848,1904.9422492401216,2024.446526737249,1991.7299871330856,0.0164261922125579,-0.2979790575238548,False,False,,
1116,4.9197744000000005,626726.0,1904.9422492401216,1902.775075987842,2022.351421013211,1991.7299871330856,0.0153742897269936,-0.3114852853422423,False,False,,
1117,4.9241828000000005,624207.0,1897.2857142857144,1899.3282674772036,2018.9766317746205,1991.7299871330856,0.0136798887487525,-0.3043942418512264,False,False,,
1118,4.9285912000000005,624171.0,1897.176291793313,1897.2857142857144,2017.0060496312983,1991.7299871330856,0.0126905065754397,-0.1143509939845848,False,False,,
1119,4.9329996000000005,624879.0,1899.3282674772036,1897.176291793313,2016.9685499954744,1991.7299871330856,0.0126716789049892,-0.1912067901941321,False,False,,
1120,4.9374080000000005,622787.0,1892.9696048632215,1893.784194528875,2013.6483274282923,1991.7299871330856,0.0110046745476561,-0.2313682908208763,False,False,,
1121,4.9418164,621968.0,1890.4802431610944,1892.9696048632215,2012.9055643328209,1991.7299871330856,0.0106317509584797,-0.1799671442864665,False,False,,
1122,4.9462248,623055.0,1893.784194528875,1890.4802431610944,2010.4879811060268,1991.7299871330856,0.0094179402299112,-0.9110890776688244,False,False,,
1123,4.9506332,617108.0,1875.70820668693,1876.826747720365,1996.9062160779868,1991.7299871330856,0.0025988607784892,-0.8058580899136728,False,False,,
1124,4.9550416,617118.0,1875.738601823708,1876.1854103343464,1996.3365610741969,1991.7299871330856,0.0023128506227603,-0.0538036604586207,False,False,,
1125,4.95945,617265.0,1876.1854103343464,1875.738601823708,1995.9613869474863,1991.7299871330856,0.0021244846649577,-0.0190187823915943,False,False,,
1126,4.9638584,617476.0,1876.826747720365,1875.70820668693,1996.002578228475,1991.7299871330856,0.0021451658221701,-0.4174688659859999,False,False,,
1127,4.968266800000001,614164.0,1866.759878419453,1868.2644376899696,1988.6303477152385,1991.7299871330856,-0.0015562548326687,-0.5014211704592627,False,False,,
1128,4.972675200000001,614659.0,1868.2644376899696,1866.759878419453,1987.1972790264992,1991.7299871330856,-0.002275764353536,-0.1422725878500325,False,False,,
1129,4.977083600000001,613790.0,1865.623100303951,1865.623100303951,1986.131943622904,1991.7299871330856,-0.0028106437852249,-0.3316344311140104,False,False,,
1130,4.981492000000001,610441.0,1855.4437689969604,1860.793313069909,1981.3735512629496,1991.7299871330856,-0.005199718805782,-0.3380440700318453,False,False,,
1131,4.985900400000001,611450.0,1858.5106382978724,1859.544072948328,1980.1956582096711,1991.7299871330856,-0.0057911107418816,-0.1218647458930303,False,False,,
1132,4.990308800000001,612201.0,1860.793313069909,1858.5106382978724,1979.233522853743,1991.7299871330856,-0.0062741758973717,-0.2253757820519679,False,False,,
1133,4.994717200000001,609585.0,1852.8419452887535,1855.4437689969604,1976.237905105572,1991.7299871330856,-0.0077782039370774,-0.3146937393965529,False,False,,
1134,4.999125600000001,611790.0,1859.544072948328,1852.8419452887535,1973.707285240288,1991.7299871330856,-0.0090487676588832,-0.5985606747317574,False,False,,
1135,5.003534000000001,606936.0,1844.790273556231,1844.790273556231,1965.726769672816,1991.7299871330856,-0.0130555936940523,-0.6333564457839445,False,False,,
1136,5.007942400000001,604519.0,1837.4437689969604,1841.577507598784,1962.5851122344727,1991.7299871330856,-0.0146329447700711,-0.3204218714797029,False,False,,
1137,5.012350800000001,604297.0,1836.7689969604864,1839.021276595745,1960.0999421364936,1991.7299871330856,-0.0158806892505146,-0.2273068724314288,False,False,,
1138,5.016759200000001,604326.0,1836.857142857143,1837.4437689969604,1958.5934478606084,1991.7299871330856,-0.0166370640029245,-0.115152378668466,False,False,,
1139,5.021167600000001,605038.0,1839.021276595745,1836.857142857143,1958.0777874933897,1991.7299871330856,-0.0168959647427587,-0.030345513927156,False,False,,
1140,5.025576000000001,605879.0,1841.577507598784,1836.7689969604864,1958.060559850871,1991.7299871330856,-0.0169046143301174,-0.0436785677889111,False,False,,
1141,5.029984400000001,603370.0,1833.951367781155,1835.948328267477,1957.3107619253572,1991.7299871330856,-0.01728106993924,-0.152382159734705,False,False,,
1142,5.034392800000001,604027.0,1835.948328267477,1833.951367781155,1955.384624751685,1991.7299871330856,-0.0182481373560664,-0.358533325158058,False,False,,
1143,5.038801200000001,601909.0,1829.5106382978724,1829.5106382978724,1951.0146711579816,1991.7299871330856,-0.0204421865604935,-0.4911228168632955,False,False,,
1144,5.043209600000001,598120.0,1817.9939209726444,1825.1854103343464,1946.7601716927193,1991.7299871330856,-0.0225782690077867,-0.5402847167451976,False,False,,
1145,5.047618000000001,598741.0,1819.881458966565,1819.881458966565,1941.5269014636192,1991.7299871330856,-0.0252057688510926,-0.401474910122324,False,False,,
1146,5.052026400000001,595647.0,1810.4772036474164,1817.9939209726444,1939.7099972805088,1991.7299871330856,-0.0261179929953531,-0.2581648565416916,False,False,,
1147,5.056434800000001,600486.0,1825.1854103343464,1815.206686930091,1936.9933497525856,1991.7299871330856,-0.0274819567582493,-0.2637090023796999,False,False,,
1148,5.060843200000001,596429.0,1812.854103343465,1813.22188449848,1935.0790865710935,1991.7299871330856,-0.0284430625275345,-0.1259377026281924,False,False,,
1149,5.065251600000001,595651.0,1810.4893617021276,1812.854103343465,1934.7817974333352,1991.7299871330856,-0.0285923242947816,-0.1475788655381316,False,False,,
1150,5.069660000000001,596550.0,1813.22188449848,1810.4893617021276,1932.4875006080183,1991.7299871330856,-0.0297442358692111,-0.1273331444606635,False,False,,
1151,5.074068400000001,597203.0,1815.206686930091,1810.4772036474164,1932.545740199698,1991.7299871330856,-0.0297149951628623,-0.5560732368211387,False,False,,
1152,5.078476800000001,592192.0,1799.9756838905776,1800.5835866261398,1922.722473686767,1991.7299871330856,-0.0346470223836157,-0.590003514999681,False,False,,
1153,5.082885200000001,592137.0,1799.8085106382978,1799.9756838905776,1922.1848743530688,1991.7299871330856,-0.0349169381539115,-0.0266130283693399,False,False,,
1154,5.087293600000001,592170.0,1799.9088145896656,1799.9756838905776,1922.2551306799928,1991.7299871330856,-0.0348816641321425,0.0079988685422014,False,False,,
1155,5.091702000000001,592392.0,1800.5835866261398,1799.9756838905776,1922.3253399634991,1991.7299871330856,-0.0348464137297486,0.0079935125246879,False,False,,
1156,5.096110400000001,589604.0,1792.109422492401,1799.9756838905776,1922.3955022350872,1991.7299871330856,-0.0348111869309148,0.00798816009353,False,False,,
1157,5.100518800000001,588729.0,1789.449848024316,1799.9756838905776,1922.465617526236,1991.7299871330856,-0.034775983719836,0.0079828112463462,False,False,,
1158,5.1049272000000006,588340.0,1788.267477203647,1799.9756838905776,1922.535685868404,1991.7299871330856,-0.034740804080718,0.0079774659807414,False,False,,
1159,5.1093356000000005,590282.0,1794.1702127659576,1799.9756838905776,1922.605707293028,1991.7299871330856,-0.034705647997777,0.042589380812152,False,False,,
1160,5.1137440000000005,591576.0,1798.1033434650456,1800.5835866261398,1923.2835845670857,1991.7299871330856,-0.0343653020279734,0.8050291175078974,False,False,,
1161,5.1181524000000005,596797.0,1813.9726443769,1813.9726443769,1936.7425700016072,1991.7299871330856,-0.0276078672745334,1.1235025429367504,False,False,,
1162,5.1225608000000005,600870.0,1826.3525835866265,1820.173252279635,1943.013058764745,1991.7299871330856,-0.0244596048074087,0.5813909749040973,False,False,,
1163,5.1269692,598837.0,1820.173252279635,1824.042553191489,1946.952193744994,1991.7299871330856,-0.022481859326999,0.3598352057962399,False,False,,
1164,5.1313776,600110.0,1824.042553191489,1826.3525835866265,1949.3320114478508,1991.7299871330856,-0.0212870097649444,0.4474115409598971,False,False,,
1165,5.135786,605563.0,1840.617021276596,1831.759878419453,1954.809046859033,1991.7299871330856,-0.0185371212526638,0.4058655128768049,True,False,1165.0,6.0
1166,5.1401944,604982.0,1838.851063829787,1833.340425531915,1956.459287851776,1991.7299871330856,-0.0177085747110123,0.4117451297856105,False,False,,
1167,5.1446028,602649.0,1831.759878419453,1838.851063829787,1962.0395733631235,1991.7299871330856,-0.01490684679237,0.42229807988437,False,False,,
1168,5.149011200000001,603169.0,1833.340425531915,1840.617021276596,1963.8751313878497,1991.7299871330856,-0.0139852570002878,0.5062396173586003,False,False,,
1169,5.153419600000001,607861.0,1847.601823708207,1847.601823708207,1970.9294877930472,1991.7299871330856,-0.0104434333340428,0.7312464786983025,False,False,,
1170,5.157828000000001,609742.0,1853.3191489361704,1853.3191489361704,1976.716320421473,1991.7299871330856,-0.0075380030469006,0.8380354125824905,False,False,,
1171,5.162236400000001,612657.0,1862.179331306991,1862.179331306991,1985.6459636508168,1991.7299871330856,-0.0030546427083855,0.6161334993803103,False,False,,
1172,5.166644800000001,617759.0,1877.686930091185,1864.0,1987.5360466915736,1991.7299871330856,-0.0021056772095643,0.4267718108530381,False,False,,
1173,5.171053200000001,617461.0,1876.7811550151976,1869.534954407295,1993.1403689669849,1991.7299871330856,0.0007081189935434,0.4859620276696229,False,False,,
1174,5.175461600000001,613256.0,1864.0,1872.3951367781156,1996.069872757413,1991.7299871330856,0.0021789527959931,0.4205301245653756,False,False,,
1175,5.179870000000001,615077.0,1869.534954407295,1876.7811550151976,2000.5251659966948,1991.7299871330856,0.0044158489958114,0.3092303601160081,False,False,,
1176,5.184278400000001,616018.0,1872.3951367781156,1877.686930091185,2001.5001696885563,1991.7299871330856,0.0049053750350639,0.4213849900279434,False,False,,
1177,5.188686800000001,619893.0,1884.173252279635,1884.042553191489,2007.924975049468,1991.7299871330856,0.0081311161758898,0.3772427102981263,False,False,,
1178,5.193095200000001,619850.0,1884.042553191489,1884.173252279635,2008.1248100739951,1991.7299871330856,0.0082314485632204,0.6093461411145598,False,False,,
1179,5.197503600000001,628561.0,1910.5197568389056,1894.6048632218844,2018.6255106594176,1991.7299871330856,0.0135035992328686,1.078058523761959,False,False,,
1180,5.201912000000001,623325.0,1894.6048632218844,1902.966565349544,2027.0562561680397,1991.7299871330856,0.0177364749555248,0.6950133133171512,False,False,,
1181,5.206320400000001,626076.0,1902.966565349544,1906.6717325227964,2030.8304204910212,1991.7299871330856,0.0196313926137232,0.2515609937754983,False,False,,
1182,5.210728800000001,627295.0,1906.6717325227964,1907.246200607903,2031.4738395255797,1991.7299871330856,0.0199544379254446,0.2269774816241492,False,False,,
1183,5.215137200000001,629984.0,1914.8449848024316,1910.5197568389056,2034.8163005366932,1991.7299871330856,0.021632607673707,0.3341126340453026,False,False,,
1184,5.219545600000001,629369.0,1912.9756838905776,1912.9756838905776,2037.341086230049,1991.7299871330856,0.0229002421972952,0.2541415185072417,False,False,,
1185,5.223954000000001,627484.0,1907.246200607903,1914.8449848024316,2039.2791996760543,1991.7299871330856,0.0238733226140816,0.4521469763248085,False,False,,
1186,5.228362400000001,631936.0,1920.77811550152,1920.77811550152,2045.281096832635,1991.7299871330856,0.0268867316581558,0.5461275818213265,False,False,,
1187,5.232770800000001,633328.0,1925.009118541033,1924.2978723404256,2048.8695740832272,1991.7299871330856,0.0286884202774839,0.2487601058963151,False,False,,
1188,5.237179200000001,633094.0,1924.2978723404256,1925.009118541033,2049.649494680547,1991.7299871330856,0.0290799997598224,0.0728992038592224,False,False,,
1189,5.241587600000001,633470.0,1925.440729483283,1925.440729483283,2050.1497340353453,1991.7299871330856,0.0293311579780699,0.2222674303152656,False,False,,
1190,5.245996000000001,634567.0,1928.775075987842,1928.775075987842,2053.5526629990827,1991.7299871330856,0.031039687239426,0.55424168840849,False,False,,
1191,5.250404400000001,636627.0,1935.0364741641336,1935.0364741641336,2059.8825977119504,1991.7299871330856,0.0342177960964298,0.5961233403854411,False,False,,
1192,5.254812800000001,640028.0,1945.373860182371,1939.106382978723,2064.020997171264,1991.7299871330856,0.0362955875069364,0.2667349197095485,False,False,,
1193,5.259221200000001,639668.0,1944.279635258359,1939.58358662614,2064.566645602282,1991.7299871330856,0.036569544536525,0.3023854725128787,False,False,,
1194,5.263629600000001,641876.0,1950.990881458967,1944.279635258359,2069.331093187687,1991.7299871330856,0.0389616597409879,0.3375167699646626,False,False,,
1195,5.268038000000001,637966.0,1939.106382978723,1945.373860182371,2070.4936712651597,1991.7299871330856,0.0395453623939494,0.3899566991692316,False,False,,
1196,5.272446400000001,638123.0,1939.58358662614,1950.990881458967,2076.1789999261564,1991.7299871330856,0.0423998299662232,0.4148759129336978,False,False,,
1197,5.276854800000001,642380.0,1952.5227963525836,1952.5227963525836,2077.7791764657622,1991.7299871330856,0.0432032403431032,0.2760555068580066,False,False,,
1198,5.281263200000001,644008.0,1957.471124620061,1955.7021276595744,2081.0267237109556,1991.7299871330856,0.0448337561590888,0.2895510329476991,False,False,,
1199,5.285671600000001,648206.0,1970.2310030395136,1957.471124620061,2082.8638909324645,1991.7299871330856,0.0457561538903965,0.2005794832291476,False,False,,
1200,5.290080000000001,643426.0,1955.7021276595744,1959.0881458966564,2084.549036823488,1991.7299871330856,0.0466022253468236,0.6002305127420806,False,False,,
1201,5.2944884000000005,644540.0,1959.0881458966564,1967.8753799392096,2093.4043498644382,1991.7299871330856,0.0510482662751408,0.5550497994806927,False,False,,
1202,5.2988968000000005,647431.0,1967.8753799392096,1968.699088145897,2094.296091484037,1991.7299871330856,0.0514959884188849,0.1418876529122084,False,False,,
1203,5.3033052000000005,648722.0,1971.7993920972644,1970.2310030395136,2095.895994235603,1991.7299871330856,0.0522992613333372,0.1842886055937187,False,False,,
1204,5.3077136000000005,647702.0,1968.699088145897,1971.7993920972644,2097.5323256268452,1991.7299871330856,0.0531208241966836,0.1685325707982077,False,False,,
1205,5.3121220000000005,654022.0,1987.9088145896656,1973.054711246201,2098.8555416152976,1991.7299871330856,0.0537851793035508,0.632398628527862,False,False,,
1206,5.3165304,653682.0,1986.8753799392096,1982.7689969604864,2108.637678705586,1991.7299871330856,0.058696556424688,0.6239122245398869,False,False,,
1207,5.3209388,649135.0,1973.054711246201,1983.8753799392096,2109.8118676272425,1991.7299871330856,0.059286088604874,0.1004941333150037,False,False,,
1208,5.3253472,653669.0,1986.8358662613985,1984.398176291793,2110.40242452011,1991.7299871330856,0.0595825930992998,0.086295888931061,False,False,,
1209,5.329755600000001,652867.0,1984.398176291793,1985.255319148936,2111.327282545289,1991.7299871330856,0.0600469421984015,0.1465247495218022,False,False,,
1210,5.334164000000001,652695.0,1983.8753799392096,1986.8358662613985,2112.9754994839213,1991.7299871330856,0.0608744725108836,0.0999593772140352,False,False,,
1211,5.338572400000001,652331.0,1982.7689969604864,1986.8753799392096,2113.0826376763985,1991.7299871330856,0.0609282640354222,0.0282964973874477,False,False,,
1212,5.342980800000001,653149.0,1985.255319148936,1987.1975683890576,2113.4724053597465,1991.7299871330856,0.0611239570690493,0.0260412203334547,False,False,,
1213,5.347389200000001,653788.0,1987.1975683890576,1987.1975683890576,2113.5399393424022,1991.7299871330856,0.0611578642668582,0.1641589219113424,False,False,,
1214,5.351797600000001,655223.0,1991.559270516717,1989.945288753799,2116.3551484692543,1991.7299871330856,0.0625713134517572,0.2560625894876018,False,False,,
1215,5.356206000000001,659657.0,2005.0364741641336,1991.559270516717,2118.0365738040173,1991.7299871330856,0.0634155169058525,0.3832758621595191,False,False,,
1216,5.360614400000001,654692.0,1989.945288753799,1996.5410334346504,2123.08573513379,1991.7299871330856,0.0659505800732452,0.6589971687380016,False,False,,
1217,5.365022800000001,659851.0,2005.626139817629,2002.9969604863225,2129.609015467533,1991.7299871330856,0.0692257631431817,0.4531924405961245,False,False,,
1218,5.369431200000001,656862.0,1996.5410334346504,2004.364741641337,2131.0441048050716,1991.7299871330856,0.0699462871834931,0.1238041101261329,False,False,,
1219,5.373839600000001,658986.0,2002.9969604863225,2005.0364741641336,2131.783100441042,1991.7299871330856,0.0703173192213418,0.0794888905186912,False,False,,
1220,5.378248000000001,663658.0,2017.1975683890576,2005.626139817629,2132.4399841685395,1991.7299871330856,0.0706471248334183,0.2890912509054342,False,False,,
1221,5.382656400000001,661283.0,2009.978723404255,2009.978723404255,2136.859740820154,1991.7299871330856,0.0728661789623248,0.4232279955168927,False,False,,
1222,5.387064800000001,666390.0,2025.501519756839,2012.924012158055,2139.8721576600665,1991.7299871330856,0.0743786414242916,0.4052219011637366,False,False,,
1223,5.391473200000001,662252.0,2012.924012158055,2016.9604863221884,2143.9757149615552,1991.7299871330856,0.0764389394205052,0.2509969058418626,False,False,,
1224,5.395881600000001,664568.0,2019.9635258358664,2017.1975683890576,2144.2798352471195,1991.7299871330856,0.0765916309437182,0.0959064825337119,False,False,,
1225,5.400290000000001,659436.0,2004.364741641337,2018.5106382978724,2145.6598984860457,1991.7299871330856,0.0772845276957084,0.0824006418079239,False,False,,
1226,5.404698400000001,663580.0,2016.9604863221884,2018.5106382978724,2145.726846957632,1991.7299871330856,0.0773181409224103,0.0903575035453077,False,False,,
1227,5.409106800000001,666074.0,2024.5410334346504,2019.9635258358664,2147.2466381387235,1991.7299871330856,0.0780811917329667,0.2170515585586461,False,False,,
1228,5.413515200000001,669323.0,2034.41641337386,2022.188449848024,2149.5384209955073,1991.7299871330856,0.0792318411039101,0.2161810267213137,False,False,,
1229,5.417923600000001,665773.0,2023.626139817629,2023.626139817629,2151.042925041264,1991.7299871330856,0.0799872166093632,0.0894767708568817,False,False,,
1230,5.422332000000001,668308.0,2031.3313069908816,2023.626139817629,2151.109694378918,1991.7299871330856,0.0800207398972011,0.0076018655959142,False,False,,
1231,5.426740400000001,664090.0,2018.5106382978724,2023.626139817629,2151.1764190080303,1991.7299871330856,0.0800542407379492,0.0596957464696661,False,False,,
1232,5.431148800000001,668293.0,2031.2857142857144,2024.5410334346504,2152.15799257556,1991.7299871330856,0.0805470653546748,0.2537203824749774,False,False,,
1233,5.435557200000001,662937.0,2015.0060790273556,2027.948328267477,2155.6319227102076,1991.7299871330856,0.0822912426061546,0.3518552213318919,False,False,,
1234,5.439965600000001,665300.0,2022.188449848024,2030.5866261398176,2158.336811265577,1991.7299871330856,0.0836493024701138,0.1976302635776257,False,False,,
1235,5.444374000000001,671160.0,2040.0,2031.2857142857144,2159.1024455055895,1991.7299871330856,0.0840337091140658,0.0473862937244593,False,False,,
1236,5.448782400000001,669097.0,2033.729483282675,2031.2857142857144,2159.168947040647,1991.7299871330856,0.0840670979446236,0.0101676698012251,False,False,,
1237,5.453190800000001,667195.0,2027.948328267477,2031.3313069908816,2159.28099675165,1991.7299871330856,0.0841233554251692,0.1467276769945389,False,False,,
1238,5.457599200000001,665693.0,2023.382978723404,2033.729483282675,2161.7455855498747,1991.7299871330856,0.0853607665271491,0.2647674553455168,False,False,,
1239,5.462007600000001,668063.0,2030.5866261398176,2035.848024316109,2163.930494620133,1991.7299871330856,0.0864577571254596,0.137370888377486,False,False,,
1240,5.466416000000001,670226.0,2037.161094224924,2036.009118541033,2164.1579124420496,1991.7299871330856,0.0865719381757957,0.0823243909218618,False,False,,
1241,5.470824400000001,670481.0,2037.936170212766,2037.161094224924,2165.376167312858,1991.7299871330856,0.0871835948153395,0.0973778413027037,False,False,,
1242,5.475232800000001,670366.0,2037.5866261398176,2037.5866261398176,2165.8679340343315,1991.7299871330856,0.0874304991269934,0.0317730873826569,False,False,,
1243,5.4796412000000005,669794.0,2035.848024316109,2037.5866261398176,2165.934124490291,1991.7299871330856,0.0874637317721749,0.0248445866437148,False,False,,
1244,5.4840496000000005,672284.0,2043.41641337386,2037.890577507599,2166.3042219931085,1991.7299871330856,0.0876495488785137,0.0274358348282248,False,False,,
1245,5.4884580000000005,673639.0,2047.534954407295,2037.936170212766,2166.415916542065,1991.7299871330856,0.0877056280406884,0.0160070975018165,False,False,,
1246,5.4928664000000005,669847.0,2036.009118541033,2038.0395136778116,2166.5853175893108,1991.7299871330856,0.0877906802557677,0.1501439272095268,False,False,,
1247,5.4972748000000005,671305.0,2040.440729483283,2040.440729483283,2169.0525467450307,1991.7299871330856,0.0890294170181093,0.3010701297026728,False,False,,
1248,5.5016832,672785.0,2044.939209726444,2043.19452887538,2171.872315285042,1991.7299871330856,0.0904451553753302,0.1643269339045758,False,False,,
1249,5.5060916,670515.0,2038.0395136778116,2043.19452887538,2171.9382402602196,1991.7299871330856,0.0904782547289592,0.0120059760432891,False,False,,
1250,5.510500000000001,670466.0,2037.890577507599,2043.273556231003,2172.083148447862,1991.7299871330856,0.0905510096649087,0.020136005509709,False,False,,
1251,5.514908400000001,672211.0,2043.19452887538,2043.41641337386,2172.2918423091382,1991.7299871330856,0.0906557898623372,0.0074956844306655,False,False,,
1252,5.519316800000001,675905.0,2054.422492401216,2043.273556231003,2172.214777800638,1991.7299871330856,0.090617097615397,-0.0051446332853508,False,False,,
1253,5.523725200000001,673218.0,2046.255319148936,2043.19452887538,2172.201499024828,1991.7299871330856,0.0906104306595869,0.0074856496174326,False,False,,
1254,5.528133600000001,672962.0,2045.4772036474164,2043.273556231003,2172.34623093522,1991.7299871330856,0.090683097090944,0.0119808805970134,False,False,,
1255,5.532542000000001,674795.0,2051.048632218845,2043.273556231003,2172.4118914944224,1991.7299871330856,0.0907160636876346,0.0029753848909059,False,True,1165.0,6.0
1256,5.536950400000001,672075.0,2042.7811550151976,2043.19452887538,2172.3984807318957,1991.7299871330856,0.0907093304644501,0.0029703792334814,False,False,,
1257,5.541358800000001,672237.0,2043.273556231003,2043.19452887538,2172.4640533883253,1991.7299871330856,0.0907422529272604,0.0119658636224375,False,False,,
1258,5.545767200000001,673544.0,2047.246200607903,2043.273556231003,2172.60860949313,1991.7299871330856,0.0908148310908364,0.011960864666296,False,False,,
1259,5.550175600000001,671715.0,2041.686930091185,2043.273556231003,2172.6740943644663,1991.7299871330856,0.0908477094788502,0.0074556257101718,False,False,,
1260,5.554584000000001,669800.0,2035.866261398176,2043.273556231003,2172.739535387336,1991.7299871330856,0.0908805658515978,-0.0205893443330928,False,False,,
1261,5.558992400000001,672824.0,2045.0577507598784,2042.7811550151976,2172.3125313752944,1991.7299871330856,0.0906661773477342,-0.0205943332541362,False,False,,
1262,5.563400800000001,670812.0,2038.9422492401216,2042.7811550151976,2172.3778847892936,1991.7299871330856,0.0906989897341628,0.0074406589448692,False,False,,
1263,5.567809200000001,670845.0,2039.042553191489,2042.7811550151976,2172.4431944428497,1991.7299871330856,0.0907317801495193,-0.0548753850293426,False,False,,
1264,5.572217600000001,668025.0,2030.471124620061,2041.686930091185,2171.414235441253,1991.7299871330856,0.0902151644394361,-0.1325961048179014,False,False,,
1265,5.576626000000001,677946.0,2060.6261398176293,2040.322188449848,2170.114716020472,1991.7299871330856,0.0895627068125609,-0.137447496302558,False,False,,
1266,5.581034400000001,666796.0,2026.7355623100304,2039.142857142857,2169.000563261441,1991.7299871330856,0.0890033173540357,-0.0654485749859627,False,False,,
1267,5.585442800000001,674024.0,2048.7051671732524,2039.042553191489,2168.9653942146806,1991.7299871330856,0.0889856598166246,0.0017039337475299,False,False,,
1268,5.589851200000001,669189.0,2034.009118541033,2039.042553191489,2169.030485505158,1991.7299871330856,0.0890183405971009,0.001698968163545,False,False,,
1269,5.594259600000001,672130.0,2042.948328267477,2038.9422492401216,2168.9952292593416,1991.7299871330856,0.089000639279129,-0.1037155401923151,False,False,,
1270,5.598668000000001,672745.0,2044.817629179331,2037.0911854103344,2167.209169579364,1991.7299871330856,0.0881039014223333,-0.0980086518031466,False,False,,
1271,5.603076400000001,670878.0,2039.142857142857,2037.0911854103344,2167.274130202598,1991.7299871330856,0.088136516597911,0.0073959386778366,False,False,,
1272,5.607484800000001,671266.0,2040.322188449848,2037.0911854103344,2167.3390473283994,1991.7299871330856,0.0881691099344681,-0.0774212920884576,False,False,,
1273,5.611893200000001,669358.0,2034.5227963525836,2035.601823708207,2165.9145592837676,1991.7299871330856,0.0874539085498255,0.0073860373987528,False,False,,
1274,5.616301600000001,669713.0,2035.601823708207,2037.0911854103344,2167.468751204192,1991.7299871330856,0.0882342311490054,0.0073810917310694,False,False,,
1275,5.620710000000001,663701.0,2017.3282674772036,2035.601823708207,2166.044176310248,1991.7299871330856,0.0875189861594,-0.0774361290937371,False,False,,
1276,5.625118400000001,670203.0,2037.0911854103344,2035.601823708207,2166.1089197373863,1991.7299871330856,0.0875514922860117,-0.0540744199908864,False,False,,
1277,5.629526800000001,669251.0,2034.1975683890576,2034.5227963525836,2165.094592456904,1991.7299871330856,0.0870422228132243,-0.0725995879674616,False,False,,
1278,5.633935200000001,670784.0,2038.857142857143,2034.1975683890576,2164.8340212455496,1991.7299871330856,0.0869113962388202,-0.0116781489306703,False,False,,
1279,5.638343600000001,665962.0,2024.2006079027356,2034.188449848024,2164.889516162727,1991.7299871330856,0.0869392589097324,-0.561924370413518,False,False,,
1280,5.642752000000001,665070.0,2021.4893617021276,2024.2006079027356,2154.966244410679,1991.7299871330856,0.0819570214497583,-0.6173169066733486,False,False,,
1281,5.647160400000001,673300.0,2046.504559270517,2023.2188449848024,2154.049008449985,1991.7299871330856,0.0814964992069748,-0.1106982800677673,False,False,,
1282,5.651568800000001,669248.0,2034.188449848024,2022.127659574468,2153.0223067898405,1991.7299871330856,0.0809810168540568,-0.0547963300283349,False,False,,
1283,5.655977200000001,663865.0,2017.826747720365,2022.127659574468,2153.086747361911,1991.7299871330856,0.081013370924381,-0.029011389865527,False,False,,
1284,5.660385600000001,665639.0,2023.2188449848024,2021.4893617021276,2152.5128469124343,1991.7299871330856,0.0807252292318905,-0.2375852730367516,False,False,,
1285,5.6647940000000006,665280.0,2022.127659574468,2017.826747720365,2148.914587233221,1991.7299871330856,0.0789186290890706,-0.3859251265774581,False,False,,
1286,5.6692024000000005,662798.0,2014.58358662614,2014.58358662614,2145.7357373501045,1991.7299871330856,0.0773226045758823,-0.211978318649761,False,False,,
1287,5.6736108000000005,662598.0,2013.9756838905776,2013.9756838905776,2145.192102763064,1991.7299871330856,0.0770496586491994,-0.1065736753423269,False,False,,
1288,5.6780192000000005,662140.0,2012.58358662614,2012.58358662614,2143.864230613395,1991.7299871330856,0.0763829657951241,-0.2497209305501115,False,False,,
1289,5.6824276000000005,661113.0,2009.462006079027,2009.462006079027,2140.8068321761143,1991.7299871330856,0.0748479191487252,-0.4299086469512421,False,False,,
1290,5.686836,659342.0,2004.079027355623,2004.905775075988,2136.314740306765,1991.7299871330856,0.0725925472366844,-0.2992333965436984,False,False,,
1291,5.691244400000001,658568.0,2001.726443768997,2004.079027355623,2135.552088772726,1991.7299871330856,0.0722096381380788,-0.1737507313375204,False,False,,
1292,5.695652800000001,659614.0,2004.905775075988,2001.726443768997,2133.2635584538184,1991.7299871330856,0.0710606217886278,-0.4448087362690867,False,False,,
1293,5.700061200000001,655521.0,1992.465045592705,1996.139817629179,2127.7409426918503,1991.7299871330856,0.0682878484721415,-0.3143065623218044,False,False,,
1294,5.704469600000001,656710.0,1996.079027355623,1996.079027355623,2127.7441199349933,1991.7299871330856,0.0682894436899489,-0.2019784447766586,False,False,,
1295,5.708878000000001,654812.0,1990.310030395137,1992.465045592705,2124.1940628563243,1991.7299871330856,0.0665070449202347,-0.3212397700682823,False,False,,
1296,5.713286400000001,656730.0,1996.139817629179,1990.310030395137,2122.102929539235,1991.7299871330856,0.0654571368852109,-0.1161373985224676,False,False,,
1297,5.717694800000001,653382.0,1985.9635258358664,1990.2978723404256,2122.154610589894,1991.7299871330856,0.0654830847049418,-0.0290798684393358,False,False,,
1298,5.722103200000001,654808.0,1990.2978723404256,1989.6717325227964,2121.5922671311687,1991.7299871330856,0.065200745501155,-0.2371344469097636,False,False,,
1299,5.726511600000001,654602.0,1989.6717325227964,1986.0060790273556,2117.990367276788,1991.7299871330856,0.0633923177134278,-0.2039067441920519,False,False,,
1300,5.730920000000001,653396.0,1986.0060790273556,1985.9635258358664,2118.011525037118,1991.7299871330856,0.0634029405189625,-0.643723848533992,False,False,,
1301,5.735328400000001,647758.0,1968.869300911854,1974.5744680851064,2106.6861355775236,1991.7299871330856,0.0577167332856733,-0.7468881299855461,False,False,,
1302,5.739736800000001,649025.0,1972.720364741641,1972.720364741641,2104.8956578931334,1991.7299871330856,0.056817777254506,-0.2555010274909701,False,False,,
1303,5.744145200000001,649635.0,1974.5744680851064,1969.9604863221884,2102.1993625292116,1991.7299871330856,0.055464031826491,-0.1549427478327052,False,False,,
1304,5.748553600000001,647155.0,1967.0364741641336,1969.872340425532,2102.17475711307,1991.7299871330856,0.0554516780354146,-0.0549037237743279,False,False,,
1305,5.752962000000001,648117.0,1969.9604863221884,1968.869300911854,2101.2352155333983,1991.7299871330856,0.0549799566747175,-0.1542600940129661,False,False,,
1306,5.757370400000001,648088.0,1969.872340425532,1967.0364741641336,2099.4658442016653,1991.7299871330856,0.054091597638521,-0.105800775676883,False,False,,
1307,5.761778800000001,647105.0,1966.884498480243,1966.884498480243,2099.3772814442123,1991.7299871330856,0.0540471323957295,-0.30277780281091,False,False,,
1308,5.766187200000001,644492.0,1958.9422492401216,1961.592705167173,2094.1488585964817,1991.7299871330856,0.0514220663066978,-0.3168026260089176,False,False,,
1309,5.770595600000001,641731.0,1950.550151975684,1961.19452887538,2093.814010337361,1991.7299871330856,0.0512539470027341,-0.1437211744910129,False,False,,
1310,5.775004000000001,645364.0,1961.592705167173,1958.9422492401216,2091.6250163305212,1991.7299871330856,0.0501549054554455,-0.5989429255370142,False,False,,
1311,5.779412400000001,645233.0,1961.19452887538,1950.550151975684,2083.296162318642,1991.7299871330856,0.0459731870168594,-0.708165194454466,False,False,,
1312,5.783820800000001,640359.0,1946.3799392097264,1946.3799392097264,2079.189150457758,1991.7299871330856,0.0439111545689794,-0.2922436787657938,False,False,,
1313,5.788229200000001,640001.0,1945.29179331307,1945.29179331307,2078.1641631470447,1991.7299871330856,0.0433965329499172,-0.3531748683819682,False,False,,
1314,5.792637600000001,637517.0,1937.741641337386,1940.051671732523,2072.9871578616485,1991.7299871330856,0.0407972823894292,-0.422760368901411,False,False,,
1315,5.797046000000001,638277.0,1940.051671732523,1937.741641337386,2070.7402014991867,1991.7299871330856,0.0396691393293872,-0.2074458450549681,False,False,,
1316,5.801454400000001,636618.0,1935.009118541033,1936.2826747720364,2069.344266732337,1991.7299871330856,0.0389682738627486,-0.1049835742347404,False,False,,
1317,5.805862800000001,636869.0,1935.772036474164,1935.772036474164,2068.8966180270672,1991.7299871330856,0.0387435201520744,-0.0653516207747015,False,False,,
1318,5.810271200000001,637037.0,1936.2826747720364,1935.009118541033,2068.196647508904,1991.7299871330856,0.0383920816927022,-0.6843129693489942,False,False,,
1319,5.814679600000001,631685.0,1920.015197568389,1923.629179331307,2056.879613564751,1991.7299871330856,0.0327100695639182,-0.7244737857295491,False,False,,
1320,5.819088000000001,632391.0,1922.161094224924,1922.161094224924,2055.474391602771,1991.7299871330856,0.032004541218682,-0.1986424548301499,False,False,,
1321,5.823496400000001,632874.0,1923.629179331307,1920.015197568389,2053.3913159976737,1991.7299871330856,0.0309586787681717,-0.3275965277545851,False,False,,
1322,5.827904800000001,630457.0,1916.2826747720364,1916.2826747720364,2049.7215721879775,1991.7299871330856,0.0291161881527754,-0.4648587390342933,False,False,,
1323,5.832313200000001,628824.0,1911.3191489361704,1911.726443768997,2045.2280781349805,1991.7299871330856,0.0268601122378542,-0.2755071318613757,False,False,,
1324,5.836721600000001,628958.0,1911.726443768997,1911.3191489361704,2044.8834782437289,1991.7299871330856,0.02668709687258,-0.0484227118793505,False,False,,
1325,5.841130000000001,626670.0,1904.772036474164,1910.7507598784196,2044.3777421472157,1991.7299871330856,0.0264331788717563,-0.3530593488088138,False,False,,
1326,5.845538400000001,628637.0,1910.7507598784196,1904.9939209726444,2038.6835142504492,1991.7299871330856,0.0235742432060025,-0.3333322889657331,False,False,,
1327,5.849946800000001,622364.0,1891.6838905775076,1904.772036474164,2038.524198836841,1991.7299871330856,0.0234942547464033,-0.0124350942191777,False,False,,
1328,5.8543552000000005,626743.0,1904.9939209726444,1904.650455927052,2038.465145478536,1991.7299871330856,0.0234646054672908,-0.1988537905454759,False,False,,
1329,5.8587636000000005,621430.0,1888.8449848024316,1901.1550151975684,2035.032190069848,1991.7299871330856,0.0217410006459219,-0.5292802707920203,False,False,,
1330,5.8631720000000005,625480.0,1901.1550151975684,1895.2310030395136,2029.1706213926127,1991.7299871330856,0.0187980471757717,-0.5322275011879956,False,False,,
1331,5.8675804000000005,626630.0,1904.650455927052,1891.6838905775076,2025.6859105994647,1991.7299871330856,0.0170484572134476,-0.2736413554019938,False,False,,
1332,5.871988800000001,623531.0,1895.2310030395136,1890.300911854103,2024.3652917609552,1991.7299871330856,0.0163854060734634,-0.1545627501953055,False,False,,
1333,5.876397200000001,621909.0,1890.300911854103,1888.8449848024316,2022.9716828381936,1991.7299871330856,0.0156857083575255,-0.2392066964107269,False,False,,
1334,5.880805600000001,620486.0,1885.9756838905776,1885.9756838905776,2020.1646583272236,1991.7299871330856,0.0142763684725493,-0.2468272436906753,False,False,,
1335,5.885214000000001,615242.0,1870.0364741641336,1884.386018237082,2018.6372273745276,1991.7299871330856,0.0135094819153536,-0.2750450554175716,False,False,,
1336,5.889622400000001,617155.0,1875.851063829787,1881.021276595745,2015.3346787618275,1991.7299871330856,0.0118513512279437,-0.4789454407934546,False,False,,
1337,5.894030800000001,618856.0,1881.021276595745,1875.851063829787,2010.226617380249,1991.7299871330856,0.0092867157529659,-0.6184577258692978,False,False,,
1338,5.898439200000001,619963.0,1884.386018237082,1870.0364741641336,2004.4741374826003,1991.7299871330856,0.0063985331504993,-0.5201494554928175,False,False,,
1339,5.902847600000001,613372.0,1864.3525835866265,1866.592705167173,2001.092436665137,1991.7299871330856,0.0047006620337768,-0.2928919014147454,False,False,,
1340,5.907256000000001,614109.0,1866.592705167173,1864.7689969604864,1999.330755077287,1991.7299871330856,0.0038161638341058,-0.1205026957469235,False,False,,
1341,5.911664400000001,613509.0,1864.7689969604864,1864.3525835866265,1998.9763267894327,1991.7299871330856,0.0036382138659154,-0.0905634974816086,False,False,,
1342,5.916072800000001,612945.0,1863.054711246201,1863.054711246201,1997.740398029992,1991.7299871330856,0.00301768358951,-0.0717018181357564,False,False,,
1343,5.920481200000001,612818.0,1862.6686930091184,1862.9696048632215,1997.7171937507687,1991.7299871330856,0.003006033275776,-0.01493423973871,False,False,,
1344,5.924889600000001,612917.0,1862.9696048632215,1862.6686930091184,1997.4781425509643,1991.7299871330856,0.0028860113845817,-0.1366186155290854,False,False,,
1345,5.929298000000001,612087.0,1860.4468085106384,1860.4468085106384,1995.3180772850817,1991.7299871330856,0.0018014942663792,-0.4275813725317665,False,False,,
1346,5.933706400000001,610307.0,1855.0364741641336,1855.0364741641336,1989.9695207772083,1991.7299871330856,-0.0008838880607563,-0.4249897911053905,False,False,,
1347,5.938114800000001,609591.0,1852.860182370821,1852.860182370821,1987.8549654562776,1991.7299871330856,-0.0019455557238387,-0.5709062369848797,False,False,,
1348,5.942523200000001,606494.0,1843.4468085106384,1844.887537993921,1979.94401621321,1991.7299871330856,-0.0059174541710045,-0.4795213862809769,False,False,,
1349,5.946931600000001,603228.0,1833.5197568389056,1844.3161094224924,1979.434241464744,1991.7299871330856,-0.0061733998824008,-0.0750234472217716,False,False,,
1350,5.951340000000001,606780.0,1844.3161094224924,1843.4468085106384,1978.626553092644,1991.7299871330856,-0.0065789209004694,-0.5847672496493527,False,False,,
1351,5.955748400000001,602703.0,1831.924012158055,1833.924012158055,1969.1653280242492,1991.7299871330856,-0.0113291757691092,-0.5582897454683542,False,False,,
1352,5.960156800000001,606968.0,1844.887537993921,1833.5197568389056,1968.822602761349,1991.7299871330856,-0.0115012499283148,-0.1068854143857547,False,False,,
1353,5.964565200000001,602388.0,1830.966565349544,1831.924012158055,1967.2883469364117,1991.7299871330856,-0.0122715630906655,-0.1383918085839723,False,False,,
1354,5.968973600000001,603361.0,1833.924012158055,1830.966565349544,1966.392347811068,1991.7299871330856,-0.012721422826238,-0.210919648614906,False,False,,
1355,5.973382000000001,601114.0,1827.094224924012,1828.09726443769,1963.5844534372031,1991.7299871330856,-0.0141311994485734,-0.2135206273410106,False,False,,
1356,5.977790400000001,597663.0,1816.6048632218844,1827.094224924012,1962.6427793438877,1991.7299871330856,-0.0146039914933782,-0.6474526191426615,False,False,,
1357,5.982198800000001,596637.0,1813.4863221884495,1816.6048632218844,1952.2147419720277,1991.7299871330856,-0.0198396597010304,-0.7139224298728064,False,False,,
1358,5.986607200000001,601444.0,1828.09726443769,1814.434650455927,1950.1058124737567,1991.7299871330856,-0.0208985027730807,-0.1706092639087324,False,False,,
1359,5.991015600000001,596448.0,1812.9118541033436,1813.4863221884495,1949.21872643888,1991.7299871330856,-0.0213438874590609,-0.0797436375023723,False,False,,
1360,5.995424000000001,596949.0,1814.434650455927,1812.9118541033436,1948.7054595787663,1991.7299871330856,-0.0216015864762116,-0.1962353745095413,False,False,,
1361,5.999832400000001,595463.0,1809.917933130699,1809.917933130699,1945.772698850964,1991.7299871330856,-0.0230740555090366,-0.1842970867093236,False,False,,
1362,6.004240800000001,595343.0,1809.5531914893616,1809.5531914893616,1945.4690765017588,1991.7299871330856,-0.0232264970303104,-0.0873734310336513,False,False,,
1363,6.008649200000001,594918.0,1808.261398176292,1808.261398176292,1944.238361555533,1991.7299871330856,-0.0238444095757741,-0.1600743291733448,False,False,,
1364,6.013057600000001,593717.0,1804.61094224924,1806.6200607902736,1942.6580616384745,1991.7299871330856,-0.0246378403757659,-0.128231109509215,False,False,,
1365,6.017466000000001,594378.0,1806.6200607902736,1805.887537993921,1941.9865354405815,1991.7299871330856,-0.0249749976220949,-0.1074654088129212,False,False,,
1366,6.021874400000001,593127.0,1802.817629179331,1804.61094224924,1940.770895451228,1991.7299871330856,-0.0255853413921877,-0.167877171535177,False,False,,
1367,6.026282800000001,592420.0,1800.6686930091184,1802.817629179331,1939.038497320862,1991.7299871330856,-0.0264551370680863,-0.1805171171491473,False,False,,
1368,6.030691200000001,592634.0,1801.3191489361702,1801.3191489361702,1937.6008912287896,1991.7299871330856,-0.0271769247106683,-0.1154413187689638,False,False,,
1369,6.035099600000001,594137.0,1805.887537993921,1800.6686930091184,1937.0112686916837,1991.7299871330856,-0.0274729600874085,-0.2919939677737551,False,False,,
1370,6.0395080000000005,588078.0,1787.471124620061,1796.0699088145896,1932.473277153252,1991.7299871330856,-0.0297513771257359,-0.3781955741595255,False,False,,
1371,6.0439164000000005,590195.0,1793.9057750759878,1793.9057750759878,1930.369895364174,1991.7299871330856,-0.0308074348256582,-0.4827443233944071,False,False,,
1372,6.0483248000000005,590907.0,1796.0699088145896,1787.471124620061,1923.995956178454,1991.7299871330856,-0.0340076372762397,-0.3866860680051869,False,False,,
1373,6.052733200000001,587921.0,1786.9939209726444,1786.9939209726444,1923.5794231491664,1991.7299871330856,-0.034216768550046,-0.0202670361103587,False,False,,
1374,6.057141600000001,586154.0,1781.623100303951,1786.9939209726444,1923.6400531424383,1991.7299871330856,-0.0341863276802176,0.0069028850087433,False,False,,
1375,6.061550000000001,583256.0,1772.8145896656536,1786.9939209726444,1923.700642538055,1991.7299871330856,-0.0341559071935009,0.0068982628583893,False,False,,
1376,6.065958400000001,582444.0,1770.3465045592704,1786.9939209726444,1923.7611913632009,1991.7299871330856,-0.0341255070762477,0.0068936438030084,False,False,,
1377,6.070366800000001,585678.0,1780.176291793313,1786.9939209726444,1923.821699645041,1991.7299871330856,-0.0340951273148186,0.0068890278405384,False,False,,
1378,6.074775200000001,584644.0,1777.033434650456,1786.9939209726444,1923.882167410724,1991.7299871330856,-0.0340647678955833,0.0068844149689093,False,False,,
1379,6.079183600000001,585669.0,1780.148936170213,1786.9939209726444,1923.942594687379,1991.7299871330856,-0.0340344288049207,0.006879805186037,False,False,,
1380,6.083592000000001,584567.0,1776.7993920972644,1786.9939209726444,1924.002981502117,1991.7299871330856,-0.034004110029219,0.4172627745088357,False,False,,
1381,6.088000400000001,590292.0,1794.2006079027356,1794.2006079027356,1931.270014812123,1991.7299871330856,-0.0303555063746312,1.152701785618774,False,False,,
1382,6.092408800000001,594541.0,1807.115501519757,1807.115501519757,1944.2452144013105,1991.7299871330856,-0.0238409689257755,1.0007274289764845,False,False,,
1383,6.096817200000001,597311.0,1815.534954407295,1811.6534954407296,1948.843473913758,1991.7299871330856,-0.0215322927788314,0.4863103996729214,False,False,,
1384,6.101225600000001,596034.0,1811.6534954407296,1815.534954407295,1952.785158118145,1991.7299871330856,-0.0195532673939393,0.410494013528798,True,False,1384.0,7.0
1385,6.105634000000001,598366.0,1818.741641337386,1818.741641337386,1956.052029959426,1991.7299871330856,-0.0179130491603507,0.7597775405001226,False,False,,
1386,6.110042400000001,601661.0,1828.756838905775,1828.756838905775,1966.1273721393752,1991.7299871330856,-0.0128544607748578,0.600533572298708,False,False,,
1387,6.114450800000001,602994.0,1832.8085106382975,1829.1671732522796,1966.5978108247948,1991.7299871330856,-0.0126182647601075,0.2375670525620712,False,False,,
1388,6.118859200000001,605857.0,1841.5106382978724,1832.8085106382975,1970.2992123040497,1991.7299871330856,-0.0107598795858286,0.7097418493885189,False,False,,
1389,6.123267600000001,601796.0,1829.1671732522796,1841.5106382978724,1979.0613638381308,1991.7299871330856,-0.0063606128224188,0.8958050241631488,False,False,,
1390,6.127676000000001,608185.0,1848.5866261398176,1848.419452887538,1986.030162110503,1991.7299871330856,-0.0028617458487869,0.4097741667100121,False,False,,
1391,6.132084400000001,609499.0,1852.580547112462,1848.5866261398176,1986.2572788806017,1991.7299871330856,-0.00274771594937,0.2437798488283593,False,False,,
1392,6.136492800000001,608130.0,1848.419452887538,1852.580547112462,1990.3111032330717,1991.7299871330856,-0.0007123876776371,0.3952257762772715,False,False,,
1393,6.140901200000001,610687.0,1856.1914893617025,1855.407294832827,1993.1977142221451,1991.7299871330856,0.0007369106749113,0.2124420951063904,False,False,,
1394,6.145309600000001,610429.0,1855.407294832827,1856.1914893617025,1994.0417319354708,1991.7299871330856,0.0011606717864968,0.5736686031712125,False,False,,
1395,6.149718000000001,613704.0,1865.3617021276596,1865.3617021276596,2003.2717278284597,1991.7299871330856,0.0057948320153513,1.1117892950980293,False,False,,
1396,6.154126400000001,620618.0,1886.376899696049,1875.595744680851,2013.5655134780868,1991.7299871330856,0.0109630956435171,0.7123015972929958,False,False,,
1397,6.158534800000001,617780.0,1877.7507598784196,1877.7507598784196,2015.780231768299,1991.7299871330856,0.0120750527383641,0.4687646431525516,False,False,,
1398,6.162943200000001,617071.0,1875.595744680851,1883.70820668693,2021.797341692448,1991.7299871330856,0.0150960997492645,0.4980116734223889,False,False,,
1399,6.167351600000001,619740.0,1883.70820668693,1886.376899696049,2024.525657866968,1991.7299871330856,0.0164659220605946,0.1992602012333635,False,False,,
1400,6.171760000000001,622657.0,1892.5744680851064,1887.0881458966564,2025.296487309491,1991.7299871330856,0.0168529370914988,0.195967016469726,False,False,,
1401,6.176168400000001,620852.0,1887.0881458966564,1889.699088145897,2027.9669729038933,1991.7299871330856,0.0181937240514049,0.2096362904434117,False,False,,
1402,6.180576800000001,621711.0,1889.699088145897,1890.650455927052,2028.9778441601711,1991.7299871330856,0.0187012583370803,0.1705142512689197,False,False,,
1403,6.184985200000001,622024.0,1890.650455927052,1892.5744680851064,2030.9613199500063,1991.7299871330856,0.0196971141019927,0.1594321929133983,False,False,,
1404,6.189393600000001,625714.0,1901.866261398176,1893.3313069908816,2031.7775826708992,1991.7299871330856,0.0201069400955591,0.5358903243125344,False,False,,
1405,6.193802000000001,622906.0,1893.3313069908816,1901.866261398176,2040.3719211033097,1991.7299871330856,0.0244219519133914,0.5514635595486617,False,False,,
1406,6.198210400000001,626053.0,1902.8966565349544,1902.8966565349544,2041.461660501845,1991.7299871330856,0.0249690840073877,0.6085775056396066,False,False,,
1407,6.202618800000001,629191.0,1912.434650455927,1912.434650455927,2051.0589589478413,1991.7299871330856,0.0297876580651147,1.179238455204036,False,False,,
1408,6.207027200000001,633323.0,1924.9939209726444,1923.4863221884495,2062.169895495262,1991.7299871330856,0.0353661936192306,0.6390316461403893,False,False,,
1409,6.211435600000001,635102.0,1930.401215805471,1923.537993920973,2062.280792359147,1991.7299871330856,0.0354218722828052,0.0925937339308422,False,False,,
1410,6.215844000000001,632844.0,1923.537993920973,1924.9939209726444,2063.795904885217,1991.7299871330856,0.0361825740525521,0.2684448819912957,False,False,,
1411,6.220252400000001,632827.0,1923.4863221884495,1928.133738601824,2066.9948683583852,1991.7299871330856,0.0377886971183461,0.3146544074156949,False,False,,
1412,6.2246608000000005,634356.0,1928.133738601824,1930.401215805471,2069.3214518021477,1991.7299871330856,0.0389568190318548,0.6575338242191746,False,False,,
1413,6.2290692000000005,638116.0,1939.562310030395,1939.562310030395,2078.5416126898317,1991.7299871330856,0.0435860413397217,0.7835361319576366,False,False,,
1414,6.233477600000001,639590.0,1944.042553191489,1944.042553191489,2083.0808829628327,1991.7299871330856,0.0458651004000991,0.3444117300595852,False,False,,
1415,6.237886000000001,640179.0,1945.8328267477204,1945.4924012158056,2084.589718574685,1991.7299871330856,0.0466226506813116,0.1086637132190642,False,False,,
1416,6.242294400000001,641088.0,1948.595744680851,1945.8328267477204,2084.98909219623,1991.7299871330856,0.0468231666268089,0.1834324903566573,False,False,,
1417,6.246702800000001,641450.0,1949.696048632219,1948.595744680851,2087.810918747534,1991.7299871330856,0.0482399382622882,0.2266995670741476,False,False,,
1418,6.251111200000001,640067.0,1945.4924012158056,1949.696048632219,2088.9700918720464,1991.7299871330856,0.0488219313697882,0.3141036488610371,False,False,,
1419,6.255519600000001,643616.0,1956.279635258359,1953.9939209726444,2093.3267939670022,1991.7299871330856,0.0510093273135662,0.3816028111572569,False,False,,
1420,6.259928000000001,644858.0,1960.054711246201,1956.279635258359,2095.671298615025,1991.7299871330856,0.0521864470351995,0.243994731590357,False,False,,
1421,6.264336400000001,642864.0,1953.9939209726444,1958.161094224924,2097.6115085780557,1991.7299871330856,0.053160580063052,0.1712940109975234,False,False,,
1422,6.268744800000001,644235.0,1958.161094224924,1959.1702127659576,2098.6793387760695,1991.7299871330856,0.0536967120713625,0.11451723140393,False,False,,
1423,6.273153200000001,650476.0,1977.130699088146,1960.054711246201,2099.62250960015,1991.7299871330856,0.0541702555888942,0.1143396692160463,False,False,,
1424,6.277561600000001,644567.0,1959.1702127659576,1961.060790273556,2100.687221684523,1991.7299871330856,0.0547048220669065,0.2734014900073234,False,False,,
1425,6.281970000000001,646399.0,1964.738601823708,1964.738601823708,2104.423627031181,1991.7299871330856,0.0565807818459907,0.6680337443975599,False,False,,
1426,6.286378400000001,645189.0,1961.060790273556,1972.6747720364745,2112.418351806228,1991.7299871330856,0.0605947419845109,0.7123393658202426,False,False,,
1427,6.290786800000001,653190.0,1985.3799392097264,1977.130699088146,2116.932794212228,1991.7299871330856,0.0628613355665546,0.5769814289063779,False,False,,
1428,6.295195200000001,653952.0,1987.696048632219,1982.689969604863,2122.550540901574,1991.7299871330856,0.0656818718468926,0.380870209792767,False,False,,
1429,6.299603600000001,649010.0,1972.6747720364745,1983.7021276595744,2123.6211359734507,1991.7299871330856,0.0662193920322555,0.1598345689733626,False,False,,
1430,6.304012000000001,653894.0,1987.5197568389056,1985.3799392097264,2125.357345411523,1991.7299871330856,0.067091101274617,0.1245205123571793,False,False,,
1431,6.308420400000001,653379.0,1985.954407294833,1985.772036474164,2125.807801460837,1991.7299871330856,0.0673172644856063,0.0393576093383423,False,False,,
1432,6.312828800000001,652305.0,1982.689969604863,1985.954407294833,2126.0484919895207,1991.7299871330856,0.0674381094446312,0.1061644654138156,False,False,,
1433,6.317237200000001,653319.0,1985.772036474164,1987.5197568389056,2127.672122190913,1991.7299871330856,0.0682532953442668,0.1058138468237412,False,False,,
1434,6.321645600000001,652638.0,1983.7021276595744,1987.696048632219,2127.9066556169987,1991.7299871330856,0.0683710489693068,0.16777429294285,False,False,,
1435,6.326054000000001,657337.0,1997.984802431611,1990.349544072948,2130.6183536920844,1991.7299871330856,0.0697325277302853,0.1902710696066654,False,False,,
1436,6.330462400000001,655751.0,1993.1641337386015,1990.920972644377,2131.2479459255665,1991.7299871330856,0.0700486309358148,0.1668999843573875,False,False,,
1437,6.334870800000001,654825.0,1990.349544072948,1993.1641337386015,2133.549231735637,1991.7299871330856,0.0712040515123675,0.187838990422005,False,False,,
1438,6.339279200000001,658017.0,2000.051671732523,1994.1033434650456,2134.5465272577976,1991.7299871330856,0.0717047697465676,0.2811280655779935,False,False,,
1439,6.343687600000001,660234.0,2006.790273556231,1997.984802431611,2138.486033126011,1991.7299871330856,0.0736827014409556,0.3453386482260985,False,False,,
1440,6.348096000000001,655013.0,1990.920972644377,2000.051671732523,2140.6109104605466,1991.7299871330856,0.0747495515402474,0.1892103961032436,False,False,,
1441,6.352504400000001,656060.0,1994.1033434650456,2001.1914893617025,2141.80869728135,1991.7299871330856,0.0753509316613186,0.3055199557388892,False,False,,
1442,6.356912800000001,662170.0,2012.6747720364745,2005.300911854103,2145.9760501493847,1991.7299871330856,0.077443259886006,0.3254204589335394,False,False,,
1443,6.361321200000001,658392.0,2001.1914893617025,2006.790273556231,2147.5233034371468,1991.7299871330856,0.0782200987636438,0.205986507603006,False,False,,
1444,6.365729600000001,661307.0,2010.051671732523,2008.8024316109424,2149.593314313466,1991.7299871330856,0.0792594017262402,0.1923082778916764,False,False,,
1445,6.370138000000001,659744.0,2005.300911854103,2010.051671732523,2150.900368518586,1991.7299871330856,0.0799156423881592,0.2153243430443971,False,False,,
1446,6.374546400000001,664463.0,2019.644376899696,2012.468085106383,2153.374557263854,1991.7299871330856,0.081157873393994,0.1559513406378734,False,False,,
1447,6.378954800000001,660896.0,2008.8024316109424,2012.6747720364745,2153.6389808791446,1991.7299871330856,0.0812906341682952,0.1514466927633826,False,False,,
1448,6.383363200000001,662102.0,2012.468085106383,2015.012158054711,2156.0340649222753,1991.7299871330856,0.0824931485947502,0.2826416933880491,False,False,,
1449,6.387771600000001,664553.0,2019.917933130699,2017.5227963525836,2158.6023626106235,1991.7299871330856,0.0837826294505589,0.2703481686935749,False,False,,
1450,6.392180000000001,662939.0,2015.012158054711,2019.644376899696,2160.781563939662,1991.7299871330856,0.0848767543284877,0.1429522690226061,False,False,,
1451,6.396588400000001,665225.0,2021.9604863221884,2019.917933130699,2161.1127023698964,1991.7299871330856,0.0850430110160774,0.0688669473324363,False,False,,
1452,6.400996800000001,663765.0,2017.5227963525836,2020.738601823708,2161.990914705274,1991.7299871330856,0.0854839404297284,0.1228654776996318,False,False,,
1453,6.405405200000001,666213.0,2024.9635258358664,2021.9604863221884,2163.270304315079,1991.7299871330856,0.0861262913598595,0.1135144315786114,False,False,,
1454,6.4098136000000006,667504.0,2028.887537993921,2022.617021276596,2163.9843058755673,1991.7299871330856,0.0864847744700706,0.1038172158297818,False,False,,
1455,6.414222000000001,666068.0,2024.5227963525836,2023.6686930091184,2165.09340573471,1991.7299871330856,0.0870416269883877,0.1150634432097454,False,False,,
1456,6.418630400000001,664823.0,2020.738601823708,2024.5227963525836,2166.0048987511,1991.7299871330856,0.0874992658361625,0.0802687223545,False,False,,
1457,6.423038800000001,670185.0,2037.0364741641336,2024.9635258358664,2166.502979479361,1991.7299871330856,0.0877493402596428,0.2187333733025305,False,False,,
1458,6.427447200000001,668100.0,2030.699088145897,2028.2492401215804,2169.846006607838,1991.7299871330856,0.0894277942418962,0.229979609477084,False,False,,
1459,6.431855600000001,665787.0,2023.6686930091184,2028.887537993921,2170.5415789464396,1991.7299871330856,0.0897770244804804,0.0527348868396178,False,False,,
1460,6.436264000000001,665441.0,2022.617021276596,2029.060790273556,2170.7720673415315,1991.7299871330856,0.0898927471921837,0.0214019033504673,False,False,,
1461,6.440672400000001,667294.0,2028.2492401215804,2029.148936170213,2170.9174110285194,1991.7299871330856,0.0899657207819408,0.0257246969983828,False,False,,
1462,6.445080800000001,667590.0,2029.148936170213,2029.398176291793,2171.2238106409686,1991.7299871330856,0.0901195567006791,0.0947817632564156,False,False,,
1463,6.449489200000001,671616.0,2041.386018237082,2030.699088145897,2172.5818437121234,1991.7299871330856,0.0908013926322199,0.0805843305088327,False,False,,
1464,6.453897600000001,668705.0,2032.537993920973,2030.699088145897,2172.6389266809856,1991.7299871330856,0.0908300526259093,0.0064990469031744,False,False,,
1465,6.458306000000001,667672.0,2029.398176291793,2030.699088145897,2172.695971427269,1991.7299871330856,0.0908586934289558,0.0431889870704473,False,False,,
1466,6.462714400000001,667561.0,2029.060790273556,2031.343465045593,2173.3973548762633,1991.7299871330856,0.0912108412871121,0.1112075473003422,False,False,,
1467,6.467122800000001,669161.0,2033.924012158055,2032.537993920973,2174.648852129534,1991.7299871330856,0.0918391881319935,0.1394162654466377,False,False,,
1468,6.471531200000001,669080.0,2033.677811550152,2033.677811550152,2175.845599990754,1991.7299871330856,0.092440046616302,0.0713890133833299,False,False,,
1469,6.475939600000001,670617.0,2038.349544072948,2033.677811550152,2175.9024921024898,1991.7299871330856,0.0924686107851916,0.0064773173147401,False,False,,
1470,6.480348000000001,668312.0,2031.343465045593,2033.677811550152,2175.9593461194436,1991.7299871330856,0.0924971558276026,0.0064729801231866,False,False,,
1471,6.484756400000001,666513.0,2025.8753799392096,2033.677811550152,2176.016162067124,1991.7299871330856,0.0925256817563418,0.00646864583579,False,False,,
1472,6.489164800000001,669199.0,2034.0395136778116,2033.677811550152,2176.0729399710226,1991.7299871330856,0.0925541885842076,0.020484303340357,False,False,,
1473,6.493573200000001,671494.0,2041.015197568389,2033.924012158055,2176.375880464516,1991.7299871330856,0.092706287762033,0.0270572535938935,False,False,,
1474,6.497981600000001,670074.0,2036.699088145897,2034.0395136778116,2176.548083877012,1991.7299871330856,0.0927927469776942,0.1644834363831808,False,False,,
1475,6.502390000000001,670652.0,2038.455927051672,2036.699088145897,2179.2643222704255,1991.7299871330856,0.0941565053239362,0.1762489809091327,False,True,1384.0,7.0
1476,6.506798400000001,668609.0,2032.246200607903,2037.021276595745,2179.643136703614,1991.7299871330856,0.0943466989925738,0.0247941638479147,False,False,,
1477,6.511206800000001,666957.0,2027.224924012158,2037.021276595745,2179.699724770371,1991.7299871330856,0.0943751105077505,0.0064427009902807,False,False,,
1478,6.515615200000001,670898.0,2039.203647416413,2037.021276595745,2179.756274945935,1991.7299871330856,0.0944035029986649,0.006438386977738,False,False,,
1479,6.520023600000001,666798.0,2026.741641337386,2037.021276595745,2179.812787255677,1991.7299871330856,0.0944318764780558,0.0064340758538428,False,False,,
1480,6.524432000000001,671050.0,2039.665653495441,2037.021276595745,2179.869261724952,1991.7299871330856,0.0944602309586531,0.0064297676166287,False,False,,
1481,6.528840400000001,673802.0,2048.030395136778,2037.021276595745,2179.925698379098,1991.7299871330856,0.0944885664531781,0.0808525637775332,False,False,,
1482,6.533248800000001,670180.0,2037.021276595745,2038.3282674772036,2181.289088124894,1991.7299871330856,0.0951730918429669,0.006421159794641,False,False,,
1483,6.537657200000001,672415.0,2043.8145896656536,2037.021276595745,2180.0384583432688,1991.7299871330856,0.0945451805348555,-0.0680102413073182,False,False,,
1484,6.542065600000001,671611.0,2041.370820668693,2037.021276595745,2180.094781703885,1991.7299871330856,0.0945734591474085,0.0064125634963509,False,False,,
1485,6.546474000000001,664853.0,2020.8297872340424,2037.021276595745,2180.1510673505536,1991.7299871330856,0.0946017188246901,-0.0114196174429608,False,False,,
1486,6.550882400000001,666893.0,2027.0303951367785,2036.70820668693,2179.8942453997133,1991.7299871330856,0.0944727746643374,0.0064039787062935,False,False,,
1487,6.555290800000001,669526.0,2035.033434650456,2037.021276595745,2180.263525603045,1991.7299871330856,0.0946581814241478,0.0063996906220662,False,False,,
1488,6.559699200000001,670610.0,2038.3282674772036,2036.70820668693,2180.0066283505084,1991.7299871330856,0.094529199456614,-0.1068030234042343,False,False,,
1489,6.564107600000001,671232.0,2040.2188449848024,2035.033434650456,2178.3879913572764,1991.7299871330856,0.0937165205273974,-0.2366220176897293,False,False,,
1490,6.568516000000001,668673.0,2032.440729483283,2032.440729483283,2175.8513836454945,1991.7299871330856,0.0924429504510472,-0.3041299473756602,False,False,,
1491,6.572924400000001,665180.0,2021.823708206687,2029.580547112462,2173.0472611673836,1991.7299871330856,0.0910350676073756,-0.3017110160300067,False,False,,
1492,6.577332800000001,670077.0,2036.70820668693,2027.0303951367785,2170.5531315468797,1991.7299871330856,0.0897828247649139,-0.1388410978605989,False,False,,
1493,6.581741200000001,664561.0,2019.9422492401216,2027.0303951367785,2170.6091163896645,1991.7299871330856,0.0898109334157583,-0.2688331669704258,False,False,,
1494,6.586149600000001,671511.0,2041.066869300912,2022.1975683890576,2165.832236997452,1991.7299871330856,0.087412576498369,-0.2901270477544635,False,False,,
1495,6.590558000000001,665116.0,2021.629179331307,2021.823708206687,2165.5142867084137,1991.7299871330856,0.0872529412611168,-0.0260016456910712,False,False,,
1496,6.5949664000000014,667732.0,2029.580547112462,2021.629179331307,2165.3756302892753,1991.7299871330856,0.08718332518864,-0.0216787509380669,False,False,,
1497,6.599374800000001,663871.0,2017.8449848024316,2021.3313069908816,2165.1335929930688,1991.7299871330856,0.087061804049846,-0.0476459527841637,False,False,,
1498,6.603783200000001,665303.0,2022.1975683890576,2020.6808510638296,2164.5389347232635,1991.7299871330856,0.0867632403521326,-0.0727477203652178,False,False,,
1499,6.608191600000001,665018.0,2021.3313069908816,2019.9422492401216,2163.856093194864,1991.7299871330856,0.08642040194893,-0.0433273060804548,False,False,,
1500,6.612600000000001,664517.0,2019.8085106382975,2019.8085106382975,2163.7780775514284,1991.7299871330856,0.0863812321598824,-0.0400429176183472,False,False,,
1501,6.617008400000001,663776.0,2017.5562310030396,2019.127659574468,2163.1529121340673,1991.7299871330856,0.0860673515528725,-0.1054737804977641,False,False,,
1502,6.621416800000001,659378.0,2004.188449848024,2017.8449848024316,2161.925885721563,1991.7299871330856,0.0854512909319897,-0.0831498952600018,False,False,,
1503,6.625825200000001,664804.0,2020.6808510638296,2017.5562310030396,2161.6927430197347,1991.7299871330856,0.0853342355563442,-0.0814232748077241,False,False,,
1504,6.630233600000001,662343.0,2013.2006079027356,2016.303951367781,2160.4960372450223,1991.7299871330856,0.084733398202665,-0.1631242397227588,False,False,,
1505,6.634642000000001,664293.0,2019.127659574468,2014.580547112462,2158.8281696381646,1991.7299871330856,0.0838960017595565,-0.170398100285686,False,False,,
1506,6.639050400000001,663364.0,2016.303951367781,2013.2006079027356,2157.5037298897323,1991.7299871330856,0.0832310322320662,-0.5854632397918476,False,False,,
1507,6.643458800000001,656733.0,1996.148936170213,2004.188449848024,2148.5470341340488,1991.7299871330856,0.0787340894669598,-0.6403358223949596,False,False,,
1508,6.647867200000001,658607.0,2001.8449848024316,2001.8449848024316,2146.2589942501,1991.7299871330856,0.0775853193531743,-0.1910080609826607,False,False,,
1509,6.652275600000001,656942.0,1996.784194528875,2000.723404255319,2145.192801752116,1991.7299871330856,0.0770500095948879,-0.2818825847000212,False,False,,
1510,6.656684000000001,662797.0,2014.580547112462,1996.784194528875,2141.3089429871347,1991.7299871330856,0.0751000169803912,-0.254193002014544,False,False,,
1511,6.661092400000001,656318.0,1994.887537993921,1996.148936170213,2140.7289985271027,1991.7299871330856,0.0748088407347261,-0.0916692023646366,False,False,,
1512,6.665500800000001,655593.0,1992.6838905775076,1995.063829787234,2139.6991690047407,1991.7299871330856,0.0742917879569827,-0.0655373905695277,False,False,,
1513,6.669909200000001,655962.0,1993.80547112462,1994.887537993921,2139.57811705883,1991.7299871330856,0.0742310106695527,-0.0291934852780961,False,False,,
1514,6.674317600000001,656171.0,1994.440729483283,1994.440729483283,2139.1865114071634,1991.7299871330856,0.0740343948359827,-0.0553337251796239,False,False,,
1515,6.678726000000001,653033.0,1984.90273556231,1993.80547112462,2138.60641894381,1991.7299871330856,0.0737431442813889,-0.0937630883251348,False,False,,
1516,6.683134400000001,658238.0,2000.723404255319,1992.6838905775076,2137.5399673530947,1991.7299871330856,0.0732077044388377,-0.2452177911834976,False,False,,
1517,6.687542800000001,654509.0,1989.38905775076,1989.38905775076,2134.3002265685654,1991.7299871330856,0.0715811080600823,-0.4368285087864745,False,False,,
1518,6.691951200000001,656376.0,1995.063829787234,1984.90273556231,2129.8689595328747,1991.7299871330856,0.0693562748425691,-0.4870277306998867,False,False,,
1519,6.696359600000001,651659.0,1980.726443768997,1980.726443768997,2125.747686027561,1991.7299871330856,0.0672870819640476,-0.4859934101546317,False,False,,
1520,6.700768000000001,649473.0,1974.082066869301,1976.258358662614,2121.3345823691034,1991.7299871330856,0.0650713681439178,-0.3721068305508455,False,False,,
1521,6.705176400000001,648061.0,1969.790273556231,1974.082066869301,2119.213235208308,1991.7299871330856,0.0640062904604469,-0.2819330688532711,False,False,,
1522,6.709584800000001,650189.0,1976.258358662614,1971.1975683890576,2116.383644569828,1991.7299871330856,0.0625856206624523,-0.1843165941976536,False,False,,
1523,6.713993200000001,648372.0,1970.7355623100304,1970.7355623100304,2115.976509566444,1991.7299871330856,0.062381207912725,-0.0738917318257339,False,False,,
1524,6.718401600000001,648524.0,1971.1975683890576,1969.790273556231,2115.0860551467854,1991.7299871330856,0.0619341320412912,-0.1014166338745603,False,False,,
1525,6.722810000000001,646120.0,1963.890577507599,1968.8449848024316,2114.195564010227,1991.7299871330856,0.0614870377351798,-0.3297216209257527,False,False,,
1526,6.727218400000001,647750.0,1968.8449848024316,1963.890577507599,2109.295917640322,1991.7299871330856,0.059027042453913,-0.5964517599126777,False,False,,
1527,6.731626800000001,641575.0,1950.075987841945,1958.261398176292,2103.7214625661964,1991.7299871330856,0.0562282418583817,-0.7115583125542502,False,False,,
1528,6.736035200000001,641623.0,1950.22188449848,1951.2857142857144,2096.8004662896083,1991.7299871330856,0.0527533751237847,-0.451586888029583,False,False,,
1529,6.740443600000001,644268.0,1958.261398176292,1950.22188449848,2095.7912874977073,1991.7299871330856,0.0522466905840025,-0.0626661801825267,False,False,,
1530,6.744852000000001,641973.0,1951.2857142857144,1950.075987841945,2095.700005242368,1991.7299871330856,0.0522008599463514,-0.4304786970237542,False,False,,
1531,6.749260400000001,637222.0,1936.8449848024316,1942.5531914893616,2088.231786721348,1991.7299871330856,0.0484512460080835,-0.5481815327338158,False,False,,
1532,6.753668800000001,639100.0,1942.5531914893616,1940.340425531915,2086.0735620503174,1991.7299871330856,0.0473676530085439,-0.3188463690646905,False,False,,
1533,6.758077200000001,638372.0,1940.340425531915,1936.8449848024316,2082.6326260865744,1991.7299871330856,0.0456400413413139,-0.3152157151057739,False,False,,
1534,6.762485600000001,636515.0,1934.696048632219,1934.696048632219,2080.538158185881,1991.7299871330856,0.0445884590915994,-0.3299322043171795,False,False,,
1535,6.766894000000001,635238.0,1930.8145896656536,1930.9422492401216,2076.8387905915183,1991.7299871330856,0.0427310950822902,-0.2148339788044424,False,False,,
1536,6.7713024000000015,635280.0,1930.9422492401216,1930.8145896656536,2076.7655263674224,1991.7299871330856,0.0426943108672765,-0.3183437254213688,False,False,,
1537,6.7757108000000015,632886.0,1923.665653495441,1925.243161094225,2071.2484567234083,1991.7299871330856,0.0399243221239954,-0.4009100290663756,False,False,,
1538,6.7801192000000015,633405.0,1925.243161094225,1923.665653495441,2069.72527165347,1991.7299871330856,0.0391595673230041,-0.3522769277320954,False,False,,
1539,6.784527600000001,631334.0,1918.948328267477,1918.948328267477,2065.0622325801555,1991.7299871330856,0.0368183669075671,-0.3053746864488529,False,False,,
1540,6.788936000000001,628635.0,1910.744680851064,1918.19452887538,2064.362682992867,1991.7299871330856,0.0364671397875219,-0.2818390905421486,False,False,,
1541,6.793344400000001,626685.0,1904.817629179331,1913.890577507599,2060.112945104394,1991.7299871330856,0.0343334480140751,-0.4180621306941612,False,False,,
1542,6.797752800000001,627561.0,1907.4802431610944,1910.744680851064,2057.0212256259892,1991.7299871330856,0.0327811695936176,-0.3588707550336236,False,False,,
1543,6.802161200000001,631086.0,1918.19452887538,1907.4802431610944,2053.8109288372807,1991.7299871330856,0.0311693563410946,-0.3313541663195081,False,False,,
1544,6.806569600000001,629670.0,1913.890577507599,1904.817629179331,2051.2024195041986,1991.7299871330856,0.0298596861800118,-0.4175552625009313,False,False,,
1545,6.810978000000001,622374.0,1891.7142857142856,1900.0395136778116,2046.4783724230556,1991.7299871330856,0.0274878551026764,-0.4597924401409172,False,False,,
1546,6.815386400000001,623993.0,1896.635258358663,1896.635258358663,2043.128149320237,1991.7299871330856,0.0258057881937774,-0.3516176354490459,False,False,,
1547,6.819794800000001,625113.0,1900.0395136778116,1893.756838905775,2040.303725903876,1991.7299871330856,0.0243877127344493,-0.2740791000154408,False,False,,
1548,6.824203200000001,623046.0,1893.756838905775,1891.7142857142856,2038.3151325933345,1991.7299871330856,0.0233892875847613,-0.3357019330253621,False,False,,
1549,6.828611600000001,621071.0,1887.753799392097,1887.753799392097,2034.4085700207252,1991.7299871330856,0.0214278959313513,-0.3940361239097414,False,False,,
1550,6.833020000000001,619045.0,1881.595744680851,1884.686930091185,2031.3955883622175,1991.7299871330856,0.0199151498874739,-0.2844766179281146,False,False,,
1551,6.837428400000001,620062.0,1884.686930091185,1882.650455927052,2029.4129657574904,1991.7299871330856,0.0189197224864027,-0.1297415894380891,False,False,,
1552,6.841836800000001,619277.0,1882.300911854103,1882.300911854103,2029.117237185111,1991.7299871330856,0.0187712442417161,-0.0539339030579273,False,False,,
1553,6.846245200000001,619392.0,1882.650455927052,1881.595744680851,2028.465849477736,1991.7299871330856,0.0184441980499216,-0.3635893652549165,False,False,,
1554,6.850653600000001,617141.0,1875.8085106382975,1875.8085106382975,2022.7323588904972,1991.7299871330856,0.0155655495261366,-0.3374574364817679,False,False,,
1555,6.855062000000001,613829.0,1865.741641337386,1875.562310030395,2022.539865751458,1991.7299871330856,0.0154689033239492,-0.3601358366534859,False,False,,
1556,6.859470400000001,615025.0,1869.376899696049,1869.376899696049,2016.4081269236208,1991.7299871330856,0.0123903038815302,-0.3646401744099017,False,False,,
1557,6.863878800000001,614918.0,1869.051671732523,1869.051671732523,2016.1365345283305,1991.7299871330856,0.0122539438342119,-0.2009046427480332,False,False,,
1558,6.868287200000001,617060.0,1875.562310030395,1865.741641337386,2012.8801037872188,1991.7299871330856,0.0106189678273493,-0.6912621702509526,False,False,,
1559,6.872695600000001,610126.0,1854.4863221884495,1856.80547112462,2003.9974973383164,1991.7299871330856,0.0061592235315434,-0.5823949846921511,False,False,,
1560,6.877104000000001,608708.0,1850.176291793313,1855.407294832827,2002.652848944257,1991.7299871330856,0.0054841077263156,-0.1259705409581299,False,False,,
1561,6.881512400000001,610889.0,1856.80547112462,1854.4863221884495,2001.7853683554997,1991.7299871330856,0.0050485664660237,-0.0576055400548161,False,False,,
1562,6.885920800000001,610061.0,1854.288753799392,1854.288753799392,2001.6412562039477,1991.7299871330856,0.0049762112007603,-0.090149839168577,False,False,,
1563,6.890329200000001,608771.0,1850.367781155015,1852.796352583587,2000.2022754315171,1991.7299871330856,0.0042537333640422,-0.2171992458454333,False,False,,
1564,6.894737600000001,609570.0,1852.796352583587,1850.367781155015,1997.8270886761577,1991.7299871330856,0.0030612088899903,-0.1431223894248622,False,False,,
1565,6.899146000000001,608071.0,1848.240121580547,1850.176291793313,1997.6889482414565,1991.7299871330856,0.0029918518809611,-0.1150864814460576,False,False,,
1566,6.903554400000001,610429.0,1855.407294832827,1848.240121580547,1995.8060912334156,1991.7299871330856,0.0020465144003767,-0.5337862661048443,False,False,,
1567,6.907962800000001,603528.0,1834.431610942249,1840.696048632219,1988.3152957914565,1991.7299871330856,-0.001714434870032,-0.4335733728379209,False,False,,
1568,6.912371200000001,605037.0,1839.018237082067,1840.5197568389056,1988.1922458300592,1991.7299871330856,-0.0017762153132606,-0.0894819046813614,False,False,,
1569,6.916779600000001,605589.0,1840.696048632219,1839.018237082067,1986.7439322545713,1991.7299871330856,-0.0025033789272266,-0.1959340273848023,False,False,,
1570,6.921188000000001,604364.0,1836.9726443769,1836.9726443769,1984.7515101040617,1991.7299871330856,-0.0035037264459069,-0.2551335922235615,False,False,,
1571,6.925596400000001,605531.0,1840.5197568389056,1834.431610942249,1982.26361162123,1991.7299871330856,-0.0047528407831433,-0.6579094252858623,False,False,,
1572,6.930004800000001,600528.0,1825.313069908815,1825.313069908815,1973.198169960616,1991.7299871330856,-0.0093043822667673,-0.792401517620707,False,False,,
1573,6.934413200000001,598915.0,1820.410334346505,1820.410334346505,1968.3484982159512,1991.7299871330856,-0.0117392864837015,-0.3321691402667099,False,False,,
1574,6.938821600000001,598574.0,1819.373860182371,1819.373860182371,1967.3650523380952,1991.7299871330856,-0.0122330511426708,-0.0633701887457989,False,False,,
1575,6.943230000000001,596803.0,1813.990881458967,1819.1914893617025,1967.235674296129,1991.7299871330856,-0.0122980087638354,-0.1043956803508086,False,False,,
1576,6.947638400000001,598514.0,1819.1914893617025,1817.434650455927,1965.531792685256,1991.7299871330856,-0.0131534869771878,-0.2901213014933863,False,False,,
1577,6.9520468000000015,597936.0,1817.434650455927,1813.990881458967,1962.1409455231576,1991.7299871330856,-0.0148559502548427,-0.2679702945412721,False,False,,
1578,6.9564552000000015,592799.0,1801.820668693009,1812.623100303951,1960.8260507667085,1991.7299871330856,-0.0155161274700997,-0.091080148251172,False,False,,
1579,6.9608636000000015,596242.0,1812.2857142857144,1812.2857142857144,1960.5415157344692,1991.7299871330856,-0.0156589857059437,-0.6091314238551211,False,False,,
1580,6.9652720000000015,596353.0,1812.623100303951,1801.820668693009,1950.1292857389055,1991.7299871330856,-0.0208867174079455,-0.6756005854841594,False,False,,
1581,6.969680400000001,592067.0,1799.595744680851,1800.3161094224924,1948.6775067003712,1991.7299871330856,-0.0216156209480404,-0.0796685409464883,False,False,,
1582,6.974088800000001,591719.0,1798.537993920973,1800.3161094224924,1948.730251590874,1991.7299871330856,-0.0215891389997625,-0.0350163037593387,False,False,,
1583,6.978497200000001,591490.0,1797.8419452887538,1799.595744680851,1948.0625964219207,1991.7299871330856,-0.0219243526950257,-0.0952543511269539,False,False,,
1584,6.982905600000001,592304.0,1800.3161094224924,1798.537993920973,1947.057519940564,1991.7299871330856,-0.0224289775627786,-0.0938736792003567,False,False,,
1585,6.987314000000001,590046.0,1793.452887537994,1797.8419452887538,1946.4141103163336,1991.7299871330856,-0.0227520181497994,-0.2126148846999807,False,False,,
1586,6.991722400000001,588097.0,1787.528875379939,1794.699088145897,1943.3238569345492,1991.7299871330856,-0.0243035604782014,-0.2439475148031982,False,False,,
1587,6.996130800000001,589623.0,1792.1671732522796,1793.452887537994,1942.130224864404,1991.7299871330856,-0.0249028545983162,-0.1381958064087305,False,False,,
1588,7.000539200000001,590456.0,1794.699088145897,1792.1671732522796,1940.8970439167176,1991.7299871330856,-0.0255220052641459,-0.3313641053605334,False,False,,
1589,7.004947600000001,592309.0,1800.3313069908816,1787.528875379939,1936.3112442062452,1991.7299871330856,-0.027824425642459,-0.516224260064571,False,False,,
1590,7.009356000000001,581188.0,1766.528875379939,1782.9969604863222,1931.8317923218904,1991.7299871330856,-0.0300734513202832,-0.2998704090452002,False,False,,
1591,7.013764400000001,586330.0,1782.1580547112462,1782.1580547112462,1931.0453144270084,1991.7299871330856,-0.0304683230649287,-0.113979741081668,False,False,,
1592,7.018172800000001,586606.0,1782.9969604863222,1780.890577507599,1929.8302299980096,1991.7299871330856,-0.0310783879014521,-0.0662119239462204,False,False,,
1593,7.022581200000001,583462.0,1773.440729483283,1780.890577507599,1929.8825876906187,1991.7299871330856,-0.0310521003559777,0.0059610617105723,False,False,,
1594,7.026989600000001,583514.0,1773.598784194529,1780.890577507599,1929.9349103246795,1991.7299871330856,-0.0310258304125623,0.0059570702021782,False,False,,
1595,7.031398000000001,581131.0,1766.355623100304,1780.890577507599,1929.9871979236675,1991.7299871330856,-0.0309995780594192,0.0059530813664858,False,False,,
1596,7.035806400000001,581323.0,1766.9392097264438,1780.890577507599,1930.0394505110417,1991.7299871330856,-0.0309733432847702,0.0059490952016818,False,False,,
1597,7.040214800000001,581576.0,1767.70820668693,1780.890577507599,1930.091668110245,1991.7299871330856,-0.030947126076845,0.0781220915457221,False,False,,
1598,7.044623200000001,585913.0,1780.890577507599,1782.1580547112462,1931.4113279483545,1991.7299871330856,-0.0302845564280299,0.1165432654522056,False,False,,
1599,7.049031600000001,585753.0,1780.404255319149,1782.8328267477204,1932.13824767796,1991.7299871330856,-0.029919587414006,0.0443623074497372,False,False,,
1600,7.053440000000001,586552.0,1782.8328267477204,1782.8328267477204,1932.1903604531587,1991.7299871330856,-0.0298934228357071,0.589753208389264,False,False,,
1601,7.057848400000001,591294.0,1797.246200607903,1793.085106382979,1942.494717969063,1991.7299871330856,-0.0247198513262795,0.637521049546852,False,False,,
1602,7.062256800000001,590201.0,1793.924012158055,1793.924012158055,1943.385666753598,1991.7299871330856,-0.0242725272460624,0.2428803550666733,False,False,,
1603,7.066665200000001,589925.0,1793.085106382979,1797.246200607903,1946.759863365068,1991.7299871330856,-0.0225784238117277,1.100345831495124,False,False,,
1604,7.071073600000001,596868.0,1814.188449848024,1813.142857142857,1962.7084932371404,1991.7299871330856,-0.0145709981189363,0.9707002409740462,True,False,1604.0,8.0
1605,7.075482000000001,597734.0,1816.820668693009,1814.188449848024,1963.8060244782407,1991.7299871330856,-0.0140199539271078,0.2153477415478975,False,False,,
1606,7.079890400000001,603080.0,1833.0699088145896,1816.820668693009,1966.4901470812763,1991.7299871330856,-0.0126723201512568,1.081121367505205,False,False,,
1607,7.084298800000001,596524.0,1813.142857142857,1833.0699088145896,1982.7912562063127,1991.7299871330856,-0.0044879230540879,1.1171193573812368,False,False,,
1608,7.088707200000001,604803.0,1838.306990881459,1836.334346504559,1986.1075281684148,1991.7299871330856,-0.0028229022010979,0.2605113905943308,False,False,,
1609,7.093115600000001,604154.0,1836.334346504559,1837.5410334346504,1987.3660146625707,1991.7299871330856,-0.0021910462254958,0.1182305147007503,False,False,,
1610,7.097524000000001,605799.0,1841.334346504559,1838.306990881459,1988.1837369886168,1991.7299871330856,-0.0017804873990844,0.2219052490124311,False,False,,
1611,7.101932400000001,604551.0,1837.5410334346504,1841.334346504559,1991.2628228293524,1991.7299871330856,-0.000234552026003,0.4723571536039535,False,False,,
1612,7.106340800000001,607498.0,1846.498480243161,1846.498480243161,1996.4786521471965,1991.7299871330856,0.0023841911528109,0.8100445472628514,False,False,,
1613,7.110749200000001,613251.0,1863.984802431611,1855.455927051672,2005.4877599197505,1991.7299871330856,0.0069074487383039,1.001647121057142,False,False,,
1614,7.115157600000001,610445.0,1855.455927051672,1863.984802431611,2014.0682616717113,1991.7299871330856,0.0112155134897474,0.4915579078737497,False,False,,
1615,7.119566000000001,613251.0,1863.984802431611,1863.984802431611,2014.119853474875,1991.7299871330856,0.0112414165004452,0.1445159755265357,False,False,,
1616,7.123974400000001,614052.0,1866.419452887538,1866.419452887538,2016.606061188255,1991.7299871330856,0.0124896819427698,0.1874374404881307,False,False,,
1617,7.128382800000001,614300.0,1867.173252279635,1867.173252279635,2017.4113833152255,1991.7299871330856,0.0128940149257409,0.3302296931371995,False,False,,
1618,7.1327912000000016,619247.0,1882.209726443769,1872.115501519757,2022.405120790757,1991.7299871330856,0.0154012511012225,0.4837532979387409,False,False,,
1619,7.1371996000000015,615926.0,1872.115501519757,1875.565349544073,2025.9064225741208,1991.7299871330856,0.0171591710030078,0.4930960319736446,False,False,,
1620,7.1416080000000015,618741.0,1880.6717325227964,1880.6717325227964,2031.064224858615,1991.7299871330856,0.0197487801959278,0.3535845656100758,False,False,,
1621,7.1460164000000015,619070.0,1881.6717325227964,1881.6717325227964,2032.1156097341784,1991.7299871330856,0.0202766554010787,0.093431962908355,False,False,,
1622,7.1504248000000015,622967.0,1893.516717325228,1882.209726443769,2032.7049541235608,1991.7299871330856,0.0205725511264981,0.4190033431133084,False,False,,
1623,7.1548332000000014,617061.0,1875.565349544073,1888.9270516717324,2039.47359543582,1991.7299871330856,0.0239709240766401,0.649723443082447,False,False,,
1624,7.159241600000001,621457.0,1888.9270516717324,1893.516717325228,2044.1145428125212,1991.7299871330856,0.0263010327794674,0.2974889459124252,False,False,,
1625,7.163650000000001,624242.0,1897.3920972644376,1894.048632218845,2044.697705091261,1991.7299871330856,0.0265938246149607,0.2265196605693948,False,False,,
1626,7.168058400000001,623142.0,1894.048632218845,1897.3920972644376,2048.092383206887,1991.7299871330856,0.0282982113227757,0.3892168593395384,False,False,,
1627,7.172466800000001,625357.0,1900.7811550151976,1900.7811550151976,2051.532619735567,1991.7299871330856,0.0300254718203856,0.7615215489412246,False,False,,
1628,7.176875200000001,628608.0,1910.662613981763,1910.662613981763,2061.4652232109024,1991.7299871330856,0.0350123945154806,0.6765322825565603,False,False,,
1629,7.181283600000001,631052.0,1918.0911854103344,1912.559270516717,2063.412990008422,1991.7299871330856,0.0359903216492302,0.1693855755493549,False,False,,
1630,7.185692000000001,629553.0,1913.534954407295,1913.534954407295,2064.439749938293,1991.7299871330856,0.0365058332579842,0.3208321764047879,False,False,,
1631,7.190100400000001,633891.0,1926.720364741641,1918.0911854103344,2069.047022780268,1991.7299871330856,0.0388190347821559,0.4909720983888732,False,False,,
1632,7.194508800000001,634773.0,1929.401215805471,1922.054711246201,2073.061556277613,1991.7299871330856,0.0408346360550592,0.4054635835960143,False,False,,
1633,7.198917200000001,629232.0,1912.559270516717,1925.109422492401,2076.167241030721,1991.7299871330856,0.0423939261060053,0.2657790649582843,False,False,,
1634,7.203325600000001,633361.0,1925.109422492401,1926.6200607902736,2077.7288187037984,1991.7299871330856,0.0431779569149834,0.0975353122970954,False,False,,
1635,7.207734000000001,633858.0,1926.6200607902736,1926.720364741641,2077.880027921524,1991.7299871330856,0.0432538754474663,0.1641696477114962,False,False,,
1636,7.212142400000001,634825.0,1929.559270516717,1929.401215805471,2080.6117501657036,1991.7299871330856,0.0446254078649261,0.1674544062985701,False,False,,
1637,7.216550800000001,632356.0,1922.054711246201,1929.559270516717,2080.8206419941152,1991.7299871330856,0.0447302874569195,0.129371545945343,False,False,,
1638,7.220959200000001,640123.0,1945.662613981763,1931.571428571429,2082.883603125616,1991.7299871330856,0.045766050911217,0.8573685749287572,False,False,,
1639,7.225367600000001,635487.0,1931.571428571429,1944.5136778115505,2095.876621424946,1991.7299871330856,0.0522895347083514,0.8082081976817346,False,False,,
1640,7.229776000000001,639745.0,1944.5136778115505,1945.662613981763,2097.0762926595607,1991.7299871330856,0.0528918609485372,0.3457177802050628,False,False,,
1641,7.234184400000001,641937.0,1951.176291793313,1950.483282674772,2101.9476624449317,1991.7299871330856,0.0553376592328633,0.319750970009995,False,False,,
1642,7.238592800000001,641709.0,1950.483282674772,1951.176291793313,2102.6913387065406,1991.7299871330856,0.0557110413009213,0.2975920606217057,False,False,,
1643,7.243001200000001,643395.0,1955.6079027355624,1955.6079027355624,2107.173582865296,1991.7299871330856,0.0579614689129528,0.4481732638455638,False,False,,
1644,7.247409600000001,644602.0,1959.276595744681,1958.945288753799,2110.5615681961945,1991.7299871330856,0.0596624953335949,0.2146760085904588,False,False,,
1645,7.251818000000001,644493.0,1958.945288753799,1959.276595744681,2110.9434406185956,1991.7299871330856,0.0598542243454931,0.0549135123029982,False,False,,
1646,7.256226400000001,648891.0,1972.313069908815,1959.8085106382975,2111.525887085276,1991.7299871330856,0.060146656788868,0.3135005636165235,False,False,,
1647,7.260634800000001,644777.0,1959.8085106382975,1964.6808510638296,2116.4487252480867,1991.7299871330856,0.0626182961147873,0.2842451295654902,False,False,,
1648,7.265043200000001,649520.0,1974.224924012158,1964.699088145897,2116.517426254305,1991.7299871330856,0.062652789247221,0.1590998975394981,False,False,,
1649,7.269451600000001,646386.0,1964.699088145897,1967.373860182371,2119.2426284244434,1991.7299871330856,0.0640210480914135,0.4393227419151166,False,False,,
1650,7.273860000000001,647266.0,1967.373860182371,1972.313069908815,2124.2322345166904,1991.7299871330856,0.0665262099981382,0.3958742404250284,False,False,,
1651,7.278268400000001,646380.0,1964.6808510638296,1974.224924012158,2126.1944512405876,1991.7299871330856,0.0675113920943929,0.2814603656476748,False,False,,
1652,7.282676800000001,651742.0,1980.978723404255,1977.1550151975684,2129.174871323897,1991.7299871330856,0.0690077897499806,0.2393965595651703,False,False,,
1653,7.287085200000001,650870.0,1978.3282674772036,1978.3282674772036,2130.3984188013583,1991.7299871330856,0.0696221036807671,0.2234687847245009,False,False,,
1654,7.291493600000001,653106.0,1985.1246200607904,1980.978723404255,2133.0991362487275,1991.7299871330856,0.0709780693311395,0.1632309241101053,False,False,,
1655,7.295902000000001,652114.0,1982.109422492401,1981.094224924012,2133.264865633844,1991.7299871330856,0.0710612780924611,0.0701066723712102,False,False,,
1656,7.300310400000001,651780.0,1981.094224924012,1982.109422492401,2134.33025743517,1991.7299871330856,0.071596185840102,0.1090472568135432,False,False,,
1657,7.304718800000001,650484.0,1977.1550151975684,1982.9088145896656,2135.1798101554687,1991.7299871330856,0.0720227259463347,0.1280829213221288,False,False,,
1658,7.309127200000001,654402.0,1989.063829787234,1984.258358662614,2136.5794812640547,1991.7299871330856,0.072725467340815,0.1318869955251322,False,False,,
1659,7.313535600000002,660546.0,2007.738601823708,1985.1246200607904,2137.495836132961,1991.7299871330856,0.0731855472084807,0.2487164148194054,False,False,,
1660,7.317944000000002,655150.0,1991.337386018237,1988.525835866261,2140.9471118667298,1991.7299871330856,0.0749183502269947,0.2300192774052014,False,False,,
1661,7.3223524000000015,652377.0,1982.9088145896656,1989.063829787234,2141.535132196028,1991.7299871330856,0.0752135811735069,0.157146136097678,False,False,,
1662,7.3267608000000015,652821.0,1984.258358662614,1991.1854103343464,2143.706705653938,1991.7299871330856,0.0763038762797407,0.1351603644267633,False,False,,
1663,7.3311692000000015,654225.0,1988.525835866261,1991.337386018237,2143.9086407735285,1991.7299871330856,0.0764052630745848,0.1952174932568411,False,False,,
1664,7.3355776000000015,658286.0,2000.869300911854,1994.5136778115505,2147.1348585498586,1991.7299871330856,0.0780250698742876,0.4221298010548935,False,False,,
1665,7.3399860000000015,655100.0,1991.1854103343464,1998.650455927052,2151.321529218094,1991.7299871330856,0.0801270971045256,0.3676038159131973,False,False,,
1666,7.344394400000001,662306.0,2013.0881458966564,2000.869300911854,2153.590233347732,1991.7299871330856,0.081266159198431,0.1320295817317767,False,False,,
1667,7.348802800000001,656195.0,1994.5136778115505,2000.869300911854,2153.640059107039,1991.7299871330856,0.0812911755207383,0.0340589447556247,False,False,,
1668,7.353211200000001,659617.0,2004.914893617021,2001.367781155015,2154.188331746334,1991.7299871330856,0.0815664501025524,0.0340551462701252,False,False,,
1669,7.357619600000001,659346.0,2004.0911854103344,2001.367781155015,2154.238090801634,1991.7299871330856,0.0815914329343727,0.1531347127494395,False,False,,
1670,7.362028000000001,657556.0,1998.650455927052,2003.957446808511,2156.8774821919205,1991.7299871330856,0.0829166082379217,0.1607467157830555,False,False,,
1671,7.366436400000001,660367.0,2007.19452887538,2004.0911854103344,2157.060913234337,1991.7299871330856,0.0830087045780888,0.0601797947384792,False,False,,
1672,7.370844800000001,658450.0,2001.367781155015,2004.914893617021,2157.934280607712,1991.7299871330856,0.0834472014521719,0.1823749219245272,False,False,,
1673,7.375253200000001,661188.0,2009.689969604863,2007.19452887538,2160.2635417811352,1991.7299871330856,0.0846166677897129,0.1354647535575868,False,False,,
1674,7.379661600000001,659302.0,2003.957446808511,2007.19452887538,2160.3131344668413,1991.7299871330856,0.0846415670913384,0.0589568334028545,False,False,,
1675,7.384070000000001,660675.0,2008.130699088146,2008.130699088146,2161.298864158205,1991.7299871330856,0.0851364783984592,0.0866468579000745,False,False,,
1676,7.388478400000001,655244.0,1991.623100303951,2008.617021276596,2161.83471264038,1991.7299871330856,0.0854055151080718,0.0944319624311038,False,False,,
1677,7.392886800000001,663750.0,2017.4772036474164,2009.689969604863,2162.9571540997204,1991.7299871330856,0.0859690661248218,0.3857324003730547,False,False,,
1678,7.397295200000001,663601.0,2017.0243161094224,2015.29179331307,2168.6084377985526,1991.7299871330856,0.0888064405356809,0.4232883505674323,False,False,,
1679,7.401703600000001,660835.0,2008.617021276596,2017.0243161094224,2170.390387467275,1991.7299871330856,0.0897011148541047,0.1300764172603639,False,False,,
1680,7.406112000000001,665035.0,2021.382978723404,2017.4772036474164,2170.8926687815588,1991.7299871330856,0.0899532982913821,0.0314134681082993,False,False,,
1681,7.410520400000001,666070.0,2024.528875379939,2017.4772036474164,2170.942029483929,1991.7299871330856,0.0899780811197219,0.1349152995435165,False,False,,
1682,7.414928800000001,666096.0,2024.6079027355624,2019.7477203647416,2173.261873851852,1991.7299871330856,0.0911428195043974,0.2185122110023911,False,False,,
1683,7.419337200000001,663031.0,2015.29179331307,2021.215805471125,2174.7792535791914,1991.7299871330856,0.0919046595816878,0.0892129973962276,False,False,,
1684,7.423745600000001,664497.0,2019.7477203647416,2021.215805471125,2174.828515192622,1991.7299871330856,0.0919293926598404,0.015128310454088,False,False,,
1685,7.428154000000001,666828.0,2026.8328267477204,2021.382978723404,2175.04491707291,1991.7299871330856,0.0920380428692994,0.0151245549764524,False,False,,
1686,7.432562400000001,669467.0,2034.854103343465,2021.382978723404,2175.094112737581,1991.7299871330856,0.0920627428361568,0.1847453589508756,False,False,,
1687,7.436970800000001,664980.0,2021.215805471125,2024.528875379939,2178.2891721175233,1991.7299871330856,0.0936669057500975,0.1847416085008788,False,False,,
1688,7.441379200000001,660954.0,2008.978723404255,2024.528875379939,2178.3383019217235,1991.7299871330856,0.0936915726499873,0.0100938014296421,False,False,,
1689,7.445787600000001,666788.0,2026.711246200608,2024.6079027355624,2178.4664261843827,1991.7299871330856,0.0937559007785424,0.0130325228045826,False,False,,
1690,7.450196000000001,666400.0,2025.531914893617,2024.659574468085,2178.5671619488057,1991.7299871330856,0.0938064777970508,0.058204299639172,False,False,,
1691,7.454604400000001,662560.0,2013.860182370821,2025.531914893617,2179.488533553114,1991.7299871330856,0.094269076447601,0.0832980701996302,False,False,,
1692,7.459012800000001,670635.0,2038.404255319149,2026.0243161094224,2180.02993311657,1991.7299871330856,0.0945409002223869,0.0055785914067474,False,True,1604.0,8.0
1693,7.463421200000001,660930.0,2008.905775075988,2025.531914893617,2179.5864974392757,1991.7299871330856,0.094318261772316,-0.0461779424948893,False,False,,
1694,7.467829600000001,668442.0,2031.738601823708,2025.115501519757,2179.219016816753,1991.7299871330856,0.094133758538998,0.0055711230930253,False,False,,
1695,7.472238000000001,659372.0,2004.1702127659576,2025.531914893617,2179.684330176733,1991.7299871330856,0.0943673812504026,0.0292802134010301,False,False,,
1696,7.476646400000001,666113.0,2024.659574468085,2025.531914893617,2179.7331974195736,1991.7299871330856,0.0943919163245121,-0.018149155937289,False,False,,
1697,7.481054800000001,667754.0,2029.6474164133735,2025.115501519757,2179.3656185672,1991.7299871330856,0.0942073637723347,-0.0342499056307108,False,False,,
1698,7.485463200000001,666562.0,2026.0243161094224,2024.8328267477204,2179.1317456172064,1991.7299871330856,0.0940899417565473,-0.01054080783409,False,False,,
1699,7.489871600000001,667762.0,2029.6717325227964,2024.8328267477204,2179.180514761701,1991.7299871330856,0.0941144275778231,-0.0043134220861542,False,False,,
1700,7.494280000000002,666263.0,2025.115501519757,2024.659574468085,2179.0559989708927,1991.7299871330856,0.0940519111766981,0.0055487780873626,False,False,,
1701,7.498688400000002,665735.0,2023.5106382978724,2024.8328267477204,2179.2779551055537,1991.7299871330856,0.0941633500444637,0.0055450626427884,False,False,,
1702,7.503096800000002,668706.0,2032.5410334346504,2024.659574468085,2179.153374068994,1991.7299871330856,0.094100800885007,-0.004324568421552,False,False,,
1703,7.5075052000000015,661905.0,2011.869300911854,2024.659574468085,2179.2020127219557,1991.7299871330856,0.0941252211896046,-0.0598889756031848,False,False,,
1704,7.5119136000000015,666170.0,2024.8328267477204,2023.5106382978724,2178.101682636415,1991.7299871330856,0.0935727717649089,-0.1298195417552463,False,False,,
1705,7.5163220000000015,662227.0,2012.848024316109,2022.2826747720364,2176.9222926487664,1991.7299871330856,0.0929806282538569,-0.2006155368373878,False,False,,
1706,7.5207304000000015,659956.0,2005.945288753799,2019.890577507599,2174.578736397827,1991.7299871330856,0.091803984699721,-0.1306923816932776,False,False,,
1707,7.5251388000000015,665331.0,2022.2826747720364,2019.890577507599,2174.627244908413,1991.7299871330856,0.0918283396629437,-0.2771270773061918,False,False,,
1708,7.529547200000001,666787.0,2026.70820668693,2014.9270516717324,2169.712195101985,1991.7299871330856,0.0893606106845278,-0.3363262840162484,False,False,,
1709,7.533955600000001,659944.0,2005.9088145896656,2013.887537993921,2168.721124994213,1991.7299871330856,0.0888630180820292,-0.0536800801364432,False,False,,
1710,7.538364000000001,662065.0,2012.355623100304,2013.887537993921,2168.7695361265883,1991.7299871330856,0.0888873241539808,0.0055117353952631,False,False,,
1711,7.542772400000001,662911.0,2014.9270516717324,2013.887537993921,2168.81791484302,1991.7299871330856,0.0889116139506622,-0.0536874638911246,False,False,,
1712,7.547180800000001,662569.0,2013.887537993921,2012.848024316109,2167.826747487402,1991.7299871330856,0.0884139725223455,0.0055043565847281,False,False,,
1713,7.551589200000001,664544.0,2019.890577507599,2013.887537993921,2168.91457511486,1991.7299871330856,0.0889601447617984,0.1238916881756608,False,False,,
1714,7.555997600000001,665533.0,2022.8966565349544,2014.9270516717324,2170.002370391447,1991.7299871330856,0.0895063007586527,0.0054969876524975,False,False,,
1715,7.560406000000001,660616.0,2007.951367781155,2013.887537993921,2169.0111059832025,1991.7299871330856,0.0890086106025329,-0.1409376881837971,False,False,,
1716,7.564814400000001,660190.0,2006.656534954407,2012.355623100304,2167.527408051592,1991.7299871330856,0.0882636813494738,-0.0817458578394827,False,False,,
1717,7.569222800000001,663130.0,2015.592705167173,2012.355623100304,2167.5755927276705,1991.7299871330856,0.0882878737231338,-0.0244579741407307,False,False,,
1718,7.573631200000001,659836.0,2005.580547112462,2011.8297872340424,2167.0979092731777,1991.7299871330856,0.0880480402830698,-0.0730988929251861,False,False,,
1719,7.578039600000001,661892.0,2011.8297872340424,2010.9756838905776,2166.291926098777,1991.7299871330856,0.087643375403991,-0.2153794881307114,False,False,,
1720,7.582448000000001,663463.0,2016.6048632218844,2007.951367781155,2163.3156979373025,1991.7299871330856,0.086149082412119,-0.2404806675653912,False,False,,
1721,7.586856400000001,663250.0,2015.957446808511,2006.656534954407,2162.068920858962,1991.7299871330856,0.0855231054542005,-0.1295360264285339,False,False,,
1722,7.591264800000001,656822.0,1996.419452887538,2005.580547112462,2161.0409565874443,1991.7299871330856,0.0850069891743039,-0.080037013156053,False,False,,
1723,7.595673200000001,659696.0,2005.1550151975684,2005.1550151975684,2160.663416086545,1991.7299871330856,0.0848174351166062,-0.4821201087057183,False,False,,
1724,7.600081600000001,661611.0,2010.9756838905776,1997.018237082067,2152.574597250136,1991.7299871330856,0.0807562325998673,-0.4919896854568275,False,False,,
1725,7.604490000000001,655588.0,1992.6686930091184,1996.419452887538,2152.023740221315,1991.7299871330856,0.0804796604578705,-0.0518349250261778,False,False,,
1726,7.608898400000001,655411.0,1992.130699088146,1996.012158054711,2151.6643404623155,1991.7299871330856,0.0802992144328965,-0.2081354919497595,False,False,,
1727,7.613306800000001,655247.0,1991.632218844985,1992.6686930091184,2148.3687384201567,1991.7299871330856,0.0786445714524478,-0.2155818534000655,False,False,,
1728,7.617715200000001,656688.0,1996.012158054711,1992.130699088146,2147.8785754537003,1991.7299871330856,0.0783984723478388,-0.0535767417506125,False,False,,
1729,7.622123600000001,654935.0,1990.6838905775076,1991.632218844985,2147.427894137597,1991.7299871330856,0.078172196035781,-0.0769470363110134,False,False,,
1730,7.626532000000001,657019.0,1997.018237082067,1990.6838905775076,2146.5273327911636,1991.7299871330856,0.0777200457180919,-0.3594274934657573,False,False,,
1731,7.630940400000001,649078.0,1972.881458966565,1985.224924012158,2141.116101162277,1991.7299871330856,0.0750031957113922,-0.3197943762820223,False,False,,
1732,7.635348800000001,651006.0,1978.741641337386,1984.9726443769,2140.911524500316,1991.7299871330856,0.0749004826612886,-0.3637619311505542,False,False,,
1733,7.639757200000001,653139.0,1985.224924012158,1978.741641337386,2134.728192492337,1991.7299871330856,0.071795979516824,-0.5288898813947505,False,False,,
1734,7.644165600000001,653056.0,1984.9726443769,1975.589665653495,2131.6238559196063,1991.7299871330856,0.0702373663550073,-0.2389739922768701,False,False,,
1735,7.648574000000001,649969.0,1975.589665653495,1974.449848024316,2130.5316455025863,1991.7299871330856,0.0696889936217173,-0.1178172262499996,False,False,,
1736,7.652982400000001,648337.0,1970.629179331307,1973.4255319148936,2129.554904727682,1991.7299871330856,0.0691985954346063,-0.0838959442162563,False,False,,
1737,7.657390800000001,649257.0,1973.4255319148936,1972.881458966565,2129.0583752575753,1991.7299871330856,0.0689492998607514,-0.0800916729228387,False,False,,
1738,7.661799200000001,649594.0,1974.449848024316,1971.924012158055,2128.148440092321,1991.7299871330856,0.0684924431727803,-0.1228476092172945,False,False,,
1739,7.666207600000001,646340.0,1964.559270516717,1970.629179331307,2126.9010870951815,1991.7299871330856,0.0678661770598044,-0.4006547148409458,False,False,,
1740,7.670616000000001,648763.0,1971.924012158055,1964.793313069909,2121.1126688710447,1991.7299871330856,0.0649599506829706,-0.3402512218600595,False,False,,
1741,7.675024400000002,644003.0,1957.455927051672,1964.559270516717,2120.926042584056,1991.7299871330856,0.0648662500869089,-0.4124318189187308,False,False,,
1742,7.679432800000002,646417.0,1964.793313069909,1957.455927051672,2113.870083635429,1991.7299871330856,0.0613236218219283,-0.5528084088954177,False,False,,
1743,7.683841200000002,643115.0,1954.756838905775,1954.756838905775,2111.2183482774262,1991.7299871330856,0.0599922489073598,-0.1919271220733858,False,False,,
1744,7.688249600000002,641921.0,1951.127659574468,1953.990881458967,2110.499711911232,1991.7299871330856,0.0596314387720317,-0.2012773912908052,False,False,,
1745,7.6926580000000016,642863.0,1953.990881458967,1951.127659574468,2107.683779421299,1991.7299871330856,0.058217626403827,-0.32399917318694,False,False,,
1746,7.6970664000000015,639852.0,1944.838905775076,1948.206686930091,2104.8100645066556,1991.7299871330856,0.0567748028618771,-0.3527351012215405,False,False,,
1747,7.7014748000000015,640960.0,1948.206686930091,1944.838905775076,2101.4895094377453,1991.7299871330856,0.0551076315633769,-0.2108079522091905,False,False,,
1748,7.7058832000000015,637598.0,1937.987841945289,1944.410334346505,2101.1081324728384,1991.7299871330856,0.0549161513088391,-0.3847632665097817,False,False,,
1749,7.7102916000000015,636749.0,1935.407294832827,1937.987841945289,2094.7328029340206,1991.7299871330856,0.0517152507952135,-0.5073119524706566,False,False,,
1750,7.7147000000000014,639711.0,1944.410334346505,1935.407294832827,2092.1993871038503,1991.7299871330856,0.0504432832862958,-0.3757699731813977,False,False,,
1751,7.719108400000001,634732.0,1929.276595744681,1931.294832826748,2088.1340248211036,1991.7299871330856,0.0484021620956678,-0.2367852813333328,False,False,,
1752,7.723516800000001,635396.0,1931.294832826748,1931.1550151975684,2088.041275377427,1991.7299871330856,0.0483555948178361,-0.0633564168441225,False,False,,
1753,7.727925200000001,635350.0,1931.1550151975684,1930.0881458966564,2087.021442745308,1991.7299871330856,0.0478435612396365,-0.1016120735571286,False,False,,
1754,7.732333600000001,634999.0,1930.0881458966564,1929.276595744681,2086.256897766518,1991.7299871330856,0.0474597014876976,-0.2333343204656648,False,False,,
1755,7.736742000000001,633620.0,1925.8966565349544,1925.8966565349544,2082.9239322554586,1991.7299871330856,0.0457862992029548,-0.8008878245327011,False,False,,
1756,7.741150400000001,629205.0,1912.4772036474164,1915.118541033435,2072.1927589991637,1991.7299871330856,0.0403984337163578,-0.6096310633292132,False,False,,
1757,7.745558800000001,630074.0,1915.118541033435,1915.09726443769,2072.2183932162625,1991.7299871330856,0.0404113040437939,-0.1450710595195419,False,False,,
1758,7.749967200000001,628878.0,1911.483282674772,1912.4772036474164,2069.645211827498,1991.7299871330856,0.0391193711987859,-0.2004622462115648,False,False,,
1759,7.754375600000001,630067.0,1915.09726443769,1911.483282674772,2068.6981388660606,1991.7299871330856,0.0386438685113958,-0.4626915382030212,False,False,,
1760,7.758784000000001,624217.0,1897.3161094224924,1904.258358662614,2061.520031495827,1991.7299871330856,0.0350399124447575,-0.5739895893836269,False,False,,
1761,7.763192400000001,626501.0,1904.258358662614,1901.310030395137,2058.6184885219964,1991.7299871330856,0.0335831170997182,-0.1937225956194961,False,False,,
1762,7.767600800000001,623819.0,1896.106382978723,1900.762917933131,2058.1181300263493,1991.7299871330856,0.0333318990636995,-0.197187887965752,False,False,,
1763,7.772009200000001,625351.0,1900.762917933131,1897.753799392097,2055.1557341453645,1991.7299871330856,0.0318445509291018,-0.1909603460987319,False,False,,
1764,7.776417600000001,621411.0,1888.787234042553,1897.3161094224924,2054.7647355504605,1991.7299871330856,0.0316482398842162,-0.0884968287255216,False,False,,
1765,7.780826000000001,624361.0,1897.753799392097,1896.106382978723,2053.6016692169924,1991.7299871330856,0.0310642920895946,-0.3952092810080967,False,False,,
1766,7.785234400000001,625531.0,1901.310030395137,1890.2826747720364,2047.824589877142,1991.7299871330856,0.0281637586954241,-0.4114829487225329,False,False,,
1767,7.789642800000001,621903.0,1890.2826747720364,1888.787234042553,2046.3757467919504,1991.7299871330856,0.0274363292272978,-0.1818010064958839,False,False,,
1768,7.794051200000001,616423.0,1873.626139817629,1886.9969604863225,2044.632039678374,1991.7299871330856,0.0265608555813512,-0.5278040377806397,False,False,,
1769,7.798459600000001,620822.0,1886.9969604863225,1879.4255319148936,2037.107146368854,1991.7299871330856,0.0227827865869935,-0.7561083945260658,False,False,,
1770,7.802868000000001,618331.0,1879.4255319148936,1873.626139817629,2031.354258373632,1991.7299871330856,0.0198943990884938,-0.5821602281571199,False,False,,
1771,7.807276400000001,614937.0,1869.109422492401,1869.109422492401,2026.8840140114437,1991.7299871330856,0.0176499962873778,-0.2617810643422407,False,False,,
1772,7.811684800000001,614421.0,1867.5410334346504,1868.936170212766,2026.7572035766968,1991.7299871330856,0.0175863278004011,-0.0840249950069631,False,False,,
1773,7.816093200000001,614880.0,1868.936170212766,1867.5410334346504,2025.4084775461545,1991.7299871330856,0.0169091647114004,-0.5882288767008139,False,False,,
1774,7.820501600000001,610533.0,1855.723404255319,1858.5136778115505,2016.427501594135,1991.7299871330856,0.0124000314403054,-0.6676790185500643,False,False,,
1775,7.824910000000001,608018.0,1848.079027355623,1855.723404255319,2013.683576653301,1991.7299871330856,0.0110223723406482,-0.1972340382443178,False,False,,
1776,7.829318400000001,610281.0,1854.957446808511,1854.957446808511,2012.9639367870009,1991.7299871330856,0.0106610583719129,-0.1548314324140907,False,False,,
1777,7.833726800000001,609608.0,1852.9118541033436,1852.9118541033436,2010.964630648234,1991.7299871330856,0.0096572545673397,-0.3524994981691247,False,False,,
1778,7.838135200000001,611451.0,1858.5136778115505,1848.6747720364745,2006.773804154424,1991.7299871330856,0.0075531407964554,-0.2699408700478937,False,False,,
1779,7.842543600000001,606908.0,1844.705167173252,1848.079027355623,2006.2242840740444,1991.7299871330856,0.0072772399043014,-0.0336816206246636,False,False,,
1780,7.846952000000001,606265.0,1842.7507598784196,1847.990881458967,2006.1823318260103,1991.7299871330856,0.0072561766837318,-0.1868665046659057,False,False,,
1781,7.851360400000001,608214.0,1848.6747720364745,1844.705167173252,2002.942780257795,1991.7299871330856,0.0056296753059631,-0.2931450037658426,False,False,,
1782,7.855768800000002,604181.0,1836.41641337386,1842.7507598784196,2001.034504770049,1991.7299871330856,0.0046715758145291,-0.2266833904837248,False,False,,
1783,7.860177200000002,607989.0,1847.990881458967,1840.632218844985,1998.9620646539863,1991.7299871330856,0.003631053188746,-0.3554631016057902,False,False,,
1784,7.864585600000002,603013.0,1832.866261398176,1836.41641337386,1994.7923292312023,1991.7299871330856,0.0015375287402911,-0.3499278550837231,False,False,,
1785,7.868994000000002,605568.0,1840.632218844985,1834.3951367781156,1992.8170918354376,1991.7299871330856,0.0005458092760438,-0.1969230934423398,False,False,,
1786,7.873402400000002,602416.0,1831.051671732523,1832.866261398176,1991.334224827773,1991.7299871330856,-0.0001987027899712,-0.1579821896755096,False,False,,
1787,7.877810800000002,602222.0,1830.462006079027,1831.528875379939,1990.0428163747472,1991.7299871330856,-0.0008470880938871,-0.0980978433652089,False,False,,
1788,7.8822192000000015,603516.0,1834.3951367781156,1831.051671732523,1989.6115595061076,1991.7299871330856,-0.0010636118553535,-0.0555221229652606,False,False,,
1789,7.8866276000000015,601722.0,1828.9422492401216,1830.462006079027,1989.0678098655685,1991.7299871330856,-0.0013366155476472,-0.11489422066333,False,False,,
1790,7.8910360000000015,602573.0,1831.528875379939,1828.9422492401216,1987.593938294399,1991.7299871330856,-0.002076611220098,-0.3535837047783414,False,False,,
1791,7.8954444000000015,599909.0,1823.431610942249,1824.161094224924,1982.8586378223056,1991.7299871330856,-0.0044540923559369,-0.3085847693858008,False,False,,
1792,7.8998528000000015,598988.0,1820.632218844985,1823.431610942249,1982.1749783786756,1991.7299871330856,-0.0047973414148187,-0.1957360088760059,False,False,,
1793,7.904261200000001,595865.0,1811.139817629179,1820.632218844985,1979.4213794369552,1991.7299871330856,-0.0061798575989948,-0.2390110729209318,False,False,,
1794,7.908669600000001,600149.0,1824.161094224924,1819.142857142857,1977.977780227417,1991.7299871330856,-0.006904654242548,-0.5353382797720666,False,False,,
1795,7.913078000000001,598498.0,1819.142857142857,1811.139817629179,1970.020472563906,1991.7299871330856,-0.0108998281440892,-0.9531720546632216,False,False,,
1796,7.917486400000001,592119.0,1799.753799392097,1802.313069908815,1961.239426071803,1991.7299871330856,-0.0153085816141026,-0.6431780089307735,False,False,,
1797,7.921894800000001,591412.0,1797.6048632218844,1799.753799392097,1958.7258261819477,1991.7299871330856,-0.01657060001323,-0.2629109301326575,False,False,,
1798,7.926303200000001,590770.0,1795.6534954407296,1797.6048632218844,1956.6225300576864,1991.7299871330856,-0.0176266147028962,-0.2282971553322439,False,False,,
1799,7.930711600000001,589606.0,1792.115501519757,1795.6534954407296,1954.71677176205,1991.7299871330856,-0.0185834503723633,-0.3074010658615769,False,False,,
1800,7.935120000000001,592961.0,1802.313069908815,1792.115501519757,1951.2243567866265,1991.7299871330856,-0.0203369084203846,-0.4512392437495061,False,False,,
1801,7.939528400000001,587960.0,1787.112462006079,1787.6382978723404,1946.7927015652383,1991.7299871330856,-0.0225619365366539,-0.2797142124316734,False,False,,
1802,7.943936800000001,588133.0,1787.6382978723404,1787.112462006079,1946.312383625921,1991.7299871330856,-0.0228030926885521,-0.1033427628746768,False,False,,
1803,7.948345200000001,587397.0,1785.401215805471,1785.732522796353,1944.977931864476,1991.7299871330856,-0.0234730890083674,-0.0922687108652682,False,False,,
1804,7.952753600000001,587029.0,1784.2826747720364,1785.401215805471,1944.6920818636224,1991.7299871330856,-0.023616607458509,-0.0773867583153271,False,False,,
1805,7.957162000000001,587506.0,1785.732522796353,1784.2826747720364,1943.618967382356,1991.7299871330856,-0.0241553925790819,-0.2779972252669473,False,False,,
1806,7.961570400000001,584803.0,1777.516717325228,1780.428571428571,1939.810260173581,1991.7299871330856,-0.0260676533942426,-0.380121595104868,False,False,,
1807,7.965978800000001,585761.0,1780.428571428571,1777.516717325228,1936.943771807817,1991.7299871330856,-0.0275068486588025,-0.1637672026597787,False,False,,
1808,7.970387200000001,584785.0,1777.462006079027,1777.462006079027,1936.9343959224389,1991.7299871330856,-0.0275115560666534,-0.2300627073655321,False,False,,
1809,7.974795600000001,581084.0,1766.212765957447,1773.386018237082,1932.9037130848992,1991.7299871330856,-0.0295352655371029,-0.2748955107144173,False,False,,
1810,7.979204000000001,580339.0,1763.948328267477,1772.5440729483282,1932.107042464461,1991.7299871330856,-0.0299352548055202,-0.1276025380750671,False,False,,
1811,7.983612400000001,583167.0,1772.5440729483282,1771.054711246201,1930.662925114872,1991.7299871330856,-0.0306603115948032,-0.0796610893292379,False,False,,
1812,7.988020800000001,580275.0,1763.753799392097,1771.054711246201,1930.7081391719323,1991.7299871330856,-0.0306376106979183,0.0051477399192298,False,False,,
1813,7.992429200000001,583444.0,1773.386018237082,1771.054711246201,1930.7533229538008,1991.7299871330856,-0.0306149250014833,0.0051442930085641,False,False,,
1814,7.996837600000001,582120.0,1769.3617021276596,1771.054711246201,1930.798476480749,1991.7299871330856,-0.0305922544953203,0.0051408484059494,False,False,,
1815,8.001246000000002,582553.0,1770.677811550152,1771.054711246201,1930.843599773036,1991.7299871330856,-0.0305695991692577,0.005137406109831,False,False,,
1816,8.005654400000001,582677.0,1771.054711246201,1771.054711246201,1930.8886928509069,1991.7299871330856,-0.0305469590131312,0.0899462445873342,False,False,,
1817,8.010062800000002,581409.0,1767.2006079027356,1772.5440729483282,1932.4231174367203,1991.7299871330856,-0.0297765611199798,0.137887707176799,False,False,,
1818,8.014471200000001,579740.0,1762.127659574468,1773.386018237082,1933.3100954351933,1991.7299871330856,-0.0293312306764947,0.245370853278755,False,False,,
1819,8.018879600000002,586744.0,1783.4164133738602,1776.762917933131,1936.7319976871984,1991.7299871330856,-0.0276131753807912,0.5763083925038677,False,False,,
1820,8.023288,584555.0,1776.762917933131,1783.4164133738602,1943.430465550313,1991.7299871330856,-0.0242500348414672,0.5908442094545467,False,False,,
1821,8.027696400000002,587939.0,1787.048632218845,1787.048632218845,1947.1076267042884,1991.7299871330856,-0.022403820154873,0.3708481157940491,False,False,,
1822,8.0321048,588857.0,1789.838905775076,1789.838905775076,1949.9428124762796,1991.7299871330856,-0.0209803411741341,0.6488212594383598,False,False,,
1823,8.036513200000002,592265.0,1800.1975683890578,1798.3525835866262,1958.50137243051,1991.7299871330856,-0.0166832928746557,0.594988001653413,True,False,1823.0,9.0
1824,8.0409216,591658.0,1798.3525835866262,1800.1975683890578,1960.3912093226784,1991.7299871330856,-0.015734450961155,0.4925175007536169,False,False,,
1825,8.045330000000002,594474.0,1806.9118541033436,1806.9118541033436,1967.1503170938809,1991.7299871330856,-0.0123408645740103,0.5028992583930385,False,False,,
1826,8.0497384,595141.0,1808.939209726444,1808.939209726444,1969.222464761188,1991.7299871330856,-0.0113004887797543,0.4364307088524224,False,False,,
1827,8.054146800000002,597424.0,1815.8784194528876,1814.4863221884495,1974.814339274787,1991.7299871330856,-0.0084929423001996,0.4002522610529376,False,False,,
1828,8.0585552,597917.0,1817.376899696049,1815.8784194528876,1976.2511686182877,1991.7299871330856,-0.0077715446445019,0.1696979201923841,False,False,,
1829,8.062963600000002,596966.0,1814.4863221884495,1817.376899696049,1977.79435098805,1991.7299871330856,-0.0069967496774473,0.1954843661312947,False,False,,
1830,8.067372,604818.0,1838.3525835866265,1819.22188449848,1979.684007984678,1991.7299871330856,-0.0060479980851956,0.9653687432042743,False,False,,
1831,8.071780400000002,598524.0,1819.22188449848,1834.240121580547,1994.7468873485784,1991.7299871330856,0.0015147134576386,1.094487704414337,False,False,,
1832,8.0761888,605726.0,1841.112462006079,1838.3525835866265,1998.9039617441583,1991.7299871330856,0.0036018811070868,0.3964273234112437,False,False,,
1833,8.080597200000001,603465.0,1834.240121580547,1841.112462006079,2001.708422680795,1991.7299871330856,0.0050099338826906,0.2776867325126974,False,False,,
1834,8.0850056,606393.0,1843.139817629179,1843.139817629179,2003.780330968763,1991.7299871330856,0.0060501894903049,0.7650943055186948,False,False,,
1835,8.089414000000001,611565.0,1858.860182370821,1854.4589665653496,2015.144002737476,1991.7299871330856,0.0117556173555897,0.9002712957317348,False,False,,
1836,8.0938224,610117.0,1854.4589665653496,1858.860182370821,2019.589711563139,1991.7299871330856,0.0139877014505138,0.5314210333194258,False,False,,
1837,8.098230800000001,614656.0,1868.255319148936,1863.7021276595744,2024.4761200796968,1991.7299871330856,0.0164410503221605,0.3392918677032099,False,False,,
1838,8.1026392,613763.0,1865.5410334346504,1864.729483282675,2025.547909158162,1991.7299871330856,0.0169791699896802,0.1097760673191232,False,False,,
1839,8.107047600000001,613496.0,1864.729483282675,1865.5410334346504,2026.4038630129987,1991.7299871330856,0.0174089239524997,0.2058355667549829,False,False,,
1840,8.111456,613158.0,1863.7021276595744,1868.255319148936,2029.1625226975643,1991.7299871330856,0.0187939810146451,0.4169974463807155,False,False,,
1841,8.115864400000001,619768.0,1883.793313069909,1872.775075987842,2033.726623794077,1991.7299871330856,0.0210855070377495,0.4022817294943031,False,False,,
1842,8.1202728,616143.0,1872.775075987842,1875.2310030395136,2036.226865410579,1991.7299871330856,0.0223408185672509,0.6324831047366666,False,False,,
1843,8.124681200000001,616951.0,1875.2310030395136,1883.793313069909,2044.833460332909,1991.7299871330856,0.026661984075593,0.6188059100745922,False,False,,
1844,8.129089600000002,620963.0,1887.4255319148936,1886.009118541033,2047.0935210429425,1991.7299871330856,0.0277967065151976,0.2118766836321279,False,False,,
1845,8.133498000000001,620497.0,1886.009118541033,1887.4255319148936,2048.5541600225415,1991.7299871330856,0.0285300584198409,0.3077631103717162,False,False,,
1846,8.137906400000002,622246.0,1891.3252279635255,1891.3252279635255,2052.498052063584,1991.7299871330856,0.0305101923067235,0.6149878904119479,False,False,,
1847,8.142314800000001,624487.0,1898.1367781155016,1898.1367781155016,2059.353768614471,1991.7299871330856,0.0339522836520243,0.6037339127455308,False,False,,
1848,8.146723200000002,625951.0,1902.5866261398176,1901.838905775076,2063.100033099273,1991.7299871330856,0.0358331934686176,0.2532308234602634,False,False,,
1849,8.151131600000001,625921.0,1902.495440729483,1902.495440729483,2063.800675325027,1991.7299871330856,0.0361849691763094,0.0476009549568976,False,False,,
1850,8.155540000000002,625705.0,1901.838905775076,1902.5866261398176,2063.9359384726163,1991.7299871330856,0.0362528815682815,0.0655985658117241,False,False,,
1851,8.159948400000001,626271.0,1903.559270516717,1903.559270516717,2064.952631072455,1991.7299871330856,0.036763338611358,0.1491958800194037,False,False,,
1852,8.164356800000002,630136.0,1915.306990881459,1905.118541033435,2066.555920317558,1991.7299871330856,0.0375683118032367,0.6739901307971987,False,False,,
1853,8.168765200000001,630672.0,1916.936170212766,1915.306990881459,2076.7883594191644,1991.7299871330856,0.0427057747965689,0.6779677595124394,False,False,,
1854,8.173173600000002,626784.0,1905.118541033435,1916.936170212766,2078.461498548986,1991.7299871330856,0.0435458179453042,0.3752364977265019,False,False,,
1855,8.177582000000001,632275.0,1921.8085106382975,1921.8085106382975,2083.377769337688,1991.7299871330856,0.0460141599497233,0.3534242748284741,False,False,,
1856,8.181990400000002,632685.0,1923.054711246201,1923.054711246201,2084.667870893126,1991.7299871330856,0.0466618890916111,0.29266764059187,False,False,,
1857,8.186398800000001,635130.0,1930.4863221884495,1926.860182370821,2088.517213569343,1991.7299871330856,0.0485945520032932,0.4250752999673288,False,False,,
1858,8.190807200000002,635386.0,1931.2644376899696,1930.431610942249,2092.132484316114,1991.7299871330856,0.050409692996363,0.2114834826879486,False,False,,
1859,8.195215600000001,635992.0,1933.106382978723,1930.4863221884495,2092.2310083810735,1991.7299871330856,0.050459159573457,0.0524138466637564,False,False,,
1860,8.199624000000002,635112.0,1930.431610942249,1931.2644376899696,2093.052907364424,1991.7299871330856,0.0508718153996282,0.154185240739535,False,False,,
1861,8.204032400000001,633937.0,1926.860182370821,1933.106382978723,2094.9386068177255,1991.7299871330856,0.0518185800040091,0.5327216029117414,False,False,,
1862,8.208440800000002,638435.0,1940.531914893617,1940.531914893617,2102.407863599514,1991.7299871330856,0.0555687152281815,0.492042990888069,False,False,,
1863,8.2128492,639986.0,1945.246200607903,1941.659574468085,2103.579218762842,1991.7299871330856,0.0561568246460723,0.273431682596323,False,False,,
1864,8.217257600000002,640117.0,1945.644376899696,1945.246200607903,2107.209511233089,1991.7299871330856,0.0579795076872973,0.2318876436252059,False,False,,
1865,8.221666,638806.0,1941.659574468085,1945.644376899696,2107.6513246164723,1991.7299871330856,0.0582013316223876,0.4504922896161547,False,False,,
1866,8.226074400000002,642560.0,1953.0699088145896,1953.0699088145896,2115.120464403695,1991.7299871330856,0.0619514081063864,0.4312763855586965,False,False,,
1867,8.2304828,642655.0,1953.3586626139816,1953.130699088146,2115.2248333498856,1991.7299871330856,0.062003809258583,0.0214047439250659,False,False,,
1868,8.234891200000002,644443.0,1958.793313069909,1953.3586626139816,2115.4963463682107,1991.7299871330856,0.0621401294526249,0.3274179693063406,False,False,,
1869,8.2392996,642580.0,1953.130699088146,1958.793313069909,2120.9745171560226,1991.7299871330856,0.0648905880103621,0.6767027675592772,False,False,,
1870,8.243708000000002,648468.0,1971.0273556231,1965.1550151975684,2127.379710474488,1991.7299871330856,0.0681064824136417,0.5039593397463049,False,False,,
1871,8.2481164,646536.0,1965.1550151975684,1967.5562310030396,2129.8243883491987,1991.7299871330856,0.0693338967170381,0.1508600076972053,False,False,,
1872,8.252524800000002,647326.0,1967.5562310030396,1967.7173252279636,2130.028915541296,1991.7299871330856,0.069436584929506,0.2026094928441848,False,False,,
1873,8.2569332,647379.0,1967.7173252279636,1971.0273556231,2133.382349821026,1991.7299871330856,0.0711202640935461,0.2739177301422995,False,False,,
1874,8.261341600000002,650785.0,1978.0699088145896,1972.440729483283,2134.8390985026954,1991.7299871330856,0.0718516627726242,0.2427588903647706,False,False,,
1875,8.26575,649842.0,1975.203647416413,1975.203647416413,2137.6453622136673,1991.7299871330856,0.0732606206781139,0.3254908267465257,False,False,,
1876,8.270158400000001,653091.0,1985.079027355623,1978.0699088145896,2140.554940365487,1991.7299871330856,0.074721450293883,0.313890741331349,False,False,,
1877,8.2745668,648933.0,1972.440729483283,1980.629179331307,2143.1574986310834,1991.7299871330856,0.0760281325662842,0.2019006142271795,False,False,,
1878,8.278975200000001,651923.0,1981.528875379939,1981.528875379939,2144.100453443253,1991.7299871330856,0.0765015676294009,0.130931938307766,False,False,,
1879,8.2833836,652355.0,1982.8419452887535,1982.8419452887535,2145.4567531496714,1991.7299871330856,0.077182533279956,0.0840222578779936,False,False,,
1880,8.287792000000001,653011.0,1984.8358662613985,1982.917933130699,2145.5759418426824,1991.7299871330856,0.0772423750726593,0.1184631324733764,False,False,,
1881,8.2922004,655692.0,1992.984802431611,1984.8358662613985,2147.5370468972915,1991.7299871330856,0.0782269990263469,0.1279795845826328,False,False,,
1882,8.296608800000001,651627.0,1980.629179331307,1985.079027355623,2147.82335100764,1991.7299871330856,0.0783707454740071,0.2705993902083108,False,False,,
1883,8.3010172,657079.0,1997.2006079027356,1989.501519756839,2152.2889575365502,1991.7299871330856,0.0806128197299347,0.4551060784242686,False,False,,
1884,8.305425600000001,657158.0,1997.440729483283,1992.984802431611,2155.815325469931,1991.7299871330856,0.082383324746258,0.4433329243863255,False,False,,
1885,8.309834000000002,654546.0,1989.501519756839,1997.2006079027356,2160.074187349908,1991.7299871330856,0.0845215974576648,0.2586465762427377,False,False,,
1886,8.314242400000001,652380.0,1982.917933130699,1997.440729483283,2160.357336508871,1991.7299871330856,0.0846637598796758,0.0185726198701221,False,False,,
1887,8.318650800000002,660939.0,2008.933130699088,1997.440729483283,2160.400335276154,1991.7299871330856,0.0846853485325356,0.0286083440366535,False,False,,
1888,8.323059200000001,660982.0,2009.063829787234,1997.857142857143,2160.8597186254556,1991.7299871330856,0.0849159939273781,0.0381248115518442,False,False,,
1889,8.327467600000002,657350.0,1998.0243161094224,1998.0243161094224,2161.069833080615,1991.7299871330856,0.0850214873710259,0.1395500973169081,False,False,,
1890,8.331876000000001,658073.0,2000.22188449848,2000.22188449848,2163.3103139192563,1991.7299871330856,0.0861463792254014,0.2388983498843195,False,False,,
1891,8.336284400000002,657295.0,1997.857142857143,2002.133738601824,2165.2650517381408,1991.7299871330856,0.0871278063422859,0.189219315334439,False,False,,
1892,8.340692800000001,659608.0,2004.887537993921,2003.4589665653496,2166.6331347024043,1991.7299871330856,0.0878146880848421,0.1393671966925875,False,False,,
1893,8.345101200000002,658702.0,2002.133738601824,2004.495440729483,2167.712435171701,1991.7299871330856,0.088356579042085,0.0862264408705808,False,False,,
1894,8.349509600000001,656264.0,1994.723404255319,2004.887537993921,2168.1473300649404,1991.7299871330856,0.08857492936871,0.0272007536281719,False,False,,
1895,8.353918000000002,661965.0,2012.051671732523,2004.887537993921,2168.190099036583,1991.7299871330856,0.0885964026466738,-0.0174587699731834,False,False,,
1896,8.358326400000001,659479.0,2004.495440729483,2004.495440729483,2167.8407421058173,1991.7299871330856,0.0884209988856105,0.0048660999721992,False,False,,
1897,8.362734800000002,661182.0,2009.6717325227964,2004.887537993921,2168.275551085133,1991.7299871330856,0.0886393060769088,0.1125225094172872,False,False,,
1898,8.367143200000001,659138.0,2003.4589665653496,2006.386018237082,2169.8167144435397,1991.7299871330856,0.0894130873466406,0.159944894703031,False,False,,
1899,8.371551600000002,662775.0,2014.5136778115505,2007.61094224924,2171.0842929904625,1991.7299871330856,0.0900495082245265,0.0768602250968601,False,False,,
1900,8.375960000000001,662758.0,2014.462006079027,2007.650455927052,2171.166432641695,1991.7299871330856,0.0900907485792749,0.1222055793506946,False,False,,
1901,8.380368400000002,663338.0,2016.224924012158,2009.6717325227964,2173.230306668641,1991.7299871330856,0.0911269703765461,0.2554787673372907,False,False,,
1902,8.384776800000001,660101.0,2006.386018237082,2012.051671732523,2175.652814786461,1991.7299871330856,0.0923432537751342,0.1999148231949856,False,False,,
1903,8.389185200000002,658010.0,2000.0303951367785,2013.09726443769,2176.740947895714,1991.7299871330856,0.0928895793896913,0.132234841445836,False,False,,
1904,8.3935936,660504.0,2007.61094224924,2014.288753799392,2177.974949176578,1991.7299871330856,0.0935091419251938,0.0726899171514592,False,False,,
1905,8.398002000000002,666031.0,2024.410334346505,2014.288753799392,2178.0174326298916,1991.7299871330856,0.0935304718512321,0.0124526498982469,False,False,,
1906,8.4024104,660517.0,2007.650455927052,2014.422492401216,2178.1936262382405,1991.7299871330856,0.0936189344488167,0.0048336147222709,False,False,,
1907,8.406818800000002,665156.0,2021.7507598784196,2014.288753799392,2178.1023142152017,1991.7299871330856,0.0935730888655154,-0.0027854182850166,False,False,,
1908,8.4112272,662309.0,2013.09726443769,2014.288753799392,2178.1447123852818,1991.7299871330856,0.0935943759728813,0.0048271437427125,False,False,,
1909,8.415635600000002,663920.0,2017.9939209726444,2014.288753799392,2178.1870821656785,1991.7299871330856,0.0936156488264661,0.0124397079361635,False,False,,
1910,8.420044,663079.0,2015.437689969605,2014.422492401216,2178.3631621772256,1991.7299871330856,0.0937040543898129,0.0366685574224998,False,False,,
1911,8.424452400000002,662701.0,2014.288753799392,2014.848024316109,2178.8310071501664,1991.7299871330856,0.0939389481635488,0.029049533075268,False,False,,
1912,8.4288608,660518.0,2007.6534954407296,2014.848024316109,2178.8732918755213,1991.7299871330856,0.093960178313031,0.004814227760864,False,False,,
1913,8.433269200000002,662745.0,2014.422492401216,2014.848024316109,2178.915548287155,1991.7299871330856,0.0939813942468708,0.0252351855144397,False,False,,
1914,8.4376776,661448.0,2010.4802431610944,2015.206686930091,2179.316439018009,1991.7299871330856,0.0941826718966746,0.0252319640810245,False,True,1823.0,9.0
1915,8.442086000000002,663103.0,2015.5106382978724,2015.206686930091,2179.3586388590656,1991.7299871330856,0.0942038594277803,0.0048045634591193,False,False,,
1916,8.4464944,663913.0,2017.9726443769,2015.206686930091,2179.4008104432396,1991.7299871330856,0.094225032771781,-0.0156228350071838,False,False,,
1917,8.450902800000001,662885.0,2014.848024316109,2014.848024316109,2179.08429117547,1991.7299871330856,0.0940661160160889,-0.0398581295362578,False,False,,
1918,8.4553112,663559.0,2016.8966565349544,2014.422492401216,2178.700874387735,1991.7299871330856,0.0938736116152857,0.0047949185578666,False,False,,
1919,8.459719600000001,660234.0,2006.790273556231,2014.848024316109,2179.1684932296284,1991.7299871330856,0.0941083918540301,0.0290237874577847,False,False,,
1920,8.464128,663915.0,2017.978723404255,2014.848024316109,2179.210551975353,1991.7299871330856,0.0941295085445436,0.0047884993826272,False,False,,
1921,8.468536400000001,663003.0,2015.206686930091,2014.848024316109,2179.2525825586727,1991.7299871330856,0.0941506110953868,0.0047852930183189,False,False,,
1922,8.4729448,665648.0,2023.246200607903,2014.848024316109,2179.294584998444,1991.7299871330856,0.0941716995160275,-0.1987673795238453,False,False,,
1923,8.477353200000001,658412.0,2001.2522796352584,2011.273556231003,2175.7620912284056,1991.7299871330856,0.0923981188636003,-0.3401820744710715,False,False,,
1924,8.4817616,657791.0,1999.364741641337,2008.790273556231,2173.320754762831,1991.7299871330856,0.0911723822018307,-0.2148708058042299,False,False,,
1925,8.486170000000001,657731.0,1999.182370820669,2007.41641337386,2171.988812702606,1991.7299871330856,0.0905036459429858,-0.1091182849272343,False,False,,
1926,8.490578400000002,664050.0,2018.38905775076,2006.790273556231,2171.4045629388784,1991.7299871330856,0.0902103081072841,-0.2553793893590708,False,False,,
1927,8.494986800000001,660892.0,2008.790273556231,2002.848024316109,2167.5041757032077,1991.7299871330856,0.0882520169428854,-0.2512285120809316,False,False,,
1928,8.499395200000002,661709.0,2011.273556231003,2002.294832826748,2166.99281818763,1991.7299871330856,0.0879952765619697,-0.0861073898563944,False,False,,
1929,8.503803600000001,660440.0,2007.41641337386,2001.2522796352584,2165.992070958025,1991.7299871330856,0.0874928253079996,-0.1620954571417812,False,False,,
1930,8.508212000000002,655071.0,1991.09726443769,1999.364741641337,2164.1463109328465,1991.7299871330856,0.0865661133354418,-0.1027300493069134,False,False,,
1931,8.512620400000001,656493.0,1995.419452887538,1999.364741641337,2164.1880609271907,1991.7299871330856,0.0865870750092701,-0.0056318297335824,False,False,,
1932,8.517028800000002,657546.0,1998.6200607902736,1999.182370820669,2164.0474121452,1991.7299871330856,0.0865164586190467,-0.0376559748391045,False,False,,
1933,8.521437200000001,656296.0,1994.820668693009,1998.6200607902736,2163.5267962165353,1991.7299871330856,0.0862550698103087,-0.2095338341454304,False,False,,
1934,8.525845600000002,658937.0,2002.848024316109,1995.419452887538,2160.367854497289,1991.7299871330856,0.0846690407101528,-0.2116140481020441,False,False,,
1935,8.530254000000001,658755.0,2002.294832826748,1994.820668693009,2159.8107085867027,1991.7299871330856,0.0843893110710021,-0.0293573689728621,False,False,,
1936,8.534662400000002,655061.0,1991.066869300912,1994.820668693009,2159.8523189897796,1991.7299871330856,0.084410202659393,-0.0297067158482811,False,False,,
1937,8.539070800000001,655787.0,1993.273556231003,1994.215805471125,2159.2890383087756,1991.7299871330856,0.0841273928987111,-0.029709888033004,False,False,,
1938,8.543479200000002,659113.0,2003.382978723404,1994.215805471125,2159.330593006116,1991.7299871330856,0.0841482565185837,-0.0489256354611011,False,False,,
1939,8.547887600000001,655706.0,1993.0273556231,1993.273556231003,2158.429870638438,1991.7299871330856,0.0836960253559779,-0.0629487922888358,False,False,,
1940,8.552296000000002,656097.0,1994.215805471125,1993.0273556231,2158.225169096714,1991.7299871330856,0.0835932496067316,-0.1209358627729475,False,False,,
1941,8.556704400000001,653361.0,1985.899696048632,1991.066869300912,2156.3061540530593,1991.7299871330856,0.0826297580410817,-0.24036856145635,False,False,,
1942,8.561112800000002,652202.0,1982.376899696049,1988.723404255319,2154.004132516961,1991.7299871330856,0.0814739680740832,-0.289528227290253,False,False,,
1943,8.565521200000001,656885.0,1996.61094224924,1985.899696048632,2151.2218400693228,1991.7299871330856,0.0800770455667091,-0.2235855130853323,False,False,,
1944,8.569929600000002,654290.0,1988.723404255319,1984.7142857142856,2150.077817762162,1991.7299871330856,0.0795026593223128,-0.1503731728960335,False,False,,
1945,8.574338000000001,652465.0,1983.176291793313,1983.176291793313,2148.5811841550803,1991.7299871330856,0.0787512353759194,-0.1283943702390573,False,False,,
1946,8.578746400000002,648470.0,1971.033434650456,1982.376899696049,2147.823124676969,1991.7299871330856,0.0783706318387893,-0.3343701996393893,False,False,,
1947,8.5831548,652971.0,1984.7142857142856,1977.22188449848,2142.7094144223606,1991.7299871330856,0.0758031601997398,-0.5728862480549708,False,False,,
1948,8.587563200000002,650506.0,1977.22188449848,1972.2340425531916,2137.7628497623705,1991.7299871330856,0.0733196083669382,-0.3477041433041865,False,False,,
1949,8.5919716,648166.0,1970.109422492401,1971.033434650456,2136.6034915057917,1991.7299871330856,0.0727375223090547,-0.1162909302719104,False,False,,
1950,8.596380000000002,647880.0,1969.240121580547,1970.109422492401,2135.720701373258,1991.7299871330856,0.0722942944929169,-0.097427670151994,False,False,,
1951,8.6007884,648865.0,1972.2340425531916,1969.240121580547,2134.892594884786,1991.7299871330856,0.0718785220268586,-0.2085522061508591,False,False,,
1952,8.605196800000002,643903.0,1957.151975683891,1966.364741641337,2132.0583817852994,1991.7299871330856,0.0704555314017256,-0.2765782556807981,False,False,,
1953,8.6096052,646255.0,1964.300911854103,1964.300911854103,2130.035691272601,1991.7299871330856,0.069439986862172,-0.5199407073705746,False,False,,
1954,8.614013600000002,646934.0,1966.364741641337,1957.151975683891,2122.927866830194,1991.7299871330856,0.0658713181729797,-0.5843319407618983,False,False,,
1955,8.618422,641476.0,1949.775075987842,1953.957446808511,2119.7744221543335,1991.7299871330856,0.0642880490068617,-0.2012951315602258,False,False,,
1956,8.622830400000002,640198.0,1945.890577507599,1953.534954407295,2119.3929864427855,1991.7299871330856,0.0640965392570401,-0.2334923121912115,False,False,,
1957,8.6272388,642713.0,1953.534954407295,1949.775075987842,2115.6741372215683,1991.7299871330856,0.0622293939887349,-0.430640718032401,False,False,,
1958,8.631647200000002,642852.0,1953.957446808511,1945.890577507599,2111.8306404665377,1991.7299871330856,0.060299666174292,-0.3292152843114504,False,False,,
1959,8.6360556,638531.0,1940.823708206687,1943.9118541033436,2109.892891332867,1991.7299871330856,0.0593267686700173,-0.1381311541150518,False,False,,
1960,8.640464000000001,639547.0,1943.9118541033436,1943.382978723404,2109.4049627872673,1991.7299871330856,0.0590817914146907,-0.1440192114120195,False,False,,
1961,8.6448724,639373.0,1943.382978723404,1941.300911854103,2107.3638153344336,1991.7299871330856,0.0580569800868401,-0.1410798662052794,False,False,,
1962,8.649280800000001,638688.0,1941.300911854103,1940.823708206687,2106.9275037039706,1991.7299871330856,0.0578379184503324,-0.4997177632373653,False,False,,
1963,8.6536892,634719.0,1929.237082066869,1932.4437689969604,2098.5884291300295,1991.7299871330856,0.0536510685119306,-0.655152362420707,False,False,,
1964,8.658097600000001,635774.0,1932.4437689969604,1929.237082066869,2095.422579472891,1991.7299871330856,0.0520615711013425,-0.2059965744324552,False,False,,
1965,8.662506,634557.0,1928.744680851064,1928.744680851064,2094.9709881855265,1991.7299871330856,0.051834837914474,-0.091243482320749,False,False,,
1966,8.666914400000001,631397.0,1919.139817629179,1927.5531914893616,2093.8202814260644,1991.7299871330856,0.0512570955664168,-0.1355566818238003,False,False,,
1967,8.671322800000002,634165.0,1927.5531914893616,1926.2826747720364,2092.5905200030757,1991.7299871330856,0.0506396617621696,-0.4744627322106378,False,False,,
1968,8.675731200000001,629472.0,1913.288753799392,1919.139817629179,2085.4883908649363,1991.7299871330856,0.0470738525490633,-0.6906506061596733,False,False,,
1969,8.680139600000002,626192.0,1903.3191489361704,1914.0729483282676,2080.4622222973967,1991.7299871330856,0.0445503334977815,-0.3285572078977097,False,False,,
1970,8.684548000000001,629730.0,1914.0729483282676,1913.288753799392,2079.718701248809,1991.7299871330856,0.0441770293584699,-0.6077484845496617,False,False,,
1971,8.688956400000002,633747.0,1926.2826747720364,1903.3191489361704,2069.789742631039,1991.7299871330856,0.0391919366592022,-0.763529239638082,False,False,,
1972,8.693364800000001,624687.0,1898.744680851064,1899.7993920972644,2066.310604820985,1991.7299871330856,0.0374451447584276,-0.2492929927476357,False,False,,
1973,8.697773200000002,625034.0,1899.7993920972644,1898.860182370821,2065.411986925018,1991.7299871330856,0.0369939702007454,-0.0533624174635134,False,False,,
1974,8.702181600000001,623393.0,1894.811550151976,1898.7811550151976,2065.373524219708,1991.7299871330856,0.0369746589961351,-0.0019588860680341,False,False,,
1975,8.706590000000002,624699.0,1898.7811550151976,1898.744680851064,2065.3775875439233,1991.7299871330856,0.0369766990940607,-0.0644461265441478,False,False,,
1976,8.710998400000001,624300.0,1897.568389057751,1897.568389057751,2064.241806095183,1991.7299871330856,0.0364064503876209,-0.2193614398520598,False,False,,
1977,8.715406800000002,624725.0,1898.860182370821,1894.811550151976,2061.5254504083805,1991.7299871330856,0.0350426331511728,-0.4705127242104416,False,False,,
1978,8.719815200000001,621555.0,1889.224924012158,1889.224924012158,2055.9792803800974,1991.7299871330856,0.0322580338008028,-0.630447535576248,False,False,,
1979,8.724223600000002,619724.0,1883.659574468085,1883.659574468085,2050.4543598582723,1991.7299871330856,0.0294841033195041,-0.588217566811331,False,False,,
1980,8.728632000000001,617218.0,1876.042553191489,1878.8145896656536,2045.6497770069411,1991.7299871330856,0.0270718371577406,-0.2957048313574364,False,False,,
1981,8.733040400000002,618130.0,1878.8145896656536,1878.386018237082,2045.2615804764491,1991.7299871330856,0.0268769329623928,-0.1532579008444377,False,False,,
1982,8.737448800000001,617989.0,1878.386018237082,1876.042553191489,2042.9584632940296,1991.7299871330856,0.0257205928975757,-0.1371639545591856,False,False,,
1983,8.741857200000002,617170.0,1875.8966565349544,1875.8966565349544,2042.852887483864,1991.7299871330856,0.0256675858078358,-0.0482006812428355,False,False,,
1984,8.746265600000001,616913.0,1875.115501519757,1875.115501519757,2042.1120263163225,1991.7299871330856,0.025295617131194,-0.1148419739145523,False,False,,
1985,8.750674000000002,615576.0,1871.051671732523,1873.7993920972644,2040.8361837608504,1991.7299871330856,0.0246550470922259,-0.077458408691919,False,False,,
1986,8.755082400000001,616439.0,1873.6747720364745,1873.6747720364745,2040.7518036045117,1991.7299871330856,0.0246126818334389,-0.1518885799649871,False,False,,
1987,8.759490800000002,616480.0,1873.7993920972644,1871.051671732523,2038.168916260497,1991.7299871330856,0.0233158758603901,-0.5332007282133855,False,False,,
1988,8.763899200000001,612283.0,1861.042553191489,1864.2310030395136,2031.3884336009517,1991.7299871330856,0.019911557652928,-0.5653978424251158,False,False,,
1989,8.768307600000002,611609.0,1858.9939209726444,1861.042553191489,2028.2401428779476,1991.7299871330856,0.0183308761632971,-0.1929192258904075,False,False,,
1990,8.772716,612191.0,1860.762917933131,1860.762917933131,2028.000639854184,1991.7299871330856,0.0182106274220969,-0.1120909934672753,False,False,,
1991,8.777124400000002,608912.0,1850.796352583587,1858.9939209726444,2026.2717482558735,1991.7299871330856,0.0173425922920945,-0.2209653247119434,False,False,,
1992,8.7815328,613332.0,1864.2310030395136,1856.8024316109424,2024.1203374019208,1991.7299871330856,0.0162624203471767,-0.4622506600885596,False,False,,
1993,8.785941200000002,610888.0,1856.8024316109424,1850.796352583587,2018.1543100458707,1991.7299871330856,0.013267020672225,-0.8686603070082607,False,False,,
1994,8.7903496,603555.0,1834.5136778115505,1841.468085106383,2008.8660674214975,1991.7299871330856,0.008603616152347,-0.6865765910787403,False,False,,
1995,8.794758000000002,605843.0,1841.468085106383,1838.659574468085,2006.0975548355136,1991.7299871330856,0.0072136121840033,-0.1659361043599543,False,False,,
1996,8.7991664,604919.0,1838.659574468085,1838.474164133739,2005.9521157709091,1991.7299871330856,0.0071405907074256,-0.1543423726930656,False,False,,
1997,8.803574800000002,604858.0,1838.474164133739,1835.869300911854,2003.3871970541288,1991.7299871330856,0.0058528063524426,-0.1574609730044528,False,False,,
1998,8.8079832,603922.0,1835.629179331307,1835.629179331307,2003.1869932319692,1991.7299871330856,0.0057522888006395,-0.072651739720147,False,False,,
1999,8.812391600000002,604001.0,1835.869300911854,1834.5136778115505,2002.111382741793,1991.7299871330856,0.0052122504936778,-0.1656021166159261,False,False,,
2000,8.8168,602939.0,1832.6413373860184,1832.6413373860184,2000.278906634932,1991.7299871330856,0.0042922080588603,-0.5898396363495166,False,False,,
2001,8.821208400000002,598964.0,1820.559270516717,1824.075987841945,1991.7533947165064,1991.7299871330856,1.1752387910104844e-05,-0.6834823543016326,False,False,,
2002,8.8256168,600121.0,1824.075987841945,1820.559270516717,1988.2764883417756,1991.7299871330856,-0.0017339191625472,-0.2500773397348594,False,False,,
2003,8.830025200000001,596450.0,1812.917933130699,1819.6048632218844,1987.3618653401509,1991.7299871330856,-0.0021931295010636,-0.2165016359153407,False,False,,
2004,8.8344336,597687.0,1816.677811550152,1816.677811550152,1984.474571322187,1991.7299871330856,-0.0036427707860852,-0.1813681535203037,False,False,,
2005,8.838842000000001,597576.0,1816.340425531915,1816.340425531915,1984.176916336118,1991.7299871330856,-0.0037922162370209,-0.2095842485220516,False,False,,
2006,8.8432504,595834.0,1811.045592705167,1812.917933130699,1980.794128363294,1991.7299871330856,-0.0054906331884538,-0.2969958501397547,False,False,,
2007,8.847658800000001,598650.0,1819.6048632218844,1811.045592705167,1978.961465780192,1991.7299871330856,-0.0064107692485328,-0.259092981134673,False,False,,
2008,8.852067200000002,594927.0,1808.288753799392,1808.288753799392,1976.244278148687,1991.7299871330856,-0.0077750041845224,-0.3267727424823538,False,False,,
2009,8.856475600000001,593342.0,1803.471124620061,1805.227963525836,1973.2231125990309,1991.7299871330856,-0.0092918591644511,-0.1978264847832612,False,False,,
2010,8.860884000000002,593758.0,1804.7355623100304,1804.7355623100304,1972.7703095745337,1991.7299871330856,-0.0095192007355589,-0.0955355125787411,False,False,,
2011,8.865292400000001,592408.0,1800.632218844985,1803.471124620061,1971.545443561046,1991.7299871330856,-0.0101341766717552,-0.1382908431612932,False,False,,
2012,8.869700800000002,592933.0,1802.227963525836,1802.227963525836,1970.3418276462312,1991.7299871330856,-0.0107384834415434,-0.1571602647251635,False,False,,
2013,8.874109200000001,591774.0,1798.7051671732522,1800.632218844985,1968.785601665462,1991.7299871330856,-0.0115198272937839,-0.1961076930493364,False,False,,
2014,8.878517600000002,590762.0,1795.629179331307,1798.7051671732522,1966.898042232212,1991.7299871330856,-0.0124675257496209,-0.2804037253932909,False,False,,
2015,8.882926000000001,593920.0,1805.227963525836,1795.629179331307,1963.8615201848688,1991.7299871330856,-0.0139920908598313,-0.531554932135768,False,False,,
2016,8.887334400000002,588669.0,1789.267477203647,1789.29179331307,1957.5635735350609,1991.7299871330856,-0.0171541392752761,-0.3577793131058595,False,False,,
2017,8.891742800000001,587870.0,1786.838905775076,1789.267477203647,1957.5786703855883,1991.7299871330856,-0.0171465595076243,-0.1351933603713309,False,False,,
2018,8.896151200000002,584230.0,1775.775075987842,1786.838905775076,1955.189485526172,1991.7299871330856,-0.0183461120949986,-0.6018369828938157,False,False,,
2019,8.900559600000001,581819.0,1768.4468085106382,1778.6200607902736,1947.0100007374,1991.7299871330856,-0.0224528358184013,-0.5225664681179238,False,False,,
2020,8.904968000000002,584825.0,1777.5835866261398,1777.5835866261398,1946.0128604138315,1991.7299871330856,-0.0229534761310992,-0.1575304987765076,False,False,,
2021,8.909376400000001,588677.0,1789.29179331307,1775.775075987842,1944.2436572782824,1991.7299871330856,-0.0238417507200138,-0.2944447469346474,False,False,,
2022,8.913784800000002,585166.0,1778.6200607902736,1772.334346504559,1940.842208977566,1991.7299871330856,-0.0255495365758729,-0.334949933682807,False,False,,
2023,8.918193200000001,581895.0,1768.677811550152,1769.8145896656536,1938.3617070186688,1991.7299871330856,-0.0267949372953086,-0.2037535260959861,False,False,,
2024,8.922601600000002,582269.0,1769.8145896656536,1768.677811550152,1937.26415749823,1991.7299871330856,-0.0273459906647557,-0.0734225479168353,False,False,,
2025,8.927010000000001,579138.0,1760.2978723404256,1768.4468085106382,1937.0723567864336,1991.7299871330856,-0.0274422892157819,-0.1525259696667653,False,False,,
2026,8.931418400000002,583098.0,1772.334346504559,1765.920972644377,1934.5856969981332,1991.7299871330856,-0.0286907816341141,-0.459584023584298,False,False,,
2027,8.935826800000001,580988.0,1765.920972644377,1760.2978723404256,1929.0017465399628,1991.7299871330856,-0.0314943496349193,-0.3429268557222862,False,False,,
2028,8.940235200000002,578871.0,1759.4863221884498,1759.820668693009,1928.563666523712,1991.7299871330856,-0.0317142991356453,-0.041759708620213,False,False,,
2029,8.944643600000001,575826.0,1750.2310030395138,1759.4863221884498,1928.268417453256,1991.7299871330856,-0.031862536633882,-0.1314213856061039,False,False,,
2030,8.949052000000002,577133.0,1754.203647416413,1757.434650455927,1926.255816975317,1991.7299871330856,-0.0328730152082576,-0.1123848751288814,False,False,,
2031,8.9534604,578981.0,1759.820668693009,1757.434650455927,1926.2948620679097,1991.7299871330856,-0.0328534116009187,0.0044453870069682,False,False,,
2032,8.957868800000002,574328.0,1745.677811550152,1757.434650455927,1926.3338810160296,1991.7299871330856,-0.0328338211200945,0.0044424103896458,False,False,,
2033,8.9622772,578196.0,1757.434650455927,1757.434650455927,1926.3728738371833,1991.7299871330856,-0.0328142437569953,0.0044394357654558,False,False,,
2034,8.966685600000002,577230.0,1754.498480243161,1757.434650455927,1926.411840548865,1991.7299871330856,-0.0327946795028376,0.0044364631330635,False,False,,
2035,8.971094,573828.0,1744.1580547112462,1757.434650455927,1926.4507811685576,1991.7299871330856,-0.0327751283488437,0.0044334924911244,False,False,,
2036,8.975502400000002,577123.0,1754.173252279635,1757.434650455927,1926.4896957137323,1991.7299871330856,-0.0327555902862419,0.1403032556708972,False,False,,
2037,8.9799108,576148.0,1751.209726443769,1759.820668693009,1928.9146024389304,1991.7299871330856,-0.031538102604245,0.3334645803753799,False,False,,
2038,8.984319200000002,582077.0,1769.2310030395138,1763.212765957447,1932.3455621518735,1991.7299871330856,-0.0298154997739881,0.5287029424575307,False,False,,
2039,8.9887276,580097.0,1763.212765957447,1769.0273556231002,1938.1989882438577,1991.7299871330856,-0.026876634501186,0.3471324693281543,False,False,,
2040,8.993136000000002,583922.0,1774.838905775076,1769.2310030395138,1938.4414460818512,1991.7299871330856,-0.0267549022184167,0.3353596414025208,False,False,,
2041,8.9975444,582010.0,1769.0273556231002,1774.838905775076,1944.088133251656,1991.7299871330856,-0.0239198356148694,0.4559978216400369,False,False,,
2042,9.001952800000002,584686.0,1777.161094224924,1777.161094224924,1946.44908016581,1991.7299871330856,-0.0227344606245815,0.5679816897293501,False,False,,
2043,9.0063612,589475.0,1791.7173252279636,1784.7355623100304,1954.062280762675,1991.7299871330856,-0.0189120546528647,0.8333200061723764,True,False,2043.0,10.0
2044,9.0107696,587178.0,1784.7355623100304,1791.7173252279636,1961.0827502571976,1991.7299871330856,-0.0153872447941611,0.4895676961624831,False,False,,
2045,9.015178,591875.0,1799.012158054711,1793.2553191489362,1962.6594248369556,1991.7299871330856,-0.0145956341893382,0.4198109734686237,False,False,,
2046,9.0195864,589981.0,1793.2553191489362,1799.012158054711,1968.4549185010671,1991.7299871330856,-0.0116858554032821,0.7450371496192827,False,False,,
2047,9.0239948,597593.0,1816.3920972644376,1806.261398176292,1975.742787497879,1991.7299871330856,-0.0080267906485753,0.4755388607679646,False,False,,
2048,9.0284032,594260.0,1806.261398176292,1807.2857142857144,1976.8057066167569,1991.7299871330856,-0.0074931243756644,0.5812916345428623,False,False,,
2049,9.032811600000002,594597.0,1807.2857142857144,1816.3920972644376,1985.950666756481,1991.7299871330856,-0.0029016585651368,1.3316177266523104,False,False,,
2050,9.03722,602339.0,1830.817629179331,1830.592705167173,2000.1898259890704,1991.7299871330856,0.0042474827966825,0.8258566679824977,False,False,,
2051,9.041628400000002,602265.0,1830.592705167173,1830.817629179331,2000.453275517231,1991.7299871330856,0.0043797545051284,0.1873384325355501,False,False,,
2052,9.0460368,603322.0,1833.80547112462,1833.80547112462,2003.4796171819569,1991.7299871330856,0.0058992082886614,0.3498635148795277,False,False,,
2053,9.050445200000002,605994.0,1841.9270516717324,1836.884498480243,2006.5971184777245,1991.7299871330856,0.0074644311431182,0.3495144072737672,False,False,,
2054,9.0548536,604335.0,1836.884498480243,1839.866261398176,2009.6173295737713,1991.7299871330856,0.0089808069147127,0.2915275695311049,False,False,,
2055,9.059262000000002,605316.0,1839.866261398176,1841.9270516717324,2011.7165422806609,1991.7299871330856,0.0100347714181598,0.6891038295273242,False,False,,
2056,9.0636704,609730.0,1853.2826747720364,1851.890577507599,2021.7184648223183,1991.7299871330856,0.0150564975588876,0.6510219182090444,False,False,,
2057,9.068078800000002,610178.0,1854.644376899696,1853.2826747720364,2023.148933082232,1991.7299871330856,0.0157747014666236,0.1611848112940963,False,False,,
2058,9.0724872,609272.0,1851.890577507599,1854.644376899696,2024.5489805122688,1991.7299871330856,0.0164776318031054,0.465467570858505,False,False,,
2059,9.076895600000002,612394.0,1861.3799392097264,1861.3799392097264,2031.3228624487808,1991.7299871330856,0.0198786359453699,0.7160935847792054,False,False,,
2060,9.081304,614290.0,1867.142857142857,1867.142857142857,2037.12407434969,1991.7299871330856,0.0227912857213869,0.558582146311962,False,False,,
2061,9.085712400000002,616688.0,1874.431610942249,1871.112462006079,2041.131947539169,1991.7299871330856,0.0248035430129728,0.419417855755154,False,False,,
2062,9.0901208,615596.0,1871.112462006079,1874.431610942249,2044.489339177244,1991.7299871330856,0.026489209072009,0.4119722282035534,False,False,,
2063,9.094529200000002,617951.0,1878.270516717325,1878.270516717325,2048.36646204703,1991.7299871330856,0.028435819754598,0.4282394233201896,False,False,,
2064,9.0989376,621995.0,1890.562310030395,1881.8753799392096,2052.009516773577,1991.7299871330856,0.0302649104195385,0.5789946619607274,False,False,,
2065,9.103346000000002,619137.0,1881.8753799392096,1888.3617021276596,2058.5340048937765,1991.7299871330856,0.0335406998901739,0.4865636755142954,False,False,,
2066,9.1077544,621271.0,1888.3617021276596,1890.343465045593,2060.5539081876695,1991.7299871330856,0.0345548450338139,0.1296568512213736,False,False,,
2067,9.112162800000002,624426.0,1897.951367781155,1890.562310030395,2060.8108680097553,1991.7299871330856,0.0346838584160221,0.1166724723812739,False,False,,
2068,9.1165712,621923.0,1890.343465045593,1892.3161094224924,2062.602756717559,1991.7299871330856,0.0355835228883048,0.199231723477304,False,False,,
2069,9.120979600000002,623121.0,1893.984802431611,1893.984802431611,2064.309513537896,1991.7299871330856,0.0364404446755768,0.3252356334490072,False,False,,
2070,9.125388,625019.0,1899.753799392097,1897.951367781155,2068.31411721125,1991.7299871330856,0.0384510604212975,0.3328485280739279,False,False,,
2071,9.129796400000002,622572.0,1892.3161094224924,1899.753799392097,2070.1545616756575,1991.7299871330856,0.0393751035778986,0.3321532830776226,False,False,,
2072,9.1342048,626320.0,1903.70820668693,1903.70820668693,2074.146956370668,1991.7299871330856,0.0413795894875358,0.552835395454597,False,False,,
2073,9.138613200000002,629557.0,1913.547112462006,1909.386018237082,2079.862729884752,1991.7299871330856,0.044249342692543,0.5646023666868967,False,False,,
2074,9.1430216,628188.0,1909.386018237082,1913.547112462006,2084.0617606543947,1991.7299871330856,0.0463575756341411,0.2436975047220695,False,False,,
2075,9.147430000000002,630299.0,1915.8024316109424,1913.589665653495,2084.142224988411,1991.7299871330856,0.0463979748521757,0.1327463054756146,False,False,,
2076,9.1518384,629571.0,1913.589665653495,1915.8024316109424,2086.392876703201,1991.7299871330856,0.0475279732602581,0.2166902623610971,False,False,,
2077,9.156246800000002,633283.0,1924.872340425532,1917.3191489361704,2087.947454417587,1991.7299871330856,0.0483084895573609,0.2494006815354819,False,False,,
2078,9.1606552,630798.0,1917.3191489361704,1920.106382978723,2090.772523498099,1991.7299871330856,0.0497268891892199,0.2059531383046113,False,False,,
2079,9.165063600000002,631963.0,1920.860182370821,1920.860182370821,2091.5641325939314,1991.7299871330856,0.0501243371871645,0.2294899883683916,False,False,,
2080,9.169472,631715.0,1920.106382978723,1924.060790273556,2094.802524883142,1991.7299871330856,0.0517502565186658,0.2327757453006071,False,False,,
2081,9.173880400000002,636794.0,1935.544072948328,1924.872340425532,2095.651834121285,1991.7299871330856,0.0521766743783304,0.36224140417045,False,False,,
2082,9.1782888,633016.0,1924.060790273556,1930.3465045592704,2101.163732057824,1991.7299871330856,0.0549440665309549,0.385432087459252,False,False,,
2083,9.182697200000002,637316.0,1937.130699088146,1931.565349544073,2102.42028557899,1991.7299871330856,0.0555749520070403,0.3002707597746825,False,False,,
2084,9.1871056,635084.0,1930.3465045592704,1935.544072948328,2106.4366922700897,1991.7299871330856,0.0575914937657357,0.241072376404718,False,False,,
2085,9.191514000000002,636853.0,1935.723404255319,1935.723404255319,2106.6536816313132,1991.7299871330856,0.0577004389353246,0.0946385085346612,False,False,,
2086,9.1959224,642979.0,1954.343465045593,1937.130699088146,2108.0986093026568,1991.7299871330856,0.0584259025677839,0.6218564544251892,False,False,,
2087,9.2003308,641619.0,1950.209726443769,1946.568389057751,2117.5739069119463,1991.7299871330856,0.0631832229227022,0.7364367045456861,False,False,,
2088,9.2047392,635485.0,1931.565349544073,1949.987841945289,2121.030942257211,1991.7299871330856,0.0649189177044235,0.2116362287029112,False,False,,
2089,9.2091476,643875.0,1957.066869300912,1950.209726443769,2121.2903840483204,1991.7299871330856,0.0650491772239294,0.0560287955423195,False,False,,
2090,9.213556000000002,640421.0,1946.568389057751,1950.8966565349544,2122.014846283889,1991.7299871330856,0.0654129123889611,0.2396704781751957,False,False,,
2091,9.2179644,643936.0,1957.2522796352584,1954.343465045593,2125.499161807503,1991.7299871330856,0.0671623038959039,0.2005501170329093,False,False,,
2092,9.222372800000002,641845.0,1950.8966565349544,1954.343465045593,2125.536643705899,1991.7299871330856,0.0671811226608161,0.0568856431225439,False,False,,
2093,9.2267812,641546.0,1949.987841945289,1955.267477203647,2126.498112664587,1991.7299871330856,0.0676638532341866,0.1593498649686822,False,False,,
2094,9.231189600000002,646584.0,1965.300911854103,1957.066869300912,2128.334936481528,1991.7299871330856,0.0685860785502722,0.1172870427662413,False,False,,
2095,9.235598,643283.0,1955.267477203647,1957.2522796352584,2128.557753471388,1991.7299871330856,0.0686979496328483,0.4731495861482253,False,False,,
2096,9.240006400000002,648097.0,1969.899696048632,1965.300911854103,2136.6437672983657,1991.7299871330856,0.0727577438214254,0.5695557938399585,False,False,,
2097,9.2444148,649493.0,1974.142857142857,1967.179331306991,2138.559543328777,1991.7299871330856,0.0737196091559777,0.2661326906602799,False,False,,
2098,9.248823200000002,647202.0,1967.179331306991,1969.899696048632,2141.3172396340947,1991.7299871330856,0.0751041825284391,0.1641820223224801,False,False,,
2099,9.2532316,642155.0,1951.838905775076,1969.987841945289,2141.4426920973283,1991.7299871330856,0.075167169210391,0.197411742593772,False,False,,
2100,9.257640000000002,650900.0,1978.419452887538,1973.29179331307,2144.7839250513252,1991.7299871330856,0.0768447223805405,0.2408535554435129,False,False,,
2101,9.2620484,649213.0,1973.29179331307,1974.142857142857,2145.672245503694,1991.7299871330856,0.0772907268380259,0.2962383236962917,False,False,,
2102,9.266456800000002,648126.0,1969.987841945289,1978.419452887538,2149.9860729240377,1991.7299871330856,0.0794565964329067,0.3457381602441707,False,False,,
2103,9.2708652,654878.0,1990.5106382978724,1980.139817629179,2151.743644411127,1991.7299871330856,0.0803390310492672,0.3074832534211751,False,False,,
2104,9.275273600000002,652652.0,1983.744680851064,1983.744680851064,2155.3856894649393,1991.7299871330856,0.0821676147816709,0.3992161467232531,False,False,,
2105,9.279682,653748.0,1987.075987841945,1987.075987841945,2158.754153390909,1991.7299871330856,0.0838588399716968,0.1961831026752616,False,False,,
2106,9.284090400000002,654651.0,1989.820668693009,1987.115501519757,2158.8307991236406,1991.7299871330856,0.0838973219613374,0.029325093586296,False,False,,
2107,9.2884988,656814.0,1996.3951367781156,1987.516717325228,2159.269122120523,1991.7299871330856,0.0841173934568284,0.0701706255011167,False,False,,
2108,9.292907200000002,651466.0,1980.139817629179,1988.273556231003,2160.0630433708493,1991.7299871330856,0.0845160023322558,0.1354213251565834,False,False,,
2109,9.2973156,653761.0,1987.115501519757,1989.820668693009,2161.6472133471843,1991.7299871330856,0.0853113761964688,0.1316105999531469,False,False,,
2110,9.301724000000002,655723.0,1993.079027355623,1990.5106382978724,2162.3742156527796,1991.7299871330856,0.0856763866699225,0.1001060714282964,False,False,,
2111,9.3061324,654142.0,1988.273556231003,1991.504559270517,2163.4051445291743,1991.7299871330856,0.0861939914070378,0.1504713564598994,False,False,,
2112,9.310540800000002,655205.0,1991.504559270517,1993.079027355623,2165.016595737655,1991.7299871330856,0.0870030625255582,0.2752637448952981,False,False,,
2113,9.3149492,653893.0,1987.516717325228,1996.2644376899696,2168.23896443159,1991.7299871330856,0.0886209367930303,0.1914871646998115,False,False,,
2114,9.319357600000002,659082.0,2003.288753799392,1996.367781155015,2168.379241509022,1991.7299871330856,0.0886913665592829,0.01008992301184,False,False,,
2115,9.323766,656805.0,1996.367781155015,1996.367781155015,2168.416150390776,1991.7299871330856,0.0887098976262411,0.0291265984487782,False,False,,
2116,9.328174400000002,658973.0,2002.957446808511,1996.80547112462,2168.8907245280625,1991.7299871330856,0.0889481699524862,0.1577268926501016,False,False,,
2117,9.3325828,663654.0,2017.1854103343464,1999.063829787234,2171.185942660834,1991.7299871330856,0.0901005440933581,0.2743842352368002,False,False,,
2118,9.336991200000002,656771.0,1996.2644376899696,2001.550151975684,2173.709099638455,1991.7299871330856,0.091367360877722,0.1532210274287333,False,False,,
2119,9.3413996,658510.0,2001.550151975684,2001.6808510638296,2173.876608851311,1991.7299871330856,0.0914514632479923,0.0843298788442403,False,False,,
2120,9.345808000000002,658553.0,2001.6808510638296,2002.957446808511,2175.1899900727576,1991.7299871330856,0.0921108805535162,0.0957507672613946,False,False,,
2121,9.3502164,656949.0,1996.80547112462,2003.288753799392,2175.558057908963,1991.7299871330856,0.0922956786127827,0.2963549644275272,False,False,,
2122,9.354624800000002,657692.0,1999.063829787234,2008.0881458966564,2180.394186236604,1991.7299871330856,0.0947237830038817,0.2774857571484492,False,False,,
2123,9.3590332,661881.0,2011.796352583587,2008.0881458966564,2180.430897868515,1991.7299871330856,0.0947422150364101,0.0041797163398769,False,False,,
2124,9.363441600000002,663730.0,2017.41641337386,2008.0881458966564,2180.4675849184314,1991.7299871330856,0.0947606347269071,0.0041769176147976,False,False,,
2125,9.36785,661337.0,2010.142857142857,2008.0881458966564,2180.504247402813,1991.7299871330856,0.0947790420836363,0.1211804477939839,False,False,,
2126,9.372258400000002,664069.0,2018.4468085106384,2010.142857142857,2182.5955965843095,1991.7299871330856,0.0958290584990175,0.1211776528156853,False,False,,
2127,9.3766668,662446.0,2013.5136778115505,2010.142857142857,2182.6322099869576,1991.7299871330856,0.095847441212982,0.0041685326786637,False,False,,
2128,9.381075200000002,663651.0,2017.176291793313,2010.142857142857,2182.6687988733856,1991.7299871330856,0.0958658116179387,0.0983246791706999,False,False,,
2129,9.3854836,660661.0,2008.0881458966564,2011.796352583587,2184.358858700738,1991.7299871330856,0.0967143502442939,0.0983218898031612,False,False,,
2130,9.389892,659057.0,2003.212765957447,2011.796352583587,2184.3953986039614,1991.7299871330856,0.0967326960559549,-0.0899987731536686,False,True,2043.0,10.0
2131,9.394300400000002,660526.0,2007.677811550152,2010.142857142857,2182.7784185994497,1991.7299871330856,0.0959208490611525,-0.1235802976092141,False,False,,
2132,9.3987088,664231.0,2018.939209726444,2009.5531914893616,2182.22524393155,1991.7299871330856,0.0956431132879938,-0.0294241436487592,False,False,,
2133,9.403117200000002,663021.0,2015.261398176292,2009.5531914893616,2182.261710482894,1991.7299871330856,0.0956614222714303,0.0041518132695212,False,False,,
2134,9.4075256,659817.0,2005.5227963525836,2009.5531914893616,2182.2981526163494,1991.7299871330856,0.0956797189952285,-0.0481230241136536,False,False,,
2135,9.411934000000002,660676.0,2008.133738601824,2008.635258358663,2181.416637217566,1991.7299871330856,0.0952371311924248,-0.0481258022934465,False,False,,
2136,9.4163424,662092.0,2012.437689969605,2008.635258358663,2181.453030564281,1991.7299871330856,0.0952554034215674,0.0564155360709186,False,False,,
2137,9.420750800000002,661143.0,2009.5531914893616,2009.5531914893616,2182.4073326728244,1991.7299871330856,0.0957345356908551,0.1299744317108864,False,False,,
2138,9.4251592,660841.0,2008.635258358663,2010.8449848024316,2183.7354706111832,1991.7299871330856,0.0964013619910759,0.0776996017662163,False,False,,
2139,9.429567600000002,659639.0,2004.981762917933,2010.8449848024316,2183.771790900224,1991.7299871330856,0.0964195975397072,-0.0694265091807952,False,False,,
2140,9.433976,663019.0,2015.255319148936,2009.5531914893616,2182.516293556243,1991.7299871330856,0.0957892423449309,-0.0919304948082899,False,False,,
2141,9.438384400000002,662402.0,2013.3799392097264,2009.1580547112465,2182.1574284435474,1991.7299871330856,0.0956090647530816,0.004129624991874,False,False,,
2142,9.4427928,659860.0,2005.6534954407296,2009.5531914893616,2182.588812599689,1991.7299871330856,0.0958256524225591,0.0266280765444104,False,False,,
2143,9.447201200000002,669206.0,2034.060790273556,2009.5531914893616,2182.625035706583,1991.7299871330856,0.0958438391783583,0.0041240964752926,False,False,,
2144,9.4516096,661568.0,2010.8449848024316,2009.5531914893616,2182.6612345585972,1991.7299871330856,0.0958620137563625,-0.0183798817434741,False,False,,
2145,9.456018000000002,663953.0,2018.094224924012,2009.1580547112465,2182.302272393857,1991.7299871330856,0.0956817874370024,-0.0183826413765917,False,False,,
2146,9.4604264,660541.0,2007.723404255319,2009.1580547112465,2182.3384227848237,1991.7299871330856,0.0956999376838733,0.0041158175747497,False,False,,
2147,9.464834800000002,657795.0,1999.376899696049,2009.1580547112465,2182.374548969601,1991.7299871330856,0.0957180757773954,-0.0493705996839928,False,False,,
2148,9.4692432,661013.0,2009.1580547112465,2008.2188449848024,2181.4714412379535,1991.7299871330856,0.0952646469805796,-0.0775864178393508,False,False,,
2149,9.473651600000002,661962.0,2012.042553191489,2007.723404255319,2181.0120783294824,1991.7299871330856,0.0950340118485895,-0.0241055087684021,False,False,,
2150,9.47806,656913.0,1996.696048632219,2007.723404255319,2181.0481319928986,1991.7299871330856,0.0950521135308703,-0.0235890003268917,False,False,,
2151,9.482468400000002,661238.0,2009.8419452887535,2007.237082066869,2180.597839326443,1991.7299871330856,0.0948260323505073,-0.3097033740115478,False,False,,
2152,9.4868768,657326.0,1997.951367781155,2002.212765957447,2175.6095286137597,1991.7299871330856,0.0923215208228862,-0.2820123155214471,False,False,,
2153,9.491285200000002,660381.0,2007.237082066869,2002.212765957447,2175.6455099013965,1991.7299871330856,0.0923395861670188,0.0040965647136275,False,False,,
2154,9.4956936,657463.0,1998.367781155015,2002.212765957447,2175.6814670960753,1991.7299871330856,0.0923576394146533,0.0040938216666397,False,False,,
2155,9.500102000000002,660704.0,2008.2188449848024,2002.212765957447,2175.717400213928,1991.7299871330856,0.0923756805738892,-0.2148630670190474,False,False,,
2156,9.5045104,656790.0,1996.322188449848,1998.367781155015,2171.9083244686453,1991.7299871330856,0.0904632347253605,-0.2385786271085308,False,False,,
2157,9.508918800000002,656770.0,1996.261398176292,1997.951367781155,2171.5277961073407,1991.7299871330856,0.0902721805343994,-0.0196272171735998,False,False,,
2158,9.5133272,658728.0,2002.212765957447,1997.951367781155,2171.5636570914035,1991.7299871330856,0.0902901854769843,-0.0886913796340778,False,False,,
2159,9.517735600000002,656723.0,1996.118541033435,1996.322188449848,2169.970314731756,1991.7299871330856,0.0894902063784414,-0.0921558391614851,False,False,,
2160,9.522144,659567.0,2004.762917933131,1996.261398176292,2169.945337433534,1991.7299871330856,0.0894776658742649,-0.0075193790204508,False,False,,
2161,9.526552400000002,659244.0,2003.7811550151976,1996.118541033435,2169.838269285754,1991.7299871330856,0.0894239095174939,-0.335347528460149,False,False,,
2162,9.5309608,653342.0,1985.8419452887535,1990.300911854103,2164.0564051373003,1991.7299871330856,0.0865209737853387,-0.4160084645341921,False,False,,
2163,9.535369200000002,654081.0,1988.0881458966564,1988.741641337386,2162.5328757033067,1991.7299871330856,0.0857560460873897,-0.1004748979345535,False,False,,
2164,9.5397776,654296.0,1988.741641337386,1988.465045592705,2162.291997109232,1991.7299871330856,0.085635106705229,-0.0331470587422462,False,False,,
2165,9.544186000000002,654205.0,1988.465045592705,1988.0881458966564,2161.9507906476965,1991.7299871330856,0.085463795099871,-0.0620551908450988,False,False,,
2166,9.5485944,653823.0,1987.303951367781,1987.303951367781,2161.2022654532548,1991.7299871330856,0.0850879784985861,-0.0736546928657393,False,False,,
2167,9.553002800000002,654809.0,1990.300911854103,1986.723404255319,2160.6573637911515,1991.7299871330856,0.0848143964038125,-0.0437134852429146,False,False,,
2168,9.5574112,653123.0,1985.176291793313,1986.465045592705,2160.434626710813,1991.7299871330856,0.0847025654418962,-0.0461394106434696,False,False,,
2169,9.561819600000002,652697.0,1983.881458966565,1985.8419452887535,2159.847124137037,1991.7299871330856,0.084407594448051,-0.069335688135169,False,False,,
2170,9.566228,653547.0,1986.465045592705,1985.176291793313,2159.2170445356414,1991.7299871330856,0.0840912465467461,-0.1013593642205243,False,False,,
2171,9.5706364,653632.0,1986.723404255319,1983.990881458967,2158.0671842751717,1991.7299871330856,0.0835139292055914,-0.0696872864959079,False,False,,
2172,9.575044800000002,649867.0,1975.279635258359,1983.881458966565,2157.9932880524275,1991.7299871330856,0.0834768276791688,-0.3043949958602319,False,False,,
2173,9.5794532,650951.0,1978.5744680851064,1978.5744680851064,2152.721799652347,1991.7299871330856,0.080830139406092,-0.3262065758249921,False,False,,
2174,9.583861600000002,650789.0,1978.082066869301,1978.082066869301,2152.2648771455674,1991.7299871330856,0.080600729541436,-0.1835861855164964,False,False,,
2175,9.58827,647861.0,1969.182370820669,1975.279635258359,2149.4979004872184,1991.7299871330856,0.0792114967256306,-0.5027599953435367,False,False,,
2176,9.592678400000002,652733.0,1983.990881458967,1969.182370820669,2143.436067261596,1991.7299871330856,0.0761679952144905,-0.3462926988045129,False,False,,
2177,9.5970868,647733.0,1968.793313069909,1969.127659574468,2143.4167635028325,1991.7299871330856,0.0761583032588098,-0.01812380812731,False,False,,
2178,9.601495200000002,647843.0,1969.127659574468,1968.793313069909,2143.1178007769677,1991.7299871330856,0.0760082012229936,-0.1529607215674762,False,False,,
2179,9.6059036,642988.0,1954.370820668693,1966.370820668693,2140.730668461578,1991.7299871330856,0.0748096791688941,-0.5842944352753072,False,False,,
2180,9.610312000000002,644252.0,1958.212765957447,1958.462006079027,2132.8571902807334,1991.7299871330856,0.0708565940460572,-0.4605404389133962,False,False,,
2181,9.6147204,641406.0,1949.562310030395,1958.212765957447,2132.643262906826,1991.7299871330856,0.0707491862270809,-0.2054139522614217,False,False,,
2182,9.619128800000002,646936.0,1966.370820668693,1954.784194528875,2129.249980580621,1991.7299871330856,0.069045500311758,-0.2147633036018659,False,False,,
2183,9.6235372,644334.0,1958.462006079027,1954.370820668693,2128.871872193332,1991.7299871330856,0.0688556611318834,-0.2933471661753346,False,False,,
2184,9.627945600000002,643124.0,1954.784194528875,1949.562310030395,2124.098603414276,1991.7299871330856,0.0664591170170225,-0.3013118236510612,False,False,,
2185,9.632354,641020.0,1948.38905775076,1949.009118541033,2123.5806301863167,1991.7299871330856,0.0661990550451159,-0.062801612919654,False,False,,
2186,9.636762400000002,637683.0,1938.246200607903,1948.38905775076,2122.9957640754074,1991.7299871330856,0.0659054077562325,-0.3757442967184126,False,False,,
2187,9.6411708,638119.0,1939.571428571429,1942.340425531915,2116.982302969679,1991.7299871330856,0.0628861927298101,-0.3757469797980333,False,False,,
2188,9.645579200000002,641224.0,1949.009118541033,1941.720364741641,2116.3973897420537,1991.7299871330856,0.0625925217847503,-0.1536799605190717,False,False,,
2189,9.6499876,635349.0,1931.151975683891,1939.571428571429,2114.2835775997905,1991.7299871330856,0.0615312272539058,-0.1938386575674018,False,False,,
2190,9.654396000000002,639030.0,1942.340425531915,1938.246200607903,2112.9934501452744,1991.7299871330856,0.0608834851087102,-0.475452717033626,False,False,,
2191,9.6588044,638826.0,1941.720364741641,1931.151975683891,2105.93430222708,1991.7299871330856,0.0573392557383649,-0.4924178486279107,False,False,,
2192,9.663212800000002,633194.0,1924.601823708207,1929.528875379939,2104.346255441492,1991.7299871330856,0.0565419354209287,-0.3690100032504784,False,False,,
2193,9.6676212,633099.0,1924.313069908815,1924.601823708207,2099.4542338163965,1991.7299871330856,0.0540857683417068,-0.2930277975120043,False,False,,
2194,9.672029600000002,632761.0,1923.2857142857144,1924.313069908815,2099.2004866076304,1991.7299871330856,0.0539583679358258,-0.0709607674787635,False,False,,
2195,9.676438,634815.0,1929.528875379939,1923.2857142857144,2098.2081141348526,1991.7299871330856,0.0534601214470002,-0.2876674620209352,False,False,,
2196,9.680846400000002,628097.0,1909.109422492401,1919.1914893617025,2094.148848936554,1991.7299871330856,0.051422061456679,-0.8032941648080234,False,False,,
2197,9.6852548,625418.0,1900.966565349544,1909.109422492401,2084.101718384042,1991.7299871330856,0.0463776374547221,-0.7560442748290424,False,False,,
2198,9.689663200000002,631414.0,1919.1914893617025,1905.8449848024316,2080.872193617613,1991.7299871330856,0.0447561702943678,-0.3859884660364328,False,False,,
2199,9.6940716,625372.0,1900.826747720365,1902.261398176292,2077.3234965374286,1991.7299871330856,0.0429744543473721,-0.2738312165185474,False,False,,
2200,9.698480000000002,627023.0,1905.8449848024316,1900.966565349544,2076.0635298947045,1991.7299871330856,0.0423418552245675,-0.0777271181625778,False,False,,
2201,9.7028884,625844.0,1902.261398176292,1900.826747720365,2075.958555103261,1991.7299871330856,0.0422891498919561,-0.2689901184602155,False,False,,
2202,9.707296800000002,623025.0,1893.693009118541,1896.173252279635,2071.3398791696104,1991.7299871330856,0.0399702231481266,-0.3489586372733173,False,False,,
2203,9.7117052,623144.0,1894.054711246201,1894.629179331307,2069.8306024133276,1991.7299871330856,0.0392124513788441,-0.1166795005169269,False,False,,
2204,9.716113600000002,623841.0,1896.173252279635,1894.054711246201,2069.290907220845,1991.7299871330856,0.0389414833279691,-0.0493515892905005,False,False,,
2205,9.720522,623333.0,1894.629179331307,1893.693009118541,2068.963954701988,1991.7299871330856,0.0387773282863876,-0.3477549913987152,False,False,,
2206,9.724930400000002,618478.0,1879.872340425532,1887.8784194528876,2063.184091376907,1991.7299871330856,0.0358753971198038,-0.5355562571575421,False,False,,
2207,9.7293388,621112.0,1887.8784194528876,1884.2188449848024,2059.559219996745,1991.7299871330856,0.0340554358782805,-0.4519582300426417,False,False,,
2208,9.733747200000002,619908.0,1884.2188449848024,1879.872340425532,2055.2473952883174,1991.7299871330856,0.0318905717971638,-0.2819901461429879,False,False,,
2209,9.7381556,614361.0,1867.3586626139816,1879.1975683890576,2054.6072798811656,1991.7299871330856,0.0315691851577663,-0.1445622815986884,False,False,,
2210,9.742564000000002,617620.0,1877.2644376899696,1877.2644376899696,2052.708782605429,1991.7299871330856,0.0306159950727642,-0.2397623790839333,False,False,,
2211,9.7469724,615622.0,1871.1914893617025,1874.917933130699,2050.3968882790773,1991.7299871330856,0.0294552482138592,-0.3418859261035827,False,False,,
2212,9.751380800000002,611964.0,1860.0729483282676,1871.1914893617025,2046.705031568095,1991.7299871330856,0.0276016552394939,-0.2350943282701769,False,False,,
2213,9.755789200000002,618256.0,1879.1975683890576,1870.720364741641,2046.2684708466616,1991.7299871330856,0.0273824685403663,-0.2143266111169848,False,False,,
2214,9.7601976,616848.0,1874.917933130699,1867.3586626139816,2042.9413094737504,1991.7299871330856,0.0257119803745982,-0.4002239136095222,False,False,,
2215,9.764606000000002,615467.0,1870.720364741641,1863.623100303951,2039.2402647900865,1991.7299871330856,0.0238537743388538,-0.3084908170646199,False,False,,
2216,9.7690144,612118.0,1860.5410334346504,1861.872340425532,2037.5239994251383,1991.7299871330856,0.0229920785387025,-0.1715821990008739,False,False,,
2217,9.773422800000002,612556.0,1861.872340425532,1860.5410334346504,2036.227163850309,1991.7299871330856,0.022340968406703,-0.0985424174504285,False,False,,
2218,9.7778312,613132.0,1863.623100303951,1860.0729483282676,2035.7935270780251,1991.7299871330856,0.0221232497525254,-0.1409511846261235,False,False,,
2219,9.782239600000002,611121.0,1857.5106382978724,1857.9969604863225,2033.7519645036816,1991.7299871330856,0.021098230002091,-0.1419923285033801,False,False,,
2220,9.786648,609565.0,1852.7811550151976,1857.5106382978724,2033.300044531781,1991.7299871330856,0.0208713317905765,-0.2930992776269181,False,False,,
2221,9.791056400000002,607322.0,1845.9635258358664,1852.7811550151976,2028.604940430038,1991.7299871330856,0.0185140322911092,-0.6536406269262769,False,False,,
2222,9.7954648,611281.0,1857.9969604863225,1845.9635258358664,2021.8216674114465,1991.7299871330856,0.0151083131110933,-0.4791722749862239,False,False,,
2223,9.799873200000002,604270.0,1836.686930091185,1844.2978723404256,2020.1903470719665,1991.7299871330856,0.0142892661770117,-0.2704328373384281,False,False,,
2224,9.8042816,605737.0,1841.145896656535,1841.145896656535,2017.072681554662,1991.7299871330856,0.0127239608708482,-0.189084901922607,False,False,,
2225,9.808690000000002,605612.0,1840.7659574468084,1840.9088145896656,2016.8698866803984,1991.7299871330856,0.0126221424137411,-0.0177320978076915,False,False,,
2226,9.8130984,605659.0,1840.9088145896656,1840.7659574468084,2016.7612937715487,1991.7299871330856,0.0125676205108973,-0.0350433399636296,False,False,,
2227,9.817506800000002,606774.0,1844.2978723404256,1840.224924012158,2016.2545016276815,1991.7299871330856,0.0123131722939497,-0.1726495467688689,False,False,,
2228,9.8219152,605434.0,1840.224924012158,1837.665653495441,2013.729449473885,1991.7299871330856,0.011045403986946,-0.1975765818593986,False,False,,
2229,9.826323600000002,604592.0,1837.665653495441,1836.686930091185,2012.7849215200415,1991.7299871330856,0.010571179087012,-0.1768088365984468,False,False,,
2230,9.830732,603548.0,1834.4924012158056,1834.4924012158056,2010.6245651979063,1991.7299871330856,0.009486515836425,-0.3031644297915435,False,False,,
2231,9.835140400000002,602496.0,1831.294832826748,1831.294832826748,2007.4611464802576,1991.7299871330856,0.0078982389424258,-0.3890178311132801,False,False,,
2232,9.8395488,601278.0,1827.592705167173,1827.592705167173,2003.793145625578,1991.7299871330856,0.0060566234230656,-0.6599004667783119,False,False,,
2233,9.843957200000002,598661.0,1819.6382978723404,1819.6382978723404,1995.8728422844376,1991.7299871330856,0.0020800285069339,-0.5281844073977031,False,False,,
2234,9.8483656,598204.0,1818.2492401215804,1818.2492401215804,1994.5178656514688,1991.7299871330856,0.0013997271399202,-0.2567877162256871,False,False,,
2235,9.852774000000002,596497.0,1813.060790273556,1815.060790273556,1991.3634741006251,1991.7299871330856,-0.000184017429485,-0.21161479465673,False,False,,
2236,9.8571824,596959.0,1814.465045592705,1814.465045592705,1990.8017649116248,1991.7299871330856,-0.0004660381816097,-0.1100157432240198,False,False,,
2237,9.861590800000002,595591.0,1810.306990881459,1813.060790273556,1989.4315222942664,1991.7299871330856,-0.0011540042343427,-0.2329095985709244,False,False,,
2238,9.8659992,597155.0,1815.060790273556,1810.306990881459,1986.711712829161,1991.7299871330856,-0.0025195555302895,-0.3405718593124671,False,False,,
2239,9.870407600000002,593562.0,1804.139817629179,1807.012158054711,1983.4508471698557,1991.7299871330856,-0.0041567582035289,-0.3473248155683306,False,False,,
2240,9.874816,593147.0,1802.8784194528876,1804.139817629179,1980.6124511674557,1991.7299871330856,-0.0055818489641924,-0.2315326820160028,False,False,,
2241,9.879224400000002,592060.0,1799.5744680851064,1802.8784194528876,1979.384974685216,1991.7299871330856,-0.0061981355543273,-0.1830711106568748,False,False,,
2242,9.8836328,594507.0,1807.012158054711,1800.857142857143,1977.3975970696624,1991.7299871330856,-0.0071959503326318,-0.1842853006681193,False,False,,
2243,9.888041200000002,592482.0,1800.857142857143,1799.5744680851064,1976.1487985791653,1991.7299871330856,-0.0078229421932578,-0.1652483938848203,False,False,,
2244,9.8924496,589125.0,1790.6534954407296,1797.887537993921,1974.495722086066,1991.7299871330856,-0.0086529123718354,-0.1221524920911915,False,False,,
2245,9.896858000000002,588090.0,1787.5075987841944,1797.3617021276596,1974.0037171496272,1991.7299871330856,-0.0088999362855272,-0.0925573186101992,False,False,,
2246,9.9012664,591505.0,1797.887537993921,1796.19452887538,1972.8703521740845,1991.7299871330856,-0.0094689717385577,-0.3781522639959267,False,False,,
2247,9.905674800000002,590948.0,1796.19452887538,1790.6534954407296,1967.363104378254,1991.7299871330856,-0.0122340291667273,-0.4908340113482452,False,False,,
2248,9.9100832,591332.0,1797.3617021276596,1787.5075987841944,1964.25097073778,1991.7299871330856,-0.0137965570498134,-0.4537961225350635,False,False,,
2249,9.914491600000002,586481.0,1782.6170212765958,1782.6170212765958,1959.3941336386315,1991.7299871330856,-0.0162350588198948,-0.3314266946806861,False,False,,
2250,9.9189,583660.0,1774.042553191489,1781.6200607902736,1958.430890968287,1991.7299871330856,-0.0167186799314748,-0.0529334382075128,False,False,,
2251,9.923308400000002,583993.0,1775.054711246201,1781.6200607902736,1958.46458620692,1991.7299871330856,-0.0167017623578826,0.0038362919913741,False,False,,
2252,9.9277168,583593.0,1773.838905775076,1781.6200607902736,1958.498258883326,1991.7299871330856,-0.0166848561122453,0.0038337232221683,False,False,,
2253,9.932125200000002,583034.0,1772.139817629179,1781.6200607902736,1958.531909012612,1991.7299871330856,-0.0166679611869774,0.0038311561730106,False,False,,
2254,9.936533600000002,583597.0,1773.851063829787,1781.6200607902736,1958.5655366098763,1991.7299871330856,-0.016651077574499,0.0038285908427504,False,False,,
2255,9.940942,582691.0,1771.09726443769,1781.6200607902736,1958.5991416902064,1991.7299871330856,-0.016634205267235,0.0038260272302204,False,False,,
2256,9.945350400000002,585250.0,1778.8753799392098,1781.6200607902736,1958.6327242686789,1991.7299871330856,-0.0166173442576156,0.0038234653342683,False,False,,
2257,9.9497588,586153.0,1781.6200607902736,1781.6200607902736,1958.6662843603608,1991.7299871330856,-0.0166004945380759,0.4505566005162811,False,False,,
2258,9.954167200000002,590990.0,1796.322188449848,1789.465045592705,1966.5448067827413,1991.7299871330856,-0.0126448768221821,0.8410366955714488,False,False,,
2259,9.9585756,588734.0,1789.465045592705,1796.322188449848,1973.4354648031472,1991.7299871330856,-0.0091852422005614,0.558038066785171,False,False,,
2260,9.962984000000002,593414.0,1803.689969604863,1799.1975683890578,1976.3443374639708,1991.7299871330856,-0.0077247667949515,0.4233743838896167,False,False,,
2261,9.9673924,594371.0,1806.598784194529,1803.689969604863,1980.8702089747671,1991.7299871330856,-0.0054524349326837,0.4046785120397548,False,False,,
2262,9.971800800000002,591936.0,1799.1975683890578,1806.237082066869,1983.4507693201597,1991.7299871330856,-0.0041567972899998,0.1694517023804269,False,False,,
2263,9.9762092,594252.0,1806.237082066869,1806.598784194529,1983.845896934606,1991.7299871330856,-0.0039584131631355,0.3773257778579831,False,False,,
2264,9.980617600000002,596410.0,1812.796352583587,1812.796352583587,1990.076868428849,1991.7299871330856,-0.0008299913717803,0.7641710712404278,False,False,,
2265,9.985026,604127.0,1836.2522796352584,1819.951367781155,1997.265264364987,1991.7299871330856,0.0027791303377767,0.963390836002206,False,False,,
2266,9.989434400000002,598764.0,1819.951367781155,1829.6474164133735,2006.9946713841364,1991.7299871330856,0.0076640329510843,0.6416208918756122,False,False,,
2267,9.9938428,602449.0,1831.151975683891,1831.151975683891,2008.532566704912,1991.7299871330856,0.0084361734172673,0.2312307727676239,False,False,,
2268,9.998251200000002,601954.0,1829.6474164133735,1833.6413373860184,2011.0552421355824,1991.7299871330856,0.0097027484284221,0.2942316382437603,False,False,,
2269,10.0026596,603268.0,1833.6413373860184,1836.2522796352584,2013.699475806596,1991.7299871330856,0.0110303549253348,0.5566279029642431,False,False,,
2270,10.007068000000002,607514.0,1846.547112462006,1843.349544072948,2020.8300093742273,1991.7299871330856,0.0146104253232781,0.5900310175199042,False,False,,
2271,10.0114764,610438.0,1855.434650455927,1846.547112462006,2024.06082461632,1991.7299871330856,0.0162325404006051,0.3194946215484697,False,False,,
2272,10.015884800000002,613062.0,1863.410334346505,1848.893617021277,2026.4405537666364,1991.7299871330856,0.0174273455025465,0.3245115891572092,False,False,,
2273,10.0202932,606462.0,1843.349544072948,1852.179331306991,2029.7594703963136,1991.7299871330856,0.0190936941798861,0.3762618547621519,False,False,,
2274,10.024701600000002,608286.0,1848.893617021277,1855.434650455927,2033.047969657026,1991.7299871330856,0.0207447710236134,0.4430706286484152,False,False,,
2275,10.02911,611905.0,1859.893617021277,1859.893617021277,2037.540094116852,1991.7299871330856,0.0230001592985532,0.4579535194527735,False,False,,
2276,10.033518400000002,609367.0,1852.179331306991,1863.410334346505,2041.0899471341336,1991.7299871330856,0.0247824556139244,0.3314249190754554,False,False,,
2277,10.0379268,614428.0,1867.562310030395,1865.6474164133735,2043.3601427055,1991.7299871330856,0.025922266525058,0.2402059220390331,False,False,,
2278,10.042335200000002,613798.0,1865.6474164133735,1867.562310030395,2045.3081276543185,1991.7299871330856,0.0269003031873581,0.4250595474239058,False,False,,
2279,10.0467436,616881.0,1875.018237082067,1873.045592705167,2050.824479503035,1991.7299871330856,0.0296699315427843,0.428345664062951,False,False,,
2280,10.051152000000002,621973.0,1890.495440729483,1875.018237082067,2052.8301709108628,1991.7299871330856,0.0306769412382676,0.997450840175536,False,False,,
2281,10.0555604,616232.0,1873.045592705167,1890.495440729483,2068.3403994610185,1991.7299871330856,0.0384642561104412,0.9851591947588948,False,False,,
2282,10.059968800000002,622551.0,1892.2522796352584,1892.2522796352584,2070.1302411561605,1991.7299871330856,0.039362892826615,0.2831187149109242,False,False,,
2283,10.0643772,623851.0,1896.203647416413,1895.401215805471,2073.3121580171746,1991.7299871330856,0.0409604571960675,0.2287671061978793,False,False,,
2284,10.068785600000002,624997.0,1899.686930091185,1896.203647416413,2074.1475482351507,1991.7299871330856,0.0413798866485399,0.0968728445695008,False,False,,
2285,10.073194,624125.0,1897.0364741641336,1897.0364741641336,2075.0133115209237,1991.7299871330856,0.0418145656920679,0.2021067917718371,False,False,,
2286,10.077602400000002,626348.0,1903.793313069909,1899.686930091185,2077.696681931824,1991.7299871330856,0.0431618218102342,0.3885182071911064,False,False,,
2287,10.0820108,627550.0,1907.4468085106384,1903.793313069909,2081.835957354961,1991.7299871330856,0.0452400530212302,0.3532060962949002,False,False,,
2288,10.086419200000002,623587.0,1895.401215805471,1905.823708206687,2083.8992229114733,1991.7299871330856,0.0462759693200467,0.1958681578533667,False,False,,
2289,10.0908276,627016.0,1905.823708206687,1907.1671732522796,2085.2755363668693,1991.7299871330856,0.0469669833953918,0.0961679531932091,False,False,,
2290,10.095236000000002,631748.0,1920.206686930091,1907.4468085106384,2085.5879980398386,1991.7299871330856,0.0471238629297603,0.5062068524363292,False,False,,
2291,10.0996444,627458.0,1907.1671732522796,1915.990881458967,2094.1648754223124,1991.7299871330856,0.0514301079719508,0.5513798696579739,False,False,,
2292,10.104052800000002,630714.0,1917.063829787234,1917.063829787234,2095.2706062189773,1991.7299871330856,0.0519852689645592,0.1408167064978664,False,False,,
2293,10.1084612,631153.0,1918.398176291793,1918.398176291793,2096.637713240896,1991.7299871330856,0.0526716607098011,0.1827010877006198,False,False,,
2294,10.112869600000002,630361.0,1915.990881458967,1920.206686930091,2098.4789624602117,1991.7299871330856,0.0535961079145981,0.3059360233937021,False,False,,
2295,10.117278000000002,632899.0,1923.705167173252,1923.705167173252,2102.0101593627396,1991.7299871330856,0.0553690374408592,0.560197276679343,False,False,,
2296,10.121686400000002,635818.0,1932.577507598784,1929.978723404255,2108.3164103461354,1991.7299871330856,0.058535255263624,0.4504580793509802,False,False,,
2297,10.126094800000002,637899.0,1938.90273556231,1931.550151975684,2109.9205117776523,1991.7299871330856,0.05934063623488,0.1517086631051478,False,False,,
2298,10.1305032,634963.0,1929.978723404255,1932.577507598784,2110.980518383195,1991.7299871330856,0.0598728402044896,0.3945462267498865,False,False,,
2299,10.134911600000002,635480.0,1931.550151975684,1938.4133738601824,2116.8490137640392,1991.7299871330856,0.0628192714068894,0.3639074655716801,False,False,,
2300,10.13932,638785.0,1941.595744680851,1938.90273556231,2117.3709827372563,1991.7299871330856,0.063081339546943,0.1849337618813535,False,False,,
2301,10.143728400000002,637738.0,1938.4133738601824,1941.595744680851,2120.0965772931595,1991.7299871330856,0.0644497953986453,0.2906869947157844,False,False,,
2302,10.1481368,639557.0,1943.9422492401216,1943.9422492401216,2122.475645470684,1991.7299871330856,0.0656442686419532,0.1629468340019153,False,False,,
2303,10.152545200000002,639705.0,1944.3920972644376,1944.3920972644376,2122.9580353087567,1991.7299871330856,0.065886465044673,0.1407893073307997,False,False,,
2304,10.1569536,643880.0,1957.082066869301,1946.349544072948,2124.9480021411264,1991.7299871330856,0.0668855798068271,0.5091144358430304,False,False,,
2305,10.161362000000002,640349.0,1946.349544072948,1953.267477203647,2131.8984335203777,1991.7299871330856,0.0703752252026148,0.5231319455565364,False,False,,
2306,10.1657704,643350.0,1955.471124620061,1955.471124620061,2134.1345574246175,1991.7299871330856,0.0714979295444109,0.2209208186397191,False,False,,
2307,10.170178800000002,645168.0,1960.9969604863225,1957.082066869301,2135.7779544155283,1991.7299871330856,0.0723230398763974,0.3183659198801933,False,False,,
2308,10.1745872,642625.0,1953.267477203647,1960.9969604863225,2139.725281042626,1991.7299871330856,0.0743048981868101,0.282880757749993,False,False,,
2309,10.178995600000002,648862.0,1972.224924012158,1961.984802431611,2140.745534280949,1991.7299871330856,0.0748171429413269,0.2719738494041035,False,False,,
2310,10.183404,649054.0,1972.8085106382975,1965.70820668693,2144.5013281268,1991.7299871330856,0.0767028372222356,0.3529757587686823,False,False,,
2311,10.187812400000002,650839.0,1978.2340425531916,1968.118541033435,2146.9440303758684,1991.7299871330856,0.0779292596112384,0.2345822722450421,False,False,,
2312,10.1922208,648052.0,1969.762917933131,1969.762917933131,2148.620753504681,1991.7299871330856,0.0787711022001659,0.2375222714698086,False,False,,
2313,10.196629200000002,650363.0,1976.787234042553,1972.224924012158,2151.11508415389,1991.7299871330856,0.0800234459743335,0.1771126929192039,False,False,,
2314,10.2010376,645493.0,1961.984802431611,1972.8085106382975,2151.7309737057803,1991.7299871330856,0.0803326693910963,0.2634802836554364,False,False,,
2315,10.205446000000002,646718.0,1965.70820668693,1976.787234042553,2155.7419784058475,1991.7299871330856,0.0823464989392674,0.312634325285078,False,False,,
2316,10.2098544,647511.0,1968.118541033435,1978.2340425531916,2157.221046596842,1991.7299871330856,0.0830891037102703,0.0860619203991728,False,False,,
2317,10.214262800000002,653462.0,1986.206686930091,1978.2340425531916,2157.2532846762165,1991.7299871330856,0.0831052896790426,0.1897381443412733,False,False,,
2318,10.2186712,653153.0,1985.267477203647,1981.501519756839,2160.5529783727206,1991.7299871330856,0.0847619869812977,0.2648551333028415,False,False,,
2319,10.223079600000002,651914.0,1981.501519756839,1982.820668693009,2161.904322229684,1991.7299871330856,0.0854404644183466,0.2181193809672628,False,False,,
2320,10.227488,653459.0,1986.1975683890576,1985.267477203647,2164.3833041034964,1991.7299871330856,0.0866851019394097,0.1959618824039708,False,False,,
2321,10.231896400000002,654211.0,1988.483282674772,1986.1975683890576,2165.3455471088973,1991.7299871330856,0.0871682211431257,0.0571442310189276,False,False,,
2322,10.2363048,652348.0,1982.820668693009,1986.206686930091,2165.386795941162,1991.7299871330856,0.0871889311954575,0.1338190030997985,False,False,,
2323,10.240713200000002,656345.0,1994.9696048632215,1988.483282674772,2167.695500462731,1991.7299871330856,0.0883480765296564,0.182626885325142,False,False,,
2324,10.2451216,648711.0,1971.7659574468084,1989.349544072948,2168.5938491378583,1991.7299871330856,0.0887991159179925,0.0991968492924897,False,False,,
2325,10.249530000000002,655776.0,1993.240121580547,1990.161094224924,2169.437465081244,1991.7299871330856,0.0892226753104984,0.1355425224506241,False,False,,
2326,10.2539384,654496.0,1989.349544072948,1991.665653495441,2170.974068672017,1991.7299871330856,0.089994167229935,0.0907107307123524,False,False,,
2327,10.258346800000002,659270.0,2003.860182370821,1991.689969604863,2171.030407644918,1991.7299871330856,0.0900224536810428,0.0933045820403535,False,False,,
2328,10.2627552,654763.0,1990.161094224924,1993.240121580547,2172.6125610416702,1991.7299871330856,0.0908168150688681,0.1814030586032018,False,False,,
2329,10.267163600000002,655266.0,1991.689969604863,1994.811550151976,2174.215969606116,1991.7299871330856,0.0916218481681355,0.1021271015369595,False,False,,
2330,10.271572,655258.0,1991.665653495441,1994.9696048632215,2174.4059828966747,1991.7299871330856,0.0917172492976995,0.1713591765657742,False,False,,
2331,10.275980400000002,656293.0,1994.811550151976,1997.756838905775,2177.225154119175,1991.7299871330856,0.0931326877560812,0.3120758879365226,False,False,,
2332,10.2803888,659942.0,2005.90273556231,2000.386018237082,2179.8862492453927,1991.7299871330856,0.0944687599864582,0.2184337743128619,False,False,,
2333,10.284797200000002,658127.0,2000.386018237082,2001.528875379939,2181.061000812443,1991.7299871330856,0.0950585746574425,0.1142333990815185,False,False,,
2334,10.2892056,657262.0,1997.756838905775,2002.3282674772036,2181.8922659774944,1991.7299871330856,0.0954759330194802,0.0491505253445989,False,False,,
2335,10.293614000000002,661835.0,2011.656534954407,2002.3282674772036,2181.9241177031736,1991.7299871330856,0.0954919250093006,0.1704815795842087,False,False,,
2336,10.298022400000002,658503.0,2001.528875379939,2005.258358662614,2184.8860392864462,1991.7299871330856,0.0969790350103586,0.170479151355904,False,False,,
2337,10.302430800000002,660281.0,2006.933130699088,2005.258358662614,2184.9178483707738,1991.7299871330856,0.0969950055909759,0.0403158402465297,False,False,,
2338,10.306839200000002,659730.0,2005.258358662614,2005.90273556231,2185.5940130555327,1991.7299871330856,0.0973344917106443,0.0403134152690061,False,False,,
2339,10.311247600000002,662514.0,2013.720364741641,2005.90273556231,2185.625779555594,1991.7299871330856,0.0973504409107198,0.0622929498040765,False,False,,
2340,10.315656000000002,661671.0,2011.1580547112465,2006.933130699088,2186.6879199216833,1991.7299871330856,0.0978837161904771,0.062290528072971,False,False,,
2341,10.3200644,658766.0,2002.3282674772036,2006.933130699088,2186.7196438944875,1991.7299871330856,0.0978996440386338,0.0036118581657689,False,False,,
2342,10.324472800000002,662591.0,2013.954407294833,2006.933130699088,2186.7513466250184,1991.7299871330856,0.0979155612215531,-0.091761102029924,False,False,,
2343,10.3288812,660589.0,2007.869300911854,2005.258358662614,2185.108256091025,1991.7299871330856,0.0970906047542567,-0.0185480213643405,False,False,,
2344,10.333289600000002,655816.0,1993.3617021276596,2006.544072948328,2186.425630665384,1991.7299871330856,0.0977520270267885,0.0768201050911141,False,False,,
2345,10.337698,662105.0,2012.4772036474164,2006.544072948328,2186.457269754399,1991.7299871330856,0.0977679122568243,0.0638362202629316,False,False,,
2346,10.342106400000002,659103.0,2003.3525835866265,2007.601823708207,2187.546638417856,1991.7299871330856,0.0983148582136029,0.0035997819039668,False,False,,
2347,10.3465148,661477.0,2010.568389057751,2006.544072948328,2186.520484390306,1991.7299871330856,0.0977996508139156,-0.0649447964041201,False,False,,
2348,10.350923200000002,657821.0,1999.455927051672,2006.398176291793,2186.406163309026,1991.7299871330856,0.0977422529326673,-0.0047131788517784,False,False,,
2349,10.3553316,658143.0,2000.434650455927,2006.398176291793,2186.4377177413744,1991.7299871330856,0.0977580956586152,-0.1101251321244447,False,False,,
2350,10.359740000000002,659434.0,2004.3586626139816,2004.401215805471,2184.4722905586495,1991.7299871330856,0.0967713016677521,-0.1101275376884842,False,False,,
2351,10.3641484,660153.0,2006.544072948328,2004.401215805471,2184.5038027476458,1991.7299871330856,0.096787123184323,0.1173054336804071,False,False,,
2352,10.368556800000002,663028.0,2015.2826747720364,2006.398176291793,2186.5322543225,1991.7299871330856,0.0978055602154259,0.0035853436756401,False,False,,
2353,10.3729652,660501.0,2007.601823708207,2004.401215805471,2184.5667638383748,1991.7299871330856,0.0968187344424432,-0.0069753202973021,False,False,,
2354,10.377373600000002,658086.0,2000.261398176292,2006.212765957447,2186.4097629203316,1991.7299871330856,0.0977440602114294,0.003580543813209,False,False,,
2355,10.381782,660105.0,2006.398176291793,2004.401215805471,2184.6296406402316,1991.7299871330856,0.0968503033811362,-0.0995812781309002,False,False,,
2356,10.386190400000002,659448.0,2004.401215805471,2004.401215805471,2184.661047468102,1991.7299871330856,0.0968660719984053,0.0035757503766262,False,False,,
2357,10.3905988,658210.0,2000.6382978723404,2004.401215805471,2184.6924332660574,1991.7299871330856,0.0968818300570569,0.0035733560652779,False,False,,
2358,10.395007200000002,662965.0,2015.0911854103344,2004.401215805471,2184.7237980481805,1991.7299871330856,0.0968975775641616,-0.2107098544883179,False,False,,
2359,10.3994156,661856.0,2011.720364741641,2000.6382978723404,2180.9922238954123,1991.7299871330856,0.095024043412005,-0.2321749446353518,False,False,,
2360,10.403824000000002,657470.0,1998.38905775076,2000.261398176292,2180.646646992028,1991.7299871330856,0.0948505375123013,-0.0178965162947353,False,False,,
2361,10.4082324,660044.0,2006.212765957447,2000.261398176292,2180.677948811048,1991.7299871330856,0.0948662534071376,-0.030707289111179,False,False,,
2362,10.412640800000002,657031.0,1997.054711246201,1999.659574468085,2180.1074059622606,1991.7299871330856,0.0945797974856657,-0.0504415116323215,False,False,,
2363,10.4170492,655270.0,1991.7021276595744,1999.313069908815,2179.792161316843,1991.7299871330856,0.0944215206873777,-0.0687910422949009,False,False,,
2364,10.421457600000002,656939.0,1996.775075987842,1998.38905775076,2178.8993881410993,1991.7299871330856,0.0939732806239599,-0.0634277506459213,False,False,,
2365,10.425866,657387.0,1998.1367781155016,1998.1367781155016,2178.678326570627,1991.7299871330856,0.0938622908954826,-0.0724306188561065,False,False,,
2366,10.430274400000002,657774.0,1999.313069908815,1997.054711246201,2177.627456862593,1991.7299871330856,0.0933346743436293,-0.0739907753203361,False,False,,
2367,10.4346828,657888.0,1999.659574468085,1996.775075987842,2177.378997875979,1991.7299871330856,0.0932099290276381,-0.012374437045926,False,False,,
2368,10.439091200000002,658530.0,2001.61094224924,1996.775075987842,2177.4101532721893,1991.7299871330856,0.0932255714070828,-0.0158385394325275,False,False,,
2369,10.4434996,656225.0,1994.6048632218844,1996.434650455927,2177.1008622749277,1991.7299871330856,0.0930702837931695,-0.0402460804209567,False,False,,
2370,10.447908000000002,656827.0,1996.434650455927,1996.0060790273556,2176.703404533422,1991.7299871330856,0.0928707297652273,-0.020862790323914,False,False,,
2371,10.4523164,652981.0,1984.744680851064,1996.0060790273556,2176.73449738686,1991.7299871330856,0.0928863407434415,-0.0762527727160637,False,False,,
2372,10.456724800000002,656686.0,1996.0060790273556,1994.6048632218844,2175.3643536151485,1991.7299871330856,0.092198424318744,-0.2645730185485639,False,False,,
2373,10.4611332,654626.0,1989.744680851064,1991.2978723404256,2172.088413961712,1991.7299871330856,0.0905536533535029,-0.2732297014662244,False,False,,
2374,10.465541600000002,649280.0,1973.495440729483,1989.744680851064,2170.566252908566,1991.7299871330856,0.089789412686857,-0.2747898452115951,False,False,,
2375,10.46995,657441.0,1998.300911854103,1986.410334346505,2167.26291606234,1991.7299871330856,0.0881308862462417,-0.2811964032843743,False,False,,
2376,10.474358400000002,650979.0,1978.659574468085,1984.744680851064,2165.6282514612612,1991.7299871330856,0.0873101602383796,-0.2041753715650589,False,False,,
2377,10.478766800000002,655137.0,1991.2978723404256,1982.762917933131,2163.677456687623,1991.7299871330856,0.0863307128302265,-0.1480977784561616,False,False,,
2378,10.483175200000002,652329.0,1982.762917933131,1982.082066869301,2163.027553031915,1991.7299871330856,0.0860044117452871,-0.1321762013260965,False,False,,
2379,10.487583600000002,650530.0,1977.294832826748,1980.3799392097264,2161.356352058174,1991.7299871330856,0.0851653416983744,-0.191374069258952,False,False,,
2380,10.491992000000002,651545.0,1980.3799392097264,1978.659574468085,2159.666893293953,1991.7299871330856,0.0843171048514448,-0.1721638495991246,False,False,,
2381,10.496400400000002,653529.0,1986.410334346505,1977.294832826748,2158.333036935489,1991.7299871330856,0.0836474074692289,-0.0741993697823968,False,False,,
2382,10.5008088,652105.0,1982.082066869301,1977.294832826748,2158.363901537674,1991.7299871330856,0.0836629038479471,-0.049796558488472,False,False,,
2383,10.505217200000002,646866.0,1966.1580547112465,1976.3586626139816,2157.4585752602507,1991.7299871330856,0.0832083611723476,-0.0684922299827217,False,False,,
2384,10.5096256,650114.0,1976.0303951367785,1976.0303951367785,2157.161131065386,1991.7299871330856,0.0830590215546353,-0.1420562514820993,False,False,,
2385,10.514034000000002,649381.0,1973.8024316109424,1973.8024316109424,2154.963970182716,1991.7299871330856,0.0819558796142798,-0.5399839649793226,False,False,,
2386,10.5184424,644925.0,1960.258358662614,1966.4863221884495,2147.678642778035,1991.7299871330856,0.0782980909322067,-0.4318073866122045,False,False,,
2387,10.522850800000002,650222.0,1976.3586626139816,1966.1580547112465,2147.3811367070994,1991.7299871330856,0.0781487202479987,-0.1046766591972154,False,False,,
2388,10.5272592,646974.0,1966.4863221884495,1964.5866261398176,2145.8404489441964,1991.7299871330856,0.0773751777633969,-0.3324605521919057,False,False,,
2389,10.531667600000002,641632.0,1950.2492401215804,1960.258358662614,2141.5429016915687,1991.7299871330856,0.0752174820514326,-0.2940377409941952,False,False,,
2390,10.536076,643768.0,1956.741641337386,1959.3617021276596,2140.676944811023,1991.7299871330856,0.0747827058085986,-0.1967655921469795,False,False,,
2391,10.540484400000002,646349.0,1964.5866261398176,1956.741641337386,2138.0875631187655,1991.7299871330856,0.0734826391785908,-0.3783354429828041,False,False,,
2392,10.5448928,644630.0,1959.3617021276596,1952.656534954407,2134.033115291174,1991.7299871330856,0.0714469978749081,-0.2322529593101858,False,False,,
2393,10.549301200000002,642424.0,1952.656534954407,1952.601823708207,2134.009042071487,1991.7299871330856,0.0714349112869456,-0.1112679850468243,False,False,,
2394,10.5537096,641761.0,1950.6413373860184,1950.6413373860184,2132.0791732606845,1991.7299871330856,0.0704659703043477,-0.1304828981156696,False,False,,
2395,10.558118000000002,637447.0,1937.528875379939,1950.2492401215804,2131.717673006243,1991.7299871330856,0.0702844696708396,-0.4249049989374915,False,False,,
2396,10.5625264,642406.0,1952.601823708207,1943.118541033435,2124.61755044043,1991.7299871330856,0.066719667909717,-0.5180277515450467,False,False,,
2397,10.566934800000002,638619.0,1941.0911854103344,1941.0911854103344,2122.620750865718,1991.7299871330856,0.0657171225910183,-0.3148267867979566,False,False,,
2398,10.5713432,635177.0,1930.629179331307,1937.528875379939,2119.088976423476,1991.7299871330856,0.0639439030958771,-0.2151314174784229,False,False,,
2399,10.575751600000002,637127.0,1936.5562310030396,1937.2522796352584,2118.8428958204145,1991.7299871330856,0.0638203519093952,-0.0519133808887932,False,False,,
2400,10.58016,639286.0,1943.118541033435,1936.5562310030396,2118.17734189697,1991.7299871330856,0.0634861931992568,-0.373683106555303,False,False,,
2401,10.584568400000002,637356.0,1937.2522796352584,1930.629179331307,2112.28076451485,1991.7299871330856,0.0605256626955174,-0.4411890815407284,False,False,,
2402,10.5889768,634558.0,1928.7477203647416,1928.7477203647416,2110.429759432407,1991.7299871330856,0.0595963173051277,-0.3162231087302825,False,False,,
2403,10.593385200000002,633330.0,1925.015197568389,1925.015197568389,2106.7276701283517,1991.7299871330856,0.0577375867904639,-0.5945481727971327,False,False,,
2404,10.5977936,630150.0,1915.349544072948,1918.246200607903,2099.98908628199,1991.7299871330856,0.0543543049752106,-0.3866738675163716,False,False,,
2405,10.602202000000002,629661.0,1913.8632218844984,1918.1641337386015,2099.937412162287,1991.7299871330856,0.0543283606353469,-0.1614909324229172,False,False,,
2406,10.6066104,631103.0,1918.246200607903,1915.349544072948,2097.1531948953407,1991.7299871330856,0.0529304717222248,-0.2414591119817943,False,False,,
2407,10.611018800000002,631076.0,1918.1641337386015,1913.8632218844984,2095.6972247683343,1991.7299871330856,0.0521994639368261,-0.3027339714696335,False,False,,
2408,10.6154272,628381.0,1909.9726443769,1909.9726443769,2091.836978998533,1991.7299871330856,0.0502613268425718,-0.3413345263878398,False,False,,
2409,10.619835600000002,627669.0,1907.8085106382975,1907.8085106382975,2089.7031566876913,1991.7299871330856,0.0491899856845701,-0.6584309084428277,False,False,,
2410,10.624244,624557.0,1898.349544072948,1898.349544072948,2080.274481253664,1991.7299871330856,0.0444560732090146,-0.5954298123834558,False,False,,
2411,10.628652400000002,624209.0,1897.29179331307,1897.29179331307,2079.247001342261,1991.7299871330856,0.0439402001147494,-0.0728846345022837,False,False,,
2412,10.6330608,623896.0,1896.340425531915,1897.009118541033,2078.9945771494326,1991.7299871330856,0.0438134639635347,-0.0507318980404116,False,False,,
2413,10.637469200000002,623009.0,1893.644376899696,1896.340425531915,2078.3561144638293,1991.7299871330856,0.0434929071161066,-0.1881647125805692,False,False,,
2414,10.6418776,624116.0,1897.009118541033,1893.644376899696,2075.6902759129944,1991.7299871330856,0.0421544533256548,-0.4754902462985866,False,False,,
2415,10.646286000000002,621129.0,1887.9300911854104,1887.9300911854104,2070.006180051517,1991.7299871330856,0.0393006047125407,-0.4668382352460396,False,False,,
2416,10.6506944,620292.0,1885.386018237082,1885.386018237082,2067.4922767409644,1991.7299871330856,0.0380384339731369,-0.1627279382717619,False,False,,
2417,10.655102800000002,620169.0,1885.012158054711,1885.012158054711,2067.148565994874,1991.7299871330856,0.0378658650263866,-0.2117136562381176,False,False,,
2418,10.659511200000004,619049.0,1881.6079027355624,1881.6079027355624,2063.774439924036,1991.7299871330856,0.0361717970088163,-0.3664550913265141,False,False,,
2419,10.663919600000002,617413.0,1876.635258358663,1878.516717325228,2060.713363587562,1991.7299871330856,0.034634903777179,-0.2797411606639222,False,False,,
2420,10.668328000000002,618032.0,1878.516717325228,1876.635258358663,2058.8619935339148,1991.7299871330856,0.0337053751434749,-0.3039755356029832,False,False,,
2421,10.672736400000002,611932.0,1859.9756838905776,1873.118541033435,2055.3753449741625,1991.7299871330856,0.0319548122748749,-0.559107009978943,False,False,,
2422,10.677144800000002,613556.0,1864.9118541033436,1866.756838905775,2049.043691478026,1991.7299871330856,0.028775840457892,-0.4639118468585299,False,False,,
2423,10.681553200000002,616256.0,1873.118541033435,1864.9118541033436,2047.228735186648,1991.7299871330856,0.0278645943034918,-0.1575514174445218,False,False,,
2424,10.685961600000002,611250.0,1857.90273556231,1863.9300911854104,2046.2769806727704,1991.7299871330856,0.0273867411205673,-0.2776755867962963,False,False,,
2425,10.69037,613233.0,1863.9300911854104,1859.9756838905776,2042.352561688459,1991.7299871330856,0.0254163841898268,-0.3398158499477679,False,False,,
2426,10.694778400000002,610510.0,1855.6534954407296,1857.90273556231,2040.3095815906331,1991.7299871330856,0.0243906527347482,-0.2427167315853271,False,False,,
2427,10.6991868,614163.0,1866.756838905775,1855.6534954407296,2038.0902896328607,1991.7299871330856,0.0232763993107853,-0.1932163394041612,False,False,,
2428,10.703595200000002,610114.0,1854.449848024316,1854.449848024316,2036.9165703270576,1991.7299871330856,0.0226871029134898,-0.3787671174493914,False,False,,
2429,10.7080036,605284.0,1839.7689969604864,1848.9422492401216,2031.438879613704,1991.7299871330856,0.0199368853896584,-0.3481331270118839,False,False,,
2430,10.712412000000002,606400.0,1843.161094224924,1848.276595744681,2030.8031141627523,1991.7299871330856,0.0196176827592524,-0.3258072766109126,False,False,,
2431,10.7168204,608083.0,1848.276595744681,1843.161094224924,2025.7174806745431,1991.7299871330856,0.0170643077932362,-0.3431181833961343,False,False,,
2432,10.721228800000002,605701.0,1841.0364741641336,1842.1914893617025,2024.777723843328,1991.7299871330856,0.0165924783598863,-0.1175890341829477,False,False,,
2433,10.7256372,608302.0,1848.9422492401216,1841.0364741641336,2023.6525366916164,1991.7299871330856,0.0160275487966521,-0.1345537653526554,False,False,,
2434,10.730045600000002,606081.0,1842.1914893617025,1839.7689969604864,2022.414867561059,1991.7299871330856,0.0154061447215249,-0.1902898222986777,False,False,,
2435,10.734454,601526.0,1828.3465045592704,1837.635258358663,2020.3109170729329,1991.7299871330856,0.0143498014914093,-0.6470667944810478,False,False,,
2436,10.738862400000002,604582.0,1837.635258358663,1828.3465045592704,2011.051931441209,1991.7299871330856,0.009701086207943,-0.5818155368529621,False,False,,
2437,10.7432708,599115.0,1821.018237082067,1827.3586626139816,2010.0938377309164,1991.7299871330856,0.0092200502660824,-0.2294141348889615,False,False,,
2438,10.747679200000002,600181.0,1824.258358662614,1824.258358662614,2007.023262095219,1991.7299871330856,0.0076783876634536,-0.3576733381554983,False,False,,
2439,10.7520876,596237.0,1812.270516717325,1821.018237082067,2003.8128489243545,1991.7299871330856,0.0060665159782331,-0.4814322965560601,False,False,,
2440,10.756496000000002,596452.0,1812.924012158055,1815.744680851064,1998.5689812103751,1991.7299871330856,0.0034336953911778,-0.4170464642646383,False,False,,
2441,10.7609044,601201.0,1827.3586626139816,1813.635258358663,1996.489227355659,1991.7299871330856,0.002389500712104,-0.1572462174136341,False,False,,
2442,10.765312800000002,596686.0,1813.635258358663,1812.924012158055,1995.8076299267084,1991.7299871330856,0.0020472869414855,-0.0392036344875236,False,False,,
2443,10.7697212,596440.0,1812.887537993921,1812.887537993921,1995.800784681507,1991.7299871330856,0.0020438501075542,-0.0338402200125021,False,False,,
2444,10.774129600000002,597380.0,1815.744680851064,1812.270516717325,1995.2133724844111,1991.7299871330856,0.0017489244896792,-0.1195201886659778,False,False,,
2445,10.778538,593144.0,1802.869300911854,1810.729483282675,1993.701928303113,1991.7299871330856,0.0009900645081242,-0.5319870573351967,False,False,,
2446,10.782946400000002,591699.0,1798.4772036474164,1802.869300911854,1985.8713153727724,1991.7299871330856,-0.002941498997435,-0.5091419237812688,False,False,,
2447,10.7873548,595730.0,1810.729483282675,1801.729483282675,1984.761047384468,1991.7299871330856,-0.0034989380054717,-0.2467453736135678,False,False,,
2448,10.791763200000002,591526.0,1797.951367781155,1798.4772036474164,1981.5382976037367,1991.7299871330856,-0.0051170036075115,-0.2117841972585263,False,False,,
2449,10.7961716,589235.0,1790.987841945289,1797.951367781155,1981.0419718189037,1991.7299871330856,-0.0053661969158612,-0.1482637827678933,False,False,,
2450,10.800580000000002,592769.0,1801.729483282675,1795.8145896656536,1978.9346840249716,1991.7299871330856,-0.0064242157274198,-0.1778637868028436,False,False,,
2451,10.8049884,590823.0,1795.8145896656536,1794.7689969604862,1977.9185618947456,1991.7299871330856,-0.0069343863513447,-0.2715057138893215,False,False,,
2452,10.809396800000002,588878.0,1789.90273556231,1790.987841945289,1974.1668577210849,1991.7299871330856,-0.0088180273056397,-0.2737580822633225,False,False,,
2453,10.8138052,588077.0,1787.468085106383,1789.90273556231,1973.1111824594504,1991.7299871330856,-0.0093480566110445,-0.1316564894536394,False,False,,
2454,10.818213600000002,586117.0,1781.5106382978724,1788.6170212765958,1971.8548795880931,1991.7299871330856,-0.0099788162418546,-0.1352935450806496,False,False,,
2455,10.822622,585293.0,1779.0060790273556,1787.468085106383,1970.7353351384456,1991.7299871330856,-0.0105409127393116,-0.4013294036103563,False,False,,
2456,10.827030400000002,588455.0,1788.6170212765958,1781.5106382978724,1964.8072603698956,1991.7299871330856,-0.0135172573276073,-0.4785281263340426,False,False,,
2457,10.8314388,590479.0,1794.7689969604862,1779.0060790273556,1962.3320534719128,1991.7299871330856,-0.0147599995235743,-0.2895201449352675,False,False,,
2458,10.835847200000002,584425.0,1776.367781155015,1776.367781155015,1959.7230883178484,1991.7299871330856,-0.0160698985414726,-0.4774940855161838,False,False,,
2459,10.840255600000004,582515.0,1770.562310030395,1770.562310030395,1953.946930270408,1991.7299871330856,-0.0189699693767542,-0.5399804697217496,False,False,,
2460,10.844664000000002,579563.0,1761.589665653495,1766.826747720365,1950.2406614096112,1991.7299871330856,-0.0208307983469157,-0.2438320749052298,False,False,,
2461,10.849072400000004,579093.0,1760.161094224924,1766.2218844984802,1949.6650720221585,1991.7299871330856,-0.021119788014778,-0.1858504034349497,False,False,,
2462,10.853480800000002,581286.0,1766.826747720365,1763.504559270517,1946.9770010269576,1991.7299871330856,-0.0224694041839205,-0.151408464901503,False,False,,
2463,10.857889200000002,577848.0,1756.376899696049,1763.504559270517,1947.006235671177,1991.7299871330856,-0.022454726168121,-0.1057159165053707,False,False,,
2464,10.862297600000002,577514.0,1755.3617021276596,1761.589665653495,1945.120557122948,1991.7299871330856,-0.0234014802765647,-0.1410277468676661,False,False,,
2465,10.866706000000002,579359.0,1760.9696048632218,1760.9696048632218,1944.5296918391475,1991.7299871330856,-0.0236981396067036,-0.078026567226932,False,False,,
2466,10.871114400000002,580193.0,1763.504559270517,1760.161094224924,1943.7503571581028,1991.7299871330856,-0.0240894249144911,-0.2582116131326244,False,False,,
2467,10.875522800000002,576656.0,1752.753799392097,1756.376899696049,1939.99531905035,1991.7299871330856,-0.0259747397573719,-0.2699837045887796,False,False,,
2468,10.8799312,581087.0,1766.2218844984802,1755.3617021276596,1939.0092583800345,1991.7299871330856,-0.02646981724111,-0.2030015359775201,False,False,,
2469,10.884339600000002,575351.0,1748.787234042553,1752.753799392097,1936.4304730325696,1991.7299871330856,-0.0277645636997788,-0.1451929388551036,False,False,,
2470,10.888748,580472.0,1764.3525835866262,1752.753799392097,1936.4595709237535,1991.7299871330856,-0.0277499543444082,0.0033128718313211,False,False,,
2471,10.893156400000002,576449.0,1752.1246200607902,1752.753799392097,1936.4886493310808,1991.7299871330856,-0.0277353547714164,0.0033106535426479,False,False,,
2472,10.8975648,575034.0,1747.823708206687,1752.753799392097,1936.5177082675968,1991.7299871330856,-0.0277207649742533,0.0033084367393159,False,False,,
2473,10.901973200000002,574751.0,1746.9635258358662,1752.753799392097,1936.5467477463387,1991.7299871330856,-0.0277061849463732,0.003306221420356,False,False,,
2474,10.9063816,573881.0,1744.3191489361702,1752.753799392097,1936.5757677803365,1991.7299871330856,-0.0276916146812344,0.1002323258346771,False,False,,
2475,10.910790000000002,573793.0,1744.051671732523,1754.4559270516718,1938.3068960421836,1991.7299871330856,-0.0268224565759537,0.1002301134814689,False,False,,
2476,10.9151984,574974.0,1747.6413373860182,1754.4559270516718,1938.3358772257432,1991.7299871330856,-0.0268079058166906,0.5668685204699218,False,False,,
2477,10.919606800000002,577216.0,1754.4559270516718,1764.3525835866262,1948.261495538547,1991.7299871330856,-0.0218244902046725,0.587982837554359,False,False,,
2478,10.9240152,580594.0,1764.723404255319,1764.723404255319,1948.6612585923729,1991.7299871330856,-0.0216237787345394,0.3984511502072525,False,False,,
2479,10.928423600000002,583727.0,1774.246200607903,1771.29179331307,1955.258570655525,1991.7299871330856,-0.0183114261035239,0.5128589765651443,True,False,2479.0,11.0
2480,10.932832,582755.0,1771.29179331307,1773.6717325227964,1957.6674135038988,1991.7299871330856,-0.017102003709959,0.1715306223431612,False,False,,
2481,10.937240400000002,583538.0,1773.6717325227964,1774.246200607903,1958.2707658738657,1991.7299871330856,-0.0167990749124491,0.8687199651329462,False,False,,
2482,10.9416488,589511.0,1791.826747720365,1788.869300911854,1972.92273112185,1991.7299871330856,-0.0094426735213777,1.004417408678501,False,False,,
2483,10.946057200000002,588538.0,1788.869300911854,1791.826747720365,1975.909023546517,1991.7299871330856,-0.0079433275036149,0.326782411811683,False,False,,
2484,10.9504656,590407.0,1794.550151975684,1794.550151975684,1978.6612541030577,1991.7299871330856,-0.0065614983529165,0.9491984849457722,False,False,,
2485,10.954874000000002,594976.0,1808.437689969605,1808.437689969605,1992.577599096198,1991.7299871330856,0.0004255656984571,1.0909539528024372,False,False,,
2486,10.9592824,597295.0,1815.4863221884495,1813.650455927052,1997.819152763787,1991.7299871330856,0.0030572244581537,0.4046646462241329,False,False,,
2487,10.963690800000002,596691.0,1813.650455927052,1815.4863221884495,1999.6837874591663,1991.7299871330856,0.0039934129512853,0.6059617982335448,False,False,,
2488,10.9680992,601817.0,1829.2310030395136,1824.2340425531916,2008.4602569946353,1991.7299871330856,0.0083998684408178,0.5163009106799898,False,False,,
2489,10.972507600000002,600173.0,1824.2340425531916,1824.495440729483,2008.7503850912988,1991.7299871330856,0.0085455348205669,0.1761841736882328,False,False,,
2490,10.976916,601172.0,1827.270516717325,1827.270516717325,2011.5541717620472,1991.7299871330856,0.0099532490633917,0.2729372154192563,False,False,,
2491,10.981324400000002,600259.0,1824.495440729483,1829.2310030395136,2013.5433495425575,1991.7299871330856,0.0109519676614752,0.5694318287249438,False,False,,
2492,10.9857328,604443.0,1837.212765957447,1837.212765957447,2021.5537847071016,1991.7299871330856,0.0149738156108925,0.689032262689921,False,False,,
2493,10.990141200000002,606963.0,1844.872340425532,1841.273556231003,2025.6432280284216,1991.7299871330856,0.0170270273151589,0.3497809629754422,False,False,,
2494,10.9945496,606445.0,1843.2978723404256,1843.2978723404256,2027.696177999616,1991.7299871330856,0.0180577644052548,0.2081941994416638,False,False,,
2495,10.998958000000002,605779.0,1841.273556231003,1844.872340425532,2029.2992607733495,1991.7299871330856,0.0188626339327961,1.215900353763138,False,False,,
2496,11.0033664,613797.0,1865.644376899696,1864.592705167173,2049.0482210433115,1991.7299871330856,0.0287781146443099,1.1861273317062486,False,False,,
2497,11.007774800000002,615375.0,1870.440729483283,1865.644376899696,2050.128469156678,1991.7299871330856,0.0293204813909799,0.0730072683838147,False,False,,
2498,11.0121832,613451.0,1864.592705167173,1865.817629179331,2050.3302786825006,1991.7299871330856,0.0294218051281965,0.0131172360768454,False,False,,
2499,11.016591600000002,613854.0,1865.817629179331,1865.817629179331,2050.3588168068454,1991.7299871330856,0.0294361334380222,0.0032502290685277,False,True,2479.0,11.0
