time_index,time_sec,sum_intensity,norm_sum_intensity,filtered_norm_sum_intensity,detrended_norm_sum_intensity,f0_baseline,df_f_signal,d_df_f_signal,is_onset,is_peak,onset_index,peak_id
0,0.0,164319.0,1026.99375,1026.99375,1026.99375,976.0755582703111,0.0521662398963459,3.7495766155946374e-08,True,False,0.0,1.0
1,0.0027088,165177.0,1032.35625,1026.99375,1026.9937500991389,976.0755582703111,0.0521662399979144,0.1879259932519339,False,False,,
2,0.0054176,165804.0,1036.275,1027.9875,1027.9875001988455,976.0755582703111,0.0531843477573876,0.4881347528056476,False,False,,
3,0.0081263999999999,164732.0,1029.575,1029.575,1029.5750002991244,976.0755582703111,0.0548107588347143,0.8261650883402183,False,False,,
4,0.0108352,166019.0,1037.61875,1032.35625,1032.3562503999783,976.0755582703111,0.0576601797399795,0.6358752844109432,False,False,,
5,0.013544,165270.0,1032.9375,1032.9375,1032.9375005014103,976.0755582703111,0.058255676775539,0.1347394029005535,False,False,,
6,0.0162527999999999,164478.0,1027.9875,1033.06875,1033.0687506034242,976.0755582703111,0.0583901439291336,0.3522134650038744,False,False,,
7,0.0189616,163639.0,1022.74375,1034.8,1034.8000007060227,976.0755582703111,0.060163828443544,0.4680420416633133,False,False,,
8,0.0216704,166996.0,1043.725,1035.54375,1035.54375080921,976.0755582703111,0.0609258084940487,0.278934161988456,False,False,,
9,0.0243792,166892.0,1043.075,1036.275,1036.2750009129886,976.0755582703111,0.0616749821595326,3.936326109510446e-08,False,False,,
10,0.027088,166824.0,1042.65,1035.54375,1035.5437510173624,976.0755582703111,0.0609258087073031,0.2541137532019633,False,False,,
11,0.0297968,167860.0,1049.125,1037.61875,1037.6187511223347,976.0755582703111,0.0630516688288796,0.9715417727920652,False,False,,
12,0.0325055999999999,165568.0,1034.8,1040.68125,1040.681251227909,976.0755582703111,0.0661892334155814,0.9514490607812558,False,False,,
13,0.0352144,165291.0,1033.06875,1042.65,1042.6500013340888,976.0755582703111,0.0682062392605681,0.4526770277798757,False,False,,
14,0.0379232,167425.0,1046.40625,1043.075,1043.0750014408773,976.0755582703111,0.0686416564812817,0.2032910113951977,False,False,,
15,0.040632,165687.0,1035.54375,1043.725,1043.7250015482778,976.0755582703111,0.0693075886439027,4.073713810726076e-08,False,False,,
16,0.0433408,167034.0,1043.9625,1043.075,1043.0750016562947,976.0755582703111,0.0686416567019792,-0.2032909299195875,False,False,,
17,0.0460495999999999,165467.0,1034.16875,1042.65,1042.6500017649307,976.0755582703111,0.0682062397019704,-0.4526769463001834,False,False,,
18,0.0487584,166509.0,1040.68125,1040.68125,1040.68125187419,976.0755582703111,0.0661892340777033,-0.3723060971072556,False,False,,
19,0.0514672,167438.0,1046.4875,1040.68125,1040.6812519840753,976.0755582703111,0.0661892341902821,0.5850525451140633,False,False,,
20,0.054176,168125.0,1050.78125,1043.775,1043.775002094591,976.0755582703111,0.0693588147461133,0.5850525453530881,False,False,,
21,0.0568848,167004.0,1043.775,1043.775,1043.7750022057403,976.0755582703111,0.069358814859987,4.2158958990512474e-08,False,False,,
22,0.0595936,167444.0,1046.525,1043.775,1043.775002317527,976.0755582703111,0.0693588149745137,0.0354577698815745,False,False,,
23,0.0623024,165268.0,1032.925,1043.9625,1043.9625024299546,976.0755582703111,0.0695509108740974,0.5129551668671972,False,False,,
24,0.0650111999999999,166381.0,1039.88125,1046.4875,1046.487502543027,976.0755582703111,0.0721378008865334,0.4774974396308522,False,False,,
25,0.06772,166089.0,1038.05625,1046.4875,1046.4875026567477,976.0755582703111,0.0721378010030415,0.0070915886304874,False,False,,
26,0.0704288,167883.0,1049.26875,1046.525,1046.5250027711206,976.0755582703111,0.0721762202770979,0.0626420285978213,False,False,,
27,0.0731376,167596.0,1047.475,1046.81875,1046.818752886149,976.0755582703111,0.0724771704571731,0.055550483350407,False,False,,
28,0.0758464,166685.0,1041.78125,1046.81875,1046.8187530018374,976.0755582703111,0.0724771705756971,4.38806040392592e-08,False,False,,
29,0.0785551999999999,167655.0,1047.84375,1046.81875,1046.818753118189,976.0755582703111,0.0724771706949006,0.1241020903153025,False,False,,
30,0.081264,168191.0,1051.19375,1047.475,1047.475003235208,976.0755582703111,0.0731495060601893,0.124102090568348,False,False,,
31,0.0839728,167491.0,1046.81875,1047.475,1047.4750033528978,976.0755582703111,0.0731495061807637,4.463973724000425e-08,False,False,,
32,0.0866816,167270.0,1045.4375,1047.475,1047.4750034712624,976.0755582703111,0.0731495063020295,0.0413673936234406,False,False,,
33,0.0893904,167683.0,1048.01875,1047.69375,1047.693753590306,976.0755582703111,0.0733736181724581,0.0413673938809129,False,False,,
34,0.0920991999999999,167631.0,1047.69375,1047.69375,1047.693753710032,976.0755582703111,0.0733736182951188,4.5412111404630195e-08,False,False,,
35,0.094808,169017.0,1056.35625,1047.69375,1047.6937538304446,976.0755582703111,0.0733736184184827,0.0283662276572318,False,False,,
36,0.0975168,167346.0,1045.9125,1047.84375,1047.8437539515478,976.0755582703111,0.0735272951700746,0.0614601069012756,False,False,,
37,0.1002256,168054.0,1050.3375,1048.01875,1048.0187540733452,976.0755582703111,0.0737065846936311,0.033093925179962,False,False,,
38,0.1029344,166743.0,1042.14375,1048.01875,1048.0187541958412,976.0755582703111,0.0737065848191295,0.438493942976244,False,False,,
39,0.1056431999999999,166544.0,1040.9,1050.3375,1050.3375043190397,976.0755582703111,0.0760821694790992,0.7836158240565467,False,False,,
40,0.108352,169471.0,1059.19375,1052.1625,1052.1625044429445,976.0755582703111,0.0779519019075383,0.4373120192612738,False,False,,
41,0.1110608,169526.0,1059.5375,1052.65,1052.6500045675596,976.0755582703111,0.0784513510746491,0.6890618846450174,False,False,,
42,0.1137696,167565.0,1047.28125,1055.80625,1055.8062546928895,976.0755582703111,0.0816849635737911,0.5968717934657182,False,False,,
43,0.1164784,168424.0,1052.65,1055.80625,1055.8062548189378,976.0755582703111,0.0816849637029289,0.1347394122375185,False,False,,
44,0.1191872,168346.0,1052.1625,1056.51875,1056.5187549457091,976.0755582703111,0.0824149278135291,0.1749248369900193,False,False,,
45,0.1218959999999999,169490.0,1059.3125,1056.73125,1056.7312550732072,976.0755582703111,0.0826326364998061,0.0401854728383668,False,False,,
46,0.1246048,168929.0,1055.80625,1056.73125,1056.7312552014364,976.0755582703111,0.0826326366311783,4.86374052144356e-08,False,False,,
47,0.1273136,169607.0,1060.04375,1056.73125,1056.7312553304012,976.0755582703111,0.0826326367633041,-0.0401853755620109,False,False,,
48,0.1300223999999999,169320.0,1058.25,1056.51875,1056.5187554601052,976.0755582703111,0.0824149283405335,-0.040185375281581,False,False,,
49,0.1327312,169043.0,1056.51875,1056.51875,1056.518755590553,976.0755582703111,0.0824149284741786,4.947883525119323e-08,False,False,,
50,0.13544,169663.0,1060.39375,1056.51875,1056.518755721749,976.0755582703111,0.08241492860859,4.976258338729168e-08,False,False,,
51,0.1381488,170781.0,1067.38125,1056.51875,1056.5187558536968,976.0755582703111,0.0824149287437723,5.0047958666255e-08,False,False,,
52,0.1408576,169077.0,1056.73125,1056.51875,1056.5187559864016,976.0755582703111,0.0824149288797299,-0.1347393140923429,False,False,,
53,0.1435663999999999,168253.0,1051.58125,1055.80625,1055.8062561198676,976.0755582703111,0.0816849650357457,5.062361374541524e-08,False,False,,
54,0.1462752,167167.0,1044.79375,1056.51875,1056.518756254099,976.0755582703111,0.0824149291539884,-0.2375667232080545,False,False,,
55,0.148984,167518.0,1046.9875,1054.55,1054.5500063890993,976.0755582703111,0.0803979235560937,-0.372306087343448,False,False,,
56,0.1516928,170663.0,1066.64375,1054.55,1054.550006524874,976.0755582703111,0.0803979236951965,5.1499448261438374e-08,False,False,,
57,0.1544016,167590.0,1047.4375,1054.55,1054.5500066614277,976.0755582703111,0.0803979238350971,5.1794760480561315e-08,False,False,,
58,0.1571103999999999,167726.0,1048.2875,1054.55,1054.550006798764,976.0755582703111,0.0803979239757998,5.209170339526281e-08,False,False,,
59,0.1598192,168237.0,1051.48125,1054.55,1054.550006936888,976.0755582703111,0.0803979241173091,-0.0070914931057473,False,False,,
60,0.162528,168728.0,1054.55,1054.5125,1054.512507075804,976.0755582703111,0.0803595051027501,-0.0070914928053174,False,False,,
61,0.1652368,169178.0,1057.3625,1054.5125,1054.5125072155165,976.0755582703111,0.080359505245887,0.0070915984891488,False,False,,
62,0.1679456,167882.0,1049.2625,1054.55,1054.5500073560302,976.0755582703111,0.0803979245467249,0.3167557521260331,False,False,,
63,0.1706543999999999,170562.0,1066.0125,1056.1875,1056.1875074973495,976.0755582703111,0.082075561208605,0.3096642069355049,False,False,,
64,0.1733632,169837.0,1061.48125,1056.1875,1056.1875076394797,976.0755582703111,0.0820755613542187,0.0898262968614229,False,False,,
65,0.176072,170084.0,1063.025,1056.6625,1056.6625077824242,976.0755582703111,0.0825622041544815,0.0898262971704912,False,False,,
66,0.1787808,170476.0,1065.475,1056.6625,1056.6625079261885,976.0755582703111,0.0825622043017695,0.1323755704584908,False,False,,
67,0.1814896,168722.0,1054.5125,1057.3625,1057.3625080707775,976.0755582703111,0.0832793620449974,0.1914717832393027,False,False,,
68,0.1841983999999999,167756.0,1048.475,1057.675,1057.6750082161952,976.0755582703111,0.0835995218346468,0.0590962676251312,False,False,,
69,0.1869072,168990.0,1056.1875,1057.675,1057.675008362447,976.0755582703111,0.0835995219844833,0.0224566162112456,False,False,,
70,0.189616,170235.0,1063.96875,1057.79375,1057.7937585095376,976.0755582703111,0.0837211827986328,0.0224566165293449,False,False,,
71,0.1923248,169418.0,1058.8625,1057.79375,1057.7937586574717,976.0755582703111,0.0837211829501927,5.6111343127440705e-08,False,False,,
72,0.1950336,169066.0,1056.6625,1057.79375,1057.7937588062537,976.0755582703111,0.0837211831026216,-0.0224565043048503,False,False,,
73,0.1977423999999999,168830.0,1055.1875,1057.675,1057.6750089558886,976.0755582703111,0.0835995225924707,-0.0614600042102058,False,False,,
74,0.2004512,169247.0,1057.79375,1057.46875,1057.468759106382,976.0755582703111,0.0833882173838124,5.708219852351704e-08,False,False,,
75,0.20316,169228.0,1057.675,1057.675,1057.6750092577386,976.0755582703111,0.0835995229017192,0.0390035576384146,False,False,,
76,0.2058688,169195.0,1057.46875,1057.675,1057.6750094099625,976.0755582703111,0.0835995230576743,5.773860856095325e-08,False,False,,
77,0.2085776,169507.0,1059.41875,1057.675,1057.6750095630596,976.0755582703111,0.0835995232145239,5.8069780095593166e-08,False,False,,
78,0.2112863999999999,170274.0,1064.2125,1057.675,1057.6750097170348,976.0755582703111,0.0835995233722732,-0.0390034418262406,False,False,,
79,0.2139952,169811.0,1061.31875,1057.46875,1057.4687598718924,976.0755582703111,0.0833882181680861,-0.0390034414913742,False,False,,
80,0.216704,168241.0,1051.50625,1057.46875,1057.4687600276384,976.0755582703111,0.0833882183276495,0.0390035593033903,False,False,,
81,0.2194128,167696.0,1048.1,1057.675,1057.6750101842772,976.0755582703111,0.0835995238509681,5.941317304802852e-08,False,False,,
82,0.2221216,169736.0,1060.85,1057.46875,1057.4687603418145,976.0755582703111,0.0833882186495263,-0.0390034404750689,False,False,,
83,0.2248303999999999,167578.0,1047.3625,1057.46875,1057.468760500255,976.0755582703111,0.0833882188118504,0.3238473044218679,False,False,,
84,0.2275392,167401.0,1046.25625,1059.18125,1059.181260659604,976.0755582703111,0.0851426938059622,-0.8758058083366524,False,True,0.0,1.0
85,0.2302479999999999,169469.0,1059.18125,1052.8375,1052.8375108198666,976.0755582703111,0.0786434532646058,-1.1996530523153697,False,False,,
86,0.2329568,168199.0,1051.24375,1052.8375,1052.8375109810486,976.0755582703111,0.0786434534297386,-0.2363847887362418,False,False,,
87,0.2356656,168454.0,1052.8375,1051.5875,1051.5875111431544,976.0755582703111,0.0773628150331484,6.148676057193826e-08,False,False,,
88,0.2383744,169705.0,1060.65625,1052.8375,1052.8375113061898,976.0755582703111,0.0786434537628492,0.7257015509479992,False,False,,
89,0.2410832,167474.0,1046.7125,1055.425,1055.42501147016,976.0755582703111,0.0812943757555643,6.219398152040867e-08,False,False,,
90,0.2437919999999999,172164.0,1076.025,1052.8375,1052.8375116350708,976.0755582703111,0.0786434540997914,-0.4893165766854821,False,False,,
91,0.2465008,169549.0,1059.68125,1052.8375,1052.8375118009271,976.0755582703111,0.078643454269713,6.290930798513727e-08,False,False,,
92,0.2492096,168135.0,1050.84375,1052.8375,1052.8375119677344,976.0755582703111,0.0786434544406088,6.327006296658055e-08,False,False,,
93,0.2519184,169728.0,1060.8,1052.8375,1052.8375121354984,976.0755582703111,0.0786434546124849,6.363288207467123e-08,False,False,,
94,0.2546272,168254.0,1051.5875,1052.8375,1052.8375123042242,976.0755582703111,0.0786434547853463,0.0650058977126217,False,False,,
95,0.257336,170134.0,1063.3375,1053.18125,1053.1812624739173,976.0755582703111,0.0789956305639328,-0.0082734053808817,False,False,,
96,0.2600447999999999,168868.0,1055.425,1052.79375,1052.7937626445837,976.0755582703111,0.0785986327843549,-0.0732792387267267,False,False,,
97,0.2627536,168447.0,1052.79375,1052.79375,1052.7937628162283,976.0755582703111,0.0785986329602069,-0.2103824512815677,False,False,,
98,0.2654624,168072.0,1050.45,1051.68125,1051.681262988858,976.0755582703111,0.0774588648162919,-0.2103824509082166,False,False,,
99,0.2681712,168016.0,1050.1,1051.68125,1051.681263162477,976.0755582703111,0.0774588649941665,0.0449131873295076,False,False,,
100,0.27088,169425.0,1058.90625,1051.91875,1051.9187633370916,976.0755582703111,0.0777021864999682,6.623134218841642e-08,False,False,,
101,0.2735887999999999,168269.0,1051.68125,1051.68125,1051.6812635127076,976.0755582703111,0.0774588653529815,-0.0449130548646223,False,False,,
102,0.2762976,168509.0,1053.18125,1051.68125,1051.6812636893303,976.0755582703111,0.0774588655339336,-0.1926535856529927,False,False,,
103,0.2790064,166802.0,1042.5125,1050.6625,1050.6625138669665,976.0755582703111,0.0764151452873478,-0.1985632065156632,False,False,,
104,0.2817152,167433.0,1046.45625,1050.63125,1050.6312640456206,976.0755582703111,0.0763831295063144,-0.0401853567146748,False,False,,
105,0.284424,168006.0,1050.0375,1050.45,1050.4500142252996,976.0755582703111,0.0761974370988104,6.815220388034504e-08,False,False,,
106,0.2871327999999999,169013.0,1056.33125,1050.63125,1050.6312644060083,976.0755582703111,0.0763831298755357,0.0342758717744597,False,False,,
107,0.2898416,168307.0,1051.91875,1050.63125,1050.6312645877538,976.0755582703111,0.0763831300617357,-0.1122827347534336,False,False,,
108,0.2925504,167429.0,1046.43125,1050.0375,1050.0375147705413,976.0755582703111,0.0757748269317355,-0.4467672969277174,False,False,,
109,0.2952592,168106.0,1050.6625,1048.26875,1048.268764954377,976.0755582703111,0.0739627235539001,-0.5023177362502036,False,False,,
110,0.297968,167581.0,1047.38125,1047.38125,1047.3812651392668,976.0755582703111,0.0730534703638264,-0.1678331732807958,False,False,,
111,0.3006767999999999,168101.0,1050.63125,1047.38125,1047.3812653252166,976.0755582703111,0.073053470554334,7.053081851893239e-08,False,False,,
112,0.3033856,166172.0,1038.575,1047.38125,1047.3812655122329,976.0755582703111,0.0730534707459342,-0.1796524149677818,False,False,,
113,0.3060944,168146.0,1050.9125,1046.43125,1046.4312657003218,976.0755582703111,0.0720801856310046,-0.4975900376395774,False,False,,
114,0.3088032,167160.0,1044.75,1044.75,1044.7500158894889,976.0755582703111,0.070357726958018,-0.3179375513274092,False,False,,
115,0.311512,166862.0,1042.8875,1044.75,1044.7500160797408,976.0755582703111,0.0703577271529332,-0.0602780645549216,False,False,,
116,0.3142207999999999,167723.0,1048.26875,1044.43125,1044.4312662710836,976.0755582703111,0.0700311645154853,-0.0768250036322459,False,False,,
117,0.3169296,165373.0,1033.58125,1044.34375,1044.3437664635237,976.0755582703111,0.0699415200132552,-0.0165468664985475,False,False,,
118,0.3196384,166935.0,1043.34375,1044.34375,1044.3437666570671,976.0755582703111,0.0699415202115427,-0.1359212152656059,False,False,,
119,0.3223472,167095.0,1044.34375,1043.625,1043.6250168517204,976.0755582703111,0.0692051532374322,-0.1359212148446555,False,False,,
120,0.325056,166980.0,1043.625,1043.625,1043.62501704749,976.0755582703111,0.0692051534380003,-0.0531865169659191,False,False,,
121,0.3277647999999999,167109.0,1044.43125,1043.34375,1043.343767244382,976.0755582703111,0.0689170099631177,-0.0531865165401459,False,False,,
122,0.3304736,167772.0,1048.575,1043.34375,1043.343767442403,976.0755582703111,0.0689170101659924,7.510943333954857e-08,False,False,,
123,0.3331824,166867.0,1042.91875,1043.34375,1043.3437676415597,976.0755582703111,0.0689170103700305,-0.0047276214573646,False,False,,
124,0.3358912,166598.0,1041.2375,1043.31875,1043.318767841858,976.0755582703111,0.068891397803985,-0.0047276210241999,False,False,,
125,0.3386,167482.0,1046.7625,1043.31875,1043.3187680433052,976.0755582703111,0.0688913980103698,7.640892007998445e-08,False,False,,
126,0.3413087999999999,165381.0,1033.63125,1043.31875,1043.3187682459074,976.0755582703111,0.068891398217938,-0.0756430751120635,False,False,,
127,0.3440176,166024.0,1037.65,1042.91875,1042.918768449672,976.0755582703111,0.0684815940866427,-0.3935806977499769,False,False,,
128,0.3467264,166128.0,1038.3,1041.2375,1041.2375186546042,976.0755582703111,0.0667591354298077,-0.8734419425481246,False,False,,
129,0.3494352,167201.0,1045.00625,1038.3,1038.3000188607116,976.0755582703111,0.0637496350186939,-0.6134186072425454,False,False,,
130,0.352144,166931.0,1043.31875,1037.99375,1037.9937690680013,976.0755582703111,0.0634358787832105,-0.1229200433087651,False,False,,
131,0.3548527999999999,166079.0,1037.99375,1037.65,1037.6500192764793,976.0755582703111,0.0630837033920644,-0.0650057546391895,False,False,,
132,0.3575616,165008.0,1031.3,1037.65,1037.6500194861528,976.0755582703111,0.0630837036068772,-0.2422943915901214,False,False,,
133,0.3602704,167120.0,1044.5,1036.36875,1036.3687696970287,976.0755582703111,0.0617710492961857,-0.2422943911340844,False,False,,
134,0.3629792,164557.0,1028.48125,1036.36875,1036.3687699091138,976.0755582703111,0.0617710495134692,-0.381761452100287,False,False,,
135,0.365688,164888.0,1030.55,1034.35,1034.350020122415,976.0755582703111,0.0597028184532872,-0.3817614516389973,False,False,,
136,0.3683967999999999,164953.0,1030.95625,1034.35,1034.350020336939,976.0755582703111,0.0597028186730697,-0.0224564793687598,False,False,,
137,0.3711056,165477.0,1034.23125,1034.23125,1034.2312705526936,976.0755582703111,0.059581158230659,-0.5767789518532656,False,False,,
138,0.3738144,164827.0,1030.16875,1031.3,1031.300020769685,976.0755582703111,0.0565780610235095,-0.6193282243611069,False,False,,
139,0.3765232,166914.0,1043.2125,1030.95625,1030.9562709879208,976.0755582703111,0.0562258856423603,-0.1418308271466486,False,False,,
140,0.379232,165819.0,1036.36875,1030.55,1030.550021207408,976.0755582703111,0.0558096783343598,-0.1489223721681103,False,False,,
141,0.3819407999999999,165496.0,1034.35,1030.16875,1030.168771428154,976.0755582703111,0.0554190837989023,-0.072097295482175,False,False,,
142,0.3846496,164132.0,1025.825,1030.16875,1030.1687716501656,976.0755582703111,0.0554190840263555,-0.1028273254855101,False,False,,
143,0.3873584,166645.0,1041.53125,1029.625,1029.6250218734504,976.0755582703111,0.054862006480352,-0.2470220834248859,False,False,,
144,0.3900672,162743.0,1017.14375,1028.8625,1028.8625220980152,976.0755582703111,0.0540808171871929,-0.4940442510560245,False,False,,
145,0.392776,163872.0,1024.2,1027.0125,1027.012522323868,976.0755582703111,0.0521854723458309,-0.5744150995242165,False,False,,
146,0.3954847999999999,164618.0,1028.8625,1025.825,1025.825022551016,976.0755582703111,0.0509688659440105,-0.3581229613996601,False,False,,
147,0.3981936,164740.0,1029.625,1025.11875,1025.1187727794663,976.0755582703111,0.0502453053901521,-0.2789340361983896,False,False,,
148,0.4009024,162583.0,1016.14375,1024.35,1024.3500230092263,976.0755582703111,0.0494577129095021,-0.1737427775082114,False,False,,
149,0.4036112,163215.0,1020.09375,1024.2,1024.2000232403043,976.0755582703111,0.0493040365187236,-0.8048903261680493,False,False,,
150,0.40632,164019.0,1025.11875,1020.09375,1020.0937734727072,976.0755582703111,0.045097139078454,-0.9975439783116044,False,False,,
151,0.4090287999999999,164322.0,1027.0125,1018.925,1018.9250237064426,976.0755582703111,0.0438997422618227,-0.2210197459749281,False,False,,
152,0.4117376,161528.0,1009.55,1018.925,1018.9250239415184,976.0755582703111,0.0438997425026603,-0.0957357750340932,False,False,,
153,0.4144464,163896.0,1024.35,1018.41875,1018.4187741779422,976.0755582703111,0.0433810841269979,-0.4361299583392446,False,False,,
154,0.4171552,163028.0,1018.925,1016.61875,1016.6187744157216,976.0755582703111,0.0415369648403616,-0.4302203365782384,False,False,,
155,0.419864,162023.0,1012.64375,1016.14375,1016.1437746548644,976.0755582703111,0.0410503224315517,-0.2682967138983549,False,False,,
156,0.4225727999999999,162659.0,1016.61875,1015.2,1015.2000248953788,976.0755582703111,0.0400834405631459,-0.6618774884159846,False,False,,
157,0.4252816,161891.0,1011.81875,1012.64375,1012.643775137272,976.0755582703111,0.0374645349503092,-0.6394209271550038,False,False,,
158,0.4279904,162947.0,1018.41875,1011.81875,1011.8187753805524,976.0755582703111,0.0366193137481909,-0.5850524111581947,False,False,,
159,0.4306992,160352.0,1002.2,1009.55,1009.5500256252278,976.0755582703111,0.0342949550076186,9.28054300075587e-08,False,False,,
160,0.433408,161509.0,1009.43125,1011.81875,1011.8187758713065,976.0755582703111,0.0366193142509736,-0.022456467400306,False,False,,
161,0.4361167999999999,160725.0,1004.53125,1009.43125,1009.4312761187958,976.0755582703111,0.0341732948498308,-1.3781235808840115,False,False,,
162,0.4388256,162432.0,1015.2,1004.53125,1004.5312763677044,976.0755582703111,0.0291531919391764,-0.9266285170892106,False,False,,
163,0.4415344,158648.0,991.55,1004.53125,1004.5312766180404,976.0755582703111,0.0291531921956482,-0.2872074976426475,False,False,,
164,0.4442432,160482.0,1003.0125,1003.0125,1003.0125268698118,976.0755582703111,0.0275972165999476,-0.4408576495153022,False,False,,
165,0.4469519999999999,160102.0,1000.6375,1002.2,1002.200027123027,976.0755582703111,0.0267648017936341,-0.153650056372598,False,False,,
166,0.4496607999999999,159266.0,995.4125,1002.2,1002.200027377694,976.0755582703111,0.0267648020545434,-0.2505678442696144,False,False,,
167,0.4523696,162525.0,1015.78125,1000.875,1000.8750276338214,976.0755582703111,0.0254073254405191,-0.2954809651915049,False,False,,
168,0.4550784,160140.0,1000.875,1000.6375,1000.6375278914176,976.0755582703111,0.0251640043775219,-0.4514949655502924,False,False,,
169,0.4577872,159037.0,993.98125,998.4875,998.4875281504908,976.0755582703111,0.0229613063151538,-0.748157951580052,False,False,,
170,0.4604959999999999,160736.0,1004.6,996.68125,996.6812784110494,976.0755582703111,0.0211107838590418,-0.3415760092358115,False,False,,
171,0.4632047999999999,159758.0,998.4875,996.68125,996.6812786731024,976.0755582703111,0.0211107841275179,-0.2399305232238968,False,False,,
172,0.4659136,159469.0,996.68125,995.4125,995.412528936658,976.0755582703111,0.0198109362564241,-0.2399305226539558,False,False,,
173,0.4686224,160758.0,1004.7375,995.4125,995.4125292017249,976.0755582703111,0.0198109365279878,-0.165469294370891,False,False,,
174,0.4713312,158952.0,993.45,994.5375,994.5375294683116,976.0755582703111,0.0189144898072403,-0.2706605519876408,False,False,,
175,0.4740399999999999,158854.0,992.8375,993.98125,993.9812797364268,976.0755582703111,0.0183446059215396,-0.1051911564970682,False,False,,
176,0.4767488,158798.0,992.4875,993.98125,993.9812800060796,976.0755582703111,0.0183446061978018,-0.1004634589164781,False,False,,
177,0.4794576,158260.0,989.125,993.45,993.4500302772788,976.0755582703111,0.0178003350865137,-0.2162920347675108,False,False,,
178,0.4821664,158435.0,990.21875,992.8375,992.837530550033,976.0755582703111,0.0171728224702453,-0.1820162309461515,False,False,,
179,0.4848752,159126.0,994.5375,992.4875,992.4875308243512,976.0755582703111,0.0168142439537398,-0.4952261564340081,False,False,,
180,0.4875839999999999,159765.0,998.53125,990.21875,990.2187811002424,976.0755582703111,0.0144898852451485,-0.4964080800867321,False,False,,
181,0.4902928,158378.0,989.8625,989.8625,989.8625313777156,976.0755582703111,0.014124903539062,-0.1229200166880932,False,False,,
182,0.4930016,156839.0,980.24375,989.56875,989.5687816567798,976.0755582703111,0.0138239537627391,-0.1394669555756649,False,False,,
183,0.4957104,159211.0,995.06875,989.125,989.1250319374444,976.0755582703111,0.0133693273605353,-0.6181462759605798,False,False,,
184,0.4984192,156663.0,979.14375,986.3,986.300032219718,976.0755582703111,0.010475084498095,-0.9597223834159236,False,False,,
185,0.501128,154836.0,967.725,984.05,984.0500325036106,976.0755582703111,0.0081699353761411,-0.5436850470263284,False,False,,
186,0.5038368,156281.0,976.75625,983.425,983.425032789131,976.0755582703111,0.0075296163873252,-0.3533952422614868,False,False,,
187,0.5065456,156389.0,977.43125,982.18125,982.1812830762888,976.0755582703111,0.0062553813116653,-0.6015993340066431,False,False,,
188,0.5092544,157348.0,983.425,980.24375,980.2437833650928,976.0755582703111,0.0042703918354108,-0.3663964077589428,False,False,,
189,0.5119632,158331.0,989.56875,980.24375,980.2437836555532,976.0755582703111,0.0042703921329904,-0.0815526630344013,False,False,,
190,0.514672,157448.0,984.05,979.8125,979.812533947679,976.0755582703111,0.0038285721281556,-0.2080185570844421,False,False,,
191,0.5173808,157808.0,986.3,979.14375,979.14378424148,976.0755582703111,0.0031434307981298,-0.27893401141084,False,False,,
192,0.5200895999999999,157149.0,982.18125,978.3375,978.3375345369656,976.0755582703111,0.0023174192279363,-0.1524681160900375,False,False,,
193,0.5227984,156770.0,979.8125,978.3375,978.3375348341456,976.0755582703111,0.0023174195324004,1.1272043393129041e-07,False,False,,
194,0.5255072,156199.0,976.24375,978.3375,978.3375351330296,976.0755582703111,0.0023174198386105,1.1336678223949904e-07,False,False,,
195,0.528216,155930.0,974.5625,978.3375,978.3375354336276,976.0755582703111,0.0023174201465763,-0.3959445095196394,False,False,,
196,0.5309248,157481.0,984.25625,976.24375,976.2437857359494,976.0755582703111,0.000172350863837,-0.713882131944366,False,False,,
197,0.5336335999999999,156534.0,978.3375,974.5625,974.5625360400046,976.0755582703111,-0.0015501076914453,-0.4195829931955479,False,False,,
198,0.5363424,155844.0,974.025,974.025,974.0250363458032,976.0755582703111,-0.0021007819600991,-0.5046815384883561,False,False,,
199,0.5390512,154429.0,965.18125,971.89375,971.8937866533556,976.0755582703111,-0.0042842703943598,-0.8060722214106912,False,False,,
200,0.54176,154891.0,968.06875,969.7625,969.7625369626712,976.0755582703111,-0.0064677588268137,-0.723337523286383,False,False,,
201,0.5444688,154380.0,964.875,968.06875,968.0687872737608,976.0755582703111,-0.0082030237605161,-0.476315354496867,False,False,,
202,0.5471775999999999,154759.0,967.24375,967.24375,967.243787586634,976.0755582703111,-0.0090482448913358,-0.5460488845326186,False,False,,
203,0.5498864,155503.0,971.89375,965.18125,965.1812879013016,976.0755582703111,-0.0111612981973601,-0.4479491711550158,False,False,,
204,0.5525952,154195.0,963.71875,964.875,964.8750382177732,976.0755582703111,-0.0114750543209853,-0.057914168180992,False,False,,
205,0.555304,155162.0,969.7625,964.875,964.8750385360596,976.0755582703111,-0.0114750539948975,-0.2186558654060024,False,False,,
206,0.5580128,152945.0,955.90625,963.71875,963.7187888561712,976.0755582703111,-0.0126596443374089,-0.8438937926265551,False,False,,
207,0.5607215999999999,152743.0,954.64375,960.4125,960.4125391781184,976.0755582703111,-0.016046933005831,-1.4774051895886426,False,False,,
208,0.5634304,152771.0,954.81875,955.90625,955.9062895019116,976.0755582703111,-0.0206636346925244,-1.0578220803646738,False,False,,
209,0.5661392,153666.0,960.4125,954.81875,954.8187898275615,976.0755582703111,-0.0217777899084148,-0.2387485748521856,False,False,,
210,0.568848,152572.0,953.575,954.64375,954.6437901550788,976.0755582703111,-0.0219570789716435,-0.1051911339659064,False,False,,
211,0.5715568,152080.0,950.5,954.2625,954.2625404844744,976.0755582703111,-0.0223476733957885,-0.0980995877573978,False,False,,
212,0.5742655999999999,154863.0,967.89375,954.125,954.1250408157584,976.0755582703111,-0.022488543298278,-0.0567322383132902,False,False,,
213,0.5769744,152660.0,954.125,953.9625,953.9625411489424,976.0755582703111,-0.0226550259700746,-0.1040092075672332,False,False,,
214,0.5796832,151992.0,949.95,953.575,953.5750414840368,976.0755582703111,-0.0230520235811942,-0.2907532382418836,False,False,,
215,0.582392,152388.0,952.425,952.425,952.4250418210524,976.0755582703111,-0.0242302107135739,-0.5815066028562592,False,False,,
216,0.5851008,152682.0,954.2625,950.5,950.5000421600008,976.0755582703111,-0.0262023937528283,-0.4680418741844159,False,False,,
217,0.5878095999999999,150881.0,943.00625,949.95,949.9500425008928,976.0755582703111,-0.0267658743711553,-0.104009204643555,False,False,,
218,0.5905184,152634.0,953.9625,949.95,949.9500428437394,976.0755582703111,-0.0267658740199052,-0.3380302052759347,False,False,,
219,0.5932272,151706.0,948.1625,948.1625,948.162543188552,976.0755582703111,-0.0285971868112581,-0.3900348715021877,False,False,,
220,0.595936,149168.0,932.3,947.8875,947.887543535342,976.0755582703111,-0.0288789269397554,-0.1134645964013776,False,False,,
221,0.5986448,150765.0,942.28125,947.5625,947.5625438841204,976.0755582703111,-0.0292118926087223,-0.3533952182677549,False,False,,
222,0.6013535999999999,151363.0,946.01875,946.01875,946.0187942348986,976.0755582703111,-0.0307934808742428,-0.4325841422164416,False,False,,
223,0.6040624,151662.0,947.8875,945.275,945.2750445876884,976.0755582703111,-0.031555460457594,-0.3971264139726003,False,False,,
224,0.6067712,151610.0,947.5625,943.91875,943.9187949425012,976.0755582703111,-0.0329449529345807,-0.2564774275311601,False,False,,
225,0.60948,152329.0,952.05625,943.91875,943.9187952993484,976.0755582703111,-0.0329449525689868,-0.3096640179807925,False,False,,
226,0.6121888,151244.0,945.275,942.28125,942.281295658242,976.0755582703111,-0.0346225887183934,-0.3486675174336042,False,False,,
227,0.6148975999999999,150732.0,942.075,942.075,942.0750460191936,976.0755582703111,-0.034833893711435,-0.039003363319999,False,False,,
228,0.6176064,151027.0,943.91875,942.075,942.0750463822149,976.0755582703111,-0.0348338933395158,-0.0756430142652071,False,False,,
229,0.6203152,150495.0,940.59375,941.675,941.6750467473177,976.0755582703111,-0.0352436973055182,-0.2801159086153468,False,False,,
230,0.623024,150167.0,938.54375,940.59375,940.5937971145142,976.0755582703111,-0.0363514492860303,-0.5921439096529708,False,False,,
231,0.6257328,149738.0,935.8625,938.54375,938.5437974838164,976.0755582703111,-0.0384516961504541,-0.8947165166912088,False,False,,
232,0.6284415999999999,148810.0,930.0625,935.8625,935.862547855236,976.0755582703111,-0.0411986654868566,-1.2433841694499232,False,False,,
233,0.6311504,150668.0,941.675,931.96875,931.9687982287854,976.0755582703111,-0.0451878542268661,-0.783615635640003,False,False,,
234,0.6338592,148759.0,929.74375,931.71875,931.7187986044768,976.0755582703111,-0.0454439815545,-0.3604867535557474,False,False,,
235,0.636568,149075.0,931.71875,930.0625,930.0625489823228,976.0755582703111,-0.0471408272629298,-0.3734879194816241,False,False,,
236,0.6392768,148603.0,928.76875,929.74375,929.743799362335,976.0755582703111,-0.0474673897070837,-0.2446581754793175,False,False,,
237,0.6419855999999999,148211.0,926.31875,928.76875,928.7687997445264,976.0755582703111,-0.0484662873944065,-0.2127462199199907,False,False,,
238,0.6446944,149115.0,931.96875,928.61875,928.6188001289096,976.0755582703111,-0.0486199636281222,-0.1205561276384266,False,False,,
239,0.6474032,147507.0,921.91875,928.13125,928.1313005154968,976.0755582703111,-0.0491194122715005,-0.1359211420441379,False,False,,
240,0.650112,148464.0,927.9,927.9,927.9000509043008,976.0755582703111,-0.0493563300072606,-0.3427578848417951,False,False,,
241,0.6528208,146981.0,918.63125,926.31875,926.318801295334,976.0755582703111,-0.0509763373884193,-0.3226651717569755,False,False,,
242,0.6555295999999999,146499.0,915.61875,926.19375,926.1938016886096,976.0755582703111,-0.0511044008417711,-0.3084820799141177,False,False,,
243,0.6582384,148579.0,928.61875,924.6875,924.6875520841404,976.0755582703111,-0.0526475699045621,-0.8072541122898027,False,False,,
244,0.6609472,148501.0,928.13125,921.925,921.9250524819392,976.0755582703111,-0.0554777807205123,-0.5235922915825046,False,False,,
245,0.663656,148191.0,926.19375,921.91875,921.9188028820192,976.0755582703111,-0.0554841835034394,-0.2635689558575098,False,False,,
246,0.6663648,146728.0,917.05,920.53125,920.5313032843932,976.0755582703111,-0.0569056918957659,-0.2623870307379849,False,False,,
247,0.6690735999999999,147508.0,921.925,920.53125,920.5313036890744,976.0755582703111,-0.0569056914811655,-0.3593048183105445,False,False,,
248,0.6717824,147950.0,924.6875,918.63125,918.6313040960764,976.0755582703111,-0.0588522616794452,-0.5212284395930631,False,False,,
249,0.6744912,146179.0,913.61875,917.775,917.775054505412,976.0755582703111,-0.0597294986755049,-0.1619234669016283,False,False,,
250,0.6772,146844.0,917.775,917.775,917.7750549170948,976.0755582703111,-0.0597294982537314,-0.1371030567747073,False,False,,
251,0.6799088,146252.0,914.075,917.05,917.0500553311384,976.0755582703111,-0.0604722681958875,-0.1371030558792902,False,False,,
252,0.6826175999999999,145865.0,911.65625,917.05,917.050055747556,976.0755582703111,-0.0604722677692631,-0.0910080092536134,False,False,,
253,0.6853264,147285.0,920.53125,916.56875,916.5688061663616,976.0755582703111,-0.0609653131868199,-0.3829432979405052,False,False,,
254,0.6880352,147674.0,922.9625,915.025,915.0250565875684,976.0755582703111,-0.0625469013801855,-0.4715876157317833,False,False,,
255,0.690744,145204.0,907.525,914.075,914.075057011191,976.0755582703111,-0.0635201862538084,-0.2434762346886803,False,False,,
256,0.6934528,146651.0,916.56875,913.7375,913.7375574372423,976.0755582703111,-0.0638659582292349,-0.0638237478642196,False,False,,
257,0.6961615999999999,146404.0,915.025,913.7375,913.7375578657368,976.0755582703111,-0.0638659577902376,-0.1820161718737996,False,False,,
258,0.6988704,146198.0,913.7375,912.775,912.7750582966884,976.0755582703111,-0.0648520490419785,-0.3935806115777644,False,False,,
259,0.7015792,146823.0,917.64375,911.65625,911.6563087301112,976.0755582703111,-0.0659982201115213,-0.2883893524471848,False,False,,
260,0.704288,146044.0,912.775,911.25,911.2500591660192,976.0755582703111,-0.0664144271977963,-0.7812517634887062,False,False,,
261,0.7069968,145800.0,911.25,907.525,907.5250596044268,976.0755582703111,-0.0702307296653976,-1.0790966733799792,False,False,,
262,0.7097055999999999,144686.0,904.2875,905.54375,905.5438100453486,976.0755582703111,-0.0722605413354996,-0.4916803204932591,False,False,,
263,0.7124144,143091.0,894.31875,904.925,904.9250604887984,976.0755582703111,-0.0728944569697019,-0.1170103324863003,False,False,,
264,0.7151232,144278.0,901.7375,904.925,904.9250609347912,976.0755582703111,-0.0728944565127774,-0.0921899222851738,False,False,,
265,0.717832,144887.0,905.54375,904.4375,904.4375613833412,976.0755582703111,-0.073393905092674,-0.0921899213151551,False,False,,
266,0.7205408,144549.0,903.43125,904.4375,904.4375618344634,976.0755582703111,-0.0733939046304944,1.711107007196233e-07,False,False,,
267,0.7232495999999999,144788.0,904.925,904.4375,904.4375622881724,976.0755582703111,-0.0733939041656647,1.7209187497257974e-07,False,False,,
268,0.7259584,144343.0,902.14375,904.4375,904.437562744483,976.0755582703111,-0.0733939036981695,1.7307870514571277e-07,False,False,,
269,0.7286672,142923.0,893.26875,904.4375,904.4375632034104,976.0755582703111,-0.0733939032279935,0.0921902655214381,False,False,,
270,0.731376,144008.0,900.05,904.925,904.925063664969,976.0755582703111,-0.0728944537156805,0.2092007672065197,False,False,,
271,0.7340848,146248.0,914.05,905.54375,905.5438141291746,976.0755582703111,-0.0722605371515755,0.7174281954363302,False,False,,
272,0.7367935999999999,144710.0,904.4375,908.71875,908.718814596042,976.0755582703111,-0.0690077147240847,1.608599080465293,False,False,,
273,0.7395024,145395.0,908.71875,914.05,914.0500650655862,976.0755582703111,-0.0635457907732466,1.3592130648652372,False,False,,
274,0.7422112,146545.0,915.90625,915.90625,915.9063155378232,976.0755582703111,-0.0616440420238706,1.2209279287110792,False,False,,
275,0.74492,148205.0,926.28125,920.50625,920.506316012768,976.0755582703111,-0.0569312916266613,1.9619944340885471,False,False,,
276,0.7476288,147281.0,920.50625,926.28125,926.281316490436,976.0755582703111,-0.0510147409777525,1.3816696286845112,False,False,,
277,0.7503375999999999,148450.0,927.8125,927.8125,927.8125669708432,976.0755582703111,-0.0494459582463002,0.6571500648641315,False,False,,
278,0.7530464,148761.0,929.75625,929.75625,929.7563174540052,976.0755582703111,-0.0474545647863446,1.3237553425495625,False,False,,
279,0.7557552,149570.0,934.8125,934.8125,934.8125679399378,976.0755582703111,-0.0422743813025038,2.0778230146937195,False,False,,
280,0.758464,151210.0,945.0625,940.74375,940.7438184286568,976.0755582703111,-0.0361977508219398,1.938355954325807,False,False,,
281,0.7611728,150519.0,940.74375,945.0625,945.062568920178,976.0755582703111,-0.0317731440843482,1.190197905542302,False,False,,
282,0.7638815999999999,151526.0,947.0375,947.0375,947.037569414518,976.0755582703111,-0.0297497346488739,1.0448212239396932,False,False,,
283,0.7665904,153512.0,959.45,950.5875,950.5875699116924,976.0755582703111,-0.0261127206215324,1.855621260077648,False,False,,
284,0.7692992,153096.0,956.85,956.85,956.8500704117178,976.0755582703111,-0.0196967209102773,1.675968775255912,False,False,,
285,0.772008,152094.0,950.5875,959.45,959.4500709146104,976.0755582703111,-0.0170329921847061,0.6086911791689533,False,False,,
286,0.7747168,154626.0,966.4125,960.06875,960.0688214203866,976.0755582703111,-0.0163990755780115,1.1263740014835917,False,False,,
287,0.7774255999999999,153611.0,960.06875,965.40625,965.4063219290632,976.0755582703111,-0.0109307483942687,1.199653306044136,False,False,,
288,0.7801344,156076.0,975.475,966.4125,966.4125724406564,976.0755582703111,-0.009899833827187,1.2138363981428597,True,False,288.0,2.0
289,0.7828432,154465.0,965.40625,971.825,971.8250729551834,976.0755582703111,-0.0043546683236901,1.02354659510819,False,False,,
290,0.785552,155492.0,971.825,971.825,971.8250734726606,976.0755582703111,-0.004354667793529,0.5141372447519735,False,False,,
291,0.7882608,156235.0,976.46875,974.54375,974.5438239931052,976.0755582703111,-0.0015692783865219,0.6902439590324888,False,False,,
292,0.7909695999999999,157798.0,986.2375,975.475,975.4750745165342,976.0755582703111,-0.0006152021210747,0.3640328673403384,False,False,,
293,0.7936784,155927.0,974.54375,976.46875,976.4688250429646,976.0755582703111,0.000402906075581,0.2872077922702281,False,False,,
294,0.7963872,157291.0,983.06875,976.99375,976.9938255724136,976.0755582703111,0.0009407748143284,0.9739057822948328,False,False,,
295,0.799096,158944.0,993.4,981.61875,981.6188261048984,976.0755582703111,0.0056791380417417,1.1488305723520738,False,False,,
296,0.8018048,157808.0,986.3,983.06875,983.068826640437,976.0755582703111,0.0071646793231032,0.8734422234087715,False,False,,
297,0.8045135999999999,155371.0,971.06875,986.2375,986.2375771790462,976.0755582703111,0.010411098631281,0.6027815714695011,False,False,,
298,0.8072224,156319.0,976.99375,986.25625,986.256327720744,976.0755582703111,0.0104303087646962,0.0118194479596374,False,False,,
299,0.8099312,157059.0,981.61875,986.3,986.3000782655478,976.0755582703111,0.0104751316725471,1.0377296975845214,False,False,,
300,0.81264,157801.0,986.25625,991.74375,991.7438288134756,976.0755582703111,0.0160523131743304,1.3426661551050414,False,False,,
301,0.8153488,159538.0,997.1125,993.4,993.4000793645456,976.0755582703111,0.0177491598344444,0.5744153942111256,False,False,,
302,0.8180575999999999,159553.0,997.20625,994.78125,994.7813299187754,976.0755582703111,0.0191642660140085,0.5826888651552107,False,False,,
303,0.8207664,163160.0,1019.75,996.48125,996.4813304761832,976.0755582703111,0.0209059350303093,0.4337664109409433,False,False,,
304,0.8234752,158679.0,991.74375,997.075,997.0750810367874,976.0755582703111,0.0215142389219222,0.1193745618228319,False,False,,
305,0.826184,159532.0,997.075,997.1125,997.112581600606,976.0755582703111,0.0215526586564406,0.0248206230931185,False,False,,
306,0.8288928,159165.0,994.78125,997.20625,997.2063321676578,976.0755582703111,0.0216487071295915,0.5058637938100459,False,False,,
307,0.8316015999999999,159966.0,999.7875,999.7875,999.7875827379612,976.0755582703111,0.0242932263457859,0.5578684620153194,False,False,,
308,0.8343104,160025.0,1000.15625,1000.15625,1000.1563333115348,976.0755582703111,0.0246710153094056,0.3333028558767816,False,False,,
309,0.8370192,159437.0,996.48125,1001.55,1001.5500838883974,976.0755582703111,0.0260989278977839,0.5448672977602254,False,False,,
310,0.839728,160964.0,1006.025,1003.0375,1003.0375844685678,976.0755582703111,0.0276228883817514,0.2812981914070258,False,False,,
311,0.8424368,160248.0,1001.55,1003.0375,1003.0375850520652,976.0755582703111,0.0276228889795507,0.1323757372491716,False,False,,
312,0.8451455999999999,161604.0,1010.025,1003.7375,1003.737585638908,976.0755582703111,0.0283400471758725,0.4124917856171999,False,False,,
313,0.8478544,160486.0,1003.0375,1005.21875,1005.2188362291164,976.0755582703111,0.0298576044773105,0.4325844991327505,False,False,,
314,0.8505632,161552.0,1009.7,1006.025,1006.0250868227088,976.0755582703111,0.0306836169583742,0.8474399119427023,False,False,,
315,0.853272,160835.0,1005.21875,1009.7,1009.7000874197053,976.0755582703111,0.0344486949442514,0.7564317460328303,False,False,,
316,0.8559808,163179.0,1019.86875,1010.025,1010.0250880201248,976.0755582703111,0.0347816615856818,0.7138824743542731,False,False,,
317,0.8586895999999999,160598.0,1003.7375,1013.475,1013.4750886239872,976.0755582703111,0.038316224637313,0.715064399909525,False,False,,
318,0.8613984,162156.0,1013.475,1013.80625,1013.8063392313124,976.0755582703111,0.0386555944786315,0.6051454460321839,False,False,,
319,0.8641072,162209.0,1013.80625,1016.675,1016.67508984212,976.0755582703111,0.0415946606057369,1.1464667535611754,False,False,,
320,0.866816,164012.0,1025.075,1019.86875,1019.8688404564302,976.0755582703111,0.0448666927627246,0.6039635244321913,False,False,,
321,0.8695248,163609.0,1022.55625,1019.86875,1019.868841074263,976.0755582703111,0.0448666933957009,0.3557594334022003,False,False,,
322,0.8722335999999999,162668.0,1016.675,1021.75,1021.7500916956384,976.0755582703111,0.0467940550691243,0.5082276629137503,False,False,,
323,0.8749424,163480.0,1021.75,1022.55625,1022.5563423205772,976.0755582703111,0.0476200675823024,0.3782159968353333,False,False,,
324,0.8776512,163800.0,1023.75,1023.75,1023.7500929490992,976.0755582703111,0.0488430780535794,0.4763157108916864,False,False,,
325,0.8803599999999999,164110.0,1025.6875,1025.075,1025.0750935812257,976.0755582703111,0.0502005555776292,0.3663967570679673,False,False,,
326,0.8830688,164885.0,1030.53125,1025.6875,1025.6875942169763,976.0755582703111,0.0508280691246708,0.3191197884683028,False,False,,
327,0.8857775999999999,164582.0,1028.6375,1026.7625,1026.7625948563727,976.0755582703111,0.051929418943635,0.5578684882222831,False,False,,
328,0.8884864,162478.0,1015.4875,1028.6375,1028.6375954994355,976.0755582703111,0.0538503774464639,0.712700566279505,False,False,,
329,0.8911952,165111.0,1031.94375,1030.53125,1030.531346146186,976.0755582703111,0.0557905455315109,0.4668603238107049,False,False,,
330,0.8939039999999999,165759.0,1035.99375,1031.10625,1031.1063467966446,976.0755582703111,0.0563796399367407,0.2576597330801444,False,False,,
331,0.8966128,165494.0,1034.3375,1031.89375,1031.8938474508334,976.0755582703111,0.0571864429014459,0.1583780975484305,False,False,,
332,0.8993215999999999,164282.0,1026.7625,1031.94375,1031.9438481087732,976.0755582703111,0.0572376691180191,0.0165471890478201,False,False,,
333,0.9020304,165406.0,1033.7875,1031.98125,1031.9813487704862,976.0755582703111,0.0572760889528314,0.3486679045497283,False,False,,
334,0.9047392,165103.0,1031.89375,1033.7875,1033.7875994359931,976.0755582703111,0.0591266123577077,0.3415763604927129,False,False,,
335,0.907448,165117.0,1031.98125,1033.7875,1033.7876001053164,976.0755582703111,0.0591266130434367,0.1040095878183269,False,False,,
336,0.9101568,164977.0,1031.10625,1034.3375,1034.3376007784775,976.0755582703111,0.0596900947006723,0.4172195153552174,False,False,,
337,0.9128656,167185.0,1044.90625,1035.99375,1035.9938514554992,976.0755582703111,0.0613869414898251,0.4952265172772172,False,False,,
338,0.9155744,166067.0,1037.91875,1036.95625,1036.9563521364023,976.0755582703111,0.0623730338806733,0.364032927070447,False,False,,
339,0.9182832,167470.0,1046.6875,1037.91875,1037.9188528212103,976.0755582703111,0.0633591262755219,1.3225734947845194,False,False,,
340,0.920992,167205.0,1045.03125,1043.95,1043.9501035099452,976.0755582703111,0.0695382080460178,1.1405571618720938,False,False,,
341,0.9237008,167960.0,1049.75,1043.95,1043.950104202629,976.0755582703111,0.06953820875568,2.627351438633241e-07,False,False,,
342,0.9264096,163820.0,1023.875,1043.95,1043.9501048992852,976.0755582703111,0.0695382094694117,0.1808346743942195,False,False,,
343,0.9291184,165913.0,1036.95625,1044.90625,1044.906355599936,976.0755582703111,0.0705178986876781,0.2044731608966401,False,False,,
344,0.9318272,169318.0,1058.2375,1045.03125,1045.0313563046043,976.0755582703111,0.0706459632658854,0.336848678349174,False,False,,
345,0.934536,167032.0,1043.95,1046.6875,1046.6876070133137,976.0755582703111,0.0723428100875026,0.6216924239782511,False,False,,
346,0.9372448,167830.0,1048.9375,1048.31875,1048.318857726087,976.0755582703111,0.07401404414203,0.4254930001254635,False,False,,
347,0.9399536,167731.0,1048.31875,1048.9375,1048.9376084429468,976.0755582703111,0.0746479609649823,0.1347396363325028,False,False,,
348,0.9426624,166925.0,1043.28125,1049.03125,1049.0313591639176,976.0755582703111,0.0747440095958249,0.017729137204741,False,False,,
349,0.9453712,166977.0,1043.60625,1049.03125,1049.0313598890225,976.0755582703111,0.0747440103387027,2.750324021860706e-07,False,False,,
350,0.94808,168044.0,1050.275,1049.03125,1049.0313606182854,976.0755582703111,0.0747440110858405,0.2352032022326966,False,False,,
351,0.9507888,168985.0,1056.15625,1050.275,1050.2751113517302,976.0755582703111,0.0760182472071187,0.235203203818811,False,False,,
352,0.9534976,168392.0,1052.45,1050.275,1050.2751120893804,976.0755582703111,0.0760182479628493,0.3474860091034468,False,False,,
353,0.9562064,169912.0,1061.95,1052.1125,1052.1126128312603,976.0755582703111,0.0779007874100376,0.4101279959240447,False,False,,
354,0.9589152,168338.0,1052.1125,1052.44375,1052.4438635773947,976.0755582703111,0.0782401573935675,0.0638241924744171,False,False,,
355,0.961624,167845.0,1049.03125,1052.45,1052.4501143278076,976.0755582703111,0.078246561355187,0.0011822088809978,False,False,,
356,0.9643328,170860.0,1067.875,1052.45,1052.450115082523,976.0755582703111,0.0782465621284012,0.7008813661358211,False,False,,
357,0.9670416,166760.0,1042.25,1056.15625,1056.1563658415666,976.0755582703111,0.0820436562443642,0.7008813677773222,False,False,,
358,0.9697504,168391.0,1052.44375,1056.15625,1056.1563666049624,976.0755582703111,0.0820436570264715,0.2127466544414638,False,False,,
359,0.9724592,171370.0,1071.0625,1057.28125,1057.281367372736,976.0755582703111,0.0831962325194663,0.2127466561018351,False,False,,
360,0.975168,169165.0,1057.28125,1057.28125,1057.2813681449118,976.0755582703111,0.0831962333105688,-0.3593046789198357,False,False,,
361,0.9778768,169211.0,1057.56875,1055.38125,1055.381368921515,976.0755582703111,0.0812496634909501,-0.0780067058920277,False,False,,
362,0.9805856,170888.0,1068.05,1056.86875,1056.8688697025725,976.0755582703111,0.082773624180728,0.3593052680612576,False,False,,
363,0.9832944,167602.0,1047.5125,1057.28125,1057.281370488108,976.0755582703111,0.0831962357111987,0.0780072984117232,False,False,,
364,0.9860032,170423.0,1065.14375,1057.28125,1057.281371278148,976.0755582703111,0.0831962365206033,0.0543688151329231,False,False,,
365,0.988712,167987.0,1049.91875,1057.56875,1057.568872072718,976.0755582703111,0.0834907842040628,0.0543688168512623,False,False,,
366,0.9914208,169589.0,1059.93125,1057.56875,1057.5688728718446,976.0755582703111,0.0834907850227767,3.031088180449615e-07,False,False,,
367,0.9941296,168570.0,1053.5625,1057.56875,1057.5688736755535,976.0755582703111,0.0834907858461852,0.2281116849738573,False,False,,
368,0.9968384,168861.0,1055.38125,1058.775,1058.775124483871,976.0755582703111,0.0847266028872911,0.2292936109712897,False,False,,
369,0.9995472,169099.0,1056.86875,1058.78125,1058.7813752968236,976.0755582703111,0.0847330069129833,0.0011822326023498,False,False,,
370,1.002256,170893.0,1068.08125,1058.78125,1058.7813761144375,976.0755582703111,0.0847330077506376,0.19619973551527,False,False,,
371,1.0049648,169975.0,1062.34375,1059.81875,1059.8188769367398,976.0755582703111,0.0857959386001108,0.196199737293627,False,False,,
372,1.0076736,169404.0,1058.775,1059.81875,1059.8188777637577,976.0755582703111,0.0857959394473996,0.0212749501765188,False,False,,
373,1.0103824,169124.0,1057.025,1059.93125,1059.9313785955178,976.0755582703111,0.0859111977701871,0.4774977122291641,False,False,,
374,1.0130912,170850.0,1067.8125,1062.34375,1062.3438794320473,976.0755582703111,0.0883828310531725,0.4562230775496623,False,False,,
375,1.0158,169405.0,1058.78125,1062.34375,1062.3438802733735,976.0755582703111,0.0883828319151204,3.1911513787008516e-07,False,False,,
376,1.0185088,169571.0,1059.81875,1062.34375,1062.343881119524,976.0755582703111,0.0883828327820107,0.6819706128272571,False,False,,
377,1.0212176,171193.0,1069.95625,1065.95,1065.9501319705266,976.0755582703111,0.0920774759071733,0.6819706146676694,False,False,,
378,1.0239264,171799.0,1073.74375,1065.95,1065.9501328264091,976.0755582703111,0.0920774767840342,0.0957361888346177,False,False,,
379,1.0266352,170552.0,1065.95,1066.45625,1066.456383687199,976.0755582703111,0.0925961362838038,0.2742067523499294,False,False,,
380,1.029344,171982.0,1074.8875,1067.4,1067.4001345529252,976.0755582703111,0.0935630192855652,0.2564778904817615,False,False,,
381,1.0320528,171259.0,1070.36875,1067.8125,1067.8126354236156,976.0755582703111,0.0939856309032778,0.1323758461815316,False,False,,
382,1.0347616,169972.0,1062.325,1068.1,1068.1001362992984,976.0755582703111,0.0942801786698382,0.0579146203654659,False,False,,
383,1.0374704,168467.0,1052.91875,1068.11875,1068.118887180003,976.0755582703111,0.0942993891505697,0.0035461067994013,False,False,,
384,1.0401792,170899.0,1068.11875,1068.11875,1068.1188880657571,976.0755582703111,0.0942993900580347,3.359668028224405e-07,False,False,,
385,1.042888,171290.0,1070.5625,1068.11875,1068.118888956591,976.0755582703111,0.0942993909707035,3.378933364217574e-07,False,False,,
386,1.0455968,170633.0,1066.45625,1068.11875,1068.118889852533,976.0755582703111,0.0942993918886056,0.4160376756064465,False,False,,
387,1.0483056,170784.0,1067.4,1070.31875,1070.318890753612,976.0755582703111,0.0965533166820689,3.417795078064501e-07,False,False,,
388,1.0510144,171282.0,1070.5125,1068.11875,1068.1188916598585,976.0755582703111,0.0942993937402303,-0.416036992036247,False,False,,
389,1.0537232,170896.0,1068.1,1068.11875,1068.118892571301,976.0755582703111,0.0942993946740134,0.4160376814859177,False,False,,
390,1.056432,172034.0,1075.2125,1070.31875,1070.3188934879702,976.0755582703111,0.0965533194834487,0.4526773351985724,False,False,,
391,1.0591408,170782.0,1067.3875,1070.5125,1070.512644409896,976.0755582703111,0.0967518194051854,0.046095395411644,False,False,,
392,1.0618496,172273.0,1076.70625,1070.5625,1070.5626453371078,976.0755582703111,0.0968030458976308,0.6287840523525858,False,False,,
393,1.0645584,171251.0,1070.31875,1073.8375,1073.837646269637,976.0755582703111,0.1001583198872107,0.8793519952341278,False,False,,
394,1.0672672,172624.0,1078.9,1075.2125,1075.2126472075129,976.0755582703111,0.1015670232670111,0.2600236905963236,False,False,,
395,1.069976,170706.0,1066.9125,1075.2125,1075.212648150767,976.0755582703111,0.1015670242333853,0.1926540104225687,False,False,,
396,1.0726848,171814.0,1073.8375,1076.23125,1076.23139909943,976.0755582703111,0.1026107456338763,0.1926540124740832,False,False,,
397,1.0753936,172197.0,1076.23125,1076.23125,1076.2314000535328,976.0755582703111,0.1026107466113649,3.61891295597161e-07,False,False,,
398,1.0781024,173429.0,1083.93125,1076.23125,1076.2314010131065,976.0755582703111,0.1026107475944586,3.63966428551521e-07,False,False,,
399,1.0808112,174192.0,1088.7,1076.23125,1076.2314019781825,976.0755582703111,0.1026107485831894,3.66053473754846e-07,False,False,,
400,1.08352,173017.0,1081.35625,1076.23125,1076.2314029487925,976.0755582703111,0.1026107495775899,0.0567327321219579,False,False,,
401,1.0862288,173440.0,1084.0,1076.53125,1076.5314039249683,976.0755582703111,0.1029181038327333,3.7026359578362644e-07,False,False,,
402,1.0889376,170480.0,1065.5,1076.23125,1076.2314049067415,976.0755582703111,0.10261075158353,-0.0567319915826374,False,False,,
403,1.0916464,172980.0,1081.125,1076.23125,1076.2314058941447,976.0755582703111,0.1026107525951352,0.0567327384914868,False,False,,
404,1.0943552,171578.0,1072.3625,1076.53125,1076.5314068872094,976.0755582703111,0.1029181068675814,0.9254470639204548,False,False,,
405,1.097064,171277.0,1070.48125,1081.125,1081.1251578859687,976.0755582703111,0.1076244546086312,0.8687147021109816,False,False,,
406,1.0997728,171379.0,1071.11875,1081.125,1081.1251588904552,976.0755582703111,0.1076244556377384,3.8100182564448914e-07,False,False,,
407,1.1024816,172245.0,1076.53125,1081.125,1081.1251599007014,976.0755582703111,0.1076244566727467,-0.8084358033774954,False,False,,
408,1.1051904,173117.0,1081.98125,1076.85,1076.8501609167406,976.0755582703111,0.1032446738293606,-0.8084358011802024,False,False,,
409,1.1078992,170908.0,1068.175,1076.85,1076.850161938606,976.0755582703111,0.1032446748762729,3.875936940289648e-07,False,False,,
410,1.110608,171167.0,1069.79375,1076.85,1076.850162966331,976.0755582703111,0.1032446759291882,3.898161899940078e-07,False,False,,
411,1.1133168,173131.0,1082.06875,1076.85,1076.850163999949,976.0755582703111,0.103244676988141,0.9609048067833434,False,False,,
412,1.1160256,174917.0,1093.23125,1081.93125,1081.9314150394944,976.0755582703111,0.1084504738104175,0.960904809031458,False,False,,
413,1.1187344,173126.0,1082.0375,1081.93125,1081.9314160850004,976.0755582703111,0.1084504748815498,3.965606190092785e-07,False,False,,
414,1.1214432,173284.0,1083.025,1081.93125,1081.9314171365018,976.0755582703111,0.1084504759588243,3.988345333993948e-07,False,False,,
415,1.124152,172296.0,1076.85,1081.93125,1081.9314181940322,976.0755582703111,0.1084504770422757,-0.2222013577586956,False,False,,
416,1.1268608,175582.0,1097.3875,1080.75625,1080.756419257627,976.0755582703111,0.1072466778830309,4.034216658510559e-07,False,False,,
417,1.1295696,171366.0,1071.0375,1081.93125,1081.931420327321,976.0755582703111,0.1084504792278529,0.2222021646151333,False,False,,
418,1.1322784,173109.0,1081.93125,1081.93125,1081.931421403148,976.0755582703111,0.1084504803300498,4.080615063628557e-07,False,False,,
419,1.1349872,173586.0,1084.9125,1081.93125,1081.9314224851446,976.0755582703111,0.108450481438567,4.1040142662041035e-07,False,False,,
420,1.137696,171582.0,1072.3875,1081.93125,1081.9314235733457,976.0755582703111,0.1084504825534406,4.127547157395384e-07,False,False,,
421,1.1404048,172517.0,1078.23125,1081.93125,1081.931424667786,976.0755582703111,0.1084504836747069,-0.2222013437587051,False,True,288.0,2.0
422,1.1431136,172275.0,1076.71875,1080.75625,1080.7564257685024,976.0755582703111,0.1072466845534934,-0.2222013413782839,False,False,,
423,1.1458224,172921.0,1080.75625,1080.75625,1080.756426875531,976.0755582703111,0.1072466856876559,-0.4101272946328649,False,False,,
424,1.1485312,173251.0,1082.81875,1078.5875,1078.5876779889068,976.0755582703111,0.1050247789220905,4.223036320638585e-07,False,False,,
425,1.15124,172574.0,1078.5875,1080.75625,1080.7564291086671,976.0755582703111,0.1072466879755285,4.247252434197435e-07,False,False,,
426,1.1539488,174773.0,1092.33125,1078.5875,1078.587680234849,976.0755582703111,0.1050247812230823,-0.4774969695817042,False,False,,
427,1.1566576,173325.0,1083.28125,1078.23125,1078.231431367488,976.0755582703111,0.1046598003931227,-0.0673692526035161,False,False,,
428,1.1593664,173552.0,1084.7,1078.23125,1078.2314325066216,976.0755582703111,0.1046598015601775,-0.009454961921282,False,False,,
429,1.1620752,172318.0,1076.9875,1078.18125,1078.1814336522875,976.0755582703111,0.1046085771914179,0.0673701167648737,False,False,,
430,1.164784,171902.0,1074.3875,1078.5875,1078.5876848045227,976.0755582703111,0.105024785904763,4.3704298136049147e-07,False,False,,
431,1.1674928,170995.0,1068.71875,1078.18125,1078.1814359633652,976.0755582703111,0.1046085795591421,-0.0768246366594702,False,False,,
432,1.1702016,173532.0,1084.575,1078.18125,1078.1814371288526,976.0755582703111,0.1046085807531966,-0.0815523311364714,False,False,,
433,1.1729104,171870.0,1074.1875,1077.75,1077.7501883010232,976.0755582703111,0.1041667616499771,-0.2257470870238549,False,False,,
434,1.1756192,171660.0,1072.875,1076.9875,1076.987689479915,976.0755582703111,0.1033855733345362,-0.3947622521332263,False,False,,
435,1.178328,172509.0,1078.18125,1075.6625,1075.662690665567,976.0755582703111,0.10202809767282,-0.4916800380167814,False,False,,
436,1.1810368,170801.0,1067.50625,1074.3875,1074.387691858018,976.0755582703111,0.1007218475605764,-0.2411120945731895,False,False,,
437,1.1837456,173028.0,1081.425,1074.3875,1074.3876930573065,976.0755582703111,0.1007218487892604,-0.0378211210893297,False,False,,
438,1.1864544,172440.0,1077.75,1074.1875,1074.187694263472,976.0755582703111,0.1005169478549629,0.2411130043686711,False,False,,
439,1.1891632,172619.0,1078.86875,1075.6625,1075.6626954765536,976.0755582703111,0.1020281026017281,0.2789345829716581,False,False,,
440,1.191872,170973.0,1068.58125,1075.6625,1075.6626966965914,976.0755582703111,0.10202810385167,0.3947631620476883,False,False,,
441,1.1945808,171850.0,1074.0625,1077.75,1077.7501979236254,976.0755582703111,0.1041667715084375,0.4763159379072519,False,False,,
442,1.1972896,172106.0,1075.6625,1078.18125,1078.1814491576952,976.0755582703111,0.1046085930768763,0.2115649087188167,False,False,,
443,1.1999984,171450.0,1071.5625,1078.86875,1078.8689503988417,976.0755582703111,0.1053129455579125,0.1300121381968537,False,False,,
444,1.2027072,172642.0,1079.0125,1078.86875,1078.8689516471047,976.0755582703111,0.1053129468367716,-0.2115639671695142,False,False,,
445,1.205416,171564.0,1072.275,1077.75,1077.7502029025256,976.0755582703111,0.1041667766093748,-0.6063266637416795,False,False,,
446,1.2081248,172957.0,1080.98125,1075.6625,1075.6627041651454,976.0755582703111,0.1020281115032847,-0.3947622203752914,False,False,,
447,1.2108336,172667.0,1079.16875,1075.6625,1075.6627054350051,976.0755582703111,0.1020281128042697,4.816580094768597e-07,False,False,,
448,1.2135424,173017.0,1081.35625,1075.6625,1075.6627067121467,976.0755582703111,0.1020281141127151,4.844199494868917e-07,False,False,,
449,1.2162512,173918.0,1086.9875,1075.6625,1075.6627079966115,976.0755582703111,0.1020281154286632,-0.0933715285018905,False,False,,
450,1.21896,173625.0,1085.15625,1075.16875,1075.168959288442,976.0755582703111,0.1015222645199032,-0.0933715257081715,False,False,,
451,1.2216688,171638.0,1072.7375,1075.16875,1075.16896058768,976.0755582703111,0.1015222658509866,4.928011101412721e-07,False,False,,
452,1.2243776,172027.0,1075.16875,1075.16875,1075.1689618943678,976.0755582703111,0.1015222671897025,0.1560144965427348,False,False,,
453,1.2270864,171766.0,1073.5375,1075.99375,1075.9939632085484,976.0755582703111,0.1023674899874565,0.1560144993847885,False,False,,
454,1.2297952,172159.0,1075.99375,1075.99375,1075.993964530265,976.0755582703111,0.1023674913415695,-0.1560134995885995,False,False,,
455,1.232504,171621.0,1072.63125,1075.16875,1075.1689658595603,976.0755582703111,0.1015222712520852,-0.464495725797601,False,False,,
456,1.2352128,169979.0,1062.36875,1073.5375,1073.537717196478,976.0755582703111,0.0998510392974884,-0.3959441164433457,False,False,,
457,1.2379216,171272.0,1070.45,1073.075,1073.0752185410622,976.0755582703111,0.0993772044068418,-0.0874618844519226,False,False,,
458,1.2406304,171606.0,1072.5375,1073.075,1073.0752198933562,976.0755582703111,0.0993772057922817,0.0874629073781285,False,False,,
459,1.2433392,173605.0,1085.03125,1073.5375,1073.5377212534045,976.0755582703111,0.0998510434538535,0.0874629103193775,False,False,,
460,1.246048,172590.0,1078.6875,1073.5375,1073.5377226212518,976.0755582703111,0.0998510448552279,-0.0874618756281897,False,False,,
461,1.2487568,173020.0,1081.375,1073.075,1073.0752239969424,976.0755582703111,0.0993772099964502,-0.0874618726531402,False,False,,
462,1.2514656,171692.0,1073.075,1073.075,1073.0752253805215,976.0755582703111,0.0993772114139422,0.8521679085822171,False,False,,
463,1.2541744,171609.0,1072.55625,1077.58125,1077.5814767720344,976.0755582703111,0.1039939148579852,1.0613685037286338,False,False,,
464,1.2568832,171306.0,1070.6625,1078.6875,1078.6877281715265,976.0755582703111,0.1051272814197424,0.2092011229647568,False,False,,
465,1.259592,173998.0,1087.4875,1078.6875,1078.6877295790437,976.0755582703111,0.105127282861759,5.338714004210487e-07,False,False,,
466,1.2623008,172700.0,1079.375,1078.6875,1078.6877309946317,976.0755582703111,0.1051272843120441,-0.2092000552044979,False,False,,
467,1.2650096,173656.0,1085.35,1077.58125,1077.5814824183367,976.0755582703111,0.1039939206426831,-0.2375662341102966,False,False,,
468,1.2677184,170665.0,1066.65625,1077.43125,1077.4314838502055,976.0755582703111,0.1038402454821282,-0.5283195963570151,False,False,,
469,1.2704272,172693.0,1079.33125,1074.7875,1074.7877352902851,976.0755582703111,0.1011316963974594,-0.4999534112580477,False,False,,
470,1.273136,172413.0,1077.58125,1074.7875,1074.7877367386225,976.0755582703111,0.1011316978812967,5.493545600643301e-07,False,False,,
471,1.2758448,174781.0,1092.38125,1074.7875,1074.7877381952649,976.0755582703111,0.1011316993736427,5.525046482546259e-07,False,False,,
472,1.2785536,172389.0,1077.43125,1074.7875,1074.7877396602598,976.0755582703111,0.1011317008745459,-0.1099183995179231,False,False,,
473,1.2812624,171498.0,1071.8625,1074.20625,1074.2064911336554,976.0755582703111,0.1005362054524144,-0.1099183963315866,False,False,,
474,1.2839712,171455.0,1071.59375,1074.20625,1074.2064926154997,976.0755582703111,0.1005362069705799,-0.1761061510912469,False,False,,
475,1.28668,171966.0,1074.7875,1073.275,1073.2752441058412,976.0755582703111,0.0995821327682624,5.652867365313341e-07,False,False,,
476,1.2893888,171026.0,1068.9125,1074.20625,1074.2064956047284,976.0755582703111,0.1005362100330772,5.685281685430255e-07,False,False,,
477,1.2920976,171333.0,1070.83125,1073.275,1073.2752471122108,976.0755582703111,0.0995821358483206,-0.4432210217227421,False,False,,
478,1.2948064,170760.0,1067.25,1071.8625,1071.8627486283372,976.0755582703111,0.0981350158257921,-0.3179370480115828,False,False,,
479,1.2975152,170557.0,1065.98125,1071.59375,1071.5940001531574,976.0755582703111,0.097859680097013,-0.195016922780308,False,False,,
480,1.300224,171873.0,1074.20625,1070.83125,1070.8315016867211,976.0755582703111,0.0970784921449374,-0.1441941767412728,False,False,,
481,1.3029328,172142.0,1075.8875,1070.83125,1070.8315032290786,976.0755582703111,0.0970784937250994,-0.362850159537885,False,False,,
482,1.3056416,171724.0,1073.275,1068.9125,1068.9127547802805,976.0755582703111,0.095112715120625,-0.570868824071102,False,False,,
483,1.3083504,173876.0,1086.725,1067.8125,1067.812756340377,976.0755582703111,0.0939857547838119,-0.3143912585856334,False,False,,
484,1.3110592,170012.0,1062.575,1067.25,1067.2502579094194,976.0755582703111,0.0934094690381115,-0.3463032099251677,False,False,,
485,1.313768,169848.0,1061.55,1065.98125,1065.981509487459,976.0755582703111,0.0921096225137212,-0.2399300240698956,False,False,,
486,1.3164768,170528.0,1065.8,1065.98125,1065.9815110745476,976.0755582703111,0.0921096241397103,-0.0342752012486968,False,False,,
487,1.3191856,170850.0,1067.8125,1065.8,1065.8002626707366,976.0755582703111,0.0919239331834363,-0.0342751977968056,False,False,,
488,1.3218944,172458.0,1077.8625,1065.8,1065.8002642760785,976.0755582703111,0.0919239348281264,-0.4195824996173343,False,False,,
489,1.3246032,168735.0,1054.59375,1063.58125,1063.5815158906255,976.0755582703111,0.0896508030335094,-0.5531399363036371,False,False,,
490,1.327312,170060.0,1062.875,1062.875,1062.8752675144317,976.0755582703111,0.0889272439092078,-0.1335568242683109,False,False,,
491,1.3300208,168824.0,1055.15,1062.875,1062.875269147548,976.0755582703111,0.0889272455823533,0.133558059619304,False,False,,
492,1.3327296,170173.0,1063.58125,1063.58125,1063.5815207900291,976.0755582703111,0.0896508080530014,0.1335580631712964,False,False,,
493,1.3354384,170734.0,1067.0875,1063.58125,1063.5815224419284,976.0755582703111,0.0896508097453901,-0.1335568136122695,False,False,,
494,1.3381472,169891.0,1061.81875,1062.875,1062.8752741033004,976.0755582703111,0.0889272506595755,-0.3273923869148589,False,False,,
495,1.340856,170821.0,1067.63125,1061.85,1061.8502757741987,976.0755582703111,0.0878771287500401,-0.1997445643702633,False,False,,
496,1.3435648,169036.0,1056.475,1061.81875,1061.8190274546785,976.0755582703111,0.0878451145076431,6.374061776170947e-07,False,False,,
497,1.3462736,169896.0,1061.85,1061.85,1061.8502791447945,976.0755582703111,0.0878771322032518,6.410611526064258e-07,False,False,,
498,1.3489824,171272.0,1070.45,1061.81875,1061.8190308446017,976.0755582703111,0.087845117980656,-0.0059089765096658,False,False,,
499,1.3516912,170578.0,1066.1125,1061.81875,1061.819032554156,976.0755582703111,0.0878451197321131,-0.1831976102169683,False,False,,
500,1.3544,168636.0,1053.975,1060.85,1060.8502842735131,976.0755582703111,0.0868526266075444,-0.1831976064987905,False,False,,
501,1.3571088,169736.0,1060.85,1060.85,1060.8502860027293,976.0755582703111,0.0868526283791451,-0.8131632276694916,False,False,,
502,1.3598176,168811.0,1055.06875,1056.55,1056.5502877418614,976.0755582703111,0.0824472335053223,-0.8273463149008045,False,False,,
503,1.3625264,169048.0,1056.55,1056.475,1056.475289490966,976.0755582703111,0.0823703969835386,-0.2801153836633681,False,False,,
504,1.3652352,170501.0,1065.63125,1055.06875,1055.0690412501,976.0755582703111,0.0809296804027876,-0.472769032505191,False,False,,
505,1.367944,168549.0,1053.43125,1053.975,1053.9752930193215,976.0755582703111,0.0798091234730384,-0.3096634822670463,False,False,,
506,1.3706528,167067.0,1044.16875,1053.43125,1053.431544798688,976.0755582703111,0.0792520475212576,-0.2706599781900767,False,False,,
507,1.3733616,167125.0,1044.53125,1052.54375,1052.5440465882575,976.0755582703111,0.0783427959751959,-0.1678325646254688,False,False,,
508,1.3760704,169901.0,1061.88125,1052.54375,1052.544048388089,976.0755582703111,0.0783427978191427,6.82676311924979e-07,False,False,,
509,1.3787792,167676.0,1047.975,1052.54375,1052.5440501982412,976.0755582703111,0.0783427996736631,-0.6394203323142236,False,False,,
510,1.381488,166974.0,1043.5875,1049.1625,1049.1628020187727,976.0755582703111,0.0748786742267968,-0.6394203283772271,False,False,,
511,1.3841968,167159.0,1044.74375,1049.1625,1049.1628038497436,976.0755582703111,0.0748786761026463,-0.2245649128913811,False,False,,
512,1.3869056,167866.0,1049.1625,1047.975,1047.9753056912136,976.0755582703111,0.0736620713547164,-0.5212278954990257,False,False,,
513,1.3896144,168407.0,1052.54375,1046.40625,1046.4065575432433,976.0755582703111,0.0720548718559908,-0.2966622841149782,False,False,,
514,1.3923232,166588.0,1041.175,1046.40625,1046.4065594058925,976.0755582703111,0.0720548737642951,7.065031795150389e-07,False,False,,
515,1.395032,168665.0,1054.15625,1046.40625,1046.4065612792228,976.0755582703111,0.0720548756835424,-0.2836611092926606,False,False,,
516,1.3977408,170074.0,1062.9625,1044.90625,1044.9065631632948,976.0755582703111,0.0705181113385913,-0.3143911357016442,False,False,,
517,1.4004496,167185.0,1044.90625,1044.74375,1044.7440650581707,976.0755582703111,0.0703516302667652,-0.0307293117567581,False,False,,
518,1.4031584,168082.0,1050.5125,1044.74375,1044.744066963912,976.0755582703111,0.0703516322192179,-0.4444027949124365,False,False,,
519,1.4058672,166783.0,1042.39375,1042.39375,1042.394068880581,976.0755582703111,0.0679440336850476,-0.551957897459447,False,False,,
520,1.408576,167425.0,1046.40625,1041.825,1041.825320808241,976.0755582703111,0.0673613451139417,-0.1193736180239639,False,False,,
521,1.4112848,166628.0,1041.425,1041.7625,1041.7628227469545,976.0755582703111,0.067297315172041,-0.0118185071393739,False,False,,
522,1.4139936,166682.0,1041.7625,1041.7625,1041.7628246967847,976.0755582703111,0.0672973171696634,-0.0638231698946896,False,False,,
523,1.4167024,164524.0,1028.275,1041.425,1041.4253266577955,976.0755582703111,0.0669515467668195,-0.2635683637961676,False,False,,
524,1.4194112,166692.0,1041.825,1040.36875,1040.3690786300513,976.0755582703111,0.0658694092019613,-0.4928616639073091,False,False,,
525,1.42212,166211.0,1038.81875,1038.81875,1038.8190806136165,976.0755582703111,0.0642814194164352,-0.9325374803805636,False,False,,
526,1.4248288,166459.0,1040.36875,1035.4375,1035.4378326085557,976.0755582703111,0.0608172941482516,-1.2953882206206888,False,False,,
527,1.4275376,164311.0,1026.94375,1031.96875,1031.9690846149342,976.0755582703111,0.0572635241924006,-0.8710774107606323,False,False,,
528,1.4302464,163946.0,1024.6625,1030.83125,1030.8315866328176,976.0755582703111,0.0560981451677149,-0.3474849639291566,False,False,,
529,1.4329552,165670.0,1035.4375,1030.13125,1030.131588662272,976.0755582703111,0.0553809896518181,-0.1323747461562892,False,False,,
530,1.435664,165115.0,1031.96875,1030.13125,1030.1315907033636,976.0755582703111,0.0553809917429386,0.1323762901149887,False,False,,
531,1.4383728,164821.0,1030.13125,1030.83125,1030.8315927561594,976.0755582703111,0.056098151441145,7.786257025799159e-07,False,False,,
532,1.4410816,163415.0,1021.34375,1030.13125,1030.131594820726,976.0755582703111,0.0553809959612212,-0.7351561000130626,False,False,,
533,1.4437904,163689.0,1023.05625,1026.94375,1026.9440968971317,976.0755582703111,0.0521153697537143,-1.0341829306114594,False,False,,
534,1.4464992,163044.0,1019.025,1024.6625,1024.6628489854434,976.0755582703111,0.0497782065163407,-0.7351560910065409,False,False,,
535,1.449208,164933.0,1030.83125,1023.05625,1023.0566010857302,976.0755582703111,0.0481325881150772,-0.323846447686229,False,False,,
536,1.4519168,163399.0,1021.24375,1022.95,1022.9503531980604,976.0755582703111,0.0480237360013556,-0.0460942445180094,False,False,,
537,1.4546256,165138.0,1032.1125,1022.8125,1022.8128553225032,976.0755582703111,0.0478828679359764,-0.1170096948855228,False,False,,
538,1.4573344,165020.0,1031.375,1022.33125,1022.3316074591276,976.0755582703111,0.0473898242783438,-0.2777513881782187,False,False,,
539,1.4600432,163310.0,1020.6875,1021.34375,1021.344109608004,976.0755582703111,0.0463781220153821,-0.2056540043199888,False,False,,
540,1.462752,163672.0,1022.95,1021.24375,1021.2441117692024,976.0755582703111,0.0462756731445399,-0.1241012264401977,False,False,,
541,1.4654608,163573.0,1022.33125,1020.6875,1020.6878639427936,976.0755582703111,0.0457057912110197,-0.105190433749831,False,False,,
542,1.4681696,163650.0,1022.8125,1020.6875,1020.6878661288488,976.0755582703111,0.0457057934506568,-0.1548312474955508,False,False,,
543,1.4708784,162795.0,1017.46875,1019.86875,1019.8691183274389,976.0755582703111,0.0448669774445879,-0.6086901544961911,False,False,,
544,1.4735872,162745.0,1017.15625,1017.46875,1017.4691205386362,976.0755582703111,0.0424081536696583,-0.5129542855159377,False,False,,
545,1.476296,162128.0,1013.3,1017.15625,1017.1566227625128,976.0755582703111,0.0420879963073768,-0.3439391130477593,False,False,,
546,1.4790048,162504.0,1015.65,1015.65,1015.6503749991418,976.0755582703111,0.0405448291308108,-0.729246413503092,False,False,,
547,1.4817136,160972.0,1006.075,1013.3,1013.300377248596,976.0755582703111,0.0381372309375825,-0.4444026645420766,False,False,,
548,1.4844224,160836.0,1005.225,1013.3,1013.3003795109488,976.0755582703111,0.0381372332553877,-0.8308918891911423,False,False,,
549,1.4871312,163179.0,1019.86875,1008.90625,1008.9066317862746,976.0755582703111,0.0336357910387007,-0.8308918842706179,False,False,,
550,1.48984,160050.0,1000.3125,1008.90625,1008.9066340746474,976.0755582703111,0.0336357933831634,-0.4763146045130062,False,False,,
551,1.4925488,160484.0,1003.025,1006.3875,1006.3878863761424,976.0755582703111,0.0310553090372912,-0.4763145995358213,False,False,,
552,1.4952576,160039.0,1000.24375,1006.3875,1006.3878886908344,976.0755582703111,0.0310553114087182,-0.0590953345051277,False,False,,
553,1.4979664,160879.0,1005.49375,1006.075,1006.0753910187992,976.0755582703111,0.0307351541530762,-0.1690142846614692,False,False,,
554,1.5006752,161425.0,1008.90625,1005.49375,1005.494143360113,976.0755582703111,0.0301396596201363,-0.1607408098526512,False,False,,
555,1.503384,162568.0,1016.05,1005.225,1005.2253957148524,976.0755582703111,0.0298643247416185,-0.4668591853452666,False,False,,
556,1.5060928,159960.0,999.75,1003.025,1003.0253980830944,976.0755582703111,0.0276104032976098,-0.4160364375011616,False,False,,
557,1.5088016,161918.0,1011.9875,1003.025,1003.0254004649162,976.0755582703111,0.0276104057378122,9.034253718454012e-07,False,False,,
558,1.5115104,161022.0,1006.3875,1003.025,1003.0254028603958,976.0755582703111,0.0276104081920071,-0.2257466230224984,False,False,,
559,1.5142192,161111.0,1006.94375,1001.83125,1001.8316552696116,976.0755582703111,0.0263874008329255,-0.2257466178123799,False,False,,
560,1.516928,160075.0,1000.46875,1001.83125,1001.8316576926424,976.0755582703111,0.0263874033153469,-0.2576585673051674,False,False,,
561,1.5196368,158953.0,993.45625,1000.46875,1000.4691601295672,976.0755582703111,0.0249915097786932,-0.3935798507118324,False,False,,
562,1.5223456,159520.0,997.0,999.75,999.7504125804658,976.0755582703111,0.0242551451161305,-0.6216912255385592,False,False,,
563,1.5250544,159466.0,996.6625,997.18125,997.1816650454184,976.0755582703111,0.0216234353952155,-0.5200457347627152,False,False,,
564,1.5277632,161002.0,1006.2625,997.0,997.0004175245052,976.0755582703111,0.02143774534348,-0.0980987723790378,False,False,,
565,1.530472,160293.0,1001.83125,996.6625,996.662920017808,976.0755582703111,0.0210919754859748,-0.3498486321013323,False,False,,
566,1.5331808,159549.0,997.18125,995.15,995.1504225254076,976.0755582703111,0.0195424053942079,-0.5755961583067117,False,False,,
567,1.5358896,158979.0,993.61875,993.61875,993.6191750473862,976.0755582703111,0.0179736257387324,-0.320300514990429,False,False,,
568,1.5385984,157893.0,986.83125,993.45625,993.4566775838264,976.0755582703111,0.0178071453241958,-0.8261640882323729,False,False,,
569,1.5413072,158280.0,989.25,989.25,989.2504301348108,976.0755582703111,0.0134977991743248,-1.0412742960996333,False,False,,
570,1.544016,157383.0,983.64375,987.95,987.9504327004234,976.0755582703111,0.0121659376976465,-0.4574037113661644,False,False,,
571,1.5467248,157734.0,985.8375,986.83125,986.8316852807476,976.0755582703111,0.0110197688276274,-0.3994894175672723,False,False,,
572,1.5494336,159224.0,995.15,985.8375,985.8379378758676,976.0755582703111,0.0100016638290341,-0.602780382845491,False,False,,
573,1.5521424,158072.0,987.95,983.64375,983.6441904858688,976.0755582703111,0.0077541458255237,-0.4680410127738303,False,False,,
574,1.5548512,157101.0,981.88125,983.3625,983.362943110836,976.0755582703111,0.0074660048382306,-0.1820153387513499,False,False,,
575,1.55756,156349.0,977.18125,982.68125,982.6816957508556,976.0755582703111,0.0067680595263043,-0.2801150457391914,False,False,,
576,1.5602688,156343.0,977.14375,981.88125,981.8816984060134,976.0755582703111,0.005948453566434,-0.2635681005061338,False,False,,
577,1.5629776,157006.0,981.2875,981.2875,981.2879510763964,976.0755582703111,0.0053401529850023,-0.1122817908128371,False,False,,
578,1.5656864,155641.0,972.75625,981.2875,981.2879537620915,976.0755582703111,0.0053401557365263,-0.4916794690502269,False,False,,
579,1.5683952,156584.0,978.65,978.6875,978.6879564631872,976.0755582703111,0.0026764302934759,-0.4916794632088834,False,False,,
580,1.571104,157338.0,983.3625,978.6875,978.6879591797716,976.0755582703111,0.002676433076646,-0.0070905150953691,False,False,,
581,1.5738128,157229.0,982.68125,978.65,978.6504619119332,976.0755582703111,0.0026380167188952,-0.2848427077871029,False,False,,
582,1.5765216,156590.0,978.6875,977.18125,977.1817146597616,976.0755582703111,0.0011332692229387,1.0422517044417212e-06,False,False,,
583,1.5792304,154611.0,966.31875,978.65,978.6504674233468,976.0755582703111,0.002638022365398,0.2777532468284078,False,False,,
584,1.5819392,155048.0,969.05,978.65,978.6504702027788,976.0755582703111,0.0026380252129562,-0.3947616450481638,False,False,,
585,1.584648,157153.0,982.20625,976.5625,976.5629729981484,976.0755582703111,0.0004993616771849,-0.3947616390029674,False,False,,
586,1.5873568,155776.0,973.6,976.5625,976.5629758095472,976.0755582703111,0.0004993645574935,-0.5602310278338882,False,False,,
587,1.5900656,157158.0,982.2375,973.6,973.6004786370672,976.0755582703111,-0.0025357459392079,-1.4206718752551717,False,False,,
588,1.5927744,153515.0,959.46875,969.05,969.0504814808006,976.0755582703111,-0.0071972673938887,-1.1701039282404957,False,False,,
589,1.5954832,156250.0,976.5625,967.4125,967.4129843408408,976.0755582703111,-0.0088749009808435,-0.3096630685194312,False,False,,
590,1.598192,156649.0,979.05625,967.4125,967.4129872172808,976.0755582703111,-0.0088748980338995,1.0910340988434797e-06,False,False,,
591,1.6009008,153661.0,960.38125,967.4125,967.4129901102148,976.0755582703111,-0.0088748950700571,-0.33448346527935,False,False,,
592,1.6036096,154503.0,965.64375,965.64375,965.6442430197374,976.0755582703111,-0.0106869956553968,-0.586233324101533,False,False,,
593,1.6063184,154786.0,967.4125,964.3125,964.3129959459436,976.0755582703111,-0.0120508727267095,-0.2517487552037283,False,False,,
594,1.6090272,154290.0,964.3125,964.3125,964.3129988889297,976.0755582703111,-0.0120508697115885,1.1162749395943194e-06,False,False,,
595,1.611736,153983.0,962.39375,964.3125,964.313001848791,976.0755582703111,-0.0120508666791784,1.1226758593885222e-06,False,False,,
596,1.6144448,153770.0,961.0625,964.3125,964.313004825625,976.0755582703111,-0.0120508636293798,-0.3628496154408145,False,False,,
597,1.6171536,155663.0,972.89375,962.39375,962.3942578195284,976.0755582703111,-0.0140166407557906,-0.5247732311289486,False,False,,
598,1.6198624,153846.0,961.5375,961.5375,961.5380108305998,976.0755582703111,-0.0148938750863439,-0.1619224800629508,False,False,,
599,1.6225712,152767.0,954.79375,961.5375,961.538013858937,976.0755582703111,-0.0148938719837796,-0.0898250943028093,False,False,,
600,1.62528,152662.0,954.1375,961.0625,961.0630169046392,976.0755582703111,-0.0153805115172389,-0.4503119837718619,False,False,,
601,1.6279888,154574.0,966.0875,959.15625,959.1567699678062,976.0755582703111,-0.017333482187062,-1.185468860251062,False,False,,
602,1.6306976,154622.0,966.3875,954.79375,954.794273048538,976.0755582703111,-0.0218029076145349,-0.9490840037162084,False,False,,
603,1.6334064,152372.0,952.325,954.1375,954.1380261469352,976.0755582703111,-0.0224752396855948,-0.4668589032757326,False,False,,
604,1.6361152,153465.0,959.15625,952.325,952.3255292630992,976.0755582703111,-0.0243321624089215,-0.4562215782925456,False,False,,
605,1.638824,151290.0,945.5625,951.725,951.7255323971318,976.0755582703111,-0.0249468657081525,-0.1359200999376719,False,False,,
606,1.6415328,152276.0,951.725,951.60625,951.6067855491356,976.0755582703111,-0.0250685231423439,-0.4042168977265339,False,False,,
607,1.6442416,152257.0,951.60625,949.5875,949.5880387192136,976.0755582703111,-0.0271367511732757,-0.3817603301331083,False,False,,
608,1.6469504,151471.0,946.69375,949.5875,949.5880419074696,976.0755582703111,-0.027136747906873,-0.0661865486584387,False,False,,
609,1.6496592,151878.0,949.2375,949.2375,949.2380451140072,976.0755582703111,-0.0274953234192876,-0.5295008474741447,False,False,,
610,1.652368,151048.0,944.05,946.7875,946.788048338932,976.0755582703111,-0.0300053716981492,-0.4633130825356799,False,False,,
611,1.6550768,151486.0,946.7875,946.7875,946.7880515823492,976.0755582703111,-0.0300053683752332,-0.0177276335118801,False,False,,
612,1.6577856,150840.0,942.75,946.69375,946.6943048443646,976.0755582703111,-0.0301014129254631,1.2372829232276672e-06,False,False,,
613,1.6604944,151934.0,949.5875,946.7875,946.7880581250852,976.0755582703111,-0.0300053616721292,1.2443777261950115e-06,False,False,,
614,1.6632032,150380.0,939.875,946.69375,946.6943114246178,976.0755582703111,-0.0301014061839224,-0.0177276122272127,False,False,,
615,1.665912,152013.0,950.08125,946.69375,946.6943147430708,976.0755582703111,-0.0301014027841314,-0.1914704697071432,False,False,,
616,1.6686208,151309.0,945.68125,945.68125,945.681818080552,976.0755582703111,-0.0311387166006077,-0.499952691573224,False,False,,
617,1.6713296,149455.0,934.09375,944.05,944.0505714371712,976.0755582703111,-0.0328099464859985,-0.5543211997849182,False,False,,
618,1.6740384,152384.0,952.4,942.75,942.750574813038,976.0755582703111,-0.0341418071325624,-0.789524118107507,False,False,,
619,1.6767472,150312.0,939.45,939.875,939.8755782082626,976.0755582703111,-0.0370872723482576,-0.6240547158542986,False,False,,
620,1.679456,151520.0,947.0,939.45,939.4505816229562,976.0755582703111,-0.0375226859611746,-0.0803695537629218,False,False,,
621,1.6821648,150172.0,938.575,939.45,939.45058505723,976.0755582703111,-0.0375226824427237,1.3026205740729324e-06,False,False,,
622,1.6848736,152065.0,950.40625,939.45,939.4505885111968,976.0755582703111,-0.0375226789040973,1.3100900417839512e-06,False,False,,
623,1.6875824,149733.0,935.83125,939.45,939.4505919849692,976.0755582703111,-0.0375226753451799,1.3176023561101149e-06,False,False,,
624,1.6902912,149871.0,936.69375,939.45,939.4505954786608,976.0755582703111,-0.0375226717658548,1.4277658183876074,False,False,,
625,1.693,149866.0,936.6625,947.0,947.000598992386,976.0755582703111,-0.0297876112474823,1.427765825986305,False,False,,
626,1.6957088,149035.0,931.46875,947.0,947.0006025262594,976.0755582703111,-0.0297876076269906,0.0886456591009068,False,False,,
627,1.6984176,149555.0,934.71875,947.46875,947.4693560803968,976.0755582703111,-0.0293073645247373,0.3983098201200379,False,False,,
628,1.7011264,153305.0,958.15625,949.10625,949.1068596549144,976.0755582703111,-0.0276297243455083,0.5555057530154235,False,False,,
629,1.7038352,151857.0,949.10625,950.40625,950.4068632499288,976.0755582703111,-0.026297856557201,0.8332579593900764,False,False,,
630,1.706544,153103.0,956.89375,953.5125,953.5131168655578,976.0755582703111,-0.0231154660247164,0.759978663748667,False,False,,
631,1.7092528,151595.0,947.46875,954.425,954.4256205019192,976.0755582703111,-0.0221805961484759,0.6394223981776466,False,False,,
632,1.7119616,152708.0,954.425,956.89375,956.8943741591326,976.0755582703111,-0.0196513312403492,0.7056101640509733,False,False,,
633,1.7146704,152562.0,953.5125,958.15625,958.1568778373168,976.0755582703111,-0.0183578825237134,1.631056859256261,False,False,,
634,1.7173792,154483.0,965.51875,965.51875,965.5193815365926,976.0755582703111,-0.0108149175996426,2.047094203031892,False,False,,
635,1.720088,155037.0,968.98125,968.98125,968.9818852570808,976.0755582703111,-0.0072675449693679,0.8438953252265298,True,False,635.0,3.0
636,1.7227968,157126.0,982.0375,969.98125,969.981888998903,976.0755582703111,-0.0062430302856951,0.9041734700360528,False,False,,
637,1.7255056,155802.0,973.7625,973.7625,973.7631427621814,976.0755582703111,-0.0023690947781006,1.407673208402884,False,False,,
638,1.7282144,156388.0,977.425,977.425,977.4256465470388,976.0755582703111,0.0013831800881482,0.947904683585868,False,False,,
639,1.7309232,155197.0,969.98125,978.775,978.7756503535998,976.0755582703111,0.002766273635694,0.2990282789178329,False,False,,
640,1.733632,156641.0,979.00625,979.00625,979.0069041819884,976.0755582703111,0.0030031956920134,0.6169659102755761,False,False,,
641,1.7363408,157415.0,983.84375,982.0375,982.0381580323292,976.0755582703111,0.0061087481512028,0.9148108294415632,False,False,,
642,1.7390496,157635.0,985.21875,983.84375,983.8444119047488,976.0755582703111,0.0079592748415959,0.6016009117348726,False,False,,
643,1.7417584,156604.0,978.775,985.21875,985.2194157993736,976.0755582703111,0.0093679812506176,1.051914059164475,False,False,,
644,1.7444672,158305.0,989.40625,989.40625,989.406919716331,976.0755582703111,0.0136581244485253,1.0105467189075266,False,False,,
645,1.7471759999999998,159146.0,994.6625,990.5625,990.563173655749,976.0755582703111,0.0148427191549709,0.4172207542467503,False,False,,
646,1.7498848,158658.0,991.6125,991.6125,991.6131776177562,976.0755582703111,0.0159184596067325,0.464497732789392,False,False,,
647,1.7525936,158883.0,993.01875,993.01875,993.0194316024824,976.0755582703111,0.0173591820721308,0.5578697571063524,False,False,,
648,1.7553024,158490.0,990.5625,994.5625,994.5631856100576,976.0755582703111,0.0189407748028318,0.3108475976562745,False,False,,
649,1.7580112,159661.0,997.88125,994.6625,994.6631896406132,976.0755582703111,0.0190432300171934,0.3876726825812158,False,False,,
650,1.7607199999999998,160415.0,1002.59375,996.6125,996.6131936942808,976.0755582703111,0.0210410303279838,0.6086925259783782,False,False,,
651,1.7634288,159458.0,996.6125,997.88125,997.8819477711928,976.0755582703111,0.0223408826459338,1.1311030530133337,False,False,,
652,1.7661376,159130.0,994.5625,1002.59375,1002.5944518714824,976.0755582703111,0.0271688942279887,0.8959001362573318,False,False,,
653,1.7688464,161114.0,1006.9625,1002.61875,1002.619455995284,976.0755582703111,0.0271945112241215,0.8261666144629958,False,False,,
654,1.7715552,160419.0,1002.61875,1006.9625,1006.9632101427322,976.0755582703111,0.0316447344785034,2.5316833152624616,False,False,,
655,1.7742639999999998,162671.0,1016.69375,1016.00625,1016.0069643139628,976.0755582703111,0.0409101587528872,1.710245970976108,False,False,,
656,1.7769728,162561.0,1016.00625,1016.00625,1016.006968509112,976.0755582703111,0.040910163050863,0.1252855616531052,False,False,,
657,1.7796816,162667.0,1016.66875,1016.66875,1016.6694727283168,976.0755582703111,0.041588905811699,0.1300132677748822,False,False,,
658,1.7823904,164688.0,1029.3,1016.69375,1016.6944769717152,976.0755582703111,0.0416145229303602,0.2848453536180573,False,False,,
659,1.7850992,163802.0,1023.7625,1018.175,1018.1757312394463,976.0755582703111,0.0431320839994602,1.336757944780138,False,False,,
660,1.7878079999999998,162908.0,1018.175,1023.7625,1023.7632355316496,976.0755582703111,0.0488565427720009,1.6263293951561808,False,False,,
661,1.7905168,164937.0,1030.85625,1026.775,1026.7757398484648,976.0755582703111,0.0519428861306583,0.5696891255613661,False,False,,
662,1.7932256,164632.0,1028.95,1026.775,1026.7757441900335,976.0755582703111,0.0519428905786425,0.0815544199636484,False,False,,
663,1.7959344,162517.0,1015.73125,1027.20625,1027.2069985564976,976.0755582703111,0.0523847153562533,0.2233853393299441,False,False,,
664,1.7986432,164967.0,1031.04375,1027.95625,1027.9570029479996,976.0755582703111,0.0531531029929964,0.3297585312695847,False,False,,
665,1.8013519999999998,164284.0,1026.775,1028.95,1028.9507573646838,976.0755582703111,0.0541712151752594,1.6752488622984174e-06,False,False,,
666,1.8040608,164871.0,1030.44375,1027.95625,1027.9570118066936,976.0755582703111,0.0531531120688245,-0.1879242707936033,False,False,,
667,1.8067696,164353.0,1027.20625,1027.95625,1027.9570162741752,976.0755582703111,0.0531531166458079,0.1879276501649798,False,False,,
668,1.8094784,164473.0,1027.95625,1028.95,1028.9507707672738,976.0755582703111,0.0541712289063582,0.1879276598816144,False,False,,
669,1.8121872,164137.0,1025.85625,1028.95,1028.9507752861368,976.0755582703111,0.0541712335359825,0.2824816096030318,False,False,,
670,1.814896,165368.0,1033.55,1030.44375,1030.4445298309115,976.0755582703111,0.0557016012745436,0.3959463473702982,False,False,,
671,1.8176048,166213.0,1038.83125,1031.04375,1031.0445344017476,976.0755582703111,0.0563163124674958,0.5874180856518212,False,False,,
672,1.8203136,165738.0,1035.8625,1033.55,1033.550788998793,976.0755582703111,0.0588839974953708,0.9112653399185824,False,False,,
673,1.8230224,163692.0,1023.075,1035.8625,1035.8632936221989,976.0755582703111,0.0612531835730386,0.8533510616983726,False,False,,
674,1.8257312,164247.0,1026.54375,1038.0625,1038.0632982721163,976.0755582703111,0.0635071122072278,0.5614157821615997,False,False,,
675,1.82844,167222.0,1045.1375,1038.83125,1038.8320529486973,976.0755582703111,0.0642947097144773,0.2103842902143089,False,False,,
676,1.8311488,166268.0,1039.175,1039.175,1039.1758076520946,976.0755582703111,0.0646468901378929,0.0898280269508671,False,False,,
677,1.8338576,166090.0,1038.0625,1039.30625,1039.3070623824624,976.0755582703111,0.0647813620332863,0.7398863743300979,False,False,,
678,1.8365664,166945.0,1043.40625,1043.0875,1043.0883171399546,976.0755582703111,0.0686552985594636,0.7753441120993596,False,False,,
679,1.8392752,166289.0,1039.30625,1043.40625,1043.4070719247272,976.0755582703111,0.0689818662949957,0.2470239829817178,False,False,,
680,1.841984,166894.0,1043.0875,1044.39375,1044.3945767369366,976.0755582703111,0.0699935756896653,0.3273948423451571,False,False,,
681,1.8446928,168677.0,1054.23125,1045.1375,1045.1383315767405,976.0755582703111,0.0707555605928849,0.5354135206994108,False,False,,
682,1.8474016,167103.0,1044.39375,1047.225,1047.225836444296,976.0755582703111,0.0728942319794064,0.5673254859587189,False,False,,
683,1.8501104,167981.0,1049.88125,1048.1375,1048.1383413397637,976.0755582703111,0.0738291031456148,0.5023196628306081,False,False,,
684,1.8528192,167556.0,1047.225,1049.88125,1049.8820962633024,976.0755582703111,0.0756155989847574,0.3888549455392738,False,False,,
685,1.855528,167702.0,1048.1375,1050.19375,1050.1946012150738,976.0755582703111,0.0759357636985683,0.1654712731183565,False,False,,
686,1.8582368,168133.0,1050.83125,1050.75625,1050.7571061952397,976.0755582703111,0.0765120561540035,0.1205581624125873,False,False,,
687,1.8609456,168121.0,1050.75625,1050.83125,1050.8321112039628,976.0755582703111,0.0765888995992548,0.0390054000383113,False,False,,
688,1.8636544,168154.0,1050.9625,1050.9625,1050.963366241407,976.0755582703111,0.076723371809251,0.0248223199398349,False,False,,
689,1.8663632,169144.0,1057.15,1050.9625,1050.9633713077365,976.0755582703111,0.0767233769997609,0.2659348777661456,False,False,,
690,1.869072,171340.0,1070.875,1052.36875,1052.3696264031173,976.0755582703111,0.0781641006030369,1.0660976056036606,False,False,,
691,1.8717808,168031.0,1050.19375,1056.6,1056.600881527716,976.0755582703111,0.0824990673878796,0.8001646605794068,False,False,,
692,1.8744896,170030.0,1062.6875,1056.6,1056.6008866817,976.0755582703111,0.0824990726681923,0.0425512278840116,False,False,,
693,1.8771984,170631.0,1066.44375,1056.825,1056.8258918652384,976.0755582703111,0.0827295929200641,0.1040113000606659,False,False,,
694,1.8799072,170728.0,1067.05,1057.15,1057.1508970784998,976.0755582703111,0.083062564287401,0.1111028568308984,False,False,,
695,1.882616,169056.0,1056.6,1057.4125,1057.4134023216552,976.0755582703111,0.0833315037572311,0.0496428072027779,False,False,,
696,1.8853248,169092.0,1056.825,1057.4125,1057.4134075948757,976.0755582703111,0.0833315091597027,0.4065839419140253,False,False,,
697,1.8880336,168379.0,1052.36875,1059.5625,1059.5634128983338,976.0755582703111,0.0855342129209444,0.4065839533832101,False,False,,
698,1.8907424,169562.0,1059.7625,1059.5625,1059.5634182322033,976.0755582703111,0.0855342183855516,0.0378235991170026,False,False,,
699,1.8934512,168723.0,1054.51875,1059.7625,1059.763423596658,976.0755582703111,0.0857391260515207,0.0378236107179894,False,False,,
700,1.89616,171514.0,1071.9625,1059.7625,1059.7634289918733,976.0755582703111,0.0857391315789773,2.046405969124976e-06,False,False,,
701,1.8988688,169186.0,1057.4125,1059.7625,1059.763434418026,976.0755582703111,0.0857391371381297,-0.0378195178391909,False,False,,
702,1.9015776,170610.0,1066.3125,1059.5625,1059.563439875293,976.0755582703111,0.0855342405591318,2.0699421714454047e-06,False,False,,
703,1.9042864,168910.0,1055.6875,1059.7625,1059.7634453638532,976.0755582703111,0.0857391483522484,0.9349041630574604,False,False,,
704,1.9069952,169530.0,1059.5625,1064.50625,1064.5072008838856,976.0755582703111,0.0905991773529118,0.9278126294987938,False,False,,
705,1.909704,170997.0,1068.73125,1064.66875,1064.6697064355712,976.0755582703111,0.090765666053821,0.0307321362385302,False,False,,
706,1.9124128,170321.0,1064.50625,1064.66875,1064.669712019091,976.0755582703111,0.0907656717741976,0.3108481954122766,False,False,,
707,1.9151216,170865.0,1067.90625,1066.3125,1066.313467634628,976.0755582703111,0.0924497172372864,0.3108482075563188,False,False,,
708,1.9178304,170347.0,1064.66875,1066.3125,1066.3134732823655,976.0755582703111,0.0924497230234547,2.142187621956282e-06,False,False,,
709,1.9205392,168944.0,1055.9,1066.3125,1066.3134789624885,976.0755582703111,0.0924497288428021,-0.0319098002615056,False,False,,
710,1.923248,170967.0,1068.54375,1066.14375,1066.1447346751816,976.0755582703111,0.092276848489558,0.3013928504128209,False,False,,
711,1.9259568,172199.0,1076.24375,1067.90625,1067.907240420633,976.0755582703111,0.0940825547491988,0.4514972425069388,False,False,,
712,1.9286656,171590.0,1072.4375,1068.53125,1068.5322461990295,976.0755582703111,0.0947228799505637,2.191746695245911e-06,False,False,,
713,1.9313744,169977.0,1062.35625,1067.90625,1067.9072520105606,976.0755582703111,0.0940825666232057,2.204314537124219e-06,False,False,,
714,1.9340832,171777.0,1073.60625,1068.53125,1068.532257855416,976.0755582703111,0.0947228918926582,0.120558490389488,False,False,,
715,1.936792,172005.0,1075.03125,1068.54375,1068.544763733787,976.0755582703111,0.0947357043007398,0.7387048855184908,False,False,,
716,1.9395008,170583.0,1066.14375,1072.4375,1072.4385196458657,976.0755582703111,0.0987248994804436,0.7363410498050875,False,False,,
717,1.9422096,170320.0,1064.5,1072.4375,1072.4385255918453,976.0755582703111,0.0987249055721642,0.0094576493058013,False,False,,
718,1.9449184,170965.0,1068.53125,1072.4875,1072.4885315719202,976.0755582703111,0.0987761372413227,2.2682432927467744e-06,False,False,,
719,1.9476272,172338.0,1077.1125,1072.4375,1072.4385375862862,976.0755582703111,0.0987249178605991,-0.0200904309893701,False,False,,
720,1.950336,169999.0,1062.49375,1072.38125,1072.3822936351394,976.0755582703111,0.0986672953223947,0.0094576883258028,False,False,,
721,1.9530448,171598.0,1072.4875,1072.4875,1072.488549718678,976.0755582703111,0.098776155832873,0.0200950197262343,False,False,,
722,1.9557536,171962.0,1074.7625,1072.4875,1072.4885558371009,976.0755582703111,0.0987761621012635,2.320718621717788e-06,False,False,,
723,1.9584624,173968.0,1087.3,1072.4875,1072.488561990608,976.0755582703111,0.0987761684055982,0.2883918508705783,False,False,,
724,1.9611712,171581.0,1072.38125,1074.0125,1074.0135681794004,976.0755582703111,0.10033855379254,0.2883918642542724,False,False,,
725,1.96388,172627.0,1078.91875,1074.0125,1074.0135744036802,976.0755582703111,0.1003385601693821,0.1418332707938034,False,False,,
726,1.9665888,170878.0,1067.9875,1074.7625,1074.7635806636515,976.0755582703111,0.1011069497203925,0.1418332843315113,False,False,,
727,1.9692976,170656.0,1066.6,1074.7625,1074.7635869595188,976.0755582703111,0.1011069561705766,2.388023201405076e-06,False,False,,
728,1.9720064,172056.0,1075.35,1074.7625,1074.7635932914873,976.0755582703111,0.101106962657747,0.1111032811566765,False,False,,
729,1.9747152,171842.0,1074.0125,1075.35,1075.3510996597647,976.0755582703111,0.101708869306571,0.1111032949286432,False,False,,
730,1.977424,172434.0,1077.7125,1075.35,1075.3511060645592,976.0755582703111,0.1017088758683524,-0.2529293600241473,False,False,,
731,1.9801328,172582.0,1078.6375,1074.0125,1074.01361250608,976.0755582703111,0.100338599205704,-0.2529293460938611,False,False,,
732,1.9828416,170793.0,1067.45625,1074.0125,1074.0136189845375,976.0755582703111,0.1003386058429542,2.457279901335596e-06,False,False,,
733,1.9855504,173423.0,1083.89375,1074.0125,1074.013625500144,976.0755582703111,0.1003386125182636,0.2529342607339302,False,False,,
734,1.9882592,173206.0,1082.5375,1075.35,1075.3511320531115,976.0755582703111,0.1017089024939063,0.2860281538874076,False,False,,
735,1.990968,171769.0,1073.55625,1075.525,1075.5261386436557,976.0755582703111,0.101888198644764,0.0330963787764275,False,False,,
736,1.9936768,172084.0,1075.525,1075.525,1075.526145271991,976.0755582703111,0.1018882054355655,0.1820188485303617,False,False,,
737,1.9963856,171756.0,1073.475,1076.4875,1076.4886519383344,976.0755582703111,0.102874303958562,0.1820188629468155,False,False,,
738,1.9990944,171335.0,1070.84375,1076.4875,1076.4886586429038,976.0755582703111,0.1028743108274661,2.5430441006335514e-06,False,False,,
739,2.0018032,171017.0,1068.85625,1076.4875,1076.4886653859185,976.0755582703111,0.1028743177357578,0.3841279386692626,False,False,,
740,2.004512,172238.0,1076.4875,1078.51875,1078.5199221675991,976.0755582703111,0.1049553623480009,0.384127953335188,False,False,,
741,2.0072208,172563.0,1078.51875,1078.51875,1078.519928988167,976.0755582703111,0.1049553693357468,-0.352210839267645,False,False,,
742,2.0099296,173277.0,1082.98125,1076.65625,1076.6574358478454,976.0755582703111,0.1030472249051843,-0.3002061574610835,False,False,,
743,2.0126384,171756.0,1073.475,1076.93125,1076.932442746859,976.0755582703111,0.1033289724570855,0.2883921336411745,False,False,,
744,2.0153472,173729.0,1085.80625,1078.18125,1078.182449685432,976.0755582703111,0.1046096181283985,0.236387481674317,False,False,,
745,2.018056,173196.0,1082.475,1078.18125,1078.182456663792,976.0755582703111,0.1046096252778041,0.0638265563585989,False,False,,
746,2.0207648,174810.0,1092.5625,1078.51875,1078.5199636821676,976.0755582703111,0.1049554048801268,0.217476723953542,False,False,,
747,2.0234736,172712.0,1079.45,1079.33125,1079.3324707407878,976.0755582703111,0.1057878271774949,0.1536528297528079,False,False,,
748,2.0261824,173588.0,1084.925,1079.33125,1079.3324778398835,976.0755582703111,0.1057878344505957,2.6926880032362988e-06,False,False,,
749,2.0288912,172265.0,1076.65625,1079.33125,1079.3324849796868,976.0755582703111,0.1057878417654014,-0.2174713537543304,False,False,,
750,2.0316,172309.0,1076.93125,1078.18125,1078.1824921604311,976.0755582703111,0.104609661644496,2.7236574062783347e-06,False,False,,
751,2.0343088,172509.0,1078.18125,1079.33125,1079.3324993823512,976.0755582703111,0.1057878565210873,2.739275362984017e-06,False,False,,
752,2.0370176,170683.0,1066.76875,1078.18125,1078.1825066456831,976.0755582703111,0.1046096764847939,-0.2340182463910345,False,False,,
753,2.0397264,172693.0,1079.33125,1078.09375,1078.095013950664,976.0755582703111,0.1045200392694392,-0.0165441687107481,False,False,,
754,2.0424352,173294.0,1083.0875,1078.09375,1078.095021297533,976.0755582703111,0.1045200467963865,2.7866685456956475e-06,False,False,,
755,2.045144,171297.0,1070.60625,1078.09375,1078.095028686531,976.0755582703111,0.1045200543664947,2.8026478204878913e-06,False,False,,
756,2.0478528,172495.0,1078.09375,1078.09375,1078.0950361178984,976.0755582703111,0.1045200619800113,0.0165497582098588,False,False,,
757,2.0505616,170541.0,1065.88125,1078.18125,1078.182543591879,976.0755582703111,0.1046097143365724,0.0165497743728693,False,False,,
758,2.0532704,173408.0,1083.8,1078.18125,1078.1825511087163,976.0755582703111,0.1046097220376538,0.2174769130202669,False,False,,
759,2.0559792,172263.0,1076.64375,1079.33125,1079.332558668657,976.0755582703111,0.1057879172605508,0.3415789755523306,False,False,,
760,2.058688,171461.0,1071.63125,1079.9875,1079.9888162719476,976.0755582703111,0.106460260295606,0.124104930112221,False,False,,
761,2.0613968,173062.0,1081.6375,1079.9875,1079.9888239188367,976.0755582703111,0.1064602681299269,-0.3581201470906379,False,False,,
762,2.0641056,173694.0,1085.5875,1078.09375,1078.095081609575,976.0755582703111,0.1045201085867275,-0.3581201304587686,False,False,,
763,2.0668144,172798.0,1079.9875,1078.09375,1078.0950893444133,976.0755582703111,0.1045201165111533,0.3581259813821411,False,False,,
764,2.0695232,174904.0,1093.15,1079.9875,1079.9888471236045,976.0755582703111,0.106460291903463,0.3581259982052138,False,False,,
765,2.072232,170990.0,1068.6875,1079.9875,1079.9888549474028,976.0755582703111,0.1064602999190296,2.9675678874241385e-06,False,False,,
766,2.0749408,173653.0,1085.33125,1079.9875,1079.9888628160645,976.0755582703111,0.1064603079805588,0.312030986416147,False,False,,
767,2.0776496,174218.0,1088.8625,1081.6375,1081.6388707298463,976.0755582703111,0.1081507589910379,0.3935837767363281,False,False,,
768,2.0803583999999997,171743.0,1073.39375,1082.06875,1082.0701286890076,976.0755582703111,0.1085925874494057,0.0815557921170011,False,False,,
769,2.0830672,172449.0,1077.80625,1082.06875,1082.0701366938083,976.0755582703111,0.1085925956504109,3.0362220044821697e-06,False,False,,
770,2.085776,172438.0,1077.7375,1082.06875,1082.07014474451,976.0755582703111,0.108592603898442,0.1229231755659689,False,False,,
771,2.0884848,174752.0,1092.2,1082.71875,1082.7201528413757,976.0755582703111,0.109258544246357,0.1229231930760157,False,False,,
772,2.0911936,172236.0,1076.475,1082.71875,1082.7201609846702,976.0755582703111,0.1092585525892506,3.0887528090772776e-06,False,False,,
773,2.0939023999999997,174007.0,1087.54375,1082.71875,1082.7201691746602,976.0755582703111,0.1092585609799842,-0.1229170154694081,False,True,635.0,3.0
774,2.0966112,173131.0,1082.06875,1082.06875,1082.0701774116128,976.0755582703111,0.1085926373662434,-0.3793945597679879,False,False,,
775,2.09932,173235.0,1082.71875,1080.7125,1080.7139356957982,976.0755582703111,0.107203153012985,3.1421926749430895e-06,False,False,,
776,2.1020288,172512.0,1078.2,1082.06875,1082.0701940274862,976.0755582703111,0.108592654389386,0.2564807223221486,False,False,,
777,2.1047376,174512.0,1090.7,1082.06875,1082.0702024069496,976.0755582703111,0.1085926629742372,3.178331724029704e-06,False,False,,
778,2.1074463999999997,173427.0,1083.91875,1082.06875,1082.0702108344628,976.0755582703111,0.1085926716083159,-0.256474365554741,False,False,,
779,2.1101552,174604.0,1091.275,1080.7125,1080.7139693103009,976.0755582703111,0.1072031874514077,3.214886515223725e-06,False,False,,
780,2.112864,172268.0,1076.675,1082.06875,1082.0702278347408,976.0755582703111,0.1085926890252851,0.2564807954329424,False,False,,
781,2.1155728,172914.0,1080.7125,1082.06875,1082.0702364080616,976.0755582703111,0.1085926978087454,-0.0070882936343679,False,False,,
782,2.1182816,171951.0,1074.69375,1082.03125,1082.0327450305435,976.0755582703111,0.1085542874856915,-0.0070882749876162,False,False,,
783,2.1209903999999997,174773.0,1092.33125,1082.03125,1082.0327537024682,976.0755582703111,0.1085542963701724,3.2892622634506097e-06,False,False,,
784,2.1236992,171437.0,1071.48125,1082.03125,1082.0327624241197,976.0755582703111,0.1085543053055988,-0.249382708491936,False,False,,
785,2.126408,172252.0,1076.575,1080.7125,1080.7140211957824,976.0755582703111,0.1072032406086464,-0.2493826895225446,False,False,,
786,2.1291168,171599.0,1072.49375,1080.7125,1080.7140300177434,976.0755582703111,0.1072032496468412,3.3461710557958213e-06,False,False,,
787,2.1318256,173251.0,1082.81875,1080.7125,1080.7140388902912,976.0755582703111,0.1072032587368628,3.365358686835407e-06,False,False,,
788,2.1345343999999997,173478.0,1084.2375,1080.7125,1080.7140478137162,976.0755582703111,0.1072032678790085,-0.3309354051651851,False,False,,
789,2.1372432,173125.0,1082.03125,1078.9625,1078.9640567883096,976.0755582703111,0.1054103830858396,-0.3309353857570052,False,False,,
790,2.139952,173266.0,1082.9125,1078.9625,1078.9640658143649,976.0755582703111,0.1054103923331312,-0.2682933810213406,False,False,,
791,2.1426608,172394.0,1077.4625,1077.54375,1077.5453248921772,976.0755582703111,0.1039568768648186,-0.2682933613898015,False,False,,
792,2.1453696,171757.0,1073.48125,1077.54375,1077.5453340220438,976.0755582703111,0.1039568862184661,3.462959593747428e-06,False,False,,
793,2.1480783999999997,174208.0,1088.8,1077.54375,1077.5453432042625,976.0755582703111,0.1039568956257485,0.1217416805011453,False,False,,
794,2.1507872,173534.0,1084.5875,1078.1875,1078.1891024391336,976.0755582703111,0.1046164339467492,3.502788008091784e-06,False,False,,
795,2.153496,172634.0,1078.9625,1077.54375,1077.5453617269595,976.0755582703111,0.1039569146024528,-0.1370996900524232,False,False,,
796,2.1562048,172254.0,1076.5875,1077.4625,1077.4641210680434,976.0755582703111,0.1038736826659211,-0.0153614721672674,False,False,,
797,2.1589136,172407.0,1077.54375,1077.4625,1077.464130462691,976.0755582703111,0.1038736922908395,-0.1359177252856156,False,False,,
798,2.1616223999999997,170827.0,1067.66875,1076.74375,1076.745389911209,976.0755582703111,0.1031373347974139,-0.1359177048524671,False,False,,
799,2.1643312,171480.0,1071.75,1076.74375,1076.7453994139069,976.0755582703111,0.1031373445330309,3.6043745872405e-06,False,False,,
800,2.16704,171167.0,1069.79375,1076.74375,1076.7454089710948,976.0755582703111,0.1031373543244736,3.625042726440597e-06,False,False,,
801,2.1697488,172510.0,1078.1875,1076.74375,1076.7454185830854,976.0755582703111,0.1031373641720623,-0.0295444604046544,False,False,,
802,2.1724576,170919.0,1068.24375,1076.5875,1076.589178250193,976.0755582703111,0.1029772942557853,-0.0295444394987782,False,False,,
803,2.1751663999999997,172072.0,1075.45,1076.5875,1076.5891879727335,976.0755582703111,0.1029773042166337,0.0295517939950897,False,False,,
804,2.1778752,172945.0,1080.90625,1076.74375,1076.7454477510253,976.0755582703111,0.1031373940549332,-0.1737391557489473,False,False,,
805,2.180584,172279.0,1076.74375,1075.66875,1075.670457585387,976.0755582703111,0.1020360549664481,3.7301749955531704e-06,False,False,,
806,2.1832928,173031.0,1081.44375,1076.74375,1076.7454674761416,976.0755582703111,0.1031374142635288,0.2044766467042009,False,False,,
807,2.1860016,171317.0,1070.73125,1076.75,1076.751727423611,976.0755582703111,0.1031438276476326,0.0011856973259405,False,False,,
808,2.1887103999999997,173033.0,1081.45625,1076.75,1076.7517374281213,976.0755582703111,0.1031438378973619,3.7947121001025153e-06,False,False,,
809,2.1914192,171948.0,1074.675,1076.75,1076.7517474899992,976.0755582703111,0.1031438482058649,0.2151140298557372,False,False,,
810,2.194128,173015.0,1081.34375,1077.8875,1077.889257609574,976.0755582703111,0.1043092396655084,0.2151140517401053,False,False,,
811,2.1968368,172280.0,1076.75,1077.8875,1077.8892677871763,976.0755582703111,0.1043092500925723,-0.215106353018033,False,False,,
812,2.1995456,172107.0,1075.66875,1076.75,1076.7517780231387,976.0755582703111,0.1031438794873977,-0.2151063308819729,False,False,,
813,2.2022543999999997,174204.0,1088.775,1076.75,1076.751788317796,976.0755582703111,0.1031438900343859,-0.2044689903746359,False,False,,
814,2.2049632,173106.0,1081.9125,1075.66875,1075.6705486714854,976.0755582703111,0.102036148285144,-0.2044689679840061,False,False,,
815,2.207672,171244.0,1070.275,1075.66875,1075.6705590845445,976.0755582703111,0.1020361589534357,-0.1879220059740056,False,False,,
816,2.2103808,172462.0,1077.8875,1074.675,1074.6768195573136,976.0755582703111,0.1010180620255793,-0.7422444562767652,False,False,,
817,2.2130896,173093.0,1081.83125,1071.74375,1071.745580090136,976.0755582703111,0.0980149753871104,-0.8320706764502646,False,False,,
818,2.2157983999999997,170808.0,1067.55,1070.275,1070.2768406833554,976.0755582703111,0.0965102359288422,-0.5271341972061663,False,False,,
819,2.2185072,170595.0,1066.21875,1068.95625,1068.958101337318,976.0755582703111,0.0951591731603264,-0.2493819755658783,False,False,,
820,2.221216,171479.0,1071.74375,1068.95625,1068.958112052373,976.0755582703111,0.0951591841380164,-0.1796484216813745,False,False,,
821,2.2239248,170844.0,1067.775,1068.00625,1068.0081228288698,976.0755582703111,0.0941859098710255,-0.2233795956027968,False,False,,
822,2.2266336,170676.0,1066.725,1067.775,1067.7768836671612,976.0755582703111,0.0939490028408789,-0.0437270862609153,False,False,,
823,2.2293423999999997,170187.0,1063.66875,1067.775,1067.7768945676016,976.0755582703111,0.0939490140084984,-0.042545138438566,False,False,,
824,2.2320512,170689.0,1066.80625,1067.55,1067.5519055305467,976.0755582703111,0.0937185102988741,-0.0425451147304158,False,False,,
825,2.23476,170881.0,1068.00625,1067.55,1067.5519165563555,976.0755582703111,0.0937185215949348,-0.1406448035832994,False,False,,
826,2.2374688,171033.0,1068.95625,1066.80625,1066.8081776453887,976.0755582703111,0.0929565530109813,0.0425534790488129,False,False,,
827,2.2401776,171339.0,1070.86875,1067.775,1067.7769387980084,976.0755582703111,0.09394905932303,0.1146508823782817,False,False,,
828,2.2428863999999997,170383.0,1064.89375,1067.4125,1067.414450014579,976.0755582703111,0.0935776856313541,-0.0685473520162212,False,False,,
829,2.2455952,169614.0,1060.0875,1067.4125,1067.4144612954676,976.0755582703111,0.0935776971887469,4.278842677507555e-06,False,False,,
830,2.248304,170963.0,1068.51875,1067.4125,1067.4144726410432,976.0755582703111,0.0935777088124122,4.303378371872668e-06,False,False,,
831,2.2510128,170367.0,1064.79375,1067.4125,1067.4144840516765,976.0755582703111,0.0935777205027296,4.328054753699462e-06,False,False,,
832,2.2537216,171427.0,1071.41875,1067.4125,1067.4144955277402,976.0755582703111,0.0935777322600816,-0.4763111196206075,False,False,,
833,2.2564303999999997,170294.0,1064.3375,1064.89375,1064.8957570696098,976.0755582703111,0.0909972573810734,-0.4952218826501813,False,False,,
834,2.2591392,171867.0,1074.16875,1064.79375,1064.795768677663,976.0755582703111,0.0908948181886365,-0.1051868552570738,False,False,,
835,2.261848,170786.0,1067.4125,1064.3375,1064.3395303522789,976.0755582703111,0.0904273970740327,-0.3238428161420508,False,False,,
836,2.2645568,171264.0,1070.4,1063.08125,1063.0832920938387,976.0755582703111,0.0891403673479054,-0.2375623205465196,False,False,,
837,2.2672656,168452.0,1052.825,1063.08125,1063.0833039027275,976.0755582703111,0.0891403794462401,-0.1820118552887777,False,False,,
838,2.2699743999999997,169286.0,1058.0375,1062.11875,1062.1208157793303,976.0755582703111,0.0881542999206931,-0.2257430268311537,False,False,,
839,2.2726832,170093.0,1063.08125,1061.8875,1061.889577724036,976.0755582703111,0.0879173940240798,-0.3675739109232605,False,False,,
840,2.275392,168209.0,1051.30625,1060.175,1060.1770897372346,976.0755582703111,0.0861629315008752,-0.520042113111538,False,False,,
841,2.2781008,169902.0,1061.8875,1059.1375,1059.1396018193195,976.0755582703111,0.0851000138720867,-0.3498449950749442,False,False,,
842,2.2808096,169117.0,1056.98125,1058.325,1058.3271139706849,976.0755582703111,0.0842676112555572,-0.2080140588731645,False,False,,
843,2.2835183999999997,169462.0,1059.1375,1058.0375,1058.0396261917288,976.0755582703111,0.0839730769067353,-0.2541090781692929,False,False,,
844,2.2862272,169939.0,1062.11875,1056.98125,1056.9833884828504,976.0755582703111,0.0828909499136672,-0.1997405361180799,False,False,,
845,2.288936,169628.0,1060.175,1056.98125,1056.9834008444518,976.0755582703111,0.0828909625782619,-0.0650011449578897,False,False,,
846,2.2916448,169062.0,1056.6375,1056.6375,1056.6396632769363,976.0755582703111,0.0825387997107433,-0.6193235910226633,False,False,,
847,2.2943536,167276.0,1045.475,1053.70625,1053.708425780712,976.0755582703111,0.0795357150915372,-0.5543177302672877,False,False,,
848,2.2970623999999997,168376.0,1052.35,1053.70625,1053.708438356186,976.0755582703111,0.0795357279752468,-0.1276430490520805,False,False,,
849,2.2997712,169332.0,1058.325,1053.03125,1053.03345100377,976.0755582703111,0.0788441961089925,-0.1382803399449397,False,False,,
850,2.30248,168485.0,1053.03125,1052.975,1052.977213723878,976.0755582703111,0.0787865804055611,-0.1288249184418379,False,False,,
851,2.3051888,168593.0,1053.70625,1052.35,1052.3522265169254,976.0755582703111,0.0781462742308421,-0.1359164362720388,False,False,,
852,2.3078976,168361.0,1052.25625,1052.25625,1052.2584893833307,976.0755582703111,0.0780502395204138,-0.1548271964372034,False,False,,
853,2.3106063999999997,168476.0,1052.975,1051.53125,1051.5335023235143,976.0755582703111,0.0773074824114241,-0.4089408820660285,False,False,,
854,2.3133152,166778.0,1042.3625,1050.09375,1050.0960153378992,976.0755582703111,0.0758347613977328,-0.1028224733365323,False,False,,
855,2.316024,167426.0,1046.4125,1050.9875,1050.989778426911,976.0755582703111,0.076750431379876,4.964664034545763e-06,False,False,,
856,2.3187328,168015.0,1050.09375,1050.09375,1050.096041590978,976.0755582703111,0.075834788294297,-0.8651635574009742,False,False,,
857,2.3214416,166035.0,1037.71875,1046.4125,1046.41480483053,976.0755582703111,0.0720633212913001,-0.944352453476764,False,False,,
858,2.3241503999999997,167216.0,1045.1,1045.1,1045.102318146,976.0755582703111,0.0707186644423409,-0.6807833170731783,False,False,,
859,2.3268592,166850.0,1042.8125,1042.8125,1042.8148315378237,976.0755582703111,0.0683751095927244,-0.5176777417002398,False,False,,
860,2.329568,168245.0,1051.53125,1042.3625,1042.3648450064384,976.0755582703111,0.0679140935089055,-0.0898211343040813,False,False,,
861,2.3322768,166473.0,1040.45625,1042.3375,1042.3398585522846,976.0755582703111,0.0678884946155185,-0.0047225590560664,False,False,,
862,2.3349856,168158.0,1050.9875,1042.3375,1042.339872175805,976.0755582703111,0.0678885085729634,-0.3557540316548824,False,False,,
863,2.3376943999999997,166774.0,1042.3375,1040.45625,1040.458635877446,976.0755582703111,0.0659611615736254,-0.4763102754590171,False,False,,
864,2.3404032,165941.0,1037.13125,1039.81875,1039.821149657654,976.0755582703111,0.0653080500246369,-0.1205510466000188,False,False,,
865,2.343112,165689.0,1035.55625,1039.81875,1039.821163516881,976.0755582703111,0.0653080642235651,-0.1713737593509918,False,False,,
866,2.3458208,166371.0,1039.81875,1038.9125,1038.914927455579,976.0755582703111,0.0643796155459771,-0.2328337901743395,False,False,,
867,2.3485296,165255.0,1032.84375,1038.5875,1038.589941474204,976.0755582703111,0.0640466638819167,-0.3368430938018925,False,False,,
868,2.3512383999999997,166226.0,1038.9125,1037.13125,1037.133705573215,976.0755582703111,0.0625547344009962,-0.5732279131841747,False,False,,
869,2.3539472,167087.0,1044.29375,1035.55625,1035.5587197530715,976.0755582703111,0.0609411443394501,-0.8107946566409456,False,False,,
870,2.356656,164085.0,1025.53125,1032.84375,1032.8462340142387,976.0755582703111,0.0581621732691779,-1.1961019310923842,False,False,,
871,2.3593648,164302.0,1026.8875,1029.23125,1029.233748357182,976.0755582703111,0.0544611425175643,-0.7599718520599641,False,False,,
872,2.3620736,166174.0,1038.5875,1028.825,1028.82751278237,976.0755582703111,0.0540449497634584,-0.4432161220350998,False,False,,
873,2.3647823999999997,163163.0,1019.76875,1026.8875,1026.8900272902752,976.0755582703111,0.0520599748548272,-0.3675729387014286,False,False,,
874,2.3674912,164112.0,1025.7,1026.88125,1026.883791881371,976.0755582703111,0.0520535866107499,-0.0011763898445842,False,False,,
875,2.3702,164612.0,1028.825,1026.88125,1026.8838065561354,976.0755582703111,0.0520536016452052,-0.1063676163025473,False,False,,
876,2.3729088,162590.0,1016.1875,1026.31875,1026.3213213150473,976.0755582703111,0.0514773294126694,-0.1063675843852749,False,False,,
877,2.3756176,164211.0,1026.31875,1026.31875,1026.3213361585897,976.0755582703111,0.0514773446200396,5.630157737357422e-06,False,False,,
878,2.3783263999999997,164677.0,1029.23125,1026.31875,1026.321351087248,976.0755582703111,0.0514773599146119,-0.0378159135374804,False,False,,
879,2.3810352,164179.0,1026.11875,1026.11875,1026.1213661015097,976.0755582703111,0.051272473126859,-0.1170048057752861,False,False,,
880,2.383744,162799.0,1017.49375,1025.7,1025.702631201866,976.0755582703111,0.0508434746788437,-0.0791831971399901,False,False,,
881,2.3864528,164301.0,1026.88125,1025.7,1025.7026463888108,976.0755582703111,0.0508434902380333,-1.1133668824891867,False,False,,
882,2.3891616,164911.0,1030.69375,1019.8125,1019.8151616628402,976.0755582703111,0.0448116982562694,-1.15709804668435,False,False,,
883,2.3918703999999997,163170.0,1019.8125,1019.58125,1019.5839270244536,976.0755582703111,0.0445747958603153,-0.0437253705642319,False,False,,
884,2.3945792,164776.0,1029.85,1019.58125,1019.5839424741538,976.0755582703111,0.0445748116887006,-0.3947568392137031,False,False,,
885,2.397288,161957.0,1012.23125,1017.49375,1017.4964580124451,976.0755582703111,0.042436161208191,-0.3947568056109132,False,False,,
886,2.3999968,162621.0,1016.38125,1017.49375,1017.4964736398364,976.0755582703111,0.0424361772186226,-0.1642815431897881,False,False,,
887,2.4027056,161415.0,1008.84375,1016.625,1016.6277393568377,976.0755582703111,0.0415461495198059,-0.2103765549257081,False,False,,
888,2.4054143999999997,163133.0,1019.58125,1016.38125,1016.3840051639633,976.0755582703111,0.041296441194657,-0.170191096263256,False,False,,
889,2.4081232,161205.0,1007.53125,1015.725,1015.72777106173,976.0755582703111,0.04062412223669,-0.2505619108397576,False,False,,
890,2.410832,161277.0,1007.98125,1015.05625,1015.0590370506573,976.0755582703111,0.0399389969864915,-0.660689590791355,False,False,,
891,2.4135408,161654.0,1010.3375,1012.23125,1012.2340531312684,976.0755582703111,0.0370447703096192,-0.8923467088908232,False,False,,
892,2.4162496,162660.0,1016.625,1010.3375,1010.3403193040884,976.0755582703111,0.0351046194564048,-0.5484067173512805,False,False,,
893,2.4189583999999997,164055.0,1025.34375,1009.33125,1009.3340855696466,976.0755582703111,0.0340737220776968,-0.2824737260691909,False,False,,
894,2.4216672,162516.0,1015.725,1008.84375,1008.8466019284746,976.0755582703111,0.0335742897980525,-0.255289432956574,False,False,,
895,2.424376,162409.0,1015.05625,1007.98125,1007.9841183811072,976.0755582703111,0.0326906660457111,-0.2481978518803123,False,False,,
896,2.4270848,160850.0,1005.3125,1007.53125,1007.5341349280822,976.0755582703111,0.0322296531157056,-0.5046753782078524,False,False,,
897,2.4297936,161493.0,1009.33125,1005.3125,1005.3154015699406,976.0755582703111,0.029956536716732,-0.4195767962644146,False,False,,
898,2.4325023999999997,160628.0,1003.925,1005.3125,1005.3154183072268,976.0755582703111,0.0299565538642632,-0.1335510917230031,False,False,,
899,2.4352112,160737.0,1004.60625,1004.60625,1004.6091851404876,976.0755582703111,0.0292330103222134,-0.2623807985003212,False,False,,
900,2.43792,158556.0,990.975,1003.925,1003.9279520702732,976.0755582703111,0.0285350796503078,-0.3687539443310141,False,False,,
901,2.4406288,159388.0,996.175,1002.65625,1002.6592190971378,976.0755582703111,0.0272352489534058,-0.8486151527502273,False,False,,
902,2.4433376,158965.0,993.53125,999.4375,999.4404862216376,976.0755582703111,0.0239376221987679,-1.200828542027319,False,False,,
903,2.4460463999999997,160425.0,1002.65625,996.30625,996.3092534443322,976.0755582703111,0.0207296402441187,-0.6169579255968505,False,False,,
904,2.4487552,159409.0,996.30625,996.175,996.1780207657852,976.0755582703111,0.0205951909410549,-0.524767796687414,False,False,,
905,2.451464,161656.0,1010.35,993.53125,993.5342881865628,976.0755582703111,0.0178866582287848,-0.5708628047387676,False,False,,
906,2.4541728,158905.0,993.15625,993.15625,993.159305707234,976.0755582703111,0.0175024846101019,-0.342751386722004,False,False,,
907,2.4568816,159910.0,999.4375,991.71875,991.7218233283724,976.0755582703111,0.0160297683160795,-0.271835893653142,False,False,,
908,2.4595903999999997,157784.0,986.15,991.71875,991.7218410505536,976.0755582703111,0.0160297864726464,-0.0626352631904159,False,False,,
909,2.4622992,158675.0,991.71875,991.3875,991.390608874357,976.0755582703111,0.015690435514219,-0.3273862565022734,False,False,,
910,2.465008,158398.0,989.9875,989.9875,989.9906268003656,976.0755582703111,0.0142561386894195,-0.7871547507379968,False,False,,
911,2.4677168,158622.0,991.3875,987.225,987.2281448291652,976.0755582703111,0.0114259459366212,-0.72569465078248,False,False,,
912,2.4704256,157956.0,987.225,986.15,986.1531629613452,976.0755582703111,0.0103246153493407,-0.3250222910362559,False,False,,
913,2.4731343999999997,157516.0,984.475,985.50625,985.5094311974988,976.0755582703111,0.0096651051727031,-0.3167487818535996,False,False,,
914,2.4758432,157681.0,985.50625,984.475,984.4781995382218,976.0755582703111,0.0086085971487706,-0.1950105445059931,False,False,,
915,2.478552,156505.0,978.15625,984.475,984.478217984114,976.0755582703111,0.0086086160467874,-0.2422874745898982,False,False,,
916,2.4812608,157311.0,983.19375,983.19375,983.1969865357784,976.0755582703111,0.0072959805264326,-0.2860186316969113,False,False,,
917,2.4839696,156739.0,979.61875,982.9625,982.9657551938216,976.0755582703111,0.0070590815077064,-0.6760535936371542,False,False,,
918,2.4866783999999997,156473.0,977.95625,979.61875,979.6220239588532,976.0755582703111,0.0036333925775446,-0.7008739622929079,False,False,,
919,2.4893872,155430.0,971.4375,979.25625,979.2595428314876,976.0755582703111,0.0032620267295889,-0.2765631159580877,False,False,,
920,2.492096,157274.0,982.9625,978.15625,978.1595618123408,976.0755582703111,0.0021350842405299,-0.2458330444271073,False,False,,
921,2.4948048,155339.0,970.86875,977.95625,977.9595809020336,976.0755582703111,0.0019302016281005,-0.2694714881313773,False,False,,
922,2.4975136,158165.0,988.53125,976.73125,976.7346001011908,976.0755582703111,0.0006751955064292,-0.4999466752374656,False,False,,
923,2.5002223999999997,156050.0,975.3125,975.3125,975.3158694104392,976.0755582703111,-0.0007783094796659,-0.2682894806047024,False,False,,
924,2.5029312,156681.0,979.25625,975.3125,975.3158888304108,976.0755582703111,-0.0007782895836944,-0.3179302570806503,False,False,,
925,2.50564,156277.0,976.73125,973.63125,973.63465836174,976.0755582703111,-0.0025007284404261,-0.3427506240792154,False,False,,
926,2.5083488,155760.0,973.5,973.5,973.5034280050654,976.0755582703111,-0.0026351753647062,7.450716110524169e-06,False,False,,
927,2.5110576,155781.0,973.63125,973.63125,973.6346977610294,976.0755582703111,-0.0025006880754265,7.493439892924947e-06,False,False,,
928,2.5137663999999997,155335.0,970.84375,973.5,973.5034676302778,976.0755582703111,-0.0026351347682462,-0.0248128728279149,False,False,,
929,2.5164752,155345.0,970.90625,973.5,973.5034876134604,976.0755582703111,-0.0026351142952589,7.579623895470622e-06,False,False,,
930,2.519184,155454.0,971.5875,973.5,973.50350771123,976.0755582703111,-0.0026350937048758,-0.3616611972181691,False,False,,
931,2.5218928,156615.0,978.84375,971.5875,971.591027924244,976.0755582703111,-0.0045944499973077,-0.4904908966864462,False,False,,
932,2.5246016,154104.0,963.15,970.90625,970.9097982531634,976.0755582703111,-0.005292377186764,-0.1406412749121646,False,False,,
933,2.5273103999999997,154224.0,963.9,970.84375,970.8473186986528,976.0755582703111,-0.005356388168272,-1.3036546920698386,False,False,,
934,2.5300192,156026.0,975.1625,964.0125,964.0160892613802,976.0755582703111,-0.0123550568465226,-1.313110041596358,False,False,,
935,2.532728,153426.0,958.9125,963.9,963.9036099420182,976.0755582703111,-0.0124702931296249,-0.1630977022431787,False,False,,
936,2.5354368,153465.0,959.15625,963.15,963.1536307412428,976.0755582703111,-0.0132386549581951,-0.562588053547735,False,False,,
937,2.5381456,156242.0,976.5125,960.925,960.9286516597342,976.0755582703111,-0.0155181701685253,-0.5034917958417311,False,False,,
938,2.5408543999999997,153583.0,959.89375,960.4875,960.491172698176,976.0755582703111,-0.0159663721113476,-0.1950095212608809,False,False,,
939,2.5435632,154242.0,964.0125,959.89375,959.8974438572563,976.0755582703111,-0.0165746537509082,-0.2411045212278422,False,False,,
940,2.546272,153474.0,959.2125,959.2125,959.2162151376668,976.0755582703111,-0.0172725799655516,-0.1394589897620939,False,False,,
941,2.5489808,152027.0,950.16875,959.15625,959.1599865401032,976.0755582703111,-0.0173301867738434,-0.0567242460223065,False,False,,
942,2.5516896,153748.0,960.925,958.9125,958.9162580652652,976.0755582703111,-0.0175798892408021,8.164496943852129e-06,False,False,,
943,2.5543983999999997,153678.0,960.4875,959.15625,959.1600297138564,976.0755582703111,-0.0173301425418649,-0.1524600168540497,False,False,,
944,2.5571072,153297.0,958.10625,958.10625,958.1100514865848,976.0755582703111,-0.0184058566281108,-1.0211742930503251,False,False,,
945,2.559816,151211.0,945.06875,953.75625,953.760073384162,976.0755582703111,-0.0228624563918947,-1.5010354909363972,False,False,,
946,2.5625248,152004.0,950.025,950.16875,950.172595407304,976.0755582703111,-0.0265378665038078,-0.7056004234887521,False,False,,
947,2.5652336,152601.0,953.75625,950.025,950.0288675567308,976.0755582703111,-0.0266851172461867,-0.2541053123322676,False,False,,
948,2.5679423999999997,151272.0,945.45,948.825,948.8288898331668,976.0755582703111,-0.0279145074438989,-0.3179291736233045,False,False,,
949,2.5706512,151062.0,944.1375,948.34375,948.34766223734,976.0755582703111,-0.0284075303372082,-0.6382305967497581,False,False,,
950,2.57336,154299.0,964.36875,945.45,945.4539347699828,976.0755582703111,-0.0313721855248506,-0.547222380820207,False,False,,
951,2.5760688,150068.0,937.925,945.45,945.453957431832,976.0755582703111,-0.0313721623075402,8.595642598585584e-06,False,False,,
952,2.5787776,151012.0,943.825,945.45,945.4539802236288,976.0755582703111,-0.0313721389570973,0.0626506301478615,False,False,,
953,2.5814863999999997,151812.0,948.825,945.78125,945.7852531461176,976.0755582703111,-0.0310327462536512,8.694503328854353e-06,False,False,,
954,2.5841952,150299.0,939.36875,945.45,945.4540262000488,976.0755582703111,-0.0313720918537561,-0.1075463623327568,False,False,,
955,2.586904,151735.0,948.34375,945.2125,945.2165493861752,976.0755582703111,-0.0316153894262252,-0.1701882974072308,False,False,,
956,2.5896128,151128.0,944.55,944.55,944.5540727052552,976.0755582703111,-0.0322941039737895,-0.1252751255021351,False,False,,
957,2.5923216,151234.0,945.2125,944.55,944.5540961580512,976.0755582703111,-0.0322940799461454,-0.1370943172772278,False,False,,
958,2.5950303999999997,151877.0,949.23125,943.825,943.8291197453302,976.0755582703111,-0.0330368261470704,-0.1370942662679155,False,False,,
959,2.5977392,151325.0,945.78125,943.825,943.8291434678628,976.0755582703111,-0.0330368018430783,-0.6973263091639108,False,False,,
960,2.600448,151403.0,946.26875,940.1375,940.1416673264252,976.0755582703111,-0.0368146611595971,-0.7292382123006584,False,False,,
961,2.6031568,148652.0,929.075,939.96875,939.9729413217968,976.0755582703111,-0.0369875227820389,-0.0319028532849925,False,False,,
962,2.6058656,150240.0,939.0,939.96875,939.9729654547624,976.0755582703111,-0.0369874980575539,-0.1831891050140104,False,False,,
963,2.6085743999999997,149957.0,937.23125,939.0,939.0042397261108,976.0755582703111,-0.0379799680773626,-0.3049272502096247,False,False,,
964,2.6112832,149051.0,931.56875,938.35625,938.360514136636,976.0755582703111,-0.0386394719282894,-0.3344753036540036,False,False,,
965,2.613992,150422.0,940.1375,937.23125,937.2355386871355,976.0755582703111,-0.0397920214824387,-0.5909528126734225,False,False,,
966,2.6167008,150395.0,939.96875,935.23125,935.2355633784124,976.0755582703111,-0.0418410178862288,-0.4810338040858957,False,False,,
967,2.6194096,150137.0,938.35625,934.6875,934.6918382112736,976.0755582703111,-0.0423980702194542,-0.4597591138943793,False,False,,
968,2.6221183999999997,149248.0,932.8,932.8,932.8043631865312,976.0755582703111,-0.0443318088616627,-0.3569316501889314,False,False,,
969,2.6248272,149550.0,934.6875,932.8,932.8043883050012,976.0755582703111,-0.0443317831275174,9.527439312151388e-06,False,False,,
970,2.627536,147419.0,921.36875,932.8,932.8044135675058,976.0755582703111,-0.0443317572458075,-0.0626324031447893,False,False,,
971,2.6302448,149155.0,932.21875,932.46875,932.47318897487,976.0755582703111,-0.0446711004347945,-0.0626323481994024,False,False,,
972,2.6329536,149637.0,935.23125,932.46875,932.4732145279248,976.0755582703111,-0.0446710742554125,-0.0472672776971982,False,False,,
973,2.6356623999999997,149195.0,932.46875,932.21875,932.223240227506,976.0755582703111,-0.0449271756384468,-0.3285651934681208,False,False,,
974,2.6383712,148917.0,930.73125,930.73125,930.7357660744532,976.0755582703111,-0.0464511090475456,-1.1630036576220562,False,False,,
975,2.64108,147381.0,921.13125,926.06875,926.0732920696116,976.0755582703111,-0.0512278642539805,-0.9916245852479068,False,False,,
976,2.6437888,148078.0,925.4875,925.4875,925.492068213831,976.0755582703111,-0.0518233344005852,-0.6618676631368725,False,False,,
977,2.6464976,149995.0,937.46875,922.56875,922.5733445079665,976.0755582703111,-0.0548135985057911,-0.2611952857397561,False,False,,
978,2.6492063999999997,145862.0,911.6375,924.10625,924.1108709528772,976.0755582703111,-0.0532383859806096,0.2907633959016689,False,False,,
979,2.6519152,147103.0,919.39375,924.10625,924.1108975494284,976.0755582703111,-0.0532383587321545,-0.2907432772676745,False,False,,
980,2.654624,148171.0,926.06875,922.56875,922.5734242984888,976.0755582703111,-0.0548135167595351,-0.2907432194207295,False,False,,
981,2.6573328,147611.0,922.56875,922.56875,922.5734512009336,976.0755582703111,-0.0548134891976885,1.020410108587555e-05,False,False,,
982,2.6600416,146165.0,913.53125,922.56875,922.5734782576424,976.0755582703111,-0.0548134614777971,0.2907636279565544,False,False,,
983,2.6627503999999997,147548.0,922.175,924.10625,924.1110054694988,976.0755582703111,-0.0532382481668714,0.2907636868043024,False,False,,
984,2.6654592,147141.0,919.63125,924.10625,924.1110328373936,976.0755582703111,-0.0532382201281664,1.038064625724644e-05,False,False,,
985,2.668168,147857.0,924.10625,924.10625,924.1110603622208,976.0755582703111,-0.0532381919286822,0.3711346544707599,False,False,,
986,2.6708768,149499.0,934.36875,926.06875,926.0735880448806,976.0755582703111,-0.0512275610241059,1.5329662514599285,False,False,,
987,2.6735856,147516.0,921.975,932.2125,932.217365886278,976.0755582703111,-0.0449331939647723,1.569605963399353,False,False,,
988,2.6762943999999997,149154.0,932.2125,934.36875,934.373643887323,976.0755582703111,-0.0427240637567931,0.8013552618682214,False,False,,
989,2.6790032,149977.0,937.35625,936.45,936.4549220489316,976.0755582703111,-0.0405917716980751,0.564970472897306,False,False,,
990,2.681712,149832.0,936.45,937.35625,937.361200372024,976.0755582703111,-0.0396632797228244,0.8261757932574669,False,False,,
991,2.6844208,152388.0,952.425,940.81875,940.8237288575262,976.0755582703111,-0.036115881720524,1.4100464340446095,False,False,,
992,2.6871296,151661.0,947.88125,944.8125,944.8175075063696,976.0755582703111,-0.0320242121617444,1.3355852682900888,False,False,,
993,2.6898383999999997,150531.0,940.81875,947.88125,947.8862863194912,976.0755582703111,-0.0288802149710355,0.7115293269373772,False,False,,
994,2.6925472,151772.0,948.575,948.575,948.5800652978324,976.0755582703111,-0.0281694308801289,0.8592699207754579,False,False,,
995,2.695256,152852.0,955.325,952.425,952.4300944423408,976.0755582703111,-0.0242250342482421,1.2764892438277515,False,False,,
996,2.6979648,153717.0,960.73125,955.325,955.3301237539696,976.0755582703111,-0.0212539227527676,1.5707884453076888,False,False,,
997,2.7006736,151170.0,944.8125,960.73125,960.7364032336764,976.0755582703111,-0.0157151307669429,2.070742466540312,False,False,,
998,2.7033823999999997,154604.0,966.275,966.275,966.2801828824256,976.0755582703111,-0.010035468366039,1.1192935099212802,False,False,,
999,2.7060912,154664.0,966.65,966.65,966.6552127011864,976.0755582703111,-0.0096512462475943,0.5862457379439066,True,False,999.0,4.0
1000,2.7088,156158.0,975.9875,969.375,969.3802426909332,976.0755582703111,-0.0068594234561539,1.765806203663118,False,False,,
1001,2.7115088,156605.0,978.78125,975.9875,975.9927728526472,976.0755582703111,-8.481455862989697e-05,1.7788074356331904,False,False,,
1002,2.7142176,155100.0,969.375,978.78125,978.786553187314,976.0755582703111,0.0027774437071315,0.6217036611080696,False,False,,
1003,2.7169263999999997,157481.0,984.25625,979.275,979.2803336959256,976.0755582703111,0.0032833271957895,0.5176943931413677,False,False,,
1004,2.7196352,156684.0,979.275,981.51875,981.5241143794792,976.0755582703111,0.0055821048514145,0.942005265018114,False,False,,
1005,2.722344,158571.0,991.06875,984.25625,984.261645238978,976.0755582703111,0.0083867349195519,0.865180255545694,False,False,,
1006,2.7250528,157043.0,981.51875,986.09375,986.0991762754312,976.0755582703111,0.0102693054038589,0.3474975014436541,False,False,,
1007,2.7277616,158891.0,993.06875,986.09375,986.099207489853,976.0755582703111,0.0102693373833727,0.5637897065806612,False,False,,
1008,2.7304703999999997,158252.0,989.075,989.075,989.0804888832644,976.0755582703111,0.0133236925182297,0.7127122298910198,False,False,,
1009,2.7331792,157775.0,986.09375,989.8625,989.8680204566912,976.0755582703111,0.0141305271600299,0.3770458113519317,False,False,,
1010,2.735888,159542.0,997.1375,991.06875,991.0743022111664,976.0755582703111,0.0153663759058101,0.606339184399868,False,False,,
1011,2.7385968,158990.0,993.6875,993.06875,993.0743341477274,976.0755582703111,0.0174154303254344,0.495238374025071,False,False,,
1012,2.7413056,158378.0,989.8625,993.6875,993.6931162674188,976.0755582703111,0.018049379320928,0.4905107464889489,False,False,,
1013,2.7440143999999997,159557.0,997.23125,995.6625,995.6681485712904,976.0755582703111,0.0200728213456127,0.3983207248983245,False,False,,
1014,2.7467232,157687.0,985.54375,995.79375,995.7994310603988,976.0755582703111,0.0202073216801369,0.2789464459728448,False,False,,
1015,2.749432,159327.0,995.79375,997.1375,997.1432137358056,976.0755582703111,0.0215840416113153,0.2718549711397289,False,False,,
1016,2.7521408,160219.0,1001.36875,997.23125,997.2369965985793,976.0755582703111,0.0216801231717836,0.0602906015721296,False,False,,
1017,2.7548496,159306.0,995.6625,997.45625,997.462029649794,976.0755582703111,0.0219106719743925,0.7824463894086717,False,False,,
1018,2.7575583999999997,160298.0,1001.8625,1001.36875,1001.3745628905313,976.0755582703111,0.0259191047310434,0.8332692040169372,False,False,,
1019,2.7602672,159593.0,997.45625,1001.8625,1001.8683463218766,976.0755582703111,0.026424991214074,0.1619363026767226,False,False,,
1020,2.762976,160356.0,1002.225,1002.225,1002.230879944924,976.0755582703111,0.0267964108444248,0.7257142423352745,False,False,,
1021,2.7656848,163301.0,1020.63125,1005.7,1005.705913760772,976.0755582703111,0.030356620693349,1.3237679856420377,False,False,,
1022,2.7683936,162161.0,1013.50625,1009.225,1009.2309477705264,976.0755582703111,0.033968056283439,1.3994112111500048,False,False,,
1023,2.7711023999999997,162096.0,1013.1,1013.1,1013.1059819752992,976.0755582703111,0.037938070870875,0.8096310846886299,False,False,,
1024,2.7738112,160912.0,1005.7,1013.50625,1013.5122663762088,976.0755582703111,0.0383543136478475,0.0768381244783169,False,False,,
1025,2.77652,162717.0,1016.98125,1013.50625,1013.5123009743794,976.0755582703111,0.0383543490940488,0.2340341244648209,False,False,,
1026,2.7792288,163535.0,1022.09375,1014.74375,1014.7498357709424,976.0755582703111,0.0396222169205479,0.6571630809868587,False,False,,
1027,2.7819376,162359.0,1014.74375,1016.98125,1016.9873707670356,976.0755582703111,0.0419145958016033,0.9609176887548748,False,False,,
1028,2.7846463999999997,164160.0,1026.0,1019.825,1019.831155963803,976.0755582703111,0.0448280845911461,0.5377888835988482,False,False,,
1029,2.7873552,161476.0,1009.225,1019.825,1019.8311913623952,976.0755582703111,0.0448281208573879,0.1359347153676697,False,False,,
1030,2.790064,164184.0,1026.15,1020.54375,1020.5499769639696,976.0755582703111,0.045564524505122,0.4290520062008127,False,False,,
1031,2.7927728,163172.0,1019.825,1022.09375,1022.10001276969,976.0755582703111,0.0471525530061813,1.0318334508082998,False,False,,
1032,2.7954816,161726.0,1010.7875,1026.0,1026.006298780727,976.0755582703111,0.0511545854082214,0.7670824968276975,False,False,,
1033,2.7981903999999997,163287.0,1020.54375,1026.15,1026.156334998259,976.0755582703111,0.0513082991409956,0.0354714647955525,False,False,,
1034,2.8008992,164190.0,1026.1875,1026.1875,1026.193871423468,976.0755582703111,0.0513467556158978,0.8025403814041656,False,False,,
1035,2.803608,164867.0,1030.41875,1030.39375,1030.4001580575464,976.0755582703111,0.055656141911291,0.795448915131999,False,False,,
1036,2.8063168,165623.0,1035.14375,1030.39375,1030.4001949016915,976.0755582703111,0.0556561796585175,0.0047416719868813,False,False,,
1037,2.8090256,165846.0,1036.5375,1030.41875,1030.425231957108,976.0755582703111,0.0556818303934472,0.3250432236993781,False,False,,
1038,2.8117343999999997,164863.0,1030.39375,1032.1125,1032.119019225007,976.0755582703111,0.0574171338272309,0.3569552590268774,False,False,,
1039,2.8144432,165138.0,1032.1125,1032.30625,1032.3128067066073,976.0755582703111,0.0576156712047509,0.5117874167501739,False,False,,
1040,2.817152,166688.0,1041.8,1034.81875,1034.8253444031338,976.0755582703111,0.0601897933362169,0.5366079075084507,False,False,,
1041,2.8198608,165571.0,1034.81875,1035.14375,1035.1503823158198,976.0755582703111,0.060522798204469,0.222216139167239,False,False,,
1042,2.8225696,165169.0,1032.30625,1035.99375,1036.0004204459042,976.0755582703111,0.0613936714917694,0.2635835703540898,False,False,,
1043,2.8252783999999997,164579.0,1028.61875,1036.5375,1036.544208794633,976.0755582703111,0.0619507885552194,0.1028419553729005,False,False,,
1044,2.8279872,165759.0,1035.99375,1036.5375,1036.544247363261,976.0755582703111,0.0619508280691975,0.3096787824190503,False,False,,
1045,2.830696,166186.0,1038.6625,1038.175,1038.1817861530492,976.0755582703111,0.0636285043268529,0.3214981087985684,False,False,,
1046,2.8334048,166347.0,1039.66875,1038.2375,1038.244325165265,976.0755582703111,0.0636925762234249,0.0922048887892188,False,False,,
1047,2.8361136,166118.0,1038.2375,1038.6625,1038.6693644011843,976.0755582703111,0.0641280335323574,0.0803857311462561,False,False,,
1048,2.8388223999999997,166890.0,1043.0625,1038.6625,1038.6694038620894,976.0755582703111,0.0641280739604829,0.1903047716742687,False,False,,
1049,2.8415312,166528.0,1040.8,1039.66875,1039.6756935492713,976.0755582703111,0.0651590286633801,0.4042331466355247,False,False,,
1050,2.84424,166108.0,1038.175,1040.8,1040.8069834640264,976.0755582703111,0.0663180474556956,0.4775125364147232,False,False,,
1051,2.8469488,165825.0,1036.40625,1042.19375,1042.2007736076605,976.0755582703111,0.0677460005806604,0.427871804755318,False,False,,
1052,2.8496576,166751.0,1042.19375,1043.0625,1043.0695639814858,976.0755582703111,0.0686360857451379,0.1914870421942911,False,False,,
1053,2.8523663999999997,168050.0,1050.3125,1043.20625,1043.213354586822,976.0755582703111,0.0687834007804523,0.4822404953495969,False,False,,
1054,2.8550752,167298.0,1045.6125,1045.6125,1045.6196454249969,976.0755582703111,0.0712486718527442,0.5957053116042133,False,False,,
1055,2.857784,168196.0,1051.225,1046.35625,1046.3634364973457,976.0755582703111,0.0720106938765995,0.1406645644217761,False,False,,
1056,2.8604928,167417.0,1046.35625,1046.35625,1046.363477805211,976.0755582703111,0.0720107361969558,0.34395562464349,False,False,,
1057,2.8632016,167708.0,1048.175,1048.175,1048.182269349943,976.0755582703111,0.0738741078686684,0.3439557144872314,False,False,,
1058,2.8659103999999997,166913.0,1043.20625,1048.175,1048.1823111329008,976.0755582703111,0.0738741506757621,0.4042339415636853,False,False,,
1059,2.8686192,168197.0,1051.23125,1050.3125,1050.31985315545,976.0755582703111,0.0760640856704841,0.4042340324406606,False,False,,
1060,2.871328,168759.0,1054.74375,1050.3125,1050.3198954189638,976.0755582703111,0.0760641289699127,0.0248364397933897,False,False,,
1061,2.8740368,168210.0,1051.3125,1050.44375,1050.4511879248248,976.0755582703111,0.0761986395667088,0.1725770628860061,False,False,,
1062,2.8767456,170812.0,1067.575,1051.225,1051.2324806744227,976.0755582703111,0.0769990824658041,0.1489386703480946,False,False,,
1063,2.8794543999999997,166888.0,1043.05,1051.23125,1051.2387736691546,976.0755582703111,0.0770055297071867,0.016563247398869,False,False,,
1064,2.8821632,169921.0,1062.00625,1051.3125,1051.3200669104262,976.0755582703111,0.0770888155149122,0.078023401878374,False,False,,
1065,2.884872,166948.0,1043.425,1051.64375,1051.6513603996518,976.0755582703111,0.077428229289203,0.6488929083694845,False,False,,
1066,2.8875808,168263.0,1051.64375,1054.74375,1054.7514041382526,976.0755582703111,0.0806042577352942,1.2469466731349217,False,False,,
1067,2.8902896,167170.0,1044.8125,1058.2375,1058.2451981276586,976.0755582703111,0.0841836875855788,0.6867146740674652,False,False,,
1068,2.8929983999999997,168071.0,1050.44375,1058.375,1058.3827423693083,976.0755582703111,0.0843246031535226,0.0366564325941762,False,False,,
1069,2.8957072,169415.0,1058.84375,1058.43125,1058.439036864648,976.0755582703111,0.084382277474801,0.0106541953328065,False,False,,
1070,2.898416,169387.0,1058.66875,1058.43125,1058.4390816151322,976.0755582703111,0.0843823233221576,0.0449300953406854,False,False,,
1071,2.9011248,169340.0,1058.375,1058.66875,1058.676626622224,976.0755582703111,0.0846256907593186,0.044930192672032,False,False,,
1072,2.9038336,169349.0,1058.43125,1058.66875,1058.676671887395,976.0755582703111,0.0846257371339776,1.716908572468867e-05,False,False,,
1073,2.9065423999999997,169318.0,1058.2375,1058.66875,1058.676717412125,976.0755582703111,0.0846257837745574,0.0331111465186264,False,False,,
1074,2.9092512,169843.0,1061.51875,1058.84375,1058.8517631979023,976.0755582703111,0.0848051200813569,0.0331112455339184,False,False,,
1075,2.91196,169753.0,1060.95625,1058.84375,1058.851809246224,976.0755582703111,0.084805167258362,0.3995078624194423,False,False,,
1076,2.9146688,170056.0,1062.85,1060.95625,1060.9643555585951,976.0755582703111,0.0869694938768001,0.3995079625735744,False,False,,
1077,2.9173776,171229.0,1070.18125,1060.95625,1060.964402136531,976.0755582703111,0.0869695415964002,0.1063908494600234,False,False,,
1078,2.9200863999999997,170343.0,1064.64375,1061.51875,1061.5269489815526,976.0755582703111,0.0875458769428346,0.3581408158801871,False,False,,
1079,2.9227952,171145.0,1069.65625,1062.85,1062.8582460951925,976.0755582703111,0.0889098052805128,0.2517677353244743,False,False,,
1080,2.925504,169089.0,1056.80625,1062.85,1062.858293478991,976.0755582703111,0.0889098538257286,0.3392302322485392,False,False,,
1081,2.9282128,170711.0,1066.94375,1064.64375,1064.6520911344971,976.0755582703111,0.0907476189867421,0.3392303353072456,False,False,,
1082,2.9309216,168804.0,1055.025,1064.64375,1064.6521390632688,976.0755582703111,0.0907476680902888,1.8179389822847725e-05,False,False,,
1083,2.9336303999999997,171407.0,1071.29375,1064.64375,1064.6521872668732,976.0755582703111,0.0907477174754044,1.8283633899329743e-05,False,False,,
1084,2.9363392,169752.0,1060.95,1064.64375,1064.6522357468862,976.0755582703111,0.0907477671437038,1.838847569146651e-05,False,False,,
1085,2.939048,171676.0,1072.975,1064.64375,1064.6522845048926,976.0755582703111,0.0907478170968104,-0.1831797647326318,False,False,,
1086,2.9417568,171381.0,1071.13125,1063.675,1063.6835835424863,976.0755582703111,0.0897553724502884,-0.1831796586849954,False,False,,
1087,2.9444656,168743.0,1054.64375,1063.675,1063.6836328612712,976.0755582703111,0.0897554229779187,0.450331845629222,False,False,,
1088,2.9471743999999997,170569.0,1066.05625,1066.05625,1066.0649324628591,976.0755582703111,0.0921950902571689,0.4503319528964553,False,False,,
1089,2.9498832,169838.0,1061.4875,1066.05625,1066.0649823488718,976.0755582703111,0.0921951413659301,1.89217716055623e-05,False,False,,
1090,2.952592,170188.0,1063.675,1066.05625,1066.0650325209403,976.0755582703111,0.0921951927677587,1.9030272632392094e-05,False,False,,
1091,2.9553008,169226.0,1057.6625,1066.05625,1066.065082980705,976.0755582703111,0.0921952444643351,0.6488955522957021,False,False,,
1092,2.9580096,171118.0,1069.4875,1069.4875,1069.496383729815,976.0755582703111,0.0957106493118764,0.0189300371342042,False,False,,
1093,2.9607184,169772.0,1061.075,1066.15625,1066.1651847699304,976.0755582703111,0.0922977998335145,-0.6299462653875132,False,False,,
1094,2.9634272,171741.0,1073.38125,1066.15625,1066.1652361027193,976.0755582703111,0.0922978524245137,0.2269489264116089,False,False,,
1095,2.966136,171511.0,1071.94375,1067.35625,1067.36528772986,976.0755582703111,0.0935273183372421,0.629985207092016,False,False,,
1096,2.9688448,172683.0,1079.26875,1069.4875,1069.4965896530405,976.0755582703111,0.0957108602824551,0.5401590764284414,False,False,,
1097,2.9715536,170118.0,1063.2375,1070.2125,1070.2216418739586,976.0755582703111,0.0964536841497006,0.4645160374009762,False,False,,
1098,2.9742624,171234.0,1070.2125,1071.94375,1071.9529443943206,976.0755582703111,0.0982274223666785,0.327412938054227,False,False,,
1099,2.9769712,171511.0,1071.94375,1071.94375,1071.9529972158446,976.0755582703111,0.0982274764829028,2.0035211417024357e-05,False,False,,
1100,2.97968,170585.0,1066.15625,1071.94375,1071.953050340257,976.0755582703111,0.0982275309094398,2.0150097110871457e-05,False,False,,
1101,2.9823888,170777.0,1067.35625,1071.94375,1071.953103769295,976.0755582703111,0.0982275856480689,2.0265641534678025e-05,False,False,,
1102,2.9850976,172895.0,1080.59375,1071.94375,1071.953157504705,976.0755582703111,0.0982276407005794,2.038184852182212e-05,False,False,,
1103,2.9878064,171971.0,1074.81875,1071.94375,1071.953211548244,976.0755582703111,0.0982276960687715,2.049872188081281e-05,False,False,,
1104,2.9905152,171646.0,1072.7875,1071.94375,1071.9532659016786,976.0755582703111,0.0982277517544551,0.0082940860109665,False,False,,
1105,2.993224,173079.0,1081.74375,1071.9875,1071.9970705667863,976.0755582703111,0.0982726301091445,0.0082942042284983,False,False,,
1106,2.9959328,171080.0,1069.25,1071.9875,1071.9971255453538,976.0755582703111,0.0982726864352834,2.085337834856205e-05,False,False,,
1107,2.9986416,170964.0,1068.525,1071.9875,1071.9971808391788,976.0755582703111,0.098272743084407,0.050843715678166,False,False,,
1108,3.0013504,170635.0,1066.46875,1072.25625,1072.265986450069,976.0755582703111,0.0985481373493414,0.1513073971368399,False,False,,
1109,3.0040592,171879.0,1074.24375,1072.7875,1072.7972923798425,976.0755582703111,0.0990924660391356,2.1214170917716046e-05,False,False,,
1110,3.006768,171518.0,1071.9875,1072.25625,1072.266098630328,976.0755582703111,0.0985482522792337,-0.1004422253788135,False,False,,
1111,3.0094768,171759.0,1073.49375,1072.25625,1072.2661552033642,976.0755582703111,0.0985483102389233,2.145816053911176e-05,False,False,,
1112,3.0121856,171561.0,1072.25625,1072.25625,1072.2662121008009,976.0755582703111,0.0985483685309643,2.1581205650988977e-05,False,False,,
1113,3.0148944,170470.0,1065.4375,1072.25625,1072.266269324498,976.0755582703111,0.098548427157263,2.1704956399304365e-05,False,False,,
1114,3.0176032,170785.0,1067.40625,1072.25625,1072.2663268763267,976.0755582703111,0.0985484861197361,0.2340428307904787,False,False,,
1115,3.020312,172419.0,1077.61875,1073.49375,1073.5038847581684,976.0755582703111,0.0998163775973536,0.3758738658879466,False,False,,
1116,3.0230208,172520.0,1078.25,1074.24375,1074.2539429719154,976.0755582703111,0.1005848203755707,0.5756191899219232,False,False,,
1117,3.0257296,170960.0,1068.5,1076.5375,1076.547751519471,976.0755582703111,0.1029348521206748,0.518886952566131,False,False,,
1118,3.0284384,172933.0,1080.83125,1076.9875,1076.997810402749,976.0755582703111,0.1033959423297932,0.0851208803898266,False,False,,
1119,3.0311472,172380.0,1077.375,1076.9875,1076.9978696236751,976.0755582703111,0.1033960030022747,0.0733017659660575,False,False,,
1120,3.033856,172812.0,1080.075,1077.375,1077.385429184185,976.0755582703111,0.1037930619770909,0.1123053949992112,False,False,,
1121,3.0365648,171561.0,1072.25625,1077.58125,1077.5917390862264,976.0755582703111,0.1040044287102224,0.0461177665777405,False,False,,
1122,3.0392736,172246.0,1076.5375,1077.61875,1077.6292993317572,976.0755582703111,0.1040429095893025,2.285113823319307e-05,False,False,,
1123,3.0419824,172318.0,1076.9875,1077.58125,1077.591859922747,976.0755582703111,0.1040045525085489,-0.0460720635542202,False,False,,
1124,3.0446912,172413.0,1077.58125,1077.375,1077.385670861177,976.0755582703111,0.1037933095777911,-0.0389803862739235,False,False,,
1125,3.0474,173000.0,1081.25,1077.375,1077.3857321490395,976.0755582703111,0.1037933723678713,-0.0732560569656861,False,False,,
1126,3.0501088,171864.0,1074.15,1076.9875,1076.998293788338,976.0755582703111,0.1033964375635739,-0.0732559236659504,False,False,,
1127,3.0528176,172424.0,1077.65,1076.9875,1076.998355781088,976.0755582703111,0.1033965010758187,-0.0850750320954141,False,False,,
1128,3.0555264,172549.0,1078.43125,1076.5375,1076.548418129316,976.0755582703111,0.1029355350696938,2.364869160587091e-05,False,False,,
1129,3.0582352,172736.0,1079.6,1076.9875,1076.9984808350605,976.0755582703111,0.1033966291949705,0.0851223302517318,False,False,,
1130,3.060944,170957.0,1068.48125,1076.9875,1076.9985439003713,976.0755582703111,0.1033966938060656,0.1123067243707467,False,False,,
1131,3.0636528,169565.0,1059.78125,1077.58125,1077.5923573273108,976.0755582703111,0.1040050621049213,0.1253080282794521,False,False,,
1132,3.0663616,170903.0,1068.14375,1077.65,1077.661171117952,976.0755582703111,0.1040755625800723,0.0130253625421659,False,False,,
1133,3.0690704,172135.0,1075.84375,1077.65,1077.661235274381,976.0755582703111,0.1040756283090298,2.433454245576172e-05,False,False,,
1134,3.0717792,173898.0,1086.8625,1077.65,1077.661299798695,976.0755582703111,0.1040756944148895,-0.3001842852568295,False,False,,
1135,3.074488,171750.0,1073.4375,1076.0625,1076.073864693003,976.0755582703111,0.1024493499252223,-0.3001841449177966,False,False,,
1136,3.0771968,172514.0,1078.2125,1076.0625,1076.073929959428,976.0755582703111,0.1024494167913826,-0.0413425931636908,False,False,,
1137,3.0799056,172170.0,1076.0625,1075.84375,1075.8552456001023,976.0755582703111,0.1022253722924986,-0.0413424512106566,False,False,,
1138,3.0826144,173685.0,1085.53125,1075.84375,1075.855311617173,976.0755582703111,0.1022254399277037,0.0413923890117793,False,False,,
1139,3.0853232,173545.0,1084.65625,1076.0625,1076.0741280127977,976.0755582703111,0.1024496196992089,0.40778904989984,False,False,,
1140,3.088032,173505.0,1084.40625,1078.0,1078.0116947891474,976.0755582703111,0.1044346778844413,0.4066072700595171,False,False,,
1141,3.0907408,172110.0,1075.6875,1078.2125,1078.2242619484057,976.0755582703111,0.1046524552454836,0.0402108979942603,False,False,,
1142,3.0934496,171431.0,1071.44375,1078.2125,1078.224329492767,976.0755582703111,0.1046525244454149,0.4136991068627864,False,False,,
1143,3.0961584,174155.0,1088.46875,1080.4,1080.411897424441,976.0755582703111,0.106893711526823,0.413699253770357,False,False,,
1144,3.0988672,171698.0,1073.1125,1080.4,1080.4119657456476,976.0755582703111,0.1068937815226408,2.5914243284574923e-05,False,False,,
1145,3.101576,171837.0,1073.98125,1080.4,1080.4120344586208,976.0755582703111,0.1068938519198274,-0.453832848914903,False,True,999.0,4.0
1146,3.1042848,172480.0,1078.0,1078.0,1078.0121035656075,976.0755582703111,0.1044350966803599,-0.4538326994656252,False,False,,
1147,3.1069936,173004.0,1081.275,1078.0,1078.0121730688666,976.0755582703111,0.1044351678872029,2.636259587163181e-05,False,False,,
1148,3.1097024,173333.0,1083.33125,1078.0,1078.0122429706705,976.0755582703111,0.1044352395023593,2.651376387419191e-05,False,False,,
1149,3.1124112,174550.0,1090.9375,1078.0,1078.0123132733038,976.0755582703111,0.1044353115281701,0.4089724560782315,False,False,,
1150,3.11512,172864.0,1080.4,1080.1625,1080.1748839790662,976.0755582703111,0.1066508886804088,0.0567591826748525,False,False,,
1151,3.1178288,171398.0,1071.2375,1078.3,1078.3124550902687,976.0755582703111,0.10474281007623,-0.3521864538210799,False,False,,
1152,3.1205376,171777.0,1073.60625,1078.3,1078.312526609236,976.0755582703111,0.1047428833481881,2.712715434327606e-05,False,False,,
1153,3.1232464,172011.0,1075.06875,1078.3,1078.3125985383067,976.0755582703111,0.1047429570403014,0.3522407090165593,False,False,,
1154,3.1259552,172826.0,1080.1625,1080.1625,1080.1751708798322,976.0755582703111,0.1066511826133565,2.7439150745323104e-05,False,False,,
1155,3.128664,173990.0,1087.4375,1078.3,1078.3127436361776,976.0755582703111,0.1047431056946445,-0.4774698002504323,False,False,,
1156,3.1313728,171798.0,1073.7375,1077.6375,1077.6503168097215,976.0755582703111,0.1040644422235196,-0.125256215697,False,False,,
1157,3.1340816,174903.0,1093.14375,1077.6375,1077.6503904028564,976.0755582703111,0.1040645176204845,2.791388630996039e-05,False,False,,
1158,3.1367904,172528.0,1078.3,1077.6375,1077.650464417988,976.0755582703111,0.1040645934497901,2.807394982085043e-05,False,False,,
1159,3.1394992,171185.0,1069.90625,1077.6375,1077.6505388575365,976.0755582703111,0.1040646697139151,2.8234931122028684e-05,False,False,,
1160,3.142208,172241.0,1076.50625,1077.6375,1077.6506137239353,976.0755582703111,0.1040647464153529,2.8396835510591245e-05,False,False,,
1161,3.1449168,173016.0,1081.35,1077.6375,1077.650689019632,976.0755582703111,0.1040648235566111,-0.0011533645811141,False,False,,
1162,3.1476256,172422.0,1077.6375,1077.63125,1077.644514747088,976.0755582703111,0.1040584979473983,-0.0011532008145636,False,False,,
1163,3.1503344,172352.0,1077.2,1077.63125,1077.6445909087802,976.0755582703111,0.1040585759758782,2.888814041313026e-05,False,False,,
1164,3.1530432,172557.0,1078.48125,1077.63125,1077.6446675071977,976.0755582703111,0.1040586544517878,-0.0815237194155749,False,False,,
1165,3.155752,172757.0,1079.73125,1077.2,1077.2134945448447,976.0755582703111,0.1036169130735723,-0.2127171444949915,False,False,,
1166,3.1584608,172199.0,1076.24375,1076.50625,1076.5198220242398,976.0755582703111,0.1029062380497718,2.93879454424939e-05,False,False,,
1167,3.1611696,172421.0,1077.63125,1077.2,1077.2136499479168,976.0755582703111,0.1036170722857058,0.2127759213468039,False,False,,
1168,3.1638784,169409.0,1058.80625,1077.63125,1077.6449783184223,976.0755582703111,0.1040589728812602,2.9725943857528137e-05,False,False,,
1169,3.1665872,171627.0,1072.66875,1077.2,1077.2138071383197,976.0755582703111,0.1036172333289791,-0.2623572869605191,False,False,,
1170,3.169296,173009.0,1081.30625,1076.24375,1076.257636410185,976.0755582703111,0.1026376260434228,-0.1808043423228937,False,False,,
1171,3.1720048,171662.0,1072.8875,1076.24375,1076.2577161366098,976.0755582703111,0.1026377077240104,-0.5141068082284725,False,False,,
1172,3.1747136,171417.0,1071.35625,1073.525,1073.5390463202011,976.0755582703111,0.0998524009991638,-0.5141066348252998,False,False,,
1173,3.1774224,171281.0,1070.50625,1073.525,1073.53912696358,976.0755582703111,0.0998524836191804,-0.1205256853900316,False,False,,
1174,3.1801312,172720.0,1079.5,1072.8875,1072.9017080693834,976.0755582703111,0.0991994410459947,-0.1205255099924471,False,False,,
1175,3.18284,172649.0,1079.05625,1072.8875,1072.9017896402625,976.0755582703111,0.0991995246162453,3.093984586399756e-05,False,False,,
1176,3.1855488,171764.0,1073.525,1072.8875,1072.9018716788844,976.0755582703111,0.0991996086657036,0.1205873906957784,False,False,,
1177,3.1882576,169489.0,1059.30625,1073.525,1073.5394541879314,976.0755582703111,0.0998528188640789,0.1205875691280162,False,False,,
1178,3.1909664,173772.0,1086.075,1073.525,1073.5395371701006,976.0755582703111,0.0998529038802117,3.147514841117527e-05,False,False,,
1179,3.1936752,171491.0,1071.81875,1073.525,1073.5396206281052,976.0755582703111,0.0998529893838429,3.165563281726236e-05,False,False,,
1180,3.196384,171804.0,1073.775,1073.525,1073.5397045646737,976.0755582703111,0.099853075377768,3.1837152189240214e-05,False,False,,
1181,3.1990928,170473.0,1065.45625,1073.525,1073.5397889825504,976.0755582703111,0.0998531618647986,3.201971237132284e-05,False,False,,
1182,3.2018016,172933.0,1080.83125,1073.525,1073.539873884495,976.0755582703111,0.0998532488477618,-0.3226331167566947,False,False,,
1183,3.2045104,171044.0,1069.025,1071.81875,1071.8337092732827,976.0755582703111,0.0981052646914579,-0.3900026143103652,False,False,,
1184,3.2072192,172193.0,1076.20625,1071.4625,1071.4775451517066,976.0755582703111,0.0977403706844742,-0.0673371085155416,False,False,,
1185,3.209928,171875.0,1074.21875,1071.4625,1071.4776315225731,976.0755582703111,0.0977404591723641,3.276048181533042e-05,False,False,,
1186,3.2126368,169352.0,1058.45,1071.4625,1071.4777183887068,976.0755582703111,0.0977405481676605,-0.2954481140040315,False,False,,
1187,3.2153456,170838.0,1067.7375,1069.9,1069.9153057529468,976.0755582703111,0.0961398394699356,-0.3557260617896531,False,False,,
1188,3.2180544,171434.0,1071.4625,1069.58125,1069.5966436181498,976.0755582703111,0.0958133666553087,-0.060244809433712,False,False,,
1189,3.2207632,172483.0,1078.01875,1069.58125,1069.5967319871884,976.0755582703111,0.0958134571903476,-0.1051577398045147,False,False,,
1190,3.223472,171184.0,1069.9,1069.025,1069.040570862952,976.0755582703111,0.0952436640841437,-0.2552619272728336,False,False,,
1191,3.2261808,170504.0,1065.65,1068.23125,1068.2469102483456,976.0755582703111,0.0944305501731543,-0.2434424914763653,False,False,,
1192,3.2288896,170150.0,1063.4375,1067.7375,1067.753250146292,976.0755582703111,0.0939247900423214,-0.1406148873704964,False,False,,
1193,3.2315984,172532.0,1078.325,1067.4875,1067.50334055973,976.0755582703111,0.0936687549593359,-0.047242676144787,False,False,,
1194,3.2343072,171133.0,1069.58125,1067.4875,1067.503431491616,976.0755582703111,0.0936688481200395,-0.2788996323725285,False,False,,
1195,3.237016,170917.0,1068.23125,1066.0125,1066.0285229449223,976.0755582703111,0.0921577883109944,-0.3474510410607152,False,False,,
1196,3.2397248,168640.0,1054.0,1065.65,1065.6661149226388,976.0755582703111,0.0917864973599888,-0.2138934019738272,False,False,,
1197,3.2424336,170798.0,1067.4875,1064.88125,1064.8974574277731,976.0755582703111,0.0909989994164609,-0.1618885349522898,False,False,,
1198,3.2451424,169894.0,1061.8375,1064.79375,1064.8100504633492,976.0755582703111,0.0909094500330312,-0.2729892131957179,False,False,,
1199,3.2478512,170562.0,1066.0125,1063.4375,1063.4538940324087,976.0755582703111,0.0895200530550516,-0.5590146791910477,False,False,,
1200,3.25056,170381.0,1064.88125,1061.8375,1061.8539881380111,976.0755582703111,0.0878809321070456,-0.4620966872326733,False,False,,
1201,3.2532688,169759.0,1060.99375,1060.99375,1061.0103327832323,976.0755582703111,0.0870165980422998,-0.1595238747182961,False,False,,
1202,3.2559776,168775.0,1054.84375,1060.99375,1061.0104279711672,976.0755582703111,0.0870166955633719,3.610479698679114e-05,False,False,,
1203,3.2586864,170367.0,1064.79375,1060.99375,1061.0105237049274,976.0755582703111,0.0870167936436479,3.6311828665702706e-05,False,False,,
1204,3.2613952,169510.0,1059.4375,1060.99375,1061.0106199876432,976.0755582703111,0.0870168922863349,-0.2942626180437173,False,False,,
1205,3.264104,168919.0,1055.74375,1059.4375,1059.454466822462,976.0755582703111,0.0854225964841342,-0.3876344243305833,False,False,,
1206,3.2668128,169431.0,1058.94375,1058.94375,1058.9608142125498,976.0755582703111,0.0849168440290814,-0.3888161379662875,False,False,,
1207,3.2695216,169181.0,1057.38125,1057.38125,1057.398412161091,976.0755582703111,0.0833161461750879,-0.3309016379261589,False,False,,
1208,3.2722304,169021.0,1056.38125,1057.19375,1057.211010671287,976.0755582703111,0.0831241513154524,-0.189070514966728,False,False,,
1209,3.2749392,170125.0,1063.28125,1056.38125,1056.39860974636,976.0755582703111,0.0822918377532041,-0.1536125732283295,False,False,,
1210,3.277648,171031.0,1068.94375,1056.38125,1056.398709389547,976.0755582703111,0.0822919398387306,-0.049603023798296,False,False,,
1211,3.2803568,169151.0,1057.19375,1056.11875,1056.1363096041075,976.0755582703111,0.0820231084114745,-0.1205182620382139,False,False,,
1212,3.2830656,168575.0,1053.59375,1055.74375,1055.761410393317,976.0755582703111,0.0816390201023123,3.822936124109333e-05,False,False,,
1213,3.2857744,168590.0,1053.6875,1056.11875,1056.1365117604705,976.0755582703111,0.0820233155228618,-0.3001703107624909,False,False,,
1214,3.2884832,168663.0,1054.14375,1054.15625,1054.1741137088825,976.0755582703111,0.0800128174267251,-0.3734493937516685,False,False,,
1215,3.291192,168979.0,1056.11875,1054.14375,1054.1617162418856,976.0755582703111,0.0800001160872726,-0.0046888062149577,False,False,,
1216,3.2939008,168540.0,1053.375,1054.13125,1054.1493193628326,976.0755582703111,0.0799874153501749,-0.0070524317066116,False,False,,
1217,3.2966096,168665.0,1054.15625,1054.10625,1054.1244230750942,976.0755582703111,0.0799619088332589,-0.0838772836293806,False,False,,
1218,3.2993184,168120.0,1050.75,1053.6875,1053.7057773820616,976.0755582703111,0.0795330017783845,-0.0968782248004682,False,False,,
1219,3.3020272,167867.0,1049.16875,1053.59375,1053.6121322871445,976.0755582703111,0.07943706136258,-0.0590564219554448,False,False,,
1220,3.304736,169486.0,1059.2875,1053.375,1053.3934877937731,976.0755582703111,0.0792130577067986,-0.0413273300486949,False,False,,
1221,3.3074448,166783.0,1042.39375,1053.375,1053.3935939053963,976.0755582703111,0.0792131664193081,-0.4963679365786273,False,False,,
1222,3.3101536,168661.0,1054.13125,1050.75,1050.768700625484,976.0755582703111,0.0765239347735899,-0.7953945408769254,False,False,,
1223,3.3128624,167057.0,1044.10625,1049.16875,1049.1875579575244,976.0755582703111,0.0749040369546532,-0.705568065811562,False,False,,
1224,3.3155712,168657.0,1054.10625,1047.01875,1047.0376659050266,976.0755582703111,0.0727014492202491,-0.9348611367430256,False,False,,
1225,3.31828,166871.0,1042.94375,1044.225,1044.2440244715203,976.0755582703111,0.0698393332602338,-0.5282789601787474,False,False,,
1226,3.3209888,164680.0,1029.25,1044.225,1044.2441336605548,976.0755582703111,0.0698394451255843,-0.0224151453218119,False,False,,
1227,3.3236976,165788.0,1036.175,1044.10625,1044.1254934756998,976.0755582703111,0.0697178969689383,-0.2422528182194874,False,False,,
1228,3.3264064,169054.0,1056.5875,1042.94375,1042.9631039205456,976.0755582703111,0.0685270162575986,-0.219796018636087,False,False,,
1229,3.3291152,167523.0,1047.01875,1042.94375,1042.9632149987026,976.0755582703111,0.0685271300583757,-0.1110587474795465,False,False,,
1230,3.331824,167076.0,1044.225,1042.35625,1042.3758267138028,976.0755582703111,0.0679253443872534,-0.1807920365993549,False,False,,
1231,3.3345328,166290.0,1039.3125,1041.9875,1042.0071890694985,976.0755582703111,0.067547671120895,-0.3072576883032241,False,False,,
1232,3.3372416,166718.0,1041.9875,1040.73125,1040.7510520694625,976.0755582703111,0.0662607451351017,-0.2375239132196061,False,False,,
1233,3.3399504,167654.0,1047.8375,1040.73125,1040.7511657173898,976.0755582703111,0.0662608615686363,4.3106674725734706e-05,False,False,,
1234,3.3426592,165990.0,1037.4375,1040.73125,1040.7512800169957,976.0755582703111,0.0662609786698227,4.33538564941216e-05,False,False,,
1235,3.345368,166517.0,1040.73125,1040.73125,1040.751394972017,976.0755582703111,0.0662610964424892,4.360245560697251e-05,False,False,,
1236,3.3480768,165970.0,1037.3125,1040.73125,1040.7515105862117,976.0755582703111,0.0662612148904862,-0.2682529521250014,False,False,,
1237,3.3507856,166777.0,1042.35625,1039.3125,1039.33287686336,976.0755582703111,0.0648078092490566,-0.6228299754753959,False,False,,
1238,3.3534944,164879.0,1030.49375,1037.4375,1037.4579938072638,976.0755582703111,0.0628869712153508,-0.3781714029571432,False,False,,
1239,3.3562032,164026.0,1025.1625,1037.3125,1037.3331114217451,976.0755582703111,0.0627590278563963,-0.1807897989630476,False,False,,
1240,3.358912,167238.0,1045.2375,1036.48125,1036.501979710651,976.0755582703111,0.0619075244004886,-0.5235475754692551,False,False,,
1241,3.3616208,165527.0,1034.54375,1034.54375,1034.5645986778472,976.0755582703111,0.0599226565115343,-1.1322383066152,False,False,,
1242,3.3643296,164179.0,1026.11875,1030.49375,1030.5147183272236,976.0755582703111,0.0557735101505698,-1.593188505115636,False,False,,
1243,3.3670384,167359.0,1045.99375,1026.11875,1026.139838662692,976.0755582703111,0.05129139846622,-1.0081357414464271,False,False,,
1244,3.3697472,165837.0,1036.48125,1025.1625,1025.1837096881866,976.0755582703111,0.0503118339577103,-0.1914258234096504,False,False,,
1245,3.372456,163611.0,1022.56875,1025.10625,1025.1275814076644,976.0755582703111,0.0502543299253158,-0.1146004839732501,False,False,,
1246,3.3751648,162379.0,1014.86875,1024.55625,1024.5777038251044,976.0755582703111,0.0496909743757369,-0.4561763273018524,False,False,,
1247,3.3778736,164017.0,1025.10625,1022.69375,1022.7153269445088,976.0755582703111,0.0477829490545251,-0.3758052120899133,False,False,,
1248,3.3805824,162938.0,1018.3625,1022.56875,1022.5904507699032,976.0755582703111,0.0476550120587183,-0.0755961849697648,False,False,,
1249,3.3832912,162937.0,1018.35625,1022.29375,1022.3155753053358,976.0755582703111,0.0473733991628329,-0.375804674990345,False,False,,
1250,3.386,163631.0,1022.69375,1020.58125,1020.6032005548776,976.0755582703111,0.0456190526514905,-0.5117256928051965,False,False,,
1251,3.3887088,163929.0,1024.55625,1019.5875,1019.609576522624,976.0755582703111,0.0446010740494914,-0.2174262822988737,False,False,,
1252,3.3914176,163293.0,1020.58125,1019.43125,1019.4534532126934,976.0755582703111,0.0444411240245083,-0.2316090993141131,False,False,,
1253,3.3941264,160971.0,1006.06875,1018.3625,1018.3848306292272,976.0755582703111,0.0433463085930474,-0.2020607175319106,False,False,,
1254,3.3968352,163109.0,1019.43125,1018.3625,1018.3849587763916,976.0755582703111,0.0433464398812076,-0.0011333180120125,False,False,,
1255,3.399544,163134.0,1019.5875,1018.35625,1018.3788376583758,976.0755582703111,0.0433401687293856,-0.0377726910249673,False,False,,
1256,3.4022528,163567.0,1022.29375,1018.1625,1018.1852172793934,976.0755582703111,0.0431418025503108,-0.4419905039914509,False,False,,
1257,3.4049616,162217.0,1013.85625,1016.01875,1016.0415976436824,976.0755582703111,0.0409456409749612,-0.8142963606177975,False,False,,
1258,3.4076704,160308.0,1001.925,1013.85625,1013.8792287555048,976.0755582703111,0.0387302705870279,-0.5223607874857699,False,False,,
1259,3.4103792,162121.0,1013.25625,1013.25625,1013.2793606191468,976.0755582703111,0.0381156991726786,-0.6760106547374587,False,False,,
1260,3.413088,162906.0,1018.1625,1010.28125,1010.30449323892,976.0755582703111,0.035067915263922,-0.5625456399980386,False,False,,
1261,3.4157968,162563.0,1016.01875,1010.28125,1010.3046266191596,976.0755582703111,0.0350680519134248,-0.6440981247589272,False,False,,
1262,3.4185056,159766.0,998.5375,1006.875,1006.8985107642268,976.0755582703111,0.0315784492632275,-1.2173310956007484,False,False,,
1263,3.4212144,161100.0,1006.875,1003.84375,1003.867395678507,976.0755582703111,0.0284730389698982,-0.8402969682915407,False,False,,
1264,3.4239232,160238.0,1001.4875,1002.43125,1002.4550313664108,976.0755582703111,0.0270260564078116,-0.3627992781133287,False,False,,
1265,3.426632,160615.0,1003.84375,1001.925,1001.948917832375,976.0755582703111,0.0265075376007913,-0.1784188000945237,False,False,,
1266,3.4293408,161645.0,1010.28125,1001.4875,1001.5115550808604,976.0755582703111,0.0260594547164195,-0.3557071406883745,False,False,,
1267,3.4320496,160389.0,1002.43125,1000.04375,1000.0679431163544,976.0755582703111,0.0245804585953978,-0.2930648569596634,False,False,,
1268,3.4347584,160007.0,1000.04375,999.9375,999.96183194337,976.0755582703111,0.0244717465473546,-0.2847910869899372,False,False,,
1269,3.4374672,159990.0,999.9375,998.5375,998.5619715664458,976.0755582703111,0.0230375744025209,-0.4159843767234585,False,False,,
1270,3.440176,159638.0,997.7375,997.7375,997.7621119901464,976.0755582703111,0.0222181095880175,-0.1512330411890738,False,False,,
1271,3.4428848,158649.0,991.55625,997.7375,997.762253219063,976.0755582703111,0.0222182542785749,-0.1205027052871363,False,False,,
1272,3.4455936,157747.0,985.91875,997.1,997.1248952578128,976.0755582703111,0.0215652741318538,-0.5672697643764737,False,False,,
1273,3.4483024,159536.0,997.1,994.7375,994.7625381110394,976.0755582703111,0.0191450136030893,-0.9159371090071716,False,False,,
1274,3.4510112,159158.0,994.7375,992.25625,992.2814317834134,976.0755582703111,0.0166030932500966,-0.579088387236097,False,False,,
1275,3.45372,158363.0,989.76875,991.675,991.7003262796316,976.0755582703111,0.0160077443563988,-0.1323207084927768,False,False,,
1276,3.4564288,158761.0,992.25625,991.55625,991.5817216044184,976.0755582703111,0.0158862325797661,-0.194962379432849,False,False,,
1277,3.4591376,157950.0,987.1875,990.64375,990.6693677625248,976.0755582703111,0.0149515161695833,-0.3379748975275092,False,False,,
1278,3.4618464,159644.0,997.775,989.76875,989.7945147587292,976.0755582703111,0.014055219774921,-0.6535483542165634,False,False,,
1279,3.4645552,158503.0,990.64375,987.1875,987.2134125978376,976.0755582703111,0.0114108526057794,-0.3391561841725572,False,False,,
1280,3.467264,158668.0,991.675,987.975,988.0010612846831,976.0755582703111,0.0122178072315477,5.6396941307657045e-05,False,False,,
1281,3.4699728,157267.0,982.91875,987.1875,987.2137108241272,976.0755582703111,0.0114111581418489,-0.453802191423202,False,False,,
1282,3.4726816,157692.0,985.575,985.575,985.6013612210584,976.0755582703111,0.0097592884792932,-0.5637208213689351,False,False,,
1283,3.4753904,157443.0,984.01875,984.20625,984.2327624803938,976.0755582703111,0.0083571442200005,-0.2942417654042417,False,False,,
1284,3.4780992,156392.0,977.45,984.01875,984.0454146070788,976.0755582703111,0.0081652042910395,-0.2434186936958307,False,False,,
1285,3.4808079999999997,157473.0,984.20625,982.91875,982.9455676060868,976.0755582703111,0.0070383991050342,-0.6346352893625685,False,False,,
1286,3.4835168,155910.0,974.4375,980.6625,980.6894714824198,976.0755582703111,0.0047270041473887,-0.5459906378908569,False,False,,
1287,3.4862256,158076.0,987.975,980.03125,980.0583762411086,976.0755582703111,0.0040804402251965,-0.1193156491932908,False,False,,
1288,3.4889344,156805.0,980.03125,980.03125,980.0585318872128,976.0755582703111,0.004080599686319,-0.0850395093649922,False,False,,
1289,3.4916432,156199.0,976.24375,979.58125,979.608688425821,976.0755582703111,0.0036197301792606,-0.4679826276316276,False,False,,
1290,3.4943519999999997,156328.0,977.05,977.55625,977.5838458620512,976.0755582703111,0.0015452570028622,-0.4029764534486056,False,False,,
1291,3.4970608,155773.0,973.58125,977.45,977.4777542010502,976.0755582703111,0.0014365649450578,-0.0956758061938995,False,False,,
1292,3.4997696,156906.0,980.6625,977.05,977.0779134479948,976.0755582703111,0.0010269237552261,-0.2280509777386346,False,False,,
1293,3.5024784,156733.0,979.58125,976.24375,976.2718236080912,976.0755582703111,0.0002010759680611,-0.1524074794207798,False,False,,
1294,3.5051872,156005.0,975.03125,976.24375,976.2719846865758,976.0755582703111,0.0002012409947162,-0.2126852677935616,False,False,,
1295,3.5078959999999997,157177.0,982.35625,975.11875,975.1471466887148,976.0755582703111,-0.000951167738737,-0.2292318569424257,False,False,,
1296,3.5106048,156409.0,977.55625,975.03125,975.0598096198044,976.0755582703111,-0.0010406455134548,-0.1855003073648084,False,False,,
1297,3.5133136,154930.0,968.3125,974.1375,974.1662234851716,976.0755582703111,-0.0019561342039167,-0.2741442716954478,False,False,,
1298,3.5160224,155672.0,972.95,973.58125,973.6101382901734,976.0755582703111,-0.0025258495197921,-0.2245030968186044,False,False,,
1299,3.5187312,155379.0,971.11875,972.95,972.9790540401984,976.0755582703111,-0.0031724021812411,-0.2694158598470685,False,False,,
1300,3.5214399999999997,154788.0,967.425,972.15625,972.1854707406648,976.0755582703111,-0.0039854368820995,-0.3462405755529359,False,False,,
1301,3.5241488,156019.0,975.11875,971.11875,971.1481383970232,976.0755582703111,-0.0050481951233567,-0.6275381843312977,False,False,,
1302,3.5268576,155862.0,974.1375,968.8375,968.8670570147548,976.0755582703111,-0.0073851877495329,-0.530620031234612,False,False,,
1303,3.5295664,153279.0,957.99375,968.3125,968.342226599372,976.0755582703111,-0.0079228822045736,-0.2670505568868804,False,False,,
1304,3.5322752,155545.0,972.15625,967.425,967.4548971564194,976.0755582703111,-0.0088319608465233,-0.6015347506137017,False,False,,
1305,3.5349839999999997,154421.0,965.13125,965.13125,965.161318691473,976.0755582703111,-0.0111817568694981,-1.119217200876554,False,False,,
1306,3.5376928,152006.0,950.0375,961.50625,961.5364912101408,976.0755582703111,-0.0148954319539923,-0.9159258569011572,False,False,,
1307,3.5404016,153841.0,961.50625,960.2875,960.3179147180628,976.0755582703111,-0.0161438767918461,-0.2304094170465136,False,False,,
1308,3.5431104,153387.0,958.66875,960.2875,960.3180892209122,976.0755582703111,-0.0161436980117837,-0.3060521916297207,False,False,,
1309,3.5458192,155014.0,968.8375,958.66875,958.6995147243936,976.0755582703111,-0.0178019451452196,-0.4336996310210108,False,False,,
1310,3.5485279999999997,153646.0,960.2875,957.99375,958.0246912342448,976.0755582703111,-0.0184933091328032,-0.1500374294577438,False,False,,
1311,3.5512368,152790.0,954.9375,957.875,957.906118756237,976.0755582703111,-0.0186147879230497,-0.4218796229059953,False,False,,
1312,3.5539456,151855.0,949.09375,955.7625,955.7937972961736,976.0755582703111,-0.0207788841778589,-0.555436676977501,False,False,,
1313,3.5566544,152290.0,951.8125,954.9375,954.9689768598917,976.0755582703111,-0.0216239216642432,-0.1559458923725083,False,False,,
1314,3.5593632,153260.0,957.875,954.9375,954.9691574532616,976.0755582703111,-0.021623736644376,-0.5294335646239672,False,False,,
1315,3.5620719999999997,155118.0,969.4875,952.1375,952.1693390821882,976.0755582703111,-0.0244921809439495,-0.5908932328041492,False,False,,
1316,3.5647808,151493.0,946.83125,951.8125,951.8445217526092,976.0755582703111,-0.0248249598224153,-0.0613907740506594,False,False,,
1317,3.5674896,152922.0,955.7625,951.8125,951.8447054704964,976.0755582703111,-0.0248247716014464,-0.5140673642524192,False,False,,
1318,3.5701984,151269.0,945.43125,949.09375,949.1261402418568,976.0755582703111,-0.0276099711749887,-0.6570797988428545,False,False,,
1319,3.5729072,151289.0,945.55625,948.3375,948.3700760727309,976.0755582703111,-0.028384567119657,-0.4277860925927852,False,False,,
1320,3.5756159999999997,152342.0,952.1375,946.83125,946.864012969194,976.0755582703111,-0.0299275451102192,-0.5258854011117275,False,False,,
1321,3.5783248,151734.0,948.3375,945.55625,945.5892009373568,976.0755582703111,-0.0312336038687198,-0.2646797355068013,False,False,,
1322,3.5810336,150829.0,942.68125,945.43125,945.4643899833642,976.0755582703111,-0.031361474045301,-0.3722344333721992,False,False,,
1323,3.5837424,149119.0,931.99375,943.5875,943.620830113397,976.0755582703111,-0.0332502211349568,-0.4726975833970419,False,False,,
1324,3.5864512,153878.0,961.7375,942.93125,942.9647713336713,976.0755582703111,-0.0339223604731126,-0.1713064862808195,False,False,,
1325,3.5891599999999997,150974.0,943.5875,942.68125,942.7149636504384,976.0755582703111,-0.0341782911550318,-0.1571229793885189,False,False,,
1326,3.5918688,150369.0,939.80625,942.1,942.133907069986,976.0755582703111,-0.0347735899262478,-0.2304018645642109,False,False,,
1327,3.5945776,149770.0,936.0625,941.4625,941.4966015986377,976.0755582703111,-0.0354265162964949,-0.4336924147713272,False,False,,
1328,3.5972864,149212.0,932.575,939.80625,939.8405472427532,976.0755582703111,-0.0371231619525128,-0.5010616738893745,False,False,,
1329,3.5999952,150869.0,942.93125,938.8125,938.8469940087288,976.0755582703111,-0.0381410680209578,-0.7078979920061652,False,False,,
1330,3.6027039999999997,148657.0,929.10625,936.0625,936.0971919029976,976.0755582703111,-0.040958270114005,-0.5199716083958208,False,False,,
1331,3.6054128,150736.0,942.1,936.0625,936.0973909320292,976.0755582703111,-0.0409580662066025,-0.0649303419753648,False,False,,
1332,3.6081216,149634.0,935.2125,935.71875,935.7538411023309,976.0755582703111,-0.0413100367346908,-0.1606657732899261,False,False,,
1333,3.6108304,150634.0,941.4625,935.2125,935.2477924204466,976.0755582703111,-0.041828489099978,-0.594431537439859,False,False,,
1334,3.6135392,150210.0,938.8125,932.575,932.6104948929584,976.0755582703111,-0.0445304290319253,-0.4986952353789498,False,False,,
1335,3.616248,148840.0,930.25,932.575,932.6106985264852,976.0755582703111,-0.0445302204071674,0.4988492714562529,False,False,,
1336,3.6189568,149715.0,935.71875,935.2125,935.2484033276852,976.0755582703111,-0.0418278632188835,0.4988497143547974,False,False,,
1337,3.6216656,147858.0,924.1125,935.2125,935.2486093032538,976.0755582703111,-0.0418276521946787,0.0958139907603614,False,False,,
1338,3.6243744,148026.0,925.1625,935.71875,935.755066459925,976.0755582703111,-0.0413087813425402,7.857455441229177e-05,False,False,,
1339,3.6270832,147347.0,920.91875,935.2125,935.2490248044716,976.0755582703111,-0.0418272265091729,7.902511568147474e-05,False,False,,
1340,3.629792,147334.0,920.8375,935.71875,935.7554843437048,976.0755582703111,-0.0413083532160737,0.0958153424589012,False,False,,
1341,3.6325008,147504.0,921.9,935.71875,935.7556950844756,976.0755582703111,-0.0413081373098676,7.99340037866969e-05,False,False,,
1342,3.6352096,150164.0,938.525,935.71875,935.7559070336732,976.0755582703111,-0.0413079201656148,0.5307643803243103,False,False,,
1343,3.6379184,150805.0,942.53125,938.525,938.5623701982278,976.0755582703111,-0.0384326682030231,0.8120628126574898,False,False,,
1344,3.6406272,150717.0,941.98125,940.0125,940.0500845851078,976.0755582703111,-0.0369084886717618,0.6536854268711538,False,False,,
1345,3.643336,150402.0,940.0125,941.98125,942.0190502013226,976.0755582703111,-0.0348912620344061,0.4763972557535805,False,False,,
1346,3.6460448,148697.0,929.35625,942.53125,942.5692670539212,976.0755582703111,-0.0343275588989915,0.8037907417874957,False,False,,
1347,3.6487536,153420.0,958.875,946.23125,946.2694851499932,976.0755582703111,-0.0305366453116979,1.5283107782965804,False,False,,
1348,3.6514624,152098.0,950.6125,950.6125,950.6509544966692,976.0755582703111,-0.0260477824264922,1.648867526085792,False,False,,
1349,3.6541712,152792.0,954.95,954.95,954.9886751011204,976.0755582703111,-0.0216037406023757,1.2978365010992792,False,False,,
1350,3.65688,154400.0,965.0,957.475,957.5138969705588,976.0755582703111,-0.0190166233981366,0.700965234981132,False,False,,
1351,3.6595888,151397.0,946.23125,958.65625,958.6953701122384,976.0755582703111,-0.0178061913453422,0.26483566952749,False,False,,
1352,3.6622976,153196.0,957.475,958.875,958.9143445334544,976.0755582703111,-0.0175818496749044,0.8983475525143283,False,False,,
1353,3.6650064,153385.0,958.65625,963.40625,963.4458202415436,976.0755582703111,-0.0129393036448413,1.1583713754853426,False,False,,
1354,3.6677152,154145.0,963.40625,965.0,965.0397972438856,976.0755582703111,-0.0113062569110756,0.3865753315616058,False,False,,
1355,3.670424,154472.0,965.45,965.45,965.4900255479016,976.0755582703111,-0.010844993128573,1.5921385596364732,False,False,,
1356,3.6731328,156388.0,977.425,973.41875,973.459005161056,976.0755582703111,-0.0026806870503879,1.5909571319434754,True,False,1356.0,5.0
1357,3.6758416,156073.0,975.45625,973.8625,973.9029860908548,976.0755582703111,-0.0022258237705555,0.385394896997363,False,False,,
1358,3.6785504,155747.0,973.41875,975.45625,975.4969683448488,976.0755582703111,-0.0005927716564152,0.6442368098750779,False,False,,
1359,3.6812592,156363.0,977.26875,977.26875,977.3097019306311,976.0755582703111,0.0012643935706236,0.3723947376690336,False,False,,
1360,3.683968,156816.0,980.1,977.425,977.466186855838,976.0755582703111,0.0014247140743807,0.5355007921250383,False,False,,
1361,3.6866768,157422.0,983.8875,980.1,980.1414231281502,976.0755582703111,0.0041655226620406,0.8179811986799432,False,False,,
1362,3.6893856,155818.0,973.8625,981.75,981.7916607552922,976.0755582703111,0.0058562090163495,0.7163362271220235,False,False,,
1363,3.6920944,158084.0,988.025,983.8875,983.9293997450332,976.0755582703111,0.0080463458060967,0.849894184133843,False,False,,
1364,3.6948032,157799.0,986.24375,986.24375,986.285890105186,976.0755582703111,0.0104605957483129,0.7825250217176316,False,False,,
1365,3.697512,159561.0,997.25625,988.025,988.067381843609,976.0755582703111,0.0122857533637542,0.9680876516456736,False,False,,
1366,3.7002208,157080.0,981.75,991.3625,991.4051249682058,976.0755582703111,0.0157053074098687,0.7907995400170749,False,False,,
1367,3.7029296,158819.0,992.61875,992.20625,992.2491194869244,976.0755582703111,0.016569988951751,0.2376595201061393,False,False,,
1368,3.7056384,160405.0,1002.53125,992.61875,992.6618654077596,976.0755582703111,0.0169928516259958,0.8475329646000818,False,False,,
1369,3.7083472,158618.0,991.3625,996.6875,996.7308627387512,976.0755582703111,0.0211615835407689,0.8770816057066328,False,False,,
1370,3.711056,161335.0,1008.34375,997.25625,997.299861487985,976.0755582703111,0.0217445289330725,0.6028757177940975,False,False,,
1371,3.7137648,162039.0,1012.74375,999.875,999.9188616635938,976.0755582703111,0.0244277230294905,0.7683456537290505,False,False,,
1372,3.7164736,160211.0,1001.31875,1001.31875,1001.3628632737564,976.0755582703111,0.0259071183467153,0.5024132417490161,False,False,,
1373,3.7191824,159980.0,999.875,1002.53125,1002.5756163266992,976.0755582703111,0.02714959700799,1.3285788392999924,False,False,,
1374,3.7218912,158753.0,992.20625,1008.34375,1008.3883708306948,976.0755582703111,0.0331048270665076,1.5035041785903704,False,False,,
1375,3.7246,162961.0,1018.50625,1010.48125,1010.5261267940645,976.0755582703111,0.0352949812459217,0.5745122721321767,False,False,,
1376,3.7273088,159470.0,996.6875,1011.38125,1011.426384225176,976.0755582703111,0.0362173047520106,0.309761796989636,False,False,,
1377,3.7300176,161677.0,1010.48125,1012.11875,1012.164143132446,976.0755582703111,0.0369731467572928,0.2577576899247882,False,False,,
1378,3.7327264,162268.0,1014.175,1012.74375,1012.789403524339,976.0755582703111,0.0376137328129472,0.1513850705998756,False,False,,
1379,3.7354352,164073.0,1025.45625,1012.91875,1012.964665409368,976.0755582703111,0.0377932905157746,0.2707599861322256,False,False,,
1380,3.738144,162067.0,1012.91875,1014.175,1014.221178796095,976.0755582703111,0.0390806021138169,0.4728696023674699,False,False,,
1381,3.7408528,162701.0,1016.88125,1015.41875,1015.4651936931313,976.0755582703111,0.0403551088735606,0.5118736754568101,False,False,,
1382,3.7435616,161821.0,1011.38125,1016.88125,1016.9279601091364,976.0755582703111,0.0418537289379719,0.2766713259789375,False,False,,
1383,3.7462704,162467.0,1015.41875,1016.88125,1016.9282280528214,976.0755582703111,0.0418540034491843,0.0001016310771619,False,False,,
1384,3.7489792,161939.0,1012.11875,1016.88125,1016.9284975329456,976.0755582703111,0.0418542795344955,0.9302765980973842,False,False,,
1385,3.751688,163488.0,1021.8,1021.8,1021.8475185583196,976.0755582703111,0.0468938699470358,0.943278350953797,False,False,,
1386,3.7543968,163604.0,1022.525,1021.86875,1021.916541137804,976.0755582703111,0.0469645843286219,0.0131045561795808,False,False,,
1387,3.7571056,163499.0,1021.86875,1021.86875,1021.9168152803104,976.0755582703111,0.0469648651905943,0.1242060284741661,False,False,,
1388,3.7598144,164031.0,1025.19375,1022.525,1022.5733409948016,976.0755582703111,0.0476374829084834,0.6288882792058885,False,False,,
1389,3.7625232,164055.0,1025.34375,1025.19375,1025.242368290291,976.0755582703111,0.0503719303320204,0.5331530146805825,False,False,,
1390,3.765232,164342.0,1027.1375,1025.34375,1025.392647175846,976.0755582703111,0.0505258926808173,0.0284719633144998,False,False,,
1391,3.7679408,162689.0,1016.80625,1025.34375,1025.3929276605822,976.0755582703111,0.050526180040473,0.2967693744897648,False,False,,
1392,3.7706496,164703.0,1029.39375,1026.9125,1026.961959753671,976.0755582703111,0.0521336704440532,0.339319257515088,False,False,,
1393,3.7733584,164306.0,1026.9125,1027.1375,1027.1872434643346,976.0755582703111,0.0523644760499869,0.3558668105525093,False,False,,
1394,3.7760672,164607.0,1028.79375,1028.79375,1028.8437788018484,976.0755582703111,0.0540616144769027,0.4267828825787632,False,False,,
1395,3.778776,166623.0,1041.39375,1029.39375,1029.444065775541,976.0755582703111,0.0546766149946458,0.6466214135630874,False,False,,
1396,3.7814848,165531.0,1034.56875,1032.2125,1032.263104394795,976.0755582703111,0.0575647506470224,0.8806430390984623,False,False,,
1397,3.7841936,166635.0,1041.46875,1034.05,1034.1008946690458,976.0755582703111,0.0594475867232659,0.4456955430735938,False,False,,
1398,3.7869024,163832.0,1023.95,1034.56875,1034.6199366077835,976.0755582703111,0.0599793508211781,0.1951282335489619,False,False,,
1399,3.7896112,166048.0,1037.8,1035.08125,1035.1327302205532,976.0755582703111,0.0605047134413408,0.4090571576441473,False,False,,
1400,3.79232,165448.0,1034.05,1036.73125,1036.7830255169538,976.0755582703111,0.0621954588784307,0.5142490544387748,False,False,,
1401,3.7950288,165154.0,1032.2125,1037.8,1037.8520725066392,976.0755582703111,0.0632907091186681,0.4256053779997746,False,False,,
1402,3.7977376,165613.0,1035.08125,1038.98125,1039.0336211993194,976.0755582703111,0.0645012185742825,0.2234969773049044,False,False,,
1403,3.8004464,166272.0,1039.2,1038.98125,1039.0339216047596,976.0755582703111,0.0645015263429154,0.0083874135710519,False,False,,
1404,3.8031552,167352.0,1045.95,1039.025,1039.0779737327812,976.0755582703111,0.064546658226045,0.0083880669463187,False,False,,
1405,3.805864,166244.0,1039.025,1039.025,1039.0782775932612,976.0755582703111,0.0645469695344037,0.0332091333047728,False,False,,
1406,3.8085728,165877.0,1036.73125,1039.2,1039.2535831961343,976.0755582703111,0.064726572026637,0.5438010699194074,False,False,,
1407,3.8112816,166237.0,1038.98125,1041.9,1041.9538905513923,976.0755582703111,0.0674930662107993,0.7400011599932306,False,False,,
1408,3.8139904,168021.0,1050.13125,1043.1125,1043.1666996690828,976.0755582703111,0.0687356023110165,0.2814152197316204,False,False,,
1409,3.8166992,166704.0,1041.9,1043.3875,1043.4420105593124,976.0755582703111,0.0690176613052171,0.1431307548804561,False,False,,
1410,3.819408,166942.0,1043.3875,1043.86875,1043.923573232245,976.0755582703111,0.0695110274886568,0.3026912047238461,False,False,,
1411,3.8221168,168621.0,1053.88125,1044.9875,1045.042637698103,976.0755582703111,0.0706575211759291,0.2116837175797368,False,False,,
1412,3.8248256,166898.0,1043.1125,1044.9875,1045.0429539671668,976.0755582703111,0.0706578451970169,0.0001199609003261,False,False,,
1413,3.8275344,167019.0,1043.86875,1044.9875,1045.0432720497774,976.0755582703111,0.0706581710761027,0.9728443060039568,False,False,,
1414,3.8302432,168063.0,1050.39375,1050.13125,1050.1873419563333,976.0755582703111,0.0759283265092247,0.9728449978266642,False,False,,
1415,3.832952,167198.0,1044.9875,1050.13125,1050.1876636972934,976.0755582703111,0.0759286561363292,0.0497628548645074,False,False,,
1416,3.8356608,170879.0,1067.99375,1050.39375,1050.4504872831772,976.0755582703111,0.0761979217517387,0.0497635546441124,False,False,,
1417,3.8383696,168814.0,1055.0875,1050.39375,1050.4508127245626,976.0755582703111,0.0761982551699692,0.5603555341611077,False,False,,
1418,3.8410784,169547.0,1059.66875,1053.35625,1053.4136400320906,976.0755582703111,0.0792337038936094,0.5343539085031193,False,False,,
1419,3.8437872,169289.0,1058.05625,1053.21875,1053.2764692164612,976.0755582703111,0.0790931709046751,-0.025877473808114,False,False,,
1420,3.846496,167013.0,1043.83125,1053.21875,1053.276800288437,976.0755582703111,0.0790935100915065,0.026127909132688,False,False,,
1421,3.8492048,168950.0,1055.9375,1053.35625,1053.4146332588416,976.0755582703111,0.0792347214651924,0.0261286292070757,False,False,,
1422,3.8519136,167440.0,1046.5,1053.35625,1053.414968138561,976.0755582703111,0.0792350645530988,0.3275200369980577,False,False,,
1423,3.8546224,168851.0,1055.31875,1055.0875,1055.1465549385443,976.0755582703111,0.0810090940176328,0.0001277482806969,False,False,,
1424,3.8573312,166974.0,1043.5875,1053.35625,1053.4156436698013,976.0755582703111,0.0792357566421837,-0.3272645362601842,False,False,,
1425,3.86004,168537.0,1053.35625,1053.35625,1053.4159843434072,976.0755582703111,0.0792361056659893,-0.0258731159395608,False,False,,
1426,3.8627488,168515.0,1053.21875,1053.21875,1053.2788269704995,976.0755582703111,0.0790955864492695,-0.1759767546508825,False,False,,
1427,3.8654576,168365.0,1052.28125,1052.425,1052.4854215622804,976.0755582703111,0.0782827339999926,0.000130703710667,False,False,,
1428,3.8681664,169824.0,1061.4,1053.21875,1053.279518130015,976.0755582703111,0.0790962945496921,0.1502358328593214,False,False,,
1429,3.8708752,168100.0,1050.625,1053.21875,1053.2798666850342,976.0755582703111,0.0790966516480912,0.0261345404535546,False,False,,
1430,3.873584,169000.0,1056.25,1053.35625,1053.4177172387335,976.0755582703111,0.0792378810360533,0.0261352985531395,False,False,,
1431,3.8762928,168388.0,1052.425,1053.35625,1053.4180698025734,976.0755582703111,0.0792382422415326,0.5166346244852438,False,False,,
1432,3.8790016,172046.0,1075.2875,1056.0875,1056.1496743880807,976.0755582703111,0.0820368007776647,0.5473654217873722,False,False,,
1433,3.8817104,168026.0,1050.1625,1056.25,1056.312531006848,976.0755582703111,0.0822036491506083,0.4102629800770909,False,False,,
1434,3.8844192,167821.0,1048.88125,1058.25625,1058.3191396705342,976.0755582703111,0.0842594414985307,0.8794876827122433,False,False,,
1435,3.887128,170585.0,1066.15625,1060.9,1060.9632503908658,976.0755582703111,0.0869683616204699,0.5000907787526678,False,False,,
1436,3.8898368,168974.0,1056.0875,1060.9,1060.963613179635,976.0755582703111,0.0869687333015006,0.0734169092914918,False,False,,
1437,3.8925456,169321.0,1058.25625,1061.2875,1061.3514780487037,976.0755582703111,0.0873661050682476,0.4729080946338548,False,False,,
1438,3.8952544,170796.0,1067.475,1063.4,1063.4643450100002,976.0755582703111,0.0895307601949886,0.5485520401753732,False,False,,
1439,3.8979632,170270.0,1064.1875,1064.1875,1064.2522140755216,976.0755582703111,0.0903379406011014,0.1490624420235562,False,False,,
1440,3.900672,169744.0,1060.9,1064.1875,1064.252585257334,976.0755582703111,0.0903383208808956,0.3168964881425111,False,False,,
1441,3.9033808,169806.0,1061.2875,1065.8625,1065.927958567573,976.0755582703111,0.0920547590152625,0.3168972954549325,False,False,,
1442,3.9060896,170769.0,1067.30625,1065.8625,1065.9283340184425,976.0755582703111,0.0920551436687523,0.0001424085674912,False,False,,
1443,3.9087984,171986.0,1074.9125,1065.8625,1065.9287116222183,976.0755582703111,0.0920555305279178,0.0769683013735473,False,False,,
1444,3.9115072,170144.0,1063.4,1066.26875,1066.335341391245,976.0755582703111,0.0924721271382737,0.2731685480478063,False,False,,
1445,3.914216,170538.0,1065.8625,1067.30625,1067.373223337939,976.0755582703111,0.0935354484538214,0.1963442978286167,False,False,,
1446,3.9169248,170603.0,1066.26875,1067.30625,1067.3736074747867,976.0755582703111,0.0935358420061898,0.4031818721927607,False,False,,
1447,3.9196336,171130.0,1069.5625,1069.4375,1069.5052438143475,976.0755582703111,0.095719726564613,0.4031827076820669,False,False,,
1448,3.9223424,171993.0,1074.95625,1069.4375,1069.505632369252,976.0755582703111,0.0957201246433285,0.0001473789296468,False,False,,
1449,3.9250512,170404.0,1065.025,1069.4375,1069.5060231522034,976.0755582703111,0.0957205250047023,0.0237867090153471,False,False,,
1450,3.92776,171684.0,1073.025,1069.5625,1069.6314161759774,976.0755582703111,0.0958489915180901,0.0001490739725156,False,False,,
1451,3.9304688,171573.0,1072.33125,1069.4375,1069.5068114534238,976.0755582703111,0.0957213326278558,0.0001499287907691,False,False,,
1452,3.9331776,171110.0,1069.4375,1069.5625,1069.6322089974656,976.0755582703111,0.0958498037723069,0.0237892734978935,False,False,,
1453,3.9358864,171647.0,1072.79375,1069.5625,1069.6326088210994,976.0755582703111,0.095850213395958,0.0001516531602554,False,False,,
1454,3.9385952,171977.0,1074.85625,1069.5625,1069.633010937397,976.0755582703111,0.0958506253684679,0.1065257052106467,False,False,,
1455,3.941304,168822.0,1055.1375,1070.125,1070.1959153595053,976.0755582703111,0.096427327056507,0.1065265798048713,False,False,,
1456,3.9440128,170732.0,1067.075,1070.125,1070.1963221006458,976.0755582703111,0.0964277437672187,0.4173735369964575,False,False,,
1457,3.9467216,171759.0,1073.49375,1072.33125,1072.4029811741163,976.0755582703111,0.0986884899305392,0.0001551616245336,False,False,,
1458,3.9494304,170794.0,1067.4625,1070.125,1070.1971425932911,976.0755582703111,0.0964285843708365,-0.417063208674481,False,False,,
1459,3.9521392,171842.0,1074.0125,1070.125,1070.197556371621,976.0755582703111,0.0964290082912247,0.5048386006563064,False,False,,
1460,3.954848,171121.0,1069.50625,1072.79375,1072.8667225226336,976.0755582703111,0.0991635979737516,0.6372150165438306,False,False,,
1461,3.9575568,171054.0,1069.0875,1073.49375,1073.5671410599343,976.0755582703111,0.0998811843648522,-0.5045229032210798,False,False,,
1462,3.9602656,171220.0,1070.125,1070.125,1070.1988119972066,976.0755582703111,0.0964302946932609,-0.394603037720735,False,False,,
1463,3.9629744,172736.0,1079.6,1071.40625,1071.480485348212,976.0755582703111,0.0977433829476956,0.5048422315735195,False,False,,
1464,3.9656832,173866.0,1086.6625,1072.79375,1072.868411126792,976.0755582703111,0.0991653279670336,0.0001614978748207,False,False,,
1465,3.968392,171072.0,1069.2,1071.40625,1071.4813393468662,976.0755582703111,0.0977442578785827,0.000162423934011,False,False,,
1466,3.9711008,171780.0,1073.625,1072.79375,1072.869270022435,976.0755582703111,0.0991662079149389,0.2625505386619693,False,False,,
1467,3.9738096,171842.0,1074.0125,1072.79375,1072.8697031675783,976.0755582703111,0.0991666516768379,0.1573602171787271,False,False,,
1468,3.9765184,172260.0,1076.625,1073.625,1073.7013887964574,976.0755582703111,0.1000187226275263,0.2306404627204941,False,False,,
1469,3.9792272,169995.0,1062.46875,1074.0125,1074.0893269233145,976.0755582703111,0.1004161694476724,0.5119393815522102,False,False,,
1470,3.981936,171425.0,1071.40625,1076.33125,1076.408517562473,976.0755582703111,0.1027922054210231,0.4386610310081664,False,False,,
1471,3.9846448,171647.0,1072.79375,1076.33125,1076.4089607283397,976.0755582703111,0.1027926594492618,-0.4383258036383459,False,False,,
1472,3.9873536,170846.0,1067.7875,1074.0125,1074.0906564354025,976.0755582703111,0.1004175315472319,-0.4253236730191823,False,False,,
1473,3.9900624,172213.0,1076.33125,1074.08125,1074.1598546982332,976.0755582703111,0.1004884259183127,0.4386639226679598,False,False,,
1474,3.9927712,173275.0,1082.96875,1076.33125,1076.4103055314874,976.0755582703111,0.1027940372146782,0.4812141706069504,False,False,,
1475,3.99548,172789.0,1079.93125,1076.625,1076.7045089499045,976.0755582703111,0.1030954518089932,0.4055719992002835,False,False,,
1476,3.9981888,172556.0,1078.475,1078.475,1078.5549649683076,976.0755582703111,0.1049912640775459,0.3500225456555093,False,False,,
1477,4.0008976,172965.0,1081.03125,1078.475,1078.5554236016062,976.0755582703111,0.1049917339523366,0.2176480215571068,False,False,,
1478,4.0036064,173405.0,1083.78125,1079.625,1079.7058848647944,976.0755582703111,0.1061703939991334,0.2176490190745674,False,False,,
1479,4.0063151999999995,171110.0,1069.4375,1079.625,1079.7063487729524,976.0755582703111,0.1061708692780748,0.0001759604292423,False,False,,
1480,4.009024,171853.0,1074.08125,1079.625,1079.706815341247,976.0755582703111,0.1061713472823549,0.0580912576381642,False,False,,
1481,4.0117328,173478.0,1084.2375,1079.93125,1080.0135345849317,976.0755582703111,0.1064855844754553,0.0001779841953108,False,True,1356.0,5.0
1482,4.0144416,174101.0,1088.13125,1079.625,1079.707756519348,976.0755582703111,0.1061723115295314,-0.057735283428645,False,False,,
1483,4.0171504,172906.0,1080.6625,1079.625,1079.708231159925,976.0755582703111,0.1061727978039523,0.0001800312372282,False,False,,
1484,4.0198592,170573.0,1066.08125,1079.625,1079.70870852218,976.0755582703111,0.1061732868667622,-0.4454043784395338,False,False,,
1485,4.022568,172740.0,1079.625,1077.26875,1077.3529386217203,976.0755582703111,0.1037597750433185,-0.4714056736730327,False,False,,
1486,4.0252768,171835.0,1073.96875,1077.13125,1077.2159214742414,976.0755582703111,0.1036193994890718,-0.0258191874571203,False,False,,
1487,4.0279856,172341.0,1077.13125,1077.13125,1077.2164070955298,976.0755582703111,0.1036198970133508,0.0001841962225981,False,False,,
1488,4.0306944,173388.0,1083.675,1077.13125,1077.2168955014615,976.0755582703111,0.1036203973905273,-0.0730940510220499,False,False,,
1489,4.0334031999999995,171950.0,1074.6875,1076.74375,1076.8298867080057,976.0755582703111,0.1032239026825337,-0.4619460667899169,False,False,,
1490,4.036112,174630.0,1091.4375,1074.6875,1074.7741307312197,976.0755582703111,0.1011177583790855,-0.438306513439187,False,False,,
1491,4.0388208,172363.0,1077.26875,1074.425,1074.5121275872557,976.0755582703111,0.1008493333153248,-0.0494523609092496,False,False,,
1492,4.0415296,171908.0,1074.425,1074.425,1074.5126272923576,976.0755582703111,0.1008498452686236,0.0001895382151353,False,False,,
1493,4.0442384,171702.0,1073.1375,1074.425,1074.5131298628628,976.0755582703111,0.1008503601575591,0.0001906250629133,False,False,,
1494,4.0469472,172279.0,1076.74375,1074.425,1074.5136353152016,976.0755582703111,0.1008508779989644,-0.0033540546052819,False,False,,
1495,4.049656,171905.0,1074.40625,1074.40625,1074.495393665899,976.0755582703111,0.1008321892313296,-0.0033529552573874,False,False,,
1496,4.0523648,171352.0,1070.95,1074.40625,1074.495904931575,976.0755582703111,0.100832713028562,0.0001939231424685,False,False,,
1497,4.0550736,171384.0,1071.15,1074.40625,1074.4964191289446,976.0755582703111,0.1008332398293462,-0.1629105112779001,False,False,,
1498,4.0577824,171026.0,1068.9125,1073.54375,1073.6344362748182,976.0755582703111,0.099950129042663,-0.1629093929097678,False,False,,
1499,4.0604911999999995,170481.0,1065.50625,1073.54375,1073.6349563861038,976.0755582703111,0.0999506619023183,-0.076627797925127,False,False,,
1500,4.0632,172550.0,1078.4375,1073.1375,1073.229229479805,976.0755582703111,0.0995349902846236,-0.1640890611472656,False,False,,
1501,4.0659088,171491.0,1071.81875,1072.675,1072.7672555730242,976.0755582703111,0.0990616930046468,-0.0872628472213286,False,False,,
1502,4.0686176,171767.0,1073.54375,1072.675,1072.7677846829604,976.0755582703111,0.0990622350835174,-0.1617229306897663,False,False,,
1503,4.0713264,171981.0,1074.88125,1071.81875,1071.9120668269125,976.0755582703111,0.0981855428553416,0.0002018422756364,False,False,,
1504,4.0740352,172864.0,1080.4,1072.675,1072.7688520222782,976.0755582703111,0.0990633285842293,0.2791371225267554,False,False,,
1505,4.076744,171128.0,1069.55,1073.29375,1073.388140286555,976.0755582703111,0.0996977961303424,0.1172146644023541,False,False,,
1506,4.0794528,172390.0,1077.4375,1073.29375,1073.38868163734,976.0755582703111,0.0996983507500953,0.0002053344285002,False,False,,
1507,4.0821616,170332.0,1064.575,1073.29375,1073.389226092332,976.0755582703111,0.0996989085501423,-0.0151585033869352,False,False,,
1508,4.0848704,171628.0,1072.675,1073.2125,1073.308523669332,976.0755582703111,0.0996162280421463,-0.0151573192091838,False,False,,
1509,4.0875791999999995,171727.0,1073.29375,1073.2125,1073.3090743862406,976.0755582703111,0.0996167922575946,-0.1014365984445824,False,False,,
1510,4.090288,170314.0,1064.4625,1072.675,1072.7721282610637,976.0755582703111,0.0990666851264127,-0.4028260842347499,False,False,,
1511,4.0929968,172006.0,1075.0375,1071.08125,1071.1789353119093,976.0755582703111,0.0974344416636446,-0.5907508352177153,False,False,,
1512,4.0957056,172237.0,1076.48125,1069.55,1069.648245556989,976.0755582703111,0.0958662334015375,0.0002125010369624,False,False,,
1513,4.0984144,169400.0,1058.75,1071.08125,1071.1800590146197,976.0755582703111,0.0974355929092635,0.0664014775222519,False,False,,
1514,4.1011232,171714.0,1073.2125,1069.9,1069.999375703222,976.0755582703111,0.096225970046163,0.0002149450661868,False,False,,
1515,4.103832,171026.0,1068.9125,1071.08125,1071.1811956413233,976.0755582703111,0.0974367573956541,0.0167631170927897,False,False,,
1516,4.1065408,171373.0,1071.08125,1069.9875,1070.088018847557,976.0755582703111,0.0963167859093241,-0.2231662659248172,False,False,,
1517,4.1092496,170559.0,1065.99375,1069.9,1070.001095340663,976.0755582703111,0.0962277318333794,0.0002186639157066,False,False,,
1518,4.1119584,171013.0,1068.83125,1069.9875,1070.0891751394884,976.0755582703111,0.0963179705429538,0.000219917775702,False,False,,
1519,4.1146671999999995,171073.0,1069.20625,1069.9,1070.0022582629897,976.0755582703111,0.0962289232599211,-0.1475193523446769,False,False,,
1520,4.117376,171737.0,1073.35625,1069.20625,1069.3090947302303,976.0755582703111,0.095518769699691,-0.1309711445726442,False,False,,
1521,4.1200848,171184.0,1069.9,1069.20625,1069.309684560385,976.0755582703111,0.095519373987084,-0.0553267170600015,False,False,,
1522,4.1227936,171555.0,1072.21875,1068.9125,1069.016527772736,976.0755582703111,0.0952190316773468,-0.0706904494339077,False,False,,
1523,4.1255024,171198.0,1069.9875,1068.83125,1068.9358743866787,976.0755582703111,0.0951364014082309,-0.4512687675047218,False,False,,
1524,4.1282112,169684.0,1060.525,1066.525,1066.6302244217177,976.0755582703111,0.0927742380025138,-0.4359024546405941,False,False,,
1525,4.13092,171410.0,1071.3125,1066.525,1066.6308278974705,976.0755582703111,0.0927748562699703,-0.4276276798316409,False,False,,
1526,4.1336288,170644.0,1066.525,1064.2625,1064.3689348336666,976.0755582703111,0.090457522284257,-0.7502916873611163,False,False,,
1527,4.1363376,168229.0,1051.43125,1062.55625,1062.6632952501486,976.0755582703111,0.0887100760245223,-0.3756203802402034,False,False,,
1528,4.1390464,170282.0,1064.2625,1062.275,1062.382659166874,976.0755582703111,0.0884225613122678,-0.1191414904858909,False,False,,
1529,4.1417551999999995,169964.0,1062.275,1061.925,1062.0332766039128,976.0755582703111,0.088064615085666,-0.0659535640090318,False,False,,
1530,4.144464,168834.0,1055.2125,1061.925,1062.033897581452,976.0755582703111,0.0880652512838926,-0.2645154949897996,False,False,,
1531,4.1471728,169383.0,1058.64375,1060.525,1060.634522119793,976.0755582703111,0.0866315759400096,-0.3626138570742157,False,False,,
1532,4.1498816,169379.0,1058.61875,1060.00625,1060.1164002393543,976.0755582703111,0.0861007544518075,-0.0978614668596264,False,False,,
1533,4.1525904,170009.0,1062.55625,1060.00625,1060.1170319606713,976.0755582703111,0.086101401657151,0.0002396119839023,False,False,,
1534,4.1552992,169908.0,1061.925,1060.00625,1060.117667304397,976.0755582703111,0.0861020525736915,0.3630917305184269,False,False,,
1535,4.158008,168865.0,1055.40625,1061.925,1062.037056291303,976.0755582703111,0.0880684874164074,0.0002423678228584,False,False,,
1536,4.160716799999999,168709.0,1054.43125,1060.00625,1060.11894894228,976.0755582703111,0.0861033656256086,-0.5387137001038305,False,False,,
1537,4.1634256,170278.0,1064.2375,1059.075,1059.1883452783388,976.0755582703111,0.0851499520747251,0.0002451553575912,False,False,,
1538,4.1661344,169601.0,1060.00625,1060.00625,1060.1202453206097,976.0755582703111,0.0861046937792733,0.1763532742794282,False,False,,
1539,4.1688431999999995,169452.0,1059.075,1060.00625,1060.1208990903456,976.0755582703111,0.0861053635734612,0.0002479749522432,False,False,,
1540,4.171552,170722.0,1067.0125,1060.00625,1060.1215566089195,976.0755582703111,0.0861060372083746,-0.1758573162678782,False,False,,
1541,4.1742608,170467.0,1065.41875,1059.075,1059.190967897829,976.0755582703111,0.0851526389768486,-0.1817655074259967,False,False,,
1542,4.1769696,170602.0,1066.2625,1059.04375,1059.1603829786934,976.0755582703111,0.0851213043953436,-0.0056573559819206,False,False,,
1543,4.1796784,169287.0,1058.04375,1059.04375,1059.1610518732564,976.0755582703111,0.085121989685081,0.0061633330481178,False,False,,
1544,4.1823872,169157.0,1057.23125,1059.075,1059.1929746033863,976.0755582703111,0.0851546948684651,0.0002551666324812,False,False,,
1545,4.185096,170669.0,1066.68125,1059.04375,1059.1624011910776,976.0755582703111,0.0851233720758291,-0.0198360824332723,False,False,,
1546,4.187804799999999,168441.0,1052.75625,1058.96875,1059.0880816584497,976.0755582703111,0.0850472309082746,-0.0139249896229394,False,False,,
1547,4.1905136,167748.0,1048.425,1058.96875,1059.0887660277494,976.0755582703111,0.0850479320520479,-0.1746652075344528,False,False,,
1548,4.1932224,168545.0,1053.40625,1058.04375,1058.1644543213515,976.0755582703111,0.0841009646799362,-0.3283138714632052,False,False,,
1549,4.1959311999999995,169447.0,1059.04375,1057.23125,1057.3526465617588,976.0755582703111,0.083269258822009,-0.1533875855339221,False,False,,
1550,4.19864,169435.0,1058.96875,1057.23125,1057.3533427716025,976.0755582703111,0.0832699720965478,0.0002640724911273,False,False,,
1551,4.2013488,170594.0,1066.2125,1057.23125,1057.3540429736445,976.0755582703111,0.0832706894611369,-0.7230720538775728,False,False,,
1552,4.2040576,168213.0,1051.33125,1053.40625,1053.529747190776,976.0755582703111,0.0793526569374611,-0.8459906528871546,False,False,,
1553,4.2067664,167136.0,1044.6,1052.75625,1052.8804554460212,976.0755582703111,0.0786874505000563,-0.3921302094747645,False,False,,
1554,4.2094752,170277.0,1064.23125,1051.33125,1051.4561677625354,976.0755582703111,0.0772282523146107,-0.2692085471012255,False,False,,
1555,4.212184,167123.0,1044.51875,1051.33125,1051.4568841636062,976.0755582703111,0.0772289862752808,0.000271731026439,False,False,,
1556,4.214892799999999,166807.0,1042.54375,1051.33125,1051.4576046726556,976.0755582703111,0.0772297244446195,-0.2585681214270714,False,False,,
1557,4.2176016,169844.0,1061.525,1049.9625,1050.0895793132393,976.0755582703111,0.0758281676206369,-0.2585665543355357,False,False,,
1558,4.2203104,169513.0,1059.45625,1049.9625,1050.0903081090482,976.0755582703111,0.0758289142798508,0.0002764323522921,False,False,,
1559,4.2230191999999995,167882.0,1049.2625,1049.9625,1050.0910410839092,976.0755582703111,0.0758296652205487,-0.13209749846121,False,False,,
1560,4.225728,167994.0,1049.9625,1049.2625,1049.391778261786,976.0755582703111,0.0751132628721871,-0.1320959042567597,False,False,,
1561,4.2284368,166997.0,1043.73125,1049.2625,1049.3925196667792,976.0755582703111,0.075114022449647,-0.0954546491807413,False,False,,
1562,4.2311456,166864.0,1042.9,1048.75625,1048.8870153231278,976.0755582703111,0.0745961277647855,-0.095453036641036,False,False,,
1563,4.2338544,169463.0,1059.14375,1048.75625,1048.88776525521,976.0755582703111,0.0745968960783407,0.0002844493438178,False,False,,
1564,4.2365632,167801.0,1048.75625,1048.75625,1048.8885194875445,976.0755582703111,0.0745976687975506,-0.0883582382723577,False,False,,
1565,4.239272,168705.0,1054.40625,1048.2875,1048.4205280447882,976.0755582703111,0.0741182064866764,-0.5705816915733966,False,False,,
1566,4.241980799999999,168882.0,1055.5125,1045.7375,1045.871290951742,976.0755582703111,0.0715064854252829,-0.5114838292597597,False,False,,
1567,4.2446896,167293.0,1045.58125,1045.58125,1045.7158082333478,976.0755582703111,0.0713471916932793,-0.379106654025044,False,False,,
1568,4.2473984,166767.0,1042.29375,1043.73125,1043.8665799146906,976.0755582703111,0.0694526372164372,-0.5067528041353047,False,False,,
1569,4.2501071999999995,167726.0,1048.2875,1042.9,1043.0361060209991,976.0755582703111,0.0686018077015962,-0.271548200121968,False,False,,
1570,4.252816,167318.0,1045.7375,1042.29375,1042.4306365776472,976.0755582703111,0.0679814976874564,-0.8837832732776132,False,False,,
1571,4.2555248,165712.0,1035.7,1038.225,1038.3626716101537,976.0755582703111,0.0638138234402882,-1.0776171524792255,False,False,,
1572,4.2582336,165249.0,1032.80625,1036.59375,1036.7322111441842,976.0755582703111,0.0621433990021855,-0.4771979263742008,False,False,,
1573,4.2609424,166116.0,1038.225,1035.7,1035.8392552055516,976.0755582703111,0.0612285559543634,-0.6674860133022857,False,False,,
1574,4.2636512,165290.0,1033.0625,1033.0625,1033.2025538202156,976.0755582703111,0.0585272267765194,-0.4984691185772192,False,False,,
1575,4.26636,164151.0,1025.94375,1033.0625,1033.2033570142864,976.0755582703111,0.0585280496575598,-0.0481542426004111,False,False,,
1576,4.269068799999999,164876.0,1030.475,1032.80625,1032.947914814023,976.0755582703111,0.0582663463518074,-0.4890102406828127,False,False,,
1577,4.2717776,164488.0,1028.05,1030.475,1030.6174772458353,976.0755582703111,0.0558787877776357,-0.8364942130486135,False,False,,
1578,4.2744864,163863.0,1024.14375,1028.38125,1028.5245443362842,976.0755582703111,0.0537345553031949,-0.3956347010149255,False,False,,
1579,4.2771951999999995,165855.0,1036.59375,1028.38125,1028.5253661120832,976.0755582703111,0.0537353972214174,-0.0623302855406162,False,False,,
1580,4.279904,164541.0,1028.38125,1028.05,1028.1949426000992,976.0755582703111,0.0533968747482499,-0.4299069397479229,False,False,,
1581,4.2826128,163697.0,1023.10625,1026.10625,1026.252023827353,976.0755582703111,0.0514063333846395,-0.3979931874216351,False,False,,
1582,4.2853216,165550.0,1034.6875,1025.94375,1026.0903598210198,976.0755582703111,0.0512407068560747,-0.3708071217849067,False,False,,
1583,4.2880304,164177.0,1026.10625,1024.14375,1024.2912006084316,976.0755582703111,0.0493974487216569,-0.4074449552469925,False,False,,
1584,4.2907392,162470.0,1015.4375,1023.7875,1023.9357962170768,976.0755582703111,0.049033333066528,-0.0670489427363065,False,False,,
1585,4.293448,163784.0,1023.65,1023.7875,1023.9366466746004,976.0755582703111,0.0490342043694887,-0.0256797548282001,False,False,,
1586,4.296156799999999,164550.0,1028.4375,1023.65,1023.8000020088076,976.0755582703111,0.0488942104267707,-0.0256779051015278,False,False,,
1587,4.2988656,163322.0,1020.7625,1023.65,1023.800862247662,976.0755582703111,0.0488950917508107,-0.1025011209767683,False,False,,
1588,4.3015744,163579.0,1022.36875,1023.10625,1023.2579774192876,976.0755582703111,0.0483389003537671,-0.2419663114007182,False,False,,
1589,4.3042831999999995,162958.0,1018.4875,1022.36875,1022.5213475519698,976.0755582703111,0.0475842150621663,-0.4428915520627434,False,False,,
1590,4.306992,163806.0,1023.7875,1020.7625,1020.9159726741564,976.0755582703111,0.0459394910813116,-0.3034225981181997,False,False,,
1591,4.3097008,161468.0,1009.175,1020.7625,1020.9168528144584,976.0755582703111,0.0459403927946005,0.0003338373396335,False,False,,
1592,4.3124096,164582.0,1028.6375,1020.7625,1020.91773800165,976.0755582703111,0.0459412996784828,-0.4298846751421674,False,False,,
1593,4.3151184,161742.0,1010.8875,1018.4875,1018.6436282646714,976.0755582703111,0.0436114495785494,-1.0279364200568386,False,False,,
1594,4.3178272,164641.0,1029.00625,1015.325,1015.4820236326284,976.0755582703111,0.0403723513291828,-1.114214953957655,False,False,,
1595,4.320536,160934.0,1005.8375,1012.59375,1012.7516741347936,976.0755582703111,0.037575078643989,-0.5918024883334612,False,False,,
1596,4.323244799999999,161550.0,1009.6875,1012.19375,1012.3525798006076,976.0755582703111,0.0371662021683877,-0.3223218009059856,False,False,,
1597,4.3259536,162015.0,1012.59375,1010.8875,1011.0472406596796,976.0755582703111,0.0358288680554003,-0.4736061350209617,False,False,,
1598,4.3286624,163822.0,1023.8875,1009.6875,1009.8481567417884,976.0755582703111,0.0346003935712979,-0.2265819858055007,False,False,,
1599,4.3313711999999995,162452.0,1015.325,1009.6875,1009.8490780768846,976.0755582703111,0.0346013374891005,-0.0658382954334309,False,False,,
1600,4.33408,160787.0,1004.91875,1009.3375,1009.5000046950892,976.0755582703111,0.0342437080219577,-0.3104946111677149,False,False,,
1601,4.3367888,161951.0,1012.19375,1008.04375,1008.2071866266969,976.0755582703111,0.0329192018836385,-0.5539689911619305,False,False,,
1602,4.3394976,161494.0,1009.3375,1006.40625,1006.5706239021756,976.0755582703111,0.0312425256154391,-0.3093086446128792,False,False,,
1603,4.3422064,161025.0,1006.40625,1006.40625,1006.571566552168,976.0755582703111,0.0312434913705842,-0.2809404240743332,False,False,,
1604,4.3449152,158293.0,989.33125,1004.91875,1005.0850146074928,976.0755582703111,0.0297205027739744,-0.4865931932201217,False,False,,
1605,4.347624,160421.0,1002.63125,1003.83125,1003.9984680991448,976.0755582703111,0.0286073240869951,-0.23956896310355,False,False,,
1606,4.3503327999999994,159727.0,998.29375,1003.65,1003.8181770582974,976.0755582703111,0.0284226139594647,-0.2265657225368107,False,False,,
1607,4.3530416,160613.0,1003.83125,1002.63125,1002.800391516302,976.0755582703111,0.0273798816285794,-0.432218456210621,False,False,,
1608,4.3557504,161287.0,1008.04375,1001.3625,1001.53261150469,976.0755582703111,0.026081027251098,-0.3222974033447245,False,False,,
1609,4.3584591999999995,160148.0,1000.925,1000.925,1001.0960870551736,976.0755582703111,0.0256338032162191,-0.4629442793149882,False,False,,
1610,4.361168,159826.0,998.9125,998.9125,999.0845681996476,976.0755582703111,0.0235729803234804,-0.3802074600584371,False,False,,
1611,4.3638768,160584.0,1003.65,998.9125,999.085554970188,976.0755582703111,0.0235739912806057,0.0003742822040875,False,False,,
1612,4.3665856,158853.0,992.83125,998.9125,999.0865473990564,976.0755582703111,0.0235750080347493,-0.1166340722782273,False,False,,
1613,4.3692944,160218.0,1001.3625,998.29375,998.4687955186984,976.0755582703111,0.022942114530631,-0.4511164763366957,False,False,,
1614,4.3720032,158027.0,987.66875,996.525,996.7010493617458,976.0755582703111,0.0211310394125478,-1.0326210361346204,False,False,,
1615,4.374712,158682.0,991.7625,992.83125,993.0083089610182,976.0755582703111,0.0173477868052686,-0.8151447909150038,False,False,,
1616,4.3774207999999994,159444.0,996.525,992.2125,992.3905743495226,976.0755582703111,0.0167149109932871,-0.2017239096391856,False,False,,
1617,4.3801296,157353.0,983.45625,991.7625,991.9415955604557,976.0755582703111,0.0162549273524073,-0.8588715838370007,False,False,,
1618,4.3828384,160404.0,1002.525,987.66875,987.848872627204,976.0755582703111,0.0120618883006927,-0.9876991059058736,False,False,,
1619,4.3855471999999995,155551.0,972.19375,986.5375,986.7186555833462,976.0755582703111,0.0109039686762522,-0.7962251436609882,False,False,,
1620,4.388256,158754.0,992.2125,983.45625,983.638444462653,976.0755582703111,0.007748258962394,-0.5858403806171462,False,False,,
1621,4.3909648,157350.0,983.4375,983.4375,983.6207392990892,976.0755582703111,0.0077301198302195,-0.0031494661416462,False,False,,
1622,4.3936736,156729.0,979.55625,983.4375,983.6217901268138,976.0755582703111,0.007731196414625,-0.4038195141788678,False,False,,
1623,4.3963824,157846.0,986.5375,981.3,981.4853469801822,976.0755582703111,0.0055423872302032,-0.4487303501271545,False,False,,
1624,4.3990912,157008.0,981.3,981.0625,981.2489098937464,976.0755582703111,0.0053001548697753,-0.0445099582121241,False,False,,
1625,4.4018,156850.0,980.3125,981.0625,981.2499789022568,976.0755582703111,0.0053012500805932,-0.1414254348459326,False,False,,
1626,4.4045087999999994,156970.0,981.0625,980.3125,980.501054040663,976.0755582703111,0.0045339684339541,-0.1414231097756597,False,False,,
1627,4.4072176,156622.0,978.8875,980.3125,980.5021353441148,976.0755582703111,0.0045350762410728,-0.1426026956223147,False,False,,
1628,4.4099264,156145.0,975.90625,979.55625,979.746972847964,976.0755582703111,0.0037614040701508,-0.2690662384925327,False,False,,
1629,4.4126351999999995,157739.0,985.86875,978.8875,979.0793165877648,976.0755582703111,0.0030773829874158,-0.1768737817449611,False,False,,
1630,4.415344,154920.0,968.25,978.61875,978.811666599275,976.0755582703111,0.0028031726701694,-0.3104288430626642,False,False,,
1631,4.4180528,154722.0,967.0125,977.24375,977.437772918458,976.0755582703111,0.0013956036872398,-0.5125354972024939,False,False,,
1632,4.4207616,156979.0,981.11875,975.90625,976.1013855814832,976.0755582703111,2.6460360525490457e-05,-0.2536916803718849,False,False,,
1633,4.4234704,155831.0,973.94375,975.9,976.0962546247272,976.0755582703111,2.1203639657474243e-05,-0.2064122903794089,False,False,,
1634,4.4261792,155970.0,974.8125,974.8125,975.009880084776,976.0755582703111,-0.0010917988638337,-0.3695154028966486,False,False,,
1635,4.428888,156144.0,975.9,973.94375,974.1422619984238,976.0755582703111,-0.0019806830070752,-0.2253181966232502,False,False,,
1636,4.4315967999999994,156579.0,978.61875,973.61875,973.8184004026772,976.0755582703111,-0.0023124827258597,-0.1910399315040338,False,False,,
1637,4.4343056,155669.0,972.93125,972.93125,973.1320453347548,976.0755582703111,-0.0030156609399916,-0.1295773945325882,False,False,,
1638,4.4370144,156359.0,977.24375,972.93125,973.1331968320884,976.0755582703111,-0.0030144812184797,0.0004367630996527,False,False,,
1639,4.4397231999999995,155437.0,971.48125,972.93125,973.1343549323236,976.0755582703111,-0.0030132947322229,-0.2737671582706472,False,False,,
1640,4.442432,155779.0,973.61875,971.48125,971.6855196733236,976.0755582703111,-0.0044976421751273,-0.60115765650129,False,False,,
1641,4.4451408,155160.0,969.75,969.75,969.9554410931676,976.0755582703111,-0.0062701264520844,-0.7382583361410473,False,False,,
1642,4.4478496,154680.0,966.75,967.575,967.7816192301528,976.0755582703111,-0.0084972305370047,-0.4108627712548807,False,False,,
1643,4.4505584,152832.0,955.2,967.575,967.7828041227972,976.0755582703111,-0.0084960166016343,-0.1555645709701238,False,False,,
1644,4.4532672,153977.0,962.35625,966.75,966.9589958098386,976.0755582703111,-0.0093400171566922,-0.3375783282561766,False,False,,
1645,4.455976,154812.0,967.575,965.7875,965.9976943302376,976.0755582703111,-0.0103248809527948,-0.5975990712225074,False,False,,
1646,4.4586847999999994,152562.0,953.5125,963.5875,963.7988997231778,976.0755582703111,-0.0125775698849469,-0.6484192071891839,False,False,,
1647,4.4613936,154174.0,963.5875,962.35625,962.5688620280678,976.0755582703111,-0.0138377568496628,-0.4025763416182188,False,False,,
1648,4.4641024,154526.0,965.7875,961.45625,961.6700812845418,976.0755582703111,-0.014758567473298,-0.8008821769167294,False,False,,
1649,4.4668111999999995,151089.0,944.30625,958.11875,958.3338075324616,976.0755582703111,-0.0181766161313264,-0.8245180100475982,False,False,,
1650,4.46952,156020.0,975.125,957.09375,957.3100408119176,976.0755582703111,-0.0192254762445314,-0.1933677938251561,False,False,,
1651,4.4722288,152448.0,952.8,957.09375,957.31128116323,976.0755582703111,-0.019224205491154,-0.4628438403239072,False,False,,
1652,4.4749376,153833.0,961.45625,954.64375,954.8625286269496,976.0755582703111,-0.02173297903387,-0.6767694317213495,False,False,,
1653,4.4776464,152743.0,954.64375,953.5125,953.7325332438608,976.0755582703111,-0.0228906715644474,-0.3280990649527631,False,False,,
1654,4.4803552,153299.0,958.11875,952.90625,953.1275450549812,976.0755582703111,-0.0235104885281584,-0.13426075929282,False,False,,
1655,4.483064,151146.0,944.6625,952.8,953.0225641015638,976.0755582703111,-0.0236180426539921,-0.0668883326673261,False,False,,
1656,4.4857727999999994,153135.0,957.09375,952.55,952.773840425098,976.0755582703111,-0.0238728627592168,-0.0467928602793668,False,False,,
1657,4.4884816,152465.0,952.90625,952.55,952.7751240673116,976.0755582703111,-0.0238715476538416,-0.2855387826746822,False,False,,
1658,4.4911904,152408.0,952.55,951.0375,951.2639150701706,976.0755582703111,-0.0254197976682348,-0.2926275362768535,False,False,,
1659,4.4938991999999995,148876.0,930.475,951.0,951.2277134758828,976.0755582703111,-0.0254568865943749,-0.7961244586017635,False,False,,
1660,4.496608,152166.0,951.0375,946.825,947.0540193268974,976.0755582703111,-0.0297328815351574,-0.8504901500682305,False,False,,
1661,4.4993168,151492.0,946.825,946.5,946.7303326659072,976.0755582703111,-0.0300645020313861,-0.0609619112967001,False,False,,
1662,4.5020256,152160.0,951.0,946.5,946.7316535358495,976.0755582703111,-0.0300631487857984,0.000501006154046,False,False,,
1663,4.5047344,150500.0,940.625,946.5,946.7329819799088,976.0755582703111,-0.030061787780446,0.0005038790175095,False,False,,
1664,4.5074432,151257.0,945.35625,946.5,946.7343180415158,976.0755582703111,-0.0300604189708331,-0.092865247345161,False,False,,
1665,4.510152,149511.0,934.44375,946.00625,946.2419117643512,976.0755582703111,-0.0305648945444631,-0.2157824633738725,False,False,,
1666,4.5128607999999995,150040.0,937.75,945.35625,945.593263192346,976.0755582703111,-0.0312294420444073,-0.122407525106202,False,False,,
1667,4.5155696,151440.0,946.5,945.35625,945.5946223696832,976.0755582703111,-0.0312280495524782,-0.624722391758918,False,False,,
1668,4.5182784,151361.0,946.00625,942.05,942.2897393407982,976.0755582703111,-0.0346139380739995,-0.6814517995469949,False,False,,
1669,4.5209871999999995,151550.0,947.1875,941.75,941.9911141503828,976.0755582703111,-0.0349198828217037,-0.1826767931833481,False,False,,
1670,4.523696,150728.0,942.05,941.08125,941.323746843384,976.0755582703111,-0.0356036078687498,-0.1259414390329354,False,False,,
1671,4.5264048,151965.0,949.78125,941.08125,941.3251374650068,976.0755582703111,-0.0356021831618088,-0.6294381619341909,False,False,,
1672,4.5291136,149678.0,935.4875,937.75,937.9952860607156,976.0755582703111,-0.0390136520548441,-0.629435137362444,False,False,,
1673,4.5318224,150573.0,941.08125,937.75,937.9966926762348,976.0755582703111,-0.0390122109619827,-0.3244956391115137,False,False,,
1674,4.5345312,149001.0,931.25625,936.03125,936.279357357552,976.0755582703111,-0.0407716396292942,-0.4273199894477884,False,False,,
1675,4.53724,150680.0,941.75,935.4875,935.7370301509176,976.0755582703111,-0.0413272597368148,-0.5514189587297125,False,False,,
1676,4.5399487999999995,149068.0,931.675,933.1125,933.363461102848,976.0755582703111,-0.043759006980108,-0.6010566826582311,False,False,,
1677,4.5426576,149765.0,936.03125,932.30625,932.5586502601255,976.0755582703111,-0.0445835444207837,-0.2712967047965655,False,False,,
1678,4.5453664,148179.0,926.11875,931.675,931.9288476698016,976.0755582703111,-0.045228784008014,-0.1980142712002806,False,False,,
1679,4.5480751999999995,149298.0,933.1125,931.25625,931.5115533791968,976.0755582703111,-0.0456563065364382,-0.1211860469070664,False,False,,
1680,4.550784,149169.0,932.30625,931.03125,931.2880174359032,976.0755582703111,-0.0458853215357377,-0.4237554886076093,False,False,,
1681,4.5534928,148642.0,929.0125,929.0125,929.2707398877862,976.0755582703111,-0.0479520442715184,-0.4544823347994384,False,False,,
1682,4.5562016,148032.0,925.2,928.625,928.8847207829848,976.0755582703111,-0.0483475250327469,-0.5466692236986397,False,False,,
1683,4.5589104,147198.0,919.9875,926.11875,926.3799601699152,976.0755582703111,-0.050913679457829,-0.4733866993231892,False,False,,
1684,4.5616192,148037.0,925.23125,926.11875,926.38145809727,976.0755582703111,-0.0509121448150012,-0.1672650793541947,False,False,,
1685,4.564328,145935.0,912.09375,925.23125,925.495464614022,976.0755582703111,-0.0518198547517382,-0.1731714426415216,False,False,,
1686,4.5670367999999995,148965.0,931.03125,925.2,925.465729769424,976.0755582703111,-0.0518503184226558,-0.6683944264829371,False,False,,
1687,4.5697456,147336.0,920.85,921.69375,921.961003613012,976.0755582703111,-0.0554409483966536,-0.693211540289445,False,False,,
1688,4.5724544,147471.0,921.69375,921.53125,921.8000361946056,976.0755582703111,-0.0556058612633293,-0.158978465251069,False,False,,
1689,4.5751631999999995,148580.0,928.625,920.85,921.1203275643102,976.0755582703111,-0.0563022301299977,-0.2913506478479224,False,False,,
1690,4.577872,146022.0,912.6375,919.9875,920.2593777725184,976.0755582703111,-0.0571842825331104,-0.2889834469035381,False,False,,
1691,4.5805808,148215.0,926.34375,919.31875,919.5921868699118,976.0755582703111,-0.0578678268519425,-0.1258745288223082,False,False,,
1692,4.5832896,146774.0,917.3375,919.31875,919.5937549074628,976.0755582703111,-0.057866220380458,0.2901661979562373,False,False,,
1693,4.5859984,147091.0,919.31875,920.85,921.126581936436,976.0755582703111,-0.0562958224578942,0.2901696084038807,False,False,,
1694,4.5887072,147445.0,921.53125,920.85,921.1281680083896,976.0755582703111,-0.0562941975099686,0.1294313404944702,False,False,,
1695,4.591416,145738.0,910.8625,921.53125,921.8110131751778,976.0755582703111,-0.0555946152276314,0.1294347901665578,False,False,,
1696,4.5941247999999995,146389.0,914.93125,921.53125,921.8126174889524,976.0755582703111,-0.0555929715907623,0.0006085164391969,False,False,,
1697,4.5968336,147047.0,919.04375,921.53125,921.8142310021638,976.0755582703111,-0.0555913185289704,0.2180860676696117,False,False,,
1698,4.5995424,146821.0,917.63125,922.68125,922.9658537675632,976.0755582703111,-0.0544114685105557,0.2180895770258093,False,False,,
1699,4.6022511999999995,147807.0,923.79375,922.68125,922.9674858382044,976.0755582703111,-0.0544097964364755,0.2110015610090858,False,False,,
1700,4.60496,147629.0,922.68125,923.79375,924.0816272674456,976.0755582703111,-0.0532683464536324,1.0383520852813426,False,False,,
1701,4.6076688,149563.0,934.76875,928.16875,928.4582781089504,976.0755582703111,-0.048784420179256,0.8480658512068651,False,False,,
1702,4.6103776,148524.0,928.275,928.275,928.5661884166908,976.0755582703111,-0.0486738648981346,0.3209312265354036,False,False,,
1703,4.6130864,148778.0,929.8625,929.8625,930.155358244948,976.0755582703111,-0.0470457431663772,0.3362998529104697,False,False,,
1704,4.6157952,150593.0,941.20625,930.05,930.3445376483144,976.0755582703111,-0.0468519268150062,0.7192469415443679,False,False,,
1705,4.618504,148507.0,928.16875,933.6625,933.9587266816952,976.0755582703111,-0.0431491509358668,0.8929934588665516,False,False,,
1706,4.6212127999999995,148808.0,930.05,934.76875,935.0666754003108,976.0755582703111,-0.0420140454522513,1.4272268931888892,False,False,,
1707,4.6239216,149386.0,933.6625,941.20625,941.5058838596984,976.0755582703111,-0.0354170065193244,2.8679962478384304,False,False,,
1708,4.6266304,152415.0,952.59375,949.93125,950.2326021157132,976.0755582703111,-0.0264763889799615,2.061927625635482,False,False,,
1709,4.6293391999999995,152337.0,952.10625,952.10625,952.4093302245312,976.0755582703111,-0.0242463074146827,0.5041552021449842,False,False,,
1710,4.632048,152521.0,953.25625,952.59375,952.89856824265,976.0755582703111,-0.0237450777568213,0.218133292398349,False,False,,
1711,4.6347568,151989.0,949.93125,953.25625,953.5628162268912,976.0755582703111,-0.0230645484897854,0.3942437857050973,False,False,,
1712,4.6374656,152748.0,954.675,954.675,954.9833242344027,976.0755582703111,-0.0216092226233855,1.311420805037891,False,False,,
1713,4.6401744,153630.0,960.1875,960.1875,960.4975923226598,976.0755582703111,-0.0159597951364102,1.8397447681313144,False,False,,
1714,4.6428832,154799.0,967.49375,964.4,964.7118705494672,976.0755582703111,-0.0116422213675562,1.183780655288998,False,False,,
1715,4.645592,154304.0,964.4,966.44375,966.7574089729616,976.0755582703111,-0.0095465450583172,0.5857308527161775,True,False,1715.0,6.0
1716,4.6483007999999995,156486.0,978.0375,967.49375,967.8092076516124,976.0755582703111,-0.0084689658998814,0.3883533928548224,False,False,,
1717,4.6510096,154959.0,968.49375,968.49375,968.8110166442244,976.0755582703111,-0.0074426017171868,1.7038389944828105,False,False,,
1718,4.6537184,156240.0,976.5,976.5,976.8190860099404,976.0755582703111,0.0007617522366268,1.5206446703511296,False,False,,
1719,4.6564271999999995,154631.0,966.44375,976.53125,976.8521658082416,976.0755582703111,0.0007956428489066,0.291447408094712,False,False,,
1720,4.659136,156245.0,976.53125,978.0375,978.36025609895,976.0755582703111,0.0023406977147214,0.3280910395965444,False,False,,
1721,4.6618448,157787.0,986.16875,978.2625,978.5871069422312,976.0755582703111,0.0025731088650254,0.8008647419341,False,False,,
1722,4.6645536,157163.0,982.26875,982.26875,982.5952183985956,976.0755582703111,0.0066794625406231,1.1318075572995978,False,False,,
1723,4.6672624,159387.0,996.16875,984.24375,984.572090528901,976.0755582703111,0.0087047894874514,0.7122284974029909,False,False,,
1724,4.6699712,156522.0,978.2625,986.03125,986.3614733943532,976.0755582703111,0.0105380316481539,0.3647468399332751,False,False,,
1725,4.67268,158241.0,989.00625,986.16875,986.5008670565102,976.0755582703111,0.0106808419674737,0.034994069552579,False,False,,
1726,4.6753887999999995,157479.0,984.24375,986.2125,986.5465215772816,976.0755582703111,0.0107276155193619,0.3883935387859258,False,False,,
1727,4.6780976,159485.0,996.78125,988.21875,988.5546870189334,976.0755582703111,0.0127850028032011,0.5290466667514859,False,False,,
1728,4.6808064,157765.0,986.03125,989.00625,989.3441134440876,976.0755582703111,0.0135937787411554,1.1850187911920131,False,False,,
1729,4.6835151999999995,157794.0,986.2125,994.48125,994.8210509157258,976.0755582703111,0.0192049606063624,1.3552200730331552,False,False,,
1730,4.686224,158115.0,988.21875,996.16875,996.5104994971904,976.0755582703111,0.020935819008819,0.3340417355423386,False,False,,
1731,4.6889328,160431.0,1002.69375,996.24375,996.5874592521876,976.0755582703111,0.0210146651128372,0.0562937750646681,False,False,,
1732,4.6916416,160319.0,1001.99375,996.4625,996.8081802447882,976.0755582703111,0.0212407961646093,0.102393083214415,False,False,,
1733,4.6943504,159117.0,994.48125,996.78125,997.128912539431,976.0755582703111,0.0215693898804597,0.3009606439735095,False,False,,
1734,4.6970592,160513.0,1003.20625,998.05,998.3996562009238,976.0755582703111,0.0228712805494,0.6106291087543765,False,False,,
1735,4.699768,160041.0,1000.25625,1000.00625,1000.3579112944464,976.0755582703111,0.0248775341400471,0.3707028223042332,False,False,,
1736,4.7024767999999995,159688.0,998.05,1000.00625,1000.3599278855522,976.0755582703111,0.0248796001595152,0.0480418632630899,False,False,,
1737,4.7051856,159399.0,996.24375,1000.25625,1000.6119560401704,976.0755582703111,0.0251378057384613,0.3766211906278842,False,False,,
1738,4.7078944,160001.0,1000.00625,1001.99375,1002.3514958246086,976.0755582703111,0.0269199831218605,0.3293486318456295,False,False,,
1739,4.7106031999999995,159434.0,996.4625,1001.99375,1002.353547305554,976.0755582703111,0.026922084886348,0.2300714313859453,False,False,,
1740,4.713312,162094.0,1013.0875,1003.20625,1003.568110550077,976.0755582703111,0.0281664181085374,0.8588595939735653,False,False,,
1741,4.7160208,161420.0,1008.875,1006.53125,1006.8951856256318,976.0755582703111,0.0315750426226588,1.0727923706203049,False,False,,
1742,4.7187296,162222.0,1013.8875,1008.875,1009.24102260006,976.0755582703111,0.0339783780556094,1.0160645198949894,False,False,,
1743,4.7214384,159733.0,998.33125,1011.9,1012.2681215415918,976.0755582703111,0.0370796737656424,0.7655011181541527,False,False,,
1744,4.7241472,161904.0,1011.9,1012.91875,1013.2889825188488,976.0755582703111,0.0381255569133223,0.2253663013479174,False,False,,
1745,4.726856,161045.0,1006.53125,1013.0875,1013.4598556008464,976.0755582703111,0.0383006182398248,0.1840035439499621,False,False,,
1746,4.7295647999999995,163560.0,1022.25,1013.8875,1014.2619908569952,976.0755582703111,0.0391224145130255,0.8187014835147437,False,False,,
1747,4.7322736,163480.0,1021.75,1017.4125,1017.7891383571042,976.0755582703111,0.0427360153969155,1.0314524925358404,False,False,,
1748,4.7349824,163141.0,1019.63125,1019.3375,1019.7162981713824,976.0755582703111,0.0447104115365886,0.3648518866616541,False,False,,
1749,4.7376911999999995,162067.0,1012.91875,1019.3375,1019.7184703704417,976.0755582703111,0.0447126369780935,0.0067335366539502,False,False,,
1750,4.7404,162786.0,1017.4125,1019.36875,1019.7519050252988,976.0755582703111,0.044746891144765,0.0563790796130412,False,False,,
1751,4.7431088,163099.0,1019.36875,1019.63125,1020.0166022073774,976.0755582703111,0.045018076279805,0.1284812104010786,False,False,,
1752,4.7458176,163207.0,1020.04375,1020.04375,1020.4313119885112,976.0755582703111,0.0454429509502339,0.0823909434992646,False,False,,
1753,4.7485264,163210.0,1020.0625,1020.0625,1020.4522844409452,976.0755582703111,0.0454644374553065,0.004388749267326,False,False,,
1754,4.7512352,163812.0,1023.825,1020.0625,1020.4545196373394,976.0755582703111,0.0454667274382645,0.0008478103050624,False,False,,
1755,4.753944,163094.0,1019.3375,1020.0625,1020.4567676507698,976.0755582703111,0.0454690305524152,0.2916060371519684,False,False,,
1756,4.7566527999999995,162368.0,1014.8,1021.6,1021.996528554732,976.0755582703111,0.0470465323051389,0.3495252147511856,False,False,,
1757,4.7593616,165305.0,1033.15625,1021.90625,1022.3050524231422,976.0755582703111,0.047362618355851,0.283342374203908,False,False,,
1758,4.7620704,163695.0,1023.09375,1023.09375,1023.4948393303416,976.0755582703111,0.0485815679516258,0.3093496533043751,False,False,,
1759,4.7647791999999995,163456.0,1021.6,1023.5375,1023.9408893510966,976.0755582703111,0.0490385510375926,0.1391575353696676,False,False,,
1760,4.767488,165559.0,1034.74375,1023.825,1024.230702560603,976.0755582703111,0.0493354678152445,1.4298238181691847,False,False,,
1761,4.7701968,166186.0,1038.6625,1031.09375,1031.5017790344875,976.0755582703111,0.0567847645549041,1.5964801685096024,False,False,,
1762,4.7729056,163505.0,1021.90625,1032.2625,1032.6728688488106,976.0755582703111,0.0579845587761613,0.3909224941898266,False,False,,
1763,4.7756144,163766.0,1023.5375,1033.15625,1033.568972080069,976.0755582703111,0.058902626259427,0.2975555675355466,False,False,,
1764,4.7783232,165579.0,1034.86875,1033.83125,1034.2463388051976,976.0755582703111,0.059596595818842,0.1368189878492174,False,False,,
1765,4.781032,165162.0,1032.2625,1033.875,1034.2924691015733,976.0755582703111,0.0596438568079988,0.0091763164938356,False,False,,
1766,4.7837407999999995,164975.0,1031.09375,1033.875,1034.2948630470155,976.0755582703111,0.059646309431079,0.0150911148335826,False,False,,
1767,4.7864496,165874.0,1036.7125,1033.95,1034.372270719791,976.0755582703111,0.0597256144317213,0.015096321613008,False,False,,
1768,4.7891584,165717.0,1035.73125,1033.95,1034.3746921986149,976.0755582703111,0.0597280952630497,0.0009184672567084,False,False,,
1769,4.7918671999999995,165420.0,1033.875,1033.95,1034.3771275626534,976.0755582703111,0.0597305903199312,0.000923733920608,False,False,,
1770,4.794576,165432.0,1033.95,1033.95,1034.3795768915272,976.0755582703111,0.059733099683938,0.0009290307845635,False,False,,
1771,4.7972848,165413.0,1033.83125,1033.95,1034.3820402653132,976.0755582703111,0.0597356234371097,0.0009343580216842,False,False,,
1772,4.7999936,165506.0,1034.4125,1033.95,1034.3845177645474,976.0755582703111,0.0597381616619562,0.0884021102590111,False,False,,
1773,4.8027024,164592.0,1028.7,1034.4125,1034.849509470228,976.0755582703111,0.0602145507096491,0.3377935153816942,False,False,,
1774,4.8054112,166863.0,1042.89375,1035.73125,1036.1707654638174,976.0755582703111,0.0615681918108879,0.2503365403346471,False,False,,
1775,4.80812,166320.0,1039.5,1035.73125,1036.173285827245,976.0755582703111,0.0615707739505659,0.1510603538698998,False,False,,
1776,4.8108287999999995,165844.0,1036.525,1036.525,1036.9695706429106,976.0755582703111,0.0623865763840134,0.3992699279716962,False,False,,
1777,4.8135376,165285.0,1033.03125,1037.8375,1038.2846199936853,976.0755582703111,0.0637338587123457,0.5635629118022081,False,False,,
1778,4.8162464,164871.0,1030.44375,1039.5,1039.9496839629169,976.0755582703111,0.0654397348149932,0.5517492140912736,False,False,,
1779,4.8189552,166520.0,1040.75,1040.75,1041.2022626344296,976.0755582703111,0.0667230152546063,0.6427629578694436,False,False,,
1780,4.821664,168240.0,1051.5,1042.89375,1043.3486060925295,976.0755582703111,0.0689219674155472,0.460752232022271,False,False,,
1781,4.8243728,166909.0,1043.18125,1043.18125,1043.6387144220066,976.0755582703111,0.0692191865468109,0.7255089045947596,False,False,,
1782,4.8270816,168577.0,1053.60625,1046.725,1047.1850877081342,976.0755582703111,0.0728524844570794,0.7373338201484252,False,False,,
1783,4.8297904,168955.0,1055.96875,1047.075,1047.537726036678,976.0755582703111,0.0732137662508462,0.9039908448990523,False,False,,
1784,4.8324992,166054.0,1037.8375,1051.5,1051.9653794938936,976.0755582703111,0.0777499452584034,0.94772778043267,False,False,,
1785,4.835208,169549.0,1059.68125,1052.08125,1052.5492981665316,976.0755582703111,0.0783481762741178,0.3993206999402829,False,False,,
1786,4.8379167999999995,167476.0,1046.725,1053.60625,1054.0769821418403,976.0755582703111,0.0799133050823997,0.6227101873748566,False,False,,
1787,4.8406256,168953.0,1055.95625,1055.36875,1055.842181507568,976.0755582703111,0.0817217709852401,0.4324262208154525,False,False,,
1788,4.8433344,167532.0,1047.075,1055.8875,1056.363646351966,976.0755582703111,0.0822560173762901,0.0991294535571611,False,False,,
1789,4.8460432,168961.0,1056.00625,1055.8875,1056.3663767637922,976.0755582703111,0.0822588147128313,0.0140368123306782,False,False,,
1790,4.848752,169466.0,1059.1625,1055.95625,1056.437872832313,976.0755582703111,0.0823320632107728,0.0140427509171399,False,False,,
1791,4.8514608,168333.0,1052.08125,1055.95625,1056.4406346473068,976.0755582703111,0.0823348927202,0.0105029508085596,False,False,,
1792,4.8541696,168942.0,1055.8875,1056.00625,1056.4934122990671,976.0755582703111,0.0823889639970732,0.0105089576962562,False,False,,
1793,4.8568784,169901.0,1061.88125,1056.00625,1056.496205878405,976.0755582703111,0.0823918260494153,0.1027050904788691,False,False,,
1794,4.8595872,168859.0,1055.36875,1056.54375,1057.0365154766514,976.0755582703111,0.0829453790952514,0.1027111664533091,False,False,,
1795,4.862296,169122.0,1057.0125,1056.54375,1057.0393411856626,976.0755582703111,0.0829482740647927,0.0897161105255133,False,False,,
1796,4.8650047999999995,168774.0,1054.8375,1057.0125,1057.5109330978205,976.0755582703111,0.0834314250956344,0.1275438323609599,False,False,,
1797,4.8677136,169154.0,1057.2125,1057.2125,1057.713791306037,976.0755582703111,0.0836392555309914,0.0389056947559929,False,False,,
1798,4.8704224,169591.0,1059.94375,1057.2125,1057.7166659037562,976.0755582703111,0.0836422005875445,0.0010903353172402,False,False,,
1799,4.8731312,170133.0,1063.33125,1057.2125,1057.7195569849596,976.0755582703111,0.083645162531606,0.0010965875049713,False,False,,
1800,4.87584,169640.0,1060.25,1057.2125,1057.722464644166,976.0755582703111,0.0836481414600114,0.0011028755437916,False,False,,
1801,4.8785488,169047.0,1056.54375,1057.2125,1057.7253889764363,976.0755582703111,0.0836511374701521,0.4620596568909487,False,False,,
1802,4.8812576,168411.0,1052.56875,1059.65,1060.1658300773784,976.0755582703111,0.0861513958571836,0.4656117899983627,False,False,,
1803,4.8839664,170081.0,1063.00625,1059.66875,1060.1875380431457,976.0755582703111,0.0861736359036466,0.0566723965494944,False,False,,
1804,4.8866752,171254.0,1070.3375,1059.94375,1060.4655129704447,976.0755582703111,0.0864584242327301,0.1110473455315315,False,False,,
1805,4.889384,169547.0,1059.66875,1060.25,1060.774754956536,976.0755582703111,0.0867752460027981,0.5802777429309156,False,False,,
1806,4.8920927999999995,168872.0,1055.45,1063.00625,1063.5340140992384,976.0755582703111,0.0896021369328323,0.522369962217045,False,False,,
1807,4.8948016,169083.0,1056.76875,1063.00625,1063.5370404969303,976.0755582703111,0.0896052375101044,0.0011479130680243,False,False,,
1808,4.8975104,169544.0,1059.65,1063.00625,1063.5400842485556,976.0755582703111,0.0896083558666696,0.0389760713969984,False,False,,
1809,4.9002192,170609.0,1066.30625,1063.20625,1063.743145453625,976.0755582703111,0.0898163942745048,0.6252171191744331,False,False,,
1810,4.902928,173105.0,1081.90625,1066.30625,1066.8462242122198,976.0755582703111,0.0929955321315102,0.6346791712239437,False,False,,
1811,4.9056368,171386.0,1071.1625,1066.55625,1067.099320624995,976.0755582703111,0.0932548321525288,0.0484514397733875,False,False,,
1812,4.9083456,170834.0,1067.7125,1066.55625,1067.102434793183,976.0755582703111,0.0932580226516265,0.21983719056146,False,False,,
1813,4.9110544,170113.0,1063.20625,1067.7125,1068.2618168185968,976.0755582703111,0.094445822116115,0.2198439638097618,False,False,,
1814,4.9137632,171068.0,1069.175,1067.7125,1068.2649668036331,976.0755582703111,0.0944490493099627,0.2777650641159077,False,False,,
1815,4.916472,169881.0,1061.75625,1069.175,1069.7306348512757,976.0755582703111,0.0959506421274692,0.2777719152649993,False,False,,
1816,4.9191807999999995,170649.0,1066.55625,1069.175,1069.7338210650992,976.0755582703111,0.0959539064381022,0.0012085313490572,False,False,,
1817,4.9218896,171197.0,1069.98125,1069.175,1069.7370255492715,976.0755582703111,0.0959571894669059,0.0012154612949721,False,False,,
1818,4.9245984,173611.0,1085.06875,1069.175,1069.7402484085585,976.0755582703111,0.0959604913212139,0.0012224309784869,False,False,,
1819,4.9273072,171903.0,1074.39375,1069.175,1069.7434897483265,976.0755582703111,0.0959638121089749,0.1536976687952815,False,False,,
1820,4.930016,171199.0,1069.99375,1069.98125,1070.552999674546,976.0755582703111,0.0967931638116795,0.1560685671377015,False,False,,
1821,4.9327248,170760.0,1067.25,1069.99375,1070.5687782937953,976.0755582703111,0.0968093291783005,0.0036074292387127,False,False,,
1822,4.9354336,172824.0,1080.15,1069.99375,1070.5720757132635,976.0755582703111,0.0968127074203231,0.2648198192735052,False,False,,
1823,4.9381424,169333.0,1058.33125,1071.3875,1071.969142040755,976.0755582703111,0.0982440170311972,0.2695546880867496,False,False,,
1824,4.9408512,170838.0,1067.7375,1071.4125,1071.9974773846916,976.0755582703111,0.0982730468985025,0.5094925236478289,False,False,,
1825,4.94356,171982.0,1074.8875,1074.075,1074.6633318541174,976.0755582703111,0.1010042437273114,0.00127235072258,False,False,,
1826,4.9462687999999995,172972.0,1081.075,1071.4125,1072.0042055587014,976.0755582703111,0.0982799399857771,-0.5069477806052589,False,False,,
1827,4.9489776,172566.0,1078.5375,1071.3875,1071.9825986087417,976.0755582703111,0.0982578034311051,-0.0034407126423694,False,False,,
1828,4.9516864,172588.0,1078.675,1071.3875,1071.9860111151688,976.0755582703111,0.0982612995809658,0.0012943641652825,False,False,,
1829,4.9543952,170836.0,1067.725,1071.3875,1071.989443189549,976.0755582703111,0.0982648157784069,0.0013017862927,False,False,,
1830,4.957104,171422.0,1071.3875,1071.3875,1071.9928949440891,976.0755582703111,0.0982683521383852,0.0013092509800358,False,False,,
1831,4.9598128,171426.0,1071.4125,1071.3875,1071.9963664916386,976.0755582703111,0.0982719087765163,0.0060444554686434,False,False,,
1832,4.9625216,171852.0,1074.075,1071.4125,1072.0248579456938,976.0755582703111,0.0983010985803321,0.0013243090118102,False,False,,
1833,4.9652304,169008.0,1056.3,1071.3875,1072.0033694204035,976.0755582703111,0.0982790833530187,-0.5423532518582803,False,False,,
1834,4.9679392,170689.0,1066.80625,1068.5375,1069.1569010305689,976.0755582703111,0.0953628456030654,-0.61089722093989,False,False,,
1835,4.970648,170966.0,1068.5375,1068.15,1068.7729528916514,976.0755582703111,0.0949694865688551,-0.1523029310116896,False,False,,
1836,4.9733567999999995,169678.0,1060.4875,1067.725,1068.3515251197723,976.0755582703111,0.0945377292440166,0.0013549466261757,False,False,,
1837,4.9760656,173838.0,1086.4875,1068.15,1068.780117831721,976.0755582703111,0.0949768271276973,0.0817335651015511,False,False,,
1838,4.9787744,170029.0,1062.68125,1068.15,1068.7837311449557,976.0755582703111,0.0949805290063109,0.0013705302154463,False,False,,
1839,4.9814832,171822.0,1073.8875,1068.15,1068.7873651776076,976.0755582703111,0.0949842521121925,-0.2527353245195201,False,False,,
1840,4.984192,169654.0,1060.3375,1066.80625,1067.4472700484855,976.0755582703111,0.0936113101121934,0.001386293035626,False,False,,
1841,4.9869008,170337.0,1064.60625,1068.15,1068.7946958770804,976.0755582703111,0.0949917624933414,0.3287872593738186,False,False,,
1842,4.9896096,170904.0,1068.15,1068.5375,1069.1858927835674,976.0755582703111,0.0953925479685769,0.3465241179615717,False,False,,
1843,4.9923184,170661.0,1066.63125,1069.975,1070.6271108888109,976.0755582703111,0.0968690915548105,0.2732528551924389,False,False,,
1844,4.9950272,171446.0,1071.5375,1069.975,1070.630850314369,976.0755582703111,0.096872922636868,0.0014183646374021,False,False,,
1845,4.997736,172073.0,1075.45625,1069.975,1070.634611182496,976.0755582703111,0.0968767756870701,0.0014264978068432,False,False,,
1846,5.0004447999999995,173428.0,1083.925,1069.975,1070.6383936161478,976.0755582703111,0.0968806508313863,0.0014346776134601,False,False,,
1847,5.0031536,169432.0,1058.95,1069.975,1070.6421977389855,976.0755582703111,0.0968845481965088,0.2969239666653394,False,False,,
1848,5.0058624,171196.0,1069.975,1071.5375,1072.2085236753785,976.0755582703111,0.0984892661131921,0.5439544086667141,False,False,,
1849,5.0085712,171664.0,1072.9,1072.84375,1073.51862155041,976.0755582703111,0.0998314756009013,0.2591189858989793,False,False,,
1850,5.01128,171655.0,1072.84375,1072.9,1073.5787414898805,976.0755582703111,0.0998930691311981,0.4706917955796363,False,False,,
1851,5.0139888,170416.0,1065.1,1075.325,1076.0076336203108,976.0755582703111,0.1023814954726329,0.4848833036062387,False,False,,
1852,5.0166976,172877.0,1080.48125,1075.45625,1076.1427980689489,976.0755582703111,0.102519972916815,0.0014847509161448,False,True,1715.0,6.0
1853,5.0194064,171092.0,1069.325,1075.325,1076.015484963771,976.0755582703111,0.1023895392591961,-0.4724583592374607,False,False,,
1854,5.0221152,172626.0,1078.9125,1072.95,1073.6444444334886,976.0755582703111,0.0999603825098107,0.0015018274178792,False,False,,
1855,5.024824,172566.0,1078.5375,1075.325,1076.0234266075497,976.0755582703111,0.1023976755594152,0.4506416539364117,False,False,,
1856,5.0275327999999995,172052.0,1075.325,1075.325,1076.0274316161451,976.0755582703111,0.1024017787341763,0.0015191003207561,False,False,,
1857,5.0302416,172169.0,1076.05625,1075.325,1076.0314595902132,976.0755582703111,0.1024059054373129,0.0015278111275662,False,False,,
1858,5.0329504,172398.0,1077.4875,1075.325,1076.0355106614415,976.0755582703111,0.102410055803741,0.0015365718837365,False,False,,
1859,5.0356592,172471.0,1077.94375,1075.325,1076.0395849622737,976.0755582703111,0.1024142299691503,-0.4475858318818453,False,False,,
1860,5.038368,171672.0,1072.95,1072.95,1073.6686826259129,976.0755582703111,0.099985214800937,-0.0823623773128297,False,False,,
1861,5.0410768,170830.0,1067.6875,1074.88125,1075.6040537863253,976.0755582703111,0.1019680235538188,0.366777749774215,False,False,,
1862,5.0437856,172161.0,1076.00625,1074.88125,1075.6081985782464,976.0755582703111,0.1019722699381136,-0.3636424728972116,False,False,,
1863,5.0464944,171160.0,1069.75,1072.95,1073.6811171371835,976.0755582703111,0.0999979540926501,-0.3636334580646867,False,False,,
1864,5.0492032,170110.0,1063.1875,1072.95,1073.6853095994215,976.0755582703111,0.1000022493157015,0.0015902015134336,False,False,,
1865,5.051912,170215.0,1063.84375,1072.95,1073.689526102026,976.0755582703111,0.1000065691683693,0.0015993200277932,False,False,,
1866,5.0546207999999995,171193.0,1069.95625,1072.95,1073.6937667828486,976.0755582703111,0.1000109137918841,-0.5645332246150332,False,False,,
1867,5.0573296,170260.0,1064.125,1069.95625,1070.7042817805325,976.0755582703111,0.0969481539706937,-0.6035275014552077,False,False,,
1868,5.0600384,171981.0,1074.88125,1069.75,1070.5023212345145,976.0755582703111,0.0967412431999992,-0.0373765097332956,False,False,,
1869,5.0627472,172289.0,1076.80625,1069.75,1070.5066352850322,976.0755582703111,0.0967456629915626,0.0016363199650726,False,False,,
1870,5.065456,170076.0,1062.975,1069.75,1070.5109740731268,976.0755582703111,0.096750108127042,-0.5763152550071631,False,False,,
1871,5.0681648,173215.0,1082.59375,1066.69375,1067.4590877406474,976.0755582703111,0.0936234174660366,0.0406586399302071,False,False,,
1872,5.0708736,172670.0,1079.1875,1069.95625,1070.7259764302582,976.0755582703111,0.0969703803747279,0.8254658323892698,False,False,,
1873,5.0735824,171991.0,1074.94375,1071.05,1071.82414028544,976.0755582703111,0.0980954611595883,0.2085109195264749,False,False,,
1874,5.0762912,169890.0,1061.8125,1071.05,1071.8285794504973,976.0755582703111,0.0981000091323549,0.3692622174792177,False,False,,
1875,5.079,169937.0,1062.10625,1072.99375,1073.7767940705617,976.0755582703111,0.1000959761490035,0.073790810226253,False,False,,
1876,5.0817087999999995,170671.0,1066.69375,1071.43125,1072.2187842915966,976.0755582703111,0.0984997782258366,-0.2937779208738789,False,False,,
1877,5.0844176,172552.0,1078.45,1071.43125,1072.223300260403,976.0755582703111,0.0985044048848776,0.0017129076001403,False,False,,
1878,5.0871264,170246.0,1064.0375,1071.43125,1072.2278421246233,976.0755582703111,0.0985090580740511,0.0017227297343076,False,False,,
1879,5.0898352,171368.0,1071.05,1071.43125,1072.2324100327469,976.0755582703111,0.0985137379454862,-0.0703647710206532,False,False,,
1880,5.092544,171679.0,1072.99375,1071.05,1071.8557541341142,976.0755582703111,0.0981278498905695,-0.7393239610589788,False,False,,
1881,5.0952528,168756.0,1054.725,1067.5125,1068.322874578923,976.0755582703111,0.0945083764540539,-0.6672165897769702,False,False,,
1882,5.0979616,173076.0,1081.725,1067.5125,1068.32752151823,976.0755582703111,0.0945131372937942,0.0017625847295121,False,False,,
1883,5.1006704,171429.0,1071.43125,1067.5125,1068.3321951039609,976.0755582703111,0.0945179254330845,0.0017726917216762,False,False,,
1884,5.1033792,171689.0,1073.05625,1067.5125,1068.3368954889108,976.0755582703111,0.0945227410284655,-0.655367025976453,False,False,,
1885,5.106088,169440.0,1059.0,1064.0375,1064.8666228267516,976.0755582703111,0.0909674090331548,-0.1033981782887458,False,False,,
1886,5.1087967999999995,171773.0,1073.58125,1066.95625,1067.7901272720364,976.0755582703111,0.0939625710577685,0.5537619862142655,False,False,,
1887,5.1115056,170802.0,1067.5125,1066.95625,1067.794908980204,976.0755582703111,0.0939674699696684,-0.1033775556161913,False,False,,
1888,5.1142144,168774.0,1054.8375,1066.4,1067.2434681075854,976.0755582703111,0.0934025128124623,-0.1033671555046922,False,False,,
1889,5.1169232,169800.0,1061.25,1066.4,1067.2483048114068,976.0755582703111,0.0934074680680063,0.00183456243629,False,False,,
1890,5.119632,169529.0,1059.55625,1066.4,1067.253169249797,976.0755582703111,0.0934124517379172,0.0018450821622302,False,False,,
1891,5.1223408,169229.0,1057.68125,1066.4,1067.2580615817922,976.0755582703111,0.0934174639851284,-0.2049810814283326,False,False,,
1892,5.1250496,170090.0,1063.0625,1065.30625,1066.169231967338,976.0755582703111,0.0923019462311712,-0.2049704407124615,False,False,,
1893,5.1277584,170713.0,1066.95625,1065.30625,1066.1741805672996,976.0755582703111,0.0923070161255248,-0.4224338008634198,False,False,,
1894,5.1304672,170913.0,1068.20625,1063.0625,1063.9354075434635,976.0755582703111,0.0900133688716141,-0.7651810700809953,False,False,,
1895,5.133176,170624.0,1066.4,1061.25,1062.1279130585444,976.0755582703111,0.0881615711602544,0.0018985925706402,False,False,,
1896,5.1358847999999995,170449.0,1065.30625,1063.0625,1063.94544727619,976.0755582703111,0.0900236546867248,0.3446675117725455,False,False,,
1897,5.1385936,171175.0,1069.84375,1063.0625,1063.9505103609854,976.0755582703111,0.0900288418720329,0.2123029451580187,False,False,,
1898,5.1413024,171196.0,1069.975,1064.175,1065.068102478461,976.0755582703111,0.0911738271224126,0.239498214992917,False,False,,
1899,5.1440112,169252.0,1057.825,1064.31875,1065.216973795095,976.0755582703111,0.0913263474015784,0.02912677385142,False,False,,
1900,5.14672,168051.0,1050.31875,1064.31875,1065.2221244783225,976.0755582703111,0.09133162433243,-0.025230602866749,False,False,,
1901,5.1494288,169678.0,1060.4875,1064.175,1065.0835546965343,976.0755582703111,0.0911896580874876,-0.2332380681303156,False,False,,
1902,5.1521376,169124.0,1057.025,1063.075,1063.9887646190923,976.0755582703111,0.0900680337745273,-0.6953591827686765,False,False,,
1903,5.1548464,170291.0,1064.31875,1060.4875,1061.406504416325,976.0755582703111,0.0874224801789192,-0.4873291834123492,False,False,,
1904,5.1575552,168786.0,1054.9125,1060.4875,1061.4117742595402,976.0755582703111,0.0874278791904716,0.0019988522689082,False,False,,
1905,5.160264,170268.0,1064.175,1060.4875,1061.417074321027,976.0755582703111,0.0874333091609712,-0.4317558854525973,False,False,,
1906,5.1629727999999995,171434.0,1071.4625,1058.19375,1059.1286547740624,976.0755582703111,0.0850887985054438,-0.4317443579339421,False,False,,
1907,5.1656816,169311.0,1058.19375,1058.19375,1059.1340157929178,976.0755582703111,0.085094290927429,0.0020334352020103,False,False,,
1908,5.1683904,170092.0,1063.075,1058.19375,1059.139407552863,976.0755582703111,0.0850998148439942,-0.1303304206269153,False,False,,
1909,5.1710992,168071.0,1050.44375,1057.49375,1058.4448302301737,976.0755582703111,0.0843882128406406,-0.1303186936660498,False,False,,
1910,5.173808,168610.0,1053.8125,1057.49375,1058.4502840021348,976.0755582703111,0.0843938002891892,-0.4860660985188705,False,False,,
1911,5.1765168,169716.0,1060.725,1054.9125,1055.8745190470495,976.0755582703111,0.0817549011453055,0.0020804783037462,False,False,,
1912,5.1792256,170558.0,1065.9875,1057.49375,1058.4612855442433,976.0755582703111,0.0844050714884476,-0.2011985627324879,False,False,,
1913,5.1819344,168614.0,1053.8375,1053.8375,1054.8105836740688,976.0755582703111,0.0806648878118438,-0.6940489764551838,False,False,,
1914,5.1846432,168445.0,1052.78125,1053.8125,1054.7911636179135,976.0755582703111,0.0806449917536025,-0.1976287246611683,False,False,,
1915,5.187352,168221.0,1051.38125,1052.78125,1053.7655255582054,976.0755582703111,0.0795942144331196,-0.457639923264221,False,False,,
1916,5.1900607999999995,169199.0,1057.49375,1051.38125,1052.3711696784171,976.0755582703111,0.0781656817053265,-0.0947769728616254,False,False,,
1917,5.1927696,166893.0,1043.08125,1052.26875,1053.264346163076,976.0755582703111,0.0790807507049452,0.0021530914251748,False,False,,
1918,5.1954784,167987.0,1049.91875,1051.38125,1052.3825551977643,976.0755582703111,0.0781773462934321,-0.4422380801041168,False,False,,
1919,5.1981872,169891.0,1061.81875,1049.91875,1050.9257969691314,976.0755582703111,0.0766848816821733,-0.3654005868689385,False,False,,
1920,5.200896,166602.0,1041.2625,1049.4375,1050.4503216648943,976.0755582703111,0.0761977520740112,-0.5060370843150306,False,False,,
1921,5.2036048,165787.0,1036.16875,1047.23125,1048.2498794738483,976.0755582703111,0.0739433751741886,-1.1998140588529722,False,False,,
1922,5.2063136,167557.0,1047.23125,1043.08125,1044.1057205858708,976.0755582703111,0.06969763942877,-1.0804270778088425,False,False,,
1923,5.2090224,164893.0,1030.58125,1041.50625,1042.5365951919275,976.0755582703111,0.0680900534374519,-0.2956166719399427,False,False,,
1924,5.2117312,168363.0,1052.26875,1041.50625,1042.5425034840796,976.0755582703111,0.0680961065468675,-0.0438540296850487,False,False,,
1925,5.21444,166641.0,1041.50625,1041.2625,1042.30469565549,976.0755582703111,0.0678524698462302,-0.1525782102191986,False,False,,
1926,5.2171487999999995,166278.0,1039.2375,1040.6875,1041.7356719004276,976.0755582703111,0.0672694988351841,-0.1159256343951682,False,False,,
1927,5.2198576,167910.0,1049.4375,1040.6375,1041.6916824142772,976.0755582703111,0.0672244311293311,-0.1123668634439774,False,False,,
1928,5.2225664,165992.0,1037.45,1040.08125,1041.1414773935433,976.0755582703111,0.0666607401157901,-0.1028983967118435,False,False,,
1929,5.2252752,165194.0,1032.4625,1040.08125,1041.1475570358566,976.0755582703111,0.0666669687753051,-0.1572537644836842,False,False,,
1930,5.227984,166502.0,1040.6375,1039.2375,1040.309921539982,976.0755582703111,0.0658088021213229,-0.15724054139352,False,False,,
1931,5.2306928,167042.0,1044.0125,1039.2375,1040.3160711058235,976.0755582703111,0.0658151024182512,-0.230506545940349,False,False,,
1932,5.2334016,166510.0,1040.6875,1038.00625,1039.0910059344312,976.0755582703111,0.0645600098580366,-0.3356844289613221,False,False,,
1933,5.2361104,165585.0,1034.90625,1037.45,1038.5409762280092,976.0755582703111,0.0639964984559104,-0.2399351128949121,False,False,,
1934,5.2388192,166413.0,1040.08125,1036.725,1037.8222321899193,976.0755582703111,0.0632601373904171,-0.4325752365374775,False,False,,
1935,5.241528,164430.0,1027.6875,1035.15,1036.2535240246916,976.0755582703111,0.0616529788544452,-0.3415534627551313,False,False,,
1936,5.2442367999999995,165624.0,1035.15,1034.90625,1036.0161019380266,976.0755582703111,0.0614097373505951,-0.0436948673116717,False,False,,
1937,5.2469456,164160.0,1026.0,1034.90625,1036.0224661368063,976.0755582703111,0.0614162575412976,-0.4490811217688808,False,False,,
1938,5.2496544,166081.0,1038.00625,1032.51875,1033.6413668290986,976.0755582703111,0.0589767954653007,-0.5637139319627646,False,False,,
1939,5.2523632,164444.0,1027.775,1031.9125,1033.0415542241633,976.0755582703111,0.0583622809434964,-0.6015215865752683,False,False,,
1940,5.255072,163034.0,1018.9625,1029.325,1030.4605285324617,976.0755582703111,0.0557179921178696,-0.7232457830650407,False,False,,
1941,5.2577808,165876.0,1036.725,1028.075,1029.217039965661,976.0755582703111,0.0544440245891625,-0.29064742631844,False,False,,
1942,5.2604896,165106.0,1031.9125,1027.775,1028.9235887366417,976.0755582703111,0.054143380621047,-0.0542484142199963,False,False,,
1943,5.2631984,164692.0,1029.325,1027.775,1028.9301750595064,976.0755582703111,0.0541501283802844,-0.3331682936348681,False,False,,
1944,5.2659072,164492.0,1028.075,1026.0,1027.1617991495846,976.0755582703111,0.0523384080734512,-0.7468274558024,False,False,,
1945,5.268616,165203.0,1032.51875,1023.8125,1024.9809612234403,976.0755582703111,0.0501041159557297,-0.6179833053696484,False,False,,
1946,5.2713247999999995,163635.0,1022.71875,1022.71875,1023.8939114988804,976.0755582703111,0.0489904217182809,-0.7515262556813145,False,False,,
1947,5.2740336,162634.0,1016.4625,1019.825,1021.006900194959,976.0755582703111,0.0460326473129497,-0.5446749390891128,False,False,,
1948,5.2767424,162177.0,1013.60625,1019.825,1021.0136775319876,976.0755582703111,0.0460395907682706,-0.6333046012738652,False,False,,
1949,5.2794512,163810.0,1023.8125,1016.4625,1017.6579937315408,976.0755582703111,0.0426016563050887,-0.7183884066670458,False,False,,
1950,5.28216,163172.0,1019.825,1016.0125,1017.2148490164636,976.0755582703111,0.0421476497363119,-0.2538773515812478,False,False,,
1951,5.2848688,162562.0,1016.0125,1015.10625,1016.3154936108788,976.0755582703111,0.0412262503651622,-0.4134222151492928,False,False,,
1952,5.2875776,161971.0,1012.31875,1013.8125,1015.028677740194,976.0755582703111,0.0399078935435193,-0.2810317036274101,False,False,,
1953,5.2902864,161476.0,1009.225,1013.60625,1014.8294016311108,976.0755582703111,0.0397037330075906,-0.2798346977972379,False,False,,
1954,5.2929952,161893.0,1011.83125,1012.31875,1013.5489155116286,976.0755582703111,0.0383918610847333,-0.3140953329673284,False,False,,
1955,5.295704,161632.0,1010.2,1011.93125,1013.168469611056,976.0755582703111,0.038002090131707,-0.0895144705504513,False,False,,
1956,5.2984127999999995,162210.0,1013.8125,1011.83125,1013.0755641600152,976.0755582703111,0.0379069074890792,-0.0965906735333863,False,False,,
1957,5.3011216,162417.0,1015.10625,1011.40625,1012.6576993904522,976.0755582703111,0.0374788004987724,-0.1663087737557589,False,False,,
1958,5.3038304,161750.0,1010.9375,1010.9375,1012.1961255356416,976.0755582703111,0.03700591307638,-0.2253894672525218,False,False,,
1959,5.3065392,161909.0,1011.93125,1010.2,1011.4658428301964,976.0755582703111,0.0362577305209853,-0.1367295405902435,False,False,,
1960,5.309248,159863.0,999.14375,1010.2,1011.473101510075,976.0755582703111,0.0362651671172785,0.0027532182936305,False,False,,
1961,5.3119568,160734.0,1004.5875,1010.2,1011.4804018125884,976.0755582703111,0.0362726463564128,-0.6354700888910019,False,False,,
1962,5.3146656,161825.0,1011.40625,1006.825,1008.1127439764088,976.0755582703111,0.0328224443637029,-0.7666478025707564,False,False,,
1963,5.3173744,160562.0,1003.5125,1006.13125,1007.4263782415768,976.0755582703111,0.0321192552212061,-0.3033175277734985,False,False,,
1964,5.3200832,160981.0,1006.13125,1005.20625,1006.508804849509,976.0755582703111,0.0311791913252372,-0.241841406190125,False,False,,
1965,5.322792,160774.0,1004.8375,1004.8375,1006.1475240430076,976.0755582703111,0.0308090552190306,-0.0905389495605586,False,False,,
1966,5.3255007999999995,161092.0,1006.825,1004.7125,1006.0300360662654,976.0755582703111,0.0306886875120979,-0.0444276585016183,False,False,,
1967,5.3282096,162243.0,1014.01875,1004.5875,1005.9125911648767,976.0755582703111,0.0305683639363322,-0.0207728350267677,False,False,,
1968,5.3309184,160833.0,1005.20625,1004.5875,1005.920189585844,976.0755582703111,0.0305761486010569,-0.2004088887543611,False,False,,
1969,5.3336272,160754.0,1004.7125,1003.5125,1004.8528315775852,976.0755582703111,0.0294826287406167,-1.461505536423065,False,False,,
1970,5.336336,159420.0,996.375,996.84375,998.1917673899436,976.0755582703111,0.0226582962069289,-1.291291823348561,False,False,,
1971,5.3390448,158884.0,993.025,996.66875,998.0244972741948,976.0755582703111,0.0224869261584409,-0.0857123725240978,False,False,,
1972,5.3417536,158663.0,991.64375,996.375,997.7385214830553,976.0755582703111,0.0221939408575424,-0.2878046068344866,False,False,,
1973,5.3444624,159467.0,996.66875,995.13125,996.5025902706908,976.0755582703111,0.020927715920454,-0.5714495179459878,False,False,,
1974,5.3471712,159495.0,996.84375,993.3375,994.7167038927244,976.0755582703111,0.0190980559491182,-0.3953257990975571,False,False,,
1975,5.34988,157849.0,986.55625,993.025,994.412112606245,976.0755582703111,0.0187859988712633,-0.3173016954323073,False,False,,
1976,5.3525887999999995,159221.0,995.13125,991.64375,993.0388166698156,976.0755582703111,0.0173790422839443,-0.5855812987572047,False,False,,
1977,5.3552976,157575.0,984.84375,989.9125,991.315566343482,976.0755582703111,0.0156135536271159,-0.8491331064494383,False,False,,
1978,5.3580064,158934.0,993.3375,987.1375,988.5486118887808,976.0755582703111,0.0127787787664438,-0.5619081147377565,False,False,,
1979,5.3607152,157942.0,987.1375,986.925,988.3442035687486,976.0755582703111,0.0125693602247129,-0.1068497798466161,False,False,,
1980,5.363424,158386.0,989.9125,986.55625,987.9835916479308,976.0755582703111,0.0121999093991467,-0.0701925288879659,False,False,,
1981,5.3661328,157846.0,986.5375,986.5375,987.9730263923884,976.0755582703111,0.0121890851802094,-0.20609611741907,False,False,,
1982,5.3688416,157908.0,986.925,985.45,986.8937580697096,976.0755582703111,0.0110833630734173,-0.2025325430294229,False,False,,
1983,5.3715504,157594.0,984.9625,985.45,986.9020369490158,976.0755582703111,0.0110918448750934,-0.0890499113710368,False,False,,
1984,5.3742592,157672.0,985.45,984.9625,986.4228633009722,976.0755582703111,0.0106009262735737,-0.0890319049881418,False,False,,
1985,5.376968,156141.0,975.88125,984.9625,986.431237397796,976.0755582703111,0.0106095056266297,-0.2142977657857334,False,False,,
1986,5.3796767999999995,157122.0,982.0125,983.8125,985.289659513265,976.0755582703111,0.009439946697653,-0.5546737361231733,False,False,,
1987,5.3823856,156314.0,976.9625,982.0125,983.4981299227272,976.0755582703111,0.0076045051938084,-1.2732653618174292,False,False,,
1988,5.3850944,155831.0,973.94375,977.0625,978.5566489031096,976.0755582703111,0.0025419042734715,-0.9517635430339972,False,False,,
1989,5.3878032,156295.0,976.84375,976.9625,978.465216732927,976.0755582703111,0.0024482310230679,-0.0381175696790907,False,False,,
1990,5.390512,157718.0,985.7375,976.84375,978.3550836922911,976.0755582703111,0.002335398527978,-0.0605554955730236,False,False,,
1991,5.3932208,157410.0,983.8125,976.625,978.14500006292,976.0755582703111,0.0021201655702515,-0.0865390873593569,False,False,,
1992,5.3959296,156330.0,977.0625,976.36875,977.8974661281472,976.0755582703111,0.0018665643683,-0.0451528894636081,False,False,,
1993,5.3986384,155299.0,970.61875,976.36875,977.9062321729308,976.0755582703111,0.0018755452762936,-0.1562348116509609,False,False,,
1994,5.4013472,155014.0,968.8375,975.525,977.0712984838632,976.0755582703111,0.0010201466527,-0.4552425807824887,False,False,,
1995,5.404056,156219.0,976.36875,973.94375,975.4989153491796,976.0755582703111,-0.0005907769293533,-0.8216199227999551,False,False,,
1996,5.4067647999999995,156260.0,976.625,971.1625,972.7265830587684,976.0755582703111,-0.0034310614410605,-0.611218121173756,False,False,,
1997,5.4094736,156084.0,975.525,970.69375,972.2668019041804,976.0755582703111,-0.0039021122226237,-0.099425525374746,False,False,,
1998,5.4121824,154565.0,966.03125,970.61875,972.200822178638,976.0755582703111,-0.0039697091673309,-0.0663121393484394,False,False,,
1999,5.4148912,155311.0,970.69375,970.325,971.916144177045,976.0755582703111,-0.0042613648687578,-0.3334074008030824,False,False,,
2000,5.4176,154929.0,968.30625,968.8375,970.437768195996,976.0755582703111,-0.0057759771019222,-0.3783007908791782,False,False,,
2001,5.4203088,154102.0,963.1375,968.30625,969.915694533787,976.0755582703111,-0.0063108472334252,-0.5272034017557208,False,False,,
2002,5.4230176,155386.0,971.1625,966.03125,967.6499234904238,976.0755582703111,-0.0086321542512737,-0.5697327163972057,False,False,,
2003,5.4257264,154444.0,965.275,965.275,966.9029553676328,976.0755582703111,-0.0093974311977784,-0.2033161263142684,False,False,,
2004,5.4284352,154390.0,964.9375,964.9375,966.5747904688704,976.0755582703111,-0.0097336396971941,-0.4006772880763452,False,False,,
2005,5.431144,153515.0,959.46875,963.1375,964.7841790993336,976.0755582703111,-0.0115681404736606,-0.3569257872072795,False,False,,
2006,5.4338527999999995,155252.0,970.325,963.03125,964.6873715659684,976.0755582703111,-0.011667320841968,-0.3722703823813043,False,False,,
2007,5.4365616,153095.0,956.84375,961.15,962.815618177482,976.0755582703111,-0.0135849524972503,-0.6700947560606858,False,False,,
2008,5.4392704,153784.0,961.15,959.46875,961.1439192443512,976.0755582703111,-0.0152976261924027,-0.8107230868109605,False,False,,
2009,5.4419792,150798.0,942.4875,956.84375,958.5285250788332,976.0755582703111,-0.0179771258923569,-0.5223127966033312,False,False,,
2010,5.444688,152887.0,955.54375,956.6875,958.3819359949758,976.0755582703111,-0.0181273079992803,-0.1547134625698976,False,False,,
2011,5.4473968,154085.0,963.03125,956.00625,957.7104023086276,976.0755582703111,-0.0188153015471755,-0.2126067385056425,False,False,,
2012,5.4501056,152563.0,953.51875,955.54375,957.2576743374484,976.0755582703111,-0.0192791262658083,-0.3733273036474811,False,False,,
2013,5.4528144,152961.0,956.00625,954.0125,955.7362524009194,976.0755582703111,-0.0208378395474166,-0.37921567094366,False,False,,
2014,5.4555232,150929.0,943.30625,953.51875,955.2523868203538,976.0755582703111,-0.0213335650847132,-0.2432730064422559,False,False,,
2015,5.458232,152348.0,952.175,952.70625,954.4498279189072,976.0755582703111,-0.022155795387118,-0.2503430535406306,False,False,,
2016,5.4609407999999995,152642.0,954.0125,952.175,953.9285760215884,976.0755582703111,-0.0226898236115748,-0.0966712794498079,False,False,,
2017,5.4636496,153070.0,956.6875,952.175,953.93863145527,976.0755582703111,-0.0226795217106652,-0.1120145490351305,False,False,,
2018,5.4663584,152433.0,952.70625,951.5625,953.3362445486983,976.0755582703111,-0.0232966736324273,-0.8956084560125239,False,False,,
2019,5.4690672,151430.0,946.4375,947.41875,949.2026656325056,976.0755582703111,-0.0275315700819581,-0.9653199909661758,False,False,,
2020,5.471776,151136.0,944.6,946.4375,948.2316450392194,976.0755582703111,-0.028526391215485,-0.5291678210646626,False,False,,
2021,5.4744848,150572.0,941.075,944.6,946.4044331032742,976.0755582703111,-0.030398389669358,-0.2892149497064036,False,False,,
2022,5.4771936,151587.0,947.41875,944.8875,946.702280161022,976.0755582703111,-0.0300932421270142,0.0582931559223336,False,False,,
2023,5.4799024,152250.0,951.5625,944.8875,946.7126865507444,976.0755582703111,-0.0300825806678332,-0.0504213703929785,False,False,,
2024,5.4826112,149972.0,937.325,944.6,946.4356526126612,976.0755582703111,-0.0303664049432552,-0.0503987367211022,False,False,,
2025,5.48532,150649.0,941.55625,944.6,946.4461786889444,976.0755582703111,-0.0303556208638934,-0.271395807894339,False,False,,
2026,5.4880287999999995,149211.0,932.56875,943.14375,945.000515123728,976.0755582703111,-0.0318367188721034,-0.5715816732448618,False,False,,
2027,5.4907376,150903.0,943.14375,941.55625,943.4236622631184,976.0755582703111,-0.033452221736865,-0.3871784650782572,False,False,,
2028,5.4934464,149979.0,937.36875,941.075,942.9531204552078,976.0755582703111,-0.0339342969245119,-0.6176305364069741,False,False,,
2029,5.4961552,151182.0,944.8875,938.26875,940.1576400500832,976.0755582703111,-0.0367982969309031,-0.526599079120702,False,False,,
2030,5.498864,152123.0,950.76875,938.26875,940.1684713998404,976.0755582703111,-0.0367872000955554,-0.1660887594297948,False,False,,
2031,5.5015728,149742.0,935.8875,937.36875,939.279364858593,976.0755582703111,-0.0376980993939897,-0.1660652014790482,False,False,,
2032,5.5042816,151785.0,948.65625,937.36875,939.290320782486,976.0755582703111,-0.0376868749310882,-0.2759604636332096,False,False,,
2033,5.5069904,149247.0,932.79375,935.8875,937.820089529706,976.0755582703111,-0.0391931428017696,-0.2759366347364631,False,False,,
2034,5.5096992,150123.0,938.26875,935.8875,937.8311714604936,976.0755582703111,-0.0391817892434371,-0.0726216983100949,False,False,,
2035,5.512408,149012.0,931.325,935.48125,937.4360669371558,976.0755582703111,-0.0395865781145343,-0.2073369597784573,False,False,,
2036,5.5151167999999995,149677.0,935.48125,934.76875,936.734776324076,976.0755582703111,-0.0403050579567327,-0.503975705198398,False,False,,
2037,5.5178256,150746.0,942.1625,932.79375,934.7710499877284,976.0755582703111,-0.0423169168950178,-0.6469641591979505,False,False,,
2038,5.5205344,148195.0,926.21875,931.325,933.313638296687,976.0755582703111,-0.043810050985604,-0.5145641232956741,False,False,,
2039,5.5232432,149563.0,934.76875,930.05,932.0500416216406,976.0755582703111,-0.0451046194893842,-0.2793365370965137,False,False,,
2040,5.525952,147732.0,923.325,929.825,931.8365103354032,976.0755582703111,-0.0453233846089778,-0.7201694801245218,False,False,,
2041,5.5286608,148808.0,930.05,926.21875,928.2417948129264,976.0755582703111,-0.0490062096649059,-1.2248261903987387,False,False,,
2042,5.5313696,147426.0,921.4125,923.325,925.3596454313116,976.0755582703111,-0.0519590029780813,-0.6586593877156908,False,False,,
2043,5.5340784,147634.0,922.7125,922.7125,924.7588125698236,976.0755582703111,-0.0525745627637939,-0.3572434730348401,False,False,,
2044,5.5367872,146476.0,915.475,921.4125,923.470546609901,976.0755582703111,-0.0538944052175948,-0.2567545360658965,False,False,,
2045,5.539496,146647.0,916.54375,921.33125,923.40109793517,976.0755582703111,-0.0539655561383843,-0.0108887709158995,False,False,,
2046,5.5422047999999995,147407.0,921.29375,921.33125,923.4129669314564,976.0755582703111,-0.0539533962229087,-0.0025896335439217,False,False,,
2047,5.5449136,148772.0,929.825,921.29375,923.3874039867986,976.0755582703111,-0.0539795857370719,-0.1833982288870519,False,False,,
2048,5.5476224,147413.0,921.33125,920.3375,922.44315949146,976.0755582703111,-0.054946974467727,-0.1762807205545264,False,False,,
2049,5.5503312,147254.0,920.3375,920.3375,922.455233837942,976.0755582703111,-0.054934604168748,0.0045798013101379,False,False,,
2050,5.55304,146943.0,918.39375,920.3375,922.4673774209964,976.0755582703111,-0.0549221629361492,0.0046060627517778,False,False,,
2051,5.5557488,146898.0,918.1125,920.3375,922.4795906376388,976.0755582703111,-0.054909650363184,0.1854668849339535,False,False,,
2052,5.5584576,145970.0,912.3125,921.29375,923.4481238871614,976.0755582703111,-0.0539173775403311,0.1925849939113124,False,False,,
2053,5.561166399999999,147535.0,922.09375,921.33125,923.4979775711456,976.0755582703111,-0.0538663019001702,0.155972057982165,False,False,,
2054,5.5638752,147059.0,919.11875,922.09375,924.272902093476,976.0755582703111,-0.0530723833190066,0.1489073814806314,False,False,,
2055,5.566584,147046.0,919.0375,922.09375,924.2853978603528,976.0755582703111,-0.0530595812702604,0.6488883620276447,False,False,,
2056,5.5692927999999995,148313.0,926.95625,925.5,927.704215280306,976.0755582703111,-0.049556965728886,0.924303890150945,False,False,,
2057,5.5720016,148999.0,931.24375,926.95625,929.1731047642076,976.0755582703111,-0.0480520725149789,1.0909825431768247,False,False,,
2058,5.5747104,148080.0,925.5,931.24375,933.473316725286,976.0755582703111,-0.0436464587029718,1.3037563986654064,False,False,,
2059,5.5774192,150340.0,939.625,933.825,936.0673515791387,976.0755582703111,-0.0409888418495699,0.5355332848191967,False,False,,
2060,5.580128,150220.0,938.875,934.05,936.3052097437466,976.0755582703111,-0.0407451535791359,0.9598718971201974,False,False,,
2061,5.5828368,149448.0,934.05,938.875,941.1431416394876,976.0755582703111,-0.0357886398597328,1.059181500295617,False,False,,
2062,5.5855456,151125.0,944.53125,939.625,941.9061476891496,976.0755582703111,-0.0350069318831349,1.0745746421299778,False,False,,
2063,5.588254399999999,149412.0,933.825,944.53125,946.8254783179452,976.0755582703111,-0.02996702427853,1.5355533872571003,False,False,,
2064,5.5909632,151635.0,947.71875,947.71875,950.0261339535252,976.0755582703111,-0.0266879178523309,1.3535655029390163,False,False,,
2065,5.593672,153238.0,957.7375,951.6625,953.9831150259924,976.0755582703111,-0.0226339478098073,1.034474568833212,False,False,,
2066,5.5963807999999995,152266.0,951.6625,953.1625,955.4964219679166,976.0755582703111,-0.0210835484282206,0.482544721676299,False,False,,
2067,5.5990896,153964.0,962.275,954.1875,956.534805214347,976.0755582703111,-0.0200197135256538,0.870244817777289,False,False,,
2068,5.6017984,153604.0,960.025,957.7375,960.0982652028284,976.0755582703111,-0.0163689101034309,1.1090226244191772,False,False,,
2069,5.6045072,152670.0,954.1875,960.025,962.3993023734138,976.0755582703111,-0.014011472555601,0.8632116557344753,False,False,,
2070,5.607216,152506.0,953.1625,962.275,964.66291716868,976.0755582703111,-0.0116923746373236,0.7568679163441252,False,False,,
2071,5.6099248,154240.0,964.0,964.0,966.4016100337416,976.0755582703111,-0.0099110649320147,1.4873267143347435,True,False,2071.0,7.0
2072,5.6126336,155218.0,970.1125,970.1125,972.5278814162656,976.0755582703111,-0.0036346334297444,1.2545174188947,False,False,,
2073,5.615342399999999,155297.0,970.60625,970.60625,973.0354817664856,976.0755582703111,-0.0031145913634114,0.7014068226508609,False,False,,
2074,5.6180512,157136.0,982.1,973.79375,976.2369115372172,976.0755582703111,0.0001653081726499,0.6742526891266986,False,False,,
2075,5.62076,158080.0,988.0,974.14375,976.6009211838729,976.0755582703111,0.0005382400052025,0.9248509269410128,False,False,,
2076,5.6234687999999995,155863.0,974.14375,978.65625,981.127511164476,976.0755582703111,0.0051757805544451,1.0643484590433507,False,False,,
2077,5.6261776,156585.0,978.65625,979.74375,982.2291819396762,976.0755582703111,0.006304454216915,0.6566152384152387,False,False,,
2078,5.6288864,155807.0,973.79375,982.1,984.5996839727655,976.0755582703111,0.0087330592700833,0.6873760900273083,False,False,,
2079,5.6315952,157336.0,983.35,983.35,985.8640177296916,976.0755582703111,0.0100283829222466,0.376561010307604,False,False,,
2080,5.634304,156759.0,979.74375,984.0625,986.5909336790744,976.0755582703111,0.0107731161995257,0.2158504880045502,False,False,,
2081,5.6370128,157450.0,984.0625,984.4625,987.0054322922206,976.0755582703111,0.0111977745260602,0.2146999181323692,False,False,,
2082,5.6397216,157627.0,985.16875,985.16875,987.7262640431402,976.0755582703111,0.0119362744759995,0.005530860164189,False,False,,
2083,5.642430399999999,159623.0,997.64375,984.4625,987.0346794085606,976.0755582703111,0.0112277385140857,0.0055625751559542,False,False,,
2084,5.6451392,159108.0,994.425,985.16875,987.7556788679432,976.0755582703111,0.0119664102831649,0.7360236581138513,False,False,,
2085,5.647848,158820.0,992.625,988.325,990.9267629034985,976.0755582703111,0.0152152202842827,0.6615945101580909,False,False,,
2086,5.6505567999999995,158132.0,988.325,988.6375,991.2541820002018,976.0755582703111,0.015550664701397,0.8188226990284244,False,False,,
2087,5.6532656,161062.0,1006.6375,992.625,995.2566866458104,976.0755582703111,0.0196512741385407,1.1001531190884308,False,False,,
2088,5.6559744,157514.0,984.4625,994.425,997.0717773308772,976.0755582703111,0.0215108542393716,0.9548090711957636,False,False,,
2089,5.6586832,158182.0,988.6375,997.64375,1000.3057045487692,976.0755582703111,0.0248240477626503,0.7704617102078268,False,False,,
2090,5.661392,157480.0,984.25,998.46875,1001.1459687956816,976.0755582703111,0.025684907600593,0.2941792478341929,False,False,,
2091,5.6641008,161479.0,1009.24375,999.16875,1001.8613205706548,976.0755582703111,0.026417793255717,0.1500176888178144,False,False,,
2092,5.6668096,159867.0,999.16875,999.23125,1001.939260375592,976.0755582703111,0.0264976434315323,0.8686610222078306,False,False,,
2093,5.669518399999999,160597.0,1003.73125,1003.73125,1006.4547887152728,976.0755582703111,0.0311238512096297,0.9502473766546888,False,False,,
2094,5.6722272,161372.0,1008.575,1004.225,1006.9641560973722,976.0755582703111,0.0316457036192957,0.0992956909152509,False,False,,
2095,5.674936,159755.0,998.46875,1004.225,1006.9798630324764,976.0755582703111,0.0316617955447323,0.828576920239315,False,False,,
2096,5.6776447999999995,159877.0,999.23125,1008.575,1011.3456600340992,976.0755582703111,0.0361346019423838,0.9550769771642678,False,False,,
2097,5.6803536,161538.0,1009.6125,1009.24375,1012.0302976186986,976.0755582703111,0.0368360205762166,0.1324920577434376,False,False,,
2098,5.6830624,162044.0,1012.775,1009.24375,1012.0462763056946,976.0755582703111,0.0368523909144149,0.0757942489258809,False,False,,
2099,5.6857712,160676.0,1004.225,1009.6125,1012.4310966174857,976.0755582703111,0.0372466434991974,0.6006033689402308,False,False,,
2100,5.68848,164211.0,1026.31875,1012.3875,1015.2222590794654,976.0755582703111,0.0401062197259866,0.6041840942677688,False,False,,
2101,5.6911888,162730.0,1017.0625,1012.775,1015.6260142200402,976.0755582703111,0.0405198712483035,0.0794448805550782,False,False,,
2102,5.6938976,162476.0,1015.475,1012.775,1015.6423625706468,976.0755582703111,0.0405366203108817,0.1314849021051136,False,False,,
2103,5.696606399999999,161982.0,1012.3875,1013.4375,1016.3213046657688,976.0755582703111,0.0412322038539481,0.5168277647050541,False,False,,
2104,5.6993152,163292.0,1020.575,1015.475,1018.3753410429553,976.0755582703111,0.0433365864089485,0.6917883148108945,False,False,,
2105,5.702024,160819.0,1005.11875,1017.0625,1019.9794722428368,976.0755582703111,0.044980036228268,0.6256365231082972,False,False,,
2106,5.7047327999999995,165062.0,1031.6375,1018.75,1021.6836988091447,976.0755582703111,0.0467260348365396,0.6705858170828662,False,False,,
2107,5.7074416,162150.0,1013.4375,1020.575,1023.5255212887282,976.0755582703111,0.0486130019508964,0.0063807688596959,False,False,,
2108,5.7101504,163623.0,1022.64375,1018.75,1021.7174402315718,976.0755582703111,0.0467606032899152,0.0064173573880097,False,False,,
2109,5.7128592,160976.0,1006.1,1020.575,1023.559456190814,976.0755582703111,0.0486477686262816,0.6104174471458954,False,False,,
2110,5.715568,163000.0,1018.75,1021.94375,1024.9453197227654,976.0755582703111,0.0500676008515728,0.2818795151651265,False,False,,
2111,5.7182768,165547.0,1034.66875,1022.03125,1025.0500313869256,976.0755582703111,0.0501748790876408,0.1389039025530856,False,False,,
2112,5.7209856,163916.0,1024.475,1022.64375,1025.679841746004,976.0755582703111,0.0508201266340443,0.4686982031213844,False,False,,
2113,5.723694399999999,163511.0,1021.94375,1024.475,1027.528501365935,976.0755582703111,0.0527140984728709,0.3529072763392804,False,False,,
2114,5.7264032,163525.0,1022.03125,1024.475,1027.5460108158995,976.0755582703111,0.0527320370943395,0.6401527344801288,False,False,,
2115,5.729112,162897.0,1018.10625,1027.825,1030.9136206683415,976.0755582703111,0.0561821899271896,0.6401908171537691,False,False,,
2116,5.7318207999999995,165181.0,1032.38125,1027.825,1030.9313314989877,976.0755582703111,0.0562003348653515,0.8683404983272638,False,False,,
2117,5.7345296,164452.0,1027.825,1032.38125,1035.5053938868657,976.0755582703111,0.0608865114109292,0.9014728979818328,False,False,,
2118,5.7372384,165344.0,1033.4,1032.55625,1035.6983084143246,976.0755582703111,0.0610841544374596,0.0398888617540507,False,False,,
2119,5.7399472,165209.0,1032.55625,1032.55625,1035.7163256670517,976.0755582703111,0.0611026133083679,0.0470193709586386,False,False,,
2120,5.742656,166364.0,1039.775,1032.76875,1035.946946234092,976.0755582703111,0.0613388865815652,0.1664329072780574,False,False,,
2121,5.7453648,166022.0,1037.6375,1033.4,1036.5964207078705,976.0755582703111,0.0620042802268374,0.7633440650464323,False,False,,
2122,5.7480736,165243.0,1032.76875,1036.76875,1039.9834996842071,976.0755582703111,0.0654743793883604,0.6440093536957843,False,False,,
2123,5.750782399999999,164005.0,1025.03125,1036.76875,1040.0019337623398,976.0755582703111,0.0654932653014194,0.1251844733513447,False,False,,
2124,5.7534912,166285.0,1039.28125,1037.39375,1040.6454735449418,976.0755582703111,0.0661525787911889,0.1713196127965215,False,False,,
2125,5.7562,165883.0,1036.76875,1037.6375,1040.9078696381423,976.0755582703111,0.066421406435706,0.3640135890675964,False,False,,
2126,5.7589087999999995,166611.0,1041.31875,1039.28125,1042.5703726515462,976.0755582703111,0.0681246588113213,0.4113311138902293,False,False,,
2127,5.7616176,166756.0,1042.225,1039.775,1043.0829831982542,976.0755582703111,0.0686498338783175,0.3924611132976672,False,False,,
2128,5.7643264,165983.0,1037.39375,1041.31875,1044.6457018948822,976.0755582703111,0.0702508561387225,0.4705091350354724,False,False,,
2129,5.7670352,167539.0,1047.11875,1042.225,1045.5710293615823,976.0755582703111,0.0711988641682854,0.2105270566792842,False,False,,
2130,5.769744,165669.0,1035.43125,1042.39375,1045.758966222063,976.0755582703111,0.071391407520988,0.6136047187881957,False,False,,
2131,5.7724528,167961.0,1049.75625,1045.43125,1048.8157631036083,976.0755582703111,0.0745231290927916,0.581734495060573,False,False,,
2132,5.7751616,167269.0,1045.43125,1045.43125,1048.8351706370995,976.0755582703111,0.0745430123214279,0.0073612801689311,False,False,,
2133,5.777870399999999,168034.0,1050.2125,1045.43125,1048.8546894570363,976.0755582703111,0.0745630095642348,0.1776005830413307,False,False,,
2134,5.7805792,167413.0,1046.33125,1046.33125,1049.7743202015556,976.0755582703111,0.075505181240113,0.326565491470955,False,False,,
2135,5.783288,166783.0,1042.39375,1047.11875,1050.5815635124543,976.0755582703111,0.076332210770828,0.325426263665074,False,False,,
2136,5.7859967999999995,168105.0,1050.65625,1048.0125,1051.495170035209,976.0755582703111,0.0772682105661447,0.5063036150902072,False,False,,
2137,5.7887056,167682.0,1048.0125,1049.75625,1053.2588904189977,976.0755582703111,0.0790751612359412,0.3373316349374597,False,False,,
2138,5.7914144,168609.0,1053.80625,1049.75625,1053.2789753167208,976.0755582703111,0.0790957384315826,-0.3221386610553018,False,False,,
2139,5.7941232,167169.0,1044.80625,1048.0125,1051.5554253850232,976.0755582703111,0.0773299428258081,-0.3220949768385903,False,False,,
2140,5.796832,166984.0,1043.65,1048.0125,1051.5757412843143,976.0755582703111,0.0773507566850623,-0.0714831012634285,False,False,,
2141,5.7995408,168904.0,1055.65,1047.59375,1051.177423678791,976.0755582703111,0.0769426759764035,0.0077500100840737,False,False,,
2142,5.8022496,169485.0,1059.28125,1048.0125,1051.6167232364587,976.0755582703111,0.0773927431396938,0.0869833748060457,False,False,,
2143,5.804958399999999,168334.0,1052.0875,1048.0125,1051.6373906291526,976.0755582703111,0.0774139171077527,0.0078391449407551,False,False,,
2144,5.8076672,168173.0,1051.08125,1048.0125,1051.6581765325614,976.0755582703111,0.0774352124913248,0.5882089025086845,False,False,,
2145,5.810376,167221.0,1045.13125,1051.08125,1054.7478316262475,976.0755582703111,0.0806005976579829,0.5882541113974948,False,False,,
2146,5.8130847999999995,167336.0,1045.85,1051.08125,1054.7688565936708,976.0755582703111,0.0806221379652316,0.0079747730855697,False,False,,
2147,5.8157936,166809.0,1042.55625,1051.08125,1054.7900021222094,976.0755582703111,0.0806438017886513,0.0080205019335579,False,False,,
2148,5.8185024,167615.0,1047.59375,1051.08125,1054.8112689031836,976.0755582703111,0.0806655898365068,0.0080664929992959,False,False,,
2149,5.8212112,170662.0,1066.6375,1051.08125,1054.8326576318775,976.0755582703111,0.0806875028211243,0.0081127477864697,False,False,,
2150,5.82392,166705.0,1041.90625,1051.08125,1054.8541690075624,976.0755582703111,0.0807095414589148,0.0081592678073256,False,False,,
2151,5.8266288,169553.0,1059.70625,1051.08125,1054.8758037335192,976.0755582703111,0.0807317064703973,0.4809757543277975,False,False,,
2152,5.8293376,168573.0,1053.58125,1053.58125,1057.3975625170615,976.0755582703111,0.0833152757055608,0.6689487650360526,False,False,,
2153,5.832046399999999,169345.0,1058.40625,1054.575,1058.413196069559,976.0755582703111,0.0843558032998562,0.2600502996386176,False,False,,
2154,5.8347552,168078.0,1050.4875,1054.9125,1058.77270510646,976.0755582703111,0.0847241242088829,0.0804454099872753,False,False,,
2155,5.837464,168142.0,1050.8875,1054.95625,1058.8385903473156,976.0755582703111,0.0847916243530034,0.0166693696994517,False,False,,
2156,5.8401727999999995,168793.0,1054.95625,1054.95625,1058.8608525158031,976.0755582703111,0.0848144321861666,0.0084440436225357,False,False,,
2157,5.8428816,168732.0,1054.575,1054.95625,1058.8832423397505,976.0755582703111,0.0848373708037329,0.6609146490043418,False,False,,
2158,5.8455904,169460.0,1059.125,1058.40625,1062.3557605511564,976.0755582703111,0.0883950033886116,0.6609633463854632,False,False,,
2159,5.8482992,168786.0,1054.9125,1058.40625,1062.3784078862195,976.0755582703111,0.0884182058291104,0.0085901373584391,False,False,,
2160,5.851008,170586.0,1066.1625,1058.40625,1062.4011850853592,976.0755582703111,0.0884415413167647,0.1445606834975876,False,False,,
2161,5.8537168,170029.0,1062.68125,1059.125,1063.1428428932404,976.0755582703111,0.0892013777880267,0.1930691176353427,False,False,,
2162,5.8564256,169501.0,1059.38125,1059.38125,1063.422132058798,976.0755582703111,0.0894875125684658,0.0571976529437208,False,False,,
2163,5.859134399999999,168512.0,1053.2,1059.38125,1063.445303335262,976.0755582703111,0.0895112517926146,0.2829952942571054,False,False,,
2164,5.8618432,170224.0,1063.9,1060.83125,1064.918607480181,976.0755582703111,0.0910206678746337,0.2830456912806625,False,False,,
2165,5.864552,169892.0,1061.825,1060.83125,1064.9420452554475,976.0755582703111,0.0910446801296973,0.095170421641697,False,False,,
2166,5.8672607999999995,169733.0,1060.83125,1061.2875,1065.4218674273234,976.0755582703111,0.0915362631509197,0.0952213982943526,False,False,,
2167,5.8699696,169276.0,1057.975,1061.2875,1065.4455747664636,976.0755582703111,0.0915605515770967,0.0089921970532103,False,False,,
2168,5.8726784,169806.0,1061.2875,1061.2875,1065.469418047943,976.0755582703111,0.0915849792776752,0.0090437600015071,False,False,,
2169,5.8753872,170105.0,1063.15625,1061.2875,1065.4933980512806,976.0755582703111,0.0916095470512808,0.1107411040665624,False,False,,
2170,5.878096,169408.0,1058.8,1061.825,1066.055015560465,976.0755582703111,0.0921849302830664,0.3625431251677682,False,False,,
2171,5.8808048,171131.0,1069.56875,1063.15625,1067.4105213639805,976.0755582703111,0.0935736606861896,0.0092002296674991,False,False,,
2172,5.8835136,168900.0,1055.625,1061.825,1066.1036662548331,976.0755582703111,0.0922347734473131,-0.2945015465723557,False,False,,
2173,5.886222399999999,170766.0,1067.2875,1061.55,1065.8532010305753,976.0755582703111,0.0919781691074793,-0.0426986230997812,False,False,,
2174,5.8889312,168421.0,1052.63125,1061.55,1065.877876493334,976.0755582703111,0.0920034493868078,0.0093594064770847,False,False,,
2175,5.89164,170637.0,1066.48125,1061.55,1065.9026934498345,976.0755582703111,0.0920288746280096,0.3131676071594462,False,False,,
2176,5.8943487999999995,170611.0,1066.31875,1063.15625,1067.5339027114287,976.0755582703111,0.0937000662153546,0.4515067206768286,False,False,,
2177,5.8970576,170432.0,1065.2,1063.8875,1068.2902550941203,976.0755582703111,0.0944749574379483,0.179718429175697,False,False,,
2178,5.8997664,170249.0,1064.05625,1064.05625,1068.4842514185934,976.0755582703111,0.0946737087772571,0.0095759344052375,False,False,,
2179,5.9024752,169848.0,1061.55,1063.8875,1068.3408925102367,976.0755582703111,0.0945268360201821,0.0096308446131949,False,False,,
2180,5.905184,169668.0,1060.425,1064.05625,1068.5351791991725,976.0755582703111,0.0947258848410337,0.0415980244194003,False,False,,
2181,5.9078928,169305.0,1058.15625,1064.05625,1068.560862320283,976.0755582703111,0.0947521974772767,0.0132873841790406,False,False,,
2182,5.9106016,169640.0,1060.25,1064.075,1068.6054427132376,976.0755582703111,0.0947978705735621,0.0133432444101941,False,False,,
2183,5.913310399999999,170943.0,1068.39375,1064.075,1068.631421222521,976.0755582703111,0.0948244858381934,0.0098536522063383,False,False,,
2184,5.9160192,170222.0,1063.8875,1064.075,1068.6575486974602,976.0755582703111,0.0948512537197551,0.0099101549004281,False,False,,
2185,5.918728,170252.0,1064.075,1064.075,1068.6838259922524,976.0755582703111,0.0948781750933819,0.0891559062988136,False,False,,
2186,5.9214367999999995,169976.0,1062.35,1064.49375,1069.129003965992,976.0755582703111,0.0953342647577195,0.0892130588448232,False,False,,
2187,5.9241456,171505.0,1071.90625,1064.49375,1069.155583482701,976.0755582703111,0.0953614957609795,0.6672314970527644,False,False,,
2188,5.9268544,173069.0,1081.68125,1067.96875,1072.6573154113555,976.0755582703111,0.0989490581161517,0.747660155881416,False,False,,
2189,5.9295632,171590.0,1072.4375,1068.39375,1073.1092006259137,976.0755582703111,0.0994120194214823,0.0905684146005896,False,False,,
2190,5.932272,170319.0,1064.49375,1068.39375,1073.136240005346,976.0755582703111,0.0994397215590917,0.15445079882452,False,False,,
2191,5.9349808,171065.0,1069.15625,1069.15625,1073.9259344336629,976.0755582703111,0.1002487720691938,0.1545096088881337,False,False,,
2192,5.9376896,174155.0,1088.46875,1069.15625,1073.953284799944,976.0755582703111,0.100276792816204,0.0103739977574512,False,False,,
2193,5.940398399999999,171655.0,1072.84375,1069.15625,1073.9807919983664,976.0755582703111,0.1003049742394446,0.2751845160677355,False,False,,
2194,5.9431072,169984.0,1062.4,1070.55625,1075.4084569282352,976.0755582703111,0.1017676324504531,0.2752443436274738,False,False,,
2195,5.945816,170875.0,1067.96875,1070.55625,1075.4362804940124,976.0755582703111,0.1017961379954814,0.0105534823925559,False,False,,
2196,5.9485247999999995,171913.0,1074.45625,1070.55625,1075.464263605346,976.0755582703111,0.101824806996663,0.0106139980444304,False,False,,
2197,5.9512336,170697.0,1066.85625,1070.55625,1075.4924071771002,976.0755582703111,0.1018536403912869,0.4432591359712567,False,False,,
2198,5.9539424,171289.0,1070.55625,1072.84375,1077.808212129385,976.0755582703111,0.1042262076917003,0.4433203476291467,False,False,,
2199,5.9566512,168979.0,1056.11875,1072.84375,1077.8366793875875,976.0755582703111,0.1042553727066023,-0.3437796397891866,False,True,2071.0,7.0
2200,5.95936,170829.0,1067.68125,1070.96875,1075.9903098823993,976.0755582703111,0.1023637471151776,-0.4217247245782403,False,False,,
2201,5.9620688,172390.0,1077.4375,1070.55625,1075.6066045498503,976.0755582703111,0.1019706368387266,-0.067085179064513,False,False,,
2202,5.9647776,172041.0,1075.25625,1070.55625,1075.6355643313375,976.0755582703111,0.1020003064490778,0.0889914496282493,False,False,,
2203,5.967486399999999,172696.0,1079.35,1070.96875,1076.0771901736557,976.0755582703111,0.1024527569162326,0.0110474360667502,False,False,,
2204,5.9701952,171995.0,1074.96875,1070.55625,1075.6939830290285,976.0755582703111,0.1020601570387127,-0.0668962163160813,False,False,,
2205,5.972904,173085.0,1081.78125,1070.55625,1075.7234438551404,976.0755582703111,0.1020903399747184,-0.1412937327011185,False,False,,
2206,5.9756127999999995,170988.0,1068.675,1069.75,1074.9468236151674,976.0755582703111,0.1012946841124312,0.0892455725820084,False,False,,
2207,5.9783216,171355.0,1070.96875,1070.96875,1076.195373277808,976.0755582703111,0.1025738367887394,0.2417782448350323,False,False,,
2208,5.9810304,171160.0,1069.75,1070.96875,1076.225343817316,976.0755582703111,0.10260454193165,0.0113678298291226,False,False,,
2209,5.9837392,169556.0,1059.725,1070.96875,1076.2554862135314,976.0755582703111,0.1026354231436216,-0.2190422135233731,False,False,,
2210,5.986448,172677.0,1079.23125,1069.75,1075.067051451913,976.0755582703111,0.1014178588356653,-0.4222676253560422,False,False,,
2211,5.9891568,169938.0,1062.1125,1068.675,1074.0225405235697,976.0755582703111,0.1003477460564925,-0.1917264617447251,False,False,,
2212,5.9918656,170879.0,1067.99375,1068.675,1074.0532044252946,976.0755582703111,0.1003791615565172,0.01163082221505,False,False,,
2213,5.994574399999999,170768.0,1067.3,1068.675,1074.0840441595965,976.0755582703111,0.1004107571989248,0.2149884864262752,False,False,,
2214,5.9972832,173093.0,1081.83125,1069.75,1075.1900607347318,976.0755582703111,0.1015438831805806,0.2020543954362175,False,False,,
2215,5.999992,169571.0,1059.81875,1069.68125,1075.1525051647395,976.0755582703111,0.1015054070916405,-0.0011691150760952,False,False,,
2216,6.0027007999999995,172268.0,1076.675,1069.68125,1075.1838784694728,976.0755582703111,0.1015375493827444,0.1088176873229969,False,False,,
2217,6.0054096,170326.0,1064.5375,1070.19375,1075.7279316746328,976.0755582703111,0.1020949377944818,0.0119681351323635,False,False,,
2218,6.0081184,169912.0,1061.95,1069.68125,1075.247165811803,976.0755582703111,0.1016023879516378,-0.0541509952952736,False,False,,
2219,6.0108272,171252.0,1070.325,1069.84375,1075.4415819184806,976.0755582703111,0.1018015693623701,0.0428358142122142,False,False,,
2220,6.013536,171523.0,1072.01875,1069.84375,1075.4736810381137,976.0755582703111,0.1018344552587138,0.0121752005683006,False,False,,
2221,6.0162448,172540.0,1078.375,1069.84375,1075.5059642201322,976.0755582703111,0.101867529728969,-0.0184850150263429,False,False,,
2222,6.0189536,171149.0,1069.68125,1069.68125,1075.3759325199856,976.0755582703111,0.1017343108413071,-0.018414799805889,False,False,,
2223,6.021662399999999,171231.0,1070.19375,1069.68125,1075.4085869991734,976.0755582703111,0.1017677657095406,-0.4343815177336765,False,False,,
2224,6.0243712,172063.0,1075.39375,1067.31875,1073.0789287252833,976.0755582703111,0.0993810055308322,0.0124568713092436,False,False,,
2225,6.02708,169300.0,1058.125,1069.68125,1075.4744587720245,976.0755582703111,0.101835252055544,0.4592956676098012,False,False,,
2226,6.0297887999999995,171175.0,1069.84375,1069.68125,1075.5076782192623,976.0755582703111,0.1018692857396749,-0.4341672252732564,False,False,,
2227,6.0324976,170729.0,1067.05625,1067.31875,1073.178588153055,976.0755582703111,0.0994831076959027,-0.4340949736963146,False,False,,
2228,6.0352064,168433.0,1052.70625,1067.31875,1073.2121896656886,976.0755582703111,0.0995175328101767,-0.0274403660346038,False,False,,
2229,6.0379152,170737.0,1067.10625,1067.10625,1073.033483855712,976.0755582703111,0.0993344467688736,-0.02736728347368,False,False,,
2230,6.040624,170771.0,1067.31875,1067.10625,1073.0674718279738,976.0755582703111,0.0993692678152298,0.0128916426346883,False,False,,
2231,6.0433328,169936.0,1062.1,1067.10625,1073.101654693657,976.0755582703111,0.0994042885320113,0.0129655657369092,False,False,,
2232,6.0460416,172210.0,1076.3125,1067.10625,1073.1360335703184,976.0755582703111,0.0994395100641661,0.0130399127281251,False,False,,
2233,6.048750399999999,169845.0,1061.53125,1067.10625,1073.1706095819209,976.0755582703111,0.0994749335632072,0.0131146860388895,False,False,,
2234,6.0514592,169832.0,1061.45,1067.10625,1073.2053838588731,976.0755582703111,0.0995105601872504,0.0533753125922373,False,False,,
2235,6.054168,171864.0,1074.15,1067.31875,1073.4528575380664,976.0755582703111,0.0997640996567068,0.0534509458901126,False,False,,
2236,6.0568767999999995,169319.0,1058.24375,1067.31875,1073.4880317629104,976.0755582703111,0.0998001360317046,0.013341588405229,False,False,,
2237,6.0595856,172339.0,1077.11875,1067.31875,1073.523407683372,976.0755582703111,0.099836379046051,-0.5078105023879473,False,False,,
2238,6.0622944,171586.0,1072.4125,1064.5625,1070.8027364560112,976.0755582703111,0.0970490218539684,0.5252682334146321,False,False,,
2239,6.0650032,171204.0,1070.025,1070.025,1076.301019244021,976.0755582703111,0.1026820722273978,1.0465742104422553,False,False,,
2240,6.067712,169986.0,1062.4125,1070.025,1076.3370072172634,976.0755582703111,0.1027189422964589,0.0136502432865519,False,False,,
2241,6.0704208,172149.0,1075.93125,1070.025,1076.3732015523094,976.0755582703111,0.1027560237854271,0.0137285163475588,False,False,,
2242,6.0731296,172296.0,1076.85,1070.025,1076.4096034324764,976.0755582703111,0.1027933179066235,0.0138072382409575,False,False,,
2243,6.075838399999999,170330.0,1064.5625,1070.025,1076.446214047867,976.0755582703111,0.1028308258793213,0.0138864115405006,False,False,,
2244,6.0785472,170193.0,1063.70625,1070.025,1076.4830345954083,976.0755582703111,0.1028685489297853,-0.8240182539636969,False,False,,
2245,6.081256,167935.0,1049.59375,1065.59375,1072.0888162788906,976.0755582703111,0.0983666245866487,-1.018955671216414,False,False,,
2246,6.0839647999999995,171810.0,1073.8125,1064.5625,1071.0948103090072,976.0755582703111,0.0973482546854038,-0.1808908353101905,False,False,,
2247,6.0866736,171936.0,1074.6,1064.5625,1071.1322679033935,976.0755582703111,0.0973866303972725,0.2092251719369535,False,False,,
2248,6.0893824,170495.0,1065.59375,1065.59375,1072.2011902866673,976.0755582703111,0.0984817529768892,0.0142891402471576,False,False,,
2249,6.0920912,170169.0,1063.55625,1064.5625,1071.2078286904684,976.0755582703111,0.0974640432434755,-0.2042849092687007,False,False,,
2250,6.0948,171227.0,1070.16875,1064.4375,1071.1209343534993,976.0755582703111,0.0973750190524353,-0.0091850016676318,False,False,,
2251,6.0975088,168951.0,1055.94375,1064.4375,1071.1592585215649,976.0755582703111,0.0974142825784409,0.0759964232767309,False,False,,
2252,6.1002176,169567.0,1059.79375,1064.7625,1071.522802447614,976.0755582703111,0.0977867372751792,0.076079777510774,False,False,,
2253,6.102926399999999,170250.0,1064.0625,1064.7625,1071.5615673917812,976.0755582703111,0.0978264523810833,-0.0467565122200355,False,False,,
2254,6.1056352,171889.0,1074.30625,1064.4375,1071.2755546214248,976.0755582703111,0.0975334291945759,-0.0466721993075758,False,False,,
2255,6.108344,171543.0,1072.14375,1064.4375,1071.3147654111722,976.0755582703111,0.0975736010741144,-0.0560427969239647,False,False,,
2256,6.1110527999999995,170310.0,1064.4375,1064.0625,1070.9792010429585,976.0755582703111,0.0972298117379606,0.0149579406546713,False,False,,
2257,6.1137616,170218.0,1063.8625,1064.4375,1071.3938628060707,976.0755582703111,0.0976546372134054,0.0150437122982012,False,False,,
2258,6.1164704,170362.0,1064.7625,1064.0625,1071.0587519971882,976.0755582703111,0.0973113125537076,0.015129975772453,False,False,,
2259,6.1191792,170867.0,1067.91875,1064.4375,1071.4738699204258,976.0755582703111,0.0977366053701503,0.0861321888594091,False,False,,
2260,6.121888,169203.0,1057.51875,1064.4375,1071.5142178873766,976.0755582703111,0.0977779423000723,0.0767640504770916,False,False,,
2261,6.1245968,169804.0,1061.275,1064.7625,1071.8797972171544,976.0755582703111,0.0981524822900149,0.0768518064297616,False,False,,
2262,6.1273056,170746.0,1067.1625,1064.7625,1071.9206092364373,976.0755582703111,0.0981942946465861,-0.0459800563421453,False,False,,
2263,6.130014399999999,169701.0,1060.63125,1064.4375,1071.6366552795105,976.0755582703111,0.0979033807367757,-0.1546283220270616,False,False,,
2264,6.1327232,170396.0,1064.975,1063.8625,1071.1029366883104,976.0755582703111,0.0973565802491722,-0.3921058218959032,False,False,,
2265,6.135432,168717.0,1054.48125,1062.28125,1069.5632048124685,976.0755582703111,0.0957791082360726,-0.2927343987809543,False,False,,
2266,6.1381407999999995,170401.0,1065.00625,1062.23125,1069.554961009355,976.0755582703111,0.0957706623703366,-0.1744516728253948,False,False,,
2267,6.1408496,169277.0,1057.98125,1061.275,1068.6407066441238,976.0755582703111,0.0948339988533734,-0.1649054600082635,False,False,,
2268,6.1435584,172888.0,1080.55,1061.275,1068.6829430897567,976.0755582703111,0.0948772705501955,-0.1057179079458059,False,False,,
2269,6.1462672,171714.0,1073.2125,1060.63125,1068.0816717271082,976.0755582703111,0.0942612615152863,-0.4507479254067235,False,False,,
2270,6.148976,169957.0,1062.23125,1058.80625,1066.2993939449516,976.0755582703111,0.0924352985895114,-0.3289173376077521,False,False,,
2271,6.1516848,169965.0,1062.28125,1058.80625,1066.3423611400228,976.0755582703111,0.0924793189470618,-0.139716537813058,False,False,,
2272,6.1543936,169409.0,1058.80625,1057.98125,1065.5605747170675,976.0755582703111,0.0916783702742555,-0.1396230850960513,False,False,,
2273,6.157102399999999,168379.0,1052.36875,1057.98125,1065.6040360888862,976.0755582703111,0.0917228969212455,-0.0816148082847547,False,False,,
2274,6.1598112,169194.0,1057.4625,1057.4625,1065.128996676381,976.0755582703111,0.0912362138888918,-0.0980672202351193,False,False,,
2275,6.16252,169180.0,1057.375,1057.375,1065.0854579086008,976.0755582703111,0.0911916079488996,-0.2138007270933251,False,False,,
2276,6.1652287999999995,168999.0,1056.24375,1056.24375,1063.99842122279,976.0755582703111,0.0900779270697911,-0.1971581728760441,False,False,,
2277,6.1679376,168459.0,1052.86875,1056.24375,1064.042888064434,976.0755582703111,0.0901234838315266,-0.0800515091900671,False,False,,
2278,6.1706464,169830.0,1061.4375,1055.73125,1063.5751098873068,976.0755582703111,0.0896442400136032,-0.0799547947742667,False,False,,
2279,6.1733552,168917.0,1055.73125,1055.73125,1063.6200881535187,976.0755582703111,0.0896903207353576,0.0170602626678864,False,False,,
2280,6.176064,167118.0,1044.4875,1055.73125,1063.665324333564,976.0755582703111,0.0897366656926327,0.0171580894209704,False,False,,
2281,6.1787728,168045.0,1050.28125,1055.73125,1063.7108199063691,976.0755582703111,0.0897832764006046,-0.5240648290770622,False,False,,
2282,6.1814816,167565.0,1047.28125,1052.86875,1060.894076359341,976.0755582703111,0.0868974920746251,-0.5239658771933158,False,False,,
2283,6.184190399999999,166778.0,1042.3625,1052.86875,1060.9400951884154,976.0755582703111,0.0869446388643224,-0.4718616909287281,False,False,,
2284,6.1868992,169311.0,1058.19375,1050.28125,1058.398877898106,976.0755582703111,0.0843411341778486,-0.4717616009739771,False,False,,
2285,6.189608,167029.0,1043.93125,1050.28125,1058.4454260015546,976.0755582703111,0.0843888232148848,-0.5496679375427558,False,False,,
2286,6.1923167999999995,170681.0,1066.75625,1047.28125,1055.492241020578,976.0755582703111,0.0813632531594172,-0.5495666964278154,False,False,,
2287,6.1950256,169177.0,1057.35625,1047.28125,1055.5393244857212,976.0755582703111,0.0814114906803182,0.0178587649169994,False,False,,
2288,6.1977344,166838.0,1042.7375,1047.28125,1055.586677936304,976.0755582703111,0.0814600048042316,-0.1758744064633965,False,False,,
2289,6.2004432,166564.0,1041.025,1046.25625,1054.6093029204735,976.0755582703111,0.0804586734958622,-0.6154472344985553,False,False,,
2290,6.203152,169044.0,1056.525,1043.93125,1052.332200995255,976.0755582703111,0.0781257578666115,0.0181677464671956,False,False,,
2291,6.2058608,167401.0,1046.25625,1046.25625,1054.7053737266017,976.0755582703111,0.0805570990791214,0.018271923740329,False,False,,
2292,6.2085696,168504.0,1053.15,1043.93125,1052.4288226894448,976.0755582703111,0.0782247478406671,0.0183766983857651,False,False,,
2293,6.211278399999999,166931.0,1043.31875,1046.25625,1054.802549467748,976.0755582703111,0.0806566566802961,0.4581578945917197,False,False,,
2294,6.2139872,168271.0,1051.69375,1046.25625,1054.851555654558,976.0755582703111,0.0807068640504066,-0.5369163436862348,False,False,,
2295,6.216696,165498.0,1034.3625,1043.31875,1051.9633428520551,976.0755582703111,0.0777478586967423,-0.5368097562931489,False,False,,
2296,6.2194047999999995,166604.0,1041.275,1043.31875,1052.012912671608,976.0755582703111,0.0777986435147131,0.0188018394924966,False,False,,
2297,6.2221136,166899.0,1043.11875,1043.31875,1052.062766733824,976.0755582703111,0.0778497195423769,-0.0189119232050778,False,False,,
2298,6.2248224,167846.0,1049.0375,1043.11875,1051.9129066686044,976.0755582703111,0.0776961862795574,-0.0909008709126091,False,False,,
2299,6.2275312,166731.0,1042.06875,1042.7375,1051.5820841151958,976.0755582703111,0.0773572549841208,-0.179436136344572,False,False,,
2300,6.23024,167628.0,1047.675,1042.06875,1050.9640507222452,976.0755582703111,0.0767240730672969,-0.1072290785312137,False,False,,
2301,6.2329488,167764.0,1048.525,1042.06875,1051.015058147853,976.0755582703111,0.0767763307282698,-0.1307572559985477,False,False,,
2302,6.2356576,166838.0,1042.7375,1041.275,1050.2726080596285,976.0755582703111,0.0760156825571992,-0.1306463159545714,False,False,,
2303,6.238366399999999,166267.0,1039.16875,1041.275,1050.3242021347403,976.0755582703111,0.0760685412469544,-0.3787388321255598,False,False,,
2304,6.2410752,165440.0,1034.0,1039.16875,1048.269842059978,976.0755582703111,0.0739638270602749,-1.178789332950375,False,False,,
2305,6.243784,165590.0,1034.9375,1034.9375,1044.0907795318008,976.0755582703111,0.0696823321567627,-0.8288268956774818,False,False,,
2306,6.2464927999999995,164421.0,1027.63125,1034.68125,1043.8870162563976,976.0755582703111,0.0694735744702531,-0.0829191877106971,False,False,,
2307,6.2492016,164648.0,1029.05,1034.39375,1043.6523039497392,976.0755582703111,0.0692331091654212,-0.1088073637095732,False,False,,
2308,6.2519104,168055.0,1050.34375,1034.0,1043.3116443376375,976.0755582703111,0.0688840996966201,-0.9525864656668476,False,False,,
2309,6.2546192,164680.0,1029.25,1029.25,1038.6150391558,976.0755582703111,0.064072376729025,-0.9158313434949488,False,False,,
2310,6.257328,164596.0,1028.725,1029.05,1038.468740149887,976.0755582703111,0.063922491810103,-0.0174527814081546,False,False,,
2311,6.2600368,165503.0,1034.39375,1029.05,1038.5227490755688,976.0755582703111,0.0639778245404681,-0.0409744678984562,False,False,,
2312,6.2627456,165549.0,1034.68125,1028.725,1038.2520676985828,976.0755582703111,0.0637005085328164,-0.1129543788680678,False,False,,
2313,6.265454399999999,164535.0,1028.34375,1028.34375,1037.925447794792,976.0755582703111,0.0633658828975125,0.0207212031363592,False,False,,
2314,6.2681632,162620.0,1016.375,1028.725,1038.361641150242,976.0755582703111,0.0638127677229282,0.0208400224102458,False,False,,
2315,6.270872,163906.0,1024.4125,1028.34375,1038.0356495612205,976.0755582703111,0.0634787858029226,-0.3123431153039675,False,False,,
2316,6.2735807999999995,162203.0,1013.76875,1026.9625,1036.709974834315,976.0755582703111,0.0621206176614576,-0.6798013710106368,False,False,,
2317,6.2762896,164314.0,1026.9625,1024.6375,1034.4408687864725,976.0755582703111,0.0597958938953348,-0.4610245098654175,False,False,,
2318,6.2789984,164783.0,1029.89375,1024.4125,1034.2720832450582,976.0755582703111,0.0596229712768098,-0.5507291846840019,False,False,,
2319,6.2817072,163942.0,1024.6375,1021.6125,1031.5286200479168,976.0755582703111,0.056812263464391,-1.2030291051042337,False,False,,
2320,6.284416,162870.0,1017.9375,1017.9375,1027.9104810434303,976.0755582703111,0.0531054407969964,-0.6734040750701258,False,False,,
2321,6.2871248,164696.0,1029.35,1017.9375,1027.9676680905814,976.0755582703111,0.0531640295472896,0.0370560702280631,False,False,,
2322,6.2898336,160888.0,1005.55,1018.01875,1028.1064330590104,976.0755582703111,0.0533061957630639,0.0218154355730781,False,False,,
2323,6.292542399999999,162025.0,1012.65625,1017.9375,1028.08302782908,976.0755582703111,0.0532822168510503,0.0065755141398113,False,False,,
2324,6.2952512,160479.0,1002.99375,1017.9375,1028.141204291935,976.0755582703111,0.0533418192684678,-0.6327196936456936,False,False,,
2325,6.29796,163458.0,1021.6125,1014.475,1024.7372143495638,976.0755582703111,0.0498543946387564,-0.974169269166996,False,False,,
2326,6.3006687999999995,161619.0,1010.11875,1012.66875,1022.9898099148618,976.0755582703111,0.0480641598358292,-0.3216198254129914,False,False,,
2327,6.3033776,162316.0,1014.475,1012.65625,1023.0364929116928,976.0755582703111,0.0481119870725994,-0.4597769747607465,False,False,,
2328,6.3060864,162883.0,1018.01875,1010.11875,1020.5585152749528,976.0755582703111,0.0455732720973661,-0.5376552534845853,False,False,,
2329,6.3087952,164000.0,1025.0,1009.69375,1020.1933789506328,976.0755582703111,0.0451991859713216,-0.0576645483947029,False,False,,
2330,6.311504,161551.0,1009.69375,1009.69375,1020.253585895882,976.0755582703111,0.0452608686399831,-0.0847186039343466,False,False,,
2331,6.3142128,160543.0,1003.39375,1009.125,1019.745388079073,976.0755582703111,0.0447402144626471,-0.0845876551347277,False,False,,
2332,6.3169216,162027.0,1012.66875,1009.125,1019.806287479865,976.0755582703111,0.0448026065595252,-0.3882104875363037,False,False,,
2333,6.319630399999999,159999.0,999.99375,1006.95,1017.692536089269,976.0755582703111,0.0426370453253706,-0.6020063217955771,False,False,,
2334,6.3223392,160931.0,1005.81875,1005.81875,1016.6228859097124,976.0755582703111,0.0415411771105656,-0.4044917577554576,False,False,,
2335,6.325048,161460.0,1009.125,1004.6875,1015.553588955106,976.0755582703111,0.0404456707785545,-0.4350878099660251,False,False,,
2336,6.3277567999999995,159820.0,998.875,1003.39375,1014.3221472509076,976.0755582703111,0.0391840453912939,-0.2588463502814617,False,False,,
2337,6.3304656,161112.0,1006.95,1003.19375,1014.1848128341904,976.0755582703111,0.0390433447912699,-0.0329632994616906,False,False,,
2338,6.3331744,160511.0,1003.19375,1003.09375,1014.1478377537072,976.0755582703111,0.0390054634201302,-0.5812398548820585,False,False,,
2339,6.3358832,160750.0,1004.6875,999.99375,1011.1112240699598,976.0755582703111,0.0358944197534612,-0.7146602172275962,False,False,,
2340,6.338592,158482.0,990.5125,999.1875,1010.3687238552652,976.0755582703111,0.0351337202272785,-0.1873841381491896,False,False,,
2341,6.3413008,159870.0,999.1875,998.875,1010.120339193823,976.0755582703111,0.0348792474466239,-0.0465964980752202,False,False,,
2342,6.3440096,158277.0,989.23125,998.8125,1010.1223221817846,976.0755582703111,0.0348812790393062,-0.3986704749150886,False,False,,
2343,6.346718399999999,158453.0,990.33125,996.6375,1008.0121749273204,976.0755582703111,0.0327194102817241,-0.5982754239576744,False,False,,
2344,6.3494272,159462.0,996.6375,995.51875,1006.9586495506902,976.0755582703111,0.0316400621024733,-0.5130358246891138,False,False,,
2345,6.352136,160495.0,1003.09375,993.79375,1005.2992481843112,976.0755582703111,0.0299399873978884,-0.3249680068998195,False,False,,
2346,6.3548447999999995,158785.0,992.40625,993.66875,1005.2402229728287,976.0755582703111,0.029879515428293,-0.1392632241450329,False,False,,
2347,6.3575536,159007.0,993.79375,992.925,1004.5628260731852,976.0755582703111,0.02918551495476,-0.1154812454242311,False,False,,
2348,6.3602624,159810.0,998.8125,992.925,1004.6295596546922,976.0755582703111,0.0292538842330824,-0.072787655893606,False,False,,
2349,6.3629712,158060.0,987.875,992.40625,1004.1779258991002,976.0755582703111,0.0287911805501908,-0.0726425118017877,False,False,,
2350,6.36568,159283.0,995.51875,992.40625,1004.24542700067,976.0755582703111,0.0288603361611451,0.0256031772706508,False,False,,
2351,6.3683888,157728.0,985.8,992.40625,1004.3133151662448,976.0755582703111,0.0289298883233723,-0.5604844369819375,False,False,,
2352,6.3710976,158289.0,989.30625,989.30625,1001.2815926153226,976.0755582703111,0.0258238556753521,-0.6395257064020603,False,False,,
2353,6.373806399999999,158987.0,993.66875,988.8875,1000.9315115801282,976.0755582703111,0.0254651938563689,-0.2446145051445327,False,False,,
2354,6.3765152,158868.0,992.925,987.875,999.9880743056864,976.0755582703111,0.0244986321322808,-0.5576750777172128,False,False,,
2355,6.379224,155422.0,971.3875,985.8,997.982533049895,976.0755582703111,0.0224439333553282,-0.5858910497723033,False,False,,
2356,6.3819327999999995,157020.0,981.375,984.6375,996.8898900836,976.0755582703111,0.0213245087810347,-0.8103055858893593,False,False,,
2357,6.3846416,158222.0,988.8875,981.375,993.6976476906676,976.0755582703111,0.0180540218132131,-0.9448930127841376,False,False,,
2358,6.3873504,156720.0,979.5,979.5,991.8933081680613,976.0755582703111,0.0162054563949745,-0.3372311398409584,False,False,,
2359,6.3900592,156623.0,978.89375,979.45,991.9143738259148,976.0755582703111,0.0162270383900109,-0.087691438220212,False,False,,
2360,6.392768,157542.0,984.6375,978.89375,991.4295969876094,976.0755582703111,0.0157303792592725,-0.2423689486228495,False,False,,
2361,6.3954768,156484.0,978.025,978.025,990.6327299898488,976.0755582703111,0.0149139803739517,-0.6547050590745274,False,False,,
2362,6.3981856,156046.0,975.2875,975.2875,987.9675251827352,976.0755582703111,0.0121834491312307,-0.4902612444429106,False,False,,
2363,6.400894399999999,155920.0,974.5,975.2875,988.0402349298478,976.0755582703111,0.0122579410560581,-0.1213436381657389,False,False,,
2364,6.4036032,154712.0,966.95,974.5,987.3258616083182,976.0755582703111,0.0115260578371037,-0.2039201934987891,False,False,,
2365,6.406312,155850.0,974.0625,974.0625,986.9619076089092,976.0755582703111,0.0111531830157589,-0.4897868129055993,False,False,,
2366,6.4090207999999995,156712.0,979.45,971.7625,984.7358753360926,976.0755582703111,0.0088725887995066,-0.4990822459449797,False,False,,
2367,6.4117296,155482.0,971.7625,971.275,984.322767208128,976.0755582703111,0.0084493550401278,-0.5024671404913561,False,False,,
2368,6.4144384,154206.0,963.7875,968.95625,982.078835657142,976.0755582703111,0.006150422819181,-0.4751210820484206,False,False,,
2369,6.4171472,154561.0,966.00625,968.6125,981.8103331292066,976.0755582703111,0.0058753390660225,-0.3508563073619104,False,False,,
2370,6.419856,154086.0,963.0375,966.95,980.2235120844211,976.0755582703111,0.0042496236884166,-0.2856868120278747,False,False,,
2371,6.4225648,155404.0,971.275,966.95,980.2996249969908,976.0755582703111,0.0043276021931796,-0.1496009232657774,False,False,,
2372,6.4252736,154978.0,968.6125,966.00625,979.432424355309,976.0755582703111,0.003439145726532,-0.5690184878561406,False,False,,
2373,6.427982399999999,155033.0,968.95625,963.7875,977.2906626620372,976.0755582703111,0.0012448876333705,-0.4187476149936932,False,False,,
2374,6.4306912,153884.0,961.775,963.6375,977.2180924341884,976.0755582703111,0.0011705386475427,0.0010029414268685,False,False,,
2375,6.4334,153145.0,957.15625,963.6375,977.2959662032084,976.0755582703111,0.0012503211688446,-0.0839271964528736,False,False,,
2376,6.4361087999999995,152489.0,953.05625,963.0375,976.7742865150584,976.0755582703111,0.0007158546680396,-0.3225065210660865,False,False,,
2377,6.4388176,153791.0,961.19375,961.775,975.5905559302994,976.0755582703111,-0.0004968901596832,-0.3093350093441487,False,False,,
2378,6.4415264,155463.0,971.64375,961.24375,975.138527024174,976.0755582703111,-0.0009599986785835,-0.0798703831988059,False,False,,
2379,6.4442352,153336.0,958.35,961.19375,975.1682023866932,976.0755582703111,-0.000929595947701,-0.3491768078930267,False,False,,
2380,6.446944,154182.0,963.6375,959.2375,973.292084622718,976.0755582703111,-0.0028516989530255,-0.3785516219423706,False,False,,
2381,6.4496528,153298.0,958.1125,959.03125,973.1664263520474,976.0755582703111,-0.0029804372147367,-0.1372647891978219,False,False,,
2382,6.4523616,155515.0,971.96875,958.35,972.5662302095024,976.0755582703111,-0.0035953446749835,-0.0980860037061919,False,False,,
2383,6.455070399999999,152772.0,954.825,958.35,972.6477488450124,976.0755582703111,-0.0035118279484154,0.030920029855654,False,False,,
2384,6.4577792,153799.0,961.24375,958.35,972.7297349237024,976.0755582703111,-0.0034278323212375,-0.0138157903566455,False,False,,
2385,6.460488,153478.0,959.2375,958.1125,972.5746911259788,976.0755582703111,-0.0035866763742514,-0.6353296275791384,False,False,,
2386,6.4631967999999995,152582.0,953.6375,954.825,969.3701201476194,976.0755582703111,-0.0068697941116099,-0.8148027730313769,False,False,,
2387,6.4659056,152221.0,951.38125,953.6375,968.2660246998588,976.0755582703111,-0.0080009518774258,-0.6196049030637796,False,False,,
2388,6.4686144,153445.0,959.03125,951.38125,966.0936575094792,976.0755582703111,-0.0102265656344481,-0.7340701521605397,False,False,,
2389,6.4713232,151772.0,948.575,949.5875,964.384271318898,976.0755582703111,-0.0119778503337704,-0.4986847832464143,False,False,,
2390,6.474032,151244.0,945.275,948.575,963.4566188862588,976.0755582703111,-0.0129282403161638,-0.2302044891859807,False,False,,
2391,6.4767408,151110.0,944.4375,948.2,963.1669529855204,976.0755582703111,-0.0132250061743846,-0.0385482191712731,False,False,,
2392,6.4794496,151934.0,949.5875,948.2,963.252776406548,976.0755582703111,-0.0131370791483461,-0.5205877130968992,False,False,,
2393,6.482158399999999,151712.0,948.2,945.275,960.4140919552048,976.0755582703111,-0.0160453421688581,-0.6090453677205319,False,False,,
2394,6.4848672,150117.0,938.23125,944.80625,960.0321524534432,976.0755582703111,-0.0164366433325082,-0.1254506152855925,False,False,,
2395,6.487576,150640.0,941.5,944.4375,959.7507107393968,976.0755582703111,-0.0167249834222294,-0.1997230320453606,False,False,,
2396,6.4902847999999995,150300.0,939.375,943.575,958.9760196674744,976.0755582703111,-0.0175186628309171,-0.4453733822850596,False,False,,
2397,6.4929936,149766.0,936.0375,941.90625,957.395582108452,976.0755582703111,-0.0191378382580974,-0.3494465355733243,False,False,,
2398,6.4957024,150972.0,943.575,941.55,957.1281509495666,976.0755582703111,-0.0194118243820397,-0.0336806833506417,False,False,,
2399,6.4984112,151732.0,948.325,941.55,957.2174790946124,976.0755582703111,-0.0193203067282178,0.033882177915339,False,False,,
2400,6.50112,151169.0,944.80625,941.55,957.3073194640336,976.0755582703111,-0.0192282642949655,0.0246210706977403,False,False,,
2401,6.5038288,150648.0,941.55,941.5,957.3476749950212,976.0755582703111,-0.0191869196156057,0.0248164715519596,False,False,,
2402,6.5065376,150194.0,938.7125,941.5,957.4385486416086,976.0755582703111,-0.0190938185786857,-0.3673858579170455,False,False,,
2403,6.509246399999999,150705.0,941.90625,939.375,955.4049433747676,976.0755582703111,-0.0211772692394569,-0.4782890891475517,False,False,,
2404,6.5119552,150206.0,938.7875,938.7875,954.9093621825068,976.0755582703111,-0.0216849975480511,-0.0762360628025344,False,False,,
2405,6.514664,150012.0,937.575,938.7875,955.0018080699688,976.0755582703111,-0.0215902857332961,0.0208816470575983,False,False,,
2406,6.5173727999999995,151479.0,946.74375,938.7125,955.0197840595268,976.0755582703111,-0.0215718691369518,0.0210827148569743,False,False,,
2407,6.5200816,150768.0,942.3,938.7125,955.1132931908868,976.0755582703111,-0.021476068017287,-0.1524579290393997,False,False,,
2408,6.5227904,149640.0,935.25,937.71875,954.2135885211836,976.0755582703111,-0.0223978252133154,-0.1794388064428704,False,False,,
2409,6.5254992,149397.0,933.73125,937.575,954.1644231250827,976.0755582703111,-0.0224481956950717,0.0086916957586735,False,False,,
2410,6.528208,147068.0,919.175,937.575,954.2595500948808,976.0755582703111,-0.0223507370823732,0.0360816729552633,False,False,,
2411,6.5309168,147909.0,924.43125,937.575,954.3552225406056,976.0755582703111,-0.0222527196236693,0.036288572050573,False,False,,
2412,6.5336256,148367.0,927.29375,937.575,954.4514435901184,976.0755582703111,-0.022154140114432,0.0636809152795168,False,False,,
2413,6.536334399999999,149031.0,931.44375,937.71875,954.6919663892164,976.0755582703111,-0.021907721897051,0.0638901939744913,False,False,,
2414,6.5390432,150204.0,938.775,937.71875,954.789294101736,976.0755582703111,-0.0218080085995558,0.0369164149774912,False,False,,
2415,6.541752,150035.0,937.71875,937.71875,954.8871799096546,976.0755582703111,-0.0217077235272689,0.209689041047413,False,False,,
2416,6.5444607999999995,149975.0,937.34375,938.63125,955.8981270131962,976.0755582703111,-0.0206719972507775,0.2370861982911343,False,False,,
2417,6.5471696,150181.0,938.63125,938.775,956.1408886309356,976.0755582703111,-0.0204232853394071,1.4369534317086932,False,False,,
2418,6.5498784,151365.0,946.03125,946.03125,963.4967179999032,976.0755582703111,-0.0128871583391543,1.4277133858338755,False,False,,
2419,6.5525872,151380.0,946.125,946.125,963.6906183756912,976.0755582703111,-0.0126885053003142,0.3417415836362987,False,False,,
2420,6.555296,152949.0,955.93125,947.6375,965.3038430325604,976.0755582703111,-0.0110357391356457,1.0605693521433088,False,False,,
2421,6.5580048,151622.0,947.6375,951.53125,969.2988952635458,976.0755582703111,-0.0069427647781431,1.6068374292921177,True,False,2421.0,8.0
2422,6.5607136,153056.0,956.6,955.93125,973.8007783805664,976.0755582703111,-0.0023305366787136,0.9971848467753884,False,False,,
2423,6.563422399999999,153679.0,960.49375,956.6,974.571995714532,976.0755582703111,-0.0015404161522532,0.9016705761456116,False,False,,
2424,6.5661312,152245.0,951.53125,960.49375,978.5688006154522,976.0755582703111,0.0025543538346142,1.6228672324851146,False,False,,
2425,6.56884,154396.0,964.975,964.975,983.1536964525466,976.0755582703111,0.0072516293664584,1.1763240083997168,False,False,,
2426,6.5715487999999995,155223.0,970.14375,966.50625,984.789186614354,976.0755582703111,0.0089272067825198,1.0169896621822605,False,False,,
2427,6.5742576,156240.0,976.5,970.14375,988.531524508844,976.0755582703111,0.0127612725602981,0.9522105485575209,False,False,,
2428,6.5769664,155413.0,971.33125,971.33125,989.8244635635284,976.0755582703111,0.0140859026503862,0.6664129003578889,False,False,,
2429,6.5796752,154641.0,966.50625,973.45625,992.0555072255726,976.0755582703111,0.0163716310892766,0.6229110307876442,False,False,,
2430,6.582384,156482.0,978.0125,974.4125,993.118408961909,976.0755582703111,0.0174605854507812,0.6160501279555484,False,False,,
2431,6.5850928,156300.0,976.875,976.5,995.3131722593498,976.0755582703111,0.0197091442624884,0.5063631379773095,False,False,,
2432,6.5878016,155906.0,974.4125,976.875,995.7960506247014,976.0755582703111,0.0202038583870868,0.3269439474188123,False,False,,
2433,6.590510399999999,155753.0,973.45625,978.0125,997.0420475848788,976.0755582703111,0.0214803957920244,1.102520888104333,False,False,,
2434,6.5932192,158368.0,989.8,982.4875,1001.6261666870208,976.0755582703111,0.0261768755504823,1.0684810634071007,False,False,,
2435,6.595928,157198.0,982.4875,983.44375,1002.6921614986068,976.0755582703111,0.0272689988011403,0.2508268145280636,False,False,,
2436,6.5986367999999995,157569.0,984.80625,983.59375,1002.952535607572,976.0755582703111,0.0275357549008695,0.2995244013358524,False,False,,
2437,6.6013456,158183.0,988.64375,984.80625,1004.276042622426,976.0755582703111,0.0288917021978179,0.9970997697521816,False,False,,
2438,6.6040544,157375.0,983.59375,988.64375,1008.2251861723702,976.0755582703111,0.0329376426134783,0.98670388935665,False,False,,
2439,6.6067632,157351.0,983.44375,989.8,1009.4937199074162,976.0755582703111,0.0342372691887959,0.4456254054472337,False,False,,
2440,6.609472,158524.0,990.775,990.775,1010.5816474985062,976.0755582703111,0.0353518628100294,0.3040387102111967,False,False,,
2441,6.6121808,158589.0,991.18125,991.18125,1011.1014726376314,976.0755582703111,0.0358844293052364,0.8952464499530342,False,False,,
2442,6.6148896,159701.0,998.13125,995.28125,1015.315699037954,976.0755582703111,0.0402019499772945,1.2299780359859778,False,False,,
2443,6.617598399999999,159593.0,997.45625,997.45625,1017.6055804339284,976.0755582703111,0.0425479583129934,0.5825319872775081,False,False,,
2444,6.6203072,159802.0,998.7625,998.13125,1018.3961205814225,976.0755582703111,0.0433578752715688,0.2908465622285279,False,False,,
2445,6.623016,161013.0,1006.33125,998.7625,1019.1435732578412,976.0755582703111,0.0441236486485228,0.227273950076869,False,False,,
2446,6.6257247999999995,159245.0,995.28125,999.1,1019.5979422622504,976.0755582703111,0.0445891546235051,1.4472725137184792,False,False,,
2447,6.6284336,159856.0,999.1,1006.18125,1026.7967314154996,976.0755582703111,0.0519643922188468,1.412068973786461,False,False,,
2448,6.6311424,161866.0,1011.6625,1006.33125,1027.0649445603483,976.0755582703111,0.0522391794958935,0.0732044443671622,False,False,,
2449,6.6338512,162795.0,1017.46875,1006.33125,1027.1838355615914,976.0755582703111,0.0523609846166503,0.0450953734075909,False,False,,
2450,6.63656,161379.0,1008.61875,1006.33125,1027.3034083061846,976.0755582703111,0.0524834881908665,0.2841026571269989,False,False,,
2451,6.6392688,160989.0,1006.18125,1007.59375,1028.6861667033722,976.0755582703111,0.0539001391719012,0.47819830214757,False,False,,
2452,6.6419776,162048.0,1012.8,1008.61875,1029.8321146848157,976.0755582703111,0.0550741753125809,0.4394563613231792,False,False,,
2453,6.644686399999999,161215.0,1007.59375,1009.675,1031.01000620472,976.0755582703111,0.0562809379550054,0.6217357549602731,False,False,,
2454,6.6473952,161976.0,1012.35,1011.6625,1033.1198452399658,976.0755582703111,0.0584424909386542,0.5522667919144375,False,False,,
2455,6.650104,162666.0,1016.6625,1012.35,1033.9303857902369,976.0755582703111,0.0592728985268817,0.2617795113185437,False,False,,
2456,6.6528127999999995,160801.0,1005.00625,1012.8,1034.5041318781518,976.0755582703111,0.0598607076191734,0.0469369084617792,False,False,,
2457,6.6555216,160672.0,1004.2,1012.35,1034.178587549397,976.0755582703111,0.0595271839221639,0.0472060535180691,False,False,,
2458,6.6582304,161548.0,1009.675,1012.8,1034.7537568728558,976.0755582703111,0.0601164511347126,0.4859706384162088,False,False,,
2459,6.6609392,162347.0,1014.66875,1014.66875,1036.7483939407448,976.0755582703111,0.0621599784528473,0.4767874849840137,False,False,,
2460,6.663648,163594.0,1022.4625,1015.06875,1037.2750028687449,976.0755582703111,0.0626994950133617,0.2276752700096427,False,False,,
2461,6.6663568,162411.0,1015.06875,1015.61875,1037.952337796138,976.0755582703111,0.0633934319956516,0.3496888393653652,False,False,,
2462,6.6690656,162499.0,1015.61875,1016.6625,1039.124152885941,976.0755582703111,0.0645939692695073,0.5473471397132261,False,False,,
2463,6.671774399999999,163030.0,1018.9375,1018.25625,1040.8467023250423,976.0755582703111,0.0663587398597617,0.479074072041854,False,False,,
2464,6.6744832,161644.0,1010.275,1018.9375,1041.6574903243395,976.0755582703111,0.0671894009622011,0.8445688010804204,False,False,,
2465,6.677192,162921.0,1018.25625,1022.4625,1045.3127711188747,976.0755582703111,0.0709342757964943,0.7160208002376898,False,False,,
2466,6.6799007999999995,165018.0,1031.3625,1022.4625,1045.443798967976,976.0755582703111,0.0710685152495684,0.9337782200213472,False,False,,
2467,6.6826096,164342.0,1027.1375,1027.1375,1050.250578155394,976.0755582703111,0.0759931126812839,0.9825220969740744,False,False,,
2468,6.6853184,164959.0,1030.99375,1027.39375,1050.6393629894449,976.0755582703111,0.076391426962137,0.1909194667748757,False,False,,
2469,6.6880272,165140.0,1032.125,1027.88125,1051.2601578031476,976.0755582703111,0.0770274379844833,0.308218227850153,False,False,,
2470,6.690736,165733.0,1035.83125,1028.75625,1052.269216954369,976.0755582703111,0.0780612300333382,0.2163180497275618,False,False,,
2471,6.6934448,164601.0,1028.75625,1028.75625,1052.404044825964,976.0755582703111,0.0781993626506877,0.4742691118338715,False,False,,
2472,6.6961536,165361.0,1033.50625,1030.99375,1054.777145825919,976.0755582703111,0.0806306303736092,0.5442958902415498,False,False,,
2473,6.698862399999999,163273.0,1020.45625,1031.3625,1055.282274387498,976.0755582703111,0.0811481400656601,0.2656566966246352,False,False,,
2474,6.7015712,164461.0,1027.88125,1032.125,1056.181934969385,976.0755582703111,0.082069852093243,0.4574250454338653,False,False,,
2475,6.70428,164383.0,1027.39375,1033.50625,1057.7011320558329,976.0755582703111,0.0836262859918025,0.7532044290641586,False,False,,
2476,6.7069887999999995,166533.0,1040.83125,1035.83125,1060.164870156805,976.0755582703111,0.0861504124081406,0.584489293325186,False,False,,
2477,6.7096976,165811.0,1036.31875,1036.31875,1060.7919038081272,976.0755582703111,0.0867928151873206,0.1498429219190562,False,False,,
2478,6.7124064,164102.0,1025.6375,1036.34375,1060.9572375716364,976.0755582703111,0.0869622014219295,0.3711662392141477,False,False,,
2479,6.7151152,165815.0,1036.34375,1038.0,1062.7546260353251,976.0755582703111,0.088803645404887,0.3667437651074863,False,False,,
2480,6.717824,167397.0,1046.23125,1038.0,1062.8965738134957,976.0755582703111,0.0889490724437754,0.2252198282800641,False,False,,
2481,6.7205328,167289.0,1045.55625,1038.90625,1063.9455855469091,976.0755582703111,0.0900237963465769,0.5552854271899115,False,False,,
2482,6.7232416,166695.0,1041.84375,1040.65,1065.8329159029386,976.0755582703111,0.0919573867741191,0.4078553996922487,False,False,,
2483,6.725950399999999,166504.0,1040.65,1040.775,1066.102319575719,976.0755582703111,0.0922333937599494,0.0547723332918437,False,False,,
2484,6.7286592,166225.0,1038.90625,1040.65,1066.1225512863048,976.0755582703111,0.092254121366961,0.0314479231596855,False,False,,
2485,6.731368,167245.0,1045.28125,1040.65,1066.2686157828189,976.0755582703111,0.0924037660284592,0.0790407689535825,False,False,,
2486,6.7340767999999995,166080.0,1038.0,1040.775,1066.5405178406131,976.0755582703111,0.0926823326368438,0.1644570020183877,False,False,,
2487,6.7367856,164649.0,1029.05625,1041.225,1067.1382622624214,976.0755582703111,0.0932947282825942,0.0560394798653369,False,False,,
2488,6.7394944,166524.0,1040.775,1040.775,1066.836853878517,976.0755582703111,0.0929859321229626,-0.0523762101641587,False,False,,
2489,6.7422032,167214.0,1045.0875,1040.65,1066.8612975468718,976.0755582703111,0.0930109749264089,0.0330455193308978,False,False,,
2490,6.744912,167416.0,1046.35,1040.65,1067.011598153313,976.0755582703111,0.0931649595284897,-0.0399087473934471,False,False,,
2491,6.7476208,164763.0,1029.76875,1040.1375,1066.6502606116846,976.0755582703111,0.0927947652965303,-0.0395818468355528,False,False,,
2492,6.7503296,166422.0,1040.1375,1040.1375,1066.802289864008,976.0755582703111,0.0929505209150735,-0.0569819355088832,False,False,,
2493,6.753038399999999,166596.0,1041.225,1039.53125,1066.3489408806422,976.0755582703111,0.0924860599627174,-0.0566512751836647,False,False,,
2494,6.7557472,167069.0,1044.18125,1039.53125,1066.5027186604484,976.0755582703111,0.0926436069666386,0.0583279333981785,False,False,,
2495,6.758456,164901.0,1030.63125,1039.53125,1066.6573782309506,976.0755582703111,0.0928020573746954,0.0586623967327213,False,False,,
2496,6.7611647999999995,165858.0,1036.6125,1039.53125,1066.8129246485032,976.0755582703111,0.0929614163671778,0.0589987779428717,False,False,,
2497,6.7638736,166738.0,1042.1125,1039.53125,1066.969362998453,976.0755582703111,0.0931216891540787,0.0593370880260835,False,False,,
2498,6.7665824,164991.0,1031.19375,1039.53125,1067.126698395309,976.0755582703111,0.0932828809752679,0.0596773380429951,False,False,,
2499,6.7692912,166325.0,1039.53125,1039.53125,1067.284935982906,976.0755582703111,0.0934449971006604,0.0598479494213384,False,True,2421.0,8.0
