time_index,time_sec,sum_intensity,norm_sum_intensity,filtered_norm_sum_intensity,detrended_norm_sum_intensity,f0_baseline,df_f_signal,d_df_f_signal,is_onset,is_peak,onset_index,peak_id
0,0.0,473172.0,1637.273356401384,1637.273356401384,1637.273356401384,1188.4397929210463,0.3776662193186557,0.008577712610405,False,False,,
1,0.0040084,470977.0,1629.6782006920416,1637.273356401384,1637.3142184117758,1188.4397929210463,0.3777006022218833,-0.7886060598424578,False,False,,
2,0.0080168,474946.0,1643.4117647058824,1629.6782006920416,1629.7599246799232,1188.4397929210463,0.3713441222581107,-1.591600742493121,False,False,,
3,0.0120252,468184.0,1620.01384083045,1622.0276816608996,1622.150267593369,1188.4397929210463,0.3649410573894644,-1.005788713228462,False,False,,
4,0.0160336,468766.0,1622.0276816608996,1620.01384083045,1620.1772886746055,1188.4397929210463,0.3632809153019008,-0.5648861709026463,False,False,,
5,0.020042,467187.0,1616.5640138408305,1616.5640138408305,1616.7683235637703,1188.4397929210463,0.360412477934572,-0.7268652033099912,False,False,,
6,0.0240504,466159.0,1613.0069204152248,1613.0069204152248,1613.252091984047,1188.4397929210463,0.3574537823400053,-0.3647730837053302,False,False,,
7,0.0280588,464161.0,1606.0934256055364,1613.0069204152248,1613.2929537970274,1188.4397929210463,0.3574881650771231,-0.7170593119937507,False,False,,
8,0.0320672,466908.0,1615.598615916955,1606.0934256055364,1606.420320767403,1188.4397929210463,0.3517052612476137,-0.8572474441094968,False,False,,
9,0.0360756,463775.0,1604.757785467128,1604.757785467128,1605.125542376171,1188.4397929210463,0.3506157837671861,-0.95058514059766,False,False,,
10,0.040084,461520.0,1596.955017301038,1596.955017301038,1597.3636359243487,1188.4397929210463,0.3440846102924704,-0.849983824492476,False,False,,
11,0.0440924,461411.0,1596.5778546712802,1596.5778546712802,1597.0273349759566,1188.4397929210463,0.3438016334429948,-0.9698337830027411,False,False,,
12,0.0481008,458826.0,1587.6332179930796,1587.6332179930796,1588.1235599462198,1188.4397929210463,0.336309646820894,-1.3003291109981203,False,False,,
13,0.0521092,457807.0,1584.107266435986,1584.107266435986,1584.638470004688,1188.4397929210463,0.3333771550259451,-1.3925772624724502,False,False,,
14,0.0561176,454968.0,1574.2837370242214,1574.2837370242214,1574.8558021755834,1188.4397929210463,0.3251456334231048,-2.104776527241576,False,False,,
15,0.060126,451988.0,1563.9723183391004,1563.9723183391004,1564.5852450402206,1188.4397929210463,0.3165035825623548,-1.1249123843712496,False,False,,
16,0.0641344,451316.0,1561.6470588235295,1563.484429065744,1564.1382172837205,1188.4397929210463,0.3161274358200774,-0.2354804777116612,False,False,,
17,0.0681428,451847.0,1563.484429065744,1561.6470588235295,1562.341708525453,1188.4397929210463,0.314615782668636,-0.2278536695163708,False,False,,
18,0.0721512,448461.0,1551.7681660899657,1561.2318339100343,1561.9673450630105,1188.4397929210463,0.3143007785222986,-1.0283060804663222,False,False,,
19,0.0761596,451196.0,1561.2318339100343,1551.7681660899657,1552.5445386610847,1188.4397929210463,0.3063720584827536,-2.9066816925053516,False,False,,
20,0.080168,440963.0,1525.8235294117646,1533.4567474048442,1534.2739813612122,1188.4397929210463,0.2909984927298217,-2.453067791676908,False,False,,
21,0.0841764,443169.0,1533.4567474048442,1528.3148788927335,1529.1729742014338,1188.4397929210463,0.2867063046104381,-0.5311103928682144,False,False,,
22,0.0881848,441683.0,1528.3148788927335,1528.3148788927335,1529.2138355208788,1188.4397929210463,0.2867406869322758,-0.5917617389190042,False,False,,
23,0.0921932,440030.0,1522.5951557093426,1522.5951557093426,1523.5349736240237,1188.4397929210463,0.2819622691018722,-0.6985371572551458,False,False,,
24,0.0962016,439736.0,1521.5778546712802,1521.5778546712802,1522.5585338395952,1188.4397929210463,0.2811406542499927,-1.0032465865714215,False,False,,
25,0.10021,437244.0,1512.955017301038,1512.955017301038,1513.9765576900922,1188.4397929210463,0.2739194418666464,-1.42889551250655,False,False,,
26,0.1042184,435778.0,1507.8823529411766,1507.8823529411766,1508.944754518061,1188.4397929210463,0.2696854847053302,-0.9415057162262102,False,False,,
27,0.1082268,434526.0,1503.5501730103806,1503.903114186851,1505.0063769186638,1188.4397929210463,0.2663715788408042,-0.4461259231715289,False,False,,
28,0.1122352,434628.0,1503.903114186851,1503.5501730103806,1504.6942968642195,1188.4397929210463,0.2661089824044487,-0.7018058268332794,False,False,,
29,0.1162436,432672.0,1497.134948096886,1497.134948096886,1498.3199330398422,1188.4397929210463,0.2607453418882471,-2.093154817356023,False,False,,
30,0.120252,428739.0,1483.525951557093,1483.525951557093,1484.7517975562723,1188.4397929210463,0.249328578864669,-1.4198160052528517,False,False,,
31,0.1242604,428174.0,1481.5709342560554,1483.525951557093,1484.792658579593,1188.4397929210463,0.2493629609373361,-0.1399638017020379,False,False,,
32,0.1282688,429589.0,1486.4671280276816,1482.1107266435986,1483.4182946565172,1188.4397929210463,0.2482065170591841,-0.1399638086095329,False,False,,
33,0.1322772,428330.0,1482.1107266435986,1482.1107266435986,1483.459155614027,1188.4397929210463,0.2482408990764752,-0.753377658722858,False,False,,
34,0.1362856,426232.0,1474.8512110726645,1474.8512110726645,1476.2405009677152,1188.4397929210463,0.2421668390447347,-1.936623551461203,False,False,,
35,0.140294,422974.0,1463.5778546712802,1463.5778546712802,1465.008005458037,1188.4397929210463,0.232715375389121,-1.5077060042965336,False,False,,
36,0.1443024,421909.0,1459.892733564014,1460.4048442906574,1461.8758559362254,1188.4397929210463,0.2300798615494901,-0.3244601253708872,False,False,,
37,0.1483108,422057.0,1460.4048442906574,1460.4048442906574,1461.916716762135,1188.4397929210463,0.2301142434560477,0.0085774605116952,False,False,,
38,0.1523192,422813.0,1463.0207612456747,1460.4048442906574,1461.9575775551425,1188.4397929210463,0.2301486253349203,-0.2013415525378121,False,False,,
39,0.1563276,421479.0,1458.4048442906574,1458.4048442906574,1459.998438315241,1188.4397929210463,0.2285001284976626,-0.9676548863643184,False,False,,
40,0.160336,419369.0,1451.1038062283735,1451.1038062283735,1452.7382609801612,1188.4397929210463,0.2223911296419148,-1.534944664194601,False,False,,
41,0.1643444,417042.0,1443.0519031141869,1443.6989619377164,1445.3742773837985,1188.4397929210463,0.2161947841137473,-0.7686313441807933,False,False,,
42,0.1683528,417229.0,1443.6989619377164,1443.6989619377164,1445.4151380452058,1188.4397929210463,0.2162291658818863,0.0085774259780464,False,False,,
43,0.1723612,418301.0,1447.40830449827,1443.6989619377164,1445.4559986736967,1188.4397929210463,0.216263547622328,-1.293792055021573,False,False,,
44,0.1763696,413643.0,1431.2906574394465,1431.2906574394465,1433.0885547710232,1188.4397929210463,0.2058570937351893,-1.515332881558404,False,False,,
45,0.180378,413033.0,1429.1799307958477,1429.1799307958477,1431.0186886901188,1188.4397929210463,0.2041154269774507,-0.2129634143730143,False,False,,
46,0.1843864,411501.0,1423.878892733564,1429.1799307958477,1431.059549219911,1188.4397929210463,0.2041498086348438,-0.5478169224266445,False,False,,
47,0.1883948,413315.0,1430.1557093425606,1423.878892733564,1425.7993716545184,1188.4397929210463,0.1997236882737407,-1.4169106692950315,False,False,,
48,0.1924032,409108.0,1415.598615916955,1415.598615916955,1417.559955301898,1188.4397929210463,0.1927907191812394,-1.4917261005361129,False,False,,
49,0.1964116,406596.0,1406.9065743944636,1409.5847750865053,1411.5869749025353,1188.4397929210463,0.1877648184709628,-0.903734981243062,False,False,,
50,0.20042,407370.0,1409.5847750865053,1406.9065743944636,1408.9496346086714,1188.4397929210463,0.18554565658361,-0.8997399897622458,False,False,,
51,0.2044284,404869.0,1400.930795847751,1400.930795847751,1403.0147164272491,1188.4397929210463,0.1805517829210369,-0.8888445465224244,False,False,,
52,0.2084368,403437.0,1395.9757785467127,1398.356401384083,1400.4811822959623,1188.4397929210463,0.178419967623049,-0.5114987967144593,False,False,,
53,0.2124452,404125.0,1398.356401384083,1395.9757785467127,1398.1414197580716,1188.4397929210463,0.1764511993675364,-0.4101711172654241,False,False,,
54,0.2164536,402753.0,1393.6089965397923,1394.3667820069204,1396.5732834848568,1188.4397929210463,0.1751317078101555,-0.2398389202257114,False,False,,
55,0.220462,402972.0,1394.3667820069204,1393.6089965397923,1395.8563582514116,1188.4397929210463,0.1745284587118709,-0.407992041048967,False,False,,
56,0.2244704,401825.0,1390.3979238754323,1390.3979238754323,1392.6861457878256,1188.4397929210463,0.1718609172154742,-1.3765975659154286,False,False,,
57,0.2284788,398939.0,1380.4117647058824,1380.4117647058824,1382.7408467861546,1188.4397929210463,0.16349255134544,-1.2705485247366006,False,False,,
58,0.2324872,398303.0,1378.2110726643598,1378.2110726643598,1380.581014879602,1188.4397929210463,0.1616751838023657,-0.4435838655794697,False,False,,
59,0.2364956,397694.0,1376.1038062283735,1376.1038062283735,1378.514608545684,1188.4397929210463,0.1599364282118625,-0.6596769670433851,False,False,,
60,0.240504,396463.0,1371.8442906574394,1371.8442906574394,1374.2959530439232,1188.4397929210463,0.1563866854929723,-0.7951437374285497,False,False,,
61,0.2445124,395481.0,1368.4463667820069,1368.4463667820069,1370.9388892047623,1188.4397929210463,0.1535619198976453,-1.1623204142487644,False,False,,
62,0.2485208,392661.0,1358.688581314879,1360.688581314879,1363.221963740997,1188.4397929210463,0.1470685951960228,-0.8547055453730081,False,False,,
63,0.2525292,393239.0,1360.688581314879,1360.2214532871972,1362.795695683783,1188.4397929210463,0.1467099164814989,-0.0404522447170201,False,False,,
64,0.2565376,393104.0,1360.2214532871972,1360.2214532871972,1362.8365556213562,1188.4397929210463,0.1467442976405754,-1.1437981697203805,False,False,,
65,0.260546,388541.0,1344.4325259515572,1349.242214532872,1351.8981767716878,1188.4397929210463,0.1375403153144845,-1.1437981766278646,False,False,,
66,0.2645544,389931.0,1349.242214532872,1349.242214532872,1351.93903664345,1188.4397929210463,0.137574696418185,0.0085772602188178,False,False,,
67,0.2685628,390692.0,1351.8754325259515,1349.242214532872,1351.9798964823176,1188.4397929210463,0.1376090774942067,-0.6938160994191449,False,False,,
68,0.2725712,386766.0,1338.2906574394465,1342.5501730103806,1345.3287147657848,1188.4397929210463,0.1320125115123617,-1.1408927439750904,False,False,,
69,0.2765796,387997.0,1342.5501730103806,1338.2906574394465,1341.1100589679072,1188.4397929210463,0.1284627685443073,-0.015755932493608,False,False,,
70,0.280588,386416.0,1337.0795847750865,1342.318339100346,1345.1786003689688,1188.4397929210463,0.1318861993527469,-0.1185363524414597,False,False,,
71,0.2845964,387930.0,1342.318339100346,1337.0795847750865,1339.9807057509693,1188.4397929210463,0.1275124863140547,-0.5768716288139579,False,False,,
72,0.2886048,385759.0,1334.8062283737024,1336.7404844290656,1339.682465079307,1188.4397929210463,0.1272615348788713,-0.2300331394133579,False,False,,
73,0.2926132,386318.0,1336.7404844290656,1334.8062283737024,1337.7890686653998,1188.4397929210463,0.1256683566420057,-1.338463607817333,False,False,,
74,0.2966216,382609.0,1323.9065743944636,1323.9065743944636,1326.9302742947154,1188.4397929210463,0.1165313398277212,-1.4154581290875663,False,False,,
75,0.30063,381838.0,1321.2387543252596,1321.2387543252596,1324.303313801164,1188.4397929210463,0.1143209119127364,-0.7370347735838099,False,False,,
76,0.3046384,380544.0,1316.7612456747404,1316.80276816609,1319.908187184745,1188.4397929210463,0.1106226794548545,-0.4570217117432751,False,False,,
77,0.3086468,380556.0,1316.80276816609,1316.80276816609,1319.949046694601,1188.4397929210463,0.110657060254033,0.3597738606126928,False,False,,
78,0.3126552,381523.0,1320.1487889273355,1320.1487889273355,1323.335926932801,1188.4397929210463,0.1135069145406143,0.5017778872718601,False,False,,
79,0.3166636,382533.0,1323.643598615917,1321.5017301038065,1324.7297275533167,1188.4397929210463,0.114679713220714,0.1505812039995184,False,False,,
80,0.320672,381914.0,1321.5017301038065,1321.5017301038065,1324.7705869644672,1188.4397929210463,0.1147140939368377,-1.3086827590978185,False,False,,
81,0.3246804,378287.0,1308.9515570934257,1308.9515570934257,1312.2612733323351,1188.4397929210463,0.1041882652775788,-1.9754843149262344,False,False,,
82,0.3286888,374934.0,1297.3494809688582,1302.598615916955,1305.949191501211,1188.4397929210463,0.0988770312809371,-0.7915120726575111,False,False,,
83,0.3326972,376451.0,1302.598615916955,1301.3287197231834,1304.7201546198917,1188.4397929210463,0.097842871293498,0.0085771428082157,False,False,,
84,0.3367056,376084.0,1301.3287197231834,1302.598615916955,1306.0309100932134,1188.4397929210463,0.0989457925194021,0.008577135900726,False,False,,
85,0.340714,378020.0,1308.0276816608996,1301.3287197231834,1304.801873146083,1188.4397929210463,0.0979116324765869,-0.0244724031148653,False,False,,
86,0.3447224,375018.0,1297.6401384083044,1302.2837370242214,1305.797749660867,1188.4397929210463,0.0987496021581108,0.1088152634291894,False,False,,
87,0.3487308,376360.0,1302.2837370242214,1302.2837370242214,1305.838608841712,1188.4397929210463,0.0987839826804461,0.0085771151820672,False,False,,
88,0.3527392,376601.0,1303.1176470588234,1302.2837370242214,1305.879467989662,1188.4397929210463,0.0988183631751024,-0.6542294422595454,False,False,,
89,0.3567476,373392.0,1292.01384083045,1295.968858131488,1299.6054482119691,1188.4397929210463,0.0935391560877397,-1.0693460997204518,False,False,,
90,0.360756,374535.0,1295.968858131488,1292.01384083045,1295.6912899930774,1188.4397929210463,0.0902456293628635,-1.0323015761315464,False,False,,
91,0.3647644,371669.0,1286.0519031141869,1286.0519031141869,1289.7702113260514,1188.4397929210463,0.0852634008122083,-0.6171849324833367,False,False,,
92,0.3687728,371139.0,1284.2179930795849,1286.0519031141869,1289.811070342401,1188.4397929210463,0.0852977811961311,0.0227411658394629,False,False,,
93,0.3727812,372673.0,1289.525951557093,1286.1868512110727,1289.9868774227275,1188.4397929210463,0.0854457121905101,0.177093369330505,False,False,,
94,0.3767896,371708.0,1286.1868512110727,1287.6574394463669,1291.4983246085603,1188.4397929210463,0.0867175033193799,0.0085770668364784,False,False,,
95,0.380798,372133.0,1287.6574394463669,1286.1868512110727,1290.0685952909105,1188.4397929210463,0.0855144728199248,-1.0333911556782631,False,False,,
96,0.3848064,369009.0,1276.847750865052,1277.7301038062285,1281.6527067708007,1188.4397929210463,0.0784330131025383,-0.9716502784248018,False,False,,
97,0.3888148,369264.0,1277.7301038062285,1276.847750865052,1280.811212681472,1188.4397929210463,0.0777249468678488,-0.089118823522643,False,False,,
98,0.3928232,368995.0,1276.7993079584776,1276.7993079584776,1280.803628593836,1188.4397929210463,0.077718565318122,-0.8452630705472206,False,False,,
99,0.3968316,366658.0,1268.712802768166,1268.712802768166,1272.757982189561,1188.4397929210463,0.0709486418838858,-0.927342135218046,False,False,,
100,0.40084,366418.0,1267.8823529411766,1267.8823529411766,1271.9683911157135,1188.4397929210463,0.0702842488885058,-0.7522885764484872,False,False,,
101,0.4048484,363643.0,1258.280276816609,1261.4636678200693,1265.5905647148463,1188.4397929210463,0.0649176948242135,-0.9992521199928932,False,False,,
102,0.4088568000000001,364563.0,1261.4636678200693,1258.280276816609,1262.4480323987243,1188.4397929210463,0.0622734444929468,-0.0448106941286301,False,False,,
103,0.4128652,360686.0,1248.0484429065743,1260.955017301038,1265.1636315375968,1188.4397929210463,0.064558456451523,0.2893164367692877,False,False,,
104,0.4168736,364416.0,1260.955017301038,1260.955017301038,1265.2044901591385,1188.4397929210463,0.0645928365032388,0.0085769977722378,False,False,,
105,0.420882,364974.0,1262.8858131487889,1260.955017301038,1265.245348747771,1188.4397929210463,0.0646272165272635,-0.2031579236341221,False,False,,
106,0.4248904,362768.0,1255.2525951557093,1258.9377162629758,1263.2689062654467,1188.4397929210463,0.0629641600610487,-0.589946410715247,False,False,,
107,0.4288988000000001,363833.0,1258.9377162629758,1255.2525951557093,1259.6246436810163,1188.4397929210463,0.0598977341418415,-1.366065649671449,False,False,,
108,0.4329072,360048.0,1245.840830449827,1245.840830449827,1250.2537374650828,1188.4397929210463,0.0520126849607627,-0.9952571699501656,False,False,,
109,0.4369156,359255.0,1243.096885813149,1245.688581314879,1250.142346787167,1188.4397929210463,0.0519189564617851,-0.2794261022799791,False,False,,
110,0.440924,360004.0,1245.688581314879,1243.096885813149,1247.591509709575,1188.4397929210463,0.0497725817840046,-0.7206918400892528,False,False,,
111,0.4449324,357229.0,1236.0865051903115,1238.7404844290656,1243.2759667167345,1188.4397929210463,0.0461413141181576,-0.4486687750222629,False,False,,
112,0.4489408,357996.0,1238.7404844290656,1238.7404844290656,1243.3168250750757,1188.4397929210463,0.0461756939484061,0.7650843643100433,False,False,,
113,0.4529492,360079.0,1245.9480968858131,1245.9480968858131,1250.5652958572553,1188.4397929210463,0.0522748424499584,0.7650843574040822,False,False,,
114,0.4569576000000001,361127.0,1249.574394463668,1245.9480968858131,1250.6061541498,1188.4397929210463,0.0523092222248432,-0.3317242975103101,False,False,,
115,0.460966,357070.0,1235.5363321799307,1242.7058823529412,1247.4047978765636,1188.4397929210463,0.0496154751016778,-0.331724304417043,False,False,,
116,0.4649744,359142.0,1242.7058823529412,1242.7058823529412,1247.4456561033046,1188.4397929210463,0.0496498548211927,0.0085769148960599,False,False,,
117,0.4689828,359847.0,1245.1453287197232,1242.7058823529412,1247.4865142971364,1188.4397929210463,0.0496842345130165,-0.4345047312715753,False,False,,
118,0.4729912,357922.0,1238.484429065744,1238.484429065744,1243.3059191708835,1188.4397929210463,0.0461665172915347,-1.0123267775753684,False,False,,
119,0.4769996000000001,355444.0,1229.9100346020762,1232.9792387543253,1237.8415869875002,1188.4397929210463,0.0415686132025502,-0.8913872878631937,False,False,,
120,0.481008,356331.0,1232.9792387543253,1229.9100346020762,1234.8132409303992,1188.4397929210463,0.039020443682193,-0.6251751295406152,False,False,,
121,0.4850164,354586.0,1226.9411764705883,1226.9411764705883,1231.88524086115,1188.4397929210463,0.036556709224049,-0.3960075017152196,False,False,,
122,0.4890248,354121.0,1225.3321799307955,1226.0553633217994,1231.0402857416982,1188.4397929210463,0.0358457307424424,-0.1603026038008588,False,False,,
123,0.4930332,354330.0,1226.0553633217994,1225.3321799307955,1230.357960347137,1188.4397929210463,0.0352715953098983,-0.4835342983649271,False,False,,
124,0.4970416000000001,352975.0,1221.3667820069204,1221.3667820069204,1226.433420386802,1188.4397929210463,0.0319693329793104,-1.2309621852713055,False,False,,
125,0.5010500000000001,349771.0,1210.280276816609,1213.522491349481,1218.6299876600085,1188.4397929210463,0.0254032176630153,-1.155057222829115,False,False,,
126,0.5050584,350708.0,1213.522491349481,1210.280276816609,1215.4286310248733,1188.4397929210463,0.0227094702353339,0.0085768458340864,False,False,,
127,0.5090668,349268.0,1208.5397923875432,1213.522491349481,1218.7117034225946,1188.4397929210463,0.0254719765206981,-0.1741035418486722,False,False,,
128,0.5130752000000001,351632.0,1216.719723183391,1208.5397923875432,1213.7698622926043,1188.4397929210463,0.0213137169610415,-0.5979365594269614,False,False,,
129,0.5170836000000001,349038.0,1207.7439446366782,1207.7439446366782,1213.0148723407776,1188.4397929210463,0.020678438711084,-0.074954959336293,False,False,,
130,0.5210920000000001,346322.0,1198.3460207612457,1207.7439446366782,1213.0557301069214,1188.4397929210463,0.0207128180430343,0.4011762051283116,False,False,,
131,0.5251004,350119.0,1211.484429065744,1211.484429065744,1216.837072269229,1188.4397929210463,0.0238945881123566,0.401176198222346,False,False,,
132,0.5291088,350138.0,1211.5501730103806,1211.484429065744,1216.8779299695764,1188.4397929210463,0.0239289673889431,-0.7878806012596788,False,False,,
133,0.5331172000000001,346995.0,1200.674740484429,1203.8961937716265,1209.330552342904,1188.4397929210463,0.0175783069081779,-1.1260027443563134,False,False,,
134,0.5371256000000001,347926.0,1203.8961937716265,1200.674740484429,1206.1499566902576,1188.4397929210463,0.0149020285879873,-0.876133761252408,False,False,,
135,0.5411340000000001,345490.0,1195.4671280276816,1195.4671280276816,1200.983201835159,1188.4397929210463,0.0105545177709696,-0.7504729098111469,False,False,,
136,0.5451424,344905.0,1193.4429065743946,1193.4429065743946,1198.999837950619,1188.4397929210463,0.0088856373646133,-0.4221566856584182,False,False,,
137,0.5491508,344304.0,1191.363321799308,1191.363321799308,1196.9611107113774,1188.4397929210463,0.0071701720533832,-0.6171852501730617,False,False,,
138,0.5531592000000001,341965.0,1183.2698961937715,1187.4809688581315,1193.1196152731588,1188.4397929210463,0.0039377866510259,-0.7715374674775426,False,False,,
139,0.5571676000000001,343182.0,1187.4809688581315,1183.930795847751,1189.610299732827,1188.4397929210463,0.0009849104841092,0.0085767560527243,False,False,,
140,0.5611760000000001,342156.0,1183.930795847751,1187.4809688581315,1193.2013301803545,1188.4397929210463,0.0040065447889494,0.1008248937143399,False,False,,
141,0.5651844,345576.0,1195.764705882353,1184.809688581315,1190.57090730779,1188.4397929210463,0.0017932034920385,-0.2717995081772605,False,False,,
142,0.5691928,342410.0,1184.809688581315,1184.809688581315,1190.6117646791402,1188.4397929210463,0.001827582491794,-0.3970971917596972,False,False,,
143,0.5732012000000001,341293.0,1180.9446366782006,1180.9446366782006,1186.7875701144817,1188.4397929210463,-0.0013902452748606,-0.3970971986649,False,False,,
144,0.5772096000000001,341236.0,1180.7474048442907,1180.9446366782006,1186.8284274200423,1188.4397929210463,-0.0013558663304627,-0.0121246337540713,False,False,,
145,0.5812180000000001,342920.0,1186.574394463668,1180.7474048442907,1186.6720528587846,1188.4397929210463,-0.0014874460387402,0.1560284732549648,False,False,,
146,0.5852264,339876.0,1176.0415224913495,1182.3494809688582,1188.314986223102,1188.4397929210463,-0.0001050172660724,-0.4853503655651056,False,False,,
147,0.5892348000000001,341699.0,1182.3494809688582,1176.0415224913495,1182.047884952456,1188.4397929210463,-0.0053784028494027,-1.042834238262695,False,False,,
148,0.5932432000000001,338804.0,1172.3321799307955,1172.3321799307955,1178.3793995658632,1188.4397929210463,-0.0084652107873768,-0.3807540579775843,False,False,,
149,0.5972516000000001,337162.0,1166.6505190311418,1172.3321799307955,1178.420256706922,1188.4397929210463,-0.0084308319813974,0.2522715885862334,False,False,,
150,0.6012600000000001,342889.0,1186.4671280276816,1174.6539792387543,1180.782913123045,1188.4397929210463,-0.0064427999159986,0.2522715816795001,False,False,,
151,0.6052684,339475.0,1174.6539792387543,1174.6539792387543,1180.8237701983005,1188.4397929210463,-0.0064084211653892,-0.0589751177249933,False,False,,
152,0.6092768000000001,337150.0,1166.6089965397923,1174.0103806228374,1180.221028624744,1188.4397929210463,-0.0069155916397764,-0.0589751246301967,False,False,,
153,0.6132852000000001,339289.0,1174.0103806228374,1174.0103806228374,1180.26188563421,1188.4397929210463,-0.0068812129445246,0.0085766593676683,False,False,,
154,0.6172936000000001,340928.0,1179.681660899654,1174.0103806228374,1180.302742610774,1188.4397929210463,-0.0068468342769577,-0.1050992107259287,False,False,,
155,0.6213020000000001,336887.0,1165.6989619377164,1172.9273356401384,1179.2605545717445,1188.4397929210463,-0.0077237722970722,-0.8637857294496534,False,False,,
156,0.6253104,338976.0,1172.9273356401384,1165.6989619377164,1172.07303778009,1188.4397929210463,-0.0137716317128094,-0.7588262332853809,False,False,,
157,0.6293188000000001,336863.0,1165.6159169550174,1165.6159169550174,1172.0308496752568,1188.4397929210463,-0.0138071304440742,-0.0001397283735873,False,False,,
158,0.6333272000000001,334743.0,1158.280276816609,1165.6159169550174,1172.071706520228,1188.4397929210463,-0.0137727518872348,-0.7515626136660283,False,False,,
159,0.6373356000000001,336927.0,1165.8373702422143,1158.3737024221452,1164.8703487994323,1188.4397929210463,-0.0198322576053121,-0.0520747212137446,False,False,,
160,0.6413440000000001,334770.0,1158.3737024221452,1165.038062283737,1171.5755654401914,1188.4397929210463,-0.0141902245122612,0.0085766110251022,False,False,,
161,0.6453524,336696.0,1165.038062283737,1158.3737024221452,1164.9520623248798,1188.4397929210463,-0.0197635006300457,-0.706164925443941,False,False,,
162,0.6493608000000001,334719.0,1158.19723183391,1158.2283737024222,1164.8475903185276,1188.4397929210463,-0.01985140748656,-0.0099456680353631,False,False,,
163,0.6533692000000001,334728.0,1158.2283737024222,1158.19723183391,1164.8573051304918,1188.4397929210463,-0.0198432330615516,-0.1788251522001571,False,False,,
164,0.6573776000000001,333982.0,1155.6470588235295,1156.4429065743946,1163.143836518558,1188.4397929210463,-0.0212850129667182,-0.2590883085133608,False,False,,
165,0.661386,334212.0,1156.4429065743946,1155.6470588235295,1162.388845382373,1188.4397929210463,-0.0219202922132415,-0.5637977378303844,False,False,,
166,0.6653944,331405.0,1146.7301038062285,1150.9896193771626,1157.7722625177837,1188.4397929210463,-0.0258048666713569,-0.5721509231814466,False,False,,
167,0.6694028000000001,332636.0,1150.9896193771626,1150.1141868512111,1156.9376865407155,1188.4397929210463,-0.0265071117342026,-0.0222938793963272,False,False,,
168,0.6734112000000001,332383.0,1150.1141868512111,1150.6955017301038,1157.559857935597,1188.4397929210463,-0.0259835922437013,0.0085765557766457,False,False,,
169,0.6774196000000001,332551.0,1150.6955017301038,1150.1141868512111,1157.0193995397838,1188.4397929210463,-0.0264383552018524,-0.6001159326068692,False,False,,
170,0.681428,330510.0,1143.6332179930796,1144.8961937716265,1151.8422629103911,1188.4397929210463,-0.0307946016522239,-0.5391014186957115,False,False,,
171,0.6854364000000001,330875.0,1144.8961937716265,1144.8961937716265,1151.8831193276817,1188.4397929210463,-0.030760223455252,0.2003364576244579,False,False,,
172,0.6894448000000001,333388.0,1153.59169550173,1146.7231833910034,1153.750965331447,1188.4397929210463,-0.0291885443387402,0.8449839176770793,False,False,,
173,0.6934532000000001,331403.0,1146.7231833910034,1152.865051903114,1159.9336901950517,1188.4397929210463,-0.0239861563840183,0.0085765212468138,False,False,,
174,0.6974616000000001,333178.0,1152.865051903114,1146.7231833910034,1153.832678001533,1188.4397929210463,-0.0291197880832087,-1.3686083840856336,False,False,,
175,0.70147,327938.0,1134.7335640138408,1139.7439446366782,1146.894295532905,1188.4397929210463,-0.034958016077556,-0.7239609240322586,False,False,,
176,0.7054784000000001,329386.0,1139.7439446366782,1139.7439446366782,1146.9351517857078,1188.4397929210463,-0.0349236380189903,0.0085765005289148,False,False,,
177,0.7094868000000001,329683.0,1140.7716262975778,1139.7439446366782,1146.9760080056014,1188.4397929210463,-0.0348892599881157,-0.2027952392051721,False,False,,
178,0.7134952000000001,328784.0,1137.6608996539792,1137.7301038062285,1145.0030233621578,1188.4397929210463,-0.0365494068926504,-0.2027952461111377,False,False,,
179,0.7175036000000001,328804.0,1137.7301038062285,1137.7301038062285,1145.043879516255,1188.4397929210463,-0.0365150289171395,0.0085764798110172,False,False,,
180,0.721512,330410.0,1143.287197231834,1137.7301038062285,1145.0847356374647,1188.4397929210463,-0.0364806509693014,0.0332728265695791,False,False,,
181,0.7255204000000001,327748.0,1134.0761245674742,1137.9653979238751,1145.3608858434195,1188.4397929210463,-0.0362482873210965,0.0332728196628506,False,False,,
182,0.7295288000000001,328872.0,1137.9653979238751,1137.9653979238751,1145.4017418988258,1188.4397929210463,-0.0362139094286283,0.0085764590931169,False,False,,
183,0.7335372000000001,329255.0,1139.2906574394465,1137.9653979238751,1145.4425979213372,1188.4397929210463,-0.0361795315638388,0.1476750323823799,False,False,,
184,0.7375456000000001,327737.0,1134.038062283737,1139.2906574394465,1146.8087134265252,1188.4397929210463,-0.0350300282290252,-0.4036347519000438,False,False,,
185,0.741554,329619.0,1140.5501730103806,1134.038062283737,1141.5969742275306,1188.4397929210463,-0.0394153906428709,-0.1904471176210593,False,False,,
186,0.7455624000000001,327696.0,1133.8961937716265,1137.39446366782,1144.9942315354267,1188.4397929210463,-0.0365568046815695,0.1643813685539026,False,False,,
187,0.7495708000000001,328707.0,1137.39446366782,1135.522491349481,1143.1631151080062,1188.4397929210463,-0.038097578087448,-0.1879048597322494,False,False,,
188,0.7535792000000001,328166.0,1135.522491349481,1135.522491349481,1143.2039709660228,1188.4397929210463,-0.038063200361071,0.0085764176573199,False,False,,
189,0.7575876000000001,325190.0,1125.2249134948097,1135.522491349481,1143.2448267911448,1188.4397929210463,-0.0380288226623728,0.0441682145616688,False,False,,
190,0.761596,329828.0,1141.273356401384,1135.8615916955018,1143.624782929393,1188.4397929210463,-0.037709112618573,0.0441682076564644,False,False,,
191,0.7656044000000001,328264.0,1135.8615916955018,1135.8615916955018,1143.6656386887255,1188.4397929210463,-0.0376747349752324,-0.1167212797355103,False,False,,
192,0.7696128000000001,327919.0,1134.6678200692045,1134.6678200692045,1142.512722788859,1188.4397929210463,-0.0386448437739566,-0.1167212866422406,False,False,,
193,0.7736212000000001,325519.0,1126.363321799308,1134.6678200692045,1142.553578482388,1188.4397929210463,-0.038610466185986,0.0151136532149331,False,False,,
194,0.7776296000000001,328095.0,1135.2768166089966,1134.7301038062285,1142.6567178800392,1188.4397929210463,-0.0385236806388632,0.0151136463097314,False,False,,
195,0.781638,327937.0,1134.7301038062285,1134.7301038062285,1142.697573507779,1188.4397929210463,-0.0384893031062501,-0.2489194357948099,False,False,,
196,0.7856464000000001,327228.0,1132.2768166089966,1132.2768166089966,1140.2851419053852,1188.4397929210463,-0.040519217971743,-0.2489194427007808,False,False,,
197,0.7896548000000001,326234.0,1128.8373702422143,1132.2768166089966,1140.3259974673283,1188.4397929210463,-0.0404848404944937,0.1785453777792938,False,False,,
198,0.7936632000000001,327696.0,1133.8961937716265,1133.8961937716265,1141.9862301589997,1188.4397929210463,-0.039087855387162,0.1785453708733282,False,False,,
199,0.7976716000000001,328265.0,1135.865051903114,1133.8961937716265,1142.0270856551465,1188.4397929210463,-0.0390534779652764,0.0238299718973156,False,False,,
200,0.8016800000000001,326057.0,1128.2249134948097,1134.0415224913495,1142.213269838115,1188.4397929210463,-0.0388968152684556,-0.5866784248437948,False,False,,
201,0.8056884000000001,327738.0,1134.0415224913495,1128.2249134948097,1136.4375162719252,1188.4397929210463,-0.0437567615615643,-0.8100351597374882,False,False,,
202,0.8096968000000001,324998.0,1124.560553633218,1126.242214532872,1134.4956727074432,1188.4397929210463,-0.0453907051370391,-0.3760330691699192,False,False,,
203,0.8137052000000001,325484.0,1126.242214532872,1124.560553633218,1132.8548671723431,1188.4397929210463,-0.0467713434704857,-0.1908104235976448,False,False,,
204,0.8177136000000002,324935.0,1124.3425605536331,1124.3425605536331,1132.6777294244175,1188.4397929210463,-0.0469203941409367,-0.3088444737495663,False,False,,
205,0.8217220000000001,324124.0,1121.5363321799307,1121.5363321799307,1129.9123563494725,1188.4397929210463,-0.0492472878476411,-0.3858389950190108,False,False,,
206,0.8257304000000001,323849.0,1120.5847750865053,1120.5847750865053,1129.0016545219098,1188.4397929210463,-0.0500135881962051,-0.0912986663166428,False,False,,
207,0.8297388000000001,322670.0,1116.5051903114186,1120.5847750865053,1129.042509754878,1188.4397929210463,-0.0499792109957684,0.3659470512285558,False,False,,
208,0.8337472000000001,324940.0,1124.3598615916956,1123.9896193771626,1132.4882092456016,1188.4397929210463,-0.047079863875916,0.3659470443225894,False,False,,
209,0.8377556000000002,324833.0,1123.9896193771626,1123.9896193771626,1132.529064412773,1188.4397929210463,-0.047045486730843,-0.1432336660627724,False,False,,
210,0.8417640000000001,324415.0,1122.5432525951558,1122.5432525951558,1131.1235527650365,1188.4397929210463,-0.048228139530008,-0.7559211528322747,False,False,,
211,0.8457724000000001,321631.0,1112.9100346020762,1116.7058823529412,1125.3270376242042,1188.4397929210463,-0.0531055554288689,-1.0025215147043791,False,False,,
212,0.8497808000000001,322728.0,1116.7058823529412,1112.9100346020762,1121.5720449418125,1188.4397929210463,-0.0562651540090901,0.008576251917181,False,False,,
213,0.8537892000000001,321091.0,1111.0415224913495,1116.7058823529412,1125.4087477282562,1188.4397929210463,-0.0530368013324992,1.1475139669173942,False,False,,
214,0.8577976000000002,324767.0,1123.7612456747404,1123.7612456747404,1132.5049660527395,1188.4397929210463,-0.0470657640391067,2.342381659332694,False,False,,
215,0.8618060000000001,329154.0,1138.9411764705883,1138.9411764705883,1147.725751818377,1188.4397929210463,-0.0342583960459612,1.7823555149336965,False,False,,
216,0.8658144000000001,329651.0,1140.6608996539792,1140.6608996539792,1149.4863299386554,1188.4397929210463,-0.0327769763469866,3.4617075571637344,True,False,216.0,1.0
217,0.8698228000000001,338662.0,1171.840830449827,1171.840830449827,1180.7071156384964,1188.4397929210463,-0.0065065789016908,10.666868731662184,False,False,,
218,0.8738312000000001,358998.0,1242.2076124567477,1242.2076124567477,1251.1147525165152,1188.4397929210463,0.0527371769010032,16.011087021260785,False,False,,
219,0.8778396000000002,382724.0,1324.3044982698962,1324.3044982698962,1333.2524931678604,1188.4397929210463,0.1218511035303533,19.73478869251089,False,False,,
220,0.8818480000000001,413313.0,1430.1487889273355,1430.1487889273355,1439.1376386306015,1188.4397929210463,0.2109470308911226,21.087640412039157,False,False,,
221,0.8858564000000001,440764.0,1525.134948096886,1525.134948096886,1534.164652572552,1188.4397929210463,0.2909064991855872,19.075977126551287,False,False,,
222,0.8898648000000001,465814.0,1611.8131487889273,1611.8131487889273,1620.8837080041062,1188.4397929210463,0.3638753243192599,15.667517132374885,False,False,,
223,0.8938732000000001,483880.0,1674.325259515571,1674.325259515571,1683.4366734373607,1188.4397929210463,0.4165098505324109,15.578537615945358,False,False,,
224,0.8978816000000001,508685.0,1760.1557093425606,1760.1557093425606,1769.3079779380666,1188.4397929210463,0.4887653446787692,16.24352324960268,False,False,,
225,0.90189,528582.0,1829.0034602076123,1829.0034602076123,1838.1965834439256,1188.4397929210463,0.5467309277198241,14.560176195174328,False,False,,
226,0.9058984,548752.0,1898.795847750865,1898.795847750865,1908.0298255951052,1188.4397929210463,0.6054913652002434,11.140457569180612,False,False,,
227,0.9099068,559233.0,1935.062283737024,1935.062283737024,1944.3371161562825,1188.4397929210463,0.6360417479604318,10.022584377316974,False,False,,
228,0.9139152,576325.0,1994.204152249135,1994.204152249135,2003.519839210516,1188.4397929210463,0.6858404196363186,8.742732159954286,False,False,,
229,0.9179236,583282.0,2018.2768166089968,2018.2768166089968,2027.6333580796063,1188.4397929210463,0.7061304831403535,8.092273779346087,False,False,,
230,0.921932,598583.0,2071.221453287197,2071.221453287197,2080.618849234141,1188.4397929210463,0.7507145600705804,8.693339438816324,False,False,,
231,0.9259404,607195.0,2101.0207612456747,2101.0207612456747,2110.459011636058,1188.4397929210463,0.7758232467534567,5.427246659877312,False,False,,
232,0.9299488,613503.0,2122.8477508650517,2122.8477508650517,2132.3268556659727,1188.4397929210463,0.7942237110934851,8.179074178123642,False,False,,
233,0.9339572000000002,629692.0,2178.8650519031144,2178.8650519031144,2188.3850110816784,1188.4397929210463,0.8413932486246387,7.825698404822901,False,False,,
234,0.9379656,635027.0,2197.325259515571,2197.325259515571,2206.886073038876,1188.4397929210463,0.8569607700652698,5.396376197080528,False,False,,
235,0.941974,644527.0,2230.19723183391,2230.19723183391,2239.7988996690688,1188.4397929210463,0.8846549173213937,6.408563508718174,False,False,,
236,0.9459824,652649.0,2258.3010380622836,2258.3010380622836,2267.9435601763944,1188.4397929210463,0.908336942001962,4.451014292286473,False,False,,
237,0.9499908,656759.0,2272.522491349481,2272.522491349481,2282.2058677096416,1188.4397929210463,0.920337808699796,3.3135292901611706,False,False,,
238,0.9539992000000002,661749.0,2289.78892733564,2289.78892733564,2299.513157908956,1188.4397929210463,0.9349008436153262,4.237826637289643,False,False,,
239,0.9580076,668404.0,2312.81660899654,2312.81660899654,2322.5816937501168,1188.4397929210463,0.9543116172856196,4.281045249296071,False,False,,
240,0.962016,673513.0,2330.4948096885814,2330.4948096885814,2340.3007485895246,1188.4397929210463,0.9692211271698824,3.567393257842241,False,False,,
241,0.9660244,678203.0,2346.7231833910037,2346.7231833910037,2356.5699764064184,1188.4397929210463,0.9829106955550894,2.3950428152512018,False,False,,
242,0.9700328,680084.0,2353.2318339100348,2353.2318339100348,2363.1194810070265,1188.4397929210463,0.9884217064111884,2.7469658480531223,False,False,,
243,0.9740412000000002,685743.0,2372.8131487889273,2372.8131487889273,2382.741649934587,1188.4397929210463,1.0049325713657618,3.1609929466867612,False,False,,
244,0.9780496,688764.0,2383.266435986159,2383.266435986159,2393.2357911475992,1188.4397929210463,1.0137627546661871,2.265386937799377,False,False,,
245,0.982058,691957.0,2394.3148788927338,2394.3148788927338,2404.3250880370597,1188.4397929210463,1.0230937253687116,2.131372894100238,False,False,,
246,0.9860664,697105.0,2412.128027681661,2403.491349480969,2413.542412575279,1188.4397929210463,1.03084954488361,1.4395118029373035,False,False,,
247,0.9900748,694609.0,2403.491349480969,2407.948096885814,2418.0400138972127,1188.4397929210463,1.0346340035904995,0.4229662974309178,False,False,,
248,0.9940832000000002,695897.0,2407.948096885814,2407.439446366782,2417.572217262376,1188.4397929210463,1.0342403810968543,0.0085760033138626,False,False,,
249,0.9980916,695750.0,2407.439446366782,2407.948096885814,2418.1217216327004,1188.4397929210463,1.034702755693866,3.1101474712402535,False,False,,
250,1.0021000000000002,706330.0,2444.0484429065746,2436.989619377163,2447.2040979424555,1188.4397929210463,1.0591738113442948,3.7976503685337377,False,False,,
251,1.0061084000000002,704290.0,2436.989619377163,2444.0484429065746,2454.303775257371,1188.4397929210463,1.0651477591683285,2.232700539022545,False,False,,
252,1.0101168,710414.0,2458.1799307958477,2458.1799307958477,2468.476116899253,1188.4397929210463,1.0770729250255302,1.89857339431353,False,False,,
253,1.0141252,711534.0,2462.055363321799,2462.055363321799,2472.392403144919,1188.4397929210463,1.0803682423558598,0.4153394408961617,False,False,,
254,1.0181336,712332.0,2464.81660899654,2462.055363321799,2472.433256831739,1188.4397929210463,1.0804026182553066,0.2983949357588358,False,False,,
255,1.022142,710025.0,2456.833910034602,2464.81660899654,2475.2353561603977,1188.4397929210463,1.0827604148768513,1.7267884429644766,False,False,,
256,1.0261504,716265.0,2478.425605536332,2478.425605536332,2488.8852063212134,1188.4397929210463,1.0942459358448644,2.235242776195605,False,False,,
257,1.0301588000000002,718463.0,2486.031141868512,2486.031141868512,2496.531596241522,1188.4397929210463,1.1006799091650563,0.8787592261409714,False,False,,
258,1.0341672000000002,718661.0,2486.7162629757786,2486.7162629757786,2497.257570904023,1188.4397929210463,1.1012907728089911,1.5106953276902004,False,False,,
259,1.0381756000000002,724035.0,2505.311418685121,2500.342560553633,2510.92472200421,1188.4397929210463,1.112790851468083,1.9603142301333492,False,False,,
260,1.0421840000000002,722599.0,2500.342560553633,2505.311418685121,2515.9344336251356,1188.4397929210463,1.1170062199291244,0.5580697894663729,False,False,,
261,1.0461924,724112.0,2505.5778546712804,2505.5778546712804,2516.241723067838,1188.4397929210463,1.1172647853562774,1.930896500929265,False,False,,
262,1.0502008,729328.0,2523.6262975778545,2523.6262975778545,2534.331019398061,1188.4397929210463,1.1324858309977746,3.2100223411385684,False,False,,
263,1.0542092,733364.0,2537.59169550173,2536.0795847750865,2546.8251599860464,1188.4397929210463,1.1429988924607173,1.456581224105264,False,False,,
264,1.0582176,732927.0,2536.0795847750865,2537.4221453287196,2548.2085738975316,1188.4397929210463,1.1441629513551816,0.1494903813780865,False,False,,
265,1.062226,733315.0,2537.4221453287196,2537.4221453287196,2548.2494272224963,1188.4397929210463,1.144197326950149,0.9128982480204684,False,False,,
266,1.0662344,736223.0,2547.484429065744,2546.038062283737,2556.9061974695765,1188.4397929210463,1.1514814740299122,0.912898241114533,False,True,216.0,1.0
267,1.0702428000000002,735805.0,2546.038062283737,2546.038062283737,2556.9470507287447,1188.4397929210463,1.151515849569516,0.0085758721096738,False,False,,
268,1.0742512000000002,735579.0,2545.2560553633216,2546.038062283737,2556.9879039550183,1188.4397929210463,1.151550225081441,-0.0735031925611906,False,False,,
269,1.0782596000000002,738417.0,2555.076124567474,2545.2560553633216,2556.246750227974,1188.4397929210463,1.1509265891753917,-0.1083686399328769,False,False,,
270,1.0822680000000002,735483.0,2544.923875432526,2544.923875432526,2555.9554234576635,1188.4397929210463,1.1506814553688272,-0.7301356684898792,False,False,,
271,1.0862764,732459.0,2534.4602076124565,2538.2179930795846,2549.290394232312,1188.4397929210463,1.1450732375482426,-0.6952702349292963,False,False,,
272,1.0902848,733545.0,2538.2179930795846,2538.2179930795846,2549.331247327,1188.4397929210463,1.1451076129494462,0.1861716749583308,False,False,,
273,1.0942932,734304.0,2540.8442906574396,2539.910034602076,2551.0641419112844,1188.4397929210463,1.1465657386320485,0.284230719365155,False,False,,
274,1.0983016,734034.0,2539.910034602076,2540.8442906574396,2552.039250995547,1188.4397929210463,1.1473862337804528,0.0085758237709399,False,False,,
275,1.10231,734684.0,2542.159169550173,2539.910034602076,2551.14584793618,1188.4397929210463,1.1466344892960554,-0.1308859449994486,False,False,,
276,1.1063184,732706.0,2535.3148788927338,2539.515570934256,2550.792237231477,1188.4397929210463,1.146336947336581,-0.4737294498251572,False,False,,
277,1.1103268000000002,733920.0,2539.515570934256,2535.3148788927338,2546.632398120162,1188.4397929210463,1.1428366950426971,0.0085758030545548,False,False,,
278,1.1143352000000002,732505.0,2534.61937716263,2539.515570934256,2550.8739430589976,1188.4397929210463,1.1464056978345087,-0.0644237198265784,False,False,,
279,1.1183436000000002,736262.0,2547.61937716263,2534.61937716263,2546.018602151797,1188.4397929210463,1.142320222965591,-0.6186389574804139,False,False,,
280,1.1223520000000002,732193.0,2533.5397923875435,2533.5397923875435,2544.9798702082344,1188.4397929210463,1.1414461930401798,-0.4472172154262068,False,False,,
281,1.1263604,730324.0,2527.0726643598614,2530.2768166089963,2541.7577472283165,1188.4397929210463,1.1387349719929627,-0.4348690454994255,False,False,,
282,1.1303688,731250.0,2530.2768166089963,2529.3148788927338,2540.8366622777885,1188.4397929210463,1.13795993487622,-0.0923887361563515,False,False,,
283,1.1343772,730972.0,2529.3148788927338,2529.3148788927338,2540.877515010621,1188.4397929210463,1.1379943099729444,-0.8801297886007546,False,False,,
284,1.1383856,727074.0,2515.826989619377,2520.8477508650517,2532.451239682892,1188.4397929210463,1.1309041103869657,-1.407106400890143,False,False,,
285,1.142394,728525.0,2520.8477508650517,2515.826989619377,2527.471331104261,1188.4397929210463,1.1267138193782884,-0.5365599411482549,False,False,,
286,1.1464024000000002,727024.0,2515.6539792387543,2515.6539792387543,2527.339173357794,1188.4397929210463,1.126602616650768,-0.3989140945451197,False,False,,
287,1.1504108000000002,724998.0,2508.6435986159167,2511.944636678201,2523.670683398495,1188.4397929210463,1.123515804865139,-0.3807550178748045,False,False,,
288,1.1544192000000002,725952.0,2511.944636678201,2511.944636678201,2523.7115359668546,1188.4397929210463,1.1235501798234693,0.0085757270965984,False,False,,
289,1.1584276000000002,726146.0,2512.6159169550174,2511.944636678201,2523.752388502327,1188.4397929210463,1.123584554754127,0.0790329644673875,False,False,,
290,1.1624360000000002,723294.0,2502.7474048442905,2512.6159169550174,2524.464521281714,1188.4397929210463,1.1241837712930116,0.898370808524021,False,False,,
291,1.1664444,729700.0,2524.9134948096885,2520.4221453287196,2532.311602125092,1188.4397929210463,1.1307866138519025,0.8279135573428675,False,False,,
292,1.1704528,728402.0,2520.4221453287196,2520.4221453287196,2532.3524545618734,1188.4397929210463,1.1308209886995173,-1.497175510672406,False,False,,
293,1.1744612,719607.0,2489.989619377163,2506.076124567474,2518.047286204507,1188.4397929210463,1.1187840572179435,-2.3339460887726773,False,False,,
294,1.1784696,724256.0,2506.076124567474,2498.1038062283737,2510.1158202364063,1188.4397929210463,1.1121102096950444,-0.828194885531218,False,False,,
295,1.182478,721952.0,2498.1038062283737,2498.1038062283737,2510.1566725744965,1188.4397929210463,1.112144584459617,0.0085756787586035,False,False,,
296,1.1864864000000002,720889.0,2494.425605536332,2498.1038062283737,2510.1975248796994,1188.4397929210463,1.1121789591965163,0.0645056492692219,False,False,,
297,1.1904948000000002,722685.0,2500.6401384083047,2498.636678200692,2510.771249124326,1188.4397929210463,1.1126617133486782,0.0645056423632581,False,False,,
298,1.1945032000000002,722106.0,2498.636678200692,2498.636678200692,2510.8121013637324,1188.4397929210463,1.112696088030214,-0.2053383464858029,False,False,,
299,1.1985116000000002,721517.0,2496.598615916955,2496.598615916955,2508.8148912865145,1188.4397929210463,1.111015556892571,-1.1695856912924398,False,False,,
300,1.2025200000000005,715728.0,2476.567474048443,2487.4117647058824,2499.668892249059,1188.4397929210463,1.103319753460261,-0.955671693668819,False,False,,
301,1.2065284,718862.0,2487.4117647058824,2487.4117647058824,2499.7097443897887,1188.4397929210463,1.1033541280587669,0.0085756373274534,False,False,,
302,1.2105368,724103.0,2505.546712802768,2487.4117647058824,2499.7505964976167,1188.4397929210463,1.1033885026295875,-0.0186629949422183,False,False,,
303,1.2145452,718026.0,2484.5190311418687,2487.1522491349483,2499.531933001623,1188.4397929210463,1.103204510560914,-0.2826960770468076,False,False,,
304,1.2185536,718787.0,2487.1522491349483,2484.636678200692,2497.057214109406,1188.4397929210463,1.1011221847191186,-0.2554574585883529,False,False,,
305,1.222562,718060.0,2484.636678200692,2484.636678200692,2497.09806611855,1188.4397929210463,1.101156559206903,-0.9244381044443912,False,False,,
306,1.2265704000000002,715491.0,2475.7474048442905,2475.7474048442905,2488.249644738398,1188.4397929210463,1.0937111493234088,-0.9244381113488488,False,False,,
307,1.2305788000000002,714099.0,2470.9307958477507,2475.7474048442905,2488.29049668176,1188.4397929210463,1.0937455237558416,-0.4969732908679418,False,False,,
308,1.2345872000000002,720127.0,2491.78892733564,2470.9307958477507,2483.514739595681,1188.4397929210463,1.089727013845179,-1.3206693287947644,False,False,,
309,1.2385956000000002,708287.0,2450.8200692041523,2463.083044982699,2475.7078406081946,1188.4397929210463,1.0831579818807595,-2.1022362928238465,False,False,,
310,1.2426040000000005,711831.0,2463.083044982699,2450.8200692041523,2463.485716674319,1188.4397929210463,1.0728738059328682,-1.7219850896414357,False,False,,
311,1.2466124,707066.0,2446.595155709342,2446.595155709342,2459.301654991286,1188.4397929210463,1.0693531718141225,-0.434869252657819,False,False,,
312,1.2506208,704935.0,2439.221453287197,2446.595155709342,2459.342506770175,1188.4397929210463,1.069387546108161,-0.2463779720410457,False,False,,
313,1.2546292,707318.0,2447.4671280276816,2444.166089965398,2456.9542927722177,1188.4397929210463,1.0673780088878635,-0.1156325771976867,False,False,,
314,1.2586376,706364.0,2444.166089965398,2445.4117647058824,2458.240819225795,1188.4397929210463,1.0684605428632827,0.0085755475597864,False,False,,
315,1.2626460000000002,706724.0,2445.4117647058824,2444.166089965398,2457.035996165516,1188.4397929210463,1.067446757337541,-0.5732414971300273,False,False,,
316,1.2666544000000002,705122.0,2439.8685121107264,2439.8685121107264,2452.779269958148,1188.4397929210463,1.0638649804290907,-1.1241880997408489,False,False,,
317,1.2706628000000002,701744.0,2428.1799307958477,2433.3737024221455,2446.3253118839757,1188.4397929210463,1.0584343661795383,-1.2182521595712783,False,False,,
318,1.2746712000000002,703245.0,2433.3737024221455,2428.1799307958477,2441.172391839192,1188.4397929210463,1.0540984965162394,-0.6658528440855207,False,False,,
319,1.2786796000000002,699736.0,2421.2318339100348,2426.948096885814,2439.9814094777776,1188.4397929210463,1.0530963570990737,-0.7206932833903466,False,False,,
320,1.2826880000000005,701388.0,2426.948096885814,2421.2318339100348,2434.3059980177313,1188.4397929210463,1.0483208426019557,-2.0121673142420775,False,False,,
321,1.2866964,695824.0,2407.695501730104,2407.695501730104,2420.810517320631,1188.4397929210463,1.036965214174259,-1.4121911997870882,False,False,,
322,1.2907048,692577.0,2396.4602076124565,2407.695501730104,2420.8513687705668,1188.4397929210463,1.0369995881915033,-0.9502241205111376,False,False,,
323,1.2947132,698517.0,2417.0138408304497,2398.560553633218,2411.7572720907224,1188.4397929210463,1.029347457444945,0.2751508323129883,False,False,,
324,1.2987216,693184.0,2398.560553633218,2410.235294117647,2423.472863959305,1188.4397929210463,1.03920541738399,0.0085754785077654,False,False,,
325,1.3027300000000002,696558.0,2410.235294117647,2398.560553633218,2411.8389748261284,1188.4397929210463,1.029416205341046,-1.513882095434269,False,False,,
326,1.3067384000000002,692366.0,2395.7301038062283,2395.7301038062283,2409.049376317503,1188.4397929210463,1.0270689274013125,-2.167245929413994,False,False,,
327,1.3107468000000002,687193.0,2377.8304498269895,2377.8304498269895,2391.1905736237345,1188.4397929210463,1.01204182817412,-2.1410968559700336,False,False,,
328,1.3147552000000002,686369.0,2374.9792387543253,2375.249134948097,2388.6501099974103,1188.4397929210463,1.009904182126372,-0.2906862464504485,False,False,,
329,1.3187636000000005,686447.0,2375.249134948097,2374.9792387543253,2388.421065023319,1188.4397929210463,1.009711454673576,-0.1334285895841986,False,False,,
330,1.322772,686056.0,2373.8961937716263,2373.8961937716263,2387.3788712274068,1188.4397929210463,1.0088345118093935,-0.8823092031758364,False,False,,
331,1.3267804,683916.0,2366.491349480969,2366.491349480969,2380.014878090641,1188.4397929210463,1.0026381582535555,-1.4884594198586996,False,False,,
332,1.3307888,681934.0,2359.6332179930796,2359.6332179930796,2373.1975977237416,1188.4397929210463,0.9969018303322704,-1.6199311918563095,False,False,,
333,1.3347972,679432.0,2350.9757785467127,2350.9757785467127,2364.5810093654773,1188.4397929210463,0.9896514938746818,-2.4327317796358443,False,False,,
334,1.3388056000000002,675212.0,2336.3737024221455,2336.3737024221455,2350.019784296118,1188.4397929210463,0.9773991062012856,-1.5240512443830596,False,False,,
335,1.3428140000000002,674543.0,2334.0588235294117,2336.3737024221455,2350.060635318431,1188.4397929210463,0.9774334798587117,-0.1388763560874792,False,False,,
336,1.3468224000000002,675419.0,2337.089965397924,2334.968858131488,2348.6966420172,1188.4397929210463,0.9762857622298036,-0.013941867987782,False,False,,
337,1.3508308000000002,674806.0,2334.968858131488,2336.159169550173,2349.9278043924087,1188.4397929210463,0.9773217106914271,0.0085753887408799,False,False,,
338,1.3548392000000002,675150.0,2336.159169550173,2334.968858131488,2348.778343897354,1188.4397929210463,0.9763545094062612,-1.652980765395597,False,False,,
339,1.3588476000000005,670575.0,2320.328719723183,2320.328719723183,2334.1790563797836,1188.4397929210463,0.9640700944914036,-1.679493034321439,False,False,,
340,1.362856,670158.0,2318.885813148789,2318.885813148789,2332.777000663237,1188.4397929210463,0.9628903496487132,-1.39439542907796,False,False,,
341,1.3668644,666712.0,2306.961937716263,2306.961937716263,2320.8939760556636,1188.4397929210463,0.952891505215571,-1.6882094082477297,False,False,,
342,1.3708728,665486.0,2302.719723183391,2302.719723183391,2316.69261231485,1188.4397929210463,0.9493563124646728,-1.4873699507998452,False,False,,
343,1.3748812,662593.0,2292.7093425605535,2292.7093425605535,2306.723082451169,1188.4397929210463,0.9409675577939988,-1.1318151012811055,False,False,,
344,1.3788896000000002,662346.0,2291.8546712802768,2291.8546712802768,2305.9092618971613,1188.4397929210463,0.9402827771607222,-0.5935798709840583,False,False,,
345,1.3828980000000002,660935.0,2286.9723183391,2286.9723183391,2301.0677596493592,1188.4397929210463,0.9362089466842936,-2.2936332823023093,False,False,,
346,1.3869064000000002,655338.0,2267.60553633218,2269.9204152249135,2284.0567071956525,1188.4397929210463,0.921895177863161,-2.024152488934476,False,False,,
347,1.3909148000000002,656007.0,2269.9204152249135,2267.60553633218,2281.7826789305113,1188.4397929210463,0.9199817210110036,-1.080606513215244,False,False,,
348,1.3949232000000005,650851.0,2252.0795847750865,2259.5432525951555,2273.761245788178,1188.4397929210463,0.913232171568017,-1.6210208473518293,False,False,,
349,1.3989316000000005,653008.0,2259.5432525951555,2252.0795847750865,2266.338428529905,1188.4397929210463,0.9069863210819537,-0.8300111736726876,False,False,,
350,1.40294,650699.0,2251.553633217993,2251.553633217993,2265.8533275017203,1188.4397929210463,0.9065781379909176,-0.1958959820927504,False,False,,
351,1.4069484,647018.0,2238.81660899654,2250.1314878892736,2264.472032669015,1188.4397929210463,0.905415862172712,-1.32829644081599,False,False,,
352,1.4109568,650288.0,2250.1314878892736,2238.81660899654,2253.1980042394007,1188.4397929210463,0.895929451084184,-3.193597512678594,False,False,,
353,1.4149652,639654.0,2213.3356401384085,2219.622837370242,2234.045083043328,1188.4397929210463,0.8798134296330702,-2.6658945508564926,False,False,,
354,1.4189736000000002,641471.0,2219.622837370242,2213.3356401384085,2227.7987362088247,1188.4397929210463,0.8745575076488775,-1.174307432803772,False,False,,
355,1.4229820000000002,638214.0,2208.3529411764707,2208.3529411764707,2222.85688761133,1188.4397929210463,0.8703992418057689,-0.6872808181919794,False,False,,
356,1.4269904000000002,637738.0,2206.705882352941,2206.705882352941,2221.2506791193487,1188.4397929210463,0.8690477147855961,-1.5999563656426543,False,False,,
357,1.4309988000000002,633785.0,2193.0276816609,2193.0276816609,2207.613328725954,1188.4397929210463,0.8575727116136848,-1.8592680860173945,False,False,,
358,1.4350072000000005,631314.0,2184.477508650519,2188.910034602076,2203.5365319328894,1188.4397929210463,0.8541423343936118,-0.8888466666036834,False,False,,
359,1.4390156000000005,632595.0,2188.910034602076,2184.477508650519,2199.1448562142045,1188.4397929210463,0.8504470056568563,-1.3667937532371326,False,False,,
360,1.443024,628808.0,2175.806228373702,2175.806228373702,2190.5144261373575,1188.4397929210463,0.8431850222326608,-1.4775641699585265,False,False,,
361,1.4470324,627222.0,2170.318339100346,2170.318339100346,2185.0673870310766,1188.4397929210463,0.838601669219133,-2.781386377641084,False,False,,
362,1.4510408,621126.0,2149.2249134948097,2149.2249134948097,2164.0148115597285,1188.4397929210463,0.8208872039203876,-2.546771024739769,False,False,,
363,1.4550492000000002,620186.0,2145.9723183391,2145.9723183391,2160.8030665053125,1188.4397929210463,0.8181847152679992,-0.8652398924805169,False,False,,
364,1.4590576000000002,618720.0,2140.899653979239,2140.899653979239,2155.7712522138427,1188.4397929210463,0.8139507487503498,-0.5612568403177107,False,False,,
365,1.4630660000000002,615647.0,2130.266435986159,2140.5432525951555,2155.455700865271,1188.4397929210463,0.8136852314305401,-1.107482081197972,False,False,,
366,1.4670744000000002,618617.0,2140.5432525951555,2130.266435986159,2145.219734258877,1188.4397929210463,0.8050722864018018,-1.484101481475605,False,False,,
367,1.4710828000000002,614507.0,2126.3217993079584,2126.3217993079584,2141.3159475503985,1188.4397929210463,0.8017874866738464,-1.5585537310420818,False,False,,
368,1.4750912000000005,610818.0,2113.5570934256057,2115.3356401384085,2130.3706383176764,1188.4397929210463,0.7925776728507836,-1.3312020115720316,False,False,,
369,1.4790996000000003,611332.0,2115.3356401384085,2113.5570934256057,2128.6329415088067,1188.4397929210463,0.7911155063874757,-1.795348194687591,False,False,,
370,1.483108,604797.0,2092.7231833910037,2098.148788927336,2113.2654868815753,1188.4397929210463,0.7781847254436132,-2.1781416833811136,False,False,,
371,1.4871164,606365.0,2098.148788927336,2092.7231833910037,2107.880731183387,1188.4397929210463,0.7736537801401467,-1.0185026131030668,False,False,,
372,1.4911248,603537.0,2088.363321799308,2088.363321799308,2103.561719396948,1188.4397929210463,0.7700195936948885,-1.626831919814251,False,False,,
373,1.4951332000000002,597945.0,2069.0138408304497,2077.1418685121107,2092.3811158821054,1188.4397929210463,0.7606117940053798,-2.0223367670104437,False,False,,
374,1.4991416000000002,600294.0,2077.1418685121107,2069.0138408304497,2084.293937939919,1188.4397929210463,0.7538069243011191,-2.21373351480905,False,False,,
375,1.5031500000000002,594175.0,2055.968858131488,2055.968858131488,2071.2898049475302,1188.4397929210463,0.7428647351638585,-2.2889121277208915,False,False,,
376,1.5071584000000002,591619.0,2047.1245674740485,2047.1245674740485,2062.486363963769,1188.4397929210463,0.735457173555606,-1.1877453065586536,False,False,,
377,1.5111668000000005,590357.0,2042.757785467128,2044.5709342560551,2059.9735803865665,1188.4397929210463,0.7333428185902391,-0.4497601569223093,False,False,,
378,1.5151752000000005,590881.0,2044.5709342560551,2042.757785467128,2058.2012812055355,1188.4397929210463,0.7318515363295913,-1.8392932390858476,False,False,,
379,1.5191836000000003,585664.0,2026.5190311418685,2026.9653979238751,2042.4497432372843,1188.4397929210463,0.7185975725511355,-1.695836485738269,False,False,,
380,1.523192,585793.0,2026.9653979238751,2026.5190311418685,2042.0442259973845,1188.4397929210463,0.7182563543907244,-2.6720688257044714,False,False,,
381,1.5272004,578412.0,2001.425605536332,2001.425605536332,2016.991649901068,1188.4397929210463,0.6971761311892273,-2.70657109140393,False,False,,
382,1.5312088,578188.0,2000.6505190311416,2000.6505190311416,2016.2574128722024,1188.4397929210463,0.6965583152651572,-0.6941814563837596,False,False,,
383,1.5352172000000002,576477.0,1994.7301038062285,1994.7301038062285,2010.3778470907196,1188.4397929210463,0.6916110172896899,-1.4154602629395328,False,False,,
384,1.5392256000000002,574267.0,1987.083044982699,1987.083044982699,2002.7716376777264,1188.4397929210463,0.6852108534292235,-1.6431751778907255,False,False,,
385,1.5432340000000002,571929.0,1978.9930795847752,1978.9930795847752,1994.722521657451,1188.4397929210463,0.6784380105235754,-2.8572915127064817,False,False,,
386,1.5472424000000002,566376.0,1959.7785467128028,1959.7785467128028,1975.5488381302323,1188.4397929210463,0.6623045188301581,-2.976051926200711,False,False,,
387,1.5512508000000005,563711.0,1950.5570934256057,1950.5570934256057,1966.3682341548945,1188.4397929210463,0.6545795974416094,-1.0856913328132691,False,False,,
388,1.5552592000000005,563363.0,1949.3529411764705,1949.3529411764705,1965.2049311847245,1188.4397929210463,0.6536007485532607,-0.9640254797565432,False,False,,
389,1.5592676,560756.0,1940.3321799307955,1941.2906574394465,1957.1834966937777,1188.4397929210463,0.6468511979754978,-0.9382395879826362,False,False,,
390,1.563276,561033.0,1941.2906574394465,1940.3321799307955,1956.2658683983095,1188.4397929210463,0.6460790694243219,-1.042109552943444,False,False,,
391,1.5672844,558140.0,1931.280276816609,1931.280276816609,1947.2548144644184,1188.4397929210463,0.6384968141114608,-1.4855543807818208,False,False,,
392,1.5712928000000002,556642.0,1926.096885813149,1926.096885813149,1942.112272608352,1188.4397929210463,0.6341696770644701,-2.4403590021288153,False,False,,
393,1.5753012000000002,551397.0,1907.9480968858131,1907.9480968858131,1924.0043327955225,1188.4397929210463,0.6189329440631943,-2.2318927295766144,False,False,,
394,1.5793096000000002,550473.0,1904.750865051903,1904.750865051903,1920.847950043231,1188.4397929210463,0.6162770394300002,-0.5677943175505931,False,False,,
395,1.5833180000000002,549810.0,1902.456747404844,1902.456747404844,1918.5946814448823,1188.4397929210463,0.6143810505782548,-1.047557312540789,False,False,,
396,1.5873264000000002,547565.0,1894.688581314879,1894.688581314879,1910.867364370754,1188.4397929210463,0.6078789819668232,-2.290364999407089,False,False,,
397,1.5913348000000005,543480.0,1880.5536332179931,1880.5536332179931,1896.773265256796,1188.4397929210463,0.5960196524510079,-1.8458306403645537,False,False,,
398,1.5953432000000003,542459.0,1877.0207612456747,1877.0207612456747,1893.2812422345255,1188.4397929210463,0.5930813268891486,-1.1198304858878745,False,False,,
399,1.5993516,540373.0,1869.80276816609,1869.80276816609,1886.1040980720936,1188.4397929210463,0.5870421954117424,-1.047194158488594,False,False,,
400,1.60336,539552.0,1866.961937716263,1866.961937716263,1883.3041165065183,1188.4397929210463,0.5846861807593775,-2.421473610447265,False,False,,
401,1.6073684,533682.0,1846.6505190311416,1846.6505190311416,1863.0335466727684,1188.4397929210463,0.5676297257715086,-2.9923952049905296,False,False,,
402,1.6113768000000002,531289.0,1838.370242214533,1838.370242214533,1854.7941186746289,1188.4397929210463,0.5606967468800093,-1.1859295777247922,False,False,,
403,1.6153852000000002,530393.0,1835.2698961937715,1835.2698961937715,1851.734621439457,1188.4397929210463,0.5581223655328045,-1.7052793749113846,False,False,,
404,1.6193936000000002,526570.0,1822.0415224913495,1822.0415224913495,1838.5470964897224,1188.4397929210463,0.5470258631872196,-1.5462058096882174,False,False,,
405,1.6234020000000002,525187.0,1817.2560553633216,1820.456747404844,1837.003170123017,1188.4397929210463,0.5457267427976958,-0.4937053325111691,False,False,,
406,1.6274104000000005,526112.0,1820.456747404844,1817.2560553633216,1833.843326768393,1188.4397929210463,0.5430679262775441,-0.7788029515634918,False,False,,
407,1.6314188000000005,523944.0,1812.955017301038,1812.955017301038,1829.5831373601272,1188.4397929210463,0.5394832352956016,-1.269824578371015,False,False,,
408,1.6354272000000003,521667.0,1805.0761245674744,1805.0761245674744,1821.7450932476795,1188.4397929210463,0.5328879965976593,-1.2629241335164636,False,False,,
409,1.6394356,520443.0,1800.840830449827,1800.840830449827,1817.550647718269,1188.4397929210463,0.5293586251020269,-1.036661959060268,False,False,,
410,1.643444,517941.0,1792.1833910034602,1795.1176470588234,1811.8683128825996,1188.4397929210463,0.5245772850042649,-0.9001056574716841,False,False,,
411,1.6474524000000002,518789.0,1795.1176470588234,1792.1833910034602,1808.9749053496837,1188.4397929210463,0.5221426580672078,-0.7577384491379178,False,False,,
412,1.6514608000000002,516679.0,1787.8166089965398,1787.8166089965398,1804.6489718323155,1188.4397929210463,0.518502647405216,-0.9567620120393768,False,False,,
413,1.6554692000000002,515283.0,1782.98615916955,1782.98615916955,1799.8593704619836,1188.4397929210463,0.5144724883690905,-1.2164369140848734,False,False,,
414,1.6594776000000002,513306.0,1776.1453287197232,1776.1453287197232,1793.0593884359273,1188.4397929210463,0.5087507159523804,-2.2533205931959515,False,False,,
415,1.6634860000000002,509055.0,1761.4359861591695,1761.4359861591695,1778.3908942662497,1188.4397929210463,0.4964080678375571,-2.49156777662143,False,False,,
416,1.6674944000000005,506422.0,1752.325259515571,1752.325259515571,1769.3210159806397,1188.4397929210463,0.4887763154007616,-1.3108641693956995,False,False,,
417,1.6715028000000005,504486.0,1745.6262975778548,1748.865051903114,1765.9016566932694,1188.4397929210463,0.4858991319643456,-0.6945448797205671,False,False,,
418,1.6755112000000003,505422.0,1748.865051903114,1745.6262975778548,1762.7037506602169,1188.4397929210463,0.4832082880090177,-1.2182528569655275,False,False,,
419,1.6795196,502044.0,1737.1764705882354,1737.1764705882354,1754.294771929902,1188.4397929210463,0.476132642460625,-1.4121918764655843,False,False,,
420,1.683528,500574.0,1732.0899653979238,1732.0899653979238,1749.249114966008,1188.4397929210463,0.4718870281737687,-1.587608630716261,False,False,,
421,1.6875364000000002,497649.0,1721.968858131488,1721.968858131488,1739.168855893102,1188.4397929210463,0.4634051015898988,-2.552945520536696,False,False,,
422,1.6915448000000002,493500.0,1707.6124567474048,1707.6851211072665,1724.9259670295162,1188.4397929210463,0.45142057452473,-1.4982659533304954,False,False,,
423,1.6955532000000002,493521.0,1707.6851211072665,1707.6124567474048,1724.8941507973957,1188.4397929210463,0.4513938030952388,-0.1130910650356824,False,False,,
424,1.6995616000000002,493186.0,1706.525951557093,1706.525951557093,1723.8484937019302,1188.4397929210463,0.4505139460745519,-0.1054642568373083,False,False,,
425,1.7035700000000005,489962.0,1695.370242214533,1706.525951557093,1723.8893417638965,1188.4397929210463,0.4505483172410254,-1.162322927882279,False,False,,
426,1.7075784000000005,493391.0,1707.235294117647,1695.370242214533,1712.7744804504005,1188.4397929210463,0.4411958356263052,-2.6273977977232335,False,False,,
427,1.7115868000000003,485837.0,1681.096885813149,1681.4117647058824,1698.856850937927,1188.4397929210463,0.4294849945762377,-1.4895496277368352,False,False,,
428,1.7155952000000003,485928.0,1681.4117647058824,1681.096885813149,1698.582820008476,1188.4397929210463,0.4292544141706645,-0.2968610253492727,False,False,,
429,1.7196036,485087.0,1678.5017301038065,1678.5017301038065,1696.0285122295356,1188.4397929210463,0.4271051191082179,-0.815484459192767,False,False,,
430,1.723612,483568.0,1673.2456747404844,1673.2456747404844,1690.8133047637143,1188.4397929210463,0.4227168383582079,-0.7515644919101447,False,False,,
431,1.7276204000000002,482994.0,1671.2595155709344,1671.2595155709344,1688.86799345877,1188.4397929210463,0.4210799768894726,-0.4664668866667227,False,False,,
432,1.7316288000000002,482260.0,1668.719723183391,1668.719723183391,1686.3690489029452,1188.4397929210463,0.418977266621178,-2.7911927730088664,False,False,,
433,1.7356372000000002,475015.0,1643.6505190311418,1644.5847750865053,1662.2749486048835,1188.4397929210463,0.398703542666815,-2.6226764843244794,False,False,,
434,1.7396456000000002,475285.0,1644.5847750865053,1643.6505190311418,1661.381540315464,1188.4397929210463,0.3979517937816454,-1.0849652939879777,False,False,,
435,1.7436540000000005,472274.0,1634.166089965398,1634.166089965398,1651.9379589827622,1188.4397929210463,0.3900055928979721,-1.4942710447029484,False,False,,
436,1.7476624000000005,470877.0,1629.3321799307955,1629.3321799307955,1647.144896648315,1188.4397929210463,0.3859725216704708,-1.0504630490026583,False,False,,
437,1.7516708000000003,469358.0,1624.0761245674742,1624.0761245674742,1641.9296889522532,1188.4397929210463,0.3815842407267276,-0.633167315323746,False,False,,
438,1.7556792000000003,469110.0,1623.2179930795849,1623.2179930795849,1641.1124050987366,1188.4397929210463,0.3808965459369833,-0.4385019462903301,False,False,,
439,1.7596876,468127.0,1619.8166089965398,1619.8166089965398,1637.7518686171695,1188.4397929210463,0.3780688583237075,-0.878314957413437,False,False,,
440,1.7636960000000002,463640.0,1604.2906574394465,1614.7681660899657,1632.744273279179,1188.4397929210463,0.3738552705863913,-1.6210214825884537,False,False,,
441,1.7677044000000002,466668.0,1614.7681660899657,1604.2906574394465,1622.3076121643562,1188.4397929210463,0.3650734533020923,-1.1924671170915175,False,False,,
442,1.7717128000000002,463361.0,1603.325259515571,1603.325259515571,1621.3830617432895,1188.4397929210463,0.364295500202092,-0.9211704153660492,False,False,,
443,1.7757212000000002,461080.0,1595.4325259515572,1595.4325259515572,1613.53117564919,1188.4397929210463,0.3576886143161857,-0.8198427359154934,False,False,,
444,1.7797296000000002,459088.0,1588.5397923875432,1595.4325259515572,1613.5720230862098,1188.4397929210463,0.3577229849568046,-0.5961228331599671,False,False,,
445,1.7837380000000005,461263.0,1596.0657439446368,1589.6712802768166,1607.8516248156016,1188.4397929210463,0.3529096167873089,-0.5961228400644032,False,False,,
446,1.7877464000000003,459415.0,1589.6712802768166,1589.6712802768166,1607.8924721868393,1188.4397929210463,0.3529439873725763,-0.0019576323523438,False,False,,
447,1.7917548000000003,459386.0,1589.5709342560554,1589.5709342560554,1607.8329735044283,1188.4397929210463,0.3528939228402666,-0.0843998786924231,False,False,,
448,1.7957632,459159.0,1588.7854671280277,1588.7854671280277,1607.088353681864,1188.4397929210463,0.352267370425075,-1.5233256681827,False,False,,
449,1.7997716,455168.0,1574.9757785467127,1574.9757785467127,1593.3195123731175,1188.4397929210463,0.3406817256235792,-1.44088343565155,False,False,,
450,1.80378,454369.0,1572.2110726643598,1574.9757785467127,1593.3603596127914,1188.4397929210463,0.3407160960981436,-0.2816075470450911,False,False,,
451,1.8077884,456547.0,1579.7474048442907,1572.2110726643598,1590.636500937225,1188.4397929210463,0.338424134240428,0.2667967700554428,False,False,,
452,1.8117968,453145.0,1567.9757785467127,1577.4359861591695,1595.902261605934,1188.4397929210463,0.342854952444324,0.5569789186994782,False,False,,
453,1.8158052,455879.0,1577.4359861591695,1577.4359861591695,1595.943108746931,1188.4397929210463,0.3428893228358581,0.0085745877908323,False,False,,
454,1.8198136000000005,456683.0,1580.2179930795849,1577.4359861591695,1595.9839558550486,1188.4397929210463,0.3429236931997256,-1.367157590853182,False,False,,
455,1.8238220000000005,452091.0,1564.3287197231834,1564.3287197231834,1582.9175364942853,1188.4397929210463,0.3319290938615062,-1.5117039030249655,False,False,,
456,1.8278304000000003,451693.0,1562.9515570934257,1562.9515570934257,1581.5812209068629,1188.4397929210463,0.330804665349955,-1.2858049102410405,False,False,,
457,1.8318388000000003,448527.0,1551.9965397923877,1551.9965397923877,1570.6670506152582,1188.4397929210463,0.3216210530570857,-1.2698249235983283,False,False,,
458,1.8358472,448173.0,1550.7716262975778,1550.7716262975778,1569.482984097002,1188.4397929210463,0.3206247329024518,-0.372766201832853,False,False,,
459,1.8398556,447477.0,1548.363321799308,1548.363321799308,1567.1155265423909,1188.4397929210463,0.3186326609702321,-1.2483972187871617,False,False,,
460,1.843864,444712.0,1538.795847750865,1538.795847750865,1557.5888994047125,1188.4397929210463,0.3106165820788788,-1.385316715856888,False,False,,
461,1.8478724,443639.0,1535.083044982699,1535.083044982699,1553.916943514423,1188.4397929210463,0.3075268539225505,-0.3811194009912739,False,False,,
462,1.8518808,442694.0,1531.8131487889273,1535.083044982699,1553.957790359413,1188.4397929210463,0.3075612240650119,0.3437912084708756,False,False,,
463,1.8558892,448592.0,1552.2214532871972,1538.2768166089966,1557.1924087978125,1188.4397929210463,0.3102829592826198,0.3437912015656721,False,False,,
464,1.8598976000000005,444562.0,1538.2768166089966,1538.2768166089966,1557.2332555770129,1188.4397929210463,0.3103173293697236,0.0085745118420064,False,False,,
465,1.8639060000000005,442559.0,1531.3460207612457,1538.2768166089966,1557.274102323326,1188.4397929210463,0.3103516994291548,0.3521443662018981,False,False,,
466,1.8679144000000003,445508.0,1541.5501730103806,1541.5501730103806,1560.5883054381356,1188.4397929210463,0.313140400324691,0.3822884380348696,False,False,,
467,1.8719228000000003,446281.0,1544.2249134948097,1541.8373702422143,1560.916349350508,1188.4397929210463,0.3134164293791928,0.0387185698668588,False,False,,
468,1.8759312,445591.0,1541.8373702422143,1541.8373702422143,1560.9571959981515,1188.4397929210463,0.3134507993555998,-0.6266302592731137,False,False,,
469,1.8799396,443647.0,1535.1107266435986,1535.7854671280277,1554.946139498721,1188.4397929210463,0.3083928599166519,-0.6974506921251447,False,False,,
470,1.883948,443842.0,1535.7854671280277,1535.1107266435986,1554.312245596154,1188.4397929210463,0.3078594766469709,-0.9048274334716666,False,False,,
471,1.8879564,438986.0,1518.9826989619378,1527.083044982699,1546.3254104842215,1188.4397929210463,0.3011390393479962,-1.684215307470062,False,False,,
472,1.8919648,441327.0,1527.083044982699,1518.9826989619378,1538.2659109795477,1188.4397929210463,0.2943574593700448,-0.0495346108361403,False,False,,
473,1.8959732,438052.0,1515.750865051903,1526.529411764706,1545.853470265501,1188.4397929210463,0.300741930279845,0.0002212712584679,False,False,,
474,1.8999816000000005,441167.0,1526.529411764706,1518.903114186851,1538.2680191379516,1188.4397929210463,0.2943592332574697,-0.7918779612433298,False,False,,
475,1.9039900000000003,438963.0,1518.903114186851,1518.903114186851,1538.3088655553622,1188.4397929210463,0.2943936030401494,-0.5249394395769187,False,False,,
476,1.9079984000000003,436204.0,1509.356401384083,1513.8200692041523,1533.2666669571795,1188.4397929210463,0.2901508987582694,-0.703624828872158,False,False,,
477,1.9120068000000003,437494.0,1513.8200692041523,1512.1176470588234,1531.6050911634793,1188.4397929210463,0.2887527835120471,-0.1701109603042141,False,False,,
478,1.9160152,437002.0,1512.1176470588234,1512.1176470588234,1531.6459374822207,1188.4397929210463,0.2887871532117026,-0.4646513028153975,False,False,,
479,1.9200236,434068.0,1501.9653979238751,1507.6089965397923,1527.1781332490436,1188.4397929210463,0.2850277669476364,-0.464651309719855,False,False,,
480,1.924032,435699.0,1507.6089965397923,1507.6089965397923,1527.218979502003,1188.4397929210463,0.2850621365919404,0.0085744013732735,False,False,,
481,1.9280404,437184.0,1512.7474048442907,1507.6089965397923,1527.259825722068,1188.4397929210463,0.2850965062085657,-0.9625733951908302,False,False,,
482,1.9320488,433025.0,1498.356401384083,1498.356401384083,1518.0480767535437,1188.4397929210463,0.2773453781973746,-1.2051787586745988,False,False,,
483,1.9360572000000005,430796.0,1490.643598615917,1496.044982698962,1515.7775042227054,1188.4397929210463,0.2754348291360231,-0.2340309759186141,False,False,,
484,1.9400656000000005,432357.0,1496.044982698962,1496.044982698962,1515.8183503441082,1188.4397929210463,0.2754691986696302,0.0085743737570425,False,False,,
485,1.9440740000000003,434841.0,1504.6401384083044,1496.044982698962,1515.8591964326165,1188.4397929210463,0.2755035681755585,-0.2002550942748229,False,False,,
486,1.9480824000000003,431782.0,1494.0553633217994,1494.0553633217994,1513.9104231110748,1188.4397929210463,0.2738637936298478,-1.4270827875939889,False,False,,
487,1.9520908000000003,428404.0,1482.3667820069204,1482.3667820069204,1502.262687818922,1188.4397929210463,0.264062930883975,-1.2182533333709742,False,False,,
488,1.9560992,427535.0,1479.3598615916956,1482.3667820069204,1502.3035338087611,1188.4397929210463,0.2640973003068791,-0.1381510491564199,False,False,,
489,1.9601076,429476.0,1486.0761245674742,1480.968858131488,1500.9464558902805,1188.4397929210463,0.2629554015530976,-0.1381510560608703,False,False,,
490,1.964116,428000.0,1480.968858131488,1480.968858131488,1500.9873018143371,1188.4397929210463,0.2629897709206503,-0.5761481588256316,False,False,,
491,1.9681244,426390.0,1475.3979238754323,1475.3979238754323,1495.4572134494515,1188.4397929210463,0.2583365369934243,-0.5761481657300749,False,False,,
492,1.9721328,424074.0,1467.3840830449826,1475.3979238754323,1495.4980593077269,1188.4397929210463,0.2583709063056254,-0.832554432731083,False,False,,
493,1.9761412000000005,427079.0,1477.7820069204151,1467.3840830449826,1487.525064302672,1188.4397929210463,0.2516621146171057,-0.9803693799458272,False,False,,
494,1.9801496000000005,423667.0,1465.9757785467127,1465.9757785467127,1486.1576055969026,1188.4397929210463,0.2505114810604756,-0.1392406355968916,False,False,,
495,1.9841580000000003,421758.0,1459.370242214533,1465.9757785467127,1486.1984513565085,1188.4397929210463,0.2505458502896525,-0.1337929174284369,False,False,,
496,1.9881664000000003,424868.0,1470.131487889273,1464.6193771626297,1484.882895699144,1188.4397929210463,0.2494388900000353,-0.1337929243321056,False,False,,
497,1.9921748000000004,423275.0,1464.6193771626297,1464.6193771626297,1484.9237413929752,1188.4397929210463,0.2494732591738669,-0.0397288783105693,False,False,,
498,1.9961832,423142.0,1464.159169550173,1464.159169550173,1484.5043794414623,1188.4397929210463,0.2491203915283952,-0.5627104922123287,False,False,,
499,2.0001916000000004,419399.0,1451.2076124567477,1459.1764705882354,1479.562526107574,1188.4397929210463,0.2449621216998986,-1.3508147263281352,False,False,,
500,2.0042000000000004,421702.0,1459.1764705882354,1451.2076124567477,1471.634513571248,1188.4397929210463,0.2382911800303676,-1.2218852398401303,False,False,,
501,2.0082084000000004,418314.0,1447.453287197232,1447.453287197232,1467.9210338740072,1188.4397929210463,0.2351665121091482,-1.9431640463951536,False,False,,
502,2.0122168000000005,413781.0,1431.7681660899657,1432.6124567474048,1453.12104895356,1188.4397929210463,0.2227132225032268,-1.549111939693837,False,False,,
503,2.0162252,414025.0,1432.6124567474048,1432.6124567474048,1453.1618944500528,1188.4397929210463,0.2227475915110099,0.0612355849485553,False,False,,
504,2.0202336,414211.0,1433.2560553633218,1433.1141868512111,1453.7044700174645,1188.4397929210463,0.2232041359406424,0.0612355780441156,False,False,,
505,2.024242,414170.0,1433.1141868512111,1433.1141868512111,1453.7453154481752,1188.4397929210463,0.223238504893074,-0.2303993110956774,False,False,,
506,2.0282504,413512.0,1430.8373702422143,1430.8373702422143,1451.509344237002,1188.4397929210463,0.2213570707434505,-0.5950337162121997,False,False,,
507,2.0322588,410549.0,1420.5847750865053,1427.363321799308,1448.0761411590242,1188.4397929210463,0.218468238596944,-1.0675330777711416,False,False,,
508,2.0362672,412508.0,1427.363321799308,1420.5847750865053,1441.3384397782704,1188.4397929210463,0.2127988715655748,-1.14343805402374,False,False,,
509,2.0402756,409336.0,1416.3875432525952,1416.3875432525952,1437.1820532435145,1188.4397929210463,0.2093015244054465,-1.4590429334842554,False,False,,
510,2.044284,406508.0,1406.6020761245677,1406.6020761245677,1427.4374313817536,1188.4397929210463,0.2011020161764181,-1.8963136729051795,False,False,,
511,2.0482924,401906.0,1390.6782006920416,1398.2387543252596,1419.1149548158253,1188.4397929210463,0.1940991569525001,-1.662787865018423,False,False,,
512,2.0523008000000003,404091.0,1398.2387543252596,1390.6782006920416,1411.5952463830922,1188.4397929210463,0.1877717784201384,-0.8067686721354086,False,False,,
513,2.0563092000000003,400690.0,1386.470588235294,1390.470588235294,1411.4284790939496,1188.4397929210463,0.1876314538617249,-0.4330547390396333,False,False,,
514,2.0603176000000003,401846.0,1390.470588235294,1386.470588235294,1407.4693242286526,1188.4397929210463,0.1843000651882054,-1.879607343631989,False,False,,
515,2.0643260000000003,395643.0,1369.0069204152248,1372.4809688581315,1393.5205499533129,1188.4397929210463,0.1725630177092959,-1.8244037364637224,False,False,,
516,2.0683344000000004,396647.0,1372.4809688581315,1369.0069204152248,1390.0873465793345,1188.4397929210463,0.169674185313723,-0.5202183609184026,False,False,,
517,2.0723428000000004,395191.0,1367.4429065743946,1367.4429065743946,1388.5641777745452,1188.4397929210463,0.1683925311534853,-0.9037382129535024,False,False,,
518,2.0763512000000004,391400.0,1354.325259515571,1360.3148788927335,1381.476995096038,1188.4397929210463,0.1624290968081173,-1.3682475777396697,False,False,,
519,2.0803596000000004,393131.0,1360.3148788927335,1354.325259515571,1375.5282206891343,1188.4397929210463,0.1574235639722618,-0.913544131893584,False,False,,
520,2.0843680000000004,390592.0,1351.529411764706,1351.529411764706,1372.773217875641,1188.4397929210463,0.1551053962115528,-1.638091573490783,False,False,,
521,2.0883764000000005,386866.0,1338.636678200692,1338.636678200692,1359.921329216119,1188.4397929210463,0.1442913114459008,-1.4318043909684306,False,False,,
522,2.0923848,386626.0,1337.8062283737024,1337.8062283737024,1359.131724260719,1188.4397929210463,0.1436269067700365,-0.2725285023620571,False,False,,
523,2.0963932,386092.0,1335.9584775086505,1335.9584775086505,1357.3248182343768,1188.4397929210463,0.1421065049481647,-1.5295002744170887,False,False,,
524,2.1004016,382391.0,1323.152249134948,1323.152249134948,1344.5594346664896,1188.4397929210463,0.1313652089700895,-2.0902527821576093,False,False,,
525,2.10441,380313.0,1315.961937716263,1315.961937716263,1337.4099680207323,1188.4397929210463,0.1253493664441634,-1.214621779012191,False,False,,
526,2.1084184,379023.0,1311.4982698961935,1311.4982698961935,1332.9871449407035,1188.4397929210463,0.1216278290921045,-0.9651159775775272,False,False,,
527,2.1124268,377339.0,1305.6712802768166,1306.6851211072665,1328.2148408589294,1188.4397929210463,0.1176122246751199,-0.6030238579705767,False,False,,
528,2.1164352,377632.0,1306.6851211072665,1305.6712802768166,1327.241844702738,1188.4397929210463,0.116793507427526,-1.011240063670206,False,False,,
529,2.1204436,374824.0,1296.968858131488,1296.968858131488,1318.5802671987806,1188.4397929210463,0.1095053153326885,-1.1557863758412168,False,False,,
530,2.124452,374133.0,1294.5778546712802,1294.5778546712802,1316.2301083470568,1188.4397929210463,0.1075277992096821,-0.615735237185774,False,False,,
531,2.1284604000000003,373105.0,1291.0207612456747,1291.0207612456747,1312.713859497048,1188.4397929210463,0.1045690890832176,-2.1625259831192825,False,False,,
532,2.1324688000000003,368155.0,1273.892733564014,1273.892733564014,1295.626676358089,1188.4397929210463,0.0901912609082113,-1.90720927494022,False,False,,
533,2.1364772000000003,367830.0,1272.7681660899657,1272.7681660899657,1294.5429533938625,1188.4397929210463,0.0892793737678767,-0.9218974069939724,False,False,,
534,2.1404856000000003,364141.0,1260.0034602076123,1265.0276816608996,1286.843313441724,1188.4397929210463,0.082800593775822,-1.3312031577081544,False,False,,
535,2.1444940000000003,365593.0,1265.0276816608996,1260.0034602076123,1281.8599364324768,1188.4397929210463,0.0786073842931619,-0.519855310422809,False,False,,
536,2.1485024000000004,362657.0,1254.868512110727,1259.9930795847752,1281.890400220792,1188.4397929210463,0.0786330177232244,-0.5303875858015203,False,False,,
537,2.1525108000000004,364138.0,1259.9930795847752,1254.868512110727,1276.8066771250017,1188.4397929210463,0.0743553730953083,-1.560370813152831,False,False,,
538,2.1565192000000004,359646.0,1244.4498269896194,1245.044982698962,1267.023992058615,1188.4397929210463,0.0661238369883407,-1.0224987645265458,False,False,,
539,2.1605276000000004,359818.0,1245.044982698962,1245.044982698962,1267.0648363710984,1188.4397929210463,0.0661582049998518,0.008573994031229,False,False,,
540,2.1645360000000005,360072.0,1245.9238754325258,1245.044982698962,1267.1056806506945,1188.4397929210463,0.0661925729836903,-0.5358353384898757,False,False,,
541,2.1685444000000005,358319.0,1239.8581314878893,1239.8581314878893,1261.9596736863305,1188.4397929210463,0.0618625202582462,-1.4466949775808091,False,False,,
542,2.1725528,355811.0,1231.1799307958477,1231.1799307958477,1253.3223172081102,1188.4397929210463,0.0545947086874213,-1.187746452687228,False,False,,
543,2.1765612,355025.0,1228.4602076124568,1228.4602076124568,1250.643438205646,1188.4397929210463,0.0523405944963442,-0.4428608512917646,False,False,,
544,2.1805696,354568.0,1226.878892733564,1226.878892733564,1249.1029674747929,1188.4397929210463,0.0510443818147855,-0.6665807678546924,False,False,,
545,2.184578,353166.0,1222.0276816608996,1222.0276816608996,1244.2926005172878,1188.4397929210463,0.0469967497966067,-0.9869070090442706,False,False,,
546,2.1885864,349484.0,1209.287197231834,1217.39446366782,1239.700226606473,1188.4397929210463,0.0431325457046793,-0.9640265706425656,False,False,,
547,2.1925948,351827.0,1217.39446366782,1212.7612456747404,1235.107852662771,1188.4397929210463,0.0392683415850793,-0.2463795946109312,False,False,,
548,2.1966032,350488.0,1212.7612456747404,1214.9653979238751,1237.352848928396,1188.4397929210463,0.0411573697706024,0.0724939060844462,False,False,,
549,2.2006116,351125.0,1214.9653979238751,1213.370242214533,1235.7985372026492,1188.4397929210463,0.0398495107313771,-0.1588528255812695,False,False,,
550,2.20462,350664.0,1213.370242214533,1213.370242214533,1235.839381153365,1188.4397929210463,0.0398838784384825,-0.5060545104637972,False,False,,
551,2.2086284000000003,349247.0,1208.4671280276816,1208.4671280276816,1230.9771108843345,1188.4397929210463,0.0357925729318909,-0.7501126006329191,False,False,,
552,2.2126368000000003,348575.0,1206.1418685121107,1206.1418685121107,1228.6926952537042,1188.4397929210463,0.0338703757417285,-1.270551942833278,False,False,,
553,2.2166452000000003,345725.0,1196.280276816609,1196.280276816609,1218.8719474102488,1188.4397929210463,0.025606812116585,-1.1263688261426803,False,False,,
554,2.2206536000000003,345450.0,1195.3287197231834,1195.3287197231834,1217.9612341359748,1188.4397929210463,0.0248405021363078,-0.0913010691966023,False,False,,
555,2.2246620000000004,343349.0,1188.0588235294117,1195.3287197231834,1218.0020779222536,1188.4397929210463,0.0248748697050497,-0.6415213084621101,False,False,,
556,2.2286704000000004,345986.0,1197.1833910034602,1189.134948096886,1211.849150049333,1188.4397929210463,0.0196975541106287,-0.6415213153665489,False,False,,
557,2.2326788000000004,343660.0,1189.134948096886,1189.134948096886,1211.88999376983,1188.4397929210463,0.0197319216240191,-0.3360855365168826,False,False,,
558,2.2366872000000004,341944.0,1183.19723183391,1185.8512110726645,1208.6471004332109,1188.4397929210463,0.0170032235814801,-0.6146458854809762,False,False,,
559,2.2406956000000005,342711.0,1185.8512110726645,1183.19723183391,1206.0339648491788,1188.4397929210463,0.0148044284892952,-0.1875442466701202,False,False,,
560,2.2447040000000005,340275.0,1177.4221453287198,1183.9826989619378,1206.860275599034,1188.4397929210463,0.0154997188647751,0.0009470339481807,False,False,,
561,2.2487124000000005,342171.0,1183.9826989619378,1183.1245674740485,1206.0429877000925,1188.4397929210463,0.014812020671051,-0.0814952123918832,False,False,,
562,2.2527208,341923.0,1183.1245674740485,1183.1245674740485,1206.0838312561457,1188.4397929210463,0.0148463880460718,-0.7842517536997948,False,False,,
563,2.2567292,338451.0,1171.1107266435986,1175.5709342560554,1198.5710415613107,1188.4397929210463,0.0085248312119901,-0.7842517606035146,False,False,,
564,2.2607376,339740.0,1175.5709342560554,1175.5709342560554,1198.611885051589,1188.4397929210463,0.0085591985316655,0.0085738214347641,False,False,,
565,2.264746,341782.0,1182.636678200692,1175.5709342560554,1198.65272850898,1188.4397929210463,0.0085935658236683,-0.4268810096285348,False,False,,
566,2.2687544,338541.0,1171.4221453287198,1171.4221453287198,1194.5447830061482,1188.4397929210463,0.0051369788536755,-0.4268810165322101,False,False,,
567,2.2727628,335994.0,1162.6089965397923,1171.4221453287198,1194.5856263977646,1188.4397929210463,0.0051713460903328,-0.7174263606566887,False,False,,
568,2.2767712,338774.0,1172.2283737024222,1164.5051903114186,1187.7095147391924,1188.4397929210463,-0.000614484794437,-0.6342577647816658,False,False,,
569,2.2807796,336542.0,1164.5051903114186,1165.297577854671,1188.5427456082796,1188.4397929210463,8.662844163119922e-05,0.0732201244472544,False,False,,
570,2.2847880000000003,336771.0,1165.297577854671,1165.121107266436,1188.4071183129986,1188.4397929210463,-2.7493700768313592e-05,-0.0099484852358827,False,False,,
571,2.2887964000000003,336720.0,1165.121107266436,1165.121107266436,1188.4479615730584,1188.4397929210463,6.8734251921740585e-06,0.0085737731075095,False,False,,
572,2.2928048000000003,335947.0,1162.4463667820069,1165.121107266436,1188.4888048002308,1188.4397929210463,4.124052347996965e-05,-0.2721656658849768,False,False,,
573,2.2968132000000003,337828.0,1168.955017301038,1162.4463667820069,1185.854907510094,1188.4397929210463,-0.0021750242850745,-0.9923549274246296,False,False,,
574,2.3008216000000004,333660.0,1154.5328719723184,1155.5847750865053,1179.0341589759903,1188.4397929210463,-0.0079142704586978,-0.8220227303833898,False,False,,
575,2.3048300000000004,333964.0,1155.5847750865053,1154.5328719723184,1178.023098990314,1188.4397929210463,-0.0087650161100121,0.0085737454928085,False,False,,
576,2.3088384000000004,332789.0,1151.5190311418685,1155.5847750865053,1179.115845200124,1188.4397929210463,-0.0078455364558311,0.2704277237593427,False,False,,
577,2.3128468000000004,334401.0,1157.096885813149,1157.0276816608996,1180.599594837254,1188.4397929210463,-0.0065970511341782,0.1600204887117713,False,False,,
578,2.3168552000000004,334381.0,1157.0276816608996,1157.0276816608996,1180.6404378671025,1188.4397929210463,-0.0065626842019265,0.0085737247825461,False,False,,
579,2.3208636000000005,332120.0,1149.204152249135,1157.0276816608996,1180.681280864071,1188.4397929210463,-0.0065283172973414,-0.8125800414413316,False,False,,
580,2.3248720000000005,335178.0,1159.7854671280277,1149.204152249135,1172.89859441638,1188.4397929210463,-0.0130769758781534,-1.0370263213495623,False,False,,
581,2.3288804,331502.0,1147.0657439446368,1147.0657439446368,1170.8010290430611,1188.4397929210463,-0.0148419499103367,-1.0323049665226507,False,False,,
582,2.3328888,327419.0,1132.9377162629758,1139.287197231834,1163.0633252285647,1188.4397929210463,-0.0213527583337723,-0.8078587004225339,False,False,,
583,2.3368972,329254.0,1139.287197231834,1139.287197231834,1163.1041680939766,1188.4397929210463,-0.0213183915398841,0.0670459393790765,False,False,,
584,2.3409056,329415.0,1139.8442906574394,1139.8442906574394,1163.7021043521063,1188.4397929210463,-0.0208152644469581,0.1494881719117953,False,False,,
585,2.344914,332612.0,1150.9065743944636,1140.629757785467,1164.5284142797714,1188.4397929210463,-0.0201199747633017,0.0910159158916861,False,False,,
586,2.3489224,329642.0,1140.629757785467,1140.629757785467,1164.569257046514,1188.4397929210463,-0.0200856080524377,0.0085736695516165,False,False,,
587,2.3529308,329064.0,1138.629757785467,1140.629757785467,1164.6100997803765,1188.4397929210463,-0.0200512413692403,-0.2013453434933039,False,False,,
588,2.3569392,330895.0,1144.9653979238751,1138.629757785467,1162.6509424813516,1188.4397929210463,-0.0216997534021548,-0.3484339273642156,False,False,,
589,2.3609476000000003,327184.0,1132.1245674740485,1137.2283737024222,1161.290401066402,1188.4397929210463,-0.0228445664781337,-0.4265179936459713,False,False,,
590,2.3649560000000003,328659.0,1137.2283737024222,1134.484429065744,1158.5872990649243,1188.4397929210463,-0.0251190628536158,-0.0070431699387154,False,False,,
591,2.3689644000000003,327866.0,1134.484429065744,1137.0795847750865,1161.2232973765726,1188.4397929210463,-0.0229010301628984,0.097189962886333,False,False,,
592,2.3729728000000003,328616.0,1137.0795847750865,1135.3287197231834,1159.5132748941028,1188.4397929210463,-0.0243399103591487,-0.1751962976610364,False,False,,
593,2.3769812000000003,328110.0,1135.3287197231834,1135.3287197231834,1159.554117430641,1188.4397929210463,-0.0243055438419874,-0.4366871080649384,False,False,,
594,2.3809896000000004,326884.0,1131.0865051903115,1131.0865051903115,1155.3527454014134,1188.4397929210463,-0.0278407435670837,-0.884853297631667,False,False,,
595,2.3849980000000004,324002.0,1121.1141868512111,1126.8166089965398,1151.1236916784055,1188.4397929210463,-0.031399235758441,-0.6081088708318068,False,False,,
596,2.3890064000000004,325650.0,1126.8166089965398,1125.2110726643598,1149.558997784102,1188.4397929210463,-0.0327158307627682,-0.1599426950724303,False,False,,
597,2.3930148000000004,325186.0,1125.2110726643598,1125.2110726643598,1149.5998401890913,1188.4397929210463,-0.0326814643562977,-0.292504012082313,False,False,,
598,2.3970232000000005,323553.0,1119.560553633218,1122.3425605536331,1146.7721704504738,1188.4397929210463,-0.0350607769268297,-0.292504018985988,False,False,,
599,2.4010316000000005,324357.0,1122.3425605536331,1122.3425605536331,1146.8130127896884,1188.4397929210463,-0.0350264105757045,0.5609729021956134,False,False,,
600,2.4050400000000005,325878.0,1127.60553633218,1127.60553633218,1152.1168308745623,1188.4397929210463,-0.0305635693645078,0.5609728952919095,False,False,,
601,2.4090484,327680.0,1133.840830449827,1127.60553633218,1152.1576731480025,1188.4397929210463,-0.0305292030687281,0.2134080287386304,False,False,,
602,2.4130568,323769.0,1120.3079584775087,1129.5570934256054,1154.1500724819878,1188.4397929210463,-0.0288527198797159,0.2134080218349661,False,False,,
603,2.4170652,326442.0,1129.5570934256054,1129.5570934256054,1154.190914689653,1188.4397929210463,-0.0288183536392815,0.008573552190664,False,False,,
604,2.4210736,326481.0,1129.6920415224913,1129.5570934256054,1154.2317568644382,1188.4397929210463,-0.0287839874265138,-1.1274587232462268,False,False,,
605,2.425082,323200.0,1118.3391003460208,1118.7335640138408,1143.4490695945642,1188.4397929210463,-0.0378569647318019,-1.1688614407046174,False,False,,
606,2.4290904,323314.0,1118.7335640138408,1118.3391003460208,1143.0954480357475,1188.4397929210463,-0.0381545158243546,-0.156674129064684,False,False,,
607,2.4330988,322859.0,1117.159169550173,1117.159169550173,1141.9563593160228,1188.4397929210463,-0.0391129898896877,-0.1327041456476365,False,False,,
608,2.4371072000000003,322811.0,1116.9930795847752,1116.9930795847752,1141.8311113938537,1188.4397929210463,-0.0392183784191826,-0.0844009902383549,False,False,,
609,2.4411156000000003,322603.0,1116.273356401384,1116.273356401384,1141.1522302208111,1188.4397929210463,-0.0397896157482306,-0.2681709229334199,False,False,,
610,2.4451240000000003,322049.0,1114.356401384083,1114.356401384083,1139.2761171809714,1188.4397929210463,-0.0413682510741552,-0.7275957443174184,False,False,,
611,2.4491324000000003,318299.0,1101.3806228373703,1109.2595155709344,1134.2200733123966,1188.4397929210463,-0.0456226053112745,-0.7595557383146341,False,False,,
612,2.4531408000000003,320576.0,1109.2595155709344,1107.038062283737,1132.039461936893,1188.4397929210463,-0.047457457517076,-0.224589143061336,False,False,,
613,2.4571492000000004,319934.0,1107.038062283737,1107.038062283737,1132.080303815685,1188.4397929210463,-0.0474230915533686,-0.0509883109763382,False,False,,
614,2.4611576000000004,319770.0,1106.470588235294,1106.470588235294,1131.5536716131542,1188.4397929210463,-0.0478662206085111,-0.0509883178784873,False,False,,
615,2.4651660000000004,317580.0,1098.892733564014,1106.470588235294,1131.594513426186,1188.4397929210463,-0.0478318547001369,0.0111157410487781,False,False,,
616,2.4691744000000004,320651.0,1109.5190311418685,1106.4948096885814,1131.6595766596106,1188.4397929210463,-0.0477771079356713,0.011115734145104,False,False,,
617,2.4731828000000005,319777.0,1106.4948096885814,1106.4948096885814,1131.7004184068678,1188.4397929210463,-0.0477427420826424,-0.2205941791921706,False,False,,
618,2.4771912000000005,318883.0,1103.401384083045,1104.311418685121,1129.55786911777,1188.4397929210463,-0.0495455673514191,-0.3161109657071561,False,False,,
619,2.4811996000000005,319146.0,1104.311418685121,1103.401384083045,1128.6886761971766,1188.4397929210463,-0.0502769404725235,-0.6298999368084779,False,False,,
620,2.4852080000000005,315442.0,1091.4948096885814,1098.2283737024222,1123.556507465149,1188.4397929210463,-0.0545953491648253,-1.241134696890457,False,False,,
621,2.4892164,317388.0,1098.2283737024222,1091.4948096885814,1116.863785067016,1188.4397929210463,-0.0602268691105543,0.0085734279266418,False,False,,
622,2.4932248,314261.0,1087.40830449827,1098.2283737024222,1123.6381906636775,1188.4397929210463,-0.0545266177078218,-0.0502620097641051,False,False,,
623,2.4972332,318382.0,1101.6678200692045,1090.9342560553632,1116.3849145665515,1188.4397929210463,-0.0606298095904312,-0.4751845723523908,False,False,,
624,2.5012416,315280.0,1090.9342560553632,1093.6193771626297,1119.1108771908714,1188.4397929210463,-0.0583360773874564,0.0085734072165379,False,False,,
625,2.50525,316056.0,1093.6193771626297,1090.9342560553632,1116.4665975677635,1188.4397929210463,-0.0605610782994577,0.0085734003120983,False,False,,
626,2.5092584,314745.0,1089.083044982699,1093.6193771626297,1119.1925601263013,1188.4397929210463,-0.0582673461518344,-0.1857288008564284,False,False,,
627,2.5132668,316119.0,1093.8373702422143,1089.083044982699,1114.697069364769,1188.4397929210463,-0.0620500289501635,-0.7028995080130755,False,False,,
628,2.5172752000000003,314097.0,1086.840830449827,1086.840830449827,1112.4956962173935,1188.4397929210463,-0.0639023509276737,-0.4032746359086232,False,False,,
629,2.5212836000000003,312348.0,1080.7889273356402,1085.159169550173,1110.854876670356,1188.4397929210463,-0.0652830010513157,-0.4686473436854452,False,False,,
630,2.5252920000000003,313611.0,1085.159169550173,1082.2941176470588,1108.0306660869785,1188.4397929210463,-0.0676594029525312,-0.2921410582274806,False,False,,
631,2.5293004000000003,312783.0,1082.2941176470588,1082.2941176470588,1108.0715073738204,1188.4397929210463,-0.0676250374869138,0.0085733588915744,False,False,,
632,2.5333088000000004,312622.0,1081.737024221453,1082.2941176470588,1108.112348627775,1188.4397929210463,-0.0675906720489692,0.0735828711918014,False,False,,
633,2.5373172000000004,312962.0,1082.9134948096885,1082.9134948096885,1108.7725670114792,1188.4397929210463,-0.0670351383251434,0.3125564041529802,False,False,,
634,2.5413256000000004,313620.0,1085.190311418685,1085.190311418685,1111.090224808663,1188.4397929210463,-0.0650849698681556,0.2475468780461671,False,False,,
635,2.5453340000000004,313640.0,1085.2595155709344,1085.190311418685,1111.1310659639628,1188.4397929210463,-0.0650506045132229,-0.8721422221720516,False,False,,
636,2.5493424000000005,309213.0,1069.9411764705883,1076.7993079584776,1102.780903626168,1188.4397929210463,-0.0720767596348645,-1.5919683020394313,False,False,,
637,2.5533508000000005,311195.0,1076.7993079584776,1069.9411764705883,1095.963613227811,1188.4397929210463,-0.0778130959970127,-0.7072577571058751,False,False,,
638,2.5573592000000005,308611.0,1067.8581314878893,1069.9792387543253,1096.042516568186,1188.4397929210463,-0.0777467036220309,0.0125683089549166,False,False,,
639,2.5613676000000005,309224.0,1069.9792387543253,1069.9792387543253,1096.0833575919437,1188.4397929210463,-0.0777123383777829,0.5468085408666976,False,False,,
640,2.5653760000000005,310706.0,1075.107266435986,1075.107266435986,1101.252226264475,1188.4397929210463,-0.0733630489116108,0.5468085339629916,False,False,,
641,2.5693844,311224.0,1076.8996539792388,1075.107266435986,1101.293067222458,1188.4397929210463,-0.0733286837227081,-0.5056919570228455,False,False,,
642,2.5733928,308532.0,1067.5847750865053,1070.2076124567477,1096.4342541683154,1188.4397929210463,-0.0774170801926718,-0.6687605344409491,False,False,,
643,2.5774012,309290.0,1070.2076124567477,1068.6539792387543,1094.921461842538,1188.4397929210463,-0.0786900031752143,0.0085732760520542,False,False,,
644,2.5814096,308841.0,1068.6539792387543,1070.2076124567477,1096.5159359198597,1188.4397929210463,-0.0773483499532177,0.0085732691483784,False,False,,
645,2.585418,309439.0,1070.7231833910034,1068.6539792387543,1095.0031435283076,1188.4397929210463,-0.0786212729911056,-0.3872947597193814,False,False,,
646,2.5894264,308200.0,1066.4359861591695,1066.4359861591695,1092.8259912422693,1188.4397929210463,-0.080453214582936,-0.2601811815881891,False,False,,
647,2.5934348000000003,308101.0,1066.0934256055364,1066.0934256055364,1092.52427144931,1188.4397929210463,-0.0807070934876618,-0.0273817370421802,False,False,,
648,2.5974432000000003,308040.0,1065.8823529411766,1066.0934256055364,1092.5651121770964,1188.4397929210463,-0.0806727284924558,-0.0135808404286343,False,False,,
649,2.6014516000000003,308694.0,1068.1453287197232,1065.8823529411766,1092.3948802076284,1188.4397929210463,-0.0808159683692101,-1.168498562784892,False,False,,
650,2.6054600000000003,304860.0,1054.878892733564,1054.878892733564,1081.4322606620276,1188.4397929210463,-0.0900403477705897,-1.1463444877239652,False,False,,
651,2.6094684000000004,304337.0,1053.069204152249,1054.878892733564,1081.4731012911593,1188.4397929210463,-0.0900059828583956,0.2017858700767387,False,False,,
652,2.6134768000000004,305490.0,1057.0588235294117,1056.719723183391,1083.3547723372233,1188.4397929210463,-0.0884226708073585,0.2373776669826153,False,False,,
653,2.6174852000000004,305392.0,1056.719723183391,1057.0588235294117,1083.7347132466011,1188.4397929210463,-0.0881029735777294,0.0085732070183563,False,False,,
654,2.6214936000000004,306717.0,1061.3044982698962,1056.719723183391,1083.43645343105,1188.4397929210463,-0.0883539411213338,0.1189804282585758,False,False,,
655,2.6255020000000004,304579.0,1053.9065743944636,1058.1107266435986,1084.86829738884,1188.4397929210463,-0.087149131280466,0.1545722251644488,False,False,,
656,2.6295104000000005,305794.0,1058.1107266435986,1058.1107266435986,1084.9091378535352,1188.4397929210463,-0.0871147665066354,0.4607343673579223,False,False,,
657,2.6335188000000005,307039.0,1062.4186851211073,1062.4186851211073,1089.257936762859,1188.4397929210463,-0.083455516004231,0.460734360455012,False,False,,
658,2.6375272000000005,307564.0,1064.235294117647,1062.4186851211073,1089.2987771617866,1188.4397929210463,-0.0834211512857396,-1.237503142504096,False,False,,
659,2.6415356000000005,302606.0,1047.0795847750865,1050.546712802768,1077.4676452094875,1188.4397929210463,-0.0933763311970579,-1.27563722491716,False,False,,
660,2.645544,303608.0,1050.546712802768,1050.1833910034602,1077.1451637433402,1188.4397929210463,-0.0936476797904561,0.0085731586956754,False,False,,
661,2.6495524,303503.0,1050.1833910034602,1050.546712802768,1077.549325842921,1188.4397929210463,-0.0933076018984264,0.0085731517912446,False,False,,
662,2.6535608,303756.0,1051.0588235294117,1050.1833910034602,1077.2268443109915,1188.4397929210463,-0.0935789505471761,0.0623240322734144,False,False,,
663,2.6575692,302832.0,1047.8615916955018,1051.0588235294117,1078.143117071441,1188.4397929210463,-0.0928079625964968,0.2126812373830002,False,False,,
664,2.6615776,304065.0,1052.1280276816608,1052.1280276816608,1079.2531614253087,1188.4397929210463,-0.091873927603324,0.1207962675840264,False,False,,
665,2.665586,305438.0,1056.878892733564,1052.1280276816608,1079.2940015940396,1188.4397929210463,-0.0918395630785292,0.2061439534889704,False,False,,
666,2.6695944000000003,302145.0,1045.484429065744,1054.0103806228374,1081.2171946710598,1188.4397929210463,-0.0902213127569936,-0.1726545368162817,False,False,,
667,2.6736028000000003,304609.0,1054.0103806228374,1050.401384083045,1077.6490382342238,1188.4397929210463,-0.093223699969278,-0.3233749374024857,False,False,,
668,2.6776112000000003,303566.0,1050.401384083045,1050.847750865052,1078.1362450863069,1188.4397929210463,-0.0928137449551619,0.0085731034693363,False,False,,
669,2.6816196000000003,303695.0,1050.847750865052,1050.401384083045,1077.730718341489,1188.4397929210463,-0.093154971113385,-0.8401824697905358,False,False,,
670,2.6856280000000003,301358.0,1042.7612456747404,1042.7612456747404,1070.1314199374858,1188.4397929210463,-0.0995493197789787,-0.7933320410666056,False,False,,
671,2.6896364000000004,301206.0,1042.235294117647,1042.7612456747404,1070.172259908907,1188.4397929210463,-0.0995149554202078,-0.0466305313121004,False,False,,
672,2.6936448000000004,301511.0,1043.2906574394465,1042.235294117647,1069.6871482903482,1188.4397929210463,-0.0999231474224015,-0.7406707125018972,False,False,,
673,2.6976532000000004,299295.0,1035.6228373702422,1035.6228373702422,1063.1155314485902,1188.4397929210463,-0.1054527643881931,-0.6854671053336361,False,False,,
674,2.7016616000000004,297484.0,1029.356401384083,1035.6228373702422,1063.1563713213498,1188.4397929210463,-0.1054184001124403,0.1215225618941602,False,False,,
675,2.7056700000000005,299606.0,1036.6989619377164,1036.6989619377164,1064.2733357287034,1188.4397929210463,-0.104478542314,0.1629252655452013,False,False,,
676,2.7096784000000005,301877.0,1044.5570934256054,1037.0934256055364,1064.7086392035155,1188.4397929210463,-0.1041122608436175,0.2184920543857575,False,False,,
677,2.7136868000000005,299720.0,1037.0934256055364,1038.6989619377164,1066.3550153098076,1188.4397929210463,-0.1027269352124002,0.0085730413408384,False,False,,
678,2.7176952000000005,300184.0,1038.6989619377164,1037.0934256055364,1064.7903187188524,1188.4397929210463,-0.1040435324857963,0.0085730344371643,False,False,,
679,2.721703600000001,298838.0,1034.0415224913495,1038.6989619377164,1066.43669475937,1188.4397929210463,-0.1026582069099243,0.126607070779416,False,False,,
680,2.725712,302372.0,1046.2698961937715,1038.2179930795849,1065.9965655766885,1188.4397929210463,-0.1030285489207717,-0.0419092317115445,False,False,,
681,2.7297204,300045.0,1038.2179930795849,1038.2179930795849,1066.0374052192583,1188.4397929210463,-0.1029941848387094,-0.1929928139692496,False,False,,
682,2.7337288,299490.0,1036.297577854671,1036.297577854671,1064.1578296040277,1188.4397929210463,-0.1045757337118004,-0.1929928208721634,False,False,,
683,2.7377372,297724.0,1030.1868512110727,1036.297577854671,1064.1986691808304,1188.4397929210463,-0.1045413696850773,-0.6328058319930108,False,False,,
684,2.7417456,299528.0,1036.4290657439446,1030.1868512110727,1058.1287820811472,1188.4397929210463,-0.109648811505722,-0.0477201660683714,False,False,,
685,2.7457540000000003,297488.0,1029.370242214533,1035.7612456747404,1063.7440160558428,1188.4397929210463,-0.1049239327124143,-0.0749587983364818,False,False,,
686,2.7497624000000003,299335.0,1035.7612456747404,1029.3910034602077,1057.4146133194508,1188.4397929210463,-0.1102497412002259,0.0085729792123423,False,False,,
687,2.7537708000000003,297494.0,1029.3910034602077,1035.7612456747404,1063.8256949792517,1188.4397929210463,-0.1048552048526648,0.1672833627654952,False,False,,
688,2.7577792000000003,299341.0,1035.7820069204151,1030.903114186851,1059.0084029037282,1188.4397929210463,-0.1089086639376075,-0.2405696612618104,False,False,,
689,2.7617876000000003,297931.0,1030.903114186851,1033.3875432525952,1061.5336713489655,1188.4397929210463,-0.1067838037130685,0.0085729585028442,False,False,,
690,2.7657960000000004,298649.0,1033.3875432525952,1030.903114186851,1059.0900816298274,1188.4397929210463,-0.1088399362438819,0.0085729515999322,False,False,,
691,2.7698044000000004,297616.0,1029.8131487889273,1033.3875432525952,1061.6153500092971,1188.4397929210463,-0.1067150760746821,0.7625380947841869,False,False,,
692,2.7738128000000004,302468.0,1046.6020761245677,1038.0865051903115,1066.355151227845,1188.4397929210463,-0.102726820845616,0.5017736477248569,False,False,,
693,2.7778212000000004,300007.0,1038.0865051903115,1038.0865051903115,1066.3959904757962,1188.4397929210463,-0.1026924570956015,-0.3829369110145713,False,False,,
694,2.7818296000000005,298929.0,1034.356401384083,1034.356401384083,1062.706725884639,1188.4397929210463,-0.1057967494738376,-0.6585918066056973,False,False,,
695,2.7858380000000005,298170.0,1031.7301038062285,1031.7301038062285,1060.121267488968,1188.4397929210463,-0.1079722558907981,-0.4101755501855901,False,False,,
696,2.7898464000000005,295760.0,1023.3910034602076,1030.3667820069204,1058.7987848389566,1188.4397929210463,-0.1090850448245655,-0.8666949181966253,False,False,,
697,2.7938548000000005,297776.0,1030.3667820069204,1023.3910034602076,1051.8638454086604,1188.4397929210463,-0.1149203757109968,-0.9741966998712304,False,False,,
698,2.7978632000000005,294516.0,1019.0865051903114,1021.0034602076124,1049.5171412395944,1188.4397929210463,-0.1168949849280932,-0.2420224569785674,False,False,,
699,2.801871600000001,295070.0,1021.0034602076124,1021.0034602076124,1049.5579802902362,1188.4397929210463,-0.1168606213441026,0.3052923151081792,False,False,,
700,2.80588,295887.0,1023.8304498269896,1023.8304498269896,1052.4258089273749,1188.4397929210463,-0.1144475174963343,0.7367521339781096,False,False,,
701,2.8098884,297075.0,1027.9411764705883,1027.9411764705883,1056.577374555848,1188.4397929210463,-0.110954226836427,0.4948731338396737,False,False,,
702,2.8138968,297226.0,1028.4636678200693,1028.4636678200693,1057.1407048573308,1188.4397929210463,-0.1104802185569684,0.0634133011631288,False,False,,
703,2.8179052,297430.0,1029.1695501730103,1028.4636678200693,1057.1815437764303,1188.4397929210463,-0.1104458550836625,-0.3705888032140816,False,False,,
704,2.8219136,293775.0,1016.522491349481,1024.8512110726645,1053.6099259152527,1188.4397929210463,-0.1134511548745751,-0.3705888101162298,False,False,,
705,2.8259220000000003,296182.0,1024.8512110726645,1024.8512110726645,1053.6507647685924,1188.4397929210463,-0.1134167914566023,0.0300005666732356,False,False,,
706,2.8299304000000003,296241.0,1025.0553633217994,1025.0553633217994,1053.8957558381796,1188.4397929210463,-0.1132106463316691,0.1237014310247754,False,False,,
707,2.8339388000000003,296499.0,1025.9480968858131,1025.9480968858131,1054.829328189773,1188.4397929210463,-0.1124251018243629,0.5322808045885861,False,False,,
708,2.8379472000000003,297852.0,1030.629757785467,1030.044982698962,1058.9670527576068,1188.4397929210463,-0.1089434575774433,0.4999576289190948,False,False,,
709,2.8419556000000004,297683.0,1030.044982698962,1030.629757785467,1059.5926665659167,1188.4397929210463,-0.1084170415048442,2.5671876963419873,False,False,,
710,2.8459640000000004,304728.0,1054.4221453287198,1054.4221453287198,1083.425892798087,1188.4397929210463,-0.0883628272534087,7.633208825554783,True,False,710.0,2.0
711,2.8499724000000004,318846.0,1103.273356401384,1103.273356401384,1132.3179425267888,1188.4397929210463,-0.0472231329921363,14.228587973563394,False,False,,
712,2.8539808000000004,343882.0,1189.903114186851,1189.903114186851,1218.988538935406,1188.4397929210463,0.0257049168130549,17.68789338794457,False,False,,
713,2.8579892000000005,367525.0,1271.712802768166,1271.712802768166,1300.839066106984,1188.4397929210463,0.0945771707203385,16.603796091536665,False,False,,
714,2.8619976000000005,389576.0,1348.01384083045,1348.01384083045,1377.1809427266503,1188.4397929210463,0.1588142293196868,16.97714684296244,False,False,,
715,2.8660060000000005,414247.0,1433.3806228373703,1433.3806228373703,1462.5885632580664,1188.4397929210463,0.2306795615310005,14.68038594532931,False,False,,
716,2.8700144000000005,429974.0,1487.7993079584776,1487.7993079584776,1517.0480868707891,1188.4397929210463,0.2765039473662035,11.39794999117472,False,False,,
717,2.8740228000000005,445607.0,1541.892733564014,1541.892733564014,1571.1823509350536,1188.4397929210463,0.3220546470202506,10.13516731237678,False,False,,
718,2.878031200000001,457857.0,1584.280276816609,1584.280276816609,1613.610732613504,1188.4397929210463,0.3577555566760662,11.47748676343474,False,False,,
719,2.8820396,477186.0,1651.1626297577857,1651.1626297577857,1680.5339239476411,1188.4397929210463,0.4140673629053474,11.111399631632928,False,False,,
720,2.886048,488428.0,1690.0622837370242,1690.0622837370242,1719.4744162869606,1188.4397929210463,0.4468334252429339,7.671342832035123,False,False,,
721,2.8900564,498285.0,1724.1695501730103,1724.1695501730103,1753.62252105014,1188.4397929210463,0.4755669841212069,9.048164541887168,False,False,,
722,2.8940648,513318.0,1776.1868512110727,1776.1868512110727,1805.6806603825155,1188.4397929210463,0.5193707507423354,9.274789898016472,False,False,,
723,2.8980732,523799.0,1812.453287197232,1812.453287197232,1841.9879346301009,1188.4397929210463,0.5499211197756257,6.575260526660998,False,False,,
724,2.9020816000000003,531399.0,1838.750865051903,1838.750865051903,1868.326350713318,1188.4397929210463,0.5720832993324716,5.641883623936366,False,False,,
725,2.9060900000000003,539310.0,1866.1245674740485,1866.1245674740485,1895.740891331122,1188.4397929210463,0.5951509724119991,4.8065657725237685,False,False,,
726,2.9100984000000003,544610.0,1884.4636678200693,1884.4636678200693,1914.1208298399213,1188.4397929210463,0.6106165758176404,4.116520589721489,False,False,,
727,2.9141068000000003,550621.0,1905.262975778547,1905.262975778547,1934.9609759282896,1188.4397929210463,0.6281522946756786,6.170312935297915,False,False,,
728,2.9181152000000004,561576.0,1943.1695501730103,1943.1695501730103,1972.9083884197648,1188.4397929210463,0.660082740557337,6.119830676052899,False,False,,
729,2.9221236000000004,567448.0,1963.4878892733564,1963.4878892733564,1993.2675655842345,1188.4397929210463,0.6772137532394598,6.97548668726516,False,False,,
730,2.9261320000000004,580759.0,2009.546712802768,2009.546712802768,2039.36722714489,1188.4397929210463,0.7160038222318047,6.0330302427523606,False,False,,
731,2.9301404000000004,584036.0,2020.8858131487889,2020.8858131487889,2050.747165489267,1188.4397929210463,0.7255793500895571,2.533048467354533,False,False,,
732,2.9341488000000004,587710.0,2033.598615916955,2033.598615916955,2063.500806222917,1188.4397929210463,0.7363107651848926,2.9870255498590694,False,False,,
733,2.9381572000000005,592237.0,2049.2629757785467,2049.2629757785467,2079.2060040170977,1188.4397929210463,0.7495257365176674,2.067812732322338,False,False,,
734,2.9421656000000005,593380.0,2053.2179930795846,2053.2179930795846,2083.2018592178374,1188.4397929210463,0.7528880062973744,2.6859479303574147,False,False,,
735,2.9461740000000005,599609.0,2074.7716262975778,2074.7716262975778,2104.7963303026595,1188.4397929210463,0.771058443885757,3.0197118795876747,False,False,,
736,2.9501824000000005,601671.0,2081.906574394464,2081.906574394464,2111.972116233487,1188.4397929210463,0.777096432493653,2.54939160805786,False,False,,
737,2.954190800000001,606605.0,2098.9792387543253,2098.9792387543253,2129.085618394403,1188.4397929210463,0.7914964065292353,2.480023901894228,False,False,,
738,2.9581992000000006,608476.0,2105.453287197232,2105.453287197232,2135.600504605491,1188.4397929210463,0.7969782881103588,1.8317446113176177,False,False,,
739,2.9622076,611625.0,2116.349480968858,2116.349480968858,2146.5375361124043,1188.4397929210463,0.8061811367292453,2.633286553472459,False,False,,
740,2.966216,615703.0,2130.4602076124565,2130.4602076124565,2160.6891004584168,1188.4397929210463,0.8180888197522359,1.7416755429739794,False,False,,
741,2.9702244,616397.0,2132.861591695502,2132.861591695502,2163.131322210989,1188.4397929210463,0.8201438012221591,0.6459564330764778,False,False,,
742,2.9742328,617458.0,2136.5328719723184,2136.5328719723184,2166.843440124445,1188.4397929210463,0.8232673232849235,1.3955633962031158,False,False,,
743,2.9782412000000003,622398.0,2153.6262975778545,2146.076124567474,2176.42753032336,1188.4397929210463,0.8313317538568403,1.8026900430808157,False,False,,
744,2.9822496000000003,620216.0,2146.076124567474,2153.6262975778545,2184.018540904613,1188.4397929210463,0.8377191288222938,1.508512882241888,False,False,,
745,2.9862580000000003,624346.0,2160.3667820069204,2160.3667820069204,2190.7998628716705,1188.4397929210463,0.8434251999311972,1.6352632787023254,False,False,,
746,2.9902664000000003,626877.0,2169.1245674740485,2169.1245674740485,2199.5984858439106,1188.4397929210463,0.8508287074749947,1.2982306806233057,False,False,,
747,2.9942748000000003,627897.0,2172.6539792387543,2172.6539792387543,2203.168735080841,1188.4397929210463,0.8538328556516182,2.5922469693666557,False,False,,
748,2.9982832000000004,636140.0,2201.176470588235,2193.740484429066,2224.29607771049,1188.4397929210463,0.8716102329790134,3.00227906961652,False,False,,
749,3.0022916000000004,633991.0,2193.740484429066,2201.176470588235,2231.7729012761165,1188.4397929210463,0.8779015264969201,1.236852957426649,False,False,,
750,3.0063000000000004,637373.0,2205.4429065743943,2205.4429065743943,2236.080174635853,1188.4397929210463,0.8815258357681114,0.8195572099412232,False,False,,
751,3.0103084000000004,638373.0,2208.9031141868513,2208.9031141868513,2239.581219589007,1188.4397929210463,0.8844717527375769,1.5753382614838358,False,False,,
752,3.0143168000000005,641687.0,2220.370242214533,2220.370242214533,2251.0891849244986,1188.4397929210463,0.8941550075427751,2.1626030174383715,False,False,,
753,3.0183252000000005,645270.0,2232.7681660899652,2229.425605536332,2260.1853855212275,1188.4397929210463,0.901808908607777,1.3098524457924725,False,False,,
754,3.0223336000000005,644304.0,2229.425605536332,2232.7681660899652,2263.568783316903,1188.4397929210463,0.9046558326302044,1.0432770919895376,False,False,,
755,3.0263420000000005,650115.0,2249.5328719723184,2239.2837370242214,2270.1251914603217,1188.4397929210463,0.9101726523988388,1.03601345165616,False,False,,
756,3.030350400000001,647153.0,2239.2837370242214,2242.5570934256057,2273.439385037981,1188.4397929210463,0.9129613452694414,0.3521423572698268,False,False,,
757,3.034358800000001,648099.0,2242.5570934256057,2242.5570934256057,2273.480222181376,1188.4397929210463,0.9129957072485996,0.7501894623600691,False,False,,
758,3.0383672000000006,650141.0,2249.622837370242,2249.622837370242,2280.586803236527,1188.4397929210463,0.9189754641512896,0.7501894554578854,False,False,,
759,3.0423756,650329.0,2250.2733564013843,2249.622837370242,2280.6276403141624,1188.4397929210463,0.9190098260751146,0.0768506295459587,False,False,,
760,3.046384,648966.0,2245.5570934256057,2250.2733564013843,2281.318996390052,1188.4397929210463,0.9195915602782336,0.1200692415538355,False,True,710.0,2.0
761,3.0503924,650448.0,2250.6851211072662,2250.6851211072662,2281.7715981077945,1188.4397929210463,0.9199723971708034,1.3367278342636697,False,False,,
762,3.0544008,654853.0,2265.9273356401386,2262.9273356401386,2294.0546496196544,1188.4397929210463,0.9303078399799588,1.3527078209086767,False,False,,
763,3.0584092000000003,653986.0,2262.9273356401386,2263.491349480969,2294.659500406585,1188.4397929210463,0.9308167852294642,0.0677710601468675,False,False,,
764,3.0624176000000003,654149.0,2263.491349480969,2263.491349480969,2294.700337319805,1188.4397929210463,0.930851147014944,0.7033389784136688,False,False,,
765,3.0664260000000003,656062.0,2270.110726643599,2270.110726643599,2301.3605513627604,1188.4397929210463,0.9364553131516108,0.7033389715115135,False,False,,
766,3.0704344000000003,656347.0,2271.0968858131487,2270.110726643599,2301.4013882102204,1188.4397929210463,0.9364896748817576,-0.0204821067419231,False,False,,
767,3.0744428000000004,655982.0,2269.833910034602,2269.833910034602,2301.165408415789,1188.4397929210463,0.9362911121982822,-0.2358488448604703,False,False,,
768,3.0784512000000004,655389.0,2267.7820069204154,2267.7820069204154,2299.1543420832877,1188.4397929210463,0.93459892186228,-0.6811095810534624,False,False,,
769,3.0824596000000004,654083.0,2263.2629757785467,2263.2629757785467,2294.6761476902243,1188.4397929210463,0.9308307929088928,-0.4657428567414854,False,False,,
770,3.0864680000000004,652926.0,2259.259515570934,2263.2629757785467,2294.7169844061423,1188.4397929210463,0.9308651545283548,0.2148595887960738,False,False,,
771,3.0904764000000005,654651.0,2265.2283737024222,2265.2283737024222,2296.723219013063,1188.4397929210463,0.9325532792603533,0.2148595818931511,False,False,,
772,3.0944848000000005,659713.0,2282.7439446366784,2265.2283737024222,2296.7640556632136,1188.4397929210463,0.932587640824476,0.672468481112162,False,False,,
773,3.0984932000000005,653210.0,2260.242214532872,2271.553633217993,2303.130151796055,1188.4397929210463,0.9379443245797332,0.6724684742100067,False,False,,
774,3.1025016000000005,656479.0,2271.553633217993,2271.553633217993,2303.1709883804456,1188.4397929210463,0.9379786860885228,0.0085723717584045,False,False,,
775,3.1065100000000005,656642.0,2272.1176470588234,2271.553633217993,2303.211824931956,1188.4397929210463,0.938013047569646,-0.5681601295269729,False,False,,
776,3.110518400000001,654891.0,2266.0588235294117,2266.0588235294117,2297.757851762005,1188.4397929210463,0.933423859962131,-1.2117180583738758,False,False,,
777,3.1145268000000006,648420.0,2243.667820069204,2259.9273356401386,2291.667200358475,1188.4397929210463,0.9282989462392742,-0.6349855708935195,False,False,,
778,3.1185352,653119.0,2259.9273356401386,2259.9273356401386,2291.708036811338,1188.4397929210463,0.9283333076373916,0.0085723441483196,False,False,,
779,3.1225436,655457.0,2268.017301038062,2259.9273356401386,2291.748873231321,1188.4397929210463,0.9283676690078424,0.2086854382561682,False,False,,
780,3.126552,650478.0,2250.78892733564,2261.833910034602,2293.69628401288,1188.4397929210463,0.9300062970588036,-0.1548594218442218,False,False,,
781,3.1305604,653670.0,2261.833910034602,2258.370242214533,2290.2734525470264,1188.4397929210463,0.9271261919948016,-0.3386293545385115,False,False,,
782,3.1345688000000003,652669.0,2258.370242214533,2258.5259515570933,2290.4699982109223,1188.4397929210463,0.9272915732493392,0.0085723165374105,False,False,,
783,3.1385772000000003,652714.0,2258.5259515570933,2258.370242214533,2290.35512515681,1188.4397929210463,0.9271949145420186,-2.2362536020674924,False,False,,
784,3.1425856000000003,646183.0,2235.9273356401386,2237.138408304498,2269.1641275023435,1188.4397929210463,0.9093639753722844,-2.2199104337509965,False,False,,
785,3.1465940000000003,646533.0,2237.138408304498,2237.138408304498,2269.2049637250316,1188.4397929210463,0.9093983365767236,0.0256418343919193,False,False,,
786,3.1506024000000004,646580.0,2237.3010380622836,2237.3010380622836,2269.408429672625,1188.4397929210463,0.9095695408302376,0.0256418274890108,False,False,,
787,3.1546108000000004,646672.0,2237.61937716263,2237.3010380622836,2269.4492658295458,1188.4397929210463,0.9096039019793374,0.0419849958047962,False,False,,
788,3.1586192000000004,644292.0,2229.3840830449826,2237.61937716263,2269.8084410539327,1188.4397929210463,0.9099061261446056,-0.320833500952574,False,False,,
789,3.1626276000000004,647289.0,2239.7543252595156,2234.1626297577855,2266.3925297402416,1188.4397929210463,0.9070318439689008,-0.3542462216351367,False,False,,
790,3.1666360000000005,645673.0,2234.1626297577855,2234.1626297577855,2266.433365798522,1188.4397929210463,0.9070662050350008,-0.0172136373611806,False,False,,
791,3.1706444000000005,645602.0,2233.916955017301,2233.916955017301,2266.228527083431,1188.4397929210463,0.9068938456809036,-0.1450535926412044,False,False,,
792,3.1746528000000005,641141.0,2218.4809688581313,2232.6989619377164,2265.0513699963594,1188.4397929210463,0.9059033393935148,-0.6604083914387218,False,False,,
793,3.1786612000000005,645250.0,2232.6989619377164,2227.5432525951555,2259.9364966134317,1188.4397929210463,0.9015994836884176,-0.5325684499645291,False,False,,
794,3.1826696000000005,643760.0,2227.5432525951555,2227.5432525951555,2259.9773325401775,1188.4397929210463,0.9016338446438392,0.0085722337070421,False,False,,
795,3.186678000000001,643162.0,2225.4740484429067,2227.5432525951555,2260.0181684340505,1188.4397929210463,0.9016682055716004,0.2635257602161402,False,False,,
796,3.1906864000000006,644462.0,2229.9723183391,2229.9723183391,2262.488070038981,1188.4397929210463,0.90374647795834,0.2635257533124644,False,False,,
797,3.1946948000000006,644865.0,2231.3667820069204,2229.9723183391,2262.528905867079,1188.4397929210463,0.9037808388307556,-1.234961830306787,False,False,,
798,3.1987032,639028.0,2211.1695501730105,2218.1245674740485,2250.721990797246,1188.4397929210463,0.8938460359571382,-1.2349618372081466,False,False,,
799,3.2027116,641038.0,2218.1245674740485,2218.1245674740485,2250.7628265595913,1188.4397929210463,0.8938803967742269,0.0085721991947878,False,False,,
800,3.20672,641782.0,2220.6989619377164,2218.1245674740485,2250.8036622890495,1188.4397929210463,0.893914757563643,0.2787793559064369,False,False,,
801,3.2107284000000003,636291.0,2201.6989619377164,2220.6989619377164,2253.4188924492883,1188.4397929210463,0.8961153151146577,0.3801070353599982,False,False,,
802,3.2147368000000003,642061.0,2221.6643598615915,2221.6643598615915,2254.4251260368615,1188.4397929210463,0.896961999644717,0.1098998648432854,False,False,,
803,3.2187452000000003,642490.0,2223.148788927336,2221.6643598615915,2254.4659616676795,1188.4397929210463,0.8969963603511334,-0.5362003357050042,False,False,,
804,3.2227536000000003,639480.0,2212.733564013841,2216.4740484429067,2249.316485846918,1188.4397929210463,0.8926633887934371,-0.928799729527512,False,False,,
805,3.2267620000000004,640561.0,2216.4740484429067,2212.733564013841,2245.616836982903,1188.4397929210463,0.8895503586794572,-2.3441187103656347,False,False,,
806,3.2307704000000004,634083.0,2194.0588235294117,2194.0588235294117,2226.9829320306444,1188.4397929210463,0.8738710579161778,-1.9515193303481768,False,False,,
807,3.2347788000000004,630940.0,2183.18339100346,2194.0588235294117,2227.023767529935,1188.4397929210463,0.8739054185119218,0.2947593011370486,False,False,,
808,3.2387872000000004,634871.0,2196.785467128028,2196.785467128028,2229.7912465949544,1188.4397929210463,0.8762340842815333,0.2947592942341117,False,False,,
809,3.2427956000000004,636117.0,2201.0968858131487,2196.785467128028,2229.8320820284775,1188.4397929210463,0.8762684448219379,0.2809583838139105,False,False,,
810,3.2468040000000005,632047.0,2187.0138408304497,2199.38062283737,2232.468073138463,1188.4397929210463,0.8784864714528927,0.2366502129856371,False,False,,
811,3.2508124000000005,635621.0,2199.38062283737,2198.9584775086505,2232.0867631775063,1188.4397929210463,0.8781656222494011,-0.0357360475617127,False,False,,
812,3.2548208000000005,635499.0,2198.9584775086505,2198.9584775086505,2232.127598512382,1188.4397929210463,0.8781999827067999,-0.4519422500334116,False,False,,
813,3.2588292000000005,634231.0,2194.5709342560554,2194.5709342560554,2227.7808905617826,1188.4397929210463,0.8745424916193333,-2.138194757829865,False,False,,
814,3.262837600000001,629588.0,2178.5051903114186,2178.5051903114186,2211.7559818862687,1188.4397929210463,0.8610585029722294,-1.738694926054194,False,False,,
815,3.2668460000000006,629109.0,2176.8477508650517,2177.923875432526,2211.2155022436045,1188.4397929210463,0.8606037221361419,-0.1653919319058729,False,False,,
816,3.2708544000000006,629420.0,2177.923875432526,2176.8477508650517,2210.180212879493,1188.4397929210463,0.8597325889325264,-1.3155882925299949,False,False,,
817,3.2748628000000006,625399.0,2164.010380622837,2165.3079584775087,2198.6812556624254,1188.4397929210463,0.8500569139125874,-1.2026387995890104,False,False,,
818,3.2788712,625774.0,2165.3079584775087,2165.3079584775087,2198.7220908000136,1188.4397929210463,0.8500912742039807,0.1894365404669997,False,False,,
819,3.2828796,627258.0,2170.4429065743943,2167.031141868512,2200.486109295725,1188.4397929210463,0.8515755887702033,0.5475336616894708,False,False,,
820,3.2868880000000003,626272.0,2167.031141868512,2170.4429065743943,2203.9387090734353,1188.4397929210463,0.8544807420630128,0.0085720542435723,False,False,,
821,3.2908964000000003,627842.0,2172.463667820069,2167.031141868512,2200.567779406508,1188.4397929210463,0.8516443092146632,-0.4523054938250368,False,False,,
822,3.2949048000000003,625989.0,2166.051903114186,2166.051903114186,2199.629375658251,1188.4397929210463,0.8508546993801163,-0.7344976595043704,False,False,,
823,3.2989132000000003,623799.0,2158.4740484429067,2159.9515570934254,2193.5698646106703,1188.4397929210463,0.8457559883779485,-0.7867958271062179,False,False,,
824,3.3029216000000003,624226.0,2159.9515570934254,2158.4740484429067,2192.1331909004593,1188.4397929210463,0.8445471145933711,-0.9306157759326794,False,False,,
825,3.3069300000000004,620940.0,2148.581314878893,2151.0034602076125,2184.7034375725857,1188.4397929210463,0.8382954278254514,-1.0297643791622022,False,False,,
826,3.3109384000000004,621640.0,2151.0034602076125,2148.581314878893,2182.3221271184066,1188.4397929210463,0.8362916995185036,-1.3951251476194813,False,False,,
827,3.3149468000000004,614833.0,2127.4498269896194,2137.629757785467,2171.411404866641,1188.4397929210463,0.8271109885420155,-1.1408979844527067,False,False,,
828,3.3189552000000004,617775.0,2137.629757785467,2137.629757785467,2171.4522396754287,1188.4397929210463,0.827145348556743,1.442050056537866,False,False,,
829,3.3229636000000005,621722.0,2151.287197231834,2151.287197231834,2185.150513897696,1188.4397929210463,0.8386716154352682,1.44205004963419,False,False,,
830,3.3269720000000005,624128.0,2159.612456747405,2151.287197231834,2185.191348640709,1188.4397929210463,0.8387059753946504,-2.426561122362571,False,False,,
831,3.3309804000000005,614965.0,2127.906574394464,2128.0865051903115,2162.0314913093266,1188.4397929210463,0.8192183602295119,-2.426561129263945,False,False,,
832,3.3349888000000005,615017.0,2128.0865051903115,2128.0865051903115,2162.0723259865867,1188.4397929210463,0.8192527201335671,0.0085719714155061,False,False,,
833,3.338997200000001,615055.0,2128.2179930795846,2128.0865051903115,2162.113160630967,1188.4397929210463,0.8192870800099558,-0.3800324240209818,False,False,,
834,3.343005600000001,613947.0,2124.3840830449826,2124.3840830449826,2158.4515730971234,1188.4397929210463,0.8162060761966757,-0.5627128117007061,False,False,,
835,3.3470140000000006,613444.0,2122.6435986159167,2122.6435986159167,2156.7519232466775,1188.4397929210463,0.8147759239411135,-0.5619864552589604,False,False,,
836,3.3510224000000006,611483.0,2115.8581314878893,2118.948096885814,2153.0972560623068,1188.4397929210463,0.8117007431821557,-0.7036273140570444,False,False,,
837,3.3550308,612376.0,2118.948096885814,2115.8581314878893,2150.0481251772353,1188.4397929210463,0.8091350844897813,-1.4081997637195514,False,False,,
838,3.3590392,608274.0,2104.7543252595156,2105.4498269896194,2139.680655158938,1188.4397929210463,0.8004114873163685,-1.083878537949019,False,False,,
839,3.3630476,608475.0,2105.4498269896194,2105.4498269896194,2139.7214896060304,1188.4397929210463,0.8004458470267516,0.0085719230989411,False,False,,
840,3.3670560000000003,608484.0,2105.4809688581313,2105.4498269896194,2139.762324020243,1188.4397929210463,0.8004802067094681,-0.2997693229295208,False,False,,
841,3.3710644000000003,606829.0,2099.7543252595156,2102.5121107266436,2136.865442138592,1188.4397929210463,0.7980426563186902,-0.2997693298316619,False,False,,
842,3.3750728000000003,607626.0,2102.5121107266436,2102.5121107266436,2136.9062764870446,1188.4397929210463,0.7980770159460736,0.0085719023925037,False,False,,
843,3.3790812000000003,607712.0,2102.8096885813147,2102.5121107266436,2136.947110802617,1188.4397929210463,0.7981113755457904,-0.2064316540538158,False,False,,
844,3.3830896000000004,607034.0,2100.463667820069,2100.463667820069,2134.9395021787273,1188.4397929210463,0.796422094661855,-0.7788059752808891,False,False,,
845,3.3870980000000004,605458.0,2095.010380622837,2095.010380622837,2129.5270492313075,1188.4397929210463,0.7918678438031586,-1.3086880409393729,False,False,,
846,3.3911064000000004,601986.0,2082.9965397923875,2087.9134948096885,2122.4709976350837,1188.4397929210463,0.7859306043752521,-1.252394888754992,False,False,,
847,3.3951148000000004,603407.0,2087.9134948096885,2082.9965397923875,2117.5948768018347,1188.4397929210463,0.7818276444589874,-1.2916185161819698,False,False,,
848,3.3991232000000005,599827.0,2075.5259515570933,2075.5259515570933,2110.1651227177053,1188.4397929210463,0.7755759570547245,-1.86944056248268,False,False,,
849,3.4031316000000005,596338.0,2063.453287197232,2065.1038062283737,2099.7838115072705,1188.4397929210463,0.7668407133576762,-1.2585689978781431,False,False,,
850,3.4071400000000005,596815.0,2065.1038062283737,2063.453287197232,2098.1741265615333,1188.4397929210463,0.7654862611125349,-0.3444407375486804,False,False,,
851,3.4111484000000005,595169.0,2059.40830449827,2061.740484429066,2096.502157845899,1188.4397929210463,0.7640794008528959,-0.1712030871329517,False,False,,
852,3.4151568000000005,595843.0,2061.740484429066,2061.740484429066,2096.5429918655436,1188.4397929210463,0.7641137602036074,0.008571833369487,False,False,,
853,3.419165200000001,597418.0,2067.1903114186853,2061.740484429066,2096.583825852308,1188.4397929210463,0.7641481195266524,-0.6418865472356856,False,False,,
854,3.4231736000000006,594052.0,2055.5432525951555,2055.5432525951555,2090.427427972282,1188.4397929210463,0.7589678841317283,-1.1921067864996786,False,False,,
855,3.4271820000000006,592537.0,2050.3010380622836,2050.3010380622836,2085.2260473604147,1188.4397929210463,0.7545912378406417,-0.9821877872597752,False,False,,
856,3.4311904000000006,591324.0,2046.1038062283735,2046.1038062283735,2081.069649414629,1188.4397929210463,0.7510938810788241,-2.2090154805768947,False,False,,
857,3.4351988,585197.0,2024.903114186851,2029.1730103806228,2064.1796874221227,1188.4397929210463,0.736882002535955,-2.1879509505305776,False,False,,
858,3.4392072,586431.0,2029.1730103806228,2025.1764705882351,2060.223981452099,1188.4397929210463,0.7335535158986126,-0.4109030386559169,False,False,,
859,3.4432156000000003,585276.0,2025.1764705882351,2025.1764705882351,2060.264815241583,1188.4397929210463,0.7335878750556583,-1.001799625131525,False,False,,
860,3.4472240000000003,582478.0,2015.4948096885817,2015.5501730103808,2050.6793514203255,1188.4397929210463,0.7255222886638582,-1.0076105387773282,False,False,,
861,3.4512324000000003,582494.0,2015.5501730103808,2015.4948096885817,2050.6648218222576,1188.4397929210463,0.7255100628883882,-0.0633381997119642,False,False,,
862,3.4552408000000003,582296.0,2014.865051903114,2014.865051903114,2050.0758977276273,1188.4397929210463,0.7250145189844073,-1.7495907075099666,False,False,,
863,3.4592492000000004,577637.0,1998.7439446366784,1998.7439446366784,2033.995624119155,1188.4397929210463,0.7114839441044222,-1.7216257257030918,False,False,,
864,3.4632576000000004,575285.0,1990.60553633218,1998.3806228373703,2033.6731359449384,1188.4397929210463,0.7112125898665906,-0.8456315408853499,False,False,,
865,3.4672660000000004,577532.0,1998.3806228373703,1990.60553633218,2025.938883031945,1188.4397929210463,0.7047046851674524,-1.050829192200439,False,False,,
866,3.4712744000000004,574615.0,1988.287197231834,1988.287197231834,2023.6613774909224,1188.4397929210463,0.7027883023985582,-2.0179819903754748,False,False,,
867,3.4752828000000004,569705.0,1971.297577854671,1971.297577854671,2006.7125916402035,1188.4397929210463,0.6885269271470102,-1.8672616035943577,False,False,,
868,3.4792912000000005,569402.0,1970.249134948097,1970.4152249134947,2005.8710721925904,1188.4397929210463,0.6878188395748628,-0.1014723235372372,False,False,,
869,3.4832996000000005,569450.0,1970.4152249134947,1970.249134948097,2005.7458156878763,1188.4397929210463,0.6877134438236769,-0.2427500006622267,False,False,,
870,3.4873080000000005,568758.0,1968.0207612456747,1968.0207612456747,2003.5582754132652,1188.4397929210463,0.6858727613695539,-1.7938989266525454,False,False,,
871,3.4913164000000005,564439.0,1953.0761245674744,1953.0761245674744,1988.6544721299808,1188.4397929210463,0.6733321149084888,-1.5600099370919622,False,False,,
872,3.495324800000001,562629.0,1946.8131487889273,1953.0761245674744,1988.6953054920316,1188.4397929210463,0.673366473705875,-0.3273713508349942,False,False,,
873,3.4993332000000006,565025.0,1955.1038062283735,1949.8754325259515,1985.535446779665,1188.4397929210463,0.6707076442631147,-0.3273713577371353,False,False,,
874,3.5033416000000006,563514.0,1949.8754325259515,1949.8754325259515,1985.576280075956,1188.4397929210463,0.6707420030051678,-1.0399338041724775,False,False,,
875,3.5073500000000006,557520.0,1929.134948096886,1939.8858131487889,1975.6274939621965,1188.4397929210463,0.6623707029418248,-2.1683392645065567,False,False,,
876,3.5113584000000007,560627.0,1939.8858131487889,1929.134948096886,1964.9174621408167,1188.4397929210463,0.6533588607894716,-2.4105814463166837,False,False,,
877,3.5153668,553400.0,1914.878892733564,1916.8373702422143,1952.6607174837889,1188.4397929210463,0.6430455536029944,-1.4877368258706127,False,False,,
878,3.5193752000000003,553966.0,1916.8373702422143,1914.878892733564,1950.7430731399088,1188.4397929210463,0.6414319722038335,0.0085716539144158,False,False,,
879,3.5233836000000003,551658.0,1908.8512110726645,1916.8373702422143,1952.7423837804424,1188.4397929210463,0.6431142708380955,-0.6240908247859664,False,False,,
880,3.5273920000000003,554658.0,1919.2318339100343,1908.8512110726645,1944.7970577099024,1188.4397929210463,0.6364287608796894,-1.350090993068534,False,False,,
881,3.5314004000000003,548124.0,1896.6228373702425,1903.892733564014,1939.879413267375,1188.4397929210463,0.6322908613648637,-1.2749123939648117,False,False,,
882,3.5354088000000004,550225.0,1903.892733564014,1896.6228373702425,1932.6503501068537,1188.4397929210463,0.6262080431997522,-1.01705341408352,False,False,,
883,3.5394172000000004,547401.0,1894.121107266436,1894.121107266436,1930.18945300341,1188.4397929210463,0.6241373475548389,-1.7942621980504754,False,False,,
884,3.5434256000000004,543160.0,1879.4463667820069,1879.4463667820069,1915.5555454864784,1188.4397929210463,0.6118238020104211,-1.682765431794138,False,False,,
885,3.5474340000000004,538003.0,1861.6020761245677,1878.0069204152248,1914.1569320542992,1188.4397929210463,0.6106469536412314,-1.1685001918162785,False,False,,
886,3.5514424000000004,542744.0,1878.0069204152248,1868.2318339100343,1904.422678450839,1188.4397929210463,0.6024561696726682,-1.0174166233628767,False,False,,
887,3.5554508000000005,539919.0,1868.2318339100343,1868.2318339100343,1904.463511319689,1188.4397929210463,0.602490528055056,-0.3684109832481113,False,False,,
888,3.5594592000000005,538881.0,1864.6401384083044,1864.6401384083044,1900.9126486539287,1188.4397929210463,0.5995026925021648,-1.8087894994222324,False,False,,
889,3.5634676000000005,534915.0,1850.916955017301,1850.916955017301,1887.2302980660152,1188.4397929210463,0.5879898243960877,-1.431806931280434,False,False,,
890,3.5674760000000005,533555.0,1846.21107266436,1850.916955017301,1887.271130836225,1188.4397929210463,0.5880241826954757,-0.4853555021851576,False,False,,
891,3.571484400000001,535920.0,1854.39446366782,1846.21107266436,1882.6060812206208,1188.4397929210463,0.5840988264061697,-0.4944350508746851,False,False,,
892,3.5754928000000006,533530.0,1846.1245674740485,1846.1245674740485,1882.5604087347665,1188.4397929210463,0.5840603957796235,-1.1485252481958526,False,False,,
893,3.5795012000000006,530369.0,1835.1868512110727,1835.1868512110727,1871.6635251433604,1188.4397929210463,0.5748913291964332,-1.2716438417453162,False,False,,
894,3.5835096000000006,530005.0,1833.9273356401384,1833.9273356401384,1870.444842211123,1188.4397929210463,0.5738658814291197,-0.9080989954492082,False,False,,
895,3.5875180000000007,527845.0,1826.453287197232,1826.453287197232,1863.0116263740333,1188.4397929210463,0.5676112811697159,-1.0239539555689134,False,False,,
896,3.5915264,527162.0,1824.089965397924,1824.089965397924,1860.6891371476547,1188.4397929210463,0.5656570473581147,-0.784254059263148,False,False,,
897,3.5955348000000003,525662.0,1818.8996539792388,1818.8996539792388,1855.5396582690337,1188.4397929210463,0.5613240732274151,-1.00724761248145,False,False,,
898,3.5995432000000003,524365.0,1814.4117647058824,1814.4117647058824,1851.092601502854,1188.4397929210463,0.5575821446983733,-1.09876940060893,False,False,,
899,3.6035516,521698.0,1805.18339100346,1808.3494809688584,1845.0711502401264,1188.4397929210463,0.5525154586966133,-0.9600340089874068,False,False,,
900,3.60756,522613.0,1808.3494809688584,1805.18339100346,1841.945892716152,1188.4397929210463,0.549885744055123,-0.7762640900966318,False,False,,
901,3.6115684,520452.0,1800.8719723183392,1800.8719723183392,1837.675306439575,1188.4397929210463,0.5462923047391266,-1.466672454569661,False,False,,
902,3.6155768,517636.0,1791.1280276816608,1791.1280276816608,1827.9721941785604,1188.4397929210463,0.5381277243213289,-1.5480251558943934,False,False,,
903,3.6195852,516166.0,1786.0415224913495,1786.0415224913495,1822.9265213310257,1188.4397929210463,0.5338820966693524,-1.4023893125146143,False,False,,
904,3.6235936,511789.0,1770.8961937716265,1777.6851211072665,1814.610952256846,1188.4397929210463,0.5268850496807618,-1.5810747018067843,False,False,,
905,3.627602,513751.0,1777.6851211072665,1770.8961937716265,1807.8628571982297,1188.4397929210463,0.5212069369999077,-1.0134217561130754,False,False,,
906,3.631610400000001,510446.0,1766.249134948097,1767.9480968858131,1804.9555925565671,1188.4397929210463,0.5187606501463544,-0.4791815242004986,False,False,,
907,3.635618800000001,510937.0,1767.9480968858131,1766.249134948097,1803.2974628301145,1188.4397929210463,0.517365434556697,-0.9829145095091718,False,False,,
908,3.639627200000001,508207.0,1758.5017301038065,1758.5017301038065,1795.5908901642144,1188.4397929210463,0.5108808211065212,-0.8797709216972152,False,False,,
909,3.643635600000001,508000.0,1757.7854671280277,1757.7854671280277,1794.9154593339465,1188.4397929210463,0.5103124870316348,-0.2075216546047826,False,False,,
910,3.647644000000001,507612.0,1756.4429065743946,1756.4429065743946,1793.613730892944,1188.4397929210463,0.5092171615058856,-0.2282230167839145,False,False,,
911,3.651652400000001,507348.0,1755.529411764706,1755.529411764706,1792.7410681630058,1188.4397929210463,0.5084828687506815,-1.073709954997753,False,False,,
912,3.6556608000000006,504632.0,1746.131487889273,1746.131487889273,1783.383976334451,1188.4397929210463,0.5006094435386595,-1.990743682502952,False,False,,
913,3.6596692000000006,501843.0,1736.4809688581315,1736.4809688581315,1773.7742893172997,1188.4397929210463,0.4925234747967917,-1.038481346664014,False,False,,
914,3.6636776000000006,501749.0,1736.1557093425606,1736.1557093425606,1773.4898617828464,1188.4397929210463,0.4922841462787234,-1.2618380815538828,False,False,,
915,3.6676860000000007,498345.0,1724.3771626297578,1724.3771626297578,1761.7521470182812,1188.4397929210463,0.4824075712645905,-1.7608497051327276,False,False,,
916,3.6716944,496877.0,1719.297577854671,1719.297577854671,1756.7133941585523,1188.4397929210463,0.4781677663626155,-1.2026394828994782,False,False,,
917,3.6757028,494704.0,1711.7785467128028,1712.8373702422143,1750.294018428573,1188.4397929210463,0.4727662510580823,-0.7806223874876466,False,False,,
918,3.6797112,495010.0,1712.8373702422143,1711.7785467128028,1749.276026748766,1188.4397929210463,0.4719096728066045,-1.269828105935261,False,False,,
919,3.6837196,491490.0,1700.6574394463669,1700.6574394463669,1738.1957512990475,1188.4397929210463,0.4625862930984204,-1.158694521349716,False,False,,
920,3.687728,491075.0,1699.2214532871972,1700.6574394463669,1738.2365830828994,1188.4397929210463,0.462620650567848,-0.1421490296499357,False,False,,
921,3.6917364,492222.0,1703.190311418685,1699.2214532871972,1736.8414286746945,1188.4397929210463,0.4614467127575228,-0.1722931152887383,False,False,,
922,3.6957448,489474.0,1693.681660899654,1698.9342560553632,1736.595063160952,1188.4397929210463,0.4612394111212012,-0.572882505884003,False,False,,
923,3.6997532,490992.0,1698.9342560553632,1693.681660899654,1731.3832996904473,1188.4397929210463,0.4568540282843519,-1.3784194602315123,False,False,,
924,3.7037616,487173.0,1685.719723183391,1685.719723183391,1723.462193626509,1188.4397929210463,0.4501888979924172,-1.8752519937796563,False,False,,
925,3.707770000000001,484287.0,1675.7335640138408,1675.7335640138408,1713.5168660764175,1188.4397929210463,0.441820508100619,-1.0820632300683144,False,False,,
926,3.711778400000001,482715.0,1670.2941176470588,1675.3287197231834,1713.1528533723315,1188.4397929210463,0.4415142134896055,-0.5623502650168248,False,False,,
927,3.715786800000001,484170.0,1675.3287197231834,1670.2941176470588,1708.159082849906,1188.4397929210463,0.4373122584960321,-0.2049795071374305,False,False,,
928,3.719795200000001,479836.0,1660.3321799307955,1673.2941176470588,1711.1999143707174,1188.4397929210463,0.4398709337767861,-1.037028723505557,False,False,,
929,3.723803600000001,483582.0,1673.2941176470588,1660.3321799307955,1698.278808142393,1188.4397929210463,0.4289986066254327,-1.233873196374006,False,False,,
930,3.727812000000001,479630.0,1659.6193771626297,1661.4567474048442,1699.4442070715002,1188.4397929210463,0.4299792191360949,-0.0662441293194149,False,False,,
931,3.7318204000000006,480161.0,1661.4567474048442,1659.6193771626297,1697.6476682514715,1188.4397929210463,0.4284675406895049,-1.1358141588647612,False,False,,
932,3.7358288000000006,477010.0,1650.5536332179931,1650.5536332179931,1688.6227556961408,1188.4397929210463,0.4208736241873079,-0.9429646981866212,False,False,,
933,3.7398372000000006,475353.0,1644.8200692041523,1650.5536332179931,1688.6635870525663,1188.4397929210463,0.4209079812970823,-0.5932207554100373,False,False,,
934,3.7438456000000007,477293.0,1651.5328719723184,1644.8200692041523,1682.9708543622642,1188.4397929210463,0.4161178920353366,-0.6324443828362334,False,False,,
935,3.7478540000000007,475245.0,1644.4463667820069,1644.4463667820069,1682.6379832307916,1188.4397929210463,0.4158378011687608,-0.0673337088424474,False,False,,
936,3.7518624,475144.0,1644.096885813149,1644.096885813149,1682.3293335197266,1188.4397929210463,0.4155780911582886,-0.4661071910800771,False,False,,
937,3.7558708,473938.0,1639.9238754325258,1639.9238754325258,1678.1971543640163,1188.4397929210463,0.4121011130393098,-0.4294258491573899,False,False,,
938,3.7598792,470468.0,1627.916955017301,1639.9238754325258,1678.2379855560564,1188.4397929210463,0.4121354700107636,-1.251669160394293,False,False,,
939,3.7638876,474931.0,1643.3598615916956,1627.916955017301,1666.2718962999843,1188.4397929210463,0.4020667317142607,-1.605771297034245,False,False,,
940,3.767896,469493.0,1624.5432525951558,1624.5432525951558,1662.939025004119,1188.4397929210463,0.3992623226766995,-0.3455309037405385,False,False,,
941,3.7719044,469036.0,1622.961937716263,1624.5432525951558,1662.979856097519,1188.4397929210463,0.3992966795651536,-0.1574028047914737,False,False,,
942,3.7759128,470852.0,1629.2456747404844,1622.961937716263,1661.4393722791533,1188.4397929210463,0.3980004558712471,-0.454848600673408,False,False,,
943,3.7799212,466906.0,1615.59169550173,1620.1280276816608,1658.6462932721909,1188.4397929210463,0.395650249303275,-0.7650057550587306,False,False,,
944,3.7839296,468217.0,1620.1280276816608,1615.59169550173,1654.1507920870272,1188.4397929210463,0.3918675577340923,-0.0974778496953732,False,False,,
945,3.787938000000001,466688.0,1614.8373702422143,1619.1176470588234,1657.7175746060077,1188.4397929210463,0.3948687888778371,-0.0706024129038311,False,False,,
946,3.791946400000001,467925.0,1619.1176470588234,1614.8373702422143,1653.4781287184128,1188.4397929210463,0.3913015523103249,0.0085711845874385,False,False,,
947,3.795954800000001,464620.0,1607.681660899654,1619.1176470588234,1657.7992364311558,1188.4397929210463,0.3949375023504377,0.4985032525745723,False,False,,
948,3.799963200000001,468310.0,1620.4498269896194,1619.5051903114186,1658.2276105470123,1188.4397929210463,0.3952979531855647,0.0492475179948144,False,False,,
949,3.803971600000001,468037.0,1619.5051903114186,1619.5051903114186,1658.2684413773864,1188.4397929210463,0.3953323098526985,-0.3655059577899706,False,False,,
950,3.8079800000000006,467007.0,1615.9411764705883,1615.9411764705883,1654.745258334057,1188.4397929210463,0.392367765023154,-0.9491389108335752,False,False,,
951,3.8119884000000006,464459.0,1607.1245674740485,1610.3806228373703,1649.2255354654606,1188.4397929210463,0.3877232530323279,-0.6360763168803558,False,False,,
952,3.8159968000000006,465400.0,1610.3806228373703,1609.7993079584776,1648.685051318309,1188.4397929210463,0.3872684684059876,-0.0524433776395198,False,False,,
953,3.8200052000000007,465232.0,1609.7993079584776,1609.7993079584776,1648.7258820171774,1188.4397929210463,0.3873028249624674,-0.8968407708380184,False,False,,
954,3.8240136000000007,462739.0,1601.1730103806228,1601.1730103806228,1640.1404151053182,1188.4397929210463,0.3800786753143333,-1.246584727419659,False,False,,
955,3.8280220000000007,460034.0,1591.8131487889273,1597.840830449827,1636.8490658076307,1188.4397929210463,0.3773092045196894,-0.9738352990059128,False,False,,
956,3.8320304,461776.0,1597.840830449827,1591.8131487889273,1630.8622147469664,1188.4397929210463,0.3722716324892634,-0.7893390167720966,False,False,,
957,3.8360388,459579.0,1590.2387543252596,1590.2387543252596,1629.3286508506542,1188.4397929210463,0.3709812314900316,-0.3760382814776051,False,False,,
958,3.8400472,458975.0,1588.1487889273355,1588.1487889273355,1627.2795159872055,1188.4397929210463,0.3692570087943137,-0.5765145710613311,False,False,,
959,3.8440556,457137.0,1581.7889273356402,1584.6643598615915,1623.8359174230643,1188.4397929210463,0.3663594294767471,-0.3571528483602435,False,False,,
960,3.848064,457968.0,1584.6643598615915,1584.6643598615915,1623.876747891794,1188.4397929210463,0.3663937858395793,0.0085710879650093,False,False,,
961,3.8520724,458494.0,1586.484429065744,1584.6643598615915,1623.917578327644,1188.4397929210463,0.3664281421747449,-0.7613740625729548,False,False,,
962,3.8560808,454219.0,1571.6920415224913,1577.3287197231834,1616.622768592198,1188.4397929210463,0.3602900022547444,-0.7613740694743356,False,False,,
963,3.8600892,455848.0,1577.3287197231834,1577.3287197231834,1616.663598962295,1188.4397929210463,0.360324358534583,0.0085710672593251,False,False,,
964,3.864097600000001,456599.0,1579.9273356401384,1577.3287197231834,1616.704429299505,1188.4397929210463,0.3603587147867489,-0.1541343284864496,False,False,,
965,3.868106000000001,455400.0,1575.7785467128028,1575.7785467128028,1615.195086593461,1188.4397929210463,0.3590886944499729,-0.2028006793715633,False,False,,
966,3.872114400000001,455266.0,1575.3148788927335,1575.3148788927335,1614.7722490448557,1188.4397929210463,0.358732902300363,-0.8630649651071494,False,False,,
967,3.876122800000001,453000.0,1567.474048442907,1567.474048442907,1606.9722488336129,1188.4397929210463,0.3521696752377019,-0.8143986280247972,False,False,,
968,3.880131200000001,452358.0,1565.2525951557093,1567.474048442907,1607.0130790393168,1188.4397929210463,0.3522040313792138,-0.2245916003680435,False,False,,
969,3.8841396000000006,453454.0,1569.044982698962,1565.2525951557093,1604.8324559249506,1188.4397929210463,0.3503691692958713,-0.7257823139752588,False,False,,
970,3.8881480000000006,450202.0,1557.7923875432523,1560.477508650519,1600.0981995597117,1188.4397929210463,0.3463855797245369,-0.5514551185449292,False,False,,
971,3.8921564000000006,450978.0,1560.477508650519,1559.916955017301,1599.5784760335646,1188.4397929210463,0.3459482639015203,0.0085710120459552,False,False,,
972,3.8961648000000006,450816.0,1559.916955017301,1560.477508650519,1600.1798597409736,1188.4397929210463,0.3464542918139069,0.0085710051453418,False,False,,
973,3.9001732000000007,451542.0,1562.4290657439446,1559.916955017301,1599.6601361490812,1188.4397929210463,0.3460169759355694,-0.1497762105413684,False,False,,
974,3.9041816000000007,448163.0,1550.737024221453,1558.968858131488,1598.7528692717062,1188.4397929210463,0.3452535658892389,-0.9549499832167144,False,False,,
975,3.90819,450542.0,1558.968858131488,1550.737024221453,1590.5618653372371,1188.4397929210463,0.3383613329101188,-1.0965908420124535,False,False,,
976,3.9121984,446629.0,1545.4290657439446,1548.439446366782,1588.3051174252585,1188.4397929210463,0.3364624164269944,-0.548549706581035,False,False,,
977,3.9162068,447499.0,1548.439446366782,1545.4290657439446,1585.3355667122337,1188.4397929210463,0.3339637196223999,-0.4014611365151523,False,False,,
978,3.9202152,445369.0,1541.069204152249,1544.5328719723184,1584.48020281754,1188.4397929210463,0.3332439827877797,-0.2580043831637866,False,False,,
979,3.9242236,446370.0,1544.5328719723184,1542.8892733564014,1582.8774340456828,1188.4397929210463,0.3318953500834525,-0.163940337139941,False,False,,
980,3.928232,445895.0,1542.8892733564014,1542.8892733564014,1582.9182638568625,1188.4397929210463,0.3319297058929962,-0.4214361491540117,False,False,,
981,3.9322404,444711.0,1538.7923875432523,1538.7923875432523,1578.8622078220133,1188.4397929210463,0.3285167807629146,-0.4214361560554067,False,False,,
982,3.9362488,444236.0,1537.1487889273355,1538.7923875432523,1578.9030375674402,1188.4397929210463,0.3285511365171312,-0.0361004094677213,False,False,,
983,3.940257200000001,447525.0,1548.529411764706,1538.3667820069204,1578.5182617436549,1188.4397929210463,0.3282273710002937,-0.0361004163691021,False,False,,
984,3.944265600000001,444588.0,1538.3667820069204,1538.3667820069204,1578.559091423329,1188.4397929210463,0.3282617266991834,-0.0342845149128692,False,False,,
985,3.948274000000001,444470.0,1537.9584775086505,1537.9584775086505,1578.191616571853,1188.4397929210463,0.3279525189011403,-0.03428452181425,False,False,,
986,3.952282400000001,444195.0,1537.0069204152248,1537.9584775086505,1578.2324461857745,1188.4397929210463,0.3279868745447029,-0.0913040511452081,False,False,,
987,3.956290800000001,444661.0,1538.6193771626297,1537.0069204152248,1577.3217186733898,1188.4397929210463,0.3272205525839193,-0.1548608505636224,False,False,,
988,3.960299200000001,443087.0,1533.1730103806228,1536.401384083045,1576.7570118893784,1188.4397929210463,0.3267453860779044,-0.3938343973291012,False,False,,
989,3.9643076000000006,444020.0,1536.401384083045,1533.1730103806228,1573.5694677022443,1188.4397929210463,0.3240632609874114,-1.5211503126478618,False,False,,
990,3.9683160000000006,439038.0,1519.1626297577857,1521.8269896193772,1562.2642764234072,1188.4397929210463,0.314550628251469,-1.461951707090499,False,False,,
991,3.9723244000000006,439808.0,1521.8269896193772,1519.1626297577857,1559.640746011351,1188.4397929210463,0.3123430865420082,0.0085708740175078,False,False,,
992,3.9763328000000007,434824.0,1504.5813148788927,1521.8269896193772,1562.3459352896054,1188.4397929210463,0.3146193392342926,-1.2473113530206632,False,False,,
993,3.9803412000000007,440147.0,1523.0,1507.19723183391,1547.757006887921,1188.4397929210463,0.3023436408871121,-0.8892142317982135,False,False,,
994,3.9843496000000007,435580.0,1507.19723183391,1513.273356401384,1553.8739608062976,1188.4397929210463,0.3074906865808126,0.0085708533124559,False,False,,
995,3.988358,437336.0,1513.273356401384,1507.19723183391,1547.8386655568536,1188.4397929210463,0.3024123517039486,-0.8721447070385722,False,False,,
996,3.9923664,434911.0,1504.8823529411766,1504.8823529411766,1545.5646159492771,1188.4397929210463,0.3004988768934265,-0.2343976987410485,False,False,,
997,3.9963748,433695.0,1500.674740484429,1504.8823529411766,1545.605445201547,1188.4397929210463,0.3005332322326813,-0.4330580799670684,False,False,,
998,4.000383200000001,436538.0,1510.5121107266436,1500.674740484429,1541.4386619642037,1188.4397929210463,0.2970271368779459,-0.901925624807724,False,False,,
999,4.004391600000001,432404.0,1496.2076124567477,1496.2076124567477,1537.0123631230465,1188.4397929210463,0.2933026748837223,-0.460296719134341,False,False,,
1000,4.008400000000001,432287.0,1495.80276816609,1496.2076124567477,1537.0531922766904,1188.4397929210463,0.2933370301399897,-0.0339214436650294,False,False,,
1001,4.012408400000001,434961.0,1505.0553633217994,1495.80276816609,1536.689177106797,1188.4397929210463,0.2930307334541485,-0.1210850517318675,False,False,,
1002,4.016416800000001,432047.0,1494.9723183391004,1494.9723183391004,1535.899556367706,1188.4397929210463,0.2923663154972657,-0.5848680531711494,False,False,,
1003,4.020425200000001,429760.0,1487.0588235294117,1490.1487889273355,1531.1168560109595,1188.4397929210463,0.288341963245486,-0.49770445890708,False,False,,
1004,4.024433600000001,430653.0,1490.1487889273355,1490.1487889273355,1531.1576850330982,1188.4397929210463,0.2883763183910994,1.2299507456409913,False,False,,
1005,4.028442,434390.0,1503.0795847750865,1501.7854671280277,1542.835192223056,1188.4397929210463,0.2982022323831376,1.365780683891067,False,False,,
1006,4.0324504,434016.0,1501.7854671280277,1503.0795847750865,1544.1701388265078,1188.4397929210463,0.2993255089777142,0.0085707704967532,False,False,,
1007,4.0364588,435421.0,1506.6470588235295,1501.7854671280277,1542.916850102962,1188.4397929210463,0.2982709425360559,-1.0813374326548058,False,False,,
1008,4.0404672,431389.0,1492.6955017301038,1492.6955017301038,1533.867713595671,1188.4397929210463,0.2906566430476071,-0.9455074944054972,False,False,,
1009,4.0444756,426184.0,1474.6851211072665,1492.6955017301038,1533.908542453431,1188.4397929210463,0.2906909980549059,-1.156152870791189,False,False,,
1010,4.048484,431460.0,1492.9411764705883,1481.598615916955,1522.8524854651694,1188.4397929210463,0.2813879967130482,-0.9284379696457776,False,False,,
1011,4.0524924,428182.0,1481.598615916955,1483.7681660899657,1525.0628644301871,1188.4397929210463,0.2832478965398496,0.0085707359890605,False,False,,
1012,4.0565008,428809.0,1483.7681660899657,1481.598615916955,1522.9341430163038,1188.4397929210463,0.2814567065893253,-0.7570162344882903,False,False,,
1013,4.0605092,425818.0,1473.4186851211073,1476.474048442907,1517.8504042685172,1188.4397929210463,0.2771790487912038,-0.5293013333428789,False,False,,
1014,4.0645176,426701.0,1476.474048442907,1476.474048442907,1517.8912329618915,1188.4397929210463,0.2772134036601821,0.6183527417777555,False,False,,
1015,4.068526,429970.0,1487.7854671280277,1482.2837370242214,1523.7417502037151,1188.4397929210463,0.2821362590514877,0.6183527348771349,False,False,,
1016,4.0725344,428380.0,1482.2837370242214,1482.2837370242214,1523.782578831344,1188.4397929210463,0.2821706138651451,-0.1083737967484594,False,False,,
1017,4.0765428,427847.0,1480.439446366782,1481.1695501730103,1522.7092205748816,1188.4397929210463,0.2812674479977147,-0.1850051363418217,False,False,,
1018,4.0805512,428058.0,1481.1695501730103,1480.439446366782,1522.0199453305293,1188.4397929210463,0.28068746468812,-1.0646311516790945,False,False,,
1019,4.0845596,425103.0,1470.9446366782006,1470.9446366782006,1512.5659641709435,1188.4397929210463,0.2727325129809337,-0.9879998258877408,False,False,,
1020,4.088568,420810.0,1456.0899653979238,1470.9446366782006,1512.6067926670742,1188.4397929210463,0.2727668676839431,-0.2638155797663302,False,False,,
1021,4.0925764,425125.0,1471.0207612456747,1468.3494809688582,1510.0524654209748,1188.4397929210463,0.270617556241063,-0.2638155866684784,False,False,,
1022,4.0965848000000005,424353.0,1468.3494809688582,1468.3494809688582,1510.0932938513452,1188.4397929210463,0.2706519108887393,-0.4446800659882797,False,False,,
1023,4.1005932000000005,423105.0,1464.031141868512,1464.031141868512,1505.815783148504,1188.4397929210463,0.2670526450880481,-0.4446800728896676,False,False,,
1024,4.1046016000000005,422342.0,1461.3910034602077,1464.031141868512,1505.8566115131214,1188.4397929210463,0.2670869996803974,-0.2685369691024704,False,False,,
1025,4.1086100000000005,423644.0,1465.8961937716265,1461.3910034602077,1503.2573014365544,1188.4397929210463,0.2648998379141474,-0.01031480754812,False,False,,
1026,4.112618400000001,420290.0,1454.2906574394465,1463.8512110726645,1505.758337347883,1188.4397929210463,0.2670043079312456,-0.7366781575006911,False,False,,
1027,4.116626800000001,423053.0,1463.8512110726645,1454.2906574394465,1496.238611980657,1188.4397929210463,0.2589940364610958,-1.225520694275275,False,False,,
1028,4.120635200000001,419655.0,1452.0934256055364,1452.0934256055364,1494.0822083798732,1188.4397929210463,0.2571795536293795,-0.9171794620511092,False,False,,
1029,4.124643600000001,417741.0,1445.470588235294,1445.470588235294,1487.50019920987,1188.4397929210463,0.2516411921497244,-1.569090569342361,False,False,,
1030,4.128652000000001,414854.0,1435.4809688581315,1437.0622837370242,1479.1327228789664,1188.4397929210463,0.2446004683530756,-0.8739608569422828,False,False,,
1031,4.132660400000001,415311.0,1437.0622837370242,1437.0622837370242,1479.17355101346,1188.4397929210463,0.2446348227517895,0.2827727599657734,False,False,,
1032,4.136668800000001,416164.0,1440.01384083045,1439.674740484429,1481.826835862471,1188.4397929210463,0.2468674010151692,0.2827727530651529,False,False,,
1033,4.140677200000001,416066.0,1439.674740484429,1439.674740484429,1481.8676639312189,1188.4397929210463,0.2469017553585622,-0.0222998579172752,False,False,,
1034,4.144685600000001,415981.0,1439.3806228373703,1439.3806228373703,1481.6143743200207,1188.4397929210463,0.246688627514218,-0.863065434402035,False,False,,
1035,4.148694000000001,413666.0,1431.370242214533,1431.370242214533,1473.6448217001712,1188.4397929210463,0.239982732384048,-0.853259536172235,False,False,,
1036,4.152702400000001,413608.0,1431.1695501730103,1431.1695501730103,1473.4849576287563,1188.4397929210463,0.2398482164646324,-0.1000207563279964,False,False,,
1037,4.156710800000001,413367.0,1430.3356401384085,1430.3356401384085,1472.6918755313966,1188.4397929210463,0.2391808859847176,-0.3713174718585001,False,False,,
1038,4.160719200000001,411290.0,1423.1487889273355,1427.5501730103806,1469.9472363077311,1188.4397929210463,0.2368714385562371,-0.7457577821031691,False,False,,
1039,4.164727600000001,412562.0,1427.5501730103806,1423.1487889273355,1465.5866800961755,1188.4397929210463,0.2332022949971529,-0.7715436876829003,False,False,,
1040,4.168736000000001,410414.0,1420.1176470588234,1420.1176470588234,1462.5963660662728,1188.4397929210463,0.2306861271208208,-0.4308792866928996,False,False,,
1041,4.172744400000001,410080.0,1418.961937716263,1418.961937716263,1461.481484529449,1188.4397929210463,0.2297480219315933,-0.533659706635369,False,False,,
1042,4.176752800000001,408921.0,1414.9515570934257,1414.9515570934257,1457.5119316794755,1188.4397929210463,0.2264078839846664,-0.4254315754228024,False,False,,
1043,4.180761200000001,408717.0,1414.2456747404844,1414.8269896193772,1457.4281919454036,1188.4397929210463,0.2263374220777437,-0.0655185458412113,False,False,,
1044,4.1847696,408885.0,1414.8269896193772,1414.2456747404844,1456.8877047736291,1188.4397929210463,0.2258826349063667,-0.5939478848120352,False,False,,
1045,4.188778,407226.0,1409.0865051903115,1409.0865051903115,1451.7693628976872,1188.4397929210463,0.2215758606747822,-0.751931918827264,False,False,,
1046,4.1927864,405079.0,1401.6574394463669,1407.0,1449.7236853487411,1188.4397929210463,0.2198545470995123,-0.7711805543187609,False,False,,
1047,4.1967948,406623.0,1407.0,1401.6574394463669,1444.4219524035934,1188.4397929210463,0.2153934604069196,-0.7472105709001902,False,False,,
1048,4.2008032,404542.0,1399.7993079584776,1399.7993079584776,1442.6046484913095,1188.4397929210463,0.2138643093947196,-0.18645807696549,False,False,,
1049,4.2048116,403135.0,1394.930795847751,1399.7993079584776,1442.645476034042,1188.4397929210463,0.2138986632955026,-0.5024261380937034,False,False,,
1050,4.20882,406527.0,1406.6678200692045,1394.930795847751,1437.8177914331752,1188.4397929210463,0.20983645953085,-0.718156057880762,False,False,,
1051,4.2128284,402541.0,1392.8754325259515,1392.8754325259515,1435.8032555883628,1188.4397929210463,0.2081413498106841,-0.2071594529451026,False,False,,
1052,4.2168368,398753.0,1379.7681660899657,1392.8754325259515,1435.8440830324698,1188.4397929210463,0.2081757036284796,0.0728536089000435,False,False,,
1053,4.2208452,403626.0,1396.629757785467,1393.4878892733564,1436.4973671911089,1188.4397929210463,0.208725402622514,0.1538431147497263,False,False,,
1054,4.2248536,402718.0,1393.4878892733564,1394.2595155709344,1437.3098208670483,1188.4397929210463,0.2094090331108053,0.0895599519882459,False,False,,
1055,4.228862,402941.0,1394.2595155709344,1394.2595155709344,1437.3506482125297,1188.4397929210463,0.2094433868456133,0.41969208450395,False,False,,
1056,4.2328704,406730.0,1407.370242214533,1398.1764705882354,1441.3084305424393,1188.4397929210463,0.2127736206138565,0.4196920776033295,False,False,,
1057,4.2368788,404073.0,1398.1764705882354,1398.1764705882354,1441.349257822175,1188.4397929210463,0.2128079742933437,-1.3511817596579192,False,False,,
1058,4.2408872,400329.0,1385.2214532871972,1385.2214532871972,1428.435067768,1188.4397929210463,0.2019414666830309,-1.3511817665593036,False,False,,
1059,4.2448956,400055.0,1384.273356401384,1385.2214532871972,1428.475894981983,1188.4397929210463,0.201975820307191,0.0579631120600794,False,False,,
1060,4.2489040000000005,400465.0,1385.6920415224913,1385.6920415224913,1428.9873103983873,1188.4397929210463,0.2024061453597941,0.0579631051594624,False,False,,
1061,4.2529124000000005,402521.0,1392.8062283737024,1385.6920415224913,1429.0281375466247,1188.4397929210463,0.2024404989286334,-0.2605472276702052,False,False,,
1062,4.2569208000000005,399724.0,1383.1280276816608,1383.1280276816608,1426.5049508211516,1188.4397929210463,0.2003173903450076,-0.4174417166707975,False,False,,
1063,4.2609292000000005,399292.0,1381.6332179930796,1381.6332179930796,1425.050968215055,1188.4397929210463,0.199093952174427,-0.1483241049706656,False,False,,
1064,4.2649376000000006,398978.0,1380.546712802768,1381.6332179930796,1425.0917952646669,1188.4397929210463,0.1991283056602788,0.8551468465549554,False,False,,
1065,4.268946000000001,402092.0,1391.3217993079584,1389.6989619377164,1433.1983662260427,1188.4397929210463,0.2059494934138888,0.9996931449209008,False,False,,
1066,4.272954400000001,401623.0,1389.6989619377164,1391.0761245674742,1434.6163558396595,1188.4397929210463,0.2071426456644807,0.0085703564251495,False,False,,
1067,4.276962800000001,402021.0,1391.0761245674742,1389.6989619377164,1433.280020160888,1188.4397929210463,0.2060182002472779,-0.4337849263948605,False,False,,
1068,4.280971200000001,400803.0,1386.8615916955018,1386.8615916955018,1430.4834768367796,1188.4397929210463,0.2036650786665584,-0.2892386280281549,False,False,,
1069,4.284979600000001,400173.0,1384.681660899654,1386.8615916955018,1430.5243037220202,1188.4397929210463,0.2036994320141018,-0.2202341173380908,False,False,,
1070,4.288988000000001,401772.0,1390.2145328719723,1384.681660899654,1428.3851997785405,1188.4397929210463,0.2018995057946823,-0.2311295743860171,False,False,,
1071,4.292996400000001,400143.0,1384.5778546712802,1384.5778546712802,1428.322220369647,1188.4397929210463,0.2018465124421639,-0.4261581388968238,False,False,,
1072,4.297004800000001,397765.0,1376.3494809688582,1380.5397923875432,1424.3249848725252,1188.4397929210463,0.1984830812267743,-0.4152626956508953,False,False,,
1073,4.301013200000001,398976.0,1380.5397923875432,1380.5397923875432,1424.3658116262675,1188.4397929210463,0.1985174344636698,0.0085703081185144,False,False,,
1074,4.305021600000001,401190.0,1388.2006920415224,1380.5397923875432,1424.4066383471295,1188.4397929210463,0.1985517876728988,-0.2739850392293057,False,False,,
1075,4.309030000000001,397879.0,1376.7439446366782,1377.847750865052,1421.7554235126352,1188.4397929210463,0.1963209512011763,-0.3898399993474797,False,False,,
1076,4.313038400000001,398198.0,1377.847750865052,1376.7439446366782,1420.6924439393708,1188.4397929210463,0.1954265183661299,-0.6531467181051838,False,False,,
1077,4.317046800000001,396376.0,1371.5432525951558,1371.5432525951558,1415.5325785200923,1188.4397929210463,0.1910848045914706,-0.5372917717890147,False,False,,
1078,4.321055200000001,395587.0,1368.8131487889273,1371.5432525951558,1415.5734051094562,1188.4397929210463,0.1911191576900517,1.375222903566094,False,False,,
1079,4.325063600000001,400624.0,1386.242214532872,1384.5640138408305,1428.6349929116293,1188.4397929210463,0.2021096915647794,1.474734674663587,False,False,,
1080,4.329072000000001,400139.0,1384.5640138408305,1385.5121107266436,1429.6239163210607,1188.4397929210463,0.2029418106298948,0.0085702598118757,False,False,,
1081,4.333080400000001,400413.0,1385.5121107266436,1384.5640138408305,1428.7166459259931,1188.4397929210463,0.2021783976236392,0.0085702529112587,False,False,,
1082,4.337088800000001,398661.0,1379.4498269896194,1385.5121107266436,1429.705569269679,1188.4397929210463,0.2030105166334338,-0.5282122645055054,False,False,,
1083,4.341097200000001,400530.0,1385.916955017301,1379.4498269896194,1423.6841119576477,1188.4397929210463,0.1979438255415515,0.0510624946773141,False,False,,
1084,4.3451056,395909.0,1369.9273356401384,1385.916955017301,1430.192066377449,1188.4397929210463,0.2034198744407605,-0.3324573573546843,False,False,,
1085,4.349114,401685.0,1389.9134948096885,1376.2006920415224,1420.5166297609176,1188.4397929210463,0.1952785813991077,-1.0112439083376683,False,False,,
1086,4.3531224,397722.0,1376.2006920415224,1376.2006920415224,1420.557456087292,1188.4397929210463,0.195312934276399,-0.8162153576288453,False,False,,
1087,4.3571308,395451.0,1368.3425605536331,1368.3425605536331,1412.7401508929042,1188.4397929210463,0.1887351461200687,-0.8162153645302332,False,False,,
1088,4.3611392,394984.0,1366.726643598616,1368.3425605536331,1412.7809771535258,1188.4397929210463,0.188769498942033,-0.0117679690015961,False,False,,
1089,4.3651476,395854.0,1369.737024221453,1368.1487889273355,1412.628031754977,1188.4397929210463,0.1886408046661767,-0.0117679759022131,False,False,,
1090,4.369156,395395.0,1368.1487889273355,1368.1487889273355,1412.668857949853,1188.4397929210463,0.1886751574328202,0.0085701908026187,False,False,,
1091,4.3731644,395071.0,1367.0276816608996,1368.1487889273355,1412.7096841118562,1188.4397929210463,0.1887095101718031,-0.1091006776724121,False,False,,
1092,4.3771728,396247.0,1371.096885813149,1367.0276816608996,1411.6294029745509,1188.4397929210463,0.187800519120056,-0.7355890679553241,False,False,,
1093,4.3811812,393346.0,1361.0588235294117,1361.0588235294117,1405.7013709393204,1188.4397929210463,0.1828124397318189,-1.4884646799300365,False,False,,
1094,4.3851896,390275.0,1350.4325259515572,1352.764705882353,1397.4480793556393,1188.4397929210463,0.1758677954739928,-0.8619763034483654,False,False,,
1095,4.389198,390949.0,1352.764705882353,1352.764705882353,1397.4889053861514,1188.4397929210463,0.175902148102334,0.0267292398750491,False,False,,
1096,4.3932064,392236.0,1357.2179930795849,1352.9377162629758,1397.7027417644065,1188.4397929210463,0.1760820784442231,0.0267292329736648,False,False,,
1097,4.3972148,390999.0,1352.9377162629758,1352.9377162629758,1397.7435677291655,1188.4397929210463,0.1761164310172372,-0.1900902318279484,False,False,,
1098,4.4012232,389542.0,1347.8961937716265,1351.044982698962,1395.8916600970383,1188.4397929210463,0.1745581630737048,-0.2445674894574807,False,False,,
1099,4.4052316000000005,390452.0,1351.044982698962,1350.525951557093,1395.413454854183,1188.4397929210463,0.1741557823677545,0.0085701286947426,False,False,,
1100,4.4092400000000005,390302.0,1350.525951557093,1351.044982698962,1395.9733118621857,1188.4397929210463,0.1746268680814248,0.0085701217941185,False,False,,
1101,4.4132484000000005,391556.0,1354.865051903114,1350.525951557093,1395.4951065535852,1188.4397929210463,0.1742244873201536,-0.2427516018024818,False,False,,
1102,4.4172568000000005,389760.0,1348.6505190311418,1348.6505190311418,1393.6604998280218,1188.4397929210463,0.1726807770400946,-0.2253188884705892,False,False,,
1103,4.421265200000001,385077.0,1332.4463667820069,1348.297577854671,1393.3483844190666,1188.4397929210463,0.1724181508550626,-1.5738124417471298,False,False,,
1104,4.425273600000001,389658.0,1348.297577854671,1333.574394463668,1378.6660267627058,1188.4397929210463,0.1600638374570962,-1.2916202898713216,False,False,,
1105,4.429282000000001,385403.0,1333.574394463668,1335.9100346020762,1381.0424926028911,1188.4397929210463,0.1620634893152221,0.0085700872902556,False,False,,
1106,4.433290400000001,386078.0,1335.9100346020762,1333.574394463668,1378.7476781333726,1188.4397929210463,0.1601325421328847,0.0085700803888713,False,False,,
1107,4.437298800000001,384079.0,1328.9930795847752,1335.9100346020762,1381.124143907805,1188.4397929210463,0.1621321939356836,-0.4454070159184411,False,False,,
1108,4.441307200000001,386624.0,1337.7993079584776,1329.249134948097,1374.5040698569774,1188.4397929210463,0.1565618031676697,-0.5525456159199891,False,False,,
1109,4.445315600000001,384153.0,1329.249134948097,1330.5640138408305,1375.8597743199823,1188.4397929210463,0.1577025462419762,0.0085700596870097,False,False,,
1110,4.449324000000001,384533.0,1330.5640138408305,1329.249134948097,1374.585720964655,1188.4397929210463,0.1566305076221685,-1.0399354329090755,False,False,,
1111,4.453332400000001,380806.0,1317.6678200692045,1320.574394463668,1365.9518059847514,1188.4397929210463,0.1493655918634307,-0.901926404630597,False,False,,
1112,4.457340800000001,381646.0,1320.574394463668,1320.574394463668,1365.9926314564043,1188.4397929210463,0.1493999440215259,0.0085700389843843,False,False,,
1113,4.461349200000001,382712.0,1324.262975778547,1320.574394463668,1366.0334568951848,1188.4397929210463,0.1494342961519607,-0.1181803712780436,False,False,,
1114,4.465357600000001,381297.0,1319.3667820069204,1319.3667820069204,1364.866669844352,1188.4397929210463,0.1484525156210641,-0.1181803781794315,False,False,,
1115,4.469366000000001,377983.0,1307.8996539792388,1319.3667820069204,1364.9074952173796,1188.4397929210463,0.1484868676961718,-0.6495151705232836,False,False,,
1116,4.473374400000001,381327.0,1319.470588235294,1313.096885813149,1358.67842436377,1188.4397929210463,0.143245482402013,-0.6495151774231367,False,False,,
1117,4.477382800000001,379485.0,1313.096885813149,1313.096885813149,1358.7192496710593,1188.4397929210463,0.143279834421806,-1.018144580922641,False,False,,
1118,4.481391200000001,376658.0,1303.3148788927335,1303.3148788927335,1348.9780680250603,1188.4397929210463,0.1350832209256723,-1.3243067369196488,False,False,,
1119,4.485399600000001,375815.0,1300.3979238754323,1300.3979238754323,1346.101938249303,1188.4397929210463,0.1326631321732685,-0.4330589218955438,False,False,,
1120,4.489408000000001,375442.0,1299.107266435986,1299.107266435986,1344.8521060185274,1188.4397929210463,0.1316114741606201,-0.5630779672039701,False,False,,
1121,4.493416400000001,373777.0,1293.3460207612457,1294.9515570934257,1340.7372218517503,1188.4397929210463,0.1281490487257877,-0.5961275062134543,False,False,,
1122,4.497424800000001,374241.0,1294.9515570934257,1293.3460207612457,1339.1725106624958,1188.4397929210463,0.1268324391688081,-1.4604998913447869,False,False,,
1123,4.5014332,370196.0,1280.955017301038,1280.955017301038,1326.822332312341,1188.4397929210463,0.116440513196858,-1.2919836026581295,False,False,,
1124,4.5054416,368941.0,1276.6124567474048,1280.955017301038,1326.8631573895132,1188.4397929210463,0.1164748650230217,0.1810812501510081,False,False,,
1125,4.50945,374230.0,1294.9134948096885,1282.598615916955,1328.5475810497371,1188.4397929210463,0.1178922053630686,0.1810812432503876,False,False,,
1126,4.5134584,370671.0,1282.598615916955,1282.598615916955,1328.588406061164,1188.4397929210463,0.1179265571339115,-0.9629410289577932,False,False,,
1127,4.5174668,367996.0,1273.3425605536331,1273.3425605536331,1319.3731756763964,1188.4397929210463,0.1101724997221197,-1.11620370124235,False,False,,
1128,4.5214752,367574.0,1271.8823529411766,1271.8823529411766,1317.9537930096212,1188.4397929210463,0.1089781753017917,-0.3702285548278858,False,False,,
1129,4.5254836,366953.0,1269.7335640138408,1269.7335640138408,1315.845828995101,1188.4397929210463,0.1072044514437755,-1.179760507560669,False,False,,
1130,4.529492,361785.0,1251.8512110726645,1260.560553633218,1306.713643494407,1188.4397929210463,0.0995202712647793,-0.9542246964436512,False,False,,
1131,4.5335004,364302.0,1260.560553633218,1260.560553633218,1306.7544683414774,1188.4397929210463,0.099554622897326,0.0761216987756583,False,False,,
1132,4.5375088,364488.0,1261.204152249135,1261.204152249135,1307.4388917715846,1188.4397929210463,0.100130523699524,0.0761216918742757,False,False,,
1133,4.5415172,365957.0,1266.287197231834,1261.204152249135,1307.479716552902,1188.4397929210463,0.1001648752767437,-0.2489259110420967,False,False,,
1134,4.5455256,362839.0,1255.4982698961935,1258.750865051903,1305.067254104115,1188.4397929210463,0.0981349344558817,-0.5903166891771203,False,False,,
1135,4.549534,363779.0,1258.750865051903,1255.4982698961935,1301.8554836639776,1188.4397929210463,0.0954324244429486,-1.0239556118789768,False,False,,
1136,4.5535424,360936.0,1248.9134948096885,1248.9134948096885,1295.3115332601787,1188.4397929210463,0.0899260871065703,-0.9371551992856536,False,False,,
1137,4.5575508000000005,360235.0,1246.4878892733564,1246.4878892733564,1292.9267523736655,1188.4397929210463,0.0879194386413153,-0.4439544962539994,False,False,,
1138,4.5615592000000005,359690.0,1244.6020761245677,1244.6020761245677,1291.0817638418378,1188.4397929210463,0.0863669927010012,-0.2485627638729024,False,False,,
1139,4.5655676000000005,359527.0,1244.038062283737,1244.038062283737,1290.558574585088,1188.4397929210463,0.085926760675899,-0.4403226933399971,False,False,,
1140,4.5695760000000005,358454.0,1240.325259515571,1240.325259515571,1286.88659636813,1188.4397929210463,0.0828370137330331,-0.7690021129716129,False,False,,
1141,4.5735844000000005,356620.0,1233.9792387543253,1236.629757785467,1283.2319191563615,1188.4397929210463,0.0797618245366281,-0.6575053467137622,False,False,,
1142,4.577592800000001,357386.0,1236.629757785467,1233.9792387543253,1280.6222246106822,1188.4397929210463,0.0775659248694982,-1.130731071612713,False,False,,
1143,4.581601200000001,354249.0,1225.7750865051903,1225.7750865051903,1272.458896814137,1188.4397929210463,0.0706969796817233,-1.30869009756106,False,False,,
1144,4.585609600000001,352993.0,1221.4290657439446,1221.4290657439446,1268.1537004726083,1188.4397929210463,0.0670744180953706,-0.6669480908752927,False,False,,
1145,4.589618000000001,351309.0,1215.6020761245677,1219.3391003460208,1266.1045594615289,1188.4397929210463,0.0653501902267942,-0.2107919183385398,False,False,,
1146,4.593626400000001,352389.0,1219.3391003460208,1219.3391003460208,1266.145383815507,1188.4397929210463,0.0653845414444342,0.0085698043625193,False,False,,
1147,4.597634800000001,352518.0,1219.7854671280277,1219.3391003460208,1266.186208136606,1188.4397929210463,0.0654188926344076,-0.1864587601483087,False,False,,
1148,4.601643200000001,351852.0,1217.4809688581315,1217.4809688581315,1264.3689009369425,1188.4397929210463,0.0638897388560772,-0.1864587670481681,False,False,,
1149,4.605651600000001,349137.0,1208.0865051903115,1217.4809688581315,1264.4097251923029,1188.4397929210463,0.0639240899907359,-0.6923708423844683,False,False,,
1150,4.609660000000001,353459.0,1223.0415224913495,1210.80276816609,1257.7723487227415,1188.4397929210463,0.0583391402868494,-0.6923708492858518,False,False,,
1151,4.613668400000001,349922.0,1210.80276816609,1210.80276816609,1257.813172912349,1188.4397929210463,0.058373491366181,-0.7853453640963277,False,False,,
1152,4.617676800000001,347736.0,1203.2387543252596,1203.2387543252596,1250.2899832282608,1188.4397929210463,0.0520431835719619,-1.809517684699416,False,False,,
1153,4.621685200000001,344916.0,1193.4809688581315,1193.4809688581315,1240.573021885002,1188.4397929210463,0.0438669499914827,-1.0203239193749027,False,False,,
1154,4.625693600000001,344903.0,1193.4359861591695,1193.4359861591695,1240.568863277029,1188.4397929210463,0.0438634507751171,0.0038483874277082,False,False,,
1155,4.629702000000001,343420.0,1188.3044982698962,1193.4359861591695,1240.6096873351528,1188.4397929210463,0.0438978017438131,-0.5300286766153066,False,False,,
1156,4.633710400000001,346587.0,1199.262975778547,1188.3044982698962,1235.5190234711304,1188.4397929210463,0.0396143168804275,-0.8147631139930454,False,False,,
1157,4.637718800000001,340144.0,1176.968858131488,1185.59169550173,1232.8470446953352,1188.4397929210463,0.0373660088115536,-0.4592082644697459,False,False,,
1158,4.641727200000001,342636.0,1185.59169550173,1183.847750865052,1231.1439240181624,1188.4397929210463,0.0359329360658264,-0.1744738408932482,False,False,,
1159,4.645735600000001,342132.0,1183.847750865052,1183.847750865052,1231.184747944795,1188.4397929210463,0.0359672869238806,0.0085697146552163,False,False,,
1160,4.649744000000001,341274.0,1180.878892733564,1183.847750865052,1231.2255718385547,1188.4397929210463,0.0360016377542744,-0.3030401664146822,False,False,,
1161,4.653752400000001,344199.0,1191.0,1180.878892733564,1228.297537567954,1188.4397929210463,0.0335378745177674,0.0125646992408938,False,False,,
1162,4.6577608,340136.0,1176.9411764705883,1183.8858131487889,1231.345281811193,1188.4397929210463,0.0361023664351477,-0.404731048243006,False,False,,
1163,4.6617692,342143.0,1183.8858131487889,1176.9411764705883,1224.441468928134,1188.4397929210463,0.0302932266502113,-1.084970325911188,False,False,,
1164,4.6657776,339132.0,1173.4671280276816,1173.4671280276816,1221.0082442475032,1188.4397929210463,0.0274043763263828,-0.6531473253674296,False,False,,
1165,4.669786,334814.0,1158.525951557093,1170.636678200692,1218.2186181499096,1188.4397929210463,0.0250570751722057,-0.2932342957858167,False,False,,
1166,4.6737944,338314.0,1170.636678200692,1170.59169550173,1218.214459147478,1188.4397929210463,0.025053575623927,0.0038483046225521,False,False,,
1167,4.6778028,338301.0,1170.59169550173,1170.59169550173,1218.2552828111357,1188.4397929210463,0.0250879262607038,-1.038483099558337,False,False,,
1168,4.6818112,335418.0,1160.6159169550174,1160.6159169550174,1208.3203278952003,1188.4397929210463,0.0167282643113877,-1.0780699086552867,False,False,,
1169,4.6858196,334535.0,1157.560553633218,1160.2387543252596,1207.9839888633549,1188.4397929210463,0.016445255416996,-0.3121197703069005,False,False,,
1170,4.689828,335309.0,1160.2387543252596,1157.560553633218,1205.3466117363523,1188.4397929210463,0.0142260625367913,-0.4966160663419547,False,False,,
1171,4.6938364,333182.0,1152.878892733564,1155.425605536332,1203.2524871716405,1188.4397929210463,0.0124639837363458,-0.2155134594814662,False,False,,
1172,4.6978448,333918.0,1155.425605536332,1155.425605536332,1203.2933106709345,1188.4397929210463,0.0124983342348203,0.0085696249494395,False,False,,
1173,4.7018532,334019.0,1155.7750865051903,1155.425605536332,1203.3341341373623,1188.4397929210463,0.0125326847056405,-0.4159897559650214,False,False,,
1174,4.7058616,332710.0,1151.2456747404844,1151.3806228373703,1199.329974871949,1188.4397929210463,0.0091634275591999,-0.4301538480559237,False,False,,
1175,4.70987,332749.0,1151.3806228373703,1151.2456747404844,1199.2358501757385,1188.4397929210463,0.0090842273365457,-0.1969912218361174,False,False,,
1176,4.7138784000000005,332183.0,1149.4221453287198,1149.4221453287198,1197.4531441317838,1188.4397929210463,0.0075841883319841,-1.4365302736533414,False,False,,
1177,4.7178868000000005,328731.0,1137.477508650519,1137.477508650519,1185.5493307885274,1188.4397929210463,-0.0024321485612783,-1.245133539659785,False,False,,
1178,4.7218952000000005,328269.0,1135.878892733564,1137.477508650519,1185.5901540905918,1188.4397929210463,-0.0023977982287604,0.9121655823031,False,False,,
1179,4.7259036000000005,331355.0,1146.5570934256054,1146.0865051903115,1194.239973899576,1188.4397929210463,0.0048805004789291,0.9121655754024792,False,False,,
1180,4.729912000000001,331219.0,1146.0865051903115,1146.0865051903115,1194.2807971358948,1188.4397929210463,0.0049148507561261,-1.5876138766106274,False,False,,
1181,4.733920400000001,326648.0,1130.2698961937715,1130.878892733564,1179.1140078826006,1188.4397929210463,-0.007847082447083,-1.6515338576990466,False,False,,
1182,4.737928800000001,326824.0,1130.878892733564,1130.2698961937715,1178.5458345133889,1188.4397929210463,-0.0083251658742756,-0.6811124382830475,False,False,,
1183,4.741937200000001,323091.0,1117.961937716263,1124.3079584775087,1172.6247199348263,1188.4397929210463,-0.0133074246423105,-0.6171924709943419,False,False,,
1184,4.745945600000001,324925.0,1124.3079584775087,1124.3079584775087,1172.6655430396686,1188.4397929210463,-0.013273074475743,0.0783004230780355,False,False,,
1185,4.749954000000001,326303.0,1129.0761245674742,1124.9723183391004,1173.3707259732223,1188.4397929210463,-0.0126797058105785,0.0783004161766514,False,False,,
1186,4.753962400000001,325117.0,1124.9723183391004,1124.9723183391004,1173.411549012312,1188.4397929210463,-0.012645355699338,0.008569528343806,False,False,,
1187,4.757970800000001,324661.0,1123.39446366782,1124.9723183391004,1173.452372018536,1188.4397929210463,-0.0126110056157519,0.0644994988589293,False,False,,
1188,4.761979200000001,325271.0,1125.5051903114186,1125.5051903114186,1174.0260669642053,1188.4397929210463,-0.0121282761168858,0.2773239514717784,False,False,,
1189,4.765987600000001,326558.0,1129.9584775086505,1127.5328719723184,1176.0945715655762,1188.4397929210463,-0.0103877549615929,0.2213939671569413,False,False,,
1190,4.769996000000001,325857.0,1127.5328719723184,1127.5328719723184,1176.135394473189,1188.4397929210463,-0.010353404960982,-0.7864351782274959,False,False,,
1191,4.774004400000001,322640.0,1116.401384083045,1119.9584775086505,1168.601822884254,1188.4397929210463,-0.0166924484984072,-0.7864351851288798,False,False,,
1192,4.778012800000001,323668.0,1119.9584775086505,1119.9584775086505,1168.642645726114,1188.4397929210463,-0.0166580985531232,0.2028716812080124,False,False,,
1193,4.782021200000001,324378.0,1122.4152249134947,1121.809688581315,1170.5346796077731,1188.4397929210463,-0.0150660668044988,0.2664284668251837,False,False,,
1194,4.786029600000001,324203.0,1121.809688581315,1122.4152249134947,1171.181038716075,1188.4397929210463,-0.0145221948202791,0.3630347845504746,False,False,,
1195,4.790038000000001,326410.0,1129.4463667820069,1125.1868512110727,1173.9934877569017,1188.4397929210463,-0.0121556895437145,0.2994779851335893,False,False,,
1196,4.794046400000001,325179.0,1125.1868512110727,1125.1868512110727,1174.0343104672852,1188.4397929210463,-0.0121213397090601,-1.0882391886677645,False,False,,
1197,4.798054800000001,322159.0,1114.737024221453,1114.737024221453,1163.6253061551693,1188.4397929210463,-0.0208798854714263,-1.0882391955683852,False,False,,
1198,4.802063200000001,320415.0,1108.702422145329,1114.737024221453,1163.6661287998072,1188.4397929210463,-0.0208455356920928,-0.056803255334497,False,False,,
1199,4.806071600000001,322410.0,1115.60553633218,1114.1141868512111,1163.0841140413302,1188.4397929210463,-0.0213352658087919,-0.031017363556772,False,False,,
1200,4.810080000000001,321979.0,1114.1141868512111,1114.3598615916956,1163.370611360707,1188.4397929210463,-0.0210941956922547,0.0343553304180455,False,False,,
1201,4.814088400000001,322050.0,1114.3598615916956,1114.3598615916956,1163.411433906734,1188.4397929210463,-0.0210598459958965,0.024186236714693,False,False,,
1202,4.8180968,322093.0,1114.508650519031,1114.508650519031,1163.6010453472163,1188.4397929210463,-0.0209002994697604,1.2034371172587548,False,False,,
1203,4.8221052,325340.0,1125.7439446366782,1125.7439446366782,1174.8771619451447,1188.4397929210463,-0.0114121313142554,2.5167020345976843,False,False,,
1204,4.8261136,328999.0,1138.4048442906574,1138.4048442906574,1187.5788840465398,1188.4397929210463,-0.0007244025987976,3.99085643242097,True,False,1204.0,3.0
1205,4.830122,336305.0,1163.6851211072665,1163.6851211072665,1212.899983277685,1188.4397929210463,0.0205817665331771,9.509038742685886,False,False,,
1206,4.8341304,355158.0,1228.9204152249135,1228.9204152249135,1278.176099777002,1188.4397929210463,0.075507659193567,13.439753966710771,False,False,,
1207,4.8381388,373287.0,1291.6505190311418,1291.6505190311418,1340.9470259320206,1188.4397929210463,0.1283255861335047,12.506740245660708,False,False,,
1208,4.8421472,389571.0,1347.9965397923877,1347.9965397923877,1397.3338690091982,1188.4397929210463,0.1757716943949803,10.863706356777405,False,False,,
1209,4.8461556,403176.0,1395.0726643598616,1395.0726643598616,1444.4508158597243,1188.4397929210463,0.2154177472545183,10.23031751473549,False,False,,
1210,4.850164,417716.0,1445.3840830449826,1445.3840830449826,1494.8030567950318,1188.4397929210463,0.2577861038471123,10.075238934094052,False,False,,
1211,4.8541724,430894.0,1490.9826989619378,1490.9826989619378,1540.442494929301,1188.4397929210463,0.2961889227413639,11.45787155069278,False,False,,
1212,4.8581808,449241.0,1554.4671280276816,1554.4671280276816,1603.9677461794854,1188.4397929210463,0.3496415684947067,10.21760613553174,False,False,,
1213,4.8621892,459004.0,1588.249134948097,1588.249134948097,1637.7905752514762,1188.4397929210463,0.3781014276086953,8.643576764237594,False,False,,
1214,4.8661976000000005,473017.0,1636.737024221453,1636.737024221453,1686.319286643528,1188.4397929210463,0.4189353946982471,9.185443811254466,False,False,,
1215,4.8702060000000005,484272.0,1675.681660899654,1675.681660899654,1725.3047454075656,1188.4397929210463,0.4517392935547605,8.361384591662201,False,False,,
1216,4.8742144000000005,496016.0,1716.318339100346,1716.318339100346,1765.9822456612148,1188.4397929210463,0.485966942692685,8.181609657355459,False,False,,
1217,4.8782228000000005,506776.0,1753.5501730103806,1753.5501730103806,1803.2549015913337,1188.4397929210463,0.5173296218558482,9.087384739242118,False,False,,
1218,4.8822312000000005,521014.0,1802.81660899654,1802.81660899654,1852.562159564719,1188.4397929210463,0.5588186886702416,6.508794864507919,False,False,,
1219,4.886239600000001,524674.0,1815.4809688581315,1815.4809688581315,1865.2673413806567,1188.4397929210463,0.5695093285256355,3.517630610918687,False,False,,
1220,4.890248000000001,530676.0,1836.249134948097,1836.249134948097,1886.0763293920952,1188.4397929210463,0.5870188297518547,4.927138671211068,False,False,,
1221,4.894256400000001,538217.0,1862.3425605536331,1862.3425605536331,1912.210576886239,1188.4397929210463,0.6090092138250006,7.440355831270907,False,False,,
1222,4.898264800000001,551139.0,1907.0553633217992,1907.0553633217992,1956.9642015101408,1188.4397929210463,0.6466666743799877,7.687682542679482,False,False,,
1223,4.902273200000001,559361.0,1935.5051903114183,1935.5051903114183,1985.454850322622,1188.4397929210463,0.6706398272331539,4.1731735004236015,False,False,,
1224,4.906281600000001,562606.0,1946.7335640138408,1946.7335640138408,1996.724045815048,1188.4397929210463,0.6801221716981838,5.296857585225098,False,False,,
1225,4.910290000000001,573922.0,1985.8892733564016,1985.8892733564016,2035.9205769147327,1188.4397929210463,0.7131036751223867,7.22026771072521,False,False,,
1226,4.914298400000001,582463.0,2015.4429065743943,2015.4429065743943,2065.5150318569767,1188.4397929210463,0.738005613881526,4.864308200636401,False,False,,
1227,4.918306800000001,587292.0,2032.152249134948,2032.152249134948,2082.265196108916,1188.4397929210463,0.7520998611052488,5.647327877546559,False,False,,
1228,4.922315200000001,597989.0,2069.166089965398,2069.166089965398,2119.319858597879,1188.4397929210463,0.7832791120102416,5.166475337545592,False,False,,
1229,4.926323600000001,601494.0,2081.294117647059,2081.294117647059,2131.48870790518,1188.4397929210463,0.7935184605912846,2.916928057213852,False,False,,
1230,4.930332000000001,605997.0,2096.8754325259515,2096.8754325259515,2147.110844376847,1188.4397929210463,0.8066635408593137,5.163569870373607,False,False,,
1231,4.934340400000001,615688.0,2130.40830449827,2130.40830449827,2180.6845379090673,1188.4397929210463,0.834913767528096,5.782431431753281,False,False,,
1232,4.938348800000001,621895.0,2151.885813148789,2151.885813148789,2202.2028680866156,1188.4397929210463,0.8530201371613937,3.782753141431428,False,False,,
1233,4.942357200000001,626080.0,2166.3667820069204,2166.3667820069204,2216.7246584389104,1188.4397929210463,0.8652393429123236,3.24451789733007,False,False,,
1234,4.946365600000001,630805.0,2182.7162629757786,2182.7162629757786,2233.1149608690594,1188.4397929210463,0.8790307882407096,2.371065970410285,False,False,,
1235,4.950374000000001,632585.0,2188.8754325259515,2188.8754325259515,2239.3149518476575,1188.4397929210463,0.8842477045839089,3.183866544384813,False,False,,
1236,4.954382400000001,639548.0,2212.968858131488,2212.968858131488,2263.4491988487393,1188.4397929210463,0.9045552095537338,5.228942529847643,False,False,,
1237,4.958390800000001,646959.0,2238.612456747405,2238.612456747405,2289.133618827343,1188.4397929210463,0.9261670910571916,4.261426550002568,False,False,,
1238,4.962399200000001,651258.0,2253.4878892733564,2253.4878892733564,2304.0498726831015,1188.4397929210463,0.9387182139197946,3.4758645875913032,False,False,,
1239,4.966407600000001,656506.0,2271.6470588235293,2271.6470588235293,2322.249863530216,1188.4397929210463,0.9540324022829938,2.89368436123533,False,False,,
1240,4.970416000000001,661759.0,2289.823529411765,2280.9757785467127,2331.619404517468,1188.4397929210463,0.9619163027069462,1.916362476259323,False,False,,
1241,4.9744244,659202.0,2280.9757785467127,2289.823529411765,2340.5079766137233,1188.4397929210463,0.969395496982668,2.4585927049476624,False,False,,
1242,4.9784328,665948.0,2304.318339100346,2304.318339100346,2355.0436075006346,1188.4397929210463,0.9816263487039696,2.502537680302268,False,False,,
1243,4.9824412,668626.0,2313.584775086505,2313.584775086505,2364.3508646522587,1188.4397929210463,0.9894578410581156,3.059658357523304,False,False,,
1244,4.9864496,674349.0,2333.387543252595,2333.387543252595,2384.194453950941,1188.4397929210463,1.0061550178245624,3.2394332780272777,False,False,,
1245,4.990458,677522.0,2344.3667820069204,2344.3667820069204,2395.214513804978,1188.4397929210463,1.0154277297614047,1.942148340436631,False,False,,
1246,4.9944664,679673.0,2351.8096885813147,2351.8096885813147,2402.6982414462263,1188.4397929210463,1.0217248326401749,0.9223341998925748,False,False,,
1247,4.9984748,680038.0,2353.0726643598614,2353.0726643598614,2404.002038258754,1188.4397929210463,1.0228218985751036,1.565165751592971,False,False,,
1248,5.0024832,683959.0,2366.6401384083047,2366.6401384083047,2417.6103333083056,1188.4397929210463,1.0342724534375456,2.0965005301356427,False,False,,
1249,5.0064916,685787.0,2372.9653979238756,2372.9653979238756,2423.9764137921193,1188.4397929210463,1.0396291240250952,2.033306912390202,False,False,,
1250,5.0105,689534.0,2385.9307958477507,2385.9307958477507,2436.9826326513644,1188.4397929210463,1.0505730682927954,2.376513585082421,False,False,,
1251,5.0145084,692307.0,2395.5259515570933,2395.5259515570933,2446.6186092632115,1188.4397929210463,1.058681158133984,1.5967625294163383,False,False,,
1252,5.0185168,693907.0,2401.062283737024,2401.062283737024,2452.195762312774,1188.4397929210463,1.0633739941386202,0.7530914995616342,False,False,,
1253,5.0225252000000005,694357.0,2402.61937716263,2402.61937716263,2453.793676575146,1188.4397929210463,1.0647185420676697,0.5003170492789195,False,False,,
1254,5.0265336000000005,697963.0,2415.0968858131487,2405.7474048442905,2456.9625250606928,1188.4397929210463,1.0673849358592795,1.3182021666555386,False,True,1204.0,3.0
1255,5.0305420000000005,695261.0,2405.7474048442905,2415.0968858131487,2466.352826800579,1188.4397929210463,1.0752863051973138,0.0085690522338097,False,False,,
1256,5.0345504000000005,700678.0,2424.491349480969,2405.7474048442905,2457.044166569876,1188.4397929210463,1.0674536322372277,0.0227331305227096,False,False,,
1257,5.038558800000001,694730.0,2403.910034602076,2415.2318339100348,2466.5694163409025,1188.4397929210463,1.0754685521580885,1.0040500000853,False,False,,
1258,5.042567200000001,698002.0,2415.2318339100348,2415.2318339100348,2466.610237013312,1188.4397929210463,1.0755029002779115,0.3786511548184705,False,False,,
1259,5.046575600000001,701256.0,2426.491349480969,2418.757785467128,2470.177009209957,1188.4397929210463,1.078504122736037,1.190362183779115,False,False,,
1260,5.050584000000001,699021.0,2418.757785467128,2426.491349480969,2477.951393830469,1188.4397929210463,1.085045795832832,0.5972865072765785,False,False,,
1261,5.054592400000001,704734.0,2438.5259515570933,2424.3667820069204,2475.8676469302263,1188.4397929210463,1.083292449207572,0.8602300305615245,False,False,,
1262,5.058600800000001,700642.0,2424.3667820069204,2434.60553633218,2486.1472217964188,1188.4397929210463,1.0919420879418376,0.008569003933303,False,False,,
1263,5.062609200000001,703601.0,2434.60553633218,2424.3667820069204,2475.949287979227,1188.4397929210463,1.0833611451983045,-1.0203246783995894,False,False,,
1264,5.066617600000001,700382.0,2423.4671280276816,2424.80276816609,2476.426094613591,1188.4397929210463,1.0837623490600437,0.0543298807458825,False,False,,
1265,5.070626000000001,700768.0,2424.80276816609,2424.80276816609,2476.4669150559207,1188.4397929210463,1.083796696986268,0.7298477828842636,False,False,,
1266,5.074634400000001,702791.0,2431.80276816609,2431.674740484429,2483.379707783716,1188.4397929210463,1.0896133927658704,0.7432854978308967,False,False,,
1267,5.078642800000001,702754.0,2431.674740484429,2431.80276816609,2483.548555841968,1188.4397929210463,1.0897554681652788,0.396810176295304,False,False,,
1268,5.082651200000001,703823.0,2435.3737024221455,2435.3737024221455,2487.160310441742,1188.4397929210463,1.0927945405871946,0.3833724475489362,False,False,,
1269,5.086659600000001,704898.0,2439.093425605536,2435.3737024221455,2487.2011307525945,1188.4397929210463,1.0928288884027892,-0.4156272367080191,False,False,,
1270,5.090668000000001,701763.0,2428.2456747404844,2431.332179930796,2483.200428539225,1188.4397929210463,1.0894625401559537,-0.7395852946090429,False,False,,
1271,5.094676400000001,702655.0,2431.332179930796,2428.2456747404844,2480.154743594028,1188.4397929210463,1.0868997810129677,-0.6150139881762868,False,False,,
1272,5.098684800000001,700938.0,2425.3910034602077,2425.3910034602077,2477.3408925259855,1188.4397929210463,1.084532096015542,-0.6226408101781544,False,False,,
1273,5.102693200000001,700025.0,2422.2318339100348,2422.2318339100348,2474.2225431551888,1188.4397929210463,1.0819081941659312,-0.3230159380682948,False,False,,
1274,5.106701600000001,699046.0,2418.8442906574396,2422.2318339100348,2474.263363301692,1188.4397929210463,1.081942541843236,0.1418565945850218,False,False,,
1275,5.110710000000001,702083.0,2429.3529411764707,2423.501730103806,2475.5740796091013,1188.4397929210463,1.0830454301134005,0.7559967942355854,False,False,,
1276,5.114718400000001,700392.0,2423.501730103806,2429.3529411764707,2481.466110762531,1188.4397929210463,1.088003216943264,1.1093725537305374,False,False,,
1277,5.118726800000001,704835.0,2438.8754325259515,2433.989619377163,2486.143609011123,1188.4397929210463,1.0919390480021474,0.4952323402802392,False,False,,
1278,5.122735200000001,703423.0,2433.989619377163,2433.989619377163,2486.1844290261497,1188.4397929210463,1.091973395568823,-0.0971169728792631,False,False,,
1279,5.126743600000001,703132.0,2432.982698961938,2432.982698961938,2485.2183285930787,1188.4397929210463,1.091160480653969,-0.4461345661155462,False,False,,
1280,5.130752000000001,702171.0,2429.657439446367,2429.657439446367,2481.9338890267964,1188.4397929210463,1.0883968239791877,-0.5805117914792959,False,False,,
1281,5.1347604,696553.0,2410.2179930795846,2427.370242214533,2479.6875117113855,1188.4397929210463,1.0865066337240383,-0.3433541668727287,False,False,,
1282,5.1387688,701510.0,2427.370242214533,2426.304498269896,2478.662587650299,1188.4397929210463,1.0856442222942029,-0.1032910888938545,False,False,,
1283,5.1427772,701202.0,2426.304498269896,2426.304498269896,2478.703407500984,1188.4397929210463,1.085678569722594,-0.5122336579319438,False,False,,
1284,5.1467856,699768.0,2421.342560553633,2421.342560553633,2473.7822896025327,1188.4397929210463,1.081537747505294,-0.7969680953081593,False,False,,
1285,5.150794,698984.0,2418.629757785467,2418.629757785467,2471.110306619313,1188.4397929210463,1.0792894358961276,-1.8091554207500735,False,False,,
1286,5.1548024,694763.0,2404.0242214532873,2404.0242214532873,2456.5455900392144,1188.4397929210463,1.0670341103282246,-1.8320358729560835,False,False,,
1287,5.1588108,693916.0,2401.093425605536,2401.093425605536,2453.6556139106715,1188.4397929210463,1.0646023707098131,-0.559447302830506,False,False,,
1288,5.1628192,693199.0,2398.612456747405,2398.612456747405,2451.2154647388684,1188.4397929210463,1.062549133190893,-0.2518324339471007,False,False,,
1289,5.1668276,692446.0,2396.006920415225,2398.612456747405,2451.2562843923456,1188.4397929210463,1.062583480453346,-0.2649069810210847,False,False,,
1290,5.170836,695220.0,2405.60553633218,2396.006920415225,2448.691567680763,1188.4397929210463,1.060425426905443,0.1207919472396383,False,False,,
1291,5.1748444000000005,692349.0,2395.671280276817,2399.681660899654,2452.407127752931,1188.4397929210463,1.063551845335977,-0.026659818299862,False,False,,
1292,5.1788528000000005,693508.0,2399.681660899654,2395.671280276817,2448.4375666849523,1188.4397929210463,1.0602117004740967,-0.7203368178150527,False,False,,
1293,5.1828612000000005,691501.0,2392.7370242214533,2392.7370242214533,2445.5441301515825,1188.4397929210463,1.057777049134917,-0.9008381154624772,False,False,,
1294,5.1868696000000005,686878.0,2376.740484429066,2387.006920415225,2439.854845834482,1188.4397929210463,1.052989861470057,-1.6704200843258832,False,False,,
1295,5.1908780000000005,689845.0,2387.006920415225,2376.740484429066,2429.629229304578,1188.4397929210463,1.0443856254028931,-1.739061427144151,False,False,,
1296,5.194886400000001,685033.0,2370.3564013840833,2370.3564013840833,2423.285965682985,1188.4397929210463,1.0390481538209275,-0.6615014146264855,False,False,,
1297,5.198894800000001,684608.0,2368.885813148789,2370.3564013840833,2423.326785073502,1188.4397929210463,1.0390825008621156,-0.1457834479587063,False,False,,
1298,5.202903200000001,686487.0,2375.387543252595,2368.885813148789,2421.8970161958664,1188.4397929210463,1.0378794370753324,-0.3738615445768687,False,False,,
1299,5.206911600000001,683980.0,2366.712802768166,2366.712802768166,2419.764825140022,1188.4397929210463,1.0360853276315516,-1.7365191830422049,False,False,,
1300,5.210920000000001,679803.0,2352.259515570934,2352.259515570934,2405.3523572347103,1188.4397929210463,1.0239581100887196,-2.202118092838319,False,False,,
1301,5.214928400000001,676469.0,2340.7231833910037,2345.650519031142,2398.7841799539583,1188.4397929210463,1.0184313873048854,-0.980011775053228,False,False,,
1302,5.218936800000001,677893.0,2345.650519031142,2342.840830449827,2396.0153105988256,1188.4397929210463,1.0161015516904728,-0.2863347893377437,False,False,,
1303,5.222945200000001,677081.0,2342.840830449827,2342.840830449827,2396.056129792135,1188.4397929210463,1.0161358985657225,-0.3437175003395083,False,False,,
1304,5.226953600000001,676111.0,2339.484429065744,2339.484429065744,2392.740547568488,1188.4397929210463,1.013346037233751,-0.9749272523507102,False,False,,
1305,5.230962000000001,672563.0,2327.2076124567475,2333.470588235294,2386.767525865617,1188.4397929210463,1.0083201017690773,-1.2799998633316108,False,False,,
1306,5.234970400000001,674373.0,2333.470588235294,2327.2076124567475,2380.5453691817756,1188.4397929210463,1.0030845343293942,-1.3595366562964273,False,False,,
1307,5.238978800000001,670606.0,2320.4359861591697,2320.4359861591697,2373.8145619460306,1188.4397929210463,0.99742096830288,-1.918473255674769,False,False,,
1308,5.242987200000001,667257.0,2308.8477508650517,2308.8477508650517,2362.26714568088,1188.4397929210463,0.9877045179333004,-1.4092925590944247,False,False,,
1309,5.246995600000001,666702.0,2306.9273356401386,2306.9273356401386,2360.3875494520685,1188.4397929210463,0.9861229517151318,-1.116931320415091,False,False,,
1310,5.251004000000001,662697.0,2293.0692041522493,2298.1245674740485,2351.6256002492146,1188.4397929210463,0.9787503029237968,-1.4459739217182772,False,False,,
1311,5.255012400000001,664158.0,2298.1245674740485,2293.0692041522493,2346.6110558577716,1188.4397929210463,0.9745308679795006,-0.6422528895311643,False,False,,
1312,5.259020800000001,661851.0,2290.1418685121107,2291.923875432526,2345.5065460355463,1188.4397929210463,0.9736014899590032,-0.298683035166718,False,False,,
1313,5.263029200000001,662366.0,2291.923875432526,2290.1418685121107,2343.765357979756,1188.4397929210463,0.972136385823176,-0.7061728775187106,False,False,,
1314,5.267037600000001,657929.0,2276.5709342560554,2285.114186851211,2338.778495150616,1188.4397929210463,0.9679402432345112,-1.4158298705795147,False,False,,
1315,5.271046000000001,660398.0,2285.114186851211,2276.5709342560554,2330.2760613543546,1188.4397929210463,0.9607859609167142,-1.7038329429994403,False,False,,
1316,5.275054400000001,655683.0,2268.7993079584776,2268.7993079584776,2322.5452538227983,1188.4397929210463,0.9542809552970732,-1.5574707362751212,False,False,,
1317,5.279062800000001,651076.0,2252.8581314878893,2261.650519031142,2315.437283628611,1188.4397929210463,0.9483000295181436,-1.6646093362743812,False,False,,
1318,5.283071200000001,653617.0,2261.650519031142,2252.8581314878893,2306.685714785649,1188.4397929210463,0.9409361151700288,-1.6627934348158533,False,False,,
1319,5.287079600000001,649015.0,2245.7266435986157,2245.7266435986157,2299.595045563793,1188.4397929210463,0.934969747109912,-1.520789408149227,False,False,,
1320,5.291088,646865.0,2238.287197231834,2238.287197231834,2292.1964178315634,1188.4397929210463,0.9287442506427794,-1.364984477963631,False,False,,
1321,5.2950964,642378.0,2222.7612456747406,2232.6401384083047,2286.5901776097207,1188.4397929210463,0.9240269395469743,-0.584143891082519,False,False,,
1322,5.2991048,645233.0,2232.6401384083047,2232.6401384083047,2286.6309961785346,1188.4397929210463,0.9240612858967492,0.0085685899479983,False,False,,
1323,5.3031132,647041.0,2238.8961937716263,2232.6401384083047,2286.671814714483,1188.4397929210463,0.9240956322188696,-0.5096916622194101,False,False,,
1324,5.3071216,643806.0,2227.702422145329,2227.702422145329,2281.7749169545827,1188.4397929210463,0.9199751897790684,-2.5420563029778407,False,False,,
1325,5.31113,638210.0,2208.3391003460206,2208.3391003460206,2262.452413625492,1188.4397929210463,0.9037164752491564,-2.975332044008155,False,False,,
1326,5.3151384,635322.0,2198.3460207612457,2199.2733564013843,2253.4274881181927,1188.4397929210463,0.8961225478486637,-1.04030010501765,False,False,,
1327,5.3191468,635590.0,2199.2733564013843,2198.3460207612457,2252.540970882533,1188.4397929210463,0.8953765973672511,-0.8677888179419284,False,False,,
1328,5.3231552,633177.0,2190.923875432526,2190.923875432526,2245.15964392542,1188.4397929210463,0.8891656584529869,-1.1227423582530065,False,False,,
1329,5.3271636,632207.0,2187.567474048443,2187.567474048443,2241.8440608800774,1188.4397929210463,0.8863757964296083,-0.9604001579807572,False,False,,
1330,5.3311720000000005,630509.0,2181.6920415224913,2181.6920415224913,2236.009446659994,1188.4397929210463,0.8814663224664867,-0.7788093291168536,False,False,,
1331,5.3351804000000005,628147.0,2173.5190311418687,2180.065743944637,2234.423967355149,1188.4397929210463,0.8801322377999443,-0.8492665802919674,False,False,,
1332,5.3391888000000005,630039.0,2180.065743944637,2173.5190311418687,2227.918072792518,1188.4397929210463,0.874657922145602,-2.382619604374497,False,False,,
1333,5.3431972000000005,623455.0,2157.2837370242214,2157.2837370242214,2211.7235968821424,1188.4397929210463,0.8610312529555947,-2.0499452001565572,False,False,,
1334,5.347205600000001,622479.0,2153.906574394464,2153.906574394464,2208.3872524267836,1188.4397929210463,0.8582239214649868,-0.697819843964453,False,False,,
1335,5.351214000000001,620942.0,2148.5882352941176,2150.553633217993,2205.075129391854,1188.4397929210463,0.8554369708305004,-0.5496417288817668,False,False,,
1336,5.355222400000001,621510.0,2150.553633217993,2148.5882352941176,2203.1505495766382,1188.4397929210463,0.8538175536528875,-1.4252727458307106,False,False,,
1337,5.359230800000001,617562.0,2136.8927335640137,2136.8927335640137,2191.4958659223366,1188.4397929210463,0.8440108442817247,-2.766865847345926,False,False,,
1338,5.363239200000001,613300.0,2122.1453287197232,2122.1453287197232,2176.789279120983,1188.4397929210463,0.8316361435278845,-2.4948427822728547,False,False,,
1339,5.367247600000001,610669.0,2113.0415224913495,2113.0415224913495,2167.726290902673,1188.4397929210463,0.8240101886647996,-1.1401751543816374,False,False,,
1340,5.371256000000001,610137.0,2111.2006920415224,2111.2006920415224,2165.926278430037,1188.4397929210463,0.8224955873502378,-0.2216887139915542,False,False,,
1341,5.375264400000001,610035.0,2110.8477508650517,2110.8477508650517,2165.614155197899,1188.4397929210463,0.822232954582472,-0.7196107925519755,False,False,,
1342,5.379272800000001,608132.0,2104.2629757785467,2104.2629757785467,2159.070198022862,1188.4397929210463,0.816726611548507,-1.276731483572675,False,False,,
1343,5.383281200000001,606496.0,2098.6020761245672,2098.6020761245672,2153.450116247477,1188.4397929210463,0.8119976536249666,-2.2856501739724138,False,False,,
1344,5.387289600000001,600648.0,2078.3667820069204,2082.404844290658,2137.293702259289,1188.4397929210463,0.7984030112338049,-2.115317976925809,False,False,,
1345,5.391298000000001,601815.0,2082.404844290658,2078.3667820069204,2133.296457788416,1188.4397929210463,0.7950395724675476,-0.7112576417055578,False,False,,
1346,5.395306400000001,599833.0,2075.546712802768,2075.546712802768,2130.5172063642544,1188.4397929210463,0.7927010009717798,-1.1038570355249815,False,False,,
1347,5.399314800000001,597585.0,2067.7681660899652,2067.7681660899652,2122.779477398577,1188.4397929210463,0.7861901713851509,-1.9014039930942912,False,False,,
1348,5.403323200000001,594574.0,2057.349480968858,2057.349480968858,2112.401609991737,1188.4397929210463,0.7774578254399414,-1.6108586627734098,False,False,,
1349,5.407331600000001,593126.0,2052.3391003460206,2052.3391003460206,2107.4320470502867,1188.4397929210463,0.773276239657429,-2.4084056203450643,False,False,,
1350,5.411340000000001,587919.0,2034.3217993079584,2034.3217993079584,2089.455563660746,1188.4397929210463,0.7581501192627589,-2.7073041429099476,False,False,,
1351,5.415348400000001,585648.0,2026.4636678200693,2026.4636678200693,2081.6382497885133,1188.4397929210463,0.7515723238045484,-1.8276781413724592,False,False,,
1352,5.419356800000001,582863.0,2016.8269896193772,2016.8269896193772,2072.0423891706187,1188.4397929210463,0.7434979891390041,-1.3707956054926882,False,False,,
1353,5.423365200000001,581850.0,2013.3217993079584,2013.3217993079584,2068.578016409118,1188.4397929210463,0.7405829295944345,-1.4830187488947502,False,False,,
1354,5.427373600000001,577477.0,1998.190311418685,2002.6159169550176,2057.9129515732293,1188.4397929210463,0.7316089244328645,-1.5796250804189924,False,False,,
1355,5.431382000000001,578756.0,2002.6159169550176,1998.190311418685,2053.5281635210913,1188.4397929210463,0.7279193912497315,-1.3569947226726953,False,False,,
1356,5.435390400000001,574996.0,1989.60553633218,1989.60553633218,2044.9842058859072,1188.4397929210463,0.720730169140142,-1.552023287182024,False,False,,
1357,5.439398800000001,573180.0,1983.3217993079584,1983.3217993079584,2038.7412862801416,1188.4397929210463,0.7154771309610506,-1.9504335877458343,False,False,,
1358,5.443407200000001,568389.0,1966.7439446366784,1970.9411764705883,2026.4014808283544,1188.4397929210463,0.7050939331539011,-1.731435046714779,False,False,,
1359,5.4474156,569602.0,1970.9411764705883,1966.7439446366784,2022.2450663471693,1188.4397929210463,0.7015965624785475,-1.587978293360365,False,False,,
1360,5.451424,564535.0,1953.40830449827,1955.7301038062285,2011.2720428365787,1188.4397929210463,0.6923634287716897,-1.3911338342931288,False,False,,
1361,5.4554324,565206.0,1955.7301038062285,1953.40830449827,2008.991060815607,1188.4397929210463,0.6904441207557863,-0.5521841799679947,False,False,,
1362,5.4594408,563662.0,1950.3875432525952,1950.3875432525952,2006.0111168240533,1188.4397929210463,0.6879366786377222,-0.8049586302499279,False,False,,
1363,5.4634492,562295.0,1945.6574394463669,1945.6574394463669,2001.3218302390733,1188.4397929210463,0.6839909284087987,-2.003821334856255,False,False,,
1364,5.4674576,554962.0,1920.2837370242216,1931.2145328719723,1986.9197408530688,1188.4397929210463,0.6718724437604465,-2.6546428971298752,False,False,,
1365,5.471466,558121.0,1931.2145328719723,1920.2837370242216,1976.0297621608352,1188.4397929210463,0.6627091872310877,-1.646450583872877,False,False,,
1366,5.4754744,553564.0,1915.4463667820069,1915.4463667820069,1971.2332090412797,1188.4397929210463,0.6586731787196544,-1.3439202583908385,False,False,,
1367,5.4794828,551238.0,1907.3979238754323,1907.3979238754323,1963.2255832244916,1188.4397929210463,0.6519352473036201,-0.8565304621028531,False,False,,
1368,5.4834912000000005,551182.0,1907.204152249135,1907.204152249135,1963.0726286551148,1188.4397929210463,0.6518065453110682,-0.1955398268246853,False,False,,
1369,5.4874996000000005,550676.0,1905.453287197232,1905.453287197232,1961.362580627267,1188.4397929210463,0.6503676436199319,-2.7646869780992347,False,False,,
1370,5.4915080000000005,543546.0,1880.7820069204151,1880.7820069204151,1936.7321173416328,1188.4397929210463,0.6296426027450421,-2.6924138323646645,False,False,,
1371,5.4955164000000005,542980.0,1878.8235294117649,1879.719723183391,1935.7106505629329,1188.4397929210463,0.6287831004086307,-0.1029285212836015,False,False,,
1372,5.4995248000000005,543239.0,1879.719723183391,1879.719723183391,1935.7514674883844,1188.4397929210463,0.6288174453756157,0.0085682449749953,False,False,,
1373,5.503533200000001,543367.0,1880.1626297577857,1879.719723183391,1935.7922843809704,1188.4397929210463,0.6288517903149463,-3.009834633976382,False,False,,
1374,5.507541600000001,532919.0,1844.0103806228376,1850.961937716263,1907.075315773563,1188.4397929210463,0.6046882030819537,-3.739466618971136,False,False,,
1375,5.511550000000001,534928.0,1850.961937716263,1844.0103806228376,1900.1645755069924,1188.4397929210463,0.5988732343239783,-1.6402765644501611,False,False,,
1376,5.515558400000001,530388.0,1835.2525951557093,1835.2525951557093,1891.4476068338536,1188.4397929210463,0.5915384339200696,-1.2247967391243009,False,False,,
1377,5.519566800000001,529523.0,1832.2595155709344,1832.2595155709344,1888.4953440101956,1188.4397929210463,0.5890542838257665,-1.557471157141208,False,False,,
1378,5.523575200000001,526076.0,1820.3321799307955,1820.3321799307955,1876.6088250983155,1188.4397929210463,0.5790524991474999,-2.2297204380348603,False,False,,
1379,5.527583600000001,523360.0,1810.9342560553632,1810.9342560553632,1867.2517179182687,1188.4397929210463,0.5711790610181285,-1.6526247688791784,False,False,,
1380,5.531592000000001,521502.0,1804.5051903114183,1804.5051903114183,1860.8634688368516,1188.4397929210463,0.5658037369003492,-0.6767556243887611,False,False,,
1381,5.535600400000001,521473.0,1804.4048442906576,1804.4048442906576,1860.8039394457376,1188.4397929210463,0.5657536465285287,-1.632649790744935,False,False,,
1382,5.539608800000001,516983.0,1788.868512110727,1788.868512110727,1845.3084238625963,1188.4397929210463,0.5527151100579051,-1.642092521102953,False,False,,
1383,5.543617200000001,516928.0,1788.6782006920416,1788.6782006920416,1845.158929007835,1188.4397929210463,0.5525893192053505,-1.3246717470883738,False,False,,
1384,5.547625600000001,513312.0,1776.166089965398,1776.166089965398,1832.6876348122496,1188.4397929210463,0.542095481595847,-2.4806790144546227,False,False,,
1385,5.551634000000001,509841.0,1764.1557093425606,1764.961937716263,1821.5242990613071,1188.4397929210463,0.5327022116822706,-1.2520354265821254,False,False,,
1386,5.555642400000001,510074.0,1764.961937716263,1764.1557093425606,1820.758887152925,1188.4397929210463,0.5320581639880233,-1.1470759304102105,False,False,,
1387,5.559650800000001,506892.0,1753.9515570934257,1753.9515570934257,1810.5955513362517,1188.4397929210463,0.523506333363358,-1.9685928783010385,False,False,,
1388,5.563659200000001,504397.0,1745.318339100346,1745.318339100346,1802.003149742761,1188.4397929210463,0.5162763486012595,-1.0177832691451698,False,False,,
1389,5.567667600000001,504066.0,1744.1730103806228,1744.1730103806228,1800.8986373897685,1188.4397929210463,0.5153469684512749,-3.223385567221456,False,False,,
1390,5.571676000000001,494187.0,1709.9896193771626,1714.525951557093,1771.292394900097,1188.4397929210463,0.4904351111859583,-3.5793036122167337,False,False,,
1391,5.575684400000001,495498.0,1714.525951557093,1709.9896193771626,1766.7968790211587,1188.4397929210463,0.4866524072528556,-0.6375320797547346,False,False,,
1392,5.579692800000001,493719.0,1708.370242214533,1708.370242214533,1765.2183181266632,1188.4397929210463,0.4853241440089805,-0.9640324093556956,False,False,,
1393,5.583701200000001,491509.0,1700.7231833910034,1700.7231833910034,1757.6120755383952,1188.4397929210463,0.4789239522335328,-1.2614782052353064,False,False,,
1394,5.587709600000001,490222.0,1696.2698961937715,1696.2698961937715,1753.1996045435594,1188.4397929210463,0.4752111255332501,-1.0301314873723513,False,False,,
1395,5.591718000000001,488649.0,1690.8269896193772,1690.8269896193772,1747.7975141386953,1188.4397929210463,0.4706655941255661,-1.5331381093356953,False,False,,
1396,5.595726400000001,485977.0,1681.5813148788927,1681.5813148788927,1738.5926555348683,1188.4397929210463,0.4629202639383276,-2.032876096254512,False,False,,
1397,5.599734800000001,483028.0,1671.3771626297578,1671.3771626297578,1728.429319389533,1188.4397929210463,0.4543684330371128,-2.136019697866218,False,False,,
1398,5.603743200000001,480072.0,1661.1487889273355,1661.1487889273355,1718.2417617580447,1188.4397929210463,0.4457962212244736,-1.1561555549881462,False,False,,
1399,5.6077516,479821.0,1660.280276816609,1660.280276816609,1717.4140656853867,1188.4397929210463,0.4450997651838831,-0.6694921220432448,False,False,,
1400,5.61176,478205.0,1654.688581314879,1654.688581314879,1711.8631861888523,1188.4397929210463,0.440429036780477,-1.6537144587785306,False,False,,
1401,5.6157684,475244.0,1644.4429065743946,1644.4429065743946,1701.658327420698,1188.4397929210463,0.4318422671107473,-2.491574581887278,False,False,,
1402,5.6197768,471321.0,1630.868512110727,1630.868512110727,1688.124748896502,1188.4397929210463,0.4204545816724029,-1.488466812030893,False,False,,
1403,5.6237852,469559.0,1624.7716262975778,1630.1799307958477,1687.4769834882295,1188.4397929210463,0.419909526372058,-0.6313580741286913,False,False,,
1404,5.6277936,471122.0,1630.1799307958477,1624.7716262975778,1682.1094948637003,1188.4397929210463,0.415393110263728,-0.6302685360139648,False,False,,
1405,5.631802,469363.0,1624.0934256055364,1624.0934256055364,1681.4721100125273,1188.4397929210463,0.4148567895725412,-2.014717074770033,False,False,,
1406,5.6358104,463988.0,1605.4948096885814,1605.4948096885814,1662.9143099035823,1188.4397929210463,0.3992415264187115,-2.863109466353798,False,False,,
1407,5.6398188000000005,458765.0,1587.4221453287198,1596.7335640138408,1654.1938800039788,1188.4397929210463,0.3919038136026759,-1.887603503534919,False,False,,
1408,5.6438272000000005,461456.0,1596.7335640138408,1587.4290657439446,1644.9301974763544,1188.4397929210463,0.3841089866515727,-0.9680275181294888,False,False,,
1409,5.6478356000000005,458767.0,1587.4290657439446,1587.4290657439446,1644.9710131857678,1188.4397929210463,0.3841433305953354,-0.4933490803441316,False,False,,
1410,5.6518440000000005,457385.0,1582.6470588235295,1582.6470588235295,1640.2298219418933,1188.4397929210463,0.3801539057442698,-0.5481895196444242,False,False,,
1411,5.655852400000001,456817.0,1580.681660899654,1582.1245674740485,1639.7481462360877,1188.4397929210463,0.37974860485425,-0.1977192135209762,False,False,,
1412,5.659860800000001,457234.0,1582.1245674740485,1580.681660899654,1638.3460552725026,1188.4397929210463,0.3785688303533148,-2.253690662927788,False,False,,
1413,5.663869200000001,451005.0,1560.5709342560554,1560.5709342560554,1618.2761442068554,1188.4397929210463,0.3616812175476904,-3.057774890585371,False,False,,
1414,5.667877600000001,448062.0,1550.3875432525952,1551.4671280276816,1609.2131535235603,1188.4397929210463,0.3540552606104699,-1.0602757040916373,False,False,,
1415,5.671886000000001,448374.0,1551.4671280276816,1550.3875432525952,1608.1743842606943,1188.4397929210463,0.3531811992831284,-1.1321856819528762,False,False,,
1416,5.675894400000001,445233.0,1540.598615916955,1540.598615916955,1598.4262724044015,1188.4397929210463,0.34497875443539,-1.3845969505625175,False,False,,
1417,5.679902800000001,442454.0,1530.9826989619378,1537.1141868512111,1594.9826587851474,1188.4397929210463,0.3420811624498588,-1.000713930658648,False,False,,
1418,5.683911200000001,444226.0,1537.1141868512111,1530.9826989619378,1588.891986309491,1188.4397929210463,0.3369562309960857,-0.5267618562163747,False,False,,
1419,5.687919600000001,440731.0,1525.0207612456747,1532.01384083045,1589.9639435587612,1188.4397929210463,0.3378582180009434,-0.6171940993254452,False,False,,
1420,5.691928000000001,442752.0,1532.01384083045,1525.0207612456747,1583.0116793218715,1188.4397929210463,0.3320083093406135,-1.380238798100592,False,False,,
1421,5.695936400000001,438928.0,1518.7820069204151,1518.7820069204151,1576.8137403116395,1188.4397929210463,0.3267931196043305,-1.4227310605682248,False,False,,
1422,5.699944800000001,436790.0,1511.3840830449826,1511.3840830449826,1569.4566317183617,1188.4397929210463,0.3206025589742501,-1.513163303677267,False,False,,
1423,5.703953200000001,434738.0,1504.2837370242214,1504.2837370242214,1562.397100946897,1188.4397929210463,0.3146623920314105,-1.214264794910484,False,False,,
1424,5.707961600000001,433423.0,1499.7335640138408,1499.7335640138408,1557.88774315294,1188.4397929210463,0.3108680409664117,-2.208293036776155,False,False,,
1425,5.711970000000001,427663.0,1479.80276816609,1483.1626297577857,1541.35762408045,1188.4397929210463,0.2969589484141833,-1.7307091456186043,False,False,,
1426,5.715978400000001,428634.0,1483.1626297577857,1483.1626297577857,1541.398439231143,1188.4397929210463,0.2969932918878163,0.1164328288633598,False,False,,
1427,5.719986800000001,431501.0,1493.083044982699,1484.190311418685,1542.4669360098767,1188.4397929210463,0.2978923671166151,0.1164328219650343,False,False,,
1428,5.723995200000001,428931.0,1484.190311418685,1484.190311418685,1542.5077510948456,1188.4397929210463,0.2979267105349456,-1.1205639581514788,False,False,,
1429,5.728003600000001,425822.0,1473.4325259515572,1473.4325259515572,1531.7907806798212,1188.4397929210463,0.2889090299769062,-1.3250352461196968,False,False,,
1430,5.732012000000001,424002.0,1467.134948096886,1471.484429065744,1529.883498813246,1188.4397929210463,0.2873041679738532,-0.6524227973527132,False,False,,
1431,5.736020400000001,425259.0,1471.484429065744,1467.134948096886,1525.5748328307602,1188.4397929210463,0.283678686895089,-1.7071023783632313,False,False,,
1432,5.740028800000001,420535.0,1455.1384083044982,1455.1384083044982,1513.6191079918794,1188.4397929210463,0.2736186696269908,-1.2618416559714802,False,False,,
1433,5.744037200000001,420504.0,1455.031141868512,1455.031141868512,1513.5526564765348,1188.4397929210463,0.2735627547074968,-0.0695162352508091,False,False,,
1434,5.748045600000001,417647.0,1445.1453287197232,1454.39446366782,1512.9567931636186,1188.4397929210463,0.273061371872232,-1.0290422183207395,False,False,,
1435,5.752054000000001,420320.0,1454.39446366782,1445.1453287197232,1503.7484730704396,1188.4397929210463,0.265313129051663,-1.3322989209440266,False,False,,
1436,5.756062400000001,416030.0,1439.5501730103806,1441.6193771626297,1500.263336335391,1188.4397929210463,0.2623805978828079,-0.5786969594267433,False,False,,
1437,5.760070800000001,416628.0,1441.6193771626297,1439.5501730103806,1498.2349469723283,1188.4397929210463,0.2606738312673307,-0.577970602982866,False,False,,
1438,5.7640792,415013.0,1436.031141868512,1436.031141868512,1494.756730586774,1188.4397929210463,0.2577471231528156,-1.6962069765102896,False,False,,
1439,5.7680876,411336.0,1423.3079584775087,1423.3079584775087,1482.0743619192262,1188.4397929210463,0.2470756791780426,-1.5026311524853109,False,False,,
1440,5.772096,408303.0,1412.8131487889273,1421.6332179930796,1480.4404361253874,1188.4397929210463,0.2457008297295713,-0.3477134439318483,False,False,,
1441,5.7761044,410852.0,1421.6332179930796,1419.9134948096885,1478.761527599721,1188.4397929210463,0.2442881300407298,-0.1719335218123703,False,False,,
1442,5.7801128,410355.0,1419.9134948096885,1419.9134948096885,1478.80234222458,1188.4397929210463,0.2443224730719059,-0.6447960650382356,False,False,,
1443,5.7841212,408083.0,1412.0519031141869,1413.688581314879,1472.6182433217643,1188.4397929210463,0.2391189289465312,-0.8165810025691229,False,False,,
1444,5.7881296,408556.0,1413.688581314879,1412.0519031141869,1471.0223796802004,1188.4397929210463,0.2377761064905097,-1.617033413511475,False,False,,
1445,5.7921380000000005,404080.0,1398.2006920415224,1398.2006920415224,1457.2119831337986,1188.4397929210463,0.2261554954770924,-1.5313225459296511,False,False,,
1446,5.7961464000000005,403843.0,1397.3806228373703,1397.3806228373703,1456.432728423051,1188.4397929210463,0.2254997999043008,-0.699636525034272,False,False,,
1447,5.8001548000000005,399718.0,1383.107266435986,1391.453287197232,1450.5462072434443,1188.4397929210463,0.2205466493831976,-0.8100437600772814,False,False,,
1448,5.8041632000000005,402130.0,1391.453287197232,1389.5813148788927,1448.7150493527786,1188.4397929210463,0.2190058410885132,-0.1879135636516373,False,False,,
1449,5.8081716000000005,401589.0,1389.5813148788927,1389.5813148788927,1448.7558637475863,1188.4397929210463,0.2190401839261151,-0.1276254130774141,False,False,,
1450,5.812180000000001,400941.0,1387.3391003460208,1388.2837370242214,1447.4991002548577,1188.4397929210463,0.2179826936769542,-0.1276254199765034,False,False,,
1451,5.816188400000001,401214.0,1388.2837370242214,1388.2837370242214,1447.539914583935,1188.4397929210463,0.2180170364592475,0.0085676999466421,False,False,,
1452,5.820196800000001,401611.0,1389.6574394463669,1388.2837370242214,1447.580728880146,1188.4397929210463,0.2180513792138864,-0.4290662211412304,False,False,,
1453,5.824205200000001,400009.0,1384.1141868512111,1384.1141868512111,1443.4519929704818,1188.4397929210463,0.2145772983776025,-2.144373262656714,False,False,,
1454,5.828213600000001,395286.0,1367.7716262975778,1367.7716262975778,1427.1502466473362,1188.4397929210463,0.20086036764182,-2.2762082163189703,False,False,,
1455,5.832222000000001,392005.0,1356.4186851211073,1362.3460207612457,1421.7654553086263,1188.4397929210463,0.1963293923490164,-0.5609011886009085,False,False,,
1456,5.836230400000001,393718.0,1362.3460207612457,1362.3460207612457,1421.806269473383,1188.4397929210463,0.1963637349930442,0.5188379139466974,False,False,,
1457,5.840238800000001,395593.0,1368.833910034602,1367.2076124567477,1426.708675300776,1188.4397929210463,0.2004888121375443,0.518837907047601,False,False,,
1458,5.844247200000001,395123.0,1367.2076124567477,1367.2076124567477,1426.749489399802,1188.4397929210463,0.2005231547262635,-0.5681648427287271,False,False,,
1459,5.848255600000001,393535.0,1361.712802768166,1361.712802768166,1421.295493777381,1188.4397929210463,0.1959339482263566,-1.650446230774424,False,False,,
1460,5.852264000000001,390555.0,1351.401384083045,1351.401384083045,1411.0248891255617,1188.4397929210463,0.187291857383391,-1.0737137432895096,False,False,,
1461,5.856272400000001,388198.0,1343.2456747404844,1351.401384083045,1411.0657031259982,1188.4397929210463,0.1873261998891533,-0.8474515688287063,False,False,,
1462,5.860280800000001,391404.0,1354.3391003460208,1343.2456747404844,1402.950807751001,1188.4397929210463,0.180498007646405,-1.4953676777301226,False,False,,
1463,5.864289200000001,386414.0,1337.0726643598616,1337.0726643598616,1396.818611305084,1188.4397929210463,0.1753381362903263,-1.4132886268628049,False,False,,
1464,5.868297600000001,382073.0,1322.0519031141869,1329.6989619377164,1389.485722784786,1188.4397929210463,0.1691679553825712,-1.5680040258319714,False,False,,
1465,5.872306000000001,384283.0,1329.6989619377164,1322.0519031141869,1381.879477830231,1188.4397929210463,0.1627677616160365,-2.5340672789901326,False,False,,
1466,5.876314400000001,376624.0,1303.19723183391,1305.474048442907,1365.3424369950671,1188.4397929210463,0.1488528448203629,-1.731435791816068,False,False,,
1467,5.880322800000001,377282.0,1305.474048442907,1305.474048442907,1365.383250798318,1188.4397929210463,0.1488871871602054,0.0746666537834528,False,False,,
1468,5.884331200000001,379556.0,1313.3425605536331,1306.1038062283735,1366.0538223541705,1188.4397929210463,0.1494514324504141,0.1810788766414539,False,False,,
1469,5.888339600000001,377464.0,1306.1038062283735,1307.1176470588234,1367.1084769221395,1188.4397929210463,0.1503388602984646,0.0085675757683105,False,False,,
1470,5.892348000000001,377757.0,1307.1176470588234,1306.1038062283735,1366.1354497963516,1188.4397929210463,0.1495201169918335,-0.1130982910919726,False,False,,
1471,5.896356400000001,377422.0,1305.9584775086505,1305.9584775086505,1366.0309347484172,1188.4397929210463,0.1494321739184385,-0.7893425703724226,False,False,,
1472,5.900364800000001,372865.0,1290.190311418685,1298.5017301038065,1358.6150009825035,1188.4397929210463,0.1431921154736719,-1.6464513220720391,False,False,,
1473,5.904373200000001,375267.0,1298.5017301038065,1290.190311418685,1350.344395903447,1188.4397929210463,0.1362329029596513,-1.5244222873384103,False,False,,
1474,5.908381600000001,371046.0,1283.8961937716265,1283.8961937716265,1344.091091829588,1188.4397929210463,0.1309711268805372,-0.653149464245935,False,False,,
1475,5.912390000000001,371043.0,1283.8858131487889,1283.8858131487889,1344.121524747092,1188.4397929210463,0.1309967343346844,-0.7958798680547385,False,False,,
1476,5.916398400000001,368831.0,1276.2318339100343,1276.2318339100343,1336.5083590158065,1188.4397929210463,0.1245907171543159,-0.959311627139714,False,False,,
1477,5.9204068,368378.0,1274.6643598615915,1274.6643598615915,1334.981698441981,1188.4397929210463,0.1233061248822305,-0.2198737508112405,False,False,,
1478,5.9244152,368202.0,1274.0553633217994,1274.0553633217994,1334.4135153439336,1188.4397929210463,0.1228280332688127,-1.1572456519188368,False,False,,
1479,5.9284236,365168.0,1263.5570934256054,1263.5570934256054,1323.9560588566262,1188.4397929210463,0.1140287179399275,-1.347916036369062,False,False,,
1480,5.932432,364467.0,1261.131487889273,1261.131487889273,1321.571266696308,1188.4397929210463,0.1120220599884492,-0.9091925840647744,False,False,,
1481,5.9364404,360974.0,1249.044982698962,1254.8131487889273,1315.2937409391177,1188.4397929210463,0.106739902831997,-0.6546022392226458,False,False,,
1482,5.9404488,362641.0,1254.8131487889273,1254.8131487889273,1315.3345542494149,1188.4397929210463,0.106774244757049,0.0085674860846811,False,False,,
1483,5.9444572,363284.0,1257.038062283737,1254.8131487889273,1315.3753675268397,1188.4397929210463,0.1068085866544407,-0.5296677580158811,False,False,,
1484,5.9484656000000005,361159.0,1249.6851211072665,1249.6851211072665,1310.288153089745,1188.4397929210463,0.1025280042745873,-1.7292568259644805,False,False,,
1485,5.9524740000000005,357856.0,1238.2560553633218,1238.2560553633218,1298.8999005575013,1188.4397929210463,0.0929454805320485,-1.1910215956621035,False,False,,
1486,5.9564824000000005,354929.0,1228.1280276816608,1238.2560553633218,1298.9407137363366,1188.4397929210463,0.0929798223464833,-0.412723280481055,False,False,,
1487,5.9604908000000005,358378.0,1240.0622837370242,1234.242214532872,1294.9676860518566,1188.4397929210463,0.089636760537088,-0.4127232873793858,False,False,,
1488,5.964499200000001,356696.0,1234.242214532872,1234.242214532872,1295.0084991649685,1188.4397929210463,0.0896711022962202,-0.5289414291652523,False,False,,
1489,5.968507600000001,355216.0,1229.121107266436,1229.121107266436,1289.9282049787855,1188.4397929210463,0.085396342887756,-1.1950166216429636,False,False,,
1490,5.972516000000001,350786.0,1213.7923875432523,1222.7750865051903,1283.6229972649207,1188.4397929210463,0.0800908930438328,-1.509168774412025,False,False,,
1491,5.976524400000001,353382.0,1222.7750865051903,1214.6608996539792,1275.549623428232,1188.4397929210463,0.0732976386570496,-0.6244582294738628,False,False,,
1492,5.980532800000001,351037.0,1214.6608996539792,1216.7439446366782,1277.6734813925807,1188.4397929210463,0.0750847363097867,0.0085674170975682,False,False,,
1493,5.984541200000001,351639.0,1216.7439446366782,1214.6608996539792,1275.6312493586804,1188.4397929210463,0.0733663219264374,-0.7207013862241354,False,False,,
1494,5.988549600000001,345536.0,1195.6262975778548,1209.795847750865,1270.8070103714997,1188.4397929210463,0.0693070174367051,-1.9892949717641804,False,False,,
1495,5.992558000000001,349631.0,1209.795847750865,1195.6262975778548,1256.6782730815496,1188.4397929210463,0.0574185419967982,-1.2164443816560286,False,False,,
1496,5.996566400000001,343621.0,1189.0,1198.1245674740485,1259.2173558279455,1188.4397929210463,0.059555026117845,-0.6869255114687487,False,False,,
1497,6.000574800000001,346258.0,1198.1245674740485,1189.0,1250.133601171241,1188.4397929210463,0.0519115975564555,-0.9716599488434312,False,False,,
1498,6.004583200000001,343559.0,1188.7854671280277,1188.7854671280277,1249.9598810837472,1188.4397929210463,0.0517654226399569,-0.1563171031667245,False,False,,
1499,6.008591600000001,343167.0,1187.4290657439446,1187.4290657439446,1248.6442924512771,1188.4397929210463,0.0506584346037885,-0.1337998464312075,False,False,,
1500,6.012600000000001,341816.0,1182.7543252595156,1187.4290657439446,1248.6851051700246,1188.4397929210463,0.0506927760310872,-0.0379198920466921,False,False,,
1501,6.016608400000001,345349.0,1194.9792387543253,1186.98615916955,1248.2830112815193,1188.4397929210463,0.0503544384132286,0.0583232440093546,False,False,,
1502,6.020616800000001,343039.0,1186.98615916955,1187.903114186851,1249.240778951844,1188.4397929210463,0.0511603418136614,0.1048104910655949,False,False,,
1503,6.024625200000001,343304.0,1187.903114186851,1187.903114186851,1249.2815915720023,1188.4397929210463,0.0511946831580032,0.0085673412128883,False,False,,
1504,6.028633600000001,344115.0,1190.7093425605535,1187.903114186851,1249.3224041593023,1188.4397929210463,0.0512290244746969,-0.1526853278429598,False,False,,
1505,6.032642000000001,342860.0,1186.3667820069204,1186.3667820069204,1247.8268845338062,1188.4397929210463,0.0499706354217518,-0.771910084693066,False,False,,
1506,6.036650400000001,339034.0,1173.1280276816608,1180.4671280276816,1241.9680430761437,1188.4397929210463,0.0450407757077295,-0.7435819212131474,False,False,,
1507,6.040658800000001,341155.0,1180.4671280276816,1179.2006920415224,1240.742419578688,1188.4397929210463,0.0440094878757702,-0.1243571781604631,False,False,,
1508,6.044667200000001,340789.0,1179.2006920415224,1179.2006920415224,1240.7832320345333,1188.4397929210463,0.0440438290818526,-1.442343471025751,False,False,,
1509,6.048675600000001,336134.0,1163.0934256055364,1165.3771626297578,1227.0005150457555,1188.4397929210463,0.0324465087372509,-1.4423434779248447,False,False,,
1510,6.052684000000001,336794.0,1165.3771626297578,1165.3771626297578,1227.04132743587,1188.4397929210463,0.0324808498880247,0.0085672929222901,False,False,,
1511,6.056692400000001,336943.0,1165.892733564014,1165.3771626297578,1227.082139793126,1188.4397929210463,0.0325151910111503,-0.0262981544417568,False,False,,
1512,6.060700800000001,336698.0,1165.044982698962,1165.044982698962,1226.7907721867282,1188.4397929210463,0.032270022843496,-0.7748155863551247,False,False,,
1513,6.064709200000001,334637.0,1157.9134948096885,1157.9134948096885,1219.700096588987,1188.4397929210463,0.0263036494184585,-0.8543523793184113,False,False,,
1514,6.068717600000001,334322.0,1156.8235294117646,1156.8235294117646,1218.65094344973,1188.4397929210463,0.0254208506889761,-0.2823412535633176,False,False,,
1515,6.072726000000001,333836.0,1155.1418685121107,1155.1418685121107,1217.010094775885,1188.4397929210463,0.0240401760568921,-0.716706539606716,False,False,,
1516,6.076734400000001,332063.0,1149.0069204152248,1149.9134948096885,1211.8225332664056,1188.4397929210463,0.019675157702257,-0.6353538520839641,False,False,,
1517,6.0807428,332325.0,1149.9134948096885,1149.0069204152248,1210.9567710320196,1188.4397929210463,0.0189466712955051,-0.3931116840744728,False,False,,
1518,6.0847512,331219.0,1146.0865051903115,1146.0865051903115,1208.0771679343256,1188.4397929210463,0.0165236599533687,-0.2979580930330061,False,False,,
1519,6.0887596,330620.0,1144.01384083045,1146.0865051903115,1208.1179800286795,1188.4397929210463,0.0165580008552781,-0.2089785904082597,False,False,,
1520,6.092768,332190.0,1149.4463667820069,1144.01384083045,1206.0861277303063,1188.4397929210463,0.0148483203897837,-0.5434689167820113,False,False,,
1521,6.0967764,329699.0,1140.8269896193772,1140.8269896193772,1202.9400885478638,1188.4397929210463,0.01220111924322,-0.6684034186845011,False,False,,
1522,6.1007848000000005,327230.0,1132.2837370242214,1137.5640138408305,1199.717924765089,1188.4397929210463,0.0094898638628738,-0.8881283368568076,False,False,,
1523,6.1047932000000005,328756.0,1137.5640138408305,1132.2837370242214,1194.478459911379,1188.4397929210463,0.0050811719923063,-0.6081152750086065,False,False,,
1524,6.1088016000000005,327058.0,1131.688581314879,1131.688581314879,1193.924116132085,1188.4397929210463,0.0046147253261848,-0.40618627253851,False,False,,
1525,6.1128100000000005,326088.0,1128.3321799307955,1128.3321799307955,1190.608526645177,1188.4397929210463,0.0018248578826196,-0.3960171926348881,False,False,,
1526,6.1168184000000005,325172.0,1125.1626297577857,1127.833910034602,1190.1510686133006,1188.4397929210463,0.0014399346962694,-0.3241072285702854,False,False,,
1527,6.120826800000001,325944.0,1127.833910034602,1125.1626297577857,1187.520600167943,1188.4397929210463,-0.0007734449473826,0.004572177261618,False,False,,
1528,6.124835200000001,325090.0,1124.878892733564,1127.795847750865,1190.1946299596088,1188.4397929210463,0.0014765889269403,0.2849484207813292,False,False,,
1529,6.128843600000001,325933.0,1127.795847750865,1127.795847750865,1190.235441725344,1188.4397929210463,0.0015109295523371,0.0383480589168627,False,False,,
1530,6.132852000000001,326015.0,1128.0795847750865,1128.0795847750865,1190.559990482428,1188.4397929210463,0.001784017645665,0.0383480520177695,False,False,,
1531,6.136860400000001,326603.0,1130.1141868512111,1128.0795847750865,1190.6008021824323,1188.4397929210463,0.0018183582157531,-0.6251848687584891,False,False,,
1532,6.140868800000001,321848.0,1113.6608996539792,1122.0415224913495,1184.603551565834,1188.4397929210463,-0.003227964410198,-1.5048108840927157,False,False,,
1533,6.144877200000001,324270.0,1122.0415224913495,1113.6608996539792,1176.2637403627443,1188.4397929210463,-0.0102454096798413,-0.6520603262473083,False,False,,
1534,6.148885600000001,321191.0,1111.3875432525952,1115.7474048442907,1178.3910571544782,1188.4397929210463,-0.0084554016336574,0.2275656752902595,False,False,,
1535,6.152894000000001,322451.0,1115.7474048442907,1115.7474048442907,1178.431868723035,1188.4397929210463,-0.0084210611741744,0.0445221059420577,False,False,,
1536,6.156902400000001,322952.0,1117.4809688581315,1116.0899653979238,1178.8152408123594,1188.4397929210463,-0.0080984768147411,0.044522099043728,False,False,,
1537,6.160910800000001,322550.0,1116.0899653979238,1116.0899653979238,1178.8560523151923,1188.4397929210463,-0.0080641364105606,-0.7323235032493909,False,False,,
1538,6.164919200000001,319508.0,1105.5640138408305,1109.031141868512,1171.8380402557411,1188.4397929210463,-0.0139693678755909,-1.096231545016733,False,False,,
1539,6.168927600000001,320510.0,1109.031141868512,1105.5640138408305,1168.411723665169,1188.4397929210463,-0.0168524054606508,-0.3840322940511158,False,False,,
1540,6.172936000000001,319429.0,1105.2906574394465,1105.2906574394465,1168.179178668036,1188.4397929210463,-0.0170480779705399,-0.8786857375685959,False,False,,
1541,6.176944400000001,316793.0,1096.1695501730103,1097.1107266435986,1160.0400592435665,1188.4397929210463,-0.0238966532815908,-0.8499943924171429,False,False,,
1542,6.180952800000001,317065.0,1097.1107266435986,1097.1107266435986,1160.0808705820866,1188.4397929210463,-0.0238623130156697,0.0085670721726907,False,False,,
1543,6.184961200000001,317783.0,1099.5951557093426,1097.1107266435986,1160.1216818877483,1188.4397929210463,-0.0238279727773968,-0.0920342577383297,False,False,,
1544,6.188969600000001,315237.0,1090.7854671280277,1096.152249134948,1159.2040156518945,1188.4397929210463,-0.0246001332531063,-0.0920342646374234,False,False,,
1545,6.192978000000001,316788.0,1096.152249134948,1096.152249134948,1159.2448268918254,1188.4397929210463,-0.0245657930701421,0.1738147120212594,False,False,,
1546,6.196986400000001,319004.0,1103.8200692041523,1097.726643598616,1160.860032562566,1188.4397929210463,-0.0232066954697743,0.3677537177177981,False,False,,
1547,6.200994800000001,317243.0,1097.726643598616,1099.574394463668,1162.748594601825,1188.4397929210463,-0.021617585065942,0.0085670376802795,False,False,,
1548,6.205003200000001,317777.0,1099.574394463668,1097.726643598616,1160.941654878122,1188.4397929210463,-0.023138015242099,-0.515504121229263,False,False,,
1549,6.209011600000001,316334.0,1094.5813148788927,1094.5813148788927,1157.8371372668896,1188.4397929210463,-0.0257502785050128,-0.3215651155327252,False,False,,
1550,6.213020000000001,315620.0,1092.1107266435986,1094.5813148788927,1157.8779483425149,1188.4397929210463,-0.0257159384603018,-0.1014770294870714,False,False,,
1551,6.217028400000001,317683.0,1099.249134948097,1093.5328719723184,1156.8703164787005,1188.4397929210463,-0.0265637995550047,0.4055245770648334,False,False,,
1552,6.221036800000001,316031.0,1093.5328719723184,1098.363321799308,1161.7415773155913,1188.4397929210463,-0.0224649290308884,0.0227310883781499,False,False,,
1553,6.225045200000001,317427.0,1098.363321799308,1093.6678200692045,1157.0868865625237,1188.4397929210463,-0.0263815689656948,-0.4337882796283252,False,False,,
1554,6.229053600000001,316070.0,1093.6678200692045,1094.1487889273355,1157.6086663648327,1188.4397929210463,-0.0259425229110128,0.0085669893919728,False,False,,
1555,6.233062000000001,316209.0,1094.1487889273355,1093.6678200692045,1157.1685084180135,1188.4397929210463,-0.0263128891251372,-0.7512090743381292,False,False,,
1556,6.2370704,314117.0,1086.9100346020762,1086.9100346020762,1150.451533829347,1188.4397929210463,-0.0319648158181649,-1.2912602267955409,False,False,,
1557,6.2410788,310711.0,1075.1245674740485,1081.2837370242214,1144.8660470970808,1188.4397929210463,-0.0366646641113104,-0.5819664292042459,False,False,,
1558,6.2450872,312491.0,1081.2837370242214,1081.2837370242214,1144.9068579098112,1188.4397929210463,-0.0366303242878095,0.2061377911095547,False,False,,
1559,6.2490956,313035.0,1083.166089965398,1083.166089965398,1146.8300216308598,1188.4397929210463,-0.0350120986675433,0.2061377842112248,False,False,,
1560,6.253104,313198.0,1083.7301038062285,1083.166089965398,1146.8708323778665,1188.4397929210463,-0.034977758899345,-0.0281144008213694,False,False,,
1561,6.2571124000000005,312934.0,1082.8166089965398,1082.8166089965398,1146.562162123157,1188.4397929210463,-0.0352374861960481,-0.9302576797902063,False,False,,
1562,6.2611208000000005,310450.0,1074.2214532871972,1074.2214532871972,1138.007817095097,1188.4397929210463,-0.0424354486666871,-0.8935763378644079,False,False,,
1563,6.2651292000000005,310249.0,1073.525951557093,1074.2214532871972,1138.0486277435216,1188.4397929210463,-0.0424011089814395,0.0289051009132244,False,False,,
1564,6.2691376000000005,310506.0,1074.4152249134947,1074.4152249134947,1138.2832099853783,1188.4397929210463,-0.042203722253686,0.0289050940148953,False,False,,
1565,6.2731460000000006,310916.0,1075.833910034602,1074.4152249134947,1138.3240205680793,1188.4397929210463,-0.0421693826237409,0.1574713988367584,False,False,,
1566,6.277154400000001,310316.0,1073.757785467128,1075.833910034602,1139.783516239022,1188.4397929210463,-0.0409413055434915,-0.0604376109771385,False,False,,
1567,6.281162800000001,311548.0,1078.0207612456747,1073.757785467128,1137.7482021885253,1188.4397929210463,-0.0426538988634224,-0.8067759528613241,False,False,,
1568,6.285171200000001,308372.0,1067.031141868512,1068.0657439446368,1132.0969711501457,1188.4397929210463,-0.0474090670023902,-0.588866956844087,False,False,,
1569,6.289179600000001,308671.0,1068.0657439446368,1068.0657439446368,1132.1377816013992,1188.4397929210463,-0.0473747274830501,0.0085668859193193,False,False,,
1570,6.293188000000001,309497.0,1070.9238754325258,1068.0657439446368,1132.1785920198015,1188.4397929210463,-0.0473403879913522,0.3085549397006533,False,False,,
1571,6.297196400000001,307053.0,1062.4671280276816,1070.9238754325258,1135.0775338932133,1188.4397929210463,-0.0449011042424579,0.1160686468928062,False,False,,
1572,6.301204800000001,309993.0,1072.6401384083044,1069.0899653979238,1133.2844342112828,1188.4397929210463,-0.0464098888629419,-0.1839194206844228,False,False,,
1573,6.305213200000001,308967.0,1069.0899653979238,1069.0899653979238,1133.325244531096,1188.4397929210463,-0.0463755494542008,-0.3905697986810263,False,False,,
1574,6.309221600000001,307868.0,1065.287197231834,1065.287197231834,1129.563286651954,1188.4397929210463,-0.049541008825008,-0.3905698055793563,False,False,,
1575,6.313230000000001,307609.0,1064.3910034602077,1065.287197231834,1129.6040969060437,1188.4397929210463,-0.0495066694715694,0.1752672317597534,False,False,,
1576,6.317238400000001,308327.0,1066.8754325259515,1066.8754325259515,1131.2331424213853,1188.4397929210463,-0.0481359264814364,0.1752672248614244,False,False,,
1577,6.321246800000001,309805.0,1071.9896193771626,1066.8754325259515,1131.2739526097512,1188.4397929210463,-0.0481015871833003,-0.1653971899282398,False,False,,
1578,6.325255200000001,307518.0,1064.0761245674742,1065.2179930795849,1129.657323318885,1188.4397929210463,-0.0494618826736531,-0.2852471484301357,False,False,,
1579,6.329263600000001,307848.0,1065.2179930795849,1064.0761245674742,1128.5562649294163,1188.4397929210463,-0.050388356522835,-0.4185348287785295,False,False,,
1580,6.333272000000001,306672.0,1061.1487889273355,1061.1487889273355,1125.6697393790544,1188.4397929210463,-0.0528171926890048,-0.8089551325672621,False,False,,
1581,6.337280400000001,305267.0,1056.287197231834,1056.287197231834,1120.8489577404712,1188.4397929210463,-0.0568735880296003,-0.8837705637983859,False,False,,
1582,6.341288800000001,304155.0,1052.439446366782,1052.6470588235295,1117.2496293562342,1188.4397929210463,-0.0599022045448638,-0.3735003222027453,False,False,,
1583,6.345297200000001,304215.0,1052.6470588235295,1052.6470588235295,1117.290439347429,1188.4397929210463,-0.0598678654126353,0.0085667893434715,False,False,,
1584,6.349305600000001,305943.0,1058.6262975778548,1052.6470588235295,1117.3312493057654,1188.4397929210463,-0.059833526308055,0.1629189928444194,False,False,,
1585,6.353314000000001,304140.0,1052.3875432525952,1054.1176470588234,1118.8426474665375,1188.4397929210463,-0.0585617764308001,0.036531764255054,False,False,,
1586,6.357322400000001,304640.0,1054.1176470588234,1052.9134948096885,1117.679305110015,1188.4397929210463,-0.0595406584603751,-0.1178204530417907,False,False,,
1587,6.361330800000001,304292.0,1052.9134948096885,1052.9134948096885,1117.7201149697698,1188.4397929210463,-0.0595063194387456,0.0085667617516795,False,False,,
1588,6.365339200000001,303149.0,1048.9584775086505,1052.9134948096885,1117.760924796666,1188.4397929210463,-0.0594719804447642,-0.4065498957008184,False,False,,
1589,6.369347600000001,304658.0,1054.1799307958477,1048.9584775086505,1113.846717289659,1188.4397929210463,-0.0627655486425999,0.1414912397335275,False,False,,
1590,6.373356000000001,302369.0,1046.2595155709344,1054.1799307958477,1119.1089803380287,1188.4397929210463,-0.0583376734740685,-0.2747149627335501,False,False,,
1591,6.377364400000001,305025.0,1055.4498269896194,1046.2595155709344,1111.2293748414224,1188.4397929210463,-0.0649678835558423,-0.6553293613911011,False,False,,
1592,6.381372800000001,301369.0,1042.7993079584776,1047.8546712802768,1112.8653402462137,1188.4397929210463,-0.0635913178984687,-0.2758045215440479,False,False,,
1593,6.385381200000001,302830.0,1047.8546712802768,1043.5501730103806,1108.6016516389082,1188.4397929210463,-0.0671789532441566,-0.4432312790150678,False,False,,
1594,6.389389600000001,301586.0,1043.5501730103806,1043.5501730103806,1108.6424612686403,1188.4397929210463,-0.0671446144160767,0.0085667134649014,False,False,,
1595,6.393398000000001,300899.0,1041.1730103806228,1043.5501730103806,1108.6832708655074,1188.4397929210463,-0.0671102756156512,0.870759994768739,False,False,,
1596,6.3974064,303960.0,1051.764705882353,1051.764705882353,1116.9386133014812,1188.4397929210463,-0.060163905690017,0.8707599878711738,False,False,,
1597,6.4014148,305774.0,1058.0415224913495,1051.764705882353,1116.9794228326316,1188.4397929210463,-0.0601295669448878,-0.4828181088039525,False,False,,
1598,6.4054232,302607.0,1047.083044982699,1047.083044982699,1112.3385714312626,1188.4397929210463,-0.0640345619046765,-0.6044839756634959,False,False,,
1599,6.4094316000000005,302272.0,1045.9238754325258,1045.9238754325258,1111.2202113465162,1188.4397929210463,-0.0649755940809869,-0.1730241567889781,False,False,,
1600,6.4134400000000005,301851.0,1044.4671280276816,1045.3529411764705,1110.690086523022,1188.4397929210463,-0.0654216619648224,-0.144332811635973,False,False,,
1601,6.4174484000000005,302107.0,1045.3529411764705,1044.4671280276816,1109.8450827739434,1188.4397929210463,-0.0661326813653102,0.0085666651788844,False,False,,
1602,6.4214568000000005,301531.0,1043.3598615916956,1045.3529411764705,1110.771705289577,1188.4397929210463,-0.0653529847234163,-0.1076514766085061,False,False,,
1603,6.4254652000000005,302498.0,1046.7058823529412,1043.3598615916956,1108.8194350387814,1188.4397929210463,-0.0669957017229853,-0.502429960454787,False,False,,
1604,6.429473600000001,300149.0,1038.5778546712802,1040.484429065744,1105.9848118139582,1188.4397929210463,-0.0693808652303903,-0.293237324553413,False,False,,
1605,6.433482000000001,300700.0,1040.484429065744,1040.484429065744,1106.025621082221,1188.4397929210463,-0.0693465267064651,0.0085666375855666,False,False,,
1606,6.437490400000001,302041.0,1045.1245674740485,1040.484429065744,1106.0664303176184,1188.4397929210463,-0.0693121882101943,-0.3295555055026895,False,False,,
1607,6.441498800000001,299769.0,1037.262975778547,1037.262975778547,1102.8857862329671,1188.4397929210463,-0.0719885072829791,-0.3295555124002565,False,False,,
1608,6.445507200000001,298452.0,1032.7058823529412,1037.262975778547,1102.9265954026482,1188.4397929210463,-0.0719541688420047,-0.4697436445083465,False,False,,
1609,6.449515600000001,299781.0,1037.3044982698962,1032.7058823529412,1098.410311113858,1188.4397929210463,-0.0757543481322736,-0.4958927317557897,False,False,,
1610,6.453524000000001,298380.0,1032.4567474048442,1032.4567474048442,1098.2019852697256,1188.4397929210463,-0.0759296416939445,-0.0175824772529047,False,False,,
1611,6.457532400000001,297204.0,1028.3875432525952,1032.4567474048442,1098.2427943408318,1188.4397929210463,-0.0758953033359147,-0.4185350495166506,False,False,,
1612,6.461540800000001,298534.0,1032.9896193771626,1028.3875432525952,1094.214399226816,1188.4397929210463,-0.0792849534789096,0.0644965667145545,False,False,,
1613,6.465549200000001,296148.0,1024.7335640138408,1032.9896193771626,1098.857284356766,1188.4397929210463,-0.0753782472598775,-0.374953262728674,False,False,,
1614,6.469557600000001,299502.0,1036.3391003460208,1024.7335640138408,1090.6420379659685,1188.4397929210463,-0.0822908787955529,-1.1706843119403931,False,False,,
1615,6.473566000000001,294697.0,1019.712802768166,1021.7543252595156,1087.703608151302,1188.4397929210463,-0.0847633892518413,-0.3041328505777638,False,False,,
1616,6.477574400000001,295287.0,1021.7543252595156,1021.7543252595156,1087.7444170581025,1188.4397929210463,-0.0847290510320647,0.0085665617077612,False,False,,
1617,6.481582800000001,298754.0,1033.750865051903,1021.7543252595156,1087.7852259320375,1188.4397929210463,-0.0846947128399425,-0.2471133419440807,False,False,,
1618,6.485591200000001,294327.0,1018.4325259515572,1019.318339100346,1085.390048613952,1188.4397929210463,-0.086710109271762,-0.2471133488416459,False,False,,
1619,6.489599600000001,294583.0,1019.318339100346,1019.318339100346,1085.430857422171,1188.4397929210463,-0.0866757711349362,0.0917351437937394,False,False,,
1620,6.493608000000001,296282.0,1025.19723183391,1020.1107266435986,1086.2640537407835,1188.4397929210463,-0.0859746869709964,0.187978279850574,False,False,,
1621,6.497616400000001,294812.0,1020.1107266435986,1021.0276816608996,1087.221817500587,1188.4397929210463,-0.0851687868610301,0.1048096701728038,False,False,,
1622,6.501624800000001,295077.0,1021.0276816608996,1021.0276816608996,1087.2626262102235,1188.4397929210463,-0.085134448807155,0.2402764267543897,False,False,,
1623,6.505633200000001,298127.0,1031.5813148788927,1023.2352941176472,1089.5110473437564,1188.4397929210463,-0.0832425388030255,0.2402764198560589,False,False,,
1624,6.509641600000001,295715.0,1023.2352941176472,1023.2352941176472,1089.5518559876691,1188.4397929210463,-0.083208200804453,-0.2874265557694695,False,False,,
1625,6.513650000000001,294885.0,1020.363321799308,1020.4152249134949,1086.7725953945792,1188.4397929210463,-0.0855467800153182,-0.2874265626662691,False,False,,
1626,6.517658400000001,294900.0,1020.4152249134949,1020.4152249134949,1086.813403972783,1188.4397929210463,-0.0855124420720359,0.3031068283358191,False,False,,
1627,6.521666800000001,295711.0,1023.2214532871972,1023.2214532871972,1089.660440891816,1188.4397929210463,-0.0831168331939156,1.9116384446267531,False,False,,
1628,6.525675200000001,300140.0,1038.546712802768,1038.546712802768,1105.0265089198742,1188.4397929210463,-0.0701872189891521,1.7845248526958954,False,False,,
1629,6.529683600000001,301655.0,1043.7889273356402,1040.1418685121107,1106.6624731088386,1188.4397929210463,-0.0688106543548231,0.558786704397443,False,False,,
1630,6.533692000000001,300601.0,1040.1418685121107,1043.7889273356402,1110.3503403791317,1188.4397929210463,-0.0657075377373386,0.1632818572065648,False,False,,
1631,6.537700400000001,301700.0,1043.9446366782006,1041.6159169550174,1108.2181384123996,1188.4397929210463,-0.0675016563619695,-0.2195116314793779,False,False,,
1632,6.541708800000001,301027.0,1041.6159169550174,1041.6159169550174,1108.2589467934467,1188.4397929210463,-0.0674673185845825,-0.4116347426134243,False,False,,
1633,6.545717200000001,299870.0,1037.6124567474048,1037.6124567474048,1104.2962949340158,1188.4397929210463,-0.0708016497665528,-0.7207023519803446,False,False,,
1634,6.549725600000001,298679.0,1033.491349480969,1034.6678200692045,1101.3924665711386,1188.4397929210463,-0.0732450451999386,-0.4239829332412004,False,False,,
1635,6.553734,299019.0,1034.6678200692045,1033.491349480969,1100.2568042653684,1188.4397929210463,-0.0742006361457608,-0.3520729691774171,False,False,,
1636,6.5577424,298026.0,1031.2318339100343,1031.2318339100343,1098.0380969440337,1188.4397929210463,-0.07606754377924,-0.6008524210702362,False,False,,
1637,6.5617508,297001.0,1027.6851211072665,1027.6851211072665,1094.5321923580143,1188.4397929210463,-0.0790175498349967,-0.743582824877489,False,False,,
1638,6.5657592000000005,295753.0,1023.3667820069204,1024.0657439446368,1090.9536233792678,1188.4397929210463,-0.0820286985697179,-0.4446843161099725,False,False,,
1639,6.5697676000000005,295955.0,1024.0657439446368,1023.3667820069204,1090.2954695925764,1188.4397929210463,-0.0825824950603872,-0.1367062655542934,False,False,,
1640,6.5737760000000005,294835.0,1020.1903114186852,1022.681660899654,1089.6511566034694,1188.4397929210463,-0.0831246453594136,-0.3248343783022758,False,False,,
1641,6.5777844000000005,295555.0,1022.681660899654,1020.1903114186852,1087.2006152078093,1188.4397929210463,-0.0851866273043609,-0.3934757211182766,False,False,,
1642,6.5817928000000006,294364.0,1018.560553633218,1018.8512110726645,1085.9023229142313,1188.4397929210463,-0.0862790615204746,-0.1624921849260996,False,False,,
1643,6.585801200000001,294448.0,1018.8512110726645,1018.560553633218,1085.6524734943698,1188.4397929210463,-0.0864892946524764,-0.2580089714349505,False,False,,
1644,6.589809600000001,293714.0,1016.3114186851212,1016.3114186851212,1083.4441465329996,1188.4397929210463,-0.0883474678426743,-0.393475741810974,False,False,,
1645,6.593818000000001,292998.0,1013.833910034602,1014.7301038062284,1081.9036396079823,1188.4397929210463,-0.0896437109794267,-0.2514717151426602,False,False,,
1646,6.597826400000001,293257.0,1014.7301038062284,1013.833910034602,1081.048253757359,1188.4397929210463,-0.09036346628863,0.0085663547716201,False,False,,
1647,6.601834800000001,291707.0,1009.3667820069204,1014.7301038062284,1081.985255417137,1188.4397929210463,-0.0895750362264935,-0.389843945789929,False,False,,
1648,6.605843200000001,294120.0,1017.7162629757786,1010.0380622837372,1077.3340217499322,1188.4397929210463,-0.0934887672332387,-0.4839080056127152,False,False,,
1649,6.609851600000001,291901.0,1010.0380622837372,1010.0380622837372,1077.3748295723676,1188.4397929210463,-0.0934544299258896,-0.3317348921409007,False,False,,
1650,6.613860000000001,290964.0,1006.795847750865,1006.795847750865,1074.1734228290657,1188.4397929210463,-0.0961482195165539,-0.3317348990392297,False,False,,
1651,6.617868400000001,290452.0,1005.0242214532872,1006.795847750865,1074.2142305857774,1188.4397929210463,-0.0961138822645073,-0.1773826955382578,False,False,,
1652,6.621876800000001,291727.0,1009.4359861591696,1005.0242214532872,1072.4834120120531,1188.4397929210463,-0.097570261110145,-0.219148594661334,False,False,,
1653,6.625885200000001,290337.0,1004.6262975778546,1004.6262975778546,1072.1262958276156,1188.4397929210463,-0.0978707527181883,-0.3818539904025293,False,False,,
1654,6.629893600000001,289377.0,1001.3044982698962,1001.3044982698962,1068.8453041777943,1188.4397929210463,-0.100631508180404,-0.340088105075349,False,False,,
1655,6.633902000000001,288636.0,998.7404844290658,1001.3044982698962,1068.886111803066,1188.4397929210463,-0.1005971710389564,-0.1871886282604897,False,False,,
1656,6.637910400000001,293092.0,1014.159169550173,999.439446366782,1067.0618674923724,1188.4397929210463,-0.1021321619754427,0.2014157533747234,False,False,,
1657,6.641918800000001,288838.0,999.439446366782,1003.1418685121108,1070.805097197256,1188.4397929210463,-0.0989824612273019,0.3971706674288846,False,False,,
1658,6.645927200000001,289908.0,1003.1418685121108,1003.1418685121108,1070.845904723953,1188.4397929210463,-0.0989481241687988,0.1505703055659726,False,False,,
1659,6.649935600000001,292908.0,1013.522491349481,1004.4948096885812,1072.2396533942697,1188.4397929210463,-0.0977753692016406,0.1505702986684056,False,False,,
1660,6.653944000000001,290299.0,1004.4948096885812,1004.4948096885812,1072.28046085525,1188.4397929210463,-0.0977410321984339,0.0085662582034071,False,False,,
1661,6.657952400000001,288541.0,998.4117647058824,1004.4948096885812,1072.3212682833723,1188.4397929210463,-0.0977066952228755,-0.6299071272368089,False,False,,
1662,6.661960800000001,290535.0,1005.3114186851212,998.4117647058824,1066.2790306959373,1188.4397929210463,-0.102790871656066,-0.9168206546406504,False,False,,
1663,6.665969200000001,287751.0,995.6782006920416,995.6782006920416,1063.586274044495,1188.4397929210463,-0.1050566630469987,-0.2783472829955649,False,False,,
1664,6.669977600000001,286125.0,990.0519031141868,995.6782006920416,1063.6270813740423,1188.4397929210463,-0.1050223261543849,0.3216288314685105,False,False,,
1665,6.673986000000001,289292.0,1001.0103806228374,998.6608996539792,1066.6505876326694,1188.4397929210463,-0.1024782290308819,0.5660500895079252,False,False,,
1666,6.677994400000001,288613.0,998.6608996539792,1000.9896193771626,1069.020114619684,1188.4397929210463,-0.1004844157968177,0.2529874817542303,False,False,,
1667,6.682002800000001,289286.0,1000.9896193771626,1000.9896193771626,1069.0609218506495,1188.4397929210463,-0.1004500789871546,0.0085662099189214,False,False,,
1668,6.686011200000001,289362.0,1001.2525951557092,1000.9896193771626,1069.1017290487569,1188.4397929210463,-0.1004157422051397,-0.0233937840729279,False,False,,
1669,6.690019600000001,286539.0,991.484429065744,1000.6851211072664,1068.8380379441098,1188.4397929210463,-0.1006376222753105,-0.4504954366842622,False,False,,
1670,6.694028000000001,289198.0,1000.6851211072664,996.6159169550172,1064.809640924259,1188.4397929210463,-0.1040272740219501,-0.4185354564875432,False,False,,
1671,6.698036400000001,288022.0,996.6159169550172,996.6159169550172,1064.8504480237916,1188.4397929210463,-0.1039929373228798,-0.0571697002175533,False,False,,
1672,6.702044800000001,287783.0,995.78892733564,995.9896193771626,1064.264957512611,1188.4397929210463,-0.1044855920746542,-0.0782342440636423,False,False,,
1673,6.706053200000001,287841.0,995.9896193771626,995.78892733564,1064.105072504905,1188.4397929210463,-0.1046201256106892,-0.3317350576863997,False,False,,
1674,6.7100616,286904.0,992.7474048442908,992.7474048442908,1061.1043570145137,1188.4397929210463,-0.1071450456851137,-0.31067052763545,False,False,,
1675,6.71407,286647.0,991.8581314878892,992.7474048442908,1061.1451639826134,1188.4397929210463,-0.1071107090966363,0.5340900334364598,False,False,,
1676,6.7180784,288351.0,997.7543252595156,997.7543252595156,1066.1928913330798,1188.4397929210463,-0.1028633527050603,0.8322621788617219,False,False,,
1677,6.7220868000000005,289675.0,1002.3356401384084,1000.5951557093424,1069.0745286852905,1188.4397929210463,-0.1004386296611376,0.306738293266088,False,False,,
1678,6.7260952000000005,289172.0,1000.5951557093424,1000.5951557093424,1069.1153355548154,1188.4397929210463,-0.1004042931556047,-0.121089722689101,False,False,,
1679,6.7301036000000005,288815.0,999.3598615916954,999.3598615916954,1067.920848273835,1188.4397929210463,-0.1014093817499916,-0.1210897295866662,False,False,,
1680,6.7341120000000005,288694.0,998.9411764705884,999.3598615916954,1067.9616550776436,1188.4397929210463,-0.1013750452997551,-0.0353788620048192,False,False,,
1681,6.738120400000001,288967.0,999.8858131487888,998.9411764705884,1067.5837767274795,1188.4397929210463,-0.1016930070109118,-0.3567946482028663,False,False,,
1682,6.742128800000001,287809.0,995.878892733564,995.878892733564,1064.5622997285475,1188.4397929210463,-0.1042353966354679,-0.8950298923011637,False,False,,
1683,6.746137200000001,285690.0,988.5467128027682,990.332179930796,1059.0563936310136,1188.4397929210463,-0.1088682826515118,-0.5736141198990108,False,False,,
1684,6.750145600000001,286206.0,990.332179930796,990.332179930796,1059.097200303382,1188.4397929210463,-0.1088339463118743,0.302743246595563,False,False,,
1685,6.754154000000001,287621.0,995.228373702422,993.134948096886,1061.9407751089896,1188.4397929210463,-0.1064412505922045,0.5224681509719709,False,False,,
1686,6.758162400000001,287016.0,993.134948096886,995.228373702422,1064.0750073211852,1188.4397929210463,-0.1046454236391622,0.0085660788644048,False,False,,
1687,6.762170800000001,288524.0,998.3529411764706,993.134948096886,1062.0223882894427,1188.4397929210463,-0.1063725780511643,-0.5972209561384858,False,False,,
1688,6.766179200000001,285953.0,989.4567474048442,989.4567474048442,1058.384994138344,1188.4397929210463,-0.1094332246003332,-0.377496051762078,False,False,,
1689,6.770187600000001,283810.0,982.0415224913496,989.4567474048442,1058.4258006464286,1188.4397929210463,-0.1093988883989306,0.3205391140132825,False,False,,
1690,6.774196000000001,287747.0,995.6643598615916,992.4290657439446,1061.4389254607554,1188.4397929210463,-0.1068635266311115,0.3205391071157173,False,False,,
1691,6.778204400000001,286812.0,992.4290657439446,992.4290657439446,1061.4797319031236,1188.4397929210463,-0.1068291904850053,0.0085660443773392,False,False,,
1692,6.782212800000001,286464.0,991.2249134948096,992.4290657439446,1061.5205383126336,1188.4397929210463,-0.1067948543665472,-0.1178211842112624,False,False,,
1693,6.786221200000001,286987.0,993.0346020761244,991.2249134948096,1060.3571924401504,1188.4397929210463,-0.1077737393545901,0.0103819389390675,False,False,,
1694,6.790229600000001,282942.0,979.0380622837372,992.446366782007,1061.6194520711338,1188.4397929210463,-0.1067116244384605,-1.270559823430581,False,False,,
1695,6.794238000000001,286817.0,992.446366782007,979.0380622837372,1048.2519538837992,1188.4397929210463,-0.1179595633470685,0.0085660167870749,False,False,,
1696,6.798246400000001,282315.0,976.8685121107268,992.446366782007,1061.701064660146,1188.4397929210463,-0.1066429523950819,2.274093276868493,False,False,,
1697,6.802254800000001,289180.0,1000.6228373702422,1000.6228373702422,1069.9183414936003,1188.4397929210463,-0.099728612365069,3.5256173100486343,True,False,1697.0,4.0
1698,6.806263200000001,296501.0,1025.955017301038,1025.955017301038,1095.2913276367494,1188.4397929210463,-0.0783787835438838,9.151664576760574,False,False,,
1699,6.810271600000001,314355.0,1087.7335640138408,1087.7335640138408,1157.110680529062,1188.4397929210463,-0.0263615477860944,13.621341401333844,False,False,,
1700,6.814280000000001,333983.0,1155.6505190311418,1155.6505190311418,1225.0684416930071,1188.4397929210463,0.0308207862023299,14.205700703920783,False,False,,
1701,6.818288400000001,353446.0,1222.9965397923877,1222.9965397923877,1292.4552685680387,1188.4397929210463,0.0875227136170983,14.940417218520247,False,False,,
1702,6.822296800000001,375097.0,1297.9134948096885,1297.9134948096885,1367.4130296662674,1188.4397929210463,0.1505951229597637,15.295608886375092,False,False,,
1703,6.826305200000001,395538.0,1368.643598615917,1368.643598615917,1438.1839395205654,1188.4397929210463,0.2101445509373909,14.781706814268286,False,False,,
1704,6.830313600000001,415774.0,1438.6643598615915,1438.6643598615915,1508.2455067814517,1188.4397929210463,0.2690971101483904,12.650556758857096,False,False,,
1705,6.834322000000001,430347.0,1489.0899653979238,1489.0899653979238,1558.711918300144,1188.4397929210463,0.311561534361797,10.293507703756028,False,False,,
1706,6.838330400000001,444093.0,1536.6539792387543,1536.6539792387543,1606.3167380904692,1188.4397929210463,0.3516181027078622,9.430224863640468,False,False,,
1707,6.842338800000001,456289.0,1578.8546712802768,1578.8546712802768,1648.5582360486285,1188.4397929210463,0.3871617610486304,8.870925082593665,False,False,,
1708,6.846347200000001,468495.0,1621.0899653979238,1621.0899653979238,1690.834336050061,1188.4397929210463,0.4227345349099995,8.158362636162934,False,False,,
1709,6.850355600000001,478729.0,1656.5017301038065,1656.5017301038065,1726.2869066068708,1188.4397929210463,0.4525657226302218,7.193025746348582,False,False,,
1710,6.854364000000001,488277.0,1689.5397923875432,1689.5397923875432,1759.3657747086695,1188.4397929210463,0.4803995837133272,6.90792812730313,False,False,,
1711,6.858372400000001,497726.0,1722.235294117647,1722.235294117647,1792.1020822239846,1188.4397929210463,0.5079452008411859,7.430546545732192,False,False,,
1712,6.862380800000001,508713.0,1760.2525951557093,1760.2525951557093,1830.1601890143995,1188.4397929210463,0.5399687892611533,5.68073724542176,False,False,,
1713,6.866389200000001,513344.0,1776.2768166089966,1776.2768166089966,1846.225216187174,1188.4397929210463,0.5534865351902833,6.156868409896816,False,False,,
1714,6.8703976,525642.0,1818.8304498269897,1818.8304498269897,1888.8196550918108,1188.4397929210463,0.589327171929604,7.078260303661267,False,False,,
1715,6.8744060000000005,532810.0,1843.6332179930796,1843.6332179930796,1913.6632289116787,1188.4397929210463,0.6102315323926657,3.817978431473136,False,False,,
1716,6.8784144000000005,536131.0,1855.1245674740485,1855.1245674740485,1925.1953840135675,1188.4397929210463,0.619935141419038,5.905183490835299,False,False,,
1717,6.8824228000000005,549046.0,1899.8131487889273,1899.8131487889273,1969.924770916508,1188.4397929210463,0.6575722074019944,5.710518108000571,False,False,,
1718,6.8864312000000005,551831.0,1909.4498269896192,1909.4498269896192,1979.6022546724107,1188.4397929210463,0.6657152229872574,2.0053386881951383,False,False,,
1719,6.8904396000000006,554544.0,1918.8373702422143,1918.8373702422143,1989.030603447351,1188.4397929210463,0.6736486065975172,4.753171208063009,False,False,,
1720,6.894448000000001,564895.0,1954.6539792387543,1954.6539792387543,2024.888017933385,1188.4397929210463,0.7038204459280571,4.684893046919328,False,False,,
1721,6.898456400000001,567420.0,1963.3910034602077,1963.3910034602077,2033.6658476114744,1188.4397929210463,0.7112064571760603,1.901105527775243,False,False,,
1722,6.902464800000001,570106.0,1972.6851211072665,1972.6851211072665,2043.000770682311,1188.4397929210463,0.7190612287231257,3.4301003580019795,False,False,,
1723,6.906473200000001,576841.0,1995.9896193771624,1995.9896193771624,2066.346074343127,1188.4397929210463,0.7387048857260908,3.6454670823192856,False,False,,
1724,6.910481600000001,580120.0,2007.3356401384085,2007.3356401384085,2077.7329004624335,1188.4397929210463,0.7482862092286632,2.7222592664026877,False,False,,
1725,6.914490000000001,584313.0,2021.8442906574392,2021.8442906574392,2092.2823563066677,1188.4397929210463,0.760528693812988,3.3596430930340233,False,False,,
1726,6.918498400000001,589347.0,2039.262975778547,2039.262975778547,2109.7418467201273,1188.4397929210463,0.7752197959768985,3.2546835830654715,False,False,,
1727,6.922506800000001,593251.0,2052.7716262975778,2052.7716262975778,2123.291302498645,1188.4397929210463,0.7866208411617074,3.4170257833399944,False,False,,
1728,6.926515200000001,598732.0,2071.7370242214533,2071.7370242214533,2142.2975056491564,1188.4397929210463,0.8026134082767787,3.568109351797972,False,False,,
1729,6.930523600000001,606239.0,2097.712802768166,2086.6851211072662,2157.286407728747,1188.4397929210463,0.8152256602132015,2.7349705904198345,False,False,,
1730,6.934532000000001,603052.0,2086.6851211072662,2097.712802768166,2168.354894550566,1188.4397929210463,0.8245391205060566,2.873342800373692,False,False,,
1731,6.938540400000001,610940.0,2113.9792387543253,2113.9792387543253,2184.662135664786,1188.4397929210463,0.8382606747752375,2.397211622106326,False,False,,
1732,6.942548800000001,612816.0,2120.470588235294,2120.470588235294,2191.194290240965,1188.4397929210463,0.8437570866381587,2.841019617813501,False,False,,
1733,6.946557200000001,618739.0,2140.9653979238756,2140.9653979238756,2211.729904991891,1188.4397929210463,0.8610365608473249,3.3981402950367965,False,False,,
1734,6.950565600000001,622149.0,2152.764705882353,2152.764705882353,2223.5700179798623,1188.4397929210463,0.8709992977554099,4.023539126507643,False,False,,
1735,6.954574000000001,629794.0,2179.2179930795846,2179.2179930795846,2250.064110173729,1188.4397929210463,0.8932924693167116,2.785089619706511,False,False,,
1736,6.958582400000001,630252.0,2180.80276816609,2179.2179930795846,2250.1049151375064,1188.4397929210463,0.8933268042186732,0.174902939551913,False,False,,
1737,6.962590800000001,628815.0,2175.8304498269895,2180.80276816609,2251.730495154931,1188.4397929210463,0.8946946312025114,0.3296183247251463,False,False,,
1738,6.966599200000001,630678.0,2182.2768166089963,2182.2768166089963,2253.245348495905,1188.4397929210463,0.8959692884043297,2.9165613641077783,False,False,,
1739,6.970607600000001,638259.0,2208.508650519031,2208.508650519031,2279.5179872711497,1188.4397929210463,0.9180761203462908,3.3781652617189764,False,False,,
1740,6.974616000000001,639956.0,2214.38062283737,2214.38062283737,2285.430764421833,1188.4397929210463,0.9230513636744784,2.3038738704476174,False,False,,
1741,6.978624400000001,644579.0,2230.377162629758,2230.377162629758,2301.468109013714,1188.4397929210463,0.9365458163908952,1.91599583836107,False,False,,
1742,6.982632800000001,645208.0,2232.553633217993,2232.553633217993,2303.6853843685844,1188.4397929210463,0.9384115191114516,2.2617447827562103,False,False,,
1743,6.986641200000001,653215.0,2260.259515570934,2251.8442906574396,2323.016846541808,1188.4397929210463,0.9546777719652954,2.0333035044703536,False,False,,
1744,6.990649600000001,650783.0,2251.8442906574396,2251.8442906574396,2323.057651242741,1188.4397929210463,0.9547121066460896,0.0085656788155148,False,False,,
1745,6.994658000000001,650636.0,2251.3356401384085,2251.8442906574396,2323.0984559108015,1188.4397929210463,0.9547464412992236,0.224295584803599,False,False,,
1746,6.998666400000001,651377.0,2253.899653979239,2253.899653979239,2325.19462386781,1188.4397929210463,0.9565102394903432,1.4031832836800788,False,False,,
1747,7.002674800000001,654623.0,2265.1314878892736,2265.1314878892736,2336.467262380196,1188.4397929210463,0.9659954810478302,1.1874533638968785,False,True,1697.0,4.0
1748,7.006683200000001,654955.0,2266.280276816609,2265.1314878892736,2336.5080669496965,1188.4397929210463,0.9660298156180316,0.1291419661733641,False,False,,
1749,7.010691600000001,652641.0,2258.2733564013843,2266.280276816609,2337.697660413674,1188.4397929210463,0.9670307863622488,1.5938536405392512,False,False,,
1750,7.014700000000001,658988.0,2280.235294117647,2280.235294117647,2351.6934822184885,1188.4397929210463,0.9788074214835067,1.7140667669168437,False,False,,
1751,7.018708400000001,659651.0,2282.529411764706,2282.529411764706,2354.028404336473,1188.4397929210463,0.9807721168192678,0.2493550787565652,False,False,,
1752,7.022716800000001,661019.0,2287.2629757785467,2282.529411764706,2354.069208774548,1188.4397929210463,0.9808064512788826,0.5053981502849609,False,False,,
1753,7.0267252,658457.0,2278.3979238754328,2287.2629757785467,2358.843577193598,1188.4397929210463,0.9848237927104708,0.7723366719589535,False,False,,
1754,7.0307336000000005,662730.0,2293.18339100346,2289.806228373702,2361.4276341611117,1188.4397929210463,0.986998119910642,0.6299694498245998,False,False,,
1755,7.0347420000000005,661754.0,2289.806228373702,2293.18339100346,2364.845601130377,1188.4397929210463,0.9898741317958248,0.0085656029461063,False,False,,
1756,7.0387504000000005,663130.0,2294.567474048443,2289.806228373702,2361.5092428072608,1188.4397929210463,0.9870667886363402,-1.1902971016594108,False,False,,
1757,7.0427588000000005,658285.0,2277.80276816609,2281.7612456747406,2353.5050643820828,1188.4397929210463,0.9803317579912416,-0.8358317971460849,False,False,,
1758,7.046767200000001,659429.0,2281.7612456747406,2281.7612456747406,2353.5458686230227,1188.4397929210463,0.9803660922849794,0.4167817810493375,False,False,,
1759,7.050775600000001,660553.0,2285.650519031142,2285.650519031142,2357.475946187491,1188.4397929210463,0.983673014173558,0.4167817741517723,False,False,,
1760,7.054784000000001,662532.0,2292.498269896194,2285.650519031142,2357.5167503627144,1188.4397929210463,0.9837073484119994,0.1073509831148697,False,False,,
1761,7.058792400000001,659407.0,2281.6851211072662,2286.59169550173,2358.4987309756607,1188.4397929210463,0.9845336255349932,-0.193363447806206,False,False,,
1762,7.062800800000001,660825.0,2286.59169550173,2283.7266435986157,2355.6744831820533,1188.4397929210463,0.9821571923236264,0.0085655546662053,False,False,,
1763,7.066809200000001,659997.0,2283.7266435986157,2286.59169550173,2358.580339161824,1188.4397929210463,0.9846022938736412,0.4520103687018491,False,False,,
1764,7.070817600000001,667841.0,2310.8685121107264,2287.9515570934254,2359.9810047973097,1188.4397929210463,0.9857808690474356,1.1794632498707642,False,False,,
1765,7.074826000000001,661218.0,2287.9515570934254,2297.7474048442905,2369.8176565591143,1188.4397929210463,0.9940578148552052,0.5126616940523121,False,False,,
1766,7.078834400000001,664049.0,2297.7474048442905,2292.7543252595156,2364.8653809524208,1188.4397929210463,0.9898907753163142,-0.1639457668981094,False,False,,
1767,7.082842800000001,662606.0,2292.7543252595156,2296.1038062283737,2368.255665866502,1188.4397929210463,0.9927434944311364,0.0085655201798999,False,False,,
1768,7.086851200000001,663574.0,2296.1038062283737,2292.7543252595156,2364.946988810016,1188.4397929210463,0.9899594433784924,-0.4098197723148331,False,False,,
1769,7.090859600000001,661839.0,2290.100346020761,2292.1176470588234,2364.351114488838,1188.4397929210463,0.989458051280443,-0.1773835094357423,False,False,,
1770,7.094868000000001,662422.0,2292.1176470588234,2290.982698961938,2363.256970238608,1188.4397929210463,0.988537395260048,-0.1105580887725352,False,False,,
1771,7.098876400000001,662094.0,2290.982698961938,2290.982698961938,2363.2977740524057,1188.4397929210463,0.9885717291943712,0.0085654925911597,False,False,,
1772,7.102884800000001,655940.0,2269.688581314879,2290.982698961938,2363.338577833352,1188.4397929210463,0.9886060631010528,-0.8398268989895286,False,False,,
1773,7.106893200000001,664296.0,2298.6020761245672,2282.899653979239,2355.296336598749,1188.4397929210463,0.981839004910552,-0.839826905887108,False,False,,
1774,7.110901600000001,659758.0,2282.899653979239,2282.899653979239,2355.337140313979,1188.4397929210463,0.9818733387619368,0.0085654718992316,False,False,,
1775,7.114910000000001,659009.0,2280.3079584775087,2282.899653979239,2355.377943996351,1188.4397929210463,0.9819076725856736,-0.2634576069697516,False,False,,
1776,7.118918400000001,662025.0,2290.7439446366784,2280.3079584775087,2352.827052144149,1188.4397929210463,0.9797612518183818,-0.2630944321950181,False,False,,
1777,7.122926800000001,658556.0,2278.740484429066,2280.311418685121,2352.8713159684244,1188.4397929210463,0.9797984971416528,-0.1559558459924375,False,False,,
1778,7.126935200000001,659010.0,2280.311418685121,2278.740484429066,2351.341185296181,1188.4397929210463,0.9785109849922295,-0.6793006415581715,False,False,,
1779,7.130943600000001,657116.0,2273.757785467128,2273.757785467128,2346.3992898851966,1188.4397929210463,0.9743526797584092,-0.7533897094470632,False,False,,
1780,7.134952000000001,656458.0,2271.4809688581313,2271.4809688581313,2344.163276794295,1188.4397929210463,0.9724712103695344,-0.2304081093472234,False,False,,
1781,7.138960400000001,654654.0,2265.2387543252594,2271.4809688581313,2344.2040802795323,1188.4397929210463,0.9725055440273944,-0.4446853024435171,False,False,,
1782,7.142968800000001,657236.0,2274.173010380623,2267.1626297577855,2339.92654463158,1188.4397929210463,0.9689062572369052,-0.4446853093395759,False,False,,
1783,7.146977200000001,655210.0,2267.1626297577855,2267.1626297577855,2339.967348051115,1188.4397929210463,0.9689405908394808,-0.6774847676860816,False,False,,
1784,7.150985600000001,653321.0,2260.6262975778545,2260.6262975778545,2333.471819257854,1188.4397929210463,0.9634749973513194,-1.504449440648273,False,False,,
1785,7.154994000000001,651044.0,2252.7474048442905,2252.7474048442905,2325.6337298781086,1188.4397929210463,0.9568797205636916,-2.1825096282832845,False,False,,
1786,7.159002400000001,647288.0,2239.750865051903,2239.750865051903,2312.677993406689,1188.4397929210463,0.9459782541632978,-1.3555449691154422,False,False,,
1787,7.163010800000001,646066.0,2235.522491349481,2239.750865051903,2312.7187966947986,1188.4397929210463,0.9460125876552868,1.0948417617726849,False,False,,
1788,7.167019200000001,654089.0,2263.2837370242214,2250.100346020761,2323.109080918908,1188.4397929210463,0.9547553815990772,1.0948417548758729,False,False,,
1789,7.171027600000001,650279.0,2250.100346020761,2250.100346020761,2323.1498841413086,1188.4397929210463,0.9547897150357758,-1.7194530246763833,False,False,,
1790,7.175036000000001,645521.0,2233.636678200692,2233.636678200692,2306.7270195107744,1188.4397929210463,0.9409708705908514,-1.7194530315731953,False,False,,
1791,7.179044400000001,641152.0,2218.5190311418687,2233.636678200692,2306.7678226674657,1188.4397929210463,0.9410052039722596,-1.5781753682469315,False,False,,
1792,7.1830528000000005,645626.0,2234.0,2218.5190311418687,2291.690978732468,1188.4397929210463,0.9283189542986936,-1.383146817534282,False,False,,
1793,7.1870612000000005,639631.0,2213.2560553633216,2220.377162629758,2293.5899133113394,1188.4397929210463,0.9299167925654552,-0.5438339815340925,False,False,,
1794,7.1910696000000005,641689.0,2220.377162629758,2213.2560553633216,2286.5096091030196,1188.4397929210463,0.923959146035531,-1.254943701279501,False,False,,
1795,7.1950780000000005,638210.0,2208.3391003460206,2208.3391003460206,2281.633457110984,1188.4397929210463,0.9198561599010376,-0.5075158281758263,False,False,,
1796,7.1990864000000006,634547.0,2195.6643598615915,2208.3391003460206,2281.6742601033916,1188.4397929210463,0.919890493144211,-0.5707094459181263,False,False,,
1797,7.203094800000001,639903.0,2214.19723183391,2202.8200692041523,2276.19603192108,1188.4397929210463,0.915280896415001,-0.5707094528149383,False,False,,
1798,7.207103200000001,636615.0,2202.8200692041523,2202.8200692041523,2276.236834847778,1188.4397929210463,0.9153152296028844,-0.4995258520934413,False,False,,
1799,7.211111600000001,635216.0,2197.9792387543253,2197.9792387543253,2271.436807291791,1188.4397929210463,0.9112762975639384,-1.4430718416146815,False,False,,
1800,7.215120000000001,630644.0,2182.159169550173,2188.989619377163,2262.4879907756176,1188.4397929210463,0.9037464112630276,-1.326853713622441,False,False,,
1801,7.219128400000001,632618.0,2188.989619377163,2185.2560553633216,2258.7952295899145,1188.4397929210463,0.9006391767125699,-0.3833077378955636,False,False,,
1802,7.223136800000001,631539.0,2185.2560553633216,2185.2560553633216,2258.836032385187,1188.4397929210463,0.9006735097898664,-0.2649105198756274,False,False,,
1803,7.227145200000001,630786.0,2182.650519031142,2182.650519031142,2256.271298815429,1188.4397929210463,0.898515442056831,-1.4655891328364845,False,False,,
1804,7.231153600000001,627480.0,2171.21107266436,2171.21107266436,2244.872655178218,1188.4397929210463,0.8889241748297428,-1.1921133410742328,False,False,,
1805,7.235162000000001,626992.0,2169.522491349481,2171.21107266436,2244.9134578749304,1188.4397929210463,0.888958507824107,-0.1686673976116708,False,False,,
1806,7.239170400000001,630753.0,2182.536332179931,2169.522491349481,2243.2656792239054,1188.4397929210463,0.8875720020365695,-0.4969836355679291,False,False,,
1807,7.243178800000001,624667.0,2161.477508650519,2166.39446366782,2240.178454173248,1188.4397929210463,0.884974289414486,-0.8358321419976704,False,False,,
1808,7.247187200000001,626088.0,2166.39446366782,2161.477508650519,2235.3023017540995,1188.4397929210463,0.8808713029206026,-1.125287941101476,False,False,,
1809,7.251195600000001,622966.0,2155.59169550173,2155.59169550173,2229.4572911705973,1188.4397929210463,0.8759530810482636,-0.7915239918666828,False,False,,
1810,7.255204000000001,618958.0,2141.7231833910037,2153.8546712802768,2227.76106948158,1188.4397929210463,0.8745258133826057,-1.4470669158670404,False,False,,
1811,7.259212400000001,622464.0,2153.8546712802768,2141.7231833910037,2215.6703840918917,1188.4397929210463,0.8643522349971406,-1.6101354932790173,False,False,,
1812,7.263220800000001,618007.0,2138.432525951557,2138.432525951557,2212.420529119172,1188.4397929210463,0.8616176791600865,-1.1772229477176808,False,False,,
1813,7.267229200000001,615693.0,2130.425605536332,2130.425605536332,2204.454411137815,1188.4397929210463,0.8549146740698775,-0.8499962685687734,False,False,,
1814,7.271237600000001,615643.0,2130.2525951557095,2130.2525951557095,2204.3222031582177,1188.4397929210463,0.8548034290742242,-0.5256750427928694,False,False,,
1815,7.275246000000001,613412.0,2122.5328719723184,2125.3356401384085,2199.446050509076,1188.4397929210463,0.8507004423868156,-0.8016931200502029,False,False,,
1816,7.279254400000001,614222.0,2125.3356401384085,2122.5328719723184,2196.6840846782943,1188.4397929210463,0.8483764156694057,-1.549484188618976,False,False,,
1817,7.283262800000001,609932.0,2110.491349480969,2110.491349480969,2184.683364489395,1188.4397929210463,0.8382785375434949,-1.3377492810161584,False,False,,
1818,7.287271200000001,609255.0,2108.148788927336,2109.705882352941,2183.9386996309663,1188.4397929210463,0.8376519472333553,-0.2373088231884708,False,False,,
1819,7.291279600000001,609705.0,2109.705882352941,2108.148788927336,2182.42240844211,1188.4397929210463,0.8363760801697575,-1.5284196723608543,False,False,,
1820,7.295288000000001,603037.0,2086.6332179930796,2095.062283737024,2169.3767054556806,1188.4397929210463,0.8253989124039728,-2.222823035215356,False,False,,
1821,7.299296400000001,605473.0,2095.062283737024,2086.889273356401,2161.2444972460967,1188.4397929210463,0.818556152461043,-0.4396010349196331,False,False,,
1822,7.303304800000001,603111.0,2086.889273356401,2090.7923875432525,2165.1884135711216,1188.4397929210463,0.8218747188272291,0.008565140845846,False,False,,
1823,7.307313200000001,604239.0,2090.7923875432525,2086.889273356401,2161.326101489593,1188.4397929210463,0.818624817482176,-1.3377493223961494,False,False,,
1824,7.311321600000001,600532.0,2077.9653979238756,2077.9653979238756,2152.4430281295463,1188.4397929210463,0.8111502500594435,-1.8069800489045065,False,False,,
1825,7.315330000000001,598112.0,2069.59169550173,2069.59169550173,2144.1101277470143,1188.4397929210463,0.8041386198261182,-1.4194652122846776,False,False,,
1826,7.319338400000001,596600.0,2064.3598615916953,2064.3598615916953,2138.919095843735,1188.4397929210463,0.7997706813455996,-1.3054261743215676,False,False,,
1827,7.323346800000001,594494.0,2057.0726643598614,2057.0726643598614,2131.6727005858124,1188.4397929210463,0.7936732792718171,-2.342673035096496,False,False,,
1828,7.327355200000001,590126.0,2041.9584775086505,2041.9584775086505,2116.5993156756476,1188.4397929210463,0.780989940157838,-1.7412441939462866,False,False,,
1829,7.331363600000001,586466.0,2029.2941176470588,2040.401384083045,2115.0830241582444,1188.4397929210463,0.7797140728177884,-0.7032709836211382,False,False,,
1830,7.335372000000001,589676.0,2040.401384083045,2035.1764705882351,2109.898912538779,1188.4397929210463,0.775351957336344,-0.5398392383320214,False,False,,
1831,7.339380400000001,588166.0,2035.1764705882351,2035.1764705882351,2109.939714381265,1188.4397929210463,0.7753862896119282,-0.2376720945192403,False,False,,
1832,7.3433888,587488.0,2032.8304498269897,2032.8304498269897,2107.634495429654,1188.4397929210463,0.7734465876890028,-0.7199773612024956,False,False,,
1833,7.3473972,586160.0,2028.235294117647,2028.235294117647,2103.0801414970883,1188.4397929210463,0.7696143751026401,-2.090624996438308,False,False,,
1834,7.3514056,579815.0,2006.280276816609,2012.8304498269897,2087.7160989503573,1188.4397929210463,0.7566864652175561,-2.2958226477472152,False,False,,
1835,7.355414000000001,581708.0,2012.8304498269897,2006.280276816609,2081.2067276510443,1188.4397929210463,0.7512092241001801,-0.8064146197153264,False,False,,
1836,7.359422400000001,579464.0,2005.0657439446368,2005.0657439446368,2080.0329964572957,1188.4397929210463,0.7502216004942222,-1.6722397315300557,False,False,,
1837,7.363430800000001,574170.0,1986.7474048442907,1990.2664359861592,2065.2744901441765,1188.4397929210463,0.7378032126204499,-1.9141187316638764,False,False,,
1838,7.367439200000001,575187.0,1990.2664359861592,1986.7474048442907,2061.796260614816,1188.4397929210463,0.7348764934462192,-0.5391129301625881,False,False,,
1839,7.371447600000001,573679.0,1985.0484429065743,1985.0484429065743,2060.138100256756,1188.4397929210463,0.7334812520819224,-1.2331531113455585,False,False,,
1840,7.375456000000001,570751.0,1974.916955017301,1974.916955017301,2050.0474139142807,1188.4397929210463,0.724990551583184,-1.363172156648659,False,False,,
1841,7.379464400000001,567959.0,1965.2560553633216,1971.9792387543253,2047.1504991652523,1188.4397929210463,0.7225529735365014,-1.0054382170923477,False,False,,
1842,7.383472800000001,569902.0,1971.9792387543253,1965.2560553633216,2040.468117255338,1188.4397929210463,0.716930154484398,-1.083885465038776,False,False,,
1843,7.387481200000001,564897.0,1954.6608996539792,1961.5709342560551,2036.8237975963095,1188.4397929210463,0.7138636805403785,-1.1034972821972246,False,False,,
1844,7.391489600000001,566894.0,1961.5709342560551,1954.6608996539792,2029.9545644096208,1188.4397929210463,0.7080836374724793,-1.123109099356398,False,False,,
1845,7.395498000000001,563778.0,1950.78892733564,1950.78892733564,2026.123393473811,1188.4397929210463,0.704859939512658,-1.601056185982145,False,False,,
1846,7.399506400000001,559315.0,1935.3460207612457,1939.325259515571,2014.7005270034124,1188.4397929210463,0.6952482902406976,-1.1946559024414114,False,False,,
1847,7.403514800000001,560465.0,1939.325259515571,1939.325259515571,2014.741328320232,1188.4397929210463,0.6952826220739657,0.0085649684280895,False,False,,
1848,7.407523200000001,560647.0,1939.955017301038,1939.325259515571,2014.7821296042011,1188.4397929210463,0.6953169538795918,-2.2584150321330156,False,False,,
1849,7.411531600000001,553741.0,1916.0588235294117,1917.726643598616,1993.224314938364,1188.4397929210463,0.6771773604443616,-2.4334686047053538,False,False,,
1850,7.415540000000001,554223.0,1917.726643598616,1916.0588235294117,1991.5972960874196,1188.4397929210463,0.6758083227693898,0.0085649477376819,False,False,,
1851,7.419548400000001,550700.0,1905.5363321799307,1917.726643598616,1993.3059173420256,1188.4397929210463,0.6772460239173851,-1.0958705222688252,False,False,,
1852,7.423556800000001,554284.0,1917.937716262976,1905.5363321799307,1981.156407075898,1188.4397929210463,0.6670229479664651,-1.737612542752018,False,False,,
1853,7.427565200000001,549415.0,1901.089965397924,1901.089965397924,1976.7508414135832,1188.4397929210463,0.6633159316846506,-0.6567838951882692,False,False,,
1854,7.431573600000001,548868.0,1899.19723183391,1899.19723183391,1974.898908936411,1188.4397929210463,0.6617576428355197,-1.3366599911809374,False,False,,
1855,7.435582000000001,545711.0,1888.273356401384,1888.273356401384,1964.0158345578757,1188.4397929210463,0.6526001958673512,-2.100794234967637,False,False,,
1856,7.439590400000001,542361.0,1876.681660899654,1879.1003460207612,1954.883625198392,1188.4397929210463,0.6449159956126311,-1.2080936932535875,False,False,,
1857,7.443598800000001,543060.0,1879.1003460207612,1876.681660899654,1952.505741065566,1188.4397929210463,0.6429151503472758,-0.7951561396253481,False,False,,
1858,7.447607200000001,538285.0,1862.57785467128,1871.4429065743943,1947.307787695737,1188.4397929210463,0.6385413878724826,-1.4717636005750592,False,False,,
1859,7.451615600000001,540847.0,1871.4429065743943,1862.57785467128,1938.4835367151948,1188.4397929210463,0.6311163159141856,-2.0931674474527853,False,False,,
1860,7.455624000000001,535060.0,1851.4186851211073,1851.4186851211073,1927.365168054743,1188.4397929210463,0.621760883079743,-1.755771681501173,False,False,,
1861,7.459632400000001,533427.0,1845.7681660899657,1845.7681660899657,1921.7554498804711,1188.4397929210463,0.6170406454979269,-1.0704478742285062,False,False,,
1862,7.463640800000001,532089.0,1841.1384083044984,1841.1384083044984,1917.166492919016,1188.4397929210463,0.6131793165616278,-1.4688581747892897,False,False,,
1863,7.467649200000001,529359.0,1831.6920415224913,1831.6920415224913,1907.7609269281704,1188.4397929210463,0.605265103282276,-1.6115885785950184,False,False,,
1864,7.471657600000001,527628.0,1825.702422145329,1825.702422145329,1901.8121083093176,1188.4397929210463,0.6002595332447472,-1.5171613508950657,False,False,,
1865,7.475666000000001,525158.0,1817.1557093425608,1817.1557093425608,1893.3061962320016,1188.4397929210463,0.5931023241644204,-1.2520387375779194,False,False,,
1866,7.479674400000001,524157.0,1813.6920415224913,1813.6920415224913,1889.883329104533,1188.4397929210463,0.5902221890933325,-1.0424829200034935,False,False,,
1867,7.483682800000001,522264.0,1807.1418685121107,1807.1418685121107,1883.3739567539023,1188.4397929210463,0.5847449470913364,-1.6740558536839387,False,False,,
1868,7.487691200000001,517724.0,1791.4325259515572,1797.6608996539792,1873.9337885226623,1188.4397929210463,0.576801618125519,-1.6402799651287978,False,False,,
1869,7.491699600000001,519524.0,1797.6608996539792,1791.4325259515572,1867.746215414281,1188.4397929210463,0.5715951506668917,-1.4648632246785809,False,False,,
1870,7.495708000000001,515467.0,1783.6228373702422,1783.6228373702422,1859.977327394149,1188.4397929210463,0.5650581026259157,-1.6762349644037189,False,False,,
1871,7.4997164,509391.0,1762.598615916955,1775.3806228373703,1851.7759133896088,1188.4397929210463,0.5581571102042616,-2.1538188693563143,False,False,,
1872,7.5037248,513085.0,1775.3806228373703,1763.0207612456747,1839.4568522933937,1188.4397929210463,0.547791367514061,-1.2887201346773764,False,False,,
1873,7.5077332,509513.0,1763.0207612456747,1763.0207612456747,1839.4976527560232,1188.4397929210463,0.54782569862858,-0.7123508288624691,False,False,,
1874,7.511741600000001,507528.0,1756.152249134948,1756.152249134948,1832.669941075068,1188.4397929210463,0.5420805933892363,-1.873079457957033,False,False,,
1875,7.515750000000001,504332.0,1745.0934256055364,1745.0934256055364,1821.6519179425695,1188.4397929210463,0.53280959523003,-1.7568613299647635,False,False,,
1876,7.519758400000001,501190.0,1734.2214532871972,1739.3321799307955,1815.9314726318987,1188.4397929210463,0.5279961874791748,-1.1325520435068768,False,False,,
1877,7.523766800000001,502667.0,1739.3321799307955,1734.2214532871972,1810.8615463195188,1188.4397929210463,0.523730152007644,-1.9046762840686355,False,False,,
1878,7.527775200000001,497399.0,1721.1038062283735,1721.1038062283735,1797.7846995590485,1188.4397929210463,0.5127267786450532,-1.4666791951051366,False,False,,
1879,7.531783600000001,497128.0,1720.166089965398,1720.166089965398,1796.8877835615822,1188.4397929210463,0.5119720782363251,-1.8636367689790705,False,False,,
1880,7.535792000000001,492244.0,1703.2664359861592,1703.2664359861592,1780.0289298149946,1188.4397929210463,0.4977863753955017,-2.5500501350591804,False,False,,
1881,7.539800400000001,490083.0,1695.7889273356402,1695.7889273356402,1772.5922213642832,1188.4397929210463,0.4915288363135825,-1.1496216165518618,False,False,,
1882,7.543808800000001,489055.0,1692.2318339100343,1692.2318339100343,1769.0759281056196,1188.4397929210463,0.4885700888199287,-0.4421437273168322,False,False,,
1883,7.547817200000001,486620.0,1683.8062283737024,1691.4948096885814,1768.3797040182576,1188.4397929210463,0.4879842584804289,-0.8757826500141093,False,False,,
1884,7.551825600000001,488842.0,1691.4948096885814,1683.8062283737024,1760.731922804626,1188.4397929210463,0.4815491144712955,-0.9898217017693084,False,False,,
1885,7.555834000000001,486093.0,1681.9826989619378,1681.9826989619378,1758.9491934612506,1188.4397929210463,0.4800490558616846,-1.022508059103444,False,False,,
1886,7.559842400000001,481920.0,1667.5432525951558,1673.9826989619378,1750.9899934967889,1188.4397929210463,0.473351871863075,-1.506992415815894,False,False,,
1887,7.563850800000001,483781.0,1673.9826989619378,1667.5432525951558,1744.591347132687,1188.4397929210463,0.4679677990625717,-1.1939298218573242,False,False,,
1888,7.567859200000001,480470.0,1662.525951557093,1662.525951557093,1739.6148460644536,1188.4397929210463,0.4637803752672091,-1.7957218584726462,False,False,,
1889,7.571867600000001,476952.0,1650.3529411764705,1650.3529411764705,1727.4826356208016,1188.4397929210463,0.4535718560675681,-2.0978890160782697,False,False,,
1890,7.575876000000001,474670.0,1642.4567474048442,1642.4567474048442,1719.6272417533023,1188.4397929210463,0.4469620186031128,-1.4336297457525546,False,False,,
1891,7.579884400000001,472981.0,1636.6124567474048,1636.6124567474048,1713.8237509671394,1188.4397929210463,0.442078733121819,-1.1924771227561024,False,False,,
1892,7.583892800000001,471363.0,1631.01384083045,1631.01384083045,1708.2659348886025,1188.4397929210463,0.4374021680054016,-1.57236515806985,False,False,,
1893,7.587901200000001,468457.0,1620.9584775086505,1621.5501730103806,1698.843066874093,1188.4397929210463,0.4294733961226045,-1.0028963040131842,False,False,,
1894,7.591909600000001,468628.0,1621.5501730103806,1621.3771626297578,1698.7108562661865,1188.4397929210463,0.4293621489153886,-0.009594439285685,False,False,,
1895,7.595918000000001,468578.0,1621.3771626297578,1621.3771626297578,1698.7516560060442,1188.4397929210463,0.429396479421739,-0.911011354909931,False,False,,
1896,7.599926400000001,466046.0,1612.6159169550174,1612.6159169550174,1690.0312100383107,1188.4397929210463,0.4220587530853467,-1.3057898387547129,False,False,,
1897,7.603934800000001,464959.0,1608.8546712802768,1608.8546712802768,1686.310764037726,1188.4397929210463,0.4189282234424102,-1.7020210492855767,False,False,,
1898,7.607943200000001,461336.0,1596.318339100346,1596.318339100346,1673.8152314991005,1188.4397929210463,0.408413990737434,-1.7074687812552725,False,False,,
1899,7.611951600000001,460234.0,1592.5051903114186,1592.5051903114186,1670.0428823186198,1188.4397929210463,0.4052397877168429,-0.8089573327968438,False,False,,
1900,7.615960000000001,459085.0,1588.529411764706,1588.529411764706,1666.107903347503,1188.4397929210463,0.4019287415918682,-1.5727283949119624,False,False,,
1901,7.619968400000001,455880.0,1577.439446366782,1577.439446366782,1655.058737492324,1188.4397929210463,0.3926315387205126,-1.97549687553105,False,False,,
1902,7.623976800000001,453622.0,1569.6262975778548,1569.6262975778548,1647.2863882132835,1188.4397929210463,0.3860915782401108,-1.3697098543217905,False,False,,
1903,7.627985200000001,452085.0,1564.3079584775087,1564.3079584775087,1642.0088485899803,1188.4397929210463,0.3816508487603856,-0.5496456469122109,False,False,,
1904,7.631993600000001,449744.0,1556.2076124567477,1564.3079584775087,1642.049648034165,1188.4397929210463,0.3816851790179449,-0.8416437177158755,False,False,,
1905,7.636002000000001,452177.0,1564.6262975778548,1556.2076124567477,1633.990101424738,1188.4397929210463,0.3749035594042009,-1.6428224919982028,False,False,,
1906,7.640010400000001,443654.0,1535.134948096886,1548.574394463668,1626.3976828101413,1188.4397929210463,0.3685149996640937,-0.7926142058527219,False,False,,
1907,7.644018800000001,447538.0,1548.574394463668,1548.574394463668,1626.438482155766,1188.4397929210463,0.3685493298387207,0.0085645546375232,False,False,,
1908,7.648027200000001,450616.0,1559.2249134948097,1548.574394463668,1626.479281468547,1188.4397929210463,0.3685836599857118,-0.8263901150967286,False,False,,
1909,7.652035600000001,445239.0,1540.6193771626297,1540.6193771626297,1618.5650634474316,1188.4397929210463,0.3619243255640132,-1.899955143024272,False,False,,
1910,7.656044000000001,442283.0,1530.3910034602077,1530.3910034602077,1608.3774889920817,1188.4397929210463,0.3533520995951147,-1.8040751886375688,False,False,,
1911,7.6600524,440248.0,1523.3494809688582,1523.3494809688582,1601.3767657149529,1188.4397929210463,0.3474614155917446,-0.8790514781578622,False,False,,
1912,7.664060800000001,439839.0,1521.9342560553632,1521.9342560553632,1600.0023399828206,1188.4397929210463,0.3463049197050206,-0.6564211204082468,False,False,,
1913,7.668069200000001,438417.0,1517.01384083045,1517.01384083045,1595.1227239064262,1188.4397929210463,0.3421990187536557,-0.5289443605978974,False,False,,
1914,7.672077600000001,438359.0,1516.8131487889273,1516.8131487889273,1594.9628309805717,1188.4397929210463,0.3420644785549793,-0.9981750871070076,False,False,,
1915,7.676086000000001,435645.0,1507.4221453287198,1507.4221453287198,1585.6126266031667,1188.4397929210463,0.3341968487153362,-0.9771105570545302,False,False,,
1916,7.680094400000001,433985.0,1501.6782006920416,1507.4221453287198,1585.653425653133,1188.4397929210463,0.3342311786411845,-0.4577607736684612,False,False,,
1917,7.684102800000001,437937.0,1515.3529411764705,1502.9792387543253,1581.251318095839,1188.4397929210463,0.3305270721449909,-0.4577607805652661,False,False,,
1918,7.688111200000001,434361.0,1502.9792387543253,1502.9792387543253,1581.292117080096,1188.4397929210463,0.3305614020155489,-0.1621309068384064,False,False,,
1919,7.692119600000001,433891.0,1501.3529411764705,1501.3529411764705,1579.7066184536473,1188.4397929210463,0.3292273010910487,-0.6063020980114544,False,False,,
1920,7.696128000000001,430821.0,1490.7301038062285,1497.121107266436,1575.5155834621603,1188.4397929210463,0.3257007993562106,-1.1064032665995145,False,False,,
1921,7.700136400000001,432668.0,1497.121107266436,1490.7301038062285,1569.1653788876497,1188.4397929210463,0.3203574873833737,-1.369346803680337,False,False,,
1922,7.704144800000001,428874.0,1483.9930795847752,1483.9930795847752,1562.4691535190425,1188.4397929210463,0.314723019900466,-0.6985502632686718,False,False,,
1923,7.708153200000001,428142.0,1481.4602076124568,1483.9930795847752,1562.5099523390302,1188.4397929210463,0.3147573496328014,-0.2572845392606879,False,False,,
1924,7.712161600000001,429048.0,1484.5951557093426,1481.4602076124568,1560.0178791538558,1188.4397929210463,0.3126604212061209,-1.2672927746696772,False,False,,
1925,7.716170000000001,424861.0,1470.107266435986,1471.8373702422143,1550.4358405379066,1188.4397929210463,0.3045977169168294,-1.1830346337716977,False,False,,
1926,7.720178400000001,425361.0,1471.8373702422143,1470.107266435986,1548.7465354531205,1188.4397929210463,0.3031762691540999,-0.1515986935347513,False,False,,
1927,7.724186800000001,424143.0,1467.6228373702422,1470.311418685121,1548.991486390839,1188.4397929210463,0.3033823805105001,-0.2522000234442245,False,False,,
1928,7.728195200000001,424920.0,1470.311418685121,1467.6228373702422,1546.3437037316933,1188.4397929210463,0.3011544320061523,-1.1634228441989052,False,False,,
1929,7.732203600000001,420579.0,1455.2906574394465,1459.1453287197232,1537.9069937040565,1188.4397929210463,0.2940554522531262,-1.2858150743992027,False,False,,
1930,7.736212000000001,421693.0,1459.1453287197232,1455.2906574394465,1534.0931210138106,1188.4397929210463,0.2908463097177087,-0.4784622254930468,False,False,,
1931,7.740220400000001,419272.0,1450.7681660899657,1454.5051903114186,1533.3484524429628,1188.4397929210463,0.2902197162837935,-0.0738778503091595,False,False,,
1932,7.744228800000001,420352.0,1454.5051903114186,1454.5051903114186,1533.389250967292,1188.4397929210463,0.2902540457673502,0.0085643822304533,False,False,,
1933,7.748237200000001,420993.0,1456.7231833910034,1454.5051903114186,1533.4300494587628,1188.4397929210463,0.2902883752232587,-0.641167635025532,False,False,,
1934,7.752245600000001,418563.0,1448.3148788927335,1448.3148788927335,1527.280536498705,1188.4397929210463,0.2851139330708775,-1.399854153739298,False,False,,
1935,7.756254000000001,416474.0,1441.0865051903115,1441.0865051903115,1520.092961222052,1188.4397929210463,0.2790660244435614,-1.226253321646709,False,False,,
1936,7.760262400000001,414283.0,1433.5051903114186,1436.5501730103806,1515.5974274350392,1188.4397929210463,0.2752833054419001,-0.7871666876671171,False,False,,
1937,7.764270800000001,415163.0,1436.5501730103806,1433.5051903114186,1512.5932430961516,1188.4397929210463,0.2727554665418716,-0.9999911540773424,False,False,,
1938,7.768279200000001,412386.0,1426.9411764705883,1426.9411764705883,1506.0700275825377,1188.4397929210463,0.2672665763578928,-0.9426084568730246,False,False,,
1939,7.772287600000001,411664.0,1424.4429065743946,1424.4429065743946,1503.612555980709,1188.4397929210463,0.2651987630648119,-0.3030455402118548,False,False,,
1940,7.776296000000001,411528.0,1423.9723183391004,1423.9723183391004,1503.1827660069291,1188.4397929210463,0.2648371208711224,-0.7454008230265288,False,False,,
1941,7.780304400000001,406045.0,1405.0,1417.2595155709344,1496.5107614674264,1188.4397929210463,0.2592230337467728,-0.8972107686211999,False,False,,
1942,7.784312800000001,409588.0,1417.2595155709344,1415.3425605536331,1494.6346046459305,1188.4397929210463,0.2576443615812399,-0.0887683747004359,False,False,,
1943,7.788321200000001,409034.0,1415.3425605536331,1416.3321799307955,1495.6650221860543,1188.4397929210463,0.2585113954404743,0.0085643063732661,False,False,,
1944,7.792329600000001,409320.0,1416.3321799307955,1415.3425605536331,1494.7162009390022,1188.4397929210463,0.2577130199125731,-0.4090946227776335,False,False,,
1945,7.796338000000001,408170.0,1412.3529411764705,1412.3529411764705,1491.767379659099,1188.4397929210463,0.2552317656685905,-1.263661102775032,False,False,,
1946,7.800346400000001,405531.0,1403.2214532871972,1403.2214532871972,1482.676689834227,1188.4397929210463,0.2475825015838461,-2.420031551809739,False,False,,
1947,7.804354800000001,401483.0,1389.2145328719723,1389.2145328719723,1468.71056745056,1188.4397929210463,0.2358308567240421,-1.4615951275487582,False,False,,
1948,7.808363200000001,400621.0,1386.2318339100343,1389.2145328719723,1468.7513654492593,1188.4397929210463,0.2358651857653132,0.2079510095600696,False,False,,
1949,7.812371600000001,402101.0,1391.3529411764705,1391.1141868512111,1470.6918173943538,1188.4397929210463,0.2374979583774833,0.233010537999295,False,False,,
1950,7.81638,402032.0,1391.1141868512111,1391.3529411764705,1470.9713696526107,1188.4397929210463,0.2377331846463461,0.0085642580994793,False,False,,
1951,7.820388400000001,402401.0,1392.3910034602077,1391.1141868512111,1470.773413227498,1188.4397929210463,0.2375666163218151,-0.1962702115371968,False,False,,
1952,7.824396800000001,397859.0,1376.674740484429,1389.401384083045,1469.1014083266275,1188.4397929210463,0.2361597256144947,-0.1712106830979571,False,False,,
1953,7.828405200000001,401537.0,1389.401384083045,1389.401384083045,1469.1422061610722,1188.4397929210463,0.2361940545175554,0.0085642374113525,False,False,,
1954,7.832413600000001,401850.0,1390.484429065744,1389.401384083045,1469.183003962666,1188.4397929210463,0.236228383392974,-1.1717762019433131,False,False,,
1955,7.836422000000001,394291.0,1364.3287197231834,1378.1557093425606,1457.9781269909315,1188.4397929210463,0.2268001590618162,-1.6845887290340116,False,False,,
1956,7.840430400000001,398287.0,1378.1557093425606,1373.2698961937715,1453.1331115780345,1188.4397929210463,0.222723372470054,0.0085642167232364,False,False,,
1957,7.844438800000001,396875.0,1373.2698961937715,1378.1557093425606,1458.0597224298642,1188.4397929210463,0.226868816674443,0.0085642098271989,False,False,,
1958,7.848447200000001,399031.0,1380.7301038062285,1373.2698961937715,1453.2147069512653,1188.4397929210463,0.2227920300273967,-0.9669417667875776,False,False,,
1959,7.852455600000001,395601.0,1368.8615916955018,1368.8615916955018,1448.8472000903344,1188.4397929210463,0.2191170379184603,-1.3653520673476258,False,False,,
1960,7.856464000000001,393092.0,1360.1799307958477,1360.1799307958477,1440.2063367951682,1188.4397929210463,0.2118462755738842,-0.9026586247195852,False,False,,
1961,7.860472400000001,392445.0,1357.9411764705883,1360.1799307958477,1440.2471343668053,1188.4397929210463,0.2118806042558083,0.4098799292800201,False,False,,
1962,7.864480800000001,394197.0,1364.0034602076123,1364.0034602076123,1444.1114613173636,1188.4397929210463,0.2151322009909363,0.419322645842886,False,False,,
1963,7.868489200000001,394223.0,1364.0934256055364,1364.0934256055364,1444.242224221215,1188.4397929210463,0.2152422300430015,0.0180068919106375,False,False,,
1964,7.872497600000001,394486.0,1365.0034602076123,1364.0934256055364,1444.2830216943069,1188.4397929210463,0.2152765586420055,-1.1659653641592982,False,False,,
1965,7.876506000000001,387066.0,1339.3287197231834,1352.903114186851,1433.1335077158549,1188.4397929210463,0.2058949189116092,-2.1549090626212895,False,False,,
1966,7.880514400000001,390989.0,1352.903114186851,1343.4809688581315,1423.7521597945176,1188.4397929210463,0.198001083668783,0.0085641477628541,False,False,,
1967,7.884522800000001,388266.0,1343.4809688581315,1352.903114186851,1433.2151024977686,1188.4397929210463,0.2059635759713945,0.0884641086025155,False,False,,
1968,7.888531200000001,391440.0,1354.4636678200693,1344.242214532872,1424.59500018547,1188.4397929210463,0.1987102827346277,-0.9004795898587119,False,False,,
1969,7.892539600000001,388486.0,1344.242214532872,1344.242214532872,1424.6357974942994,1188.4397929210463,0.1987446111954151,-0.2946925686494488,False,False,,
1970,7.896548000000001,387651.0,1341.3529411764705,1341.3529411764705,1421.7873214138765,1188.4397929210463,0.1963477913502788,-0.3375480127847865,False,False,,
1971,7.900556400000001,387533.0,1340.9446366782006,1340.9446366782006,1421.4198141587417,1188.4397929210463,0.196038556286522,-0.6248247218578449,False,False,,
1972,7.904564800000001,385907.0,1335.318339100346,1335.318339100346,1415.8343137911636,1188.4397929210463,0.1913386965200888,-0.5819692915145858,False,False,,
1973,7.908573200000001,383917.0,1328.4325259515572,1335.318339100346,1415.8751109685893,1188.4397929210463,0.1913730248703079,-0.7141674268453215,False,False,,
1974,7.912581600000001,386150.0,1336.159169550173,1328.4325259515572,1409.0300949643824,1188.4397929210463,0.1856133590925552,-0.8045996699513331,False,False,,
1975,7.916590000000001,383668.0,1327.5709342560554,1327.5709342560554,1408.2093003806044,1188.4397929210463,0.184922710236242,-0.7911619550009235,False,False,,
1976,7.920598400000001,379037.0,1311.546712802768,1320.8131487889273,1401.4923119923565,1188.4397929210463,0.1792707719317037,-0.7007297256869869,False,False,,
1977,7.924606800000001,381715.0,1320.8131487889273,1320.8131487889273,1401.5331090383784,1188.4397929210463,0.1793051001713545,0.0085640719064272,False,False,,
1978,7.928615200000001,384006.0,1328.7404844290656,1320.8131487889273,1401.573906051549,1188.4397929210463,0.1793394283833632,0.1418517384611917,False,False,,
1979,7.932623600000001,381311.0,1319.4152249134947,1322.083044982699,1402.8845992256483,1188.4397929210463,0.1804422971882502,-0.1381613371806089,False,False,,
1980,7.936632000000001,382082.0,1322.083044982699,1319.4152249134947,1400.2575761039204,1188.4397929210463,0.1782318165754537,-0.7581124573722313,False,False,,
1981,7.940640400000001,379379.0,1312.7301038062285,1314.7785467128028,1395.6616948178466,1188.4397929210463,0.1743646612399885,-0.6931029450651316,False,False,,
1982,7.944648800000001,379971.0,1314.7785467128028,1312.7301038062285,1393.6540487930465,1188.4397929210463,0.1726753488854555,-0.1857381568386387,False,False,,
1983,7.948657200000001,377133.0,1304.9584775086505,1312.9273356401384,1393.89207747588,1188.4397929210463,0.1728756355842444,0.0292653858087135,False,False,,
1984,7.952665600000001,379436.0,1312.9273356401384,1312.9273356401384,1393.9328742919529,1188.4397929210463,0.1729099636304068,0.0085640236356887,False,False,,
1985,7.956674000000001,379686.0,1313.7923875432523,1312.9273356401384,1393.9736710751745,1188.4397929210463,0.172944291648927,-0.1980863543586259,False,False,,
1986,7.960682400000001,378231.0,1308.757785467128,1310.9584775086505,1392.045609694057,1188.4397929210463,0.1713219449447846,-0.1980863612546635,False,False,,
1987,7.964690800000001,378867.0,1310.9584775086505,1310.9584775086505,1392.0864064115767,1188.4397929210463,0.1713562729080207,0.0085640029483364,False,False,,
1988,7.968699200000001,379476.0,1313.0657439446368,1310.9584775086505,1392.1272030962527,1188.4397929210463,0.1713906008436208,-0.8216693050563464,False,False,,
1989,7.972707600000001,376581.0,1303.0484429065743,1303.0484429065743,1384.2579651459944,1188.4397929210463,0.1647691144232471,-1.1902987085519603,False,False,,
1990,7.976716000000001,374142.0,1294.6089965397923,1299.5363321799307,1380.7866510383176,1188.4397929210463,0.1618482141569032,-0.3600654143386421,False,False,,
1991,7.980724400000001,375566.0,1299.5363321799307,1299.5363321799307,1380.8274476244408,1188.4397929210463,0.1618825420095771,0.0085639753641828,False,False,,
1992,7.984732800000001,376268.0,1301.9653979238751,1299.5363321799307,1380.8682441777055,1188.4397929210463,0.1619168698346028,-0.3720504232902897,False,False,,
1993,7.988741200000001,374518.0,1295.9100346020762,1295.9100346020762,1377.2827431202795,1188.4397929210463,0.1588998881761435,-0.7279684682817837,False,False,,
1994,7.992749600000001,370834.0,1283.1626297577857,1292.5190311418685,1373.9325361476351,1188.4397929210463,0.1560808922180813,-0.3473540834193898,False,False,,
1995,7.996758000000001,373538.0,1292.5190311418685,1292.5190311418685,1373.9733326023545,1188.4397929210463,0.1561152199601869,0.0085639477807895,False,False,,
1996,8.000766400000002,375592.0,1299.6262975778548,1292.5190311418685,1374.014129024223,1188.4397929210463,0.1561495476746504,-0.5398403831187544,False,False,,
1997,8.004774800000002,372028.0,1287.2941176470588,1287.2941176470588,1368.830011918438,1188.4397929210463,0.151787427576801,-0.6469789831148915,False,False,,
1998,8.008783200000002,371188.0,1284.3875432525952,1286.273356401384,1367.8500470289298,1188.4397929210463,0.1509628465628149,-0.2060764407783928,False,False,,
1999,8.012791600000002,371733.0,1286.273356401384,1285.249134948097,1366.8666218989656,1188.4397929210463,0.1501353539663687,-0.0989378545742738,False,False,,
2000,8.016800000000002,371437.0,1285.249134948097,1285.249134948097,1366.9074181894302,1188.4397929210463,0.1501696815702639,-0.3745927501585484,False,False,,
2001,8.020808400000002,370382.0,1281.598615916955,1281.598615916955,1363.2976954159092,1188.4397929210463,0.1471323188068977,-0.3745927570530583,False,False,,
2002,8.024816800000002,370192.0,1280.9411764705883,1281.598615916955,1363.3384916406865,1188.4397929210463,0.1471666463555209,0.1611002015509619,False,False,,
2003,8.028825200000002,372547.0,1289.0899653979238,1283.0519031141869,1364.8325750298302,1188.4397929210463,0.1484238269026914,0.794852211467731,False,False,,
2004,8.032833600000002,370802.0,1283.0519031141869,1289.0899653979238,1370.9114334726426,1188.4397929210463,0.1535388175644154,1.0538007363704691,False,False,,
2005,8.036842000000002,374373.0,1295.40830449827,1293.0103806228374,1374.8726448237733,1188.4397929210463,0.1568719366460262,0.4200487126616181,False,False,,
2006,8.040850400000002,373680.0,1293.0103806228374,1293.0103806228374,1374.9134409171468,1188.4397929210463,0.1569062640840811,-1.129284304963445,False,False,,
2007,8.044858800000002,370192.0,1280.9411764705883,1282.1695501730103,1364.1134065278422,1188.4397929210463,0.1478186902299953,-1.2582138052519412,False,False,,
2008,8.048867200000002,370547.0,1282.1695501730103,1280.9411764705883,1362.9258288530846,1188.4397929210463,0.1468194156501373,-0.9600416598256808,False,False,,
2009,8.0528756,365963.0,1266.3079584775087,1272.9411764705883,1354.9666248479052,1188.4397929210463,0.1401222282515089,-0.831112173328524,False,False,,
2010,8.056884,367880.0,1272.9411764705883,1272.9411764705883,1355.0074208098822,1188.4397929210463,0.1401565555790017,0.7051462903308199,False,False,,
2011,8.0608924,369798.0,1279.5778546712802,1279.5778546712802,1361.6848949396929,1188.4397929210463,0.1457752450318331,0.7051462834347824,False,False,,
2012,8.0649008,370784.0,1282.9896193771626,1279.5778546712802,1361.725690835968,1188.4397929210463,0.1458095723040416,-0.5681686638312655,False,False,,
2013,8.0689092,367801.0,1272.6678200692045,1274.083044982699,1356.2716770108036,1188.4397929210463,0.1412203504876306,-0.7167099743814198,False,False,,
2014,8.0729176,368210.0,1274.083044982699,1272.6678200692045,1354.897247927882,1188.4397929210463,0.1400638517814207,0.0085638167614057,False,False,,
2015,8.076926,367757.0,1272.515570934256,1274.083044982699,1356.3532686391063,1188.4397929210463,0.1412890048938434,0.3325218608665174,False,False,,
2016,8.0809344,368693.0,1275.7543252595156,1275.7543252595156,1358.0653446807942,1188.4397929210463,0.1427296130356154,0.1839805503156029,False,False,,
2017,8.0849428,369237.0,1277.636678200692,1275.7543252595156,1358.1061404128145,1188.4397929210463,0.1427639401696135,0.0049319793580231,False,False,,
2018,8.0889512,368683.0,1275.719723183391,1275.719723183391,1358.1123340358663,1188.4397929210463,0.1427691517277328,0.0049319724619785,False,False,,
2019,8.0929596,367276.0,1270.8512110726645,1275.719723183391,1358.153129702185,1188.4397929210463,0.1428034788064467,-0.5024328295550369,False,False,,
2020,8.096968,370430.0,1281.764705882353,1270.8512110726645,1353.3254132249406,1188.4397929210463,0.1387412482197559,-0.5394773669459703,False,False,,
2021,8.1009764,367174.0,1270.4982698961935,1270.4982698961935,1353.0132676490937,1188.4397929210463,0.1384785966511142,-0.0284807620049996,False,False,,
2022,8.1049848,365462.0,1264.574394463668,1270.4982698961935,1353.0540632168738,1188.4397929210463,0.1385129236469142,0.1011750878345232,False,False,,
2023,8.1089932,369692.0,1279.2110726643598,1271.3806228373703,1353.9772116929796,1188.4397929210463,0.1392896970952661,0.1011750809384857,False,False,,
2024,8.1130016,367429.0,1271.3806228373703,1271.3806228373703,1354.018007195058,1188.4397929210463,0.1393240240357819,0.0085637478033113,False,False,,
2025,8.11701,366860.0,1269.4117647058824,1271.3806228373703,1354.0588026642852,1188.4397929210463,0.1393583509486556,-0.1287189309287839,False,False,,
2026,8.1210184,368910.0,1276.5051903114186,1270.0726643598616,1352.79163962316,1188.4397929210463,0.138292110110312,-0.1287189378248214,False,False,,
2027,8.1250268,367051.0,1270.0726643598616,1270.0726643598616,1352.8324350266855,1188.4397929210463,0.1383264369679016,-0.3143047788706354,False,False,,
2028,8.1290352,366162.0,1266.9965397923877,1266.9965397923877,1349.797105829893,1188.4397929210463,0.1357723915590619,-0.3143047857659127,False,False,,
2029,8.1330436,362465.0,1254.204152249135,1266.9965397923877,1349.837901167724,1188.4397929210463,0.1358067183613734,-0.6636855606691441,False,False,,
2030,8.137052,366550.0,1268.3391003460208,1260.59169550173,1343.4738521820536,1188.4397929210463,0.1304517571562895,0.1494781949822261,False,False,,
2031,8.1410604,364311.0,1260.59169550173,1268.3391003460208,1351.2620522984805,1188.4397929210463,0.137005055154907,0.0085636995333331,False,False,,
2032,8.1450688,368238.0,1274.1799307958477,1260.59169550173,1343.5554426934675,1188.4397929210463,0.1305204106227083,-0.2514743841752924,False,False,,
2033,8.1490772,363822.0,1258.8996539792388,1265.8615916955018,1348.8661340936735,1188.4397929210463,0.1349890353118505,0.0089268674143205,False,False,,
2034,8.1530856,365834.0,1265.8615916955018,1260.5951557093426,1343.6404932811051,1188.4397929210463,0.1305919755333954,-0.5441988252150125,False,False,,
2035,8.157094,364312.0,1260.5951557093426,1260.5951557093426,1343.6812884218448,1188.4397929210463,0.1306263021698667,-0.0553563022371186,False,False,,
2036,8.1611024,363733.0,1258.59169550173,1259.98615916955,1343.113086989941,1188.4397929210463,0.1301481951296209,-0.2017185227581102,False,False,,
2037,8.1651108,364136.0,1259.98615916955,1258.59169550173,1341.7594183971587,1188.4397929210463,0.1290091651166195,-0.1752062676327348,False,False,,
2038,8.1691192,363630.0,1258.235294117647,1258.235294117647,1341.4438120552625,1188.4397929210463,0.1287436015232628,-0.4381498047128218,False,False,,
2039,8.1731276,357326.0,1236.4221453287198,1254.3356401384085,1337.5849530853668,1188.4397929210463,0.1254966057621977,-0.8605300955920399,False,False,,
2040,8.177136,362503.0,1254.3356401384085,1249.955017301038,1333.245125224496,1188.4397929210463,0.1218449038529204,-0.4512243586790756,False,False,,
2041,8.1811444,361237.0,1249.955017301038,1249.955017301038,1333.28592016813,1188.4397929210463,0.1218792303235393,-0.2057135556235554,False,False,,
2042,8.185152800000001,360647.0,1247.9134948096885,1247.9134948096885,1331.285192587578,1188.4397929210463,0.1201957394201975,-0.3480807777562429,False,False,,
2043,8.189161200000001,360104.0,1246.0346020761249,1246.5570934256054,1329.9695860814415,1188.4397929210463,0.119088736344423,-0.1338035984519585,False,False,,
2044,8.193169600000001,360255.0,1246.5570934256054,1246.5570934256054,1330.0103809265372,1188.4397929210463,0.1191230627321279,0.378645733175917,False,False,,
2045,8.197178000000001,361274.0,1250.083044982699,1250.083044982699,1333.5771272958827,1188.4397929210463,0.1221242634581477,0.6288778979620222,False,False,,
2046,8.201186400000001,361963.0,1252.4671280276816,1252.4671280276816,1336.0020051202664,1188.4397929210463,0.1241646510645098,0.2587957677810113,False,False,,
2047,8.205194800000001,363548.0,1257.9515570934257,1252.4671280276816,1336.0427998668165,1188.4397929210463,0.1241989773692945,-0.8627092407864261,False,False,,
2048,8.209203200000001,358813.0,1241.5674740484428,1244.166089965398,1327.7825565182393,1188.4397929210463,0.1172484836229732,-1.070085982123807,False,False,,
2049,8.213211600000001,359564.0,1244.166089965398,1242.190311418685,1325.8475726523743,1188.4397929210463,0.1156203120678044,0.0085635754130422,False,False,,
2050,8.217220000000001,358993.0,1242.190311418685,1244.166089965398,1327.8641458470993,1188.4397929210463,0.1173171360943444,0.0085635685177667,False,False,,
2051,8.221228400000001,360339.0,1246.847750865052,1242.190311418685,1325.92916191554,1188.4397929210463,0.1156889644838976,-0.93825105604723,False,False,,
2052,8.225236800000001,355340.0,1229.5501730103806,1235.1453287197232,1318.9249737988807,1188.4397929210463,0.109795365028225,-1.0472055643995244,False,False,,
2053,8.229245200000001,356957.0,1235.1453287197232,1232.131487889273,1315.951927517897,1188.4397929210463,0.1072937269152194,0.0085635478311765,False,False,,
2054,8.233253600000001,356086.0,1232.131487889273,1235.1453287197232,1319.006562864955,1188.4397929210463,0.1098640172784779,0.0085635409351407,False,False,,
2055,8.237262000000001,358864.0,1241.7439446366782,1232.131487889273,1316.0335165182694,1188.4397929210463,0.1073623791101883,-0.9309874501978131,False,False,,
2056,8.241270400000001,353824.0,1224.3044982698962,1226.1937716262976,1310.136594706207,1188.4397929210463,0.1024004770877321,-0.6146562211939663,False,False,,
2057,8.245278800000001,354370.0,1226.1937716262976,1226.1937716262976,1310.1773891242767,1188.4397929210463,0.1024348031161204,0.0085635202485505,False,False,,
2058,8.249287200000001,356919.0,1235.01384083045,1226.1937716262976,1310.2181835094882,1188.4397929210463,0.1024691291168607,-0.1134655282802086,False,False,,
2059,8.253295600000001,354034.0,1225.031141868512,1225.031141868512,1309.0963481040706,1188.4397929210463,0.1015251726690037,-0.8815947704521427,False,False,,
2060,8.257304000000001,351919.0,1217.712802768166,1217.712802768166,1301.8188033232486,1188.4397929210463,0.0954015601610999,-0.7595657357154604,False,False,,
2061,8.261312400000001,351696.0,1216.9411764705883,1217.712802768166,1301.8595976099143,1188.4397929210463,0.0954358860789199,-0.0724260200835935,False,False,,
2062,8.265320800000001,353322.0,1222.5674740484428,1216.9411764705883,1301.1287655661663,1188.4397929210463,0.0948209352432937,-0.933166588495423,False,False,,
2063,8.269329200000001,349326.0,1208.7404844290656,1208.7404844290656,1292.968867745615,1188.4397929210463,0.0879548761722698,-0.905201606683958,False,False,,
2064,8.273337600000001,349180.0,1208.235294117647,1208.235294117647,1292.504471622324,1188.4397929210463,0.0875641150028297,-0.5558208455704854,False,False,,
2065,8.277346000000001,347772.0,1203.363321799308,1203.363321799308,1287.6732934592687,1188.4397929210463,0.0834989716175003,-0.9353456992111688,False,False,,
2066,8.281354400000001,346285.0,1198.2179930795849,1199.242214532872,1283.5929803152585,1188.4397929210463,0.0800656356013936,-0.5314876873703067,False,False,,
2067,8.285362800000001,346581.0,1199.242214532872,1198.2179930795849,1282.6095529515535,1188.4397929210463,0.07923814112539,-0.3135786913492495,False,False,,
2068,8.289371200000001,345694.0,1196.1730103806228,1196.1730103806228,1280.6053643093298,1188.4397929210463,0.0775517379485849,-0.3350064168653439,False,False,,
2069,8.293379600000002,343823.0,1189.6989619377164,1194.9446366782006,1279.4177846307878,1188.4397929210463,0.0765524616826639,-0.473015458941223,False,False,,
2070,8.297388000000002,345339.0,1194.9446366782006,1191.5847750865053,1276.098717030129,1188.4397929210463,0.0737596676173449,-0.3440859724440077,False,False,,
2071,8.301396400000002,344368.0,1191.5847750865053,1191.5847750865053,1276.1395109883215,1188.4397929210463,0.0737939932587748,0.0085634237124114,False,False,,
2072,8.305404800000002,343229.0,1187.643598615917,1191.5847750865053,1276.1803049136636,1188.4397929210463,0.0738283188725625,-0.2630964734850636,False,False,,
2073,8.309413200000002,345353.0,1194.9930795847752,1188.9965397923877,1273.6328635120367,1188.4397929210463,0.0716848014501397,-0.2630964803803373,False,False,,
2074,8.313421600000002,343620.0,1188.9965397923877,1188.9965397923877,1273.673657371684,1188.4397929210463,0.0717191270086494,-0.8067794495499516,False,False,,
2075,8.317430000000002,341375.0,1181.2283737024222,1181.2283737024222,1265.946285108515,1188.4397929210463,0.0652170119589876,-0.8067794564444615,False,False,,
2076,8.321438400000002,339936.0,1176.249134948097,1181.2283737024222,1265.9870789024749,1188.4397929210463,0.0652513374622254,-0.369871912494788,False,False,,
2077,8.325446800000002,342311.0,1184.4671280276816,1177.6228373702422,1262.4223363313893,1188.4397929210463,0.0622518228108993,-0.3698719193908282,False,False,,
2078,8.329455200000002,340333.0,1177.6228373702422,1177.6228373702422,1262.4631300596473,1188.4397929210463,0.062286148258853,-0.4955327846333075,False,False,,
2079,8.333463600000002,338945.0,1172.8200692041523,1172.8200692041523,1257.7011555889644,1188.4397929210463,0.058279235583051,-0.6763972639492728,False,False,,
2080,8.337472000000002,338447.0,1171.096885813149,1171.096885813149,1256.018765860517,1188.4397929210463,0.0568636066732245,-0.2867033372972134,False,False,,
2081,8.341480400000002,335241.0,1160.0034602076123,1170.0069204152248,1254.9695940923054,1188.4397929210463,0.0559807922686067,-0.380041033774666,False,False,,
2082,8.345488800000002,338132.0,1170.0069204152248,1167.39446366782,1252.397930941762,1188.4397929210463,0.0538168937136597,-0.2656388141400061,False,False,,
2083,8.349497200000002,337377.0,1167.39446366782,1167.39446366782,1252.4387245057726,1188.4397929210463,0.0538512190234091,-0.8376499536879152,False,False,,
2084,8.353505600000002,335047.0,1159.3321799307955,1159.3321799307955,1244.4172342999225,1188.4397929210463,0.0471016215649344,-0.8376499605831897,False,False,,
2085,8.357514000000002,333474.0,1153.8892733564014,1159.3321799307955,1244.4580277982384,1188.4397929210463,0.0471359468194057,-0.5627214421340554,False,False,,
2086,8.361522400000002,335280.0,1160.1384083044982,1153.8892733564014,1239.0559146893163,1188.4397929210463,0.0425903963076341,-1.2157220944330094,False,False,,
2087,8.365530800000002,331676.0,1147.6678200692045,1147.6678200692045,1232.8752548347404,1188.4397929210463,0.0373897459327551,-0.8216699877226068,False,False,,
2088,8.3695392,330018.0,1141.930795847751,1145.9792387543253,1231.227466919639,1188.4397929210463,0.0360032323500592,-0.593591904899629,False,False,,
2089,8.3735476,331188.0,1145.9792387543253,1141.930795847751,1227.2198173799914,1188.4397929210463,0.0326310383495559,-0.0553566745926232,False,False,,
2090,8.377556,328154.0,1135.4809688581315,1145.370242214533,1230.7000570808636,1188.4397929210463,0.035559448961185,-0.4719260587289664,False,False,,
2091,8.3815644,331012.0,1145.370242214533,1137.3529411764705,1222.723549344026,1188.4397929210463,0.0288477015219375,-0.8329286471218169,False,False,,
2092,8.3855728,328695.0,1137.3529411764705,1137.3529411764705,1222.7643426124143,1188.4397929210463,0.0288820265829388,0.0085632789093517,False,False,,
2093,8.3895812,325439.0,1126.0865051903115,1137.3529411764705,1222.8051358479518,1188.4397929210463,0.028916351616298,-0.6713128170825269,False,False,,
2094,8.3935896,329633.0,1140.598615916955,1130.8754325259515,1216.3684204001263,1188.4397929210463,0.0235002459909516,-0.6713128239778023,False,False,,
2095,8.397598,326823.0,1130.8754325259515,1130.8754325259515,1216.409213569969,1188.4397929210463,0.0235345709690327,-1.2451398718840982,False,False,,
2096,8.4016064,323371.0,1118.930795847751,1118.930795847751,1204.505370028768,1188.4397929210463,0.0135182086660311,-1.2451398787793726,False,False,,
2097,8.4056148,322738.0,1116.7404844290656,1118.930795847751,1204.546163132916,1188.4397929210463,0.0135525335888342,-0.2213307536429745,False,False,,
2098,8.4096232,324090.0,1121.4186851211073,1116.7404844290656,1202.3966447855353,1188.4397929210463,0.0117438442802261,-0.3459020738716392,False,False,,
2099,8.4136316,321542.0,1112.6020761245677,1115.5536332179931,1201.2505866129163,1188.4397929210463,0.01077950584302,-0.1160080826917258,False,False,,
2100,8.41764,322395.0,1115.5536332179931,1115.5536332179931,1201.291379618519,1188.4397929210463,0.010813830682903,0.0085632237471531,False,False,,
2101,8.4216484,322446.0,1115.7301038062285,1115.5536332179931,1201.3321725912851,1188.4397929210463,0.0108481554951562,-0.7584764734109664,False,False,,
2102,8.4256568,320283.0,1108.2456747404844,1108.2456747404844,1194.0650070536844,1188.4397929210463,0.004733276490862,-1.2386026500643392,False,False,,
2103,8.4296652,318010.0,1100.3806228373703,1103.6712802768166,1189.5314054970809,1188.4397929210463,0.0009185257701204,-0.7570237605154038,False,False,,
2104,8.4336736,318961.0,1103.6712802768166,1100.9515570934257,1186.8524751879106,1188.4397929210463,-0.0013356315924379,0.0085631961660539,False,False,,
2105,8.437682,318175.0,1100.9515570934257,1103.6712802768166,1189.6129912126712,1188.4397929210463,0.0009871752011444,0.0085631892707791,False,False,,
2106,8.4416904,319297.0,1104.833910034602,1100.9515570934257,1186.9340608378063,1188.4397929210463,-0.0012669822166919,-1.1398172629896064,False,False,,
2107,8.4456988,315799.0,1092.7301038062285,1092.7301038062285,1178.753400326284,1188.4397929210463,-0.0081505118327906,-0.8543564760654829,False,False,,
2108,8.4497072,313811.0,1085.8512110726645,1092.7301038062285,1178.7941930691154,1188.4397929210463,-0.0081161872140137,-0.1377990450400015,False,False,,
2109,8.4537156,315854.0,1092.9204152249135,1091.3356401384085,1177.440522111276,1188.4397929210463,-0.0092552192170673,-0.1377990519352763,False,False,,
2110,8.457724,315396.0,1091.3356401384085,1091.3356401384085,1177.4813147884126,1188.4397929210463,-0.0092208946535684,-0.3825835054390654,False,False,,
2111,8.4617324,314319.0,1087.6089965397923,1087.6089965397923,1173.7954638340825,1188.4397929210463,-0.0123223146634713,-1.099867313598117,False,False,,
2112,8.4657408,312344.0,1080.7750865051903,1080.7750865051903,1167.0023464109229,1188.4397929210463,-0.0180383109332218,-0.7087206602591571,False,False,,
2113,8.4697492,311469.0,1077.7474048442907,1080.7750865051903,1167.0431389895211,1188.4397929210463,-0.0180039864526369,-0.3092208284766324,False,False,,
2114,8.4737576,314185.0,1087.1453287197232,1077.7474048442907,1164.0562498743618,1188.4397929210463,-0.0205172724709533,-0.5267666566159646,False,False,,
2115,8.477766,310870.0,1075.674740484429,1075.674740484429,1162.024378027404,1188.4397929210463,-0.0222269693853958,-0.968395576086059,False,False,,
2116,8.4817744,307560.0,1064.2214532871972,1068.439446366782,1154.82987638981,1188.4397929210463,-0.0282807061253201,-0.7508497617372765,False,False,,
2117,8.4857828,308779.0,1068.439446366782,1068.439446366782,1154.8706688370191,1188.4397929210463,-0.0282463817552912,0.0085631065282454,False,False,,
2118,8.4897912,309717.0,1071.6851211072665,1068.439446366782,1154.9114612513774,1188.4397929210463,-0.0282120574129044,-0.5038862388901801,False,False,,
2119,8.493799600000001,307368.0,1063.5570934256054,1063.5570934256054,1150.0699006917157,1188.4397929210463,-0.032285936955226,-0.5038862457854538,False,False,,
2120,8.497808000000001,306076.0,1059.0865051903115,1063.5570934256054,1150.1106930403791,1188.4397929210463,-0.0322516126681173,-0.415996288171419,False,False,,
2121,8.501816400000001,307411.0,1063.7058823529412,1059.5121107266436,1146.1065026572371,1188.4397929210463,-0.0356208959982387,0.0176426207353062,False,False,,
2122,8.505824800000001,306199.0,1059.5121107266436,1063.643598615917,1150.2787828294795,1188.4397929210463,-0.0321101753062065,0.0085630720518716,False,False,,
2123,8.509833200000001,307393.0,1063.643598615917,1059.5121107266436,1146.1880871903318,1188.4397929210463,-0.0355522475622133,-0.6237362249693561,False,False,,
2124,8.513841600000001,305652.0,1057.6193771626297,1057.6193771626297,1144.3361458435995,1188.4397929210463,-0.0371105438745409,-0.7748198072186714,False,False,,
2125,8.517850000000001,304042.0,1052.0484429065743,1052.0484429065743,1138.8060037719822,1188.4397929210463,-0.0417638229927239,-0.6923775746782912,False,False,,
2126,8.521858400000001,303722.0,1050.9411764705883,1050.9411764705883,1137.739529487576,1188.4397929210463,-0.0426611964152218,-0.1777491530212831,False,False,,
2127,8.525866800000001,303529.0,1050.273356401384,1050.273356401384,1137.1125015371151,1188.4397929210463,-0.043188802402665,-0.0615310250274987,False,False,,
2128,8.529875200000001,303236.0,1049.2595155709344,1050.273356401384,1137.1532936230076,1188.4397929210463,-0.0431544783366623,0.3303419916530021,False,False,,
2129,8.533883600000001,305371.0,1056.6470588235295,1053.3391003460208,1140.259829620686,1188.4397929210463,-0.0405405167239812,0.3303419847584923,False,False,,
2130,8.537892000000001,304415.0,1053.3391003460208,1053.3391003460208,1140.300621640891,1188.4397929210463,-0.0405061927132504,-0.1930028108049519,False,False,,
2131,8.541900400000001,301831.0,1044.3979238754323,1051.4186851211073,1138.4209984033316,1188.4397929210463,-0.0420877816576423,-0.1930028177009912,False,False,,
2132,8.545908800000001,303860.0,1051.4186851211073,1051.4186851211073,1138.4617903578348,1188.4397929210463,-0.0420534577021957,0.00856300310065,False,False,,
2133,8.549917200000001,304170.0,1052.491349480969,1051.4186851211073,1138.5025822794944,1188.4397929210463,-0.042019133774385,-0.995634325563148,False,False,,
2134,8.553925600000001,299537.0,1036.4602076124568,1041.8512110726645,1128.9759001198674,1188.4397929210463,-0.0500352589633704,-1.186304710008792,False,False,,
2135,8.557934000000001,301095.0,1041.8512110726645,1040.0346020761249,1127.2000829793,1188.4397929210463,-0.0515295013735836,0.0085629824155901,False,False,,
2136,8.561942400000001,300570.0,1040.0346020761249,1041.8512110726645,1129.0574837989536,1188.4397929210463,-0.0499666112459411,0.4752514234311755,False,False,,
2137,8.565950800000001,301855.0,1044.4809688581315,1044.4809688581315,1131.7280333746985,1188.4397929210463,-0.0477195057622205,0.2845810389855314,False,False,,
2138,8.569959200000001,302330.0,1046.1245674740485,1044.4809688581315,1131.768825132125,1188.4397929210463,-0.0476851819726019,0.0931842911960787,False,False,,
2139,8.573967600000001,300583.0,1040.0795847750865,1045.287197231834,1132.6158452304103,1188.4397929210463,-0.0469724659365598,-0.4534041313457839,False,False,,
2140,8.577976000000001,302088.0,1045.287197231834,1040.0795847750865,1127.4490244653948,1188.4397929210463,-0.0513200322127748,-1.2629360840716686,False,False,,
2141,8.581984400000001,298229.0,1031.9342560553632,1033.1730103806228,1120.5832417298268,1188.4397929210463,-0.0570971719353456,-0.7352331222389337,False,False,,
2142,8.585992800000001,298587.0,1033.1730103806228,1032.9930795847752,1120.4441025600238,1188.4397929210463,-0.0572142491071399,-0.0103225127691493,False,False,,
2143,8.590001200000001,298535.0,1032.9930795847752,1032.9930795847752,1120.4848941532175,1188.4397929210463,-0.0571799254557133,-0.3567978342994431,False,False,,
2144,8.594009600000001,296458.0,1025.8062283737024,1029.5121107266436,1117.0447168554433,1188.4397929210463,-0.0600746259851517,-0.3829469215445966,False,False,,
2145,8.598018000000001,297529.0,1029.5121107266436,1029.262975778547,1116.8363734348454,1188.4397929210463,-0.060249934336352,-0.0175861668847465,False,False,,
2146,8.602026400000002,297457.0,1029.262975778547,1029.262975778547,1116.877164929508,1188.4397929210463,-0.0602156107678333,0.0085629065706216,False,False,,
2147,8.606034800000002,296635.0,1026.4186851211073,1029.262975778547,1116.91795639132,1188.4397929210463,-0.0601812872269567,-0.2899724343189911,False,False,,
2148,8.610043200000002,298223.0,1031.9134948096885,1026.4186851211073,1114.1144571628486,1188.4397929210463,-0.0625402617792818,-0.2758083560247479,False,False,,
2149,8.614051600000002,296464.0,1025.8269896193772,1026.5536332179931,1114.2901966558516,1188.4397929210463,-0.0623923876555359,-0.0459143648440942,False,False,,
2150,8.618060000000002,296674.0,1026.5536332179931,1025.8996539792388,1113.677008780371,1188.4397929210463,-0.0629083480593639,-0.0600784569273606,False,False,,
2151,8.622068400000002,296485.0,1025.8996539792388,1025.8996539792388,1113.7178001108075,1188.4397929210463,-0.0628740246290311,0.0045678737089946,False,False,,
2152,8.626076800000002,294453.0,1018.8685121107268,1025.8615916955018,1113.7205291246496,1188.4397929210463,-0.0628717283294137,-0.2031720492998951,False,False,,
2153,8.630085200000002,296474.0,1025.8615916955018,1023.8823529411764,1111.7820816350595,1188.4397929210463,-0.0645028143138586,-0.1788388842021726,False,False,,
2154,8.634093600000002,295902.0,1023.8823529411764,1024.0761245674742,1112.0166444932486,1188.4397929210463,-0.0643054438962857,0.0085628514107156,False,False,,
2155,8.638102000000002,295958.0,1024.0761245674742,1023.8823529411764,1111.8636640659988,1188.4397929210463,-0.0644341676466691,-0.3055893013545283,False,False,,
2156,8.642110400000002,292770.0,1013.044982698962,1021.083044982699,1109.105147273718,1188.4397929210463,-0.0667552922073847,-0.2852511346435857,False,False,,
2157,8.646118800000002,295093.0,1021.083044982699,1021.083044982699,1109.1459384070786,1188.4397929210463,-0.0667209689428798,1.2223159769654384,False,False,,
2158,8.650127200000002,299162.0,1035.1626297577857,1032.6470588235295,1120.750743348411,1188.4397929210463,-0.0569562294832481,1.222315970070163,False,False,,
2159,8.654135600000002,298435.0,1032.6470588235295,1032.6470588235295,1120.7915344160772,1188.4397929210463,-0.0569219062740213,-0.522771968506623,False,False,,
2160,8.658144000000002,293211.0,1014.5709342560554,1027.5847750865053,1115.7700417138678,1188.4397929210463,-0.061147187800372,-1.5999688131486955,False,False,,
2161,8.662152400000002,296972.0,1027.5847750865053,1017.3217993079584,1105.547856937285,1188.4397929210463,-0.0697485362552718,-0.479916545056346,False,False,,
2162,8.666160800000002,294006.0,1017.3217993079584,1022.9307958477508,1111.1976444462125,1188.4397929210463,-0.0649945827587797,0.2751381431516506,False,False,,
2163,8.670169200000002,295627.0,1022.9307958477508,1019.8615916955016,1108.1692312302398,1188.4397929210463,-0.0675428087892537,-0.3135793532879933,False,False,,
2164,8.674177600000002,294740.0,1019.8615916955016,1019.8615916955016,1108.2100221336727,1188.4397929210463,-0.0675084857182189,0.0085627824602578,False,False,,
2165,8.678186000000002,294201.0,1017.9965397923876,1019.8615916955016,1108.2508130042547,1188.4397929210463,-0.0674741626748263,-0.1871921453867706,False,False,,
2166,8.682194400000002,295759.0,1023.3875432525952,1017.9965397923876,1106.426551938886,1188.4397929210463,-0.0690091677093556,0.3786448919573661,False,False,,
2167,8.6862028,292844.0,1013.3010380622836,1023.3875432525952,1111.8583462039956,1188.4397929210463,-0.0644386423049858,0.0822886410970031,False,False,,
2168,8.6902112,296196.0,1024.8996539792388,1018.6989619377164,1107.2105556611675,1188.4397929210463,-0.0683494761314131,-0.4835484100362208,False,False,,
2169,8.6942196,294404.0,1018.6989619377164,1018.6989619377164,1107.251346400375,1188.4397929210463,-0.0683151531985642,-0.3913002723639227,False,False,,
2170,8.698228,293303.0,1014.8892733564014,1014.8892733564014,1103.4824485254164,1188.4397929210463,-0.0714864521549002,-0.8877696242344424,False,False,,
2171,8.7022364,291936.0,1010.159169550173,1010.159169550173,1098.793135392708,1188.4397929210463,-0.0754322247221269,-0.4879066107788574,False,False,,
2172,8.7062448,291123.0,1007.3460207612457,1010.159169550173,1098.8339260333769,1188.4397929210463,-0.0753979018721921,0.5438925111311459,False,False,,
2173,8.7102532,293410.0,1015.2595155709342,1015.2595155709342,1103.9750626619634,1188.4397929210463,-0.0710719472388907,0.5438925042358722,False,False,,
2174,8.7142616,294898.0,1020.40830449827,1015.2595155709342,1104.0158532369378,1188.4397929210463,-0.071037624444234,-0.4570361893849313,False,False,,
2175,8.71827,292128.0,1010.8235294117648,1010.8235294117648,1099.6206576198992,1188.4397929210463,-0.0747359149619519,-1.0286841472613304,False,False,,
2176,8.7222784,289345.0,1001.1937716262976,1005.3771626297578,1094.2150813471792,1188.4397929210463,-0.0792843795159986,-0.5630852512588191,False,False,,
2177,8.7262868,290554.0,1005.3771626297578,1005.3771626297578,1094.2558718236298,1188.4397929210463,-0.0792500568042436,0.0085626928277946,False,False,,
2178,8.7302952,293336.0,1015.0034602076124,1005.3771626297578,1094.2966622672222,1188.4397929210463,-0.0792157341201368,0.6016383555344404,False,False,,
2179,8.7343036,290409.0,1004.8754325259516,1011.0276816608996,1099.9879717091203,1188.4397929210463,-0.0744268424355951,0.2221135018952864,False,False,,
2180,8.738312,292187.0,1011.0276816608996,1007.4117647058824,1096.412845132008,1188.4397929210463,-0.0774350945981426,-0.3709621746019103,False,False,,
2181,8.7423204,291142.0,1007.4117647058824,1007.4117647058824,1096.4536354770694,1188.4397929210463,-0.0774007719969437,-0.365877638095041,False,False,,
2182,8.7463288,290111.0,1003.8442906574396,1003.8442906574396,1092.9269517408443,1188.4397929210463,-0.080368262447223,-0.4686580580314228,False,False,,
2183,8.7503372,289239.0,1000.8269896193772,1002.865051903114,1091.9885032658929,1188.4397929210463,-0.08115790991657,-0.3055894944115565,False,False,,
2184,8.7543456,289828.0,1002.865051903114,1000.8512110726645,1090.015452681966,1188.4397929210463,-0.0828181123060216,-0.2028090882641962,False,False,,
2185,8.758354,289246.0,1000.8512110726645,1000.8512110726645,1090.0562428956528,1188.4397929210463,-0.0827837898153664,0.0085626376694136,False,False,,
2186,8.7623624,288192.0,997.204152249135,1000.8512110726645,1090.0970330764883,1188.4397929210463,-0.0827494673523534,0.2435411722514509,False,False,,
2187,8.7663708,291583.0,1008.9377162629758,1003.0899653979238,1092.3765775497402,1188.4397929210463,-0.080831368945661,0.2435411653569392,False,False,,
2188,8.7703792,289893.0,1003.0899653979238,1003.0899653979238,1092.4173676648886,1188.4397929210463,-0.0807970465379199,0.0085626169843529,False,False,,
2189,8.7743876,289534.0,1001.847750865052,1003.0899653979238,1092.458157747186,1188.4397929210463,-0.0807627241578208,0.2090388927721793,False,False,,
2190,8.778396,290445.0,1005.0,1005.0,1094.4089823987233,1188.4397929210463,-0.0791212235423439,1.0389090053144976,False,False,,
2191,8.7824044,292730.0,1012.9065743944636,1012.9065743944636,1102.356346809797,1188.4397929210463,-0.0724339984440155,3.604787507750167,True,False,2191.0,5.0
2192,8.7864128,300347.0,1039.262975778547,1039.262975778547,1128.7535381776463,1188.4397929210463,-0.0502223630502121,8.532799601791497,False,False,,
2193,8.7904212,316201.0,1094.121107266436,1094.121107266436,1183.6524596164586,1188.4397929210463,-0.004028250596373,10.229947545937842,False,False,,
2194,8.7944296,328491.0,1136.6470588235295,1136.6470588235295,1226.2192010916312,1188.4397929210463,0.0317890804360627,12.205292650472282,False,False,,
2195,8.798438,349784.0,1210.325259515571,1210.325259515571,1299.9381916689008,1188.4397929210463,0.0938191395239336,11.343099355375124,False,False,,
2196,8.802446400000001,359700.0,1244.636678200692,1244.636678200692,1334.2904002064138,1188.4397929210463,0.1227244393482346,11.595873791862688,False,False,,
2197,8.806454800000001,381689.0,1320.7231833910034,1320.7231833910034,1410.417695216266,1188.4397929210463,0.186780940538539,12.091979948271865,False,False,,
2198,8.810463200000001,392971.0,1359.7612456747404,1359.7612456747404,1449.4965472867,1188.4397929210463,0.219663424197541,8.324696462638517,False,False,,
2199,8.814471600000001,404587.0,1399.955017301038,1399.955017301038,1489.731108666851,1188.4397929210463,0.2535183671402198,10.874958153199366,False,False,,
2200,8.818480000000001,422891.0,1463.2906574394465,1463.2906574394465,1553.1075385262693,1188.4397929210463,0.3068457887201102,9.798850853573398,False,False,,
2201,8.822488400000001,431544.0,1493.2318339100343,1493.2318339100343,1583.0895046850237,1188.4397929210463,0.3320737946631475,8.96607527386908,False,False,,
2202,8.826496800000001,447555.0,1548.6332179930796,1548.6332179930796,1638.5316784233837,1188.4397929210463,0.3787250209756643,9.260615602582147,False,False,,
2203,8.830505200000001,457019.0,1581.3806228373703,1581.3806228373703,1671.3198728901532,1188.4397929210463,0.4063142978259285,6.740497976968925,False,False,,
2204,8.834513600000001,466091.0,1612.7716262975778,1612.7716262975778,1702.7516659399885,1188.4397929210463,0.4327622451574291,7.82641116793706,False,False,,
2205,8.838522000000001,478545.0,1655.865051903114,1655.865051903114,1745.8858811023165,1188.4397929210463,0.4690570708770467,8.159448753831882,False,False,,
2206,8.842530400000001,488534.0,1690.4290657439446,1690.4290657439446,1780.4906844670872,1188.4397929210463,0.4981749139271489,6.352983112766424,False,False,,
2207,8.846538800000001,496014.0,1716.311418685121,1716.311418685121,1806.4138268993604,1188.4397929210463,0.519987665895473,6.590867100720665,False,False,,
2208,8.850547200000001,506658.0,1753.1418685121107,1753.1418685121107,1843.285066184596,1188.4397929210463,0.5510125773002067,7.985847894157402,False,False,,
2209,8.854555600000001,517979.0,1792.3148788927335,1792.3148788927335,1882.498865990628,1188.4397929210463,0.5840086112933544,7.051381446427328,False,False,,
2210,8.858564000000001,526050.0,1820.242214532872,1820.242214532872,1910.4669910233324,1188.4397929210463,0.6075420920799256,7.628113933915316,False,False,,
2211,8.862572400000001,538959.0,1864.910034602076,1864.910034602076,1955.1756004522515,1188.4397929210463,0.645161675078767,6.013771397087879,False,False,,
2212,8.866580800000001,542585.0,1877.456747404844,1877.456747404844,1967.763102581898,1188.4397929210463,0.6557532946161,4.105614887996666,False,False,,
2213,8.870589200000001,550240.0,1903.9446366782008,1903.9446366782008,1994.2917811492891,1188.4397929210463,0.6780755685128589,4.677262832084054,False,False,,
2214,8.874597600000001,555440.0,1921.937716262976,1921.937716262976,2012.3256499952552,1188.4397929210463,0.6932499752883516,2.92854307679049,False,False,,
2215,8.878606000000001,558280.0,1931.764705882353,1931.764705882353,2022.1934288429657,1188.4397929210463,0.7015531126508731,3.577548716912119,False,False,,
2216,8.882614400000001,565267.0,1955.9411764705883,1955.9411764705883,2046.4106886266973,1188.4397929210463,0.7219304678420929,2.694290884867982,False,False,,
2217,8.886622800000001,565675.0,1957.3529411764705,1957.3529411764705,2047.8632424952395,1188.4397929210463,0.7231527038166827,2.5265009457285004,False,False,,
2218,8.890631200000001,572200.0,1979.930795847751,1979.930795847751,2070.4818862963293,1188.4397929210463,0.7421849206238093,3.0425820940708377,False,False,,
2219,8.894639600000001,574029.0,1986.2595155709344,1986.2595155709344,2076.8513951164705,1188.4397929210463,0.74754447594843,3.695582732580732,False,False,,
2220,8.898648000000001,582352.0,2015.0588235294117,2015.0588235294117,2105.691492139077,1188.4397929210463,0.7718116682743626,4.619516898049113,False,False,,
2221,8.902656400000001,586725.0,2030.190311418685,2030.190311418685,2120.863769059629,1188.4397929210463,0.7845782190167103,3.780930411599584,False,False,,
2222,8.906664800000001,592739.0,2051.0,2051.0,2141.7142466393707,1188.4397929210463,0.8021226311980744,3.4718628022364584,False,False,,
2223,8.910673200000002,596261.0,2063.1868512110727,2063.1868512110727,2153.941886816034,1188.4397929210463,0.8124114487296797,3.648005906032069,False,False,,
2224,8.914681600000002,605389.0,2094.7716262975778,2085.674740484429,2176.4705650221304,1188.4397929210463,0.8313679649455524,3.32368466646561,False,False,,
2225,8.918690000000002,602760.0,2085.674740484429,2094.7716262975778,2185.6082397351897,1188.4397929210463,0.8390567639638015,1.791058005731557,False,False,,
2226,8.922698400000002,607668.0,2102.657439446367,2102.657439446367,2193.5348417510313,1188.4397929210463,0.8457265187659012,1.1169928164833325,False,False,,
2227,8.926706800000002,608441.0,2105.332179930796,2105.332179930796,2196.250371069669,1188.4397929210463,0.848011471974985,2.660151731903369,False,False,,
2228,8.930715200000002,614969.0,2127.9204152249135,2127.9204152249135,2218.879395165159,1188.4397929210463,0.8670524231702244,4.559228685418887,False,False,,
2229,8.934723600000002,620971.0,2148.688581314879,2148.688581314879,2239.688350023653,1188.4397929210463,0.8845618965002514,2.4051981847031385,False,False,,
2230,8.938732000000002,621568.0,2150.7543252595156,2150.7543252595156,2241.7948827039677,1188.4397929210463,0.8863344159773525,0.5823893684198111,False,False,,
2231,8.942740400000002,622551.0,2154.1557093425604,2154.1557093425604,2245.237055489854,1188.4397929210463,0.8892307955889993,2.2355923303114764,False,False,,
2232,8.946748800000002,629754.0,2179.0795847750865,2171.9723183391,2263.094453156384,1188.4397929210463,0.9042567125709936,2.6245598936205283,False,False,,
2233,8.950757200000002,627700.0,2171.9723183391,2179.0795847750865,2270.242508229517,1188.4397929210463,0.9102713673441766,1.3457972212830924,False,False,,
2234,8.954765600000002,631382.0,2184.712802768166,2184.712802768166,2275.9165148269,1188.4397929210463,0.915045699734576,0.7861342585678273,False,False,,
2235,8.958774000000002,633827.0,2193.173010380623,2186.4878892733564,2277.732389903557,1188.4397929210463,0.9165736484682632,0.8965414798172446,False,False,,
2236,8.962782400000002,631895.0,2186.4878892733564,2193.173010380623,2284.4582995494393,1188.4397929210463,0.922233093469975,1.230305429055079,False,False,,
2237,8.966790800000002,635259.0,2198.128027681661,2198.128027681661,2289.4541053562566,1188.4397929210463,0.926436761031912,1.1129977422576331,False,False,,
2238,8.970799200000002,636868.0,2203.695501730104,2203.695501730104,2295.062367877628,1188.4397929210463,0.931155773770106,0.7763283258585574,False,False,,
2239,8.974807600000002,637373.0,2205.4429065743943,2205.4429065743943,2296.8505611620103,1188.4397929210463,0.9326604299546548,1.5484525526282766,False,False,,
2240,8.978816000000002,641108.0,2218.3667820069204,2218.3667820069204,2309.8152250017774,1188.4397929210463,0.9435694081940164,1.3650458016123963,False,False,,
2241,8.982824400000002,641734.0,2220.5328719723184,2218.3667820069204,2309.856013376175,1188.4397929210463,0.9436037291370212,0.2359139779444063,False,True,2191.0,5.0
2242,8.986832800000002,640156.0,2215.0726643598614,2220.5328719723184,2312.062891683134,1188.4397929210463,0.9454606833724012,0.466897514140399,False,False,,
2243,8.990841200000002,642370.0,2222.733564013841,2222.733564013841,2314.3043720333662,1188.4397929210463,0.947346753128382,0.2395457808698751,False,False,,
2244,8.994849600000002,643759.0,2227.5397923875435,2222.733564013841,2314.3451603092326,1188.4397929210463,0.9473810739884788,0.5130215726355658,False,False,,
2245,8.998858,639786.0,2213.7923875432525,2227.5397923875435,2319.192176925965,1188.4397929210463,0.951459544471884,0.9067104976750784,False,False,,
2246,9.0028664,644843.0,2231.2906574394465,2231.2906574394465,2322.9838301880472,1188.4397929210463,0.9546499907062386,0.5384442758529673,False,False,,
2247,9.0068748,647304.0,2239.806228373702,2232.5882352941176,2324.322196220061,1188.4397929210463,0.955776144542542,0.1447553370250602,False,False,,
2248,9.0108832,645218.0,2232.5882352941176,2232.5882352941176,2324.36298436456,1188.4397929210463,0.9558104652921012,0.0085622033075623,False,False,,
2249,9.0148916,642311.0,2222.529411764706,2232.5882352941176,2324.403772476208,1188.4397929210463,0.955844786014018,0.1632775884831403,False,False,,
2250,9.0189,650912.0,2252.2906574394465,2234.062283737024,2325.918608997926,1188.4397929210463,0.9571194290634528,0.4578179171969339,False,False,,
2251,9.0229084,645644.0,2234.062283737024,2236.8685121107264,2328.7656254175963,1188.4397929210463,0.9595150206926024,0.3031025182315687,False,False,,
2252,9.0269168,646455.0,2236.8685121107264,2236.8685121107264,2328.8064134307133,1188.4397929210463,0.9595493413316116,0.0085621757295371,False,False,,
2253,9.0309252,647345.0,2239.948096885814,2236.8685121107264,2328.847201410994,1188.4397929210463,0.959583661942991,-0.7889847818352109,False,False,,
2254,9.0349336,644259.0,2229.2698961937717,2229.2698961937717,2321.289373441476,1188.4397929210463,0.9532242081325952,-0.7889847887297208,False,False,,
2255,9.038942,643708.0,2227.363321799308,2229.2698961937717,2321.3301613560693,1188.4397929210463,0.9532585286887024,0.712045052792547,False,False,,
2256,9.0429504,646196.0,2235.9723183391,2235.9723183391,2328.0733713831473,1188.4397929210463,0.9589325309118224,1.9490418191154788,False,False,,
2257,9.0469588,650796.0,2251.889273356401,2247.757785467128,2339.899626360081,1188.4397929210463,0.9688836071441876,1.245558914475211,False,False,,
2258,9.0509672,649602.0,2247.757785467128,2247.757785467128,2339.9404141761433,1188.4397929210463,0.9689179276173872,-0.8351088885915772,False,False,,
2259,9.0549756,647279.0,2239.719723183391,2239.719723183391,2331.943139675625,1188.4397929210463,0.9621887062061266,-0.9400683985571164,False,False,,
2260,9.058984,646990.0,2238.719723183391,2238.719723183391,2330.983927426,1188.4397929210463,0.9613815872798346,-0.8746957045761974,False,False,,
2261,9.0629924,644641.0,2230.59169550173,2231.304498269896,2323.6094902300433,1188.4397929210463,0.95517644568168,-0.7697362083996921,False,False,,
2262,9.0670008,644847.0,2231.304498269896,2231.304498269896,2323.650277914731,1188.4397929210463,0.955210766044336,0.513384630207014,False,False,,
2263,9.0710092,646965.0,2238.6332179930796,2236.114186851211,2328.5007541478967,1188.4397929210463,0.9592921475851238,0.7777808801841957,False,False,,
2264,9.0750176,646237.0,2236.114186851211,2238.6332179930796,2331.060572908773,1188.4397929210463,0.9614460798045966,0.0085620929969252,False,False,,
2265,9.079026,648400.0,2243.598615916955,2236.114186851211,2328.5823293530607,1188.4397929210463,0.9593607881722616,0.2907542448780873,False,False,,
2266,9.0830344,645477.0,2233.484429065744,2241.3217993079584,2333.8307293631283,1188.4397929210463,0.9637769984349353,0.5551504948560364,False,False,,
2267,9.0870428,647742.0,2241.3217993079584,2241.3217993079584,2333.871516883612,1188.4397929210463,0.9638113186594234,0.0085620723141488,False,False,,
2268,9.0910512,647923.0,2241.948096885814,2241.3217993079584,2333.9123043712375,1188.4397929210463,0.9638456388562632,0.0742979479658743,False,False,,
2269,9.0950596,647298.0,2239.785467128028,2241.948096885814,2334.579389403889,1188.4397929210463,0.9644069504486762,-0.1526906036315978,False,False,,
2270,9.099068,648967.0,2245.560553633218,2239.785467128028,2332.457547068049,1188.4397929210463,0.9626215488250696,-0.2950578257651273,False,False,,
2271,9.1030764,647087.0,2239.055363321799,2239.055363321799,2331.768230650922,1188.4397929210463,0.9620415308710824,-0.924451669413358,False,False,,
2272,9.1070848,643131.0,2225.3667820069204,2230.8961937716263,2323.6498484570143,1188.4397929210463,0.9552104046817164,-0.8478203436150835,False,False,,
2273,9.1110932,644729.0,2230.8961937716263,2230.8961937716263,2323.690635780436,1188.4397929210463,0.9552447247403888,0.0085620309486103,False,False,,
2274,9.1151016,647342.0,2239.937716262976,2230.8961937716263,2323.731423071014,1188.4397929210463,0.9552790447714252,0.0448801912059337,False,False,,
2275,9.11911,642569.0,2223.4221453287196,2231.242214532872,2324.1182310899867,1188.4397929210463,0.9556045202572486,-0.2336801577489922,False,False,,
2276,9.1231184,644829.0,2231.242214532872,2228.5882352941176,2321.505039076123,1188.4397929210463,0.9534056776827832,-0.2529287932328543,False,False,,
2277,9.1271268,644062.0,2228.5882352941176,2228.750865051903,2321.7084560259627,1188.4397929210463,0.9535768407076596,0.0085620033713382,False,False,,
2278,9.1311352,644109.0,2228.750865051903,2228.5882352941176,2321.5866134273806,1188.4397929210463,0.9534743175514104,-0.2903365191890259,False,False,,
2279,9.1351436,643286.0,2225.9031141868513,2225.9031141868513,2318.9422794464813,1188.4397929210463,0.9512492709006248,-0.6611450127115432,False,False,,
2280,9.139152,642218.0,2222.2076124567475,2222.2076124567475,2315.2875648098934,1188.4397929210463,0.9481740502135044,-0.7602936159326674,False,False,,
2281,9.1431604,639590.0,2213.114186851211,2218.5778546712804,2311.698594085106,1188.4397929210463,0.9451541490404158,-0.3724155976366887,False,False,,
2282,9.1471688,641169.0,2218.5778546712804,2218.5778546712804,2311.739381112942,1188.4397929210463,0.9451884688503708,0.0085619688995421,False,False,,
2283,9.1511772,646230.0,2236.089965397924,2218.5778546712804,2311.780168107934,1188.4397929210463,0.9452227886326896,0.1730832592062938,False,False,,
2284,9.1551856,640290.0,2215.536332179931,2220.1453287197232,2313.3884291185254,1188.4397929210463,0.9465760427227756,-0.3106747341600311,False,False,,
2285,9.159194,641622.0,2220.1453287197232,2215.536332179931,2308.8202195080453,1188.4397929210463,0.9427321714238756,-1.8469332116086292,False,False,,
2286,9.1632024,636513.0,2202.4671280276816,2202.4671280276816,2295.7918022522645,1188.4397929210463,0.9317695485519516,-1.546581976151174,False,False,,
2287,9.1672108,636008.0,2200.719723183391,2200.719723183391,2294.085184271599,1188.4397929210463,0.9303335330374668,-0.1802925347650017,False,False,,
2288,9.1712192,635993.0,2200.667820069204,2200.667820069204,2294.074067988193,1188.4397929210463,0.9303241793592476,-0.936436781776564,False,False,,
2289,9.1752276,633406.0,2191.7162629757786,2191.7162629757786,2285.163297692705,1188.4397929210463,0.9228263066453204,-0.9309890635981616,False,False,,
2290,9.179236,632888.0,2189.923875432526,2191.7162629757786,2285.2040844577987,1188.4397929210463,0.9228606262341936,-0.1795661921046871,False,False,,
2291,9.1832444,638253.0,2208.4878892733564,2189.923875432526,2283.4524836468036,1188.4397929210463,0.9213867603964556,-0.3393661344698984,False,False,,
2292,9.1872528,632448.0,2188.401384083045,2188.401384083045,2281.970778996736,1188.4397929210463,0.9201399958073756,-0.5834242246298516,False,False,,
2293,9.1912612,631258.0,2184.2837370242214,2184.2837370242214,2277.8939186044827,1188.4397929210463,0.9167095650724428,-1.05882903955181,False,False,,
2294,9.1952696,629284.0,2177.453287197232,2178.2318339100348,2271.8828021240224,1188.4397929210463,0.9116515751630964,-0.7083587334237791,False,False,,
2295,9.199278,629509.0,2178.2318339100348,2177.453287197232,2271.1450420121023,1188.4397929210463,0.911030794778331,-0.1425216960801094,False,False,,
2296,9.2032864,627105.0,2169.9134948096885,2176.7923875432525,2270.524928926169,1188.4397929210463,0.9105090072299614,-0.782810989874136,False,False,,
2297,9.2072948,629093.0,2176.7923875432525,2169.9134948096885,2263.686822727808,1188.4397929210463,0.904755155634708,-1.7227251626778184,False,False,,
2298,9.2113032,624075.0,2159.4290657439446,2160.297577854671,2254.1116922751494,1188.4397929210463,0.8966982641458058,-1.091878606131715,False,False,,
2299,9.2153116,624326.0,2160.297577854671,2159.4290657439446,2253.2839666339382,1188.4397929210463,0.8960017832250713,-0.2289589614797904,False,False,,
2300,9.219320000000002,623672.0,2158.0346020761244,2158.0346020761244,2251.930289402797,1188.4397929210463,0.8948627459434146,-0.1378003688205353,False,False,,
2301,9.223328400000002,621901.0,2151.906574394464,2158.0346020761244,2251.971075806632,1188.4397929210463,0.8948970652283108,-0.6346329023625117,False,False,,
2302,9.227336800000002,623956.0,2159.017301038062,2151.906574394464,2245.883834495963,1188.4397929210463,0.8897750208917549,-1.1790422348744445,False,False,,
2303,9.231345200000002,620035.0,2145.4498269896194,2146.719723183391,2240.7377696230383,1188.4397929210463,0.8854449194397693,-0.570349760291478,False,False,,
2304,9.235353600000002,620402.0,2146.719723183391,2146.3910034602077,2240.449836205159,1188.4397929210463,0.88520264093345,-0.0259404415678119,False,False,,
2305,9.239362000000002,620307.0,2146.3910034602077,2146.3910034602077,2240.490622477627,1188.4397929210463,0.8852369601078085,-1.1761368021850416,False,False,,
2306,9.243370400000002,617045.0,2135.1038062283737,2135.1038062283737,2229.24421148541,1188.4397929210463,0.875773787417693,-1.721635679710758,False,False,,
2307,9.247378800000002,615543.0,2129.906574394464,2129.906574394464,2224.0877658582876,1188.4397929210463,0.8714349511907031,-0.7595674387314801,False,False,,
2308,9.251387200000002,614930.0,2127.785467128028,2127.785467128028,2222.007444765796,1188.4397929210463,0.8696844871748705,-0.2140685749947692,False,False,,
2309,9.255395600000002,613106.0,2121.4740484429067,2127.785467128028,2222.048230906889,1188.4397929210463,0.8697188062386851,-0.6538815861072322,False,False,,
2310,9.259404000000002,616945.0,2134.757785467128,2121.4740484429067,2215.7775983300244,1188.4397929210463,0.864442449275366,-1.1587041164221006,False,False,,
2311,9.263412400000002,611716.0,2116.6643598615915,2116.6643598615915,2211.0086958241222,1188.4397929210463,0.8604297070781524,-0.8583528809638494,False,False,,
2312,9.267420800000002,610719.0,2113.214532871972,2113.214532871972,2207.5996548770795,1188.4397929210463,0.8575612058992549,-0.3589780895101313,False,False,,
2313,9.271429200000002,610704.0,2113.1626297577855,2113.1626297577855,2207.5885377726186,1188.4397929210463,0.8575518515301676,-0.9999937466472062,False,False,,
2314,9.275437600000002,607942.0,2103.60553633218,2103.60553633218,2198.0722303239095,1188.4397929210463,0.8495444560311335,-2.0194447055143314,False,False,,
2315,9.279446000000002,605120.0,2093.840830449827,2093.840830449827,2188.3483103856024,1188.4397929210463,0.8413623672150001,-1.181584596198448,False,False,,
2316,9.283454400000002,604665.0,2092.266435986159,2092.266435986159,2186.814701833144,1188.4397929210463,0.8400719286403298,-0.4323408147341325,False,False,,
2317,9.287462800000002,603701.0,2088.9307958477507,2089.6401384083047,2184.229190133655,1188.4397929210463,0.8378963773714395,-0.3415454037471761,False,False,,
2318,9.291471200000002,603906.0,2089.6401384083047,2088.9307958477507,2183.5606334186227,1188.4397929210463,0.8373338274475693,-1.8545602542188817,False,False,,
2319,9.295479600000002,598776.0,2071.889273356401,2071.889273356401,2166.5598967399515,1188.4397929210463,0.8230287387254175,-2.2420751046307856,False,False,,
2320,9.299488000000002,597504.0,2067.4878892733564,2067.4878892733564,2162.1992984367484,1188.4397929210463,0.8193595597487652,-0.8096865990261364,False,False,,
2321,9.303496400000002,596386.0,2063.61937716263,2064.093425605536,2158.8456205159264,1188.4397929210463,0.8165376431983448,-0.3974754087378898,False,False,,
2322,9.307504800000002,596523.0,2064.093425605536,2063.61937716263,2158.412357787182,1188.4397929210463,0.8161730788919952,-1.346469123328987,False,False,,
2323,9.311513200000002,592093.0,2048.764705882353,2051.18339100346,2146.0171573093303,1188.4397929210463,0.8057432695304408,-1.5505772296217373,False,False,,
2324,9.3155216,592792.0,2051.18339100346,2048.764705882353,2143.6392578366904,1188.4397929210463,0.8037424113575625,-2.073558843512785,False,False,,
2325,9.31953,587059.0,2031.3460207612457,2031.3460207612457,2126.261358331221,1188.4397929210463,0.7891199629937656,-1.819694862010124,False,False,,
2326,9.3235384,584654.0,2023.0242214532873,2031.3460207612457,2126.302143914008,1188.4397929210463,0.7891542815877997,-0.7381398511002715,False,False,,
2327,9.3275468,587876.0,2034.1730103806228,2024.2318339100343,2119.2287426127477,1188.4397929210463,0.783202443435465,-0.7381398579932608,False,False,,
2328,9.3315552,585003.0,2024.2318339100343,2024.2318339100343,2119.269528129862,1188.4397929210463,0.7832367619742392,-0.3952963669673011,False,False,,
2329,9.3355636,579595.0,2005.5190311418685,2020.3840830449824,2115.462562749073,1188.4397929210463,0.7800334315207614,-1.9555248347366216,False,False,,
2330,9.339572,583891.0,2020.3840830449824,2005.5190311418685,2100.638296297393,1188.4397929210463,0.7675597104791226,-1.7143722117371,False,False,,
2331,9.3435804,577470.0,1998.166089965398,2003.968858131488,2099.1289087055957,1188.4397929210463,0.7662896523737074,-0.7631994209058206,False,False,,
2332,9.3475888,579147.0,2003.968858131488,1998.166089965398,2093.3669259252456,1188.4397929210463,0.7614412933616048,-0.7686471528716652,False,False,,
2333,9.3515972,577007.0,1996.5640138408305,1996.5640138408305,2091.805635153589,1188.4397929210463,0.7601275618785658,-0.4065550332541221,False,False,,
2334,9.3556056,576327.0,1994.21107266436,1994.21107266436,2089.493479297177,1188.4397929210463,0.7581820229710131,-0.3651523295946646,False,False,,
2335,9.359614,575978.0,1993.0034602076123,1993.0034602076123,2088.3266521276532,1188.4397929210463,0.7572002086826712,-1.6253927366834802,False,False,,
2336,9.3636224,571828.0,1978.643598615917,1978.643598615917,2074.007575790337,1188.4397929210463,0.7451515744795689,-2.610341436756457,False,False,,
2337,9.3676308,567071.0,1962.18339100346,1968.0519031141869,2063.4566655101426,1188.4397929210463,0.736273623452482,-1.7190936217254205,False,False,,
2338,9.3716392,568767.0,1968.0519031141869,1962.18339100346,2057.6289385881155,1188.4397929210463,0.7313699447329205,-1.5814477751108598,False,False,,
2339,9.3756476,564015.0,1951.6089965397923,1952.903114186851,2048.389446927362,1188.4397929210463,0.7235954729289732,-1.1013216122472755,False,False,,
2340,9.379656,564389.0,1952.903114186851,1951.6089965397923,2047.1361144033224,1188.4397929210463,0.7225408696318565,-1.4227373984422087,False,False,,
2341,9.3836644,560448.0,1939.2664359861592,1939.2664359861592,2034.8343389398576,1188.4397929210463,0.7121896717531416,-2.690604620633138,False,False,,
2342,9.3876728,556573.0,1925.8581314878893,1925.892733564014,2021.501421575052,1188.4397929210463,0.7009708305091646,-1.3951356051937722,False,False,,
2343,9.3916812,556583.0,1925.892733564014,1925.892733564014,2021.54220659954,1188.4397929210463,0.7010051486334241,0.0085615483595802,False,False,,
2344,9.3956896,557593.0,1929.3875432525952,1925.892733564014,2021.582991591192,1188.4397929210463,0.7010394667300537,-0.803875857737026,False,False,,
2345,9.399698,554346.0,1918.152249134948,1918.152249134948,2013.8832921209416,1188.4397929210463,0.6945606366571179,-2.2831148127560255,False,False,,
2346,9.4037064,550273.0,1904.0588235294117,1904.0588235294117,1999.830651441377,1188.4397929210463,0.682736191899151,-1.5476719348104382,False,False,,
2347,9.4077148,550061.0,1903.325259515571,1903.325259515571,1999.1378723206644,1188.4397929210463,0.6821532602901295,-0.5703500636278136,False,False,,
2348,9.4117232,546569.0,1891.242214532872,1898.543252595156,1994.396650260541,1188.4397929210463,0.6781638095090596,-1.2596688830778504,False,False,,
2349,9.4157316,548679.0,1898.543252595156,1891.242214532872,1987.1363970257053,1188.4397929210463,0.6720547467882709,-2.874737783248321,False,False,,
2350,9.41974,540740.0,1871.0726643598616,1871.0726643598616,1967.0076316472991,1188.4397929210463,0.6551176116483143,-2.335776189597538,False,False,,
2351,9.4237484,540114.0,1868.9065743944636,1868.9065743944636,1964.8823264436696,1188.4397929210463,0.6533292962315053,-1.901774099017004,False,False,,
2352,9.4277568,535480.0,1852.8719723183392,1852.8719723183392,1948.8885090964768,1188.4397929210463,0.6398714690513148,-2.2776671359408738,False,False,,
2353,9.4317652,533819.0,1847.1245674740485,1847.1245674740485,1943.1818889482663,1188.4397929210463,0.6350696943360944,-1.0664562682955392,False,False,,
2354,9.4357736,532507.0,1842.5847750865053,1842.629757785467,1938.7278639229369,1188.4397929210463,0.631321902439643,-0.4679328805144678,False,False,,
2355,9.439782,532520.0,1842.629757785467,1842.5847750865053,1938.7236658543752,1188.4397929210463,0.6313183700195859,-1.1834007803151394,False,False,,
2356,9.4437904,529238.0,1831.273356401384,1831.273356401384,1927.4530317668184,1188.4397929210463,0.6218348150640125,-1.395135701707801,False,False,,
2357,9.4477988,528642.0,1829.21107266436,1829.21107266436,1925.431532594522,1188.4397929210463,0.6201338461261348,-1.9776791097299335,False,False,,
2358,9.4518072,523769.0,1812.3494809688584,1812.3494809688584,1908.6107254308972,1188.4397929210463,0.6059801571771295,-2.1614490424158106,False,False,,
2359,9.4558156,520543.0,1801.1868512110727,1808.5363321799307,1904.8383611410177,1188.4397929210463,0.6028059414428956,-1.163062634284671,False,False,,
2360,9.459824,522667.0,1808.5363321799307,1801.1868512110727,1897.5296646383565,1188.4397929210463,0.596656116650596,-1.1191176589237983,False,False,,
2361,9.4638324,519491.0,1797.546712802768,1797.7923875432523,1894.1759854039035,1188.4397929210463,0.5938341989948352,-0.3735056941747672,False,False,,
2362,9.4678408,519562.0,1797.7923875432523,1797.546712802768,1893.971095063936,1188.4397929210463,0.5936617962015358,-1.7572278695831756,False,False,,
2363,9.4718492,512942.0,1774.8858131487889,1780.968858131488,1877.434024760336,1188.4397929210463,0.5797468546099608,-2.3699153563404565,False,False,,
2364,9.4758576,514700.0,1780.968858131488,1774.8858131487889,1871.391764112481,1188.4397929210463,0.5746626587728255,-1.3090617007076304,False,False,,
2365,9.479866,511072.0,1768.4152249134947,1768.4152249134947,1864.96196017918,1188.4397929210463,0.5692523687677278,-0.6705883290587167,False,False,,
2366,9.4838744,509589.0,1763.2837370242214,1768.4152249134947,1865.0027444483435,1188.4397929210463,0.5692866862564275,-0.5300370290711527,False,False,,
2367,9.4878828,511282.0,1769.1418685121107,1763.2837370242214,1859.9120407953903,1188.4397929210463,0.5650031679130701,-2.5417003145479953,False,False,,
2368,9.4918912,504050.0,1744.1176470588234,1744.1176470588234,1840.786735033469,1188.4397929210463,0.548910383174759,-2.190866826747651,False,False,,
2369,9.4958996,503533.0,1742.3287197231834,1742.3287197231834,1839.0385918684692,1188.4397929210463,0.5474394267363994,-0.4544952620749996,False,False,,
2370,9.499908,502775.0,1739.7058823529412,1739.7058823529412,1836.4565386360307,1188.4397929210463,0.5452667855577562,-0.896850544888153,False,False,,
2371,9.5039164,501040.0,1733.702422145329,1733.702422145329,1830.493862533371,1188.4397929210463,0.5402495552881401,-2.6408489384495653,False,False,,
2372,9.5079248,495480.0,1714.4636678200693,1714.4636678200693,1811.2958922802352,1188.4397929210463,0.5240956277879936,-2.331781342873967,False,False,,
2373,9.5119332,494596.0,1711.4048442906574,1711.4048442906574,1808.2778527901032,1188.4397929210463,0.521556130618588,-0.7490356252583297,False,False,,
2374,9.5159416,493394.0,1707.2456747404844,1707.2456747404844,1804.1594672463664,1188.4397929210463,0.5180907589874226,-1.5839902949902438,False,False,,
2375,9.51995,490211.0,1696.2318339100343,1696.2318339100343,1793.1864103895166,1188.4397929210463,0.5088575972217101,-2.4145867846638893,False,False,,
2376,9.5239584,486722.0,1684.159169550173,1684.159169550173,1781.1545299704112,1188.4397929210463,0.498733499652129,-2.4414622352505546,False,False,,
2377,9.527966800000002,483465.0,1672.8892733564014,1672.8892733564014,1769.9254176845595,1188.4397929210463,0.4892848827741533,-1.4870208093740516,False,False,,
2378,9.531975200000002,482604.0,1669.9100346020762,1669.9100346020762,1766.9869628053104,1188.4397929210463,0.486812351227539,-0.5020721230886167,False,False,,
2379,9.535983600000002,482059.0,1668.0242214532873,1668.0242214532873,1765.1419334987686,1188.4397929210463,0.4852598709777764,-1.2712909102743808,False,False,,
2380,9.539992000000002,479080.0,1657.7162629757786,1657.7162629757786,1754.874758830656,1188.4397929210463,0.4766206662580513,-1.5088117303476525,False,False,,
2381,9.544000400000002,475705.0,1646.038062283737,1653.5674740484428,1750.7667536798726,1188.4397929210463,0.4731640290979253,-1.2171768550052704,False,False,,
2382,9.548008800000002,477881.0,1653.5674740484428,1646.038062283737,1743.27812565889,1188.4397929210463,0.466862802846845,-1.490652660557295,False,False,,
2383,9.552017200000002,473753.0,1639.2837370242214,1639.2837370242214,1736.564584110254,1188.4397929210463,0.4612137648487695,-1.5022744809398674,False,False,,
2384,9.556025600000002,471545.0,1631.643598615917,1631.643598615917,1728.965229379993,1188.4397929210463,0.4548193687880462,-1.309061838581819,False,False,,
2385,9.560034000000002,470125.0,1626.7301038062285,1626.7301038062285,1724.0925182155038,1188.4397929210463,0.4507192779012268,-1.774660748372618,False,False,,
2386,9.564042400000002,466635.0,1614.6539792387543,1614.6539792387543,1712.0571772603855,1188.4397929210463,0.4405922685004925,-2.0012861182985517,False,False,,
2387,9.568050800000002,464591.0,1607.5813148788927,1607.5813148788927,1705.0252964800436,1188.4397929210463,0.4346753673480508,-0.9516910944815108,False,False,,
2388,9.572059200000002,462062.0,1598.8304498269897,1605.5051903114186,1702.9899554592523,1188.4397929210463,0.4329627513342531,-0.9099252091497476,False,False,,
2389,9.576067600000002,463991.0,1605.5051903114186,1598.8304498269897,1696.355998488663,1188.4397929210463,0.4273806789313391,-1.131466035674336,False,False,,
2390,9.580076000000002,460852.0,1594.643598615917,1594.643598615917,1692.2099307585934,1188.4397929210463,0.423892014419459,-1.0646406150073275,False,False,,
2391,9.584084400000002,459107.0,1588.60553633218,1588.60553633218,1686.2126519230158,1188.4397929210463,0.4188456680489483,-1.5556622418041854,False,False,,
2392,9.588092800000002,456545.0,1579.7404844290656,1579.7404844290656,1677.3883834352243,1188.4397929210463,0.4114205813593631,-2.093171122555596,False,False,,
2393,9.592101200000002,451428.0,1562.0346020761249,1568.5813148788927,1666.269997267538,1188.4397929210463,0.4020651337936445,-1.528423630227202,False,False,,
2394,9.596109600000002,453320.0,1568.5813148788927,1565.096885813149,1662.8263515514298,1188.4397929210463,0.3991675148005577,-0.3571627464497169,False,False,,
2395,9.600118000000002,452313.0,1565.096885813149,1565.096885813149,1662.8671348682362,1188.4397929210463,0.3992018314879064,-0.6230117368997341,False,False,,
2396,9.604126400000002,450574.0,1559.0795847750865,1559.0795847750865,1656.8906171141366,1188.4397929210463,0.3941729543081798,-2.089539333415346,False,False,,
2397,9.608134800000002,446536.0,1545.107266435986,1545.107266435986,1642.9590820261626,1188.4397929210463,0.3824504125597822,-2.203578385168207,False,False,,
2398,9.612143200000002,444483.0,1538.0034602076123,1538.0034602076123,1635.8960590160718,1188.4397929210463,0.3765073071099633,-0.7370508024400948,False,False,,
2399,9.616151600000002,444043.0,1536.4809688581315,1538.0034602076123,1635.9368422015182,1188.4397929210463,0.3765416236867804,-0.1512387731624827,False,False,,
2400,9.620160000000002,446506.0,1545.0034602076123,1536.4809688581315,1634.4551340046398,1188.4397929210463,0.3752948561132742,-1.4114791802505522,False,False,,
2401,9.624168400000002,437104.0,1512.470588235294,1524.474048442907,1622.4889967091883,1188.4397929210463,0.3652260773945476,-2.511556470196467,False,False,,
2402,9.628176800000002,440573.0,1524.474048442907,1512.470588235294,1610.5263195884986,1188.4397929210463,0.3551602102030031,-1.73580042671081,False,False,,
2403,9.6321852,435770.0,1507.8546712802768,1507.8546712802768,1605.9511856875747,1188.4397929210463,0.3513105125336926,-0.951691204779408,False,False,,
2404,9.6361936,434342.0,1502.9134948096885,1503.3217993079584,1601.459096736506,1188.4397929210463,0.3475306921525293,-0.4672068618580454,False,False,,
2405,9.640202,434460.0,1503.3217993079584,1503.3217993079584,1601.4998797249125,1188.4397929210463,0.347565008563549,0.0085611209472205,False,False,,
2406,9.6442104,435528.0,1507.0173010380622,1503.3217993079584,1601.540662680482,1188.4397929210463,0.347599324946939,0.307096448048604,False,False,,
2407,9.6482188,430150.0,1488.40830449827,1506.166089965398,1604.425736260655,1188.4397929210463,0.3500269393682651,-1.556751897115646,False,False,,
2408,9.6522272,435282.0,1506.166089965398,1488.40830449827,1586.7087336834238,1188.4397929210463,0.3351191563381422,-2.1930461925236813,False,False,,
2409,9.6562356,429220.0,1485.190311418685,1485.190311418685,1583.531523460885,1188.4397929210463,0.3324457266520412,-0.5511018624485047,False,False,,
2410,9.660244,427998.0,1480.961937716263,1483.0761245674742,1581.458119433891,1188.4397929210463,0.330701082927265,-0.4352469161246972,False,False,,
2411,9.6642524,428609.0,1483.0761245674742,1480.961937716263,1579.384715374053,1188.4397929210463,0.3289564391748527,0.0085610795862649,False,False,,
2412,9.6682608,426956.0,1477.356401384083,1483.0761245674742,1581.539684983801,1188.4397929210463,0.3307697153900922,-0.2336811022153,False,False,,
2413,9.6722692,428811.0,1483.7750865051903,1478.6539792387543,1577.1583223807745,1188.4397929210463,0.327083064514613,-0.4555851104106523,False,False,,
2414,9.6762776,427331.0,1478.6539792387543,1478.6539792387543,1577.1991050736383,1188.4397929210463,0.327117380676952,-0.9513280989373456,False,False,,
2415,9.680286,424688.0,1469.508650519031,1469.508650519031,1568.094559013928,1188.4397929210463,0.3194564574110521,-2.244254856464302,False,False,,
2416,9.6842944,420813.0,1456.1003460207612,1457.190311418685,1555.8170025407587,1188.4397929210463,0.3091256383436489,-1.3239525077097198,False,False,,
2417,9.6883028,421128.0,1457.190311418685,1456.8131487889273,1555.4806225053485,1188.4397929210463,0.3088425949472447,-0.0310257639710158,False,False,,
2418,9.6923112,421019.0,1456.8131487889273,1456.8131487889273,1555.521405066845,1188.4397929210463,0.3088769109990461,-1.999470430535496,False,False,,
2419,9.6963196,415490.0,1437.681660899654,1437.681660899654,1536.4306997062392,1188.4397929210463,0.2928132403997276,-2.0274354261359875,False,False,,
2420,9.700328,415413.0,1437.4152249134947,1437.4152249134947,1536.2050462159038,1188.4397929210463,0.292623366674799,-0.3745956459150577,False,False,,
2421,9.7043364,414435.0,1434.031141868512,1434.031141868512,1532.8617456339086,1188.4397929210463,0.2898101820255558,-0.4911769693686381,False,False,,
2422,9.7083448,411185.0,1422.7854671280277,1432.6539792387543,1531.5253654342946,1188.4397929210463,0.2886856991467645,-1.0497503870693308,False,False,,
2423,9.7123532,414037.0,1432.6539792387543,1423.9480968858131,1522.8602654786607,1188.4397929210463,0.2813945431224984,-0.9052040886949796,False,False,,
2424,9.7163616,411521.0,1423.9480968858131,1423.9480968858131,1522.9010478431317,1188.4397929210463,0.2814288590085145,-0.8630750216917136,False,False,,
2425,9.72037,409121.0,1415.643598615917,1415.643598615917,1514.6373319048628,1188.4397929210463,0.2744754432886002,-1.2200826116954886,False,False,,
2426,9.7243784,408138.0,1412.242214532872,1412.242214532872,1511.2767301206086,1188.4397929210463,0.271647700727074,-0.5013460906385774,False,False,,
2427,9.7283868,407717.0,1410.7854671280277,1410.7854671280277,1509.8607649817188,1188.4397929210463,0.2704562519491688,-0.2707257361133344,False,False,,
2428,9.7323952,407369.0,1409.5813148788927,1409.5813148788927,1508.697394965695,1188.4397929210463,0.2694773466458007,-1.3370271306065715,False,False,,
2429,9.7364036,404012.0,1397.9653979238751,1397.9653979238751,1497.122260210959,1188.4397929210463,0.259737572848522,-1.434359825468512,False,False,,
2430,9.740412,403396.0,1395.833910034602,1395.833910034602,1495.0315544891237,1188.4397929210463,0.2579783707969846,-0.2678203034216153,False,False,,
2431,9.7444204,400745.0,1386.6608996539792,1395.3321799307955,1494.5706065199115,1188.4397929210463,0.2575905110400516,-0.0441004006553669,False,False,,
2432,9.7484288,403251.0,1395.3321799307955,1395.3321799307955,1494.6113886216697,1188.4397929210463,0.2576248267050107,0.0085609348229169,False,False,,
2433,9.7524372,404753.0,1400.529411764706,1395.3321799307955,1494.6521706905912,1188.4397929210463,0.2576591423423399,-1.3726189688833088,False,False,,
2434,9.7564456,399448.0,1382.1730103806228,1382.1730103806228,1481.5337831765034,1188.4397929210463,0.2466208149552669,-1.497190289109703,False,False,,
2435,9.760454,397600.0,1375.7785467128028,1380.98615916955,1480.3877139686797,1188.4397929210463,0.2456564672326052,-0.6625988148367732,False,False,,
2436,9.7644624,399105.0,1380.98615916955,1375.7785467128028,1475.2208834823373,1188.4397929210463,0.2413088927764834,-0.4544957239468985,False,False,,
2437,9.7684708,396935.0,1373.477508650519,1376.574394463668,1476.0575131707635,1188.4397929210463,0.2420128659128677,-0.2329549112090738,False,False,,
2438,9.7724792,397830.0,1376.574394463668,1373.477508650519,1473.0014092623471,1188.4397929210463,0.2394413398443025,-1.929739687471379,False,False,,
2439,9.7764876,392493.0,1358.107266435986,1358.107266435986,1457.6719489197028,1188.4397929210463,0.226542528786347,-2.0579428244129936,False,False,,
2440,9.780496,391245.0,1353.7889273356402,1353.7889273356402,1453.3943916584165,1188.4397929210463,0.2229432238095483,-1.240057707029511,False,False,,
2441,9.7845044,389055.0,1346.2110726643598,1346.2110726643598,1445.857318793352,1188.4397929210463,0.2166012341606328,-0.7868069878596344,False,False,,
2442,9.7885128,387560.0,1341.038062283737,1346.2110726643598,1445.898100566724,1188.4397929210463,0.2166355495492752,-0.3789539776297062,False,False,,
2443,9.7925212,390762.0,1352.1176470588234,1342.5190311418685,1442.2468407847684,1188.4397929210463,0.213563235912771,-0.3789539845226919,False,False,,
2444,9.7965296,387988.0,1342.5190311418685,1342.5190311418685,1442.2876224924678,1188.4397929210463,0.2135975512461536,-0.1541445367411,False,False,,
2445,9.800538,387540.0,1340.968858131488,1340.968858131488,1440.77823115695,1188.4397929210463,0.2123274899906249,-0.1541445436340822,False,False,,
2446,9.8045464,384920.0,1331.903114186851,1340.968858131488,1440.8190127989767,1188.4397929210463,0.2123618052687479,-0.9429751410822398,False,False,,
2447,9.8085548,387739.0,1341.6574394463669,1331.903114186851,1431.7940504635228,1188.4397929210463,0.2047678468795967,-1.8509293267908973,False,False,,
2448,9.8125632,381282.0,1319.3148788927335,1323.2525951557093,1423.1843130087277,1188.4397929210463,0.1975232750417306,-1.3126940964823888,False,False,,
2449,9.8165716,382420.0,1323.2525951557093,1319.3148788927335,1419.2873782892618,1188.4397929210463,0.1942442408469167,-0.4584908119470761,False,False,,
2450,9.82058,380523.0,1316.688581314879,1318.80276816609,1418.8160490732846,1188.4397929210463,0.1938476459005132,-0.0451900766435144,False,False,,
2451,9.8245884,381134.0,1318.80276816609,1318.80276816609,1418.856830551122,1188.4397929210463,0.1938819610404809,0.0085608038493489,False,False,,
2452,9.8285968,381333.0,1319.491349480969,1318.80276816609,1418.8976119961155,1188.4397929210463,0.1939162761528127,-0.0978514328014874,False,False,,
2453,9.8326052,380841.0,1317.7889273356402,1317.7889273356402,1417.924552577823,1188.4397929210463,0.193097505673998,-0.7606579902301185,False,False,,
2454,9.836613600000002,379016.0,1311.474048442907,1311.474048442907,1411.650455064403,1188.4397929210463,0.1878182331767358,-0.6542457673660103,False,False,,
2455,9.840622000000002,376401.0,1302.425605536332,1311.474048442907,1411.6912364108875,1188.4397929210463,0.1878525482061781,-0.3041386429072013,False,False,,
2456,9.844630400000002,379638.0,1313.6262975778548,1308.4948096885814,1408.7527789702103,1188.4397929210463,0.1853800145042774,-0.1890100599272308,False,False,,
2457,9.848638800000002,378155.0,1308.4948096885814,1309.59169550173,1409.8904460641634,1188.4397929210463,0.1863372923577535,0.0085607624883934,False,False,,
2458,9.852647200000002,378472.0,1309.59169550173,1308.4948096885814,1408.8343414989754,1188.4397929210463,0.1854486444249943,-1.5215236265434733,False,False,,
2459,9.856655600000002,373967.0,1294.0034602076123,1295.01384083045,1395.3941538559754,1188.4397929210463,0.1741395417484797,-1.4063950435619716,False,False,,
2460,9.860664000000002,374259.0,1295.01384083045,1295.01384083045,1395.4349350382706,1188.4397929210463,0.1741738566397666,0.329976521109927,False,False,,
2461,9.864672400000002,375144.0,1298.0761245674742,1298.0761245674742,1398.5379999247464,1188.4397929210463,0.1767848975229138,0.3299765142169413,False,False,,
2462,9.868680800000002,375632.0,1299.764705882353,1298.0761245674742,1398.5787810413688,1188.4397929210463,0.176819212358941,-0.459580446574261,False,False,,
2463,9.872689200000002,373855.0,1293.6159169550174,1293.6159169550174,1394.1593545126834,1188.4397929210463,0.1731005329988172,-1.132192909134094,False,False,,
2464,9.876697600000002,369963.0,1280.1487889273355,1287.2076124567477,1387.7918310653558,1188.4397929210463,0.1677426482449948,-1.2603960460750017,False,False,,
2465,9.880706000000002,372003.0,1287.2076124567477,1281.525951557093,1382.1509511838076,1188.4397929210463,0.1629961899766431,0.0085607073429976,False,False,,
2466,9.884714400000002,370361.0,1281.525951557093,1287.2076124567477,1387.873393068724,1188.4397929210463,0.1678112777236221,0.0085607004492516,False,False,,
2467,9.888722800000002,372209.0,1287.9204152249135,1281.525951557093,1382.2325131214957,1188.4397929210463,0.1630648194000046,-0.636813136745392,False,False,,
2468,9.892731200000002,370226.0,1281.0588235294117,1281.0588235294117,1381.8061660134035,1188.4397929210463,0.1627060741689616,-0.8191303427443906,False,False,,
2469,9.896739600000002,365399.0,1264.356401384083,1273.6401384083044,1374.4282617790493,1188.4397929210463,0.1564980152682914,-0.7701008239813731,False,False,,
2470,9.900748000000002,368082.0,1273.6401384083044,1273.6401384083044,1374.469042632966,1188.4397929210463,0.1565323298832677,0.0085606728773157,False,False,,
2471,9.904756400000002,370819.0,1283.1107266435986,1273.6401384083044,1374.5098234540462,1188.4397929210463,0.1565666444706142,-0.3673323640458044,False,False,,
2472,9.908764800000002,367047.0,1270.0588235294117,1270.0588235294117,1370.96928936339,1188.4397929210463,0.1535874997871853,-0.4250782567121796,False,False,,
2473,9.912773200000002,366789.0,1269.166089965398,1269.508650519031,1370.4598971084097,1188.4397929210463,0.153158877102204,-0.0851402190560861,False,False,,
2474,9.916781600000002,366888.0,1269.508650519031,1269.166089965398,1370.1581172773476,1188.4397929210463,0.1529049476790565,-0.4308891772418093,False,False,,
2475,9.920790000000002,365091.0,1263.2906574394465,1265.3217993079584,1366.3546073096354,1188.4397929210463,0.1497045247460919,-0.6081218398402193,False,False,,
2476,9.924798400000002,365678.0,1265.3217993079584,1263.2906574394465,1364.3642460980143,1188.4397929210463,0.1480297565134254,-0.400745112292622,False,False,,
2477,9.928806800000002,364551.0,1261.4221453287198,1261.4221453287198,1362.5365146113352,1188.4397929210463,0.1464918313298643,-0.2147961033643426,False,False,,
2478,9.932815200000002,364476.0,1261.1626297577857,1261.1626297577857,1362.317779631619,1188.4397929210463,0.1463077791119741,-0.6883850099264279,False,False,,
2479,9.936823600000002,361629.0,1251.311418685121,1254.7820069204151,1355.9779373526303,1188.4397929210463,0.1409731863822861,-1.0254176079955002,False,False,,
2480,9.940832000000002,362632.0,1254.7820069204151,1251.311418685121,1352.5481296428818,1188.4397929210463,0.1380872112321957,-1.2912665984470024,False,False,,
2481,9.944840400000002,359053.0,1242.3979238754323,1242.3979238754323,1343.6754153258878,1188.4397929210463,0.1306213603158561,-1.721273704427036,False,False,,
2482,9.9488488,356866.0,1234.8304498269897,1234.8304498269897,1336.1487217373176,1188.4397929210463,0.1242881041985475,-1.0871585128350834,False,False,,
2483,9.9528572,355100.0,1228.719723183391,1231.9584775086505,1333.3175298460071,1188.4397929210463,0.1219058279501635,-0.29288020410109,False,False,,
2484,9.9568656,356036.0,1231.9584775086505,1231.9584775086505,1333.3583102402,1188.4397929210463,0.1219401421783099,0.4610849390938529,False,False,,
2485,9.960874,357333.0,1236.4463667820069,1236.2698961937715,1337.7105092866773,1188.4397929210463,0.1256022536898911,0.4610849322008707,False,False,,
2486,9.9648824,357282.0,1236.2698961937715,1236.2698961937715,1337.751289615197,1188.4397929210463,0.1256365678627778,-0.2812584112912137,False,False,,
2487,9.9688908,355527.0,1230.19723183391,1233.508650519031,1335.0308242361398,1188.4397929210463,0.1233474612582517,-0.6288232778353002,False,False,,
2488,9.9728992,356484.0,1233.508650519031,1230.19723183391,1331.7601858138585,1188.4397929210463,0.1205954174090278,-0.3934815615802041,False,False,,
2489,9.9769076,355377.0,1229.6782006920416,1229.6782006920416,1331.2819349019933,1188.4397929210463,0.1201929982753755,-0.0459167088220873,False,False,,
2490,9.980916,355142.0,1228.865051903114,1229.6782006920416,1331.3227150991677,1188.4397929210463,0.1202273123377429,-0.0767871577947971,False,False,,
2491,9.9849244,356167.0,1232.4117647058824,1228.865051903114,1330.5503464745705,1188.4397929210463,0.1195774109887661,-0.5391174325410919,False,False,,
2492,9.9889328,353869.0,1224.4602076124568,1224.4602076124568,1326.1862823154072,1188.4397929210463,0.1159053157045474,-0.4537697466246921,False,False,,
2493,9.9929412,353267.0,1222.3771626297578,1224.4602076124568,1326.2270624140722,1188.4397929210463,0.1159396296840253,0.2874840380667987,False,False,,
2494,9.9969496,354637.0,1227.1176470588234,1227.1176470588234,1328.92528192626,1188.4397929210463,0.1182100177409213,0.2874840311730509,False,False,,
2495,10.000958,356399.0,1233.2145328719723,1227.1176470588234,1328.966061959245,1188.4397929210463,0.1182443316651334,-0.2798057466434578,False,False,,
2496,10.0049664,353843.0,1224.370242214533,1224.370242214533,1326.259437115103,1188.4397929210463,0.11596687103123,-0.4839138529340498,False,False,,
2497,10.0089748,353281.0,1222.425605536332,1222.425605536332,1324.3555804042144,1188.4397929210463,0.1143648910889317,-0.7613846568728757,False,False,,
2498,10.0129832,351723.0,1217.0346020761249,1217.0346020761249,1319.0053568784826,1188.4397929210463,0.1098630025140115,-1.2204462965746696,False,False,,
2499,10.0169916,349897.0,1210.7162629757786,1210.7162629757786,1312.727797679776,1188.4397929210463,0.1045808172185518,-1.3177789879901398,False,False,,
