time_index,time_sec,sum_intensity,norm_sum_intensity,filtered_norm_sum_intensity,detrended_norm_sum_intensity,f0_baseline,df_f_signal,d_df_f_signal,is_onset,is_peak,onset_index,peak_id
0,0.0,587293.0,2004.4129692832764,2004.4129692832764,2004.4129692832764,1997.2819497883768,0.003570361958989,0.004355807916853,True,False,0.0,1.0
1,0.0040484,586742.0,2002.5324232081912,2004.4129692832764,2004.4481894585767,1997.2819497883768,0.0035879960117596,-0.1119304679648293,False,False,,
2,0.0080968,583501.0,1991.470989761092,2002.5324232081912,2002.602875368017,1997.2819497883768,0.0026640833459714,-0.6984291706168715,False,False,,
3,0.0121452,587382.0,2004.716723549488,1993.0477815699655,1993.153477527501,1997.2819497883768,-0.002067045296891,-0.6796445087656153,False,False,,
4,0.0161936,581197.0,1983.6075085324233,1991.470989761092,1991.611941333482,1997.2819497883768,-0.002838862312602,-0.2322229871804854,False,False,,
5,0.020242,582842.0,1989.221843003413,1989.221843003413,1989.3980620117648,1997.2819497883768,-0.003947308379494,-0.2345430441543455,False,False,,
6,0.0242904,583963.0,1993.0477815699655,1987.6075085324233,1987.8190068018084,1997.2819497883768,-0.0047379104325109,-0.136826728761247,False,False,,
7,0.0283388,582369.0,1987.6075085324233,1986.938566552901,1987.185355912355,1997.2819497883768,-0.005055167036928,-0.1397799263486097,False,False,,
8,0.0323872,582173.0,1986.938566552901,1985.2764505119453,1985.5585427944704,1997.2819497883768,-0.0058696805401703,-0.2016152917018587,False,False,,
9,0.0364356,581686.0,1985.2764505119453,1983.6075085324233,1983.924915574989,1997.2819497883768,-0.0066876057307796,-0.1013664084602962,False,False,,
10,0.040484,581185.0,1983.566552901024,1983.566552901024,1983.919286544569,1997.2819497883768,-0.0066904240761916,-0.2668259470754993,False,False,,
11,0.0445324,576369.0,1967.1296928327645,1979.221843003413,1979.6099150928464,1997.2819497883768,-0.0088480420590605,-0.4846251903165278,False,False,,
12,0.0485808,577688.0,1971.6313993174065,1975.6587030716723,1976.0821254558743,1997.2819497883768,-0.0106143373171465,-0.2607026475431391,False,False,,
13,0.0526292,578656.0,1974.9351535836176,1974.9351535836176,1975.393938115442,1997.2819497883768,-0.0109588992556878,-0.1114908123887823,False,False,,
14,0.0566776,578868.0,1975.6587030716723,1973.7849829351535,1974.2791414714277,1997.2819497883768,-0.011517056126896,-0.1843006290936741,False,False,,
15,0.060726,578319.0,1973.7849829351535,1971.8839590443688,1972.4135034458957,1997.2819497883768,-0.0124511445893335,-0.1287937488911543,False,False,,
16,0.0647744,577043.0,1969.4300341296928,1971.6313993174065,1972.1963414489655,1997.2819497883768,-0.0125598733529179,-0.147364434713024,False,False,,
17,0.0688228,579912.0,1979.221843003413,1969.4300341296928,1970.030385860043,1997.2819497883768,-0.0136443249443179,-0.2739912854454556,False,False,,
18,0.0728712,577762.0,1971.8839590443688,1967.1296928327645,1967.7654660346436,1997.2819497883768,-0.0147783259929127,-0.6049118234001354,False,False,,
19,0.0769196,574156.0,1959.5767918088736,1959.5767918088736,1960.247998359,1997.2819497883768,-0.0185421749960241,-0.7644620360440637,False,False,,
20,0.080968,571613.0,1950.8976109215016,1954.6962457337884,1955.402897512863,1997.2819497883768,-0.0209680222063542,-0.532308648610635,False,False,,
21,0.0850164,572726.0,1954.6962457337884,1950.8976109215016,1951.6397198142092,1997.2819497883768,-0.0228521716620947,-0.6462726654899709,False,False,,
22,0.0890648,569643.0,1944.1740614334472,1944.1740614334472,1944.951639328457,1997.2819497883768,-0.0262007627242934,-0.4932619763404302,False,False,,
23,0.0931132,569255.0,1942.849829351536,1942.849829351536,1943.6628881415036,1997.2819497883768,-0.0268460152321279,-0.1802775105743173,False,False,,
24,0.0971616,566657.0,1933.9829351535836,1941.18771331058,1942.036264892149,1997.2819497883768,-0.0276604336719115,-0.3332852576141003,False,False,,
25,0.10121,567655.0,1937.3890784982937,1937.3890784982937,1938.2731347720949,1997.2819497883768,-0.0295445593059778,-0.37844788595581,False,False,,
26,0.1052584,568768.0,1941.18771331058,1934.996587030717,1935.9161599013737,1997.2819497883768,-0.0307246505149186,-0.2062318998101875,False,False,,
27,0.1093068,566954.0,1934.996587030717,1933.9829351535836,1934.9380365297104,1997.2819497883768,-0.0312143777523609,-0.2235362970217167,False,False,,
28,0.1133552,564416.0,1926.334470989761,1931.3105802047785,1932.3012219989807,1997.2819497883768,-0.032534579204644,-0.212771416398422,False,False,,
29,0.1174036,564182.0,1925.5358361774745,1930.470989761092,1931.497183889972,1997.2819497883768,-0.0329371453566556,-0.196730355329719,False,False,,
30,0.121452,562824.0,1920.901023890785,1928.0580204778155,1929.1197788619695,1997.2819497883768,-0.0341274655456777,-0.1623281875362581,False,False,,
31,0.1255004,563859.0,1924.433447098976,1927.774744027304,1928.8720785913256,1997.2819497883768,-0.0342514842254992,-0.013116343508031,False,False,,
32,0.1295488,565874.0,1931.3105802047785,1927.774744027304,1928.9076666997853,1997.2819497883768,-0.0342336659557935,0.0044020494302108,False,False,,
33,0.1335972,564492.0,1926.5938566552904,1927.774744027304,1928.9432667408364,1997.2819497883768,-0.0342158417116727,0.0044035254248688,False,False,,
34,0.1376456,565628.0,1930.470989761092,1927.774744027304,1928.97887871848,1997.2819497883768,-0.0341980114911334,0.0044050019144146,False,False,,
35,0.141694,564613.0,1927.0068259385664,1927.774744027304,1929.0145026367184,1997.2819497883768,-0.034180175292172,0.0219233963373701,False,False,,
36,0.1457424,564921.0,1928.0580204778155,1928.0580204778155,1929.333414950068,1997.2819497883768,-0.034020502135669,0.0229801098074799,False,False,,
37,0.1497908,563618.0,1923.6109215017063,1928.075085324232,1929.386127607925,1997.2819497883768,-0.0339941099390828,0.1536198033770013,False,False,,
38,0.1538392,564838.0,1927.774744027304,1930.470989761092,1931.8176918088352,1997.2819497883768,-0.0327766733116861,0.2044836565783812,False,False,,
39,0.1578876,564926.0,1928.075085324232,1931.3105802047785,1932.692953973189,1997.2819497883768,-0.032338446668499,0.153833808012366,False,False,,
40,0.161936,566336.0,1932.887372013652,1932.887372013652,1934.3054294633573,1997.2819497883768,-0.0315311117349716,1.1423803631510272,False,False,,
41,0.1659844,571433.0,1950.283276450512,1949.7133105802047,1951.1670636758415,1997.2819497883768,-0.0230888213441378,1.080122919684126,False,False,,
42,0.1700328,571266.0,1949.7133105802047,1950.283276450512,1951.7727371607284,1997.2819497883768,-0.0227855724788731,0.5767768327844873,False,False,,
43,0.1740812,573978.0,1958.9692832764504,1958.9692832764504,1960.494463573909,1997.2819497883768,-0.0184187746844484,1.2918062207362562,False,False,,
44,0.1781296,580258.0,1980.4027303754267,1971.1023890784984,1972.663300939874,1997.2819497883768,-0.0123260758708158,0.9045360937582164,False,False,,
45,0.182178,577533.0,1971.1023890784984,1973.5255972696243,1975.1222526756096,1997.2819497883768,-0.0110949268405068,0.5795248907022986,False,False,,
46,0.1862264,578243.0,1973.5255972696243,1980.4027303754267,1982.0351413107296,1997.2819497883768,-0.0076337787357774,1.1238170969200358,False,False,,
47,0.1902748,583547.0,1991.627986348123,1991.627986348123,1993.2961648014711,1997.2819497883768,-0.0019956045701647,0.7259946115300657,False,False,,
48,0.1943232,583677.0,1992.0716723549488,1992.0716723549488,1993.7756303190895,1997.2819497883768,-0.0017555455651408,0.9191042811833668,False,False,,
49,0.1983716,589042.0,2010.382252559727,2006.419795221843,2008.159544693545,1997.2819497883768,0.0054461989737207,1.1366954263080773,False,False,,
50,0.20242,587881.0,2006.419795221843,2010.382252559727,2012.1578055397804,1997.2819497883768,0.0074480499625904,0.9773562762092098,False,False,,
51,0.2064684,592491.0,2022.1535836177477,2022.1535836177477,2023.964952110967,1997.2819497883768,0.0133596572709314,1.0052159912803469,False,False,,
52,0.2105168,593784.0,2026.566552901024,2026.566552901024,2028.4137489162497,1997.2819497883768,0.015587082800789,0.6937118123814727,False,False,,
53,0.2145652,595757.0,2033.3003412969283,2033.3003412969283,2035.1833768470256,1997.2819497883768,0.0189765030734217,0.7249482836173755,False,False,,
54,0.2186136,600050.0,2047.9522184300345,2038.2184300341296,2040.1373171359933,1997.2819497883768,0.0214568440635822,0.768003398442445,False,False,,
55,0.222662,600285.0,2048.7542662116043,2045.6484641638224,2047.6032148383756,1997.2819497883768,0.0251948729899305,0.6063427316553147,False,False,,
56,0.2267104,599375.0,2045.6484641638224,2047.9522184300345,2049.942844702231,1997.2819497883768,0.026366279893249,0.1964905604574256,False,False,,
57,0.2307588,597198.0,2038.2184300341296,2048.7542662116043,2050.7807801104304,1997.2819497883768,0.0267858177598422,0.3874897626126699,False,False,,
58,0.2348072,601865.0,2054.146757679181,2054.146757679181,2056.2091712376555,1997.2819497883768,0.0295037070031712,0.9151092461600152,False,False,,
59,0.2388556,605045.0,2065.0,2063.481228668942,2065.579553924119,1997.2819497883768,0.0341952743041506,0.6755721652868876,False,False,,
60,0.242904,604600.0,2063.481228668942,2065.0,2067.134248992969,1997.2819497883768,0.0349736797110661,0.3419080345817313,False,False,,
61,0.2469524,608035.0,2075.204778156997,2068.938566552901,2071.10875132879,1997.2819497883768,0.036963635278552,0.5616096576686918,False,False,,
62,0.2510008,606199.0,2068.938566552901,2074.0102389078497,2076.216371515823,1997.2819497883768,0.0395209207872779,0.3919292008490185,False,False,,
63,0.2550492,607685.0,2074.0102389078497,2075.204778156997,2077.446870650261,1997.2819497883768,0.0401370076319863,0.515182255425426,False,False,,
64,0.2590976,610105.0,2082.2696245733787,2082.2696245733787,2084.5476890091813,1997.2819497883768,0.0436922484730065,0.6059340420017003,False,False,,
65,0.263146,611166.0,2085.890784982935,2084.9317406143346,2087.2457890539654,1997.2819497883768,0.0450431343832657,0.2283720966003812,False,False,,
66,0.2671944,610885.0,2084.9317406143346,2085.890784982935,2088.2408294917286,1997.2819497883768,0.0455413316647605,0.2925319372223915,False,False,,
67,0.2712428,612250.0,2089.590443686007,2089.590443686007,2091.9764963333423,1997.2819497883768,0.0474117069725679,0.6110036519976179,False,False,,
68,0.2752912,615631.0,2101.1296928327647,2095.6996587030717,2098.1217315623753,1997.2819497883768,0.0504885060342548,0.7180060748252339,False,False,,
69,0.2793396,614040.0,2095.6996587030717,2101.1296928327647,2103.587797981512,1997.2819497883768,0.0532252585592129,0.7608501499457159,False,False,,
70,0.283388,617624.0,2107.9317406143346,2107.9317406143346,2110.425890134049,1997.2819497883768,0.0566489575283353,0.6046767178038772,False,False,,
71,0.2874364,618475.0,2110.8361774744026,2110.8361774744026,2113.3663834506597,1997.2819497883768,0.0581212050079273,0.863844171929788,False,False,,
72,0.2914848,623211.0,2127.0,2121.8293515358364,2124.395626058263,1997.2819497883768,0.0636433310196164,1.0039810068555015,False,False,,
73,0.2955332,621696.0,2121.8293515358364,2127.0,2129.6023551622775,1997.2819497883768,0.066250238424235,0.42085909455795,False,False,,
74,0.2995816,623669.0,2128.563139931741,2128.563139931741,2131.201587831605,1997.2819497883768,0.0670509429364332,0.1040787467037862,False,False,,
75,0.30363,623775.0,2128.924914675768,2128.6109215017063,2131.28547424095,1997.2819497883768,0.0670929432205462,0.0268369691405254,False,False,,
76,0.3076784,623683.0,2128.6109215017063,2128.924914675768,2131.6355843602405,1997.2819497883768,0.0672682365081702,0.437747361173777,False,False,,
77,0.3117268,627857.0,2142.8566552901025,2135.617747440273,2138.3645461798833,1997.2819497883768,0.070637296054498,0.8537228864624016,False,False,,
78,0.3157752,627799.0,2142.6587030716723,2142.6587030716723,2145.4416429803905,1997.2819497883768,0.074180659975279,0.4521015669992696,False,False,,
79,0.3198236,625736.0,2135.617747440273,2142.8566552901025,2145.675748485959,1997.2819497883768,0.0742978720221777,0.9351901022731166,False,False,,
80,0.323872,632209.0,2157.7098976109214,2157.7098976109214,2160.5651562160115,1997.2819497883768,0.081752707195364,1.1390631950265906,False,False,,
81,0.3279204,634583.0,2165.8122866894196,2161.204778156997,2164.0962142974786,1997.2819497883768,0.0835206388996691,0.3565016845870623,False,False,,
82,0.3319688,634999.0,2167.232081911263,2163.4027303754265,2166.330356181525,1997.2819497883768,0.0846392300351285,0.258155190735545,False,False,,
83,0.3360172,633233.0,2161.204778156997,2165.307167235495,2168.270994841502,1997.2819497883768,0.0856108698480166,0.1357493168091998,False,False,,
84,0.3400656000000001,634435.0,2165.307167235495,2165.5255972696245,2168.5256388139014,1997.2819497883768,0.0857383651034693,0.0357144463795791,False,False,,
85,0.344114,633877.0,2163.4027303754265,2165.8122866894196,2168.848554314396,1997.2819497883768,0.0859000425774628,0.1100045620444838,False,False,,
86,0.3481624,634499.0,2165.5255972696245,2167.232081911263,2170.304587763441,1997.2819497883768,0.086629050041431,0.397030253849584,False,False,,
87,0.3522108,640921.0,2187.443686006826,2172.160409556314,2175.2691657862683,1997.2819497883768,0.0891147171368321,0.3301297950249786,False,False,,
88,0.3562592,636443.0,2172.160409556314,2172.4982935153585,2175.6433122777376,1997.2819497883768,0.0893020449657893,0.0861607375385862,False,False,,
89,0.3603076,636542.0,2172.4982935153585,2173.481228668942,2176.6625221224704,1997.2819497883768,0.0898123433965345,0.8974276708169953,False,False,,
90,0.364356,636830.0,2173.481228668942,2186.938566552901,2190.156146860379,1997.2819497883768,0.0965683373308604,0.8366475822481796,False,False,,
91,0.3684044000000001,641322.0,2188.8122866894196,2186.938566552901,2190.1924458812073,1997.2819497883768,0.0965865115404816,0.035724970614984,False,False,,
92,0.3724528,640773.0,2186.938566552901,2187.443686006826,2190.733876526919,1997.2819497883768,0.0968575952729357,0.1203564025132077,False,False,,
93,0.3765012,642290.0,2192.116040955631,2188.8122866894196,2192.1388005763392,1997.2819497883768,0.0975610132603505,0.2934166109000742,False,False,,
94,0.3805496,640773.0,2186.938566552901,2192.116040955631,2195.478890388499,1997.2819497883768,0.0992333308880715,0.2522639137689353,False,False,,
95,0.384598,643020.0,2194.6075085324233,2192.819112627986,2196.218309790007,1997.2819497883768,0.0996035437173549,0.1585604648279339,False,False,,
96,0.3886464,643621.0,2196.6587030716723,2194.6075085324233,2198.0430656108874,1997.2819497883768,0.1005171632596903,0.1967615151748383,False,False,,
97,0.3926948,643407.0,2195.928327645051,2195.928327645051,2199.4002568313354,1997.2819497883768,0.1011966823534225,0.1313383917835793,False,False,,
98,0.3967432000000001,642496.0,2192.819112627986,2196.6587030716723,2200.167016561241,1997.2819497883768,0.1015805839502836,0.1123456524694717,False,False,,
99,0.4007916000000001,650201.0,2219.116040955631,2197.6723549488056,2201.2170649412124,1997.2819497883768,0.1021063226323373,0.2206143740865158,False,True,0.0,1.0
100,0.4048400000000001,643918.0,2197.6723549488056,2200.1535836177472,2203.7347023166353,1997.2819497883768,0.1033668544143873,0.6085206336286646,False,False,,
101,0.4088884,647043.0,2208.3378839590446,2207.4402730375427,2211.0578126506484,1997.2819497883768,0.1070333924987018,0.5105962437609843,False,False,,
102,0.4129368,648622.0,2213.726962457338,2208.3378839590446,2211.991856698197,1997.2819497883768,0.1075010500808712,0.3932555121786798,False,False,,
103,0.4169852,646780.0,2207.4402730375427,2213.726962457338,2217.41738053846,1997.2819497883768,0.1102175037297102,0.452350238674521,False,False,,
104,0.4210336,644645.0,2200.1535836177472,2215.580204778157,2219.307080421269,1997.2819497883768,0.111163639493371,0.3377531216801177,False,False,,
105,0.425082,652900.0,2228.3276450511944,2219.116040955631,2222.8793863848496,1997.2819497883768,0.1129522232053298,0.253124707315898,False,False,,
106,0.4291304000000001,654389.0,2233.409556313993,2219.6006825938566,2223.400510037397,1997.2819497883768,0.1132131396235664,0.0842884614358876,False,False,,
107,0.4331788000000001,653186.0,2229.3037542662114,2220.40614334471,2224.242465034888,1997.2819497883768,0.1136346900198839,0.2928046061802511,False,False,,
108,0.4372272,650343.0,2219.6006825938566,2224.2627986348125,2228.1356268080453,1997.2819497883768,0.1155839199588866,0.4943561938961913,False,False,,
109,0.4412756,650579.0,2220.40614334471,2228.3276450511944,2232.236991948002,1997.2819497883768,0.1176373932506225,0.3067367489115007,False,False,,
110,0.445324,654222.0,2232.839590443686,2229.150170648464,2233.0960485134706,1997.2819497883768,0.1180675060674733,0.0553810506227616,False,False,,
111,0.4493724,649165.0,2215.580204778157,2229.150170648464,2233.1325917303993,1997.2819497883768,0.1180858025413049,0.014017314903711,False,False,,
112,0.4534208,653850.0,2231.569965870307,2229.3037542662114,2233.322730817912,1997.2819497883768,0.1181810014627856,0.1541541700175184,False,False,,
113,0.4574692000000001,651709.0,2224.2627986348125,2231.569965870307,2235.625510148718,1997.2819497883768,0.1193339580251028,0.1446585622205258,False,False,,
114,0.4615176000000001,653141.0,2229.150170648464,2231.569965870307,2235.662090136483,1997.2819497883768,0.1193522729093728,0.0045247393376257,False,False,,
115,0.4655660000000001,655136.0,2235.9590443686006,2231.569965870307,2235.6986823894144,1997.2819497883768,0.1193705939345716,0.0830358141452904,False,False,,
116,0.4696144000000001,656099.0,2239.2457337883957,2232.839590443686,2237.004911485003,1997.2819497883768,0.1200245972893444,0.2759344708058595,False,False,,
117,0.4736628,658136.0,2246.19795221843,2235.9590443686006,2240.1609822055193,1997.2819497883768,0.1216047801577925,0.3105477294361822,False,False,,
118,0.4777112,653138.0,2229.1399317406144,2237.788395904437,2242.0269628144647,1997.2819497883768,0.1225390401450432,0.1360132153058799,False,False,,
119,0.4817596,655759.0,2238.085324232082,2238.085324232082,2242.360532496843,1997.2819497883768,0.1227060519594812,0.0946494836556492,False,False,,
120,0.4858080000000001,655672.0,2237.788395904437,2239.2457337883957,2243.557595693632,1997.2819497883768,0.1233053980843063,0.3192052220605372,False,False,,
121,0.4898564000000001,660098.0,2252.8941979522183,2243.174061433447,2247.52258926902,1997.2819497883768,0.1252905928014609,0.2596914323968136,False,False,,
122,0.4939048000000001,653526.0,2230.4641638225257,2243.3720136518773,2247.7572197117693,1997.2819497883768,0.1254080676741368,0.0167776281354292,False,False,,
123,0.4979532000000001,658159.0,2246.2764505119453,2243.3720136518773,2247.7939102341925,1997.2819497883768,0.1254264379009479,0.0486472762477987,False,False,,
124,0.5020016,657517.0,2244.085324232082,2244.085324232082,2248.543923639048,1997.2819497883768,0.12580195494046,0.0486487979643843,False,False,,
125,0.5060500000000001,658276.0,2246.6757679180887,2244.085324232082,2248.580638770052,1997.2819497883768,0.1258203374883059,0.0045414557983072,False,False,,
126,0.5100984000000001,658221.0,2246.4880546075087,2244.085324232082,2248.6173662115343,1997.2819497883768,0.1258387261997677,0.0879066217661481,False,False,,
127,0.5141468000000001,657250.0,2243.174061433447,2245.433447098976,2250.0022288345185,1997.2819497883768,0.1265320998234221,0.0879081450139356,False,False,,
128,0.5181952000000001,657308.0,2243.3720136518773,2245.433447098976,2250.0389809093435,1997.2819497883768,0.1265505008683166,-0.0788176176887631,False,False,,
129,0.5222436,658182.0,2246.354948805461,2244.085324232082,2248.7276224401407,1997.2819497883768,0.1258939293365197,-0.0450485417309654,False,False,,
130,0.5262920000000001,652025.0,2225.3412969283277,2244.6313993174062,2249.3104742501546,1997.2819497883768,0.1261857518356293,0.0045490745918215,False,False,,
131,0.5303404,660165.0,2253.122866894198,2244.085324232082,2248.801188220651,1997.2819497883768,0.1259307622836747,-0.0733258161976575,False,False,,
132,0.5343888000000001,657958.0,2245.590443686007,2243.3720136518773,2248.1246790315327,1997.2819497883768,0.1255920473670401,-0.0395567387060999,False,False,,
133,0.5384372000000001,653643.0,2230.863481228669,2243.3720136518773,2248.161492762021,1997.2819497883768,0.1256104792817192,0.0045536520016042,False,False,,
134,0.5424856000000001,657912.0,2245.433447098976,2243.3720136518773,2248.1983188360487,1997.2819497883768,0.1256289173765667,0.0824315949093996,False,False,,
135,0.5465340000000001,657045.0,2242.4744027303755,2244.6313993174062,2249.494542923283,1997.2819497883768,0.1262779114193816,0.0824331222478793,False,False,,
136,0.5505824000000001,656354.0,2240.116040955631,2244.6313993174062,2249.531393696806,1997.2819497883768,0.1262963618807833,0.0045582340172725,False,False,,
137,0.5546308000000001,657677.0,2244.6313993174062,2244.6313993174062,2249.568256826289,1997.2819497883768,0.1263148185285726,0.0045597623801967,False,False,,
138,0.5586792,653826.0,2231.4880546075087,2244.6313993174062,2249.6051323158745,1997.2819497883768,0.1263332813648233,-0.077536068786749,False,False,,
139,0.5627276000000001,657288.0,2243.3037542662114,2243.3037542662114,2248.314375118512,1997.2819497883768,0.1256870244868201,-0.1045485807494213,False,False,,
140,0.5667760000000001,658925.0,2248.890784982935,2242.866894197952,2247.9144152724775,1997.2819497883768,0.1254867724162114,-0.0224496908063613,False,False,,
141,0.5708244000000001,657867.0,2245.279863481229,2242.866894197952,2247.9513278672416,1997.2819497883768,0.1255052538302991,0.0041437865619755,False,False,,
142,0.5748728000000001,657766.0,2244.9351535836176,2242.8600682593856,2247.9814269001276,1997.2819497883768,0.1255203238272464,0.0041453174888932,False,False,,
143,0.5789212000000001,656685.0,2241.2457337883957,2242.8600682593856,2248.018364252418,1997.2819497883768,0.1255388176369432,0.0045689433251965,False,False,,
144,0.5829696000000001,658886.0,2248.7576791808874,2242.8600682593856,2248.0553139896974,1997.2819497883768,0.1255573176475618,-0.0952548493997778,False,False,,
145,0.587018,655565.0,2237.4232081911264,2241.2457337883957,2246.477941645129,1997.2819497883768,0.1247675581723231,-0.0952533169324105,False,False,,
146,0.5910664000000001,657158.0,2242.8600682593856,2241.2457337883957,2246.514916164846,1997.2819497883768,0.1247860705910235,-0.2317993210909179,False,False,,
147,0.5951148,657160.0,2242.866894197952,2237.4232081911264,2242.7293774847453,1997.2819497883768,0.1228907254293142,-0.6308880391123086,False,False,,
148,0.5991632000000001,653075.0,2228.924914675768,2230.9692832764504,2236.312451888846,1997.2819497883768,0.1196778963159389,-0.4871633632294276,False,False,,
149,0.6032116000000001,652697.0,2227.6348122866893,2229.4709897610924,2234.851170098031,1997.2819497883768,0.1189462611099181,-0.0880715771891154,False,False,,
150,0.6072600000000001,653674.0,2230.9692832764504,2229.4709897610924,2234.8881942325,1997.2819497883768,0.1189647983697541,-0.0291878738943225,False,False,,
151,0.6113084000000001,651109.0,2222.2150170648465,2228.924914675768,2234.379155695732,1997.2819497883768,0.1187099327325705,-0.108962179205104,False,False,,
152,0.6153568,651909.0,2224.9453924914674,2227.6348122866893,2233.126102273459,1997.2819497883768,0.1180825533971662,-0.2414982835140566,False,False,,
153,0.6194052000000001,653235.0,2229.4709897610924,2224.9453924914674,2230.4737438674556,1997.2819497883768,0.1167545694306139,-0.2980573960091472,False,False,,
154,0.6234536,651263.0,2222.740614334471,2222.740614334471,2228.3060395262564,1997.2819497883768,0.1156692422731593,-0.1642519353460052,False,False,,
155,0.6275020000000001,649412.0,2216.4232081911264,2222.2150170648465,2227.8175285031743,1997.2819497883768,0.1154246543605044,-0.0751884801545834,False,False,,
156,0.6315504000000001,650885.0,2221.4505119453925,2221.4505119453925,2227.0901220651754,1997.2819497883768,0.1150604561870437,-0.1526412637107199,False,False,,
157,0.6355988000000001,653471.0,2230.2764505119453,2219.6723549488056,2225.349076189126,1997.2819497883768,0.1141887485764915,-0.1918945039036685,False,False,,
158,0.6396472000000001,650364.0,2219.6723549488056,2218.273037542662,2223.9868823467737,1997.2819497883768,0.1135067247678365,-0.1963249559021704,False,False,,
159,0.6436956000000001,649954.0,2218.273037542662,2216.4232081911264,2222.1741890064536,1997.2819497883768,0.1125991446735428,-0.2689236523553884,False,False,,
160,0.6477440000000001,644746.0,2200.4982935153585,2213.849829351536,2219.6379586296785,1997.2819497883768,0.1113293037394454,-0.5008629828217153,False,False,,
161,0.6517924,647017.0,2208.2491467576792,2208.2491467576792,2214.074436954411,1997.2819497883768,0.1085437572742319,-0.3440533739596052,False,False,,
162,0.6558408000000001,647006.0,2208.211604095563,2208.211604095563,2214.074067670834,1997.2819497883768,0.1085435723811693,-0.0696904752658227,False,False,,
163,0.6598892000000001,648658.0,2213.849829351536,2207.047781569966,2212.9474309879047,1997.2819497883768,0.1079794874340996,-0.4723669874065503,False,False,,
164,0.6639376000000001,644660.0,2200.204778156997,2200.4982935153585,2206.435141244272,1997.2819497883768,0.1047189113575359,-0.4185484096435647,False,False,,
165,0.6679860000000001,644381.0,2199.2525597269623,2200.204778156997,2206.178836669373,1997.2819497883768,0.1045905846708975,-0.0724294620612813,False,False,,
166,0.6720344000000001,646665.0,2207.047781569966,2199.2525597269623,2205.2638414994713,1997.2819497883768,0.1041324644891181,-0.5291340553520243,False,False,,
167,0.6760828000000001,640953.0,2187.5529010238906,2191.5733788395905,2197.6218963530855,1997.2819497883768,0.1003062920515233,-0.6481631312418674,False,False,,
168,0.6801312000000002,640742.0,2186.8327645051195,2188.6962457337886,2194.782011473307,1997.2819497883768,0.098884417248079,-0.2440062026428382,False,False,,
169,0.6841796000000001,642131.0,2191.5733788395905,2187.5529010238906,2193.6759274786577,1997.2819497883768,0.0983306226299648,-0.1106228286268518,False,False,,
170,0.6882280000000001,641288.0,2188.6962457337886,2186.8327645051195,2192.993064168547,1997.2819497883768,0.0979887263292531,-0.1334143806515246,False,False,,
171,0.6922764000000001,639843.0,2183.764505119454,2185.320819112628,2191.518404482316,1997.2819497883768,0.0972503930727055,-0.1851193982911478,False,False,,
172,0.6963248000000001,640299.0,2185.320819112628,2183.764505119454,2189.9993886971947,1997.2819497883768,0.0964898515851693,-0.6825560976985408,False,False,,
173,0.7003732000000001,637043.0,2174.20819112628,2174.20819112628,2180.480385418056,1997.2819497883768,0.0917238728608598,-0.8648993298956658,False,False,,
174,0.7044216000000001,635723.0,2169.703071672355,2169.703071672355,2176.012589188342,1997.2819497883768,0.08948693469087,-0.4499789910865015,False,False,,
175,0.7084700000000002,634234.0,2164.6211604095565,2166.8566552901025,2173.203508544673,1997.2819497883768,0.0880804829658307,-0.3096310564243207,False,False,,
176,0.7125184000000001,631855.0,2156.5017064846415,2164.6211604095565,2171.0053619212763,1997.2819497883768,0.0869799139532136,-0.4170525317563278,False,False,,
177,0.7165668000000001,634889.0,2166.8566552901025,2160.0375426621163,2166.4591049537503,1997.2819497883768,0.0847036920267061,-0.3716758351794098,False,False,,
178,0.7206152000000001,632451.0,2158.5358361774743,2158.5358361774743,2164.9947717759856,1997.2819497883768,0.083970529050933,-0.2140220287193663,False,False,,
179,0.7246636000000001,632891.0,2160.0375426621163,2156.5017064846415,2162.9980279211936,1997.2819497883768,0.0829707984645711,-0.2781788268925407,False,False,,
180,0.7287120000000001,628464.0,2144.928327645051,2153.9624573378837,2160.496177147842,1997.2819497883768,0.0817181707253494,-0.2756447099615329,False,False,,
181,0.7327604000000001,631111.0,2153.9624573378837,2151.9692832764504,2158.540413999383,1997.2819497883768,0.0807389583769545,-0.5540144131180345,False,False,,
182,0.7368088000000002,630527.0,2151.9692832764504,2144.928327645051,2151.5368818247307,1997.2819497883768,0.0772324268252153,-0.6002321978970908,False,False,,
183,0.7408572000000001,626163.0,2137.075085324232,2142.1877133105804,2148.833703494986,1997.2819497883768,0.0758789983170213,-0.1897438455711277,False,False,,
184,0.7449056000000001,627661.0,2142.1877133105804,2141.7849829351535,2148.4684216764704,1997.2819497883768,0.075696108856395,-0.2887234288225855,False,False,,
185,0.7489540000000001,622906.0,2125.9590443686006,2137.443686006826,2144.1645858614493,1997.2819497883768,0.0735412624585305,-0.2819683653292859,False,False,,
186,0.7530024000000001,627543.0,2141.7849829351535,2137.150170648464,2143.9085441769985,1997.2819497883768,0.0734130673959967,-0.0181578140877558,False,False,,
187,0.7570508000000001,626185.0,2137.150170648464,2137.075085324232,2143.870945091494,1997.2819497883768,0.0733942422694248,-0.054456377955427,False,False,,
188,0.7610992000000001,625905.0,2136.1945392491466,2136.1945392491466,2143.027897824165,1997.2819497883768,0.0729721449949672,-0.6356788066726065,False,False,,
189,0.7651476000000001,626271.0,2137.443686006826,2126.720136518771,2133.5910064747895,1997.2819497883768,0.0682472781075579,-0.6282905995010069,False,False,,
190,0.7691960000000001,621738.0,2121.972696245734,2125.9590443686006,2132.867438283079,1997.2819497883768,0.0678850016689274,-0.1523776121322377,False,False,,
191,0.7732444000000002,622310.0,2123.924914675768,2124.180887372014,2131.126817826628,1997.2819497883768,0.0670135070576456,-0.1211410705377229,False,False,,
192,0.7772928000000001,617194.0,2106.4641638225257,2123.924914675768,2130.908394256414,1997.2819497883768,0.0669041466489975,-0.131902920833749,False,False,,
193,0.7813412000000001,623129.0,2126.720136518771,2121.972696245734,2128.993737542526,1997.2819497883768,0.0659455154882389,-0.6236413349685854,False,False,,
194,0.7853896000000001,622385.0,2124.180887372014,2113.764505119454,2120.8231207267295,1997.2819497883768,0.0618546474880238,-0.6622614143633037,False,False,,
195,0.7894380000000001,617938.0,2109.003412969283,2111.1877133105804,2118.2839158268985,1997.2819497883768,0.0605833172684221,-0.2897615514301499,False,False,,
196,0.7934864000000001,617801.0,2108.5358361774743,2109.003412969283,2116.1372149974277,1997.2819497883768,0.0595085061584041,-0.1593328241402671,False,False,,
197,0.7975348000000001,617604.0,2107.863481228669,2108.5358361774743,2115.7072503244544,1997.2819497883768,0.0592932312579231,-0.0658373559867726,False,False,,
198,0.8015832000000002,619333.0,2113.764505119454,2107.863481228669,2115.0725201057217,1997.2819497883768,0.0589754342544504,-0.1234516811157648,False,False,,
199,0.8056316000000001,616984.0,2105.7474402730377,2106.4641638225257,2113.7108400451157,1997.2819497883768,0.058293667686265,-0.1261937342282069,False,False,,
200,0.8096800000000002,612669.0,2091.0204778156995,2105.7474402730377,2113.0317664608597,1997.2819497883768,0.0579536688271515,-0.9269052426525768,False,False,,
201,0.8137284000000001,612780.0,2091.3993174061434,2091.3993174061434,2098.721306183124,1997.2819497883768,0.0507887013175558,-0.9060100085365336,False,False,,
202,0.8177768000000001,618578.0,2111.1877133105804,2091.0204778156995,2098.3801418099974,1997.2819497883768,0.050617886990033,-0.3273170294450542,False,False,,
203,0.8218252000000001,607883.0,2074.6860068259384,2086.0307167235496,2093.4280685675585,1997.2819497883768,0.048138480793545,-0.3490533282882273,False,False,,
204,0.8258736000000001,610993.0,2085.3003412969283,2085.3003412969283,2092.7353936272766,1997.2819497883768,0.0477916720015488,-0.1772593459937015,False,False,,
205,0.8299220000000002,608261.0,2075.976109215017,2083.0887372013653,2090.561502658919,1997.2819497883768,0.0467032473209032,-0.4915070602891243,False,False,,
206,0.8339704000000001,611207.0,2086.0307167235496,2077.2764505119453,2084.7869417418087,1997.2819497883768,0.0438120376357999,-0.4351558942807125,False,False,,
207,0.8380188000000002,610345.0,2083.0887372013653,2075.976109215017,2083.5243388665344,1997.2819497883768,0.0431798770760912,-0.1555167922086626,False,False,,
208,0.8420672000000001,607634.0,2073.8361774744026,2074.6860068259384,2082.2719875526955,1997.2819497883768,0.0425528492726448,-0.1276569968882324,False,False,,
209,0.8461156000000001,605795.0,2067.5597269624573,2073.8361774744026,2081.459921934227,1997.2819497883768,0.0421462639036865,-0.4260761692315924,False,False,,
210,0.8501640000000001,608642.0,2077.2764505119453,2067.720136518771,2075.381657373736,1997.2819497883768,0.0391029957456103,-0.3834430689977175,False,False,,
211,0.8542124000000001,604608.0,2063.508532423208,2067.5597269624573,2075.2590368788797,1997.2819497883768,0.0390416020626257,-0.0274048791312839,False,False,,
212,0.8582608000000002,605048.0,2065.0102389078497,2067.2013651877132,2074.9384768361583,1997.2819497883768,0.0388811039202601,-0.1529763946945053,False,False,,
213,0.8623092000000001,602329.0,2055.7303754266213,2065.0102389078497,2072.7851649631307,1997.2819497883768,0.0378029827900633,-0.2236756382386406,False,False,,
214,0.8663576000000002,605690.0,2067.2013651877132,2063.508532423208,2071.3212855643883,1997.2819497883768,0.0370700470125695,-0.0968347038803001,False,False,,
215,0.8704060000000001,604567.0,2063.3686006825938,2063.3686006825938,2071.2191935929873,1997.2819497883768,0.0370189315596852,-0.4762959971232021,False,False,,
216,0.8744544000000001,605842.0,2067.720136518771,2055.7303754266213,2063.6188207937953,1997.2819497883768,0.0332135735830624,-0.5609243541612443,False,False,,
217,0.8785028000000001,601887.0,2054.221843003413,2054.221843003413,2062.1481535191883,1997.2819497883768,0.0324772392489126,-0.1945448484356364,False,False,,
218,0.8825512000000001,600932.0,2050.9624573378837,2052.508532423208,2060.4727207836618,1997.2819497883768,0.0316383828542488,-0.1968647971807384,False,False,,
219,0.8865996000000002,598942.0,2044.170648464164,2050.9624573378837,2058.964536243349,1997.2819497883768,0.0308832643590996,-0.510901456922288,False,False,,
220,0.8906480000000001,601385.0,2052.508532423208,2044.170648464164,2052.2106306192327,1997.2819497883768,0.0275017159378404,-0.4433647820587962,False,False,,
221,0.8946964000000002,598287.0,2041.9351535836176,2043.716723549488,2051.7946216630125,1997.2819497883768,0.027293428391726,-0.1335459233045517,False,False,,
222,0.8987448000000001,596756.0,2036.7098976109216,2041.9351535836176,2050.050980368711,1997.2819497883768,0.0264204213060282,-0.2097323892605689,False,False,,
223,0.9027932000000002,593136.0,2024.3549488054607,2040.2491467576792,2048.402914931717,1997.2819497883768,0.025595267182361,-0.3184201231893944,False,False,,
224,0.9068416,598809.0,2043.716723549488,2036.7098976109216,2044.9016198955433,1997.2819497883768,0.0238422372525883,-0.3251720599315795,False,False,,
225,0.91089,597793.0,2040.2491467576792,2034.9146757679184,2043.1443648890297,1997.2819497883768,0.022962414047507,-0.7592945722016635,False,False,,
226,0.9149384000000002,591893.0,2020.112627986348,2024.3549488054607,2032.6226174932344,1997.2819497883768,0.0176943809603857,-0.6725525991513237,False,False,,
227,0.9189868,596230.0,2034.9146757679184,2023.962457337884,2032.26811832676,1997.2819497883768,0.0175168901626984,-0.16983659821225,False,False,,
228,0.9230352000000002,591730.0,2019.5563139931744,2021.5324232081912,2029.87608923688,1997.2819497883768,0.0163192479919808,-0.2333602291188736,False,False,,
229,0.9270836,593021.0,2023.962457337884,2020.112627986348,2028.494311797832,1997.2819497883768,0.0156274190595687,-0.1174937411528735,False,False,,
230,0.9311320000000002,591343.0,2018.2354948805464,2019.5563139931744,2027.9760283347073,1997.2819497883768,0.0153679246686142,-0.1113717956454671,False,False,,
231,0.9351804,592309.0,2021.5324232081912,2018.2354948805464,2026.6932525036575,1997.2819497883768,0.0147256639045865,-0.3692698943726169,False,False,,
232,0.9392288000000002,588544.0,2008.682593856655,2013.508532423208,2022.0043460837016,1997.2819497883768,0.0123780201878579,-0.449677299009052,False,False,,
233,0.9432772,589190.0,2010.887372013652,2010.887372013652,2019.4212544716088,1997.2819497883768,0.01108471674997,-0.2086598204830188,False,False,,
234,0.9473256,585252.0,1997.4470989761091,2010.0580204778155,2018.6299844975952,1997.2819497883768,0.010688543353371,-0.1316260143143051,False,False,,
235,0.9513740000000002,589958.0,2013.508532423208,2008.682593856655,2017.292652206897,1997.2819497883768,0.0100189672372699,-0.1871298479929612,False,False,,
236,0.9554224,588947.0,2010.0580204778155,2006.955631399317,2015.6037968529415,1997.2819497883768,0.0091733904001416,-0.3519561297330167,False,False,,
237,0.9594708000000002,585183.0,1997.2116040955632,2002.9146757679184,2011.6009611021288,1997.2819497883768,0.0071692488460476,-0.4821706704627502,False,False,,
238,0.9635192,585241.0,1997.409556313993,1999.0819112627987,2007.8063292590832,1997.2819497883768,0.0052693509155388,-0.3333808148376815,False,False,,
239,0.9675676000000002,580962.0,1982.8054607508532,1997.4470989761091,2006.2096624202409,1997.2819497883768,0.0044699310644699,-0.098694749075293,False,False,,
240,0.971616,585731.0,1999.0819112627987,1997.409556313993,2006.2102779960312,1997.2819497883768,0.004470239271226,-0.0098422966366128,False,False,,
241,0.9756644,586854.0,2002.9146757679184,1997.2116040955632,2006.0504968098571,1997.2819497883768,0.0043902399570625,-0.3154370568269053,False,False,,
242,0.9797128000000002,588038.0,2006.955631399317,1992.2320819112629,2001.1091584564515,1997.2819497883768,0.0019162085095098,-0.5925404447495557,False,False,,
243,0.9837612,582353.0,1987.5529010238909,1987.5529010238909,1996.468174202904,1997.2819497883768,-0.0004074415159856,-0.3601758960435409,False,False,,
244,0.9878096000000002,579112.0,1976.491467576792,1986.3310580204777,1995.284540640538,1997.2819497883768,-0.0010000636855754,-0.2888403589202966,False,False,,
245,0.991858,583724.0,1992.2320819112629,1982.8054607508532,1991.7971656234777,1997.2819497883768,-0.0027461241340914,-0.5501152053960502,False,False,,
246,0.9959064000000002,579366.0,1977.358361774744,1977.358361774744,1986.3883017157443,1997.2819497883768,-0.0054542364806262,-0.3857078528692921,False,False,,
247,0.9999548,581995.0,1986.3310580204777,1976.491467576792,1985.5596554062784,1997.2819497883768,-0.0058691234772036,-0.3006542462786015,False,False,,
248,1.0040032,577262.0,1970.1774744027305,1972.419795221843,1981.5262437642243,1997.2819497883768,-0.0078885737818947,-0.3213352853803367,False,False,,
249,1.0080516000000002,573536.0,1957.4607508532424,1971.2184300341296,1980.3631521181137,1997.2819497883768,-0.008470911015871,-0.1339237866707401,False,False,,
250,1.0121000000000002,577919.0,1972.419795221843,1970.1774744027305,1979.3604828613272,1997.2819497883768,-0.0089729278978104,-0.3071919489002477,False,False,,
251,1.0161484,577567.0,1971.2184300341296,1966.1740614334472,1975.3953691039687,1997.2819497883768,-0.0109581827877265,-0.5490504499644424,False,False,,
252,1.0201968,574197.0,1959.716723549488,1961.221843003413,1970.4814627274768,1997.2819497883768,-0.0134184795810824,-0.3945623125542632,False,False,,
253,1.0242452000000002,576089.0,1966.1740614334472,1959.716723549488,1969.014668173016,1997.2819497883768,-0.0141528749200159,-0.1674739384815886,False,False,,
254,1.0282936000000005,574638.0,1961.221843003413,1958.4368600682592,1967.7731424414817,1997.2819497883768,-0.0147744825661802,-0.1347600332821541,False,False,,
255,1.032342,570683.0,1947.7235494880547,1957.4607508532424,1966.8353838306973,1997.2819497883768,-0.0152439999574948,-0.2789036795174531,False,False,,
256,1.0363904000000002,573822.0,1958.4368600682592,1953.849829351536,1963.262825792072,1997.2819497883768,-0.0170327098784972,-0.3633209681708422,False,False,,
257,1.0404388000000002,570596.0,1947.4266211604097,1951.508532423208,1960.959905189986,1997.2819497883768,-0.0181857371725805,-0.3740827841707337,False,False,,
258,1.0444872,572478.0,1953.849829351536,1947.7235494880547,1957.2133114485468,1997.2819497883768,-0.0200615833653707,-0.2476639209032747,False,False,,
259,1.0485356,571792.0,1951.508532423208,1947.4266211604097,1956.9547851864036,1997.2819497883768,-0.02019102240735,-0.1229334346865402,False,False,,
260,1.0525840000000002,569868.0,1944.9419795221845,1945.6587030716723,1955.2252820392712,1997.2819497883768,-0.0210569507993407,-0.1488906473451505,False,False,,
261,1.0566324000000002,568532.0,1940.382252559727,1944.9419795221845,1954.5469863118096,1997.2819497883768,-0.0213965602007743,-0.1547983756547988,False,False,,
262,1.0606808,570078.0,1945.6587030716723,1943.0784982935152,1952.7219457899064,1997.2819497883768,-0.0223103222873424,-0.1509979323198647,False,False,,
263,1.0647292000000002,569130.0,1942.4232081911264,1942.4232081911264,1952.1051092833425,1997.2819497883768,-0.0226191602591817,-0.1619707923141873,False,False,,
264,1.0687776000000002,568329.0,1939.6894197952215,1940.382252559727,1950.1026201411491,1997.2819497883768,-0.0236217673985519,-0.1642907166538254,False,False,,
265,1.072826,569322.0,1943.0784982935152,1939.6894197952215,1949.4482667635543,1997.2819497883768,-0.0239493893337844,-0.1649222628742359,False,False,,
266,1.0768744,567728.0,1937.6382252559729,1937.6382252559729,1947.4355645132457,1997.2819497883768,-0.0249571099765921,-0.2100847673487358,False,False,,
267,1.0809228000000002,567311.0,1936.2150170648465,1936.2150170648465,1946.0508615174144,1997.2819497883768,-0.0256504036780537,-0.2472274777622143,False,False,,
268,1.0849712000000002,564931.0,1928.0921501706484,1933.5631399317408,1943.437502490286,1997.2819497883768,-0.0269588614185372,-0.1680831815136279,False,False,,
269,1.0890196,562879.0,1921.0887372013651,1933.419795221843,1943.3326888013771,1997.2819497883768,-0.0270113395821333,-0.0167607429957681,False,False,,
270,1.0930680000000002,566492.0,1933.419795221843,1933.2150170648465,1943.1664545847111,1997.2819497883768,-0.0270945698024253,-0.0959018442152035,False,False,,
271,1.0971164000000002,566534.0,1933.5631399317408,1931.79180887372,1941.7818032575892,1997.2819497883768,-0.027787837634375,-0.3120125764346402,False,False,,
272,1.1011648000000005,563490.0,1923.1740614334472,1928.0921501706484,1938.1207143465283,1997.2819497883768,-0.0296208732313014,-0.2240042957249577,False,False,,
273,1.1052132,566432.0,1933.2150170648465,1928.0921501706484,1938.1592970708812,1997.2819497883768,-0.0296015556160009,0.0047724666216799,False,False,,
274,1.1092616000000002,560191.0,1911.9146757679184,1928.0921501706484,1938.1978927319117,1997.2819497883768,-0.029582231523559,0.0047740668161653,False,False,,
275,1.1133100000000002,562897.0,1921.150170648464,1928.0921501706484,1938.2365013339572,1997.2819497883768,-0.0295629009518037,0.2335508302357509,False,False,,
276,1.1173584,558938.0,1907.6382252559729,1931.79180887372,1941.9747815844296,1997.2819497883768,-0.0276912171613062,0.3215591130912454,False,False,,
277,1.1214068,559989.0,1911.225255972696,1933.2150170648465,1943.436624272651,1997.2819497883768,-0.0269593011249266,0.0927855522073519,False,False,,
278,1.1254552000000002,566015.0,1931.79180887372,1933.2150170648465,1943.4752717237832,1997.2819497883768,-0.0269399511021937,0.0047804729613432,False,False,,
279,1.1295036000000005,561958.0,1917.9453924914676,1933.2150170648465,1943.5139321332963,1997.2819497883768,-0.0269205945914532,0.784812519841084,False,False,,
280,1.133552,570128.0,1945.829351535836,1945.829351535836,1956.166939976524,1997.2819497883768,-0.0205854810915449,0.9568175896700156,False,False,,
281,1.1376004000000002,570943.0,1948.6109215017063,1948.6109215017063,1958.9871962817044,1997.2819497883768,-0.0191734339314134,0.5746127179515998,True,False,281.0,2.0
282,1.1416488000000002,572828.0,1955.044368600683,1955.044368600683,1965.45934269141,1997.2819497883768,-0.0159329568368343,1.004095370479563,False,False,,
283,1.1456972,575678.0,1964.7713310580205,1964.7713310580205,1975.225017435246,1997.2819497883768,-0.0110434745357147,0.6632557506552206,False,False,,
284,1.1497456,576550.0,1967.7474402730377,1965.692832764505,1976.1852444083488,1997.2819497883768,-0.0105627076749294,0.188823255001957,False,False,,
285,1.1537940000000002,575948.0,1965.692832764505,1967.7474402730377,1978.2785901679704,1997.2819497883768,-0.0095146104046148,1.1142668245669165,False,False,,
286,1.1578424000000005,581205.0,1983.634812286689,1983.634812286689,1994.2047134215377,1997.2819497883768,-0.0015407120497759,1.804392768842341,False,False,,
287,1.1618908,585099.0,1996.924914675768,1996.849829351536,2007.45849471948,1997.2819497883768,0.0050951969661477,0.8266127074503786,False,False,,
288,1.1659392000000002,585170.0,1997.1672354948803,1996.924914675768,2007.572357274345,1997.2819497883768,0.0051522057199078,0.0244239153765621,False,False,,
289,1.1699876000000002,585077.0,1996.849829351536,1997.1672354948803,2007.8534683259857,1997.2819497883768,0.0052929525241686,0.9690727821195336,False,False,,
290,1.174036,592611.0,2022.5631399317408,2012.518771331058,2023.2438074009456,1997.2819497883768,0.0129985942221728,1.214100187858827,False,False,,
291,1.1780844,590900.0,2016.7235494880547,2016.7235494880547,2027.4874018073408,1997.2819497883768,0.0151232789252235,0.5412833298087185,False,False,,
292,1.1821328000000002,589668.0,2012.518771331058,2021.1945392491468,2031.9972208328093,1997.2819497883768,0.0173812570869681,0.3659047181071766,False,False,,
293,1.1861812000000005,592210.0,2021.1945392491468,2022.5631399317408,2033.4046637991212,1997.2819497883768,0.0180859362467938,0.6700253409199508,False,False,,
294,1.1902296,602930.0,2057.7815699658704,2031.9522184300345,2042.8325976048409,1997.2819497883768,0.0228063182673284,1.1106935014123365,False,False,,
295,1.1942780000000002,595362.0,2031.9522184300345,2040.4470989761091,2051.366346486415,1997.2819497883768,0.027078999389029,1.3145667062303603,False,False,,
296,1.1983264000000002,601568.0,2053.133105802048,2053.133105802048,2064.0912346802957,1997.2819497883768,0.0334501019743346,0.9338391729843654,False,False,,
297,1.2023748,597851.0,2040.4470989761091,2055.4709897610924,2066.4680130440943,1997.2819497883768,0.034640108404849,0.2506810054701303,False,False,,
298,1.2064232,602253.0,2055.4709897610924,2057.109215017065,2068.1451457460043,1997.2819497883768,0.0354798159394251,0.1476915859419296,False,False,,
299,1.2104716000000002,602733.0,2057.109215017065,2057.7815699658704,2068.8564211863036,1997.2819497883768,0.0358359376379037,0.6316244247375735,False,False,,
300,1.2145200000000005,605703.0,2067.2457337883957,2067.2457337883957,2078.359518550252,1997.2819497883768,0.0405939525816404,1.1451038718016546,False,False,,
301,1.2185684,608333.0,2076.221843003413,2076.221843003413,2087.3745743609993,1997.2819497883768,0.0451076146671072,0.8103846304353883,False,False,,
302,1.2226168000000002,609520.0,2080.273037542662,2080.273037542662,2091.4647285546603,1997.2819497883768,0.0471554748573494,0.7297662160651921,False,False,,
303,1.2266652000000002,612705.0,2091.1433447098975,2087.9453924914674,2099.176056220939,1997.2819497883768,0.051016385765344,0.6770060323796265,False,False,,
304,1.2307136,614364.0,2096.8054607508534,2091.1433447098975,2102.412994224284,1997.2819497883768,0.0526370573003208,0.3211820728329542,False,False,,
305,1.234762,613267.0,2093.061433447099,2093.061433447099,2104.370081818223,1997.2819497883768,0.0536169327726578,0.3549512414324729,False,False,,
306,1.2388104000000002,615838.0,2101.8361774744026,2096.8054607508534,2108.153121054921,1997.2819497883768,0.0555110265119513,0.5474279035093126,False,False,,
307,1.2428588000000005,617708.0,2108.2184300341296,2101.8361774744026,2113.2228627920035,1997.2819497883768,0.058049347021792,0.624250701595936,False,False,,
308,1.2469072,611768.0,2087.9453924914674,2106.8225255972698,2118.24824901338,1997.2819497883768,0.0605654595926332,0.3994870542085929,False,False,,
309,1.2509556000000002,617299.0,2106.8225255972698,2108.2184300341296,2119.6832046381132,1997.2819497883768,0.061283913802308,0.507333791494073,False,False,,
310,1.2550040000000002,619680.0,2114.948805460751,2114.948805460751,2126.45264434636,1997.2819497883768,0.0646732398356025,0.6639324320724924,False,False,,
311,1.2590524000000003,621557.0,2121.354948805461,2118.877133105802,2130.420049371179,1997.2819497883768,0.0666596419183127,0.4009692434662968,False,False,,
312,1.2631008,621561.0,2121.3686006825938,2121.354948805461,2132.9369555531403,1997.2819497883768,0.0679198076061004,0.1588997280104962,False,False,,
313,1.2671492000000002,620831.0,2118.877133105802,2121.3686006825938,2132.989711019503,1997.2819497883768,0.067946221236068,0.3385025148062706,False,False,,
314,1.2711976000000005,623138.0,2126.7508532423208,2126.7508532423208,2138.411080279782,1997.2819497883768,0.0706605947679839,0.3606640923988156,False,False,,
315,1.275246,624629.0,2131.839590443686,2127.122866894198,2138.82222374793,1997.2819497883768,0.0708664462594028,0.3195115111194493,False,False,,
316,1.2792944000000002,623247.0,2127.122866894198,2131.839590443686,2143.578090233804,1997.2819497883768,0.0732476155712159,0.5791011876083321,False,False,,
317,1.2833428000000002,628469.0,2144.9453924914674,2136.409556313993,2148.187212165013,1997.2819497883768,0.07555531275523,0.8152646256576421,False,False,,
318,1.2873912000000003,629560.0,2148.668941979522,2144.9453924914674,2156.7622175323054,1997.2819497883768,0.0798486501922408,0.7629265445139968,False,False,,
319,1.2914396,632681.0,2159.320819112628,2148.668941979522,2160.524949343496,1997.2819497883768,0.081732576400851,0.5620112364861409,False,False,,
320,1.2954880000000002,625968.0,2136.409556313993,2153.9556313993176,2165.8508342241485,1997.2819497883768,0.0843991427718218,0.3319714156717843,False,False,,
321,1.2995364000000005,631110.0,2153.9590443686006,2153.9590443686006,2165.893455796416,1997.2819497883768,0.0844204825592623,0.3366160796362845,False,False,,
322,1.3035848,636863.0,2173.59385665529,2159.320819112628,2171.2944522899597,1997.2819497883768,0.0871246558454207,0.4225139153959141,False,False,,
323,1.3076332000000002,633089.0,2160.713310580205,2160.713310580205,2172.7261786579948,1997.2819497883768,0.0878414932294399,0.1758013675706191,False,False,,
324,1.3116816000000002,631109.0,2153.9556313993176,2162.085324232082,2174.1374403656805,1997.2819497883768,0.0885480843583665,0.3009539832586139,False,False,,
325,1.3157300000000005,636086.0,2170.9419795221843,2165.5017064846415,2177.5930838338104,1997.2819497883768,0.0902782574410882,0.3066538853947147,False,False,,
326,1.3197784,639949.0,2184.126279863481,2166.9658703071673,2179.09652203608,1997.2819497883768,0.0910309995376304,0.3412672542097592,False,False,,
327,1.3238268000000002,634492.0,2165.5017064846415,2170.9419795221843,2183.111918799429,1997.2819497883768,0.0930414301449739,0.4147133080123701,False,False,,
328,1.3278752000000005,633491.0,2162.085324232082,2173.59385665529,2185.80309665387,1997.2819497883768,0.094388850249945,0.236169007886879,False,False,,
329,1.3319236,634921.0,2166.9658703071673,2174.6825938566553,2186.9311477539904,1997.2819497883768,0.0949536433680324,0.263184679210541,False,False,,
330,1.3359720000000002,642445.0,2192.645051194539,2177.7713310580207,2190.0592120359497,1997.2819497883768,0.096519803960577,0.3944576669184449,False,False,,
331,1.3400204000000002,638087.0,2177.7713310580207,2180.9829351535836,2193.3101563983646,1997.2819497883768,0.0981474882055377,0.3978360531534388,False,False,,
332,1.3440688000000005,639028.0,2180.9829351535836,2184.126279863481,2196.4928545657936,1997.2819497883768,0.0997410029157498,0.2956908409093266,False,False,,
333,1.3481172,641198.0,2188.3890784982937,2185.6860068259384,2198.091948180885,1997.2819497883768,0.1005416378062123,0.2684673845208092,False,False,,
334,1.3521656000000002,637182.0,2174.6825938566553,2188.3890784982937,2200.834399705401,1997.2819497883768,0.1019147296347379,0.4351963036893895,False,False,,
335,1.3562140000000005,643538.0,2196.3754266211604,2192.645051194539,2205.1297654577597,1997.2819497883768,0.1040653352379246,0.315323128450613,False,False,,
336,1.3602624000000003,642669.0,2193.409556313993,2193.409556313993,2205.9336768417065,1997.2819497883768,0.1044678379411769,0.2355489213894337,False,False,,
337,1.3643108000000002,640406.0,2185.6860068259384,2196.3754266211604,2208.938966626175,1997.2819497883768,0.1059725277446305,0.3073066030774711,False,False,,
338,1.3683592000000002,644896.0,2201.0102389078497,2198.3003412969283,2210.903313996483,1997.2819497883768,0.1069560380449745,0.2914796981218455,False,False,,
339,1.3724076000000005,644102.0,2198.3003412969283,2201.0102389078497,2213.652657523615,1997.2819497883768,0.1083325805643835,0.18637982893833,False,False,,
340,1.376456,648634.0,2213.767918088737,2201.235494880546,2213.917372638625,1997.2819497883768,0.1084651182439224,0.0527885885661749,False,False,,
341,1.3805044000000002,644962.0,2201.235494880546,2201.7849829351535,2214.5063330660846,1997.2819497883768,0.1087599992082861,0.1589469657297915,False,False,,
342,1.3845528000000002,648850.0,2214.505119453925,2203.726962457338,2216.4877981960954,1997.2819497883768,0.1097520800360434,0.39912031420522,False,False,,
343,1.3886012000000003,645123.0,2201.7849829351535,2208.160409556314,2220.96074414231,1997.2819497883768,0.111991596568343,0.2790360961545772,False,False,,
344,1.3926496000000002,645692.0,2203.726962457338,2208.160409556314,2221.0002562334,1997.2819497883768,0.1120113794993879,0.0838190761464456,False,False,,
345,1.3966980000000002,648541.0,2213.4505119453925,2209.436860068259,2222.3162320847264,1997.2819497883768,0.1126702628640856,0.0886748004410353,False,False,,
346,1.4007464000000005,646991.0,2208.160409556314,2209.515358361775,2222.434268970357,1997.2819497883768,0.1127293616235989,0.2530822070125715,False,False,,
347,1.4047948,647388.0,2209.515358361775,2213.4505119453925,2226.408974403268,1997.2819497883768,0.1147194188778248,0.2482297612958568,False,False,,
348,1.4088432000000002,649691.0,2217.3754266211604,2213.4505119453925,2226.4485395141833,1997.2819497883768,0.114739228354859,0.0701075665281596,False,False,,
349,1.4128916000000002,647365.0,2209.436860068259,2214.505119453925,2227.5427253997004,1997.2819497883768,0.11528706582249,0.211721877359519,False,False,,
350,1.4169400000000003,649763.0,2217.6211604095565,2216.795221843003,2229.872419436281,1997.2819497883768,0.1164534980514636,0.1823879583188379,False,False,,
351,1.4209884000000002,642716.0,2193.569965870307,2217.3754266211604,2230.492229136906,1997.2819497883768,0.116763824643406,0.0559723287245734,False,False,,
352,1.4250368000000002,650429.0,2219.8941979522183,2217.6211604095565,2230.7775811271895,1997.2819497883768,0.1169066948026807,0.1606533815479256,False,False,,
353,1.4290852000000005,654315.0,2233.156996587031,2219.8941979522183,2233.0902501556084,1997.2819497883768,0.1180646029431233,0.2763088892207541,False,False,,
354,1.4331336,653704.0,2231.071672354949,2222.0102389078497,2235.245935885321,1997.2819497883768,0.1191439126169233,0.2075091463469842,False,False,,
355,1.4371820000000002,651049.0,2222.0102389078497,2223.1706484641636,2236.4460035084967,1997.2819497883768,0.1197447629992655,0.1093738434950886,False,False,,
356,1.4412304000000002,649521.0,2216.795221843003,2223.6996587030717,2237.0146851115032,1997.2819497883768,0.1200294907529343,0.0986120811880635,False,False,,
357,1.4452788000000003,652902.0,2228.334470989761,2224.6860068259384,2238.040717900164,1997.2819497883768,0.120543205298229,0.0870061306403418,False,False,,
358,1.4493272,651833.0,2224.6860068259384,2225.027303754266,2238.4217128004416,1997.2819497883768,0.120733961991503,0.1967523195243217,False,False,,
359,1.4533756000000002,651389.0,2223.1706484641636,2227.788395904437,2241.2225162331797,1997.2819497883768,0.1221362694789536,0.1756492461677883,False,False,,
360,1.4574240000000005,651544.0,2223.6996587030717,2227.788395904437,2241.2622408308266,1997.2819497883768,0.1221561588078744,0.0049137099443203,False,False,,
361,1.4614724,654762.0,2234.6825938566553,2227.788395904437,2241.3019787480184,1997.2819497883768,0.1221760548056308,-0.1263559996911372,False,False,,
362,1.4655208000000002,655889.0,2238.5290102389076,2225.665529010239,2239.2188630950227,1997.2819497883768,0.1211330795495752,-0.1263543515857623,False,False,,
363,1.4695692000000002,651933.0,2225.027303754266,2225.665529010239,2239.258627664703,1997.2819497883768,0.1211529888917112,0.0049186542606651,False,False,,
364,1.4736176000000003,654865.0,2235.0341296928327,2225.665529010239,2239.2984055673305,1997.2819497883768,0.1211729049093929,0.0049203034714722,False,False,,
365,1.477666,654686.0,2234.4232081911264,2225.665529010239,2239.338196807376,1997.2819497883768,0.1211928276048589,0.1361933104236588,False,False,,
366,1.4817144000000002,652742.0,2227.788395904437,2227.788395904437,2241.5008682835087,1997.2819497883768,0.1222756349052313,0.1361949607406032,False,False,,
367,1.4857628000000005,652120.0,2225.665529010239,2227.788395904437,2241.540686211807,1997.2819497883768,0.1222955709629835,0.0524108739841562,False,False,,
368,1.4898112,654298.0,2233.098976109215,2228.556313993174,2242.34843557968,1997.2819497883768,0.1226999952697062,0.0524125254079539,False,False,,
369,1.4938596000000002,651171.0,2222.4266211604095,2228.556313993174,2242.388280214131,1997.2819497883768,0.1227199446987066,0.0049285578237707,False,False,,
370,1.4979080000000002,651680.0,2224.1638225255974,2228.556313993174,2242.4281382083745,1997.2819497883768,0.1227399008166937,0.0049302103551678,False,False,,
371,1.5019564000000003,651797.0,2224.563139931741,2228.556313993174,2242.46800956689,1997.2819497883768,0.1227598636259103,-0.0425537561210536,False,False,,
372,1.5060048,654576.0,2234.047781569966,2227.788395904437,2241.7399762054215,1997.2819497883768,0.1223953515641327,-0.0425521024812791,False,False,,
373,1.5100532000000002,655978.0,2238.8327645051195,2227.788395904437,2241.7798743059257,1997.2819497883768,0.12241532776254,-0.126336185913729,False,False,,
374,1.5141016000000005,651660.0,2224.0955631399315,2225.665529010239,2239.6969188899516,1997.2819497883768,0.1213724327340265,0.0524224455853623,False,False,,
375,1.5181500000000003,652967.0,2228.556313993174,2228.556313993174,2242.627628733316,1997.2819497883768,0.1228397818199555,-0.0408587606499679,False,False,,
376,1.5221984000000002,653677.0,2230.9795221843005,2224.924914675768,2239.0361676630314,1997.2819497883768,0.1210416075207959,-0.2196140815414224,False,False,,
377,1.5262468000000002,654237.0,2232.890784982935,2224.924914675768,2239.076119301333,1997.2819497883768,0.1210616105245311,0.2294960123275142,False,False,,
378,1.5302952000000003,649654.0,2217.2491467576792,2228.556313993174,2242.747483652712,1997.2819497883768,0.1228997908334094,0.2294976692968831,False,False,,
379,1.5343436,648153.0,2212.126279863481,2228.556313993174,2242.7874620868474,1997.2819497883768,0.1229198072532942,-0.2196091106331632,False,True,281.0,2.0
380,1.5383920000000002,654326.0,2233.1945392491466,2224.924914675768,2239.1960546082314,1997.2819497883768,0.1211216597864347,-0.270891921679194,False,False,,
381,1.5424404000000005,647389.0,2209.518771331058,2224.0955631399315,2238.406708320335,1997.2819497883768,0.120726449541842,-0.4568228445264637,False,False,,
382,1.5464888000000003,655505.0,2237.2184300341296,2217.457337883959,2231.8085017259486,1997.2819497883768,0.1174228565788728,-0.4184105952881705,False,False,,
383,1.5505372000000002,651903.0,2224.924914675768,2217.2491467576792,2231.640342679398,1997.2819497883768,0.1173386626339126,-0.0919189201524606,False,False,,
384,1.5545856000000002,649715.0,2217.457337883959,2215.890784982935,2230.322026407026,1997.2819497883768,0.1166786074661824,-0.0950829678176354,False,False,,
385,1.5586340000000003,655059.0,2235.6962457337886,2215.6313993174062,2230.102699671012,1997.2819497883768,0.1165687948600868,-0.029445628361131,False,False,,
386,1.5626824,649180.0,2215.6313993174062,2215.334470989761,2229.845843704527,1997.2819497883768,0.1164401921024679,-0.0134043798899892,False,False,,
387,1.5667308000000002,641979.0,2191.0546075085326,2215.334470989761,2229.885929501836,1997.2819497883768,0.1164602622769935,-0.1860393259203867,False,False,,
388,1.5707792000000005,649256.0,2215.890784982935,2212.2457337883957,2226.8372915384334,1997.2819497883768,0.1149338688883557,-0.1860376633869087,False,False,,
389,1.5748276000000003,648188.0,2212.2457337883957,2212.2457337883957,2226.8774042215564,1997.2819497883768,0.1149539525240824,-0.161976619717981,False,False,,
390,1.5788760000000002,649093.0,2215.334470989761,2209.5460750853244,2224.217871651277,1997.2819497883768,0.1136223765938233,-0.4460444846475973,False,False,,
391,1.5829244000000002,644726.0,2200.430034129693,2204.952218430034,2219.6641545829566,1997.2819497883768,0.1113424195407877,-0.2955661682300405,False,False,,
392,1.5869728000000003,647397.0,2209.5460750853244,2204.6860068259384,2219.4380960245207,1997.2819497883768,0.1112292364428982,-0.2746708308584686,False,False,,
393,1.5910212,644430.0,2199.419795221843,2200.430034129693,2215.2222898371365,1997.2819497883768,0.109118464757493,-0.3029494900748926,False,False,,
394,1.5950696000000002,644514.0,2199.7064846416383,2199.7064846416383,2214.5389203256595,1997.2819497883768,0.10877631501166,-0.0397719682228885,False,False,,
395,1.5991180000000005,644120.0,2198.361774744027,2199.7064846416383,2214.579113774469,1997.2819497883768,0.1087964390851859,-0.0127562604326936,False,False,,
396,1.6031664000000003,646051.0,2204.952218430034,2199.419795221843,2214.3326312802324,1997.2819497883768,0.1086730301221886,-0.0781792248305812,False,False,,
397,1.6072148000000002,645973.0,2204.6860068259384,2198.361774744027,2213.314831209243,1997.2819497883768,0.1081634375375777,-0.1216532800720653,False,False,,
398,1.6112632000000002,643830.0,2197.3720136518773,2197.3720136518773,2212.365304009708,1997.2819497883768,0.1076880278441011,-0.2252757861992904,False,False,,
399,1.6153116000000003,643029.0,2194.638225255973,2194.638225255973,2209.671762996728,1997.2819497883768,0.1063394245518792,-0.4595365073615607,False,False,,
400,1.6193600000000004,641629.0,2189.8600682593856,2189.8600682593856,2204.933866877898,1997.2819497883768,0.103967252651296,-0.4112050297724625,False,False,,
401,1.6234084000000002,641057.0,2187.9078498293516,2187.9078498293516,2203.021922824979,1997.2819497883768,0.1030099796668175,-0.2330795248215711,False,False,,
402,1.6274568000000005,640208.0,2185.0102389078497,2186.0102389078497,2201.1645997844766,1997.2819497883768,0.1020800543547207,-0.1741956862102966,False,False,,
403,1.6315052000000003,637445.0,2175.580204778157,2185.0102389078497,2200.2049011738877,1997.2819497883768,0.1015995520347099,-0.29850081494825,False,False,,
404,1.6355536000000002,639063.0,2181.102389078498,2181.102389078498,2196.3373662468885,1997.2819497883768,0.0996631529562478,-0.3926261938043982,False,False,,
405,1.6396020000000002,640501.0,2186.0102389078497,2178.580204778157,2193.8555103663725,1997.2819497883768,0.0984205362687146,-0.3364859670870128,False,False,,
406,1.6436504000000005,638324.0,2178.580204778157,2175.580204778157,2190.8958523082015,1997.2819497883768,0.0969386933779376,-0.3413383800461318,False,False,,
407,1.6476988000000004,631182.0,2154.204778156997,2172.9795221843005,2188.3355251827124,1997.2819497883768,0.095656787673157,-0.2478427981520941,False,False,,
408,1.6517472000000002,636247.0,2171.491467576792,2171.491467576792,2186.887839574645,1997.2819497883768,0.0949319598098597,-0.0944098114502622,False,False,,
409,1.6557956000000005,636212.0,2171.3720136518773,2171.3720136518773,2186.8087681847824,1997.2819497883768,0.0948923703118066,-0.1051715442717711,False,False,,
410,1.6598440000000003,636683.0,2172.9795221843005,2169.7098976109214,2185.187048219028,1997.2819497883768,0.0940804068502001,-0.5021496489673591,False,False,,
411,1.6638924000000002,635725.0,2169.7098976109214,2163.1706484641636,2178.6882086921605,1997.2819497883768,0.0908265650340479,-0.9537889773968224,False,False,,
412,1.6679408000000002,633809.0,2163.1706484641636,2154.204778156997,2169.7627615541146,1997.2819497883768,0.0863577682580135,-0.6456583922768289,False,False,,
413,1.6719892000000005,628295.0,2144.3515358361774,2152.6484641638226,2168.2468842838352,1997.2819497883768,0.0855987981634608,-0.4052739571697064,False,False,,
414,1.6760376000000003,628433.0,2144.8225255972698,2147.569965870307,2163.208836271532,1997.2819497883768,0.0830763460816018,-0.4789277522019564,False,False,,
415,1.6800860000000002,630726.0,2152.6484641638226,2144.8225255972698,2160.501859842572,1997.2819497883768,0.0817210159394319,-0.1940123571813057,False,False,,
416,1.6841344000000005,625749.0,2135.6621160409554,2144.3515358361774,2160.071347492969,1997.2819497883768,0.0815054668279763,-0.5614438507773354,False,False,,
417,1.6881828000000003,629238.0,2147.569965870307,2135.6621160409554,2151.422418681197,1997.2819497883768,0.0771751173684579,-0.7667910957066155,False,False,,
418,1.6922312000000002,624454.0,2131.2423208191126,2131.8703071672353,2147.6711143674383,1997.2819497883768,0.0752969126842589,-0.2682959345691103,False,False,,
419,1.6962796000000002,624371.0,2130.9590443686006,2131.2423208191126,2147.0836461603412,1997.2819497883768,0.0750027788454389,-0.0464836495148475,False,False,,
420,1.7003280000000005,624394.0,2131.0375426621163,2131.0375426621163,2146.9193997299876,1997.2819497883768,0.0749205438708671,-0.0125033701638042,False,False,,
421,1.7043764000000003,624638.0,2131.8703071672353,2130.9590443686006,2146.8814467532875,1997.2819497883768,0.0749015415578966,-0.2309355391196401,False,False,,
422,1.7084248000000002,623276.0,2127.221843003413,2127.221843003413,2143.184804299645,1997.2819497883768,0.0730507049977233,-0.6023769260995948,False,False,,
423,1.7124732000000005,620162.0,2116.59385665529,2121.136518771331,2137.1400525783956,1997.2819497883768,0.0700242160626534,-0.652182382684277,False,False,,
424,1.7165216000000003,621493.0,2121.136518771331,2116.59385665529,2132.637976577035,1997.2819497883768,0.0677701146816051,-0.2908678968993516,False,False,,
425,1.7205700000000002,616778.0,2105.0443686006824,2116.3515358361774,2132.4362554810114,1997.2819497883768,0.0676691168750387,-0.1266714935309263,False,False,,
426,1.7246184000000002,620091.0,2116.3515358361774,2114.4641638225257,2130.5894968034204,1997.2819497883768,0.0667444809327839,-0.2792569338743647,False,False,,
427,1.7286668000000005,618744.0,2111.7542662116043,2111.7542662116043,2127.920226146096,1997.2819497883768,0.0654080293328447,-0.2469650281595505,False,False,,
428,1.7327152000000003,619538.0,2114.4641638225257,2110.3890784982937,2126.595679008484,1997.2819497883768,0.0647448544927816,-0.1492484904838118,False,False,,
429,1.7367636000000002,618344.0,2110.3890784982937,2109.259385665529,2125.506640378088,1997.2819497883768,0.0641995941550953,-0.2140382947432195,False,False,,
430,1.7408120000000002,618013.0,2109.259385665529,2106.8464163822528,2123.1343389284184,1997.2819497883768,0.0630118292279047,-0.2408396027880979,False,False,,
431,1.7448604000000003,615421.0,2100.4129692832767,2105.283276450512,2121.611880466093,1997.2819497883768,0.0622495640592406,-0.1064008509557847,False,False,,
432,1.7489088000000002,616848.0,2105.283276450512,2105.0443686006824,2121.413667726061,1997.2819497883768,0.0621503228178859,-0.0447733818859354,False,False,,
433,1.7529572000000002,616612.0,2104.4778156996585,2104.4778156996585,2120.887823579788,1997.2819497883768,0.0618870429407866,-0.2813556030979844,False,False,,
434,1.7570056000000005,617306.0,2106.8464163822528,2100.4129692832767,2116.8636995676875,1997.2819497883768,0.0598722427707221,-0.3524768204712707,False,False,,
435,1.7610540000000003,612520.0,2090.5119453924913,2098.6962457337886,2115.187712076586,1997.2819497883768,0.0590331086207948,-0.4541998809961001,False,False,,
436,1.7651024000000002,614918.0,2098.6962457337886,2092.9863481228667,2109.518564182737,1997.2819497883768,0.056194677174273,-0.5010506694609971,False,False,,
437,1.7691508000000002,613245.0,2092.9863481228667,2090.5119453924913,2107.0849248326977,1997.2819497883768,0.0549762015603031,-0.4907076666872276,False,False,,
438,1.7731992000000003,608206.0,2075.788395904437,2084.9692832764504,2101.5830397648388,1997.2819497883768,0.0522215153386398,-0.6297860795677508,False,False,,
439,1.7772476000000004,606856.0,2071.180887372014,2080.2457337883957,2096.900280997394,1997.2819497883768,0.0498769496312589,-0.3706184291570338,False,False,,
440,1.7812960000000002,609512.0,2080.2457337883957,2078.8941979522183,2095.5895495588393,1997.2819497883768,0.0492206920414411,-0.270580365510515,False,False,,
441,1.7853444000000005,607631.0,2073.825938566553,2075.788395904437,2092.5245655902795,1997.2819497883768,0.0476861145277933,-0.30835612162487,False,False,,
442,1.7893928000000003,610896.0,2084.9692832764504,2073.825938566553,2090.602940017802,1997.2819497883768,0.0467239941958688,-0.1593551068956324,False,False,,
443,1.7934412000000002,606043.0,2068.40614334471,2073.1296928327647,2089.947539740196,1997.2819497883768,0.0463958480982807,-0.1585092246313229,False,False,,
444,1.7974896000000002,607427.0,2073.1296928327647,2071.180887372014,2088.0395934309927,1997.2819497883768,0.0454405767058739,-0.287035274205226,False,False,,
445,1.8015380000000003,609116.0,2078.8941979522183,2068.40614334471,2085.305722255194,1997.2819497883768,0.0440717808900958,-0.5512646715586467,False,False,,
446,1.8055864000000004,604030.0,2061.5358361774743,2062.184300341297,2079.1247658078355,1997.2819497883768,0.0409770969131977,-0.4197805719960428,False,False,,
447,1.8096348,600433.0,2049.259385665529,2061.5358361774743,2078.5172019092147,1997.2819497883768,0.0406729015547581,-0.2598051001280321,False,False,,
448,1.8136832000000005,599508.0,2046.1023890784984,2057.901023890785,2074.9233036014693,1997.2819497883768,0.0388735069784811,-0.5290996285295053,False,False,,
449,1.8177316000000003,602965.0,2057.901023890785,2052.897610921502,2069.9608183294713,1997.2819497883768,0.0363888876824804,-0.4524877987547731,False,False,,
450,1.82178,604220.0,2062.184300341297,2050.5017064846415,2067.6058553128364,1997.2819497883768,0.0352098037695234,-0.2199120890505783,False,False,,
451,1.8258284,600797.0,2050.5017064846415,2049.259385665529,2066.4044896414907,1997.2819497883768,0.0346083034798557,-0.266973916196223,False,False,,
452,1.8298768000000003,601499.0,2052.897610921502,2046.1023890784984,2063.288461934372,1997.2819497883768,0.0330481693648658,-0.6156221887890894,False,False,,
453,1.8339252000000004,595434.0,2032.19795221843,2039.221843003413,2056.4488984759473,1997.2819497883768,0.0296237337416681,-0.4632444126366555,False,False,,
454,1.8379736,597492.0,2039.221843003413,2038.529010238908,2055.7970620694578,1997.2819497883768,0.0292973720046292,-0.1690429188234099,False,False,,
455,1.8420220000000005,595826.0,2033.5358361774745,2036.4061433447096,2053.715205279238,1997.2819497883768,0.0282550270365387,-0.3036893308822712,False,False,,
456,1.8460704000000003,597289.0,2038.529010238908,2033.5358361774745,2050.885921966551,1997.2819497883768,0.0268384602303415,-0.2551467744617266,False,False,,
457,1.8501188,593194.0,2024.5529010238909,2032.19795221843,2049.589075617238,1997.2819497883768,0.026189154633077,-0.2756166512339146,False,False,,
458,1.8541672,596667.0,2036.4061433447096,2028.996587030717,2046.4287617990492,1997.2819497883768,0.0246068473286308,-0.4676678994520595,False,False,,
459,1.8582156000000003,589992.0,2013.6245733788396,2024.5529010238909,2042.0261409261552,1997.2819497883768,0.0224025411847935,-0.5877520525636908,False,False,,
460,1.8622640000000004,591025.0,2017.150170648464,2019.409556313993,2036.9238751192129,1997.2819497883768,0.019847936509433,-0.3501112044061059,False,False,,
461,1.8663124,591150.0,2017.5767918088736,2018.8088737201365,2036.3642852019505,1997.2819497883768,0.0195677607849581,-0.108249411716419,False,False,,
462,1.8703608000000005,591687.0,2019.409556313993,2017.5767918088736,2035.1733097455392,1997.2819497883768,0.0189714626726475,-0.0974843003225576,False,False,,
463,1.8744092000000003,594496.0,2028.996587030717,2017.150170648464,2034.787808822859,1997.2819497883768,0.0187784499021064,-0.2393063125489618,False,False,,
464,1.8784576000000004,591511.0,2018.8088737201365,2013.6245733788396,2031.3033455784623,1997.2819497883768,0.017033847321201,-0.4438093420252205,False,False,,
465,1.882506,588898.0,2009.8907849829352,2009.8907849829352,2027.6107049999075,1997.2819497883768,0.0151850144215966,-0.2549203937604585,False,False,,
466,1.8865544000000003,588546.0,2008.6894197952215,2009.419795221843,2027.1808768529115,1997.2819497883768,0.0149698078770015,-0.0691971528944437,False,False,,
467,1.8906028000000004,586306.0,2001.044368600683,2008.6894197952215,2026.491676841758,1997.2819497883768,0.0146247389140409,-0.2823531157747783,False,False,,
468,1.8946512,588760.0,2009.419795221843,2004.7713310580205,2022.6147773260248,1997.2819497883768,0.0126836511691963,-0.2547042251052136,False,False,,
469,1.8986996000000005,585335.0,1997.730375426621,2004.4880546075085,2022.372703907609,1997.2819497883768,0.0125624497442091,-0.2253669562786078,False,False,,
470,1.9027480000000003,587398.0,2004.7713310580205,2001.044368600683,2018.9702347481395,1997.2819497883768,0.0108588999975997,-0.2610322238792839,False,False,,
471,1.9067964000000004,586054.0,2000.1843003412969,2000.1843003412969,2018.1513971560016,1997.2819497883768,0.0104489240339033,-0.1998268270010907,False,False,,
472,1.9108448,583424.0,1991.20819112628,1997.730375426621,2015.7387167330992,1997.2819497883768,0.0092409421447373,-0.5499524185533047,False,False,,
473,1.9148932000000003,587315.0,2004.4880546075085,1991.20819112628,2009.257790753692,1997.2819497883768,0.0059960692913608,-0.5495286135675602,False,False,,
474,1.9189416000000004,582707.0,1988.7610921501707,1988.7610921501707,2006.851963932315,1997.2819497883768,0.0047915188664034,-0.3142092765762381,False,False,,
475,1.92299,579937.0,1979.307167235495,1986.044368600683,2004.1765263759944,1997.2819497883768,0.0034519796207784,-0.3258151607321839,False,False,,
476,1.9270384000000005,579911.0,1979.2184300341296,1983.409556313993,2001.583013925549,1997.2819497883768,0.0021534586729871,-0.4114986108304687,False,False,,
477,1.9310868000000003,581139.0,1983.409556313993,1979.307167235495,1997.5219385310124,1997.2819497883768,0.0001201576686062,-0.2540556881985492,False,False,,
478,1.9351352000000004,581911.0,1986.044368600683,1979.2184300341296,1997.4745288659697,1997.2819497883768,9.642057678111694e-05,-0.2873994320314693,False,False,,
479,1.9391836,576916.0,1968.996587030717,1974.5767918088736,1992.8742320340416,1997.2819497883768,-0.002206858052666,-0.4638331755691987,False,False,,
480,1.9432320000000003,577689.0,1971.634812286689,1971.634812286689,1989.9736077668367,1997.2819497883768,-0.0036591438791674,-0.3097670063825543,False,False,,
481,1.9472804000000004,578551.0,1974.5767918088736,1969.4846416382252,1987.8648062396512,1997.2819497883768,-0.0047149795499443,-0.1573892142054201,False,False,,
482,1.9513288,577059.0,1969.4846416382252,1969.0068259385664,1987.4283735322208,1997.2819497883768,-0.0049334928687459,-0.0250609052681758,False,False,,
483,1.9553772000000005,575615.0,1964.5563139931744,1968.996587030717,1987.4595314921976,1997.2819497883768,-0.0049178926877196,-0.2700849858728624,False,False,,
484,1.9594256000000003,576919.0,1969.0068259385664,1964.5563139931744,1983.0606692027343,1997.2819497883768,-0.0071203169823613,-0.3103932837914624,False,False,,
485,1.9634740000000004,575421.0,1963.8941979522183,1963.8941979522183,1982.4399777947644,1997.2819497883768,-0.0074310850279224,-0.2162645159752125,False,False,,
486,1.9675224,572144.0,1952.7098976109216,1960.976109215017,1979.56332758011,1997.2819497883768,-0.0088713675153094,-0.3914319722976134,False,False,,
487,1.9715708000000003,573542.0,1957.481228668942,1957.481228668942,1976.1098994508009,1997.2819497883768,-0.0106004314212217,-0.342256256514527,False,False,,
488,1.9756192000000004,572432.0,1953.692832764505,1955.358361774744,1974.028498872246,1997.2819497883768,-0.0116425479730562,-0.2291332391453788,False,False,,
489,1.9796676,574566.0,1960.976109215017,1953.692832764505,1972.4044500811883,1997.2819497883768,-0.012455677431934,-0.1586417552063037,False,False,,
490,1.9837160000000005,565812.0,1931.098976109215,1952.7098976109216,1971.4630090549856,1997.2819497883768,-0.0129270385366106,-0.3015189879213438,False,False,,
491,1.9877644000000003,570979.0,1948.7337883959044,1948.7337883959044,1967.5284078802115,1997.2819497883768,-0.0148970163733355,-0.3188231372184873,False,False,,
492,1.9918128000000004,570609.0,1947.470989761092,1947.470989761092,1966.307131203171,1997.2819497883768,-0.0155084857140413,-0.2337693948833332,False,False,,
493,1.9958612,572920.0,1955.358361774744,1944.8703071672355,1963.74798448928,1997.2819497883768,-0.0167898004098268,-0.218572274526229,False,False,,
494,1.9999096000000005,569549.0,1943.8532423208192,1943.8532423208192,1962.7724694496917,1997.2819497883768,-0.0172782217064252,-0.5659542398452557,False,False,,
495,2.0039580000000004,569847.0,1944.8703071672355,1935.634812286689,1954.5956031539224,1997.2819497883768,-0.021372218699006,-0.7835421777846325,False,False,,
496,2.0080064,564881.0,1927.9215017064848,1931.098976109215,1950.1013446510117,1997.2819497883768,-0.0236224060115118,-0.4718237424314222,False,False,,
497,2.0120548000000005,567141.0,1935.634812286689,1927.9215017064848,1946.9654618637207,1997.2819497883768,-0.0251924811767247,-0.2721713686659126,False,False,,
498,2.0161032000000003,563795.0,1924.2150170648465,1926.6143344709897,1945.6999001892157,1997.2819497883768,-0.0258261231493261,-0.1885949532509241,False,False,,
499,2.0201516,562062.0,1918.3003412969283,1924.7883959044368,1943.915581133879,1997.2819497883768,-0.0267194967942067,-0.1432180801049121,False,False,,
500,2.0242000000000004,561439.0,1916.1740614334472,1924.2150170648465,1943.383835760409,1997.2819497883768,-0.0269857313003195,-0.093620262419332,False,False,,
501,2.0282484000000003,564498.0,1926.6143344709897,1923.1911262798635,1942.4015924011287,1997.2819497883768,-0.0274775213349636,-0.3099419137006971,False,False,,
502,2.0322968,561347.0,1915.8600682593856,1919.1194539249148,1938.3715814361465,1997.2819497883768,-0.0294952689871712,-0.2972773545165119,False,False,,
503,2.0363452000000004,563963.0,1924.7883959044368,1918.3003412969283,1937.5941441670716,1997.2819497883768,-0.0298845166190127,-0.1769787237465521,False,False,,
504,2.0403936000000003,563495.0,1923.1911262798635,1916.1740614334472,1935.509553636132,1997.2819497883768,-0.0309282303176023,-0.1457420099752511,False,False,,
505,2.044442,561068.0,1914.9078498293516,1915.8600682593856,1935.237263772926,1997.2819497883768,-0.0310645605253803,-0.0448597202671714,False,False,,
506,2.0484904000000004,562302.0,1919.1194539249148,1915.365187713311,1934.7841005207088,1997.2819497883768,-0.0312914505006615,-0.0537219729664926,False,False,,
507,2.0525388,559440.0,1909.3515358361776,1914.9078498293516,1934.3684939182967,1997.2819497883768,-0.0314995365960954,-0.36670323747901,False,False,,
508,2.0565872000000005,561202.0,1915.365187713311,1909.3515358361776,1928.85392519905,1997.2819497883768,-0.0342605732738819,-0.6647001503496957,False,False,,
509,2.0606356000000003,557894.0,1904.075085324232,1904.075085324232,1923.619233958104,1997.2819497883768,-0.0368814807734469,-0.3211135805615468,False,False,,
510,2.064684,557237.0,1901.8327645051197,1904.075085324232,1923.661007230868,1997.2819497883768,-0.0368605657129725,0.0051671195668356,False,False,,
511,2.0687324000000005,557413.0,1902.433447098976,1904.075085324232,1923.7027945100913,1997.2819497883768,-0.0368396436397382,0.0051688520873325,False,False,,
512,2.0727808000000003,554348.0,1891.9726962457337,1904.075085324232,1923.744595800471,1997.2819497883768,-0.0368187145513918,0.0051705851887646,False,False,,
513,2.0768292,557433.0,1902.5017064846415,1904.075085324232,1923.786411106704,1997.2819497883768,-0.0367977784455818,0.005172318871244,False,False,,
514,2.0808776000000004,555900.0,1897.269624573379,1904.075085324232,1923.8282404334905,1997.2819497883768,-0.0367768353199551,0.0051740531350494,False,False,,
515,2.0849260000000003,556595.0,1899.641638225256,1904.075085324232,1923.8700837855313,1997.2819497883768,-0.0367558851721579,0.0051757879803799,False,False,,
516,2.0889744,555659.0,1896.4470989761091,1904.075085324232,1923.9119411675292,1997.2819497883768,-0.0367349279998356,0.2744737481218742,False,False,,
517,2.0930228000000004,559170.0,1908.4300341296928,1908.4300341296928,1928.308761389649,1997.2819497883768,-0.0345335261283644,1.056827447310106,False,False,,
518,2.0970712,562877.0,1921.0819112627987,1921.0819112627987,1941.0025239787808,1997.2819497883768,-0.0281780075244554,1.1353387415764709,False,False,,
519,2.1011196000000005,564525.0,1926.7064846416383,1926.7064846416383,1946.668996857721,1997.2819497883768,-0.0253409154055683,0.9732562306456232,False,False,,
520,2.1051680000000004,567464.0,1936.7372013651875,1936.7372013651875,1956.7416271301531,1997.2819497883768,-0.0202977464761641,0.834177864884956,False,False,,
521,2.1092164,568453.0,1940.112627986348,1940.112627986348,1960.158981353691,1997.2819497883768,-0.0185867440691681,0.7200030690770289,True,False,521.0,3.0
522,2.1132648000000005,570851.0,1948.296928327645,1948.296928327645,1968.3852233555704,1997.2819497883768,-0.0144680256264608,1.1608824047292263,False,False,,
523,2.1173132000000003,573929.0,1958.80204778157,1958.80204778157,1978.9322985329984,1997.2819497883768,-0.0091873114145564,0.8120231258533845,False,False,,
524,2.1213616,574674.0,1961.344709897611,1961.344709897611,1981.5169304401768,1997.2819497883768,-0.0078932367810514,0.2736434637098432,False,False,,
525,2.1254100000000005,575201.0,1963.1433447098975,1963.1433447098975,1983.357549115952,1997.2819497883768,-0.0069716750175906,1.0355255893491304,False,False,,
526,2.1294584000000003,579556.0,1978.0068259385664,1978.0068259385664,1998.2630282851808,1997.2819497883768,0.00049120681079,1.3715144699027355,False,False,,
527,2.1335068,581675.0,1985.2389078498293,1985.2389078498293,2005.537122218792,1997.2819497883768,0.0041332033423174,0.7244455025132518,False,False,,
528,2.1375552000000004,582964.0,1989.6382252559729,1989.6382252559729,2009.978465733796,1997.2819497883768,0.0063568971555392,0.8643715372443465,False,False,,
529,2.1416036000000003,587340.0,2004.5733788395903,1999.133105802048,2019.5153864799668,1997.2819497883768,0.0111318468050772,0.928742675657017,False,False,,
530,2.145652,585746.0,1999.133105802048,2004.5733788395903,2024.997713813565,1997.2819497883768,0.0138767408517986,0.9148153041766268,False,False,,
531,2.1497004000000004,591181.0,2017.682593856655,2013.8430034129692,2034.3094067836848,1997.2819497883768,0.0185389233599349,0.8158359124658967,False,False,,
532,2.1537488,590056.0,2013.8430034129692,2017.682593856655,2038.1910797295257,1997.2819497883768,0.0204824010678529,0.4623336004891882,False,False,,
533,2.1577972000000005,592222.0,2021.2354948805464,2021.2354948805464,2041.7860773657144,1997.2819497883768,0.0222823460563758,0.3768612306236583,False,False,,
534,2.1618456000000004,592942.0,2023.692832764505,2023.692832764505,2044.2855259768455,1997.2819497883768,0.0235337710799667,0.6508022396261977,False,False,,
535,2.165894,595281.0,2031.6757679180887,2031.6757679180887,2052.310585977209,1997.2819497883768,0.0275517616301809,0.9751835295485288,False,False,,
536,2.1699424000000005,599340.0,2045.529010238908,2039.3788395904437,2060.055796620685,1997.2819497883768,0.0314296370820153,0.8618529312962884,False,False,,
537,2.1739908000000003,597538.0,2039.3788395904437,2045.529010238908,2066.248120369347,1997.2819497883768,0.0345300124443009,0.9099734401398236,False,False,,
538,2.1780392,601825.0,2054.0102389078497,2054.0102389078497,2074.7715162723016,1997.2819497883768,0.0387975100321391,0.8027632118029668,False,False,,
539,2.1820876000000005,603662.0,2060.279863481229,2058.4266211604095,2079.230079897428,1997.2819497883768,0.0410298256176271,0.3340291337888894,False,False,,
540,2.1861360000000003,603383.0,2059.3276450511944,2059.3276450511944,2080.173299304073,1997.2819497883768,0.0415020771226012,0.1198179772121914,False,False,,
541,2.1901844,603119.0,2058.4266211604095,2060.279863481229,2081.167727398005,1997.2819497883768,0.0419999678155187,0.3690664681445046,False,False,,
542,2.1942328000000004,606235.0,2069.061433447099,2065.211604095563,2086.1416918290165,1997.2819497883768,0.0444903345018739,0.5482472899103179,False,False,,
543,2.1982812000000003,605107.0,2065.211604095563,2069.061433447099,2090.033759154755,1997.2819497883768,0.0464390164724647,0.8397052216268532,False,False,,
544,2.202329600000001,609061.0,2078.7064846416383,2078.7064846416383,2099.7210624857707,1997.2819497883768,0.0512892597403427,0.851525616511478,False,False,,
545,2.2063780000000004,611563.0,2087.2457337883957,2082.7474402730377,2103.804284420667,1997.2819497883768,0.0533336490842352,0.5332681942299518,False,False,,
546,2.2104264,610245.0,2082.7474402730377,2087.2457337883957,2108.3448584112934,1997.2819497883768,0.0556070256553836,0.9142101396826608,False,False,,
547,2.2144748000000005,614586.0,2097.563139931741,2097.4470989761094,2118.588518250798,1997.2819497883768,0.0607358257432182,0.6432272909401222,False,False,,
548,2.2185232000000004,614552.0,2097.4470989761094,2097.563139931741,2118.746868039498,1997.2819497883768,0.0608151083846682,0.0147304892852542,False,False,,
549,2.2225716,616870.0,2105.358361774744,2097.6006825938566,2118.8267337207135,1997.2819497883768,0.0608550955688631,0.2517382474302891,False,False,,
550,2.2266200000000005,614597.0,2097.6006825938566,2101.5494880546075,2122.8178763913515,1997.2819497883768,0.062853382626462,0.4849471565988379,False,False,,
551,2.2306684000000003,615754.0,2101.5494880546075,2105.358361774744,2126.6691015169217,1997.2819497883768,0.0647816157064126,0.3779479830958587,False,False,,
552,2.2347168,617991.0,2109.184300341297,2107.5767918088736,2128.9298971567905,1997.2819497883768,0.0659135518559924,0.2418242968503872,False,False,,
553,2.2387652000000005,617520.0,2107.5767918088736,2109.184300341297,2130.57978550002,1997.2819497883768,0.0667396186731508,0.269684284080423,False,False,,
554,2.2428136000000003,618773.0,2111.853242320819,2111.853242320819,2133.291121500178,1997.2819497883768,0.0680971315673348,1.0334658515074509,False,False,,
555,2.246862,622975.0,2126.1945392491466,2125.8122866894196,2147.2925741040103,1997.2819497883768,0.075107384979636,0.8920659870781975,False,False,,
556,2.2509104000000004,622863.0,2125.8122866894196,2126.1945392491466,2147.717249118329,1997.2819497883768,0.0753200114515089,0.1120373019325953,False,False,,
557,2.2549588000000003,623414.0,2127.692832764505,2127.539249146758,2149.1043956946605,1997.2819497883768,0.0760145286059238,0.0978988991079674,False,False,,
558,2.2590072000000005,624101.0,2130.0375426621163,2127.692832764505,2149.300430220025,1997.2819497883768,0.0761126792578062,0.1597374881721229,False,False,,
559,2.2630556000000004,623369.0,2127.539249146758,2130.0375426621163,2151.687605258923,1997.2819497883768,0.0773078911001558,0.2355051928978326,False,False,,
560,2.267104,624532.0,2131.508532423208,2131.4163822525597,2153.108924229094,1997.2819497883768,0.0780195177036613,0.0962158033986888,False,False,,
561,2.2711524000000005,624505.0,2131.4163822525597,2131.508532423208,2153.2435680226854,1997.2819497883768,0.0780869312171142,0.5263317548348567,False,False,,
562,2.2752008000000004,630740.0,2152.6962457337886,2139.843003412969,2161.62054688338,1997.2819497883768,0.0822811206562078,1.31543899074841,False,False,,
563,2.2792492,631234.0,2154.382252559727,2152.6962457337886,2174.5163113279013,1997.2819497883768,0.0887377776374055,0.8473380684562652,False,False,,
564,2.2832976000000005,630964.0,2153.460750853242,2153.460750853242,2175.323352828604,1997.2819497883768,0.0891418475288839,0.1095188276445231,False,False,,
565,2.2873460000000003,626974.0,2139.843003412969,2154.382252559727,2176.2874051786657,1997.2819497883768,0.0896245296810777,0.4765316692272012,False,False,,
566,2.2913944,633233.0,2161.204778156997,2161.0819112627987,2183.0296287924243,1997.2819497883768,0.0930002291482826,0.4271483896444827,False,False,,
567,2.2954428000000004,635575.0,2169.19795221843,2161.204778156997,2183.1950748692025,1997.2819497883768,0.0930830647623509,0.1709388565623122,False,False,,
568,2.2994912000000003,633197.0,2161.0819112627987,2163.7610921501705,2185.793982321635,1997.2819497883768,0.0943842868820962,0.3205730859263678,False,False,,
569,2.3035396,634727.0,2166.3037542662114,2166.3037542662114,2188.3792521784007,1997.2819497883768,0.0956786809244794,0.2253925661420908,False,False,,
570,2.3075880000000004,636798.0,2173.3720136518773,2167.320819112628,2189.4389390517963,1997.2819497883768,0.0962092454116354,0.1842401296514975,False,False,,
571,2.3116364000000003,633982.0,2163.7610921501705,2169.19795221843,2191.3587084756223,1997.2819497883768,0.0971704364062416,0.1842418973735373,False,False,,
572,2.3156848000000005,635025.0,2167.320819112628,2170.2150170648465,2192.4184239358983,1997.2819497883768,0.0977010152062895,0.263386364957844,False,False,,
573,2.3197332000000004,641440.0,2189.2150170648465,2173.3720136518773,2195.6180854374184,1997.2819497883768,0.0993030231260321,0.5588542111385131,False,False,,
574,2.3237816,635873.0,2170.2150170648465,2179.1672354948805,2201.4559865003353,1997.2819497883768,0.1022259459830356,0.4611411279411364,False,False,,
575,2.3278300000000005,639840.0,2183.7542662116043,2180.744027303754,2203.0754718393437,1997.2819497883768,0.1030367906107458,0.2889283844247252,False,False,,
576,2.3318784000000004,638496.0,2179.1672354948805,2183.7542662116043,2206.128418592348,1997.2819497883768,0.1045653413260457,0.3851676774240786,False,False,,
577,2.3359268,638958.0,2180.744027303754,2186.8873720136517,2209.3042465593685,1997.2819497883768,0.1061554162613129,0.3429600090949201,False,False,,
578,2.3399752000000005,641937.0,2190.9112627986347,2189.2150170648465,2211.674628100157,1997.2819497883768,0.1073422199276854,0.2469353058564465,False,False,,
579,2.3440236000000003,640758.0,2186.8873720136517,2190.795221843003,2213.297583697331,1997.2819497883768,0.1081548020457715,0.1101784939879628,False,False,,
580,2.348072,641903.0,2190.795221843003,2190.9112627986347,2213.4563898062074,1997.2819497883768,0.1082343131578071,0.0173194999086483,False,False,,
581,2.3521204000000004,641960.0,2190.9897610921503,2190.9897610921503,2213.5776675920024,1997.2819497883768,0.1082950345726318,0.1604112738461172,False,False,,
582,2.3561688000000003,644100.0,2198.2935153583617,2193.419795221843,2216.050495557816,1997.2819497883768,0.1095331311598843,0.1768747295470092,False,False,,
583,2.360217200000001,642905.0,2194.2150170648465,2193.764505119454,2216.438013640201,1997.2819497883768,0.109727153882828,0.0544691295245129,False,False,,
584,2.3642656000000004,644594.0,2199.9795221843005,2194.2150170648465,2216.9313481238287,1997.2819497883768,0.1099741568078183,0.0895047398439903,False,False,,
585,2.3683140000000003,642672.0,2193.419795221843,2195.126279863481,2217.8854478189746,1997.2819497883768,0.1104518558603968,0.257500085531591,False,False,,
586,2.3723624000000005,643172.0,2195.126279863481,2198.2935153583617,2221.0955345734556,1997.2819497883768,0.1120590835003507,0.2553913901847,False,False,,
587,2.3764108000000004,642773.0,2193.764505119454,2199.1706484641636,2222.0155333067637,1997.2819497883768,0.1125197088684444,0.1095595535600644,False,False,,
588,2.3804592,644357.0,2199.1706484641636,2199.9795221843005,2222.86728702713,1997.2819497883768,0.1129461652936158,0.0762158740930232,False,False,,
589,2.3845076000000005,649284.0,2215.9863481228667,2200.3174061433447,2223.248065363945,1997.2819497883768,0.1131368135578008,0.2089663400891517,False,False,,
590,2.3885560000000003,647450.0,2209.726962457338,2203.273037542662,2226.2466055233967,1997.2819497883768,0.1146381239560495,0.1880744464996429,False,False,,
591,2.3926044,645559.0,2203.273037542662,2203.273037542662,2226.289528670716,1997.2819497883768,0.114659614736219,0.0800200607110461,False,False,,
592,2.3966528000000005,644693.0,2200.3174061433447,2204.481228668942,2227.540657336325,1997.2819497883768,0.1152860303836148,0.2224786996070591,False,False,,
593,2.4007012000000003,645913.0,2204.481228668942,2206.7849829351535,2229.887363538699,1997.2819497883768,0.1164609802711974,0.1585331794050102,False,False,,
594,2.4047496,647648.0,2210.4027303754265,2206.9590443686006,2230.1043913099725,1997.2819497883768,0.1165696418306212,0.1872373797449018,False,False,,
595,2.4087980000000004,646639.0,2206.9590443686006,2209.726962457338,2232.9152901430257,1997.2819497883768,0.1179770038875161,0.2182630998606853,False,False,,
596,2.4128464000000003,650387.0,2219.7508532423208,2210.4027303754265,2233.6340532167524,1997.2819497883768,0.1183368744975734,0.0471056048400644,False,False,,
597,2.416894800000001,646588.0,2206.7849829351535,2210.4027303754265,2233.6770627885435,1997.2819497883768,0.1183584085487851,0.2193219016479997,False,False,,
598,2.4209432000000004,645238.0,2202.1774744027302,2213.863481228669,2237.180837634565,1997.2819497883768,0.1201126800708367,0.3335002195894105,False,False,,
599,2.4249916,649471.0,2216.6245733788396,2215.7098976109214,2239.0702924354177,1997.2819497883768,0.1210586931267566,0.1228769003266734,False,False,,
600,2.4290400000000005,648662.0,2213.863481228669,2215.764505119454,2239.1679527932106,1997.2819497883768,0.1211075897574016,0.0087021511721321,False,False,,
601,2.4330884000000004,649762.0,2217.617747440273,2215.764505119454,2239.211020077969,1997.2819497883768,0.1211291527043671,0.0585110755025546,False,False,,
602,2.4371368,649728.0,2217.5017064846415,2216.6245733788396,2240.1141700624507,1997.2819497883768,0.1215813422335307,0.1127519915907591,False,False,,
603,2.4411852000000005,651473.0,2223.457337883959,2217.5017064846415,2241.0343993385286,1997.2819497883768,0.1220420830298791,0.0053307545699716,False,False,,
604,2.4452336000000003,650943.0,2221.6484641638226,2216.6245733788396,2240.2003768530262,1997.2819497883768,0.1216245042871329,0.0053325419568519,False,False,,
605,2.449282,649203.0,2215.7098976109214,2217.5017064846415,2241.120635033996,1997.2819497883768,0.1220852595555954,0.066749064576161,False,False,,
606,2.4533304000000005,651014.0,2221.890784982935,2217.617747440273,2241.2798155245105,1997.2819497883768,0.1221649581131932,0.2311566204444659,False,False,,
607,2.4573788000000003,649219.0,2215.764505119454,2221.1535836177472,2244.8588057014313,1997.2819497883768,0.1239568884800099,0.2239828048960568,False,False,,
608,2.4614272,649000.0,2215.0170648464164,2221.1535836177472,2244.901974170291,1997.2819497883768,0.1239785020878755,0.0053396974993003,False,False,,
609,2.4654756000000004,652685.0,2227.59385665529,2221.1535836177472,2244.9451571134155,1997.2819497883768,0.1240001229427223,0.0053414878846869,False,False,,
610,2.4695240000000003,653920.0,2231.8088737201365,2221.1535836177472,2244.988354535658,1997.2819497883768,0.1240217510469802,0.0053432788703684,False,False,,
611,2.473572400000001,648527.0,2213.4027303754265,2221.1535836177472,2245.031566441873,1997.2819497883768,0.1240433864030799,-0.1753113310760135,False,False,,
612,2.4776208000000004,651231.0,2222.6313993174062,2218.232081911263,2242.153291130434,1997.2819497883768,0.1226022902615241,0.0053468626435435,False,False,,
613,2.4816692,650798.0,2221.1535836177472,2221.1535836177472,2245.11803372565,1997.2819497883768,0.1240866788805322,0.005348655431403,False,True,521.0,3.0
614,2.4857176000000005,652334.0,2226.3959044368603,2218.232081911263,2242.239787406445,1997.2819497883768,0.1226455972548207,-0.175305952712252,False,False,,
615,2.4897660000000004,646553.0,2206.665529010239,2218.232081911263,2242.2830572971325,1997.2819497883768,0.1226672616426114,0.0053522428105825,False,False,,
616,2.4938144,649942.0,2218.232081911263,2218.232081911263,2242.326341696091,1997.2819497883768,0.1226889332944095,-0.1964070839354459,False,False,,
617,2.4978628000000005,647163.0,2208.7474402730377,2214.9692832764504,2239.1068419733733,1997.2819497883768,0.1210769927654027,-0.2932759526478552,False,False,,
618,2.5019112000000003,651007.0,2221.866894197952,2213.4027303754265,2237.583602502446,1997.2819497883768,0.1203143365610101,-0.3432923427908019,False,False,,
619,2.5059596,645566.0,2203.296928327645,2209.331058020478,2233.555258100464,1997.2819497883768,0.1182974233242942,-0.2825089533542169,False,False,,
620,2.5100080000000005,651878.0,2224.839590443686,2208.7474402730377,2233.01498283373,1997.2819497883768,0.1180269180674919,-0.0307278490780866,False,False,,
621,2.5140564000000003,646481.0,2206.419795221843,2208.7474402730377,2233.0583398470467,1997.2819497883768,0.1180486260758787,-0.1233757714205392,False,False,,
622,2.5181048000000006,646402.0,2206.150170648464,2206.665529010239,2231.019800135048,1997.2819497883768,0.117027969121454,-0.1385693714751639,False,False,,
623,2.5221532000000004,648986.0,2214.9692832764504,2206.419795221843,2230.8174524398096,1997.2819497883768,0.1169266575889185,-0.0265015105014185,False,False,,
624,2.5262016000000003,647334.0,2209.331058020478,2206.150170648464,2230.591228506822,1997.2819497883768,0.1168133916912261,-0.1877397704020023,False,False,,
625,2.530250000000001,642919.0,2194.2627986348125,2203.296928327645,2227.7814013785055,1997.2819497883768,0.1154065662159274,-0.2588608761310151,False,False,,
626,2.5342984000000004,644785.0,2200.6313993174062,2201.877133105802,2226.4050359061557,1997.2819497883768,0.1147174469493684,-0.1033172905485049,False,False,,
627,2.5383468,645150.0,2201.877133105802,2201.539249146758,2226.110596258476,1997.2819497883768,0.1145700267778143,-0.0716584096188501,False,False,,
628,2.5423952000000005,647927.0,2211.354948805461,2200.6313993174062,2225.246205307243,1997.2819497883768,0.1141372431383664,-0.0718676549911112,False,False,,
629,2.5464436000000004,644685.0,2200.2901023890786,2200.2901023890786,2224.9483818286726,1997.2819497883768,0.1139881287488822,-0.388436649639404,False,False,,
630,2.550492,641660.0,2189.9658703071673,2194.2627986348125,2218.9645661006875,1997.2819497883768,0.1109921492735662,-0.3711289763648722,False,False,,
631,2.5545404000000005,645051.0,2201.539249146758,2194.2013651877132,2218.9466352612812,1997.2819497883768,0.1109831716530514,-0.0659529243426249,False,False,,
632,2.5585888000000003,642901.0,2194.2013651877132,2193.109215017065,2217.898002284626,1997.2819497883768,0.1104581416357489,-0.1822381262257693,False,False,,
633,2.5626372,642012.0,2191.1672354948805,2191.1672354948805,2215.9995545476263,1997.2819497883768,0.1095076259926267,-0.1889898317148564,False,False,,
634,2.5666856000000005,639781.0,2183.5529010238906,2189.9658703071673,2214.8417357411818,1997.2819497883768,0.1089279287663201,-0.4173410945535973,False,False,,
635,2.5707340000000003,639136.0,2181.3515358361774,2184.331058020478,2209.2504844367386,1997.2819497883768,0.1061284986182453,-0.391169435936094,False,False,,
636,2.5747824000000006,642581.0,2193.109215017065,2183.5529010238906,2208.515903028271,1997.2819497883768,0.1057607080774329,-0.1459307851348157,False,False,,
637,2.5788308000000004,639240.0,2181.7064846416383,2181.883959044369,2206.89055124764,1997.2819497883768,0.1049469262371657,-0.1087846710072213,False,False,,
638,2.5828792000000003,639292.0,2181.883959044369,2181.7064846416383,2206.75668165947,1997.2819497883768,0.1048799003532217,-0.0275296918808045,False,False,,
639,2.5869276000000005,637193.0,2174.720136518771,2181.3515358361774,2206.4453522891395,1997.2819497883768,0.1047240238279452,-0.3563394179634986,False,False,,
640,2.5909760000000004,640009.0,2184.331058020478,2175.8566552901025,2200.994105803668,1997.2819497883768,0.1019946913538551,-0.4046674172284827,False,False,,
641,2.5950244,636606.0,2172.716723549488,2174.720136518771,2199.9012357233164,1997.2819497883768,0.1014475126841298,-0.1887643239256125,False,False,,
642,2.5990728000000005,632867.0,2159.9556313993176,2172.716723549488,2197.941486080295,1997.2819497883768,0.1004663043758941,-0.9075892701889696,False,False,,
643,2.6031212000000004,637526.0,2175.8566552901025,2159.9556313993176,2185.224071896575,1997.2819497883768,0.0940989438812642,-0.8221133440685424,False,False,,
644,2.6071696,632676.0,2159.3037542662114,2159.334470989761,2184.6466040985674,1997.2819497883768,0.0938098170516402,-0.0349054838175337,False,False,,
645,2.6112180000000005,631385.0,2154.897610921502,2159.3037542662114,2184.659594636575,1997.2819497883768,0.0938163211598904,-0.1201667397067449,False,False,,
646,2.6152664000000003,632090.0,2157.3037542662114,2157.3037542662114,2182.7033165530524,1997.2819497883768,0.0928368509935827,-0.2670537768195267,False,False,,
647,2.6193148000000006,632685.0,2159.334470989761,2154.897610921502,2180.3409097846547,1997.2819497883768,0.091654040139738,-0.1503428629573786,False,False,,
648,2.6233632000000005,631352.0,2154.7849829351535,2154.7849829351535,2180.272033039368,1997.2819497883768,0.0916195549007892,-0.0813286152470809,False,False,,
649,2.6274116000000003,630974.0,2153.494880546075,2153.494880546075,2179.025696561018,1997.2819497883768,0.0909955386078055,-0.3183328041040827,False,False,,
650,2.631460000000001,629280.0,2147.713310580205,2149.5494880546075,2175.1240846548644,1997.2819497883768,0.0890420778525191,-0.3520985406284982,False,False,,
651,2.6355084000000004,629818.0,2149.5494880546075,2147.713310580205,2173.3317024452813,1997.2819497883768,0.0881446671440445,-0.2478394090182902,False,False,,
652,2.6395568000000003,626381.0,2137.819112627986,2145.4539249146756,2171.116126728999,1997.2819497883768,0.0870353717255799,-0.4208962950396433,False,False,,
653,2.6436052000000005,627260.0,2140.819112627986,2140.819112627986,2166.5251390809085,1997.2819497883768,0.0847367540223673,-0.4666917200265388,False,False,,
654,2.6476536000000004,623259.0,2127.1638225255974,2137.819112627986,2163.568978413784,1997.2819497883768,0.0832566622068689,-0.292575964033924,False,False,,
655,2.651702,628618.0,2145.4539249146756,2136.0,2161.793719817877,1997.2819497883768,0.0823678249567775,-0.3480795589125733,False,False,,
656,2.6557504000000005,625848.0,2136.0,2132.102389078498,2157.9399776325863,1997.2819497883768,0.0804383316342654,-0.5386533599349903,False,False,,
657,2.6597988000000004,623270.0,2127.2013651877132,2127.2013651877132,2153.0828371870753,1997.2819497883768,0.0780064564320559,-0.2999571595094519,False,False,,
658,2.6638472,624706.0,2132.102389078498,2127.1638225255974,2153.089192684228,1997.2819497883768,0.0780096385051494,-0.1361827137823894,False,False,,
659,2.6678956000000005,619935.0,2115.819112627986,2124.9112627986347,2150.880545835462,1997.2819497883768,0.0769038122351025,-0.336253636887001,False,False,,
660,2.6719440000000003,622599.0,2124.9112627986347,2121.638225255973,2147.651435894859,1997.2819497883768,0.0752870600580027,-0.5567961375921762,False,False,,
661,2.6759924000000006,619403.0,2114.003412969283,2115.819112627986,2141.8762655977316,1997.2819497883768,0.072395545268246,-0.4666771621539478,False,False,,
662,2.6800408000000004,621640.0,2121.638225255973,2114.003412969283,2140.1045230036266,1997.2819497883768,0.0715084684114743,-0.3691715341730592,False,False,,
663,2.6840892000000003,616033.0,2102.5017064846415,2109.7610921501705,2135.9061739877907,1997.2819497883768,0.0694064371903537,-0.435227484071456,False,False,,
664,2.688137600000001,615775.0,2101.6211604095565,2106.877133105802,2133.0662014903196,1997.2819497883768,0.0679845185184446,-0.1859789194686296,False,False,,
665,2.6921860000000004,615109.0,2099.3481228668943,2106.665529010239,2132.8985986902185,1997.2819497883768,0.0679006030751999,-0.2651197944235726,False,False,,
666,2.6962344000000003,617315.0,2106.877133105802,2102.5017064846415,2128.7787922135917,1997.2819497883768,0.0658378965669559,-0.3064832203154708,False,False,,
667,2.7002828000000005,618160.0,2109.7610921501705,2101.6211604095565,2127.942276945934,1997.2819497883768,0.0654190697369497,-0.1895612470562904,False,False,,
668,2.7043312000000004,617253.0,2106.665529010239,2099.3481228668943,2125.713284974103,1997.2819497883768,0.0643030570617905,-0.3069016630229884,False,False,,
669,2.7083796,611483.0,2086.972696245734,2096.569965870307,2122.9791883167013,1997.2819497883768,0.0629341483517853,-0.7598071232801678,False,False,,
670,2.7124280000000005,611408.0,2086.716723549488,2086.972696245734,2113.4259938046207,1997.2819497883768,0.0581510507460152,-0.6038414165444141,False,False,,
671,2.7164764000000003,614295.0,2096.569965870307,2086.716723549488,2113.2141109991276,1997.2819497883768,0.0580449651703079,-0.1152653250659225,False,False,,
672,2.7205248000000006,610614.0,2084.006825938566,2085.0204778156995,2111.5619699393064,1997.2819497883768,0.0572177704620214,-0.1621159744327203,False,False,,
673,2.7245732000000005,610911.0,2085.0204778156995,2084.006825938566,2110.592437524313,1997.2819497883768,0.056732344548521,-0.0719969916505487,False,False,,
674,2.7286216000000003,608269.0,2076.003412969283,2083.767918088737,2110.3976639297525,1997.2819497883768,0.0566348252200252,-0.0392828461252339,False,False,,
675,2.7326700000000006,610544.0,2083.767918088737,2083.283276450512,2109.957171344887,1997.2819497883768,0.0564142792000142,-0.4746713852660811,False,False,,
676,2.7367184000000004,605304.0,2065.883959044369,2076.003412969283,2102.7214717200695,1997.2819497883768,0.0527915059478031,-0.6067851001921536,False,False,,
677,2.7407668000000003,610402.0,2083.283276450512,2073.382252559727,2100.144489974941,1997.2819497883768,0.0515012616007785,-0.4145192710981495,False,False,,
678,2.744815200000001,604033.0,2061.5460750853244,2069.211604095563,2096.0180349881844,1997.2819497883768,0.0494352263135755,-0.3271438988219604,False,False,,
679,2.7488636000000004,606279.0,2069.211604095563,2068.003412969283,2094.8540521572595,1997.2819497883768,0.0488524428807967,-0.2003026998956274,False,False,,
680,2.752912,605925.0,2068.003412969283,2065.883959044369,2092.778821350616,1997.2819497883768,0.0478134154130606,-0.2910511615464886,False,False,,
681,2.7569604000000005,607501.0,2073.382252559727,2063.20819112628,2090.147291378684,1997.2819497883768,0.046495859835987,-0.2627690028811908,False,False,,
682,2.7610088000000004,601167.0,2051.764505119454,2061.5460750853244,2088.5294281167426,1997.2819497883768,0.0456858273505321,-0.5274203544973304,False,False,,
683,2.7650572,601995.0,2054.590443686007,2054.590443686007,2081.61806433427,1997.2819497883768,0.0422254427096932,-0.5993856136766444,False,False,,
684,2.7691056000000005,604520.0,2063.20819112628,2051.764505119454,2078.8364082273683,1997.2819497883768,0.0408327219137152,-0.6688183058639279,False,False,,
685,2.7731540000000003,598586.0,2042.955631399317,2043.6860068259384,2070.802207241287,1997.2819497883768,0.0368101546507743,-0.5392334896724504,False,False,,
686,2.7772024000000006,597868.0,2040.5051194539249,2042.955631399317,2070.116143974861,1997.2819497883768,0.0364666561945357,-0.0571998521180834,False,False,,
687,2.7812508000000005,598224.0,2041.7201365187711,2042.6723549488056,2069.877194542285,1997.2819497883768,0.0363470188881446,-0.0151996218864338,False,False,,
688,2.7852992000000003,598800.0,2043.6860068259384,2042.6211604095563,2069.870341883696,1997.2819497883768,0.0363435878960456,-0.0533973262983149,False,False,,
689,2.7893476000000006,598503.0,2042.6723549488056,2041.7201365187711,2069.013674741277,1997.2819497883768,0.0359146714165723,-0.1253625817822286,False,False,,
690,2.7933960000000004,597502.0,2039.2559726962456,2040.5051194539249,2067.843029297488,1997.2819497883768,0.0353285521438712,-0.1468875563150025,False,False,,
691,2.7974444000000003,598488.0,2042.6211604095563,2039.2559726962456,2066.6382690385453,1997.2819497883768,0.0347253522506011,-0.256630259016724,False,False,,
692,2.801492800000001,596626.0,2036.2662116040956,2036.2662116040956,2063.6929093277977,1997.2819497883768,0.0332506682626645,-0.4693639937508944,False,False,,
693,2.8055412000000004,595252.0,2031.5767918088736,2031.5767918088736,2059.047905801636,1997.2819497883768,0.0309250058659988,-0.3342919454778585,False,False,,
694,2.8095896,595016.0,2030.7713310580205,2030.7713310580205,2058.286876212491,1997.2819497883768,0.0305439732385195,-0.1308406044184562,False,False,,
695,2.8136380000000005,591080.0,2017.3378839590443,2029.372013651877,2056.932004865698,1997.2819497883768,0.0298656156601434,-0.4685142785471097,False,False,,
696,2.8176864000000004,590317.0,2014.7337883959044,2023.1058020477817,2050.7102542235907,1997.2819497883768,0.0267505068279794,-0.7386528486811827,False,False,,
697,2.8217348,594606.0,2029.372013651877,2017.3378839590443,2044.986812004476,1997.2819497883768,0.0238848912749419,-0.3984429214303837,False,False,,
698,2.8257832000000005,592770.0,2023.1058020477817,2016.5733788395903,2044.266797667277,1997.2819497883768,0.0235243941817421,-0.1555257518633555,False,False,,
699,2.8298316000000003,588629.0,2008.9726962457337,2014.7337883959044,2042.4717129234784,1997.2819497883768,0.0226256303672547,-0.4644970045841536,False,False,,
700,2.8338800000000006,587963.0,2006.6996587030717,2008.9726962457337,2036.7551413958297,1997.2819497883768,0.0197634548350249,-0.4912981528905491,False,False,,
701,2.8379284000000005,586079.0,2000.269624573379,2006.6996587030717,2034.526639403328,1997.2819497883768,0.0186476874829302,-0.2775054947986572,False,False,,
702,2.8419768000000003,586649.0,2002.2150170648465,2004.39590443686,2032.26743561992,1997.2819497883768,0.0175165483447392,-0.1916074381071779,False,False,,
703,2.8460252000000006,590856.0,2016.5733788395903,2003.5119453924915,2031.4280419960053,1997.2819497883768,0.0170962803780641,-0.0888256049522238,False,False,,
704,2.8500736000000004,587288.0,2004.39590443686,2002.8703071672355,2030.8309841338616,1997.2819497883768,0.016797345186562,-0.074683594359644,False,False,,
705,2.8541220000000003,586841.0,2002.8703071672355,2002.2150170648465,2030.2202893422543,1997.2819497883768,0.016491582251253,-0.1553017750727192,False,False,,
706,2.858170400000001,580152.0,1980.0409556313991,2000.269624573379,2028.3195071142493,1997.2819497883768,0.0155398977741531,-0.7863310476859593,False,False,,
707,2.8622188000000004,587029.0,2003.5119453924915,1989.409556313993,2017.5040640760203,1997.2819497883768,0.0101248170243497,-0.7149952445613841,False,False,,
708,2.8662672,582897.0,1989.409556313993,1988.617747440273,2016.756895386167,1997.2819497883768,0.0097507242779888,-0.3201240862024728,False,False,,
709,2.8703156000000005,581354.0,1984.1433447098975,1984.1433447098975,2012.3271478073848,1997.2819497883768,0.0075328363231852,-0.3372170578208225,False,False,,
710,2.8743640000000004,580876.0,1982.5119453924915,1983.075085324232,2011.3035585460584,1997.2819497883768,0.0070203452042249,-0.0953551168084705,False,False,,
711,2.8784124000000006,580690.0,1981.8771331058024,1982.5119453924915,2010.785103716422,1997.2819497883768,0.0067607650134104,-0.0565205797012829,False,False,,
712,2.8824608000000005,580747.0,1982.0716723549488,1982.0716723549488,2010.3895307637715,1997.2819497883768,0.0065627093744995,-0.0337256290248179,False,False,,
713,2.8865092000000003,582665.0,1988.617747440273,1981.8771331058024,2010.2397065873288,1997.2819497883768,0.0064876953403223,-0.0064986865678868,False,False,,
714,2.8905576000000006,581041.0,1983.075085324232,1981.8771331058024,2010.2844366528689,1997.2819497883768,0.0065100908090967,-0.6347843406393741,False,False,,
715,2.8946060000000005,577656.0,1971.5221843003412,1971.5221843003412,1999.974232910812,1997.2819497883768,0.0013479734910339,-0.7582450963482008,False,False,,
716,2.8986544000000003,577071.0,1969.5255972696243,1969.5255972696243,1998.0224059463917,1997.2819497883768,0.0003707319129848,-0.1584471037103098,False,False,,
717,2.9027028000000006,576879.0,1968.8703071672355,1968.8703071672355,1997.4118909182223,1997.2819497883768,6.505898171237924e-05,-0.1668871352364958,False,False,,
718,2.9067512000000004,573670.0,1957.9180887372013,1966.7372013651875,1995.323575203349,1997.2819497883768,-0.0009805198435979,-0.5767389368354345,False,False,,
719,2.9107996000000003,574120.0,1959.453924914676,1959.453924914676,1988.0851038580008,1997.2819497883768,-0.0046046808420565,-0.5398038195353152,False,False,,
720,2.9148480000000005,576254.0,1966.7372013651875,1957.9180887372013,1986.594087808714,1997.2819497883768,-0.0053512034096112,-0.1229837451184495,False,False,,
721,2.9188964000000004,573511.0,1957.3754266211604,1957.3754266211604,1986.0962608489224,1997.2819497883768,-0.0056004556295317,-0.1018771664263207,False,False,,
722,2.9229448,569996.0,1945.3788395904437,1956.1808873720136,1984.946571789125,1997.2819497883768,-0.0061760824507318,-0.2548845255038693,False,False,,
723,2.9269932000000005,572277.0,1953.1638225255972,1953.1638225255972,1981.9743721701996,1997.2819497883768,-0.0076642046556315,-0.3272718543020598,False,False,,
724,2.9310416000000004,573161.0,1956.1808873720136,1950.7986348122868,1979.6540647275629,1997.2819497883768,-0.0088259372006448,-0.3952271913174521,False,False,,
725,2.9350900000000006,570378.0,1946.682593856655,1946.682593856655,1975.5829190908323,1997.2819497883768,-0.0108642801782908,-0.3135500642899569,False,False,,
726,2.9391384000000005,571584.0,1950.7986348122868,1945.6382252559729,1974.583460862324,1997.2819497883768,-0.0113646893611879,-0.0729543965051464,False,False,,
727,2.9431868000000003,570006.0,1945.4129692832764,1945.4129692832764,1974.4031303201211,1997.2819497883768,-0.0114549773359137,-0.0104825632519587,False,False,,
728,2.9472352000000006,567361.0,1936.3856655290103,1945.3788395904437,1974.4139411211515,1997.2819497883768,-0.0114495645793264,-0.0655640186892845,False,False,,
729,2.9512836000000005,570072.0,1945.6382252559729,1944.2627986348125,1973.3428557278028,1997.2819497883768,-0.011985836082437,-0.4395377897586636,False,False,,
730,2.9553320000000003,569669.0,1944.2627986348125,1938.1808873720136,1967.3059151007592,1997.2819497883768,-0.0150084141554442,-0.425817857381296,False,False,,
731,2.959380400000001,567887.0,1938.1808873720136,1937.2866894197953,1966.4567028628223,1997.2819497883768,-0.0154335981100817,-0.1054463456089871,False,False,,
732,2.9634288000000004,565879.0,1931.3276450511944,1936.3856655290103,1965.6006797699008,1997.2819497883768,-0.015862192126571,-0.3629220614781179,False,False,,
733,2.9674772000000003,567625.0,1937.2866894197953,1931.3276450511944,1960.587675178588,1997.2819497883768,-0.0183721054574576,-0.3386497673220372,False,False,,
734,2.9715256000000005,563318.0,1922.5870307167236,1930.8191126279864,1960.1241737355815,1997.2819497883768,-0.0186041715626239,-0.4475482545110751,False,False,,
735,2.9755740000000004,563732.0,1924.0,1924.0,1953.350107186556,1997.2819497883768,-0.0219958141645826,-0.503473894362982,False,False,,
736,2.9796224,561638.0,1916.8532423208192,1922.5870307167236,1951.9821990860637,1997.2819497883768,-0.0226806989905019,-0.3280918045235026,False,False,,
737,2.9836708000000005,559775.0,1910.4948805460751,1918.60409556314,1948.0443402241497,1997.2819497883768,-0.0246523078874486,-0.3489836082461615,False,False,,
738,2.9877192000000004,562151.0,1918.60409556314,1916.8532423208192,1946.3385783874512,1997.2819497883768,-0.0255063494697496,-0.3196461782057511,False,False,,
739,2.9917676000000006,565730.0,1930.8191126279864,1913.344709897611,1942.8751524888855,1997.2819497883768,-0.0272404190631451,-0.3876015058405642,False,False,,
740,2.9958160000000005,560610.0,1913.344709897611,1910.4948805460751,1940.0704447860817,1997.2819497883768,-0.0286446813422396,-0.398363042176213,False,False,,
741,2.9998644000000003,558559.0,1906.344709897611,1906.81228668942,1936.4329877073185,1997.2819497883768,-0.0304658849430373,-0.2510502265434717,False,False,,
742,3.0039128000000006,557045.0,1901.1774744027305,1906.344709897611,1936.010562827636,1997.2819497883768,-0.0306773848165166,-0.1003606551144664,False,False,,
743,3.0079612000000004,557223.0,1901.7849829351535,1905.098976109215,1934.809996090673,1997.2819497883768,-0.0312784850953681,-0.1567083843469379,False,False,,
744,3.0120096000000003,558696.0,1906.81228668942,1903.7201365187711,1933.476338696047,1997.2819497883768,-0.0319462212628969,-0.1993380450780848,False,False,,
745,3.016058000000001,557790.0,1903.7201365187711,1901.7849829351535,1931.586382457708,1997.2819497883768,-0.0328924853787564,-0.1516395044148413,False,False,,
746,3.0201064000000004,558194.0,1905.098976109215,1901.1774744027305,1931.0240864251057,1997.2819497883768,-0.033174016002243,-0.071650741821327,False,False,,
747,3.0241548000000003,556857.0,1900.5358361774745,1900.5358361774745,1930.4276758592923,1997.2819497883768,-0.0334726271051353,-0.0486447220733579,False,False,,
748,3.0282032000000005,556788.0,1900.3003412969283,1900.3003412969283,1930.2374238028951,1997.2819497883768,-0.0335678825879266,-0.0089659730504854,False,False,,
749,3.0322516000000004,554707.0,1893.19795221843,1900.3003412969283,1930.2826817968344,1997.2819497883768,-0.0335452227957305,-0.4335910591133549,False,False,,
750,3.0363000000000007,553434.0,1888.8532423208192,1893.19795221843,1923.225565887152,1997.2819497883768,-0.0370785826753561,-0.433589182066223,False,False,,
751,3.0403484000000005,553244.0,1888.2047781569968,1893.19795221843,1923.2708542359323,1997.2819497883768,-0.0370559076850847,0.0056019147567427,False,False,,
752,3.0443968000000003,552535.0,1885.7849829351535,1893.19795221843,1923.3161577697672,1997.2819497883768,-0.0370332250919537,0.0056037930628143,False,False,,
753,3.0484452000000006,551718.0,1882.996587030717,1893.19795221843,1923.3614764937483,1997.2819497883768,-0.0370105348934137,0.0056056719986923,False,False,,
754,3.0524936000000005,552523.0,1885.7440273037544,1893.19795221843,1923.4068104129688,1997.2819497883768,-0.0369878370869146,0.0056075515646041,False,False,,
755,3.0565420000000003,552850.0,1886.8600682593856,1893.19795221843,1923.4521595325236,1997.2819497883768,-0.0369651316699055,0.0056094317606856,False,False,,
756,3.0605904000000006,557486.0,1902.682593856655,1893.19795221843,1923.497523857509,1997.2819497883768,-0.0369424186398347,0.5921114759741504,False,False,,
757,3.0646388000000004,554252.0,1891.6450511945393,1902.682593856655,1933.0275450312488,1997.2819497883768,-0.0321709234712384,0.8867352459120736,False,False,,
758,3.0686872000000003,561801.0,1917.409556313993,1907.4470989761091,1937.8374449018463,1997.2819497883768,-0.0297627007007341,0.916283735727299,False,False,,
759,3.072735600000001,558882.0,1907.4470989761091,1917.409556313993,1947.8453122116052,1997.2819497883768,-0.0247519573198012,0.7103035531474702,False,False,,
760,3.0767840000000004,562221.0,1918.8430034129692,1918.8430034129692,1949.3241845082907,1997.2819497883768,-0.0240115148916091,1.0538902749267949,False,False,,
761,3.0808324,566768.0,1934.3617747440271,1934.3617747440271,1964.8883962679977,1997.2819497883768,-0.0162188185417743,1.7446496381331953,True,False,761.0,4.0
762,3.0848808000000005,570461.0,1946.9658703071673,1946.9658703071673,1977.537947495833,1997.2819497883768,-0.0098854357015722,1.3272001649995353,False,False,,
763,3.0889292000000004,573663.0,1957.8941979522183,1955.7337883959044,1986.3513364904209,1997.2819497883768,-0.0054727442458056,0.6813976242054828,False,False,,
764,3.0929776000000007,573030.0,1955.7337883959044,1957.8941979522183,1988.5572321988504,1997.2819497883768,-0.0043682954179055,0.6782338021122347,False,False,,
765,3.0970260000000005,576217.0,1966.6109215017063,1966.6109215017063,1997.319457151832,1997.2819497883768,1.8779203136373663e-05,1.236244480271974,False,False,,
766,3.1010744000000003,580718.0,1981.9726962457337,1977.7952218430032,2008.5492741531136,1997.2819497883768,0.0056413288899601,0.8721899507743948,False,False,,
767,3.1051228000000006,579494.0,1977.7952218430032,1980.6245733788396,2011.424157610541,1997.2819497883768,0.0070807267965661,0.2639538137632178,False,False,,
768,3.1091712000000005,580323.0,1980.6245733788396,1981.9726962457337,2012.8178276657504,1997.2819497883768,0.0077785101292382,0.4087340800351652,False,False,,
769,3.1132196000000003,582233.0,1987.1433447098975,1987.1433447098975,2018.034038590072,1997.2819497883768,0.0103901648957947,0.5796841994986888,False,False,,
770,3.1172680000000006,583646.0,1991.9658703071673,1991.2559726962456,2022.1922443135416,1997.2819497883768,0.0124720971557392,0.3038474013191685,False,False,,
771,3.1213164000000004,583438.0,1991.2559726962456,1991.9658703071673,2022.9477349436695,1997.2819497883768,0.012850356534796,0.103354453477974,False,False,,
772,3.1253648000000003,583901.0,1992.8361774744028,1992.8361774744028,2023.863650417322,1997.2819497883768,0.0133089374946596,1.0566565380214752,False,False,,
773,3.129413200000001,589641.0,2012.4266211604097,2008.962457337884,2040.035553879555,1997.2819497883768,0.0214058931918492,1.2170543001172445,False,False,,
774,3.1334616000000004,588626.0,2008.962457337884,2012.4266211604097,2043.5453565982957,1997.2819497883768,0.0231631827518498,0.6750869877297818,False,False,,
775,3.1375100000000007,591798.0,2019.7883959044368,2019.7883959044368,2050.9527855411297,1997.2819497883768,0.0268719375141,0.5607012992303511,False,False,,
776,3.1415584000000005,592271.0,2021.4027303754267,2021.4027303754267,2052.61278951865,1997.2819497883768,0.0277030690314585,0.7751271459309033,False,False,,
777,3.1456068000000004,595444.0,2032.2320819112629,2032.2320819112629,2063.487825873872,1997.2819497883768,0.0331479869892731,0.8749543647239495,False,False,,
778,3.1496552000000007,596390.0,2035.4607508532424,2035.4607508532424,2066.7621949532277,1997.2819497883768,0.0347873995317551,0.3211684117845257,False,False,,
779,3.1537036000000005,596939.0,2037.334470989761,2037.334470989761,2068.681630550248,1997.2819497883768,0.0357484233858102,0.5948985230429393,False,False,,
780,3.1577520000000003,603017.0,2058.078498293515,2044.9897610921505,2076.382651441403,1997.2819497883768,0.0396041738931289,1.2884015118624728,False,False,,
781,3.1618004000000006,599182.0,2044.9897610921505,2058.078498293515,2089.517134764937,1997.2819497883768,0.0461803527470587,1.1339168595442892,False,False,,
782,3.1658488000000005,604528.0,2063.235494880546,2063.235494880546,2094.719892812682,1997.2819497883768,0.0487852719214877,0.4218455106084686,False,False,,
783,3.1698972000000003,604989.0,2064.8088737201365,2064.8088737201365,2096.3390484566744,1997.2819497883768,0.0495959514773532,0.2956411841013571,False,False,,
784,3.1739456000000006,605902.0,2067.924914675768,2067.924914675768,2099.5008815655397,1997.2819497883768,0.0511790194609197,0.3606456196658847,False,False,,
785,3.1779940000000004,610279.0,2082.863481228669,2070.5494880546075,2102.171262451592,1997.2819497883768,0.052516026930664,0.9294197176175372,False,False,,
786,3.1820424000000003,610648.0,2084.122866894198,2082.863481228669,2114.5310784919934,1997.2819497883768,0.0587043450305251,0.8450027382345544,False,False,,
787,3.186090800000001,606671.0,2070.5494880546075,2084.122866894198,2115.836302388139,1997.2819497883768,0.0593578451016011,0.0936766136436881,False,False,,
788,3.1901392000000004,610707.0,2084.3242320819113,2084.286689419795,2116.0459785137805,1997.2819497883768,0.0594628258358754,0.0181236178531376,False,False,,
789,3.1941876000000007,613281.0,2093.109215017065,2084.3242320819113,2116.1293901505232,1997.2819497883768,0.0595045884106343,0.3382841190478372,False,False,,
790,3.1982360000000005,612272.0,2089.665529010239,2089.665529010239,2121.5165714332143,1997.2819497883768,0.0622018446909817,0.3612901660226848,False,False,,
791,3.2022844000000004,612392.0,2090.075085324232,2090.075085324232,2121.9720274864644,1997.2819497883768,0.0624298826268867,0.218624163164443,False,False,,
792,3.2063328000000006,614549.0,2097.436860068259,2093.109215017065,2125.052072308606,1997.2819497883768,0.0639720008152917,0.4609082501914452,False,False,,
793,3.2103812000000005,615601.0,2101.027303754266,2097.436860068259,2129.4256478843217,1997.2819497883768,0.0661617645470368,0.4953108477753902,False,False,,
794,3.2144296000000003,610696.0,2084.286689419795,2101.027303754266,2133.062037495224,1997.2819497883768,0.0679824336875593,0.3357610709878873,False,False,,
795,3.2184780000000006,616113.0,2102.774744027304,2102.774744027304,2134.855439098695,1997.2819497883768,0.0688803547866115,0.3942230504269624,False,False,,
796,3.2225264000000005,620677.0,2118.3515358361774,2107.310580204778,2139.437252017306,1997.2819497883768,0.0711743788822562,0.4301029803134533,False,False,,
797,3.2265748000000003,621602.0,2121.508532423208,2109.638225255973,2141.8108892255086,1997.2819497883768,0.0723628125976133,0.6884266575859517,False,False,,
798,3.2306232000000006,618124.0,2109.638225255973,2118.3515358361774,2150.57020738376,1997.2819497883768,0.0767484318433986,0.5803723996793018,False,False,,
799,3.2346716000000004,617442.0,2107.310580204778,2118.9317406143346,2151.196435166174,1997.2819497883768,0.0770619718433372,0.20091144571726,False,False,,
800,3.2387200000000007,620847.0,2118.9317406143346,2121.508532423208,2153.819265410687,1997.2819497883768,0.0783751716370823,0.5940942844639441,False,False,,
801,3.242768400000001,623928.0,2129.4470989761094,2128.4470989761094,2160.8038858357845,1997.2819497883768,0.0818722344457847,0.4965923883793461,False,False,,
802,3.2468168000000004,628075.0,2143.6006825938566,2129.4470989761094,2161.849955149713,1997.2819497883768,0.082395980887312,0.1641949615028402,False,False,,
803,3.2508652000000007,623635.0,2128.4470989761094,2131.0102389078497,2163.4591798422916,1997.2819497883768,0.0832016882100809,0.1644079193970462,False,False,,
804,3.2549136000000005,627697.0,2142.310580204778,2132.0136518771333,2164.508693024503,1997.2819497883768,0.0837271589290861,0.1515359516526455,False,False,,
805,3.2589620000000004,625077.0,2133.3686006825938,2133.3686006825938,2165.909757500161,1997.2819497883768,0.084428644503422,0.4231556075233644,False,False,,
806,3.2630104000000006,624680.0,2132.0136518771333,2138.764505119454,2171.351793069673,1997.2819497883768,0.0871533652520815,0.5172845704733806,False,False,,
807,3.2670588000000005,624386.0,2131.0102389078497,2141.641638225256,2174.275072775763,1997.2819497883768,0.0886169942136311,0.2249861144311893,False,False,,
808,3.2711072000000003,627930.0,2143.1058020477817,2142.310580204778,2174.9901768283976,1997.2819497883768,0.0889750328234079,0.0962492375209418,False,False,,
809,3.2751556000000006,627501.0,2141.641638225256,2143.1058020477817,2175.8315762225257,1997.2819497883768,0.0893963050399907,0.0548859012459814,False,False,,
810,3.2792040000000005,634677.0,2166.133105802048,2143.1058020477817,2175.8777692568515,1997.2819497883768,0.0894194329886164,0.569209838084257,False,False,,
811,3.2832524000000003,630600.0,2152.2184300341296,2152.2184300341296,2185.0366057659185,1997.2819497883768,0.0940050832569911,0.925459424223634,False,False,,
812,3.287300800000001,626658.0,2138.764505119454,2157.9795221843005,2190.8439219323946,1997.2819497883768,0.0969126928546703,0.3946776375921832,False,False,,
813,3.2913492000000004,636828.0,2173.4744027303755,2158.508532423208,2191.419171686389,1997.2819497883768,0.0972007091530478,0.2079027844283771,False,False,,
814,3.2953976000000007,634636.0,2165.993174061434,2161.2491467576792,2194.2060410399245,1997.2819497883768,0.0985960401196301,0.1751923864854117,False,False,,
815,3.2994460000000005,634745.0,2166.3651877133107,2161.2491467576792,2194.252311568165,1997.2819497883768,0.098619206867943,0.1496575939192439,False,False,,
816,3.3034944000000004,632288.0,2157.9795221843005,2163.5767918088736,2196.626242661977,1997.2819497883768,0.0998077877260754,0.2990809291815246,False,False,,
817,3.3075428000000007,632443.0,2158.508532423208,2165.993174061434,2199.0889264767325,1997.2819497883768,0.1010408053353401,0.1551486597947828,False,False,,
818,3.3115912000000005,633928.0,2163.5767918088736,2165.993174061434,2199.1352435637104,1997.2819497883768,0.1010639953947019,0.0287333084900698,False,False,,
819,3.3156396000000004,633246.0,2161.2491467576792,2166.3651877133107,2199.553589832554,1997.2819497883768,0.1012734531875225,0.4683465430049818,False,False,,
820,3.3196880000000006,638465.0,2179.061433447099,2173.4744027303755,2206.7091530017783,1997.2819497883768,0.1048561036841051,0.6810840402579945,False,False,,
821,3.3237364000000005,638677.0,2179.7849829351535,2177.286689419795,2210.5678033837617,1997.2819497883768,0.1067880544446836,0.3512191919633345,False,False,,
822,3.3277848000000003,632793.0,2159.703071672355,2179.061433447099,2212.388926649244,1997.2819497883768,0.1076998552375937,0.1602234006314606,False,False,,
823,3.3318332000000006,637945.0,2177.286689419795,2179.7849829351535,2213.1588709263033,1997.2819497883768,0.1080853512749164,0.0665203682463477,False,False,,
824,3.3358816000000004,638753.0,2180.0443686006824,2180.0443686006824,2213.464666936878,1997.2819497883768,0.1082384573552108,0.2169989446525431,False,False,,
825,3.3399300000000003,639777.0,2183.539249146758,2183.2013651877132,2216.6680894302112,1997.2819497883768,0.1098423483299791,0.2218549550479327,False,False,,
826,3.343978400000001,639791.0,2183.5870307167233,2183.539249146758,2217.0524148620325,1997.2819497883768,0.1100347725552428,0.029592883107977,False,False,,
827,3.3480268000000004,644187.0,2198.590443686007,2183.5870307167233,2217.1466534764686,1997.2819497883768,0.1100819559859277,0.5291435270285145,False,False,,
828,3.3520752000000007,639678.0,2183.2013651877132,2192.003412969283,2225.6095083504138,1997.2819497883768,0.1143191418648878,0.5361100113412824,False,False,,
829,3.3561236000000005,642257.0,2192.003412969283,2192.1638225255974,2225.816406110251,1997.2819497883768,0.1144227315257563,0.0156695483678177,False,False,,
830,3.3601720000000004,642868.0,2194.0887372013653,2192.1638225255974,2225.862909901137,1997.2819497883768,0.1144460150641123,0.0376203850345611,False,False,,
831,3.3642204000000007,645126.0,2201.795221843003,2192.679180887372,2226.4247876463864,1997.2819497883768,0.1147273362593042,0.1247848065459056,False,False,,
832,3.3682688000000005,642455.0,2192.679180887372,2194.0887372013653,2227.880878941671,1997.2819497883768,0.1154563726857532,0.3064983734312658,False,False,,
833,3.3723172000000003,644528.0,2199.7542662116043,2197.542662116041,2231.3813544406853,1997.2819497883768,0.1172089922893024,0.2193378106451238,False,False,,
834,3.3763656000000006,643880.0,2197.542662116041,2197.542662116041,2231.427920633302,1997.2819497883768,0.1172323070709845,-0.2078197875559126,False,False,,
835,3.3804140000000005,642304.0,2192.1638225255974,2194.0887372013653,2228.0205775247555,1997.2819497883768,0.1155263170334198,0.0057619081767512,False,False,,
836,3.3844624000000003,644213.0,2198.679180887372,2197.542662116041,2231.5210998643074,1997.2819497883768,0.11727896008911,0.2326395780342558,False,False,,
837,3.3885108000000006,641337.0,2188.863481228669,2197.7576791808874,2231.7827299780142,1997.2819497883768,0.1174099531688474,0.0190617462046738,False,False,,
838,3.3925592000000004,644777.0,2200.6040955631397,2197.7576791808874,2231.829358656097,1997.2819497883768,0.11743329923578,0.0057677059745699,False,False,,
839,3.3966076000000007,643943.0,2197.7576791808874,2197.7576791808874,2231.876002968643,1997.2819497883768,0.1174566531305824,0.062752383344085,False,False,,
840,3.400656000000001,646040.0,2204.914675767918,2198.679180887372,2232.8441646273795,1997.2819497883768,0.1179413927332403,0.0467147308359283,False,False,,
841,3.4047044000000004,642118.0,2191.5290102389076,2198.419795221843,2232.631454559051,1997.2819497883768,0.1178348929632147,0.0057735096063051,False,False,,
842,3.4087528000000007,640860.0,2187.235494880546,2198.679180887372,2232.937531471976,1997.2819497883768,0.1179881396858207,0.0218150324996564,False,False,,
843,3.4128012000000005,646990.0,2208.156996587031,2198.679180887372,2232.984238374814,1997.2819497883768,0.1180115249183579,-0.0102622051138663,False,False,,
844,3.4168496000000004,650139.0,2218.9044368600685,2198.419795221843,2232.771575272815,1997.2819497883768,0.1179050486634548,-0.0102602679741234,False,False,,
845,3.4208980000000007,643173.0,2195.1296928327647,2198.419795221843,2232.818313502288,1997.2819497883768,0.1179284495806251,0.0057812568671096,False,False,,
846,3.4249464000000005,645549.0,2203.2389078498295,2198.419795221843,2232.865067402956,1997.2819497883768,0.1179518583440564,0.0397617941924881,False,False,,
847,3.4289948000000003,644298.0,2198.9692832764504,2198.9692832764504,2233.4613250346815,1997.2819497883768,0.1182503928758428,0.005785134395019,False,False,,
848,3.4330432000000006,644137.0,2198.419795221843,2198.419795221843,2232.958622238898,1997.2819497883768,0.1179986994202259,-0.028191524752259,False,False,,
849,3.4370916000000005,646711.0,2207.204778156997,2198.419795221843,2233.0054231846866,1997.2819497883768,0.1180221317382287,0.0397676134100635,False,False,,
850,3.4411400000000003,641879.0,2190.713310580205,2198.9692832764504,2233.601727877307,1997.2819497883768,0.1183206898324845,0.0397695544501566,False,False,,
851,3.4451884000000006,643284.0,2195.508532423208,2198.9692832764504,2233.648560212805,1997.2819497883768,0.1183441378667007,0.0057928972546967,False,False,,
852,3.4492368000000004,642447.0,2192.6518771331057,2198.9692832764504,2233.6954082510524,1997.2819497883768,0.1183675937629763,0.0060058867947336,False,False,,
853,3.4532852000000007,644516.0,2199.713310580205,2198.972696245734,2233.745684966597,1997.2819497883768,0.1183927663309003,0.0057967825899023,False,False,,
854,3.457333600000001,646361.0,2206.0102389078497,2198.9692832764504,2233.7891514568555,1997.2819497883768,0.1184145291522502,0.0057987262346248,False,False,,
855,3.4613820000000004,642913.0,2194.2423208191126,2198.972696245734,2233.8394596042303,1997.2819497883768,0.1184397174574768,0.0060117177290983,False,False,,
856,3.4654304000000007,643320.0,2195.6313993174062,2198.972696245734,2233.8863705061417,1997.2819497883768,0.1184632048283592,-0.2008125914136638,False,True,761.0,4.0
857,3.4694788000000005,644515.0,2199.7098976109214,2195.6313993174062,2230.592000208818,1997.2819497883768,0.1168137780673188,-0.2008106458132044,False,False,,
858,3.4735272000000004,644983.0,2201.307167235495,2195.6313993174062,2230.638942574187,1997.2819497883768,0.1168372811913389,0.0058065073326574,False,False,,
859,3.4775756000000007,647620.0,2210.307167235495,2195.6313993174062,2230.685900679198,1997.2819497883768,0.1168607921958899,0.00580845423808,False,False,,
860,3.4816240000000005,644299.0,2198.972696245734,2195.6313993174062,2230.732874529128,1997.2819497883768,0.1168843110836138,-0.0577148048174649,False,False,,
861,3.4856724000000003,639646.0,2183.0921501706484,2194.6040955631397,2229.7525603749896,1997.2819497883768,0.1163934869642438,-0.0800838595997746,False,False,,
862,3.4897208000000006,645331.0,2202.494880546075,2194.2423208191126,2229.4377909865702,1997.2819497883768,0.1162358880892064,-0.4226115131739743,False,False,,
863,3.4937692000000005,640490.0,2185.972696245734,2187.6757679180887,2222.918259201916,1997.2819497883768,0.1129716860643771,-0.5055511124905632,False,False,,
864,3.4978176000000003,640989.0,2187.6757679180887,2185.972696245734,2221.262224411978,1997.2819497883768,0.1121425418415929,-0.1087804299809747,False,False,,
865,3.5018660000000006,643019.0,2194.6040955631397,2185.8225255972698,2221.159106417263,1997.2819497883768,0.1120909126789072,-0.1723036857692985,False,False,,
866,3.5059144000000004,639288.0,2181.8703071672353,2183.0921501706484,2218.4757994210117,1997.2819497883768,0.1107474333586562,-0.1630156575754568,False,False,,
867,3.5099628000000007,640446.0,2185.8225255972698,2183.0921501706484,2218.522883633293,1997.2819497883768,0.1107710075026504,-0.0697308439025157,False,False,,
868,3.514011200000001,638368.0,2178.7303754266213,2181.8703071672353,2217.3481406293636,1997.2819497883768,0.1101828366617463,-0.1284000121725821,False,False,,
869,3.5180596000000004,637791.0,2176.7610921501705,2180.921501706485,2216.4464509605928,1997.2819497883768,0.1097313782840915,-0.12692072834305,False,False,,
870,3.5221080000000007,638659.0,2179.7235494880547,2179.7235494880547,2215.295630331933,1997.2819497883768,0.1091551849084983,-0.1296623878195877,False,False,,
871,3.5261564000000005,639010.0,2180.921501706485,2178.7303754266213,2214.3496036633583,1997.2819497883768,0.1086815278623938,-0.1773570998260147,False,False,,
872,3.5302048000000004,635807.0,2169.9897610921503,2176.7610921501705,2212.427483588153,1997.2819497883768,0.1077191599426271,-0.2028918553815213,False,False,,
873,3.5342532000000006,636910.0,2173.7542662116043,2175.354948805461,2211.068519258376,1997.2819497883768,0.1070387530877407,-0.1800968019274318,False,False,,
874,3.5383016000000005,640704.0,2186.703071672355,2173.7542662116043,2209.5150314984417,1997.2819497883768,0.106260952156781,-0.1083387978694432,False,False,,
875,3.5423500000000003,637379.0,2175.354948805461,2173.508532423208,2209.3165083682616,1997.2819497883768,0.1061615555091514,-0.2269453657983415,False,False,,
876,3.5463984000000006,633589.0,2162.419795221843,2169.9897610921503,2205.844963525019,1997.2819497883768,0.1044234209189848,-0.2797052072787274,False,False,,
877,3.5504468000000005,635485.0,2168.890784982935,2168.890784982935,2204.793229738526,1997.2819497883768,0.1038968383868569,-0.4622590749046118,False,False,,
878,3.5544952000000007,636838.0,2173.508532423208,2162.419795221843,2198.369498140373,1997.2819497883768,0.1006806016412968,-0.4230023367209163,False,False,,
879,3.5585436000000006,633453.0,2161.9556313993176,2161.9556313993176,2197.952608326314,1997.2819497883768,0.1004718730668945,-0.4641545803382776,False,False,,
880,3.5625920000000004,631362.0,2154.819112627986,2154.819112627986,2190.8633794142897,1997.2819497883768,0.096922434835214,-0.5150149944087961,False,False,,
881,3.5666404000000007,630985.0,2153.532423208191,2153.532423208191,2189.623995709957,1997.2819497883768,0.0963018996601657,-0.0939738729772035,False,False,,
882,3.570688800000001,628125.0,2143.7713310580207,2153.204778156997,2189.343672235697,1997.2819497883768,0.0961615471804921,-0.5977415727525734,False,False,,
883,3.5747372000000004,627003.0,2139.9419795221843,2143.7713310580207,2179.9575625804455,1997.2819497883768,0.0914621056939028,-0.6099803476066779,False,False,,
884,3.5787856000000007,627971.0,2143.2457337883957,2143.2457337883957,2179.4793186266556,1997.2819497883768,0.0912226583019908,-0.1230924984093331,False,False,,
885,3.5828340000000005,627514.0,2141.6860068259384,2141.6860068259384,2177.966960857465,1997.2819497883768,0.0904654503527822,-0.1984343841646048,False,False,,
886,3.5868824000000004,630889.0,2153.204778156997,2139.9419795221843,2176.270318629734,1997.2819497883768,0.0896159747802869,-0.4016708712809702,False,False,,
887,3.5909308000000006,624106.0,2130.0546075085326,2135.0955631399315,2171.471303211585,1997.2819497883768,0.0872132016421942,-0.4972732867320637,False,False,,
888,3.5949792000000005,624619.0,2131.8054607508534,2131.8054607508534,2168.2286176800194,1997.2819497883768,0.0855896524322745,-0.305851512173275,False,False,,
889,3.5990276000000003,623065.0,2126.5017064846415,2130.0546075085326,2166.5251971939488,1997.2819497883768,0.0847367831184297,-0.3221001798386229,False,False,,
890,3.6030760000000006,621549.0,2121.3276450511944,2126.5017064846415,2163.019744830376,1997.2819497883768,0.082981671696157,-0.4917801598285134,False,False,,
891,3.607124400000001,621711.0,2121.8805460750855,2122.006825938566,2158.5723288540203,1997.2819497883768,0.0807549375203302,-0.2798868050805154,False,False,,
892,3.6111728000000007,625583.0,2135.0955631399315,2121.8805460750855,2158.4935294749935,1997.2819497883768,0.0807154842127813,-0.0361253227667752,False,False,,
893,3.6152212000000006,620971.0,2119.354948805461,2121.3276450511944,2157.9881248556285,1997.2819497883768,0.0804624380069522,-0.1502998876894175,False,False,,
894,3.6192696,621748.0,2122.006825938566,2119.354948805461,2156.0629409398302,1997.2819497883768,0.0794985360821377,-0.1519862953900119,False,False,,
895,3.6233180000000007,620801.0,2118.774744027304,2118.774744027304,2155.5302644223575,1997.2819497883768,0.0792318353704384,-0.0582793689105436,False,False,,
896,3.627366400000001,620282.0,2117.003412969283,2118.3174061433447,2155.1204707351735,1997.2819497883768,0.0790266596879428,-0.1036525452867209,False,False,,
897,3.6314148,620089.0,2116.3447098976108,2117.003412969283,2153.854037699321,1997.2819497883768,0.0783925814417609,-0.1161023581058149,False,False,,
898,3.6354632000000007,614129.0,2096.003412969283,2116.3447098976108,2153.242910712637,1997.2819497883768,0.0780866021148317,-0.8003154016637666,False,False,,
899,3.639511600000001,615530.0,2100.7849829351535,2103.9658703071673,2140.9116631593074,1997.2819497883768,0.0719125876975703,-0.9562773078357588,False,False,,
900,3.64356,615390.0,2100.307167235495,2100.7849829351535,2137.7783837818824,1997.2819497883768,0.0703438160087474,-0.2203537543777844,False,False,,
901,3.6476084000000006,620667.0,2118.3174061433447,2100.307167235495,2137.348192039638,1997.2819497883768,0.0701284274191244,-0.2036790512196749,False,False,,
902,3.651656800000001,616462.0,2103.9658703071673,2097.3959044368603,2134.484569166595,1997.2819497883768,0.068694667466832,-0.2602377251236767,False,False,,
903,3.6557052000000008,610960.0,2085.1877133105804,2096.003412969283,2133.139733598141,1997.2819497883768,0.068021334606343,-0.4835236848265989,False,False,,
904,3.6597536000000006,614537.0,2097.3959044368603,2089.481228668942,2126.6652211758105,1997.2819497883768,0.0647796728955282,-0.6050848944058362,False,False,,
905,3.663802,612218.0,2089.481228668942,2086.122866894198,2123.3545472633223,1997.2819497883768,0.063122083233318,-0.2595986540329775,False,False,,
906,3.6678504000000007,607519.0,2073.443686006826,2085.1877133105804,2122.4670975315653,1997.2819497883768,0.0626777545135541,-0.6529886533778155,False,False,,
907,3.671898800000001,608112.0,2075.467576791809,2075.467576791809,2112.79468085962,1997.2819497883768,0.0578349647046489,-0.6519314388999664,False,False,,
908,3.6759472,611234.0,2086.122866894198,2074.5494880546075,2111.924327969574,1997.2819497883768,0.0573991960390691,-0.1192463318653471,False,False,,
909,3.6799956000000007,607843.0,2074.5494880546075,2073.443686006826,2110.8662777746413,1997.2819497883768,0.0568694510048016,-0.092863452294277,False,False,,
910,3.684044000000001,607375.0,2072.952218430034,2072.952218430034,2110.422578061759,1997.2819497883768,0.0566472992385327,-0.4220951007772315,False,False,,
911,3.6880924,605491.0,2066.5221843003415,2066.5221843003415,2104.040327812405,1997.2819497883768,0.0534518313928286,-0.4450972642224977,False,False,,
912,3.6921408000000007,604948.0,2064.668941979522,2065.6587030716723,2103.2246464858736,1997.2819497883768,0.0530434357095763,-0.1086860487206733,False,False,,
913,3.696189200000001,602928.0,2057.774744027304,2064.668941979522,2102.282701323032,1997.2819497883768,0.0525718221935471,-0.2865968542074322,False,False,,
914,3.7002376,605238.0,2065.6587030716723,2060.928327645051,2098.5899189504153,1997.2819497883768,0.0507229183004296,-0.361727673578061,False,False,,
915,3.7042860000000006,603206.0,2058.7235494880547,2058.7235494880547,2096.4329887931935,1997.2819497883768,0.0496429855661203,-0.1890890817705246,False,False,,
916,3.708334400000001,600409.0,2049.1774744027302,2057.774744027304,2095.532047375516,1997.2819497883768,0.0491919018231499,-0.1873987197200719,False,False,,
917,3.7123828000000008,601735.0,2053.703071672355,2055.5972696245735,2093.4024530645365,1997.2819497883768,0.0481256556122907,-0.2458568084491377,False,False,,
918,3.7164312000000006,602290.0,2055.5972696245735,2053.703071672355,2091.556151258127,1997.2819497883768,0.0472012484164989,-0.3910552949120411,False,False,,
919,3.7204796,603852.0,2060.928327645051,2049.1774744027302,2087.0784661937532,1997.2819497883768,0.044959359100447,-0.5115612585369158,False,False,,
920,3.7245280000000007,598557.0,2042.8566552901025,2045.334470989761,2083.283391050861,1997.2819497883768,0.0430592392183772,-0.3849309525766982,False,False,,
921,3.728576400000001,599283.0,2045.334470989761,2042.8566552901025,2080.853519691492,1997.2819497883768,0.0418426501636239,-0.1605857932521424,False,False,,
922,3.7326248,598046.0,2041.112627986348,2042.641638225256,2080.686463042536,1997.2819497883768,0.0417590081675733,-0.1019126837319355,False,False,,
923,3.7366732000000007,595634.0,2032.8805460750852,2041.112627986348,2079.2054293005103,1997.2819497883768,0.0410174835459831,-0.5402557249578654,False,False,,
924,3.740721600000001,595906.0,2033.8088737201365,2033.8088737201365,2071.949667617563,1997.2819497883768,0.0373846656137347,-0.4604778942987924,False,False,,
925,3.74477,598494.0,2042.641638225256,2033.5699658703072,2071.7587684427754,1997.2819497883768,0.0372890861314247,-0.0514664340111563,False,False,,
926,3.7488184000000007,595150.0,2031.2286689419795,2032.8805460750852,2071.1173734197673,1997.2819497883768,0.0369679521908331,-0.1388379828748638,False,False,,
927,3.752866800000001,593091.0,2024.2013651877132,2031.2286689419795,2069.513537161444,1997.2819497883768,0.0361649427516836,-0.5307506378601037,False,False,,
928,3.756915200000001,595836.0,2033.5699658703072,2024.2013651877132,2062.53429038993,1997.2819497883768,0.0326705704262071,-0.7405295602585138,False,False,,
929,3.7609636000000006,591089.0,2017.3686006825935,2019.1569965870308,2057.5379948853692,1997.2819497883768,0.0301690230081822,-0.3676071681669763,False,False,,
930,3.765012000000001,591321.0,2018.160409556314,2018.160409556314,2056.5894970695463,1997.2819497883768,0.0296941287069928,-0.1006304688292707,False,False,,
931,3.7690604000000008,586472.0,2001.6109215017063,2017.433447098976,2055.9106399512793,1997.2819497883768,0.0293542382281654,-0.0430125892907335,False,False,,
932,3.7731088000000006,591613.0,2019.1569965870308,2017.3686006825935,2055.8939150035517,1997.2819497883768,0.0293458643740236,-0.5286301968697296,False,False,,
933,3.7771572,588575.0,2008.7883959044368,2008.7883959044368,2047.3618478290407,1997.2819497883768,0.0250740252501507,-0.5866661805261226,False,False,,
934,3.7812056000000007,591108.0,2017.433447098976,2007.7849829351535,2046.4065886038052,1997.2819497883768,0.02459574564354,-0.3741396556104237,False,False,,
935,3.785254000000001,584739.0,1995.6962457337884,2002.641638225256,2041.3114137837688,1997.2819497883768,0.0220446912866044,-0.375826036048259,False,False,,
936,3.7893024,585810.0,1999.3515358361776,2001.6109215017063,2040.3288831013076,1997.2819497883768,0.0215527573948646,-0.131853477283784,False,False,,
937,3.7933508000000007,584950.0,1996.4163822525595,2000.4129692832764,2039.179133080608,1997.2819497883768,0.0209771000517331,-0.1337509035801911,False,False,,
938,3.797399200000001,586121.0,2000.4129692832764,1999.3515358361776,2038.1659179932992,1997.2819497883768,0.0204698030787565,-0.1512658218623417,False,False,,
939,3.8014476,588281.0,2007.7849829351535,1997.8703071672355,2036.732923851627,1997.2819497883768,0.0197523309452781,-0.1132753263864474,False,False,,
940,3.8054960000000007,586774.0,2002.641638225256,1997.4232081911264,2036.3340755756876,1997.2819497883768,0.0195526354160707,-0.0839377653602109,False,False,,
941,3.809544400000001,585376.0,1997.8703071672355,1996.4163822525595,2035.3755165156128,1997.2819497883768,0.0190727036467096,-0.1008195400366407,False,False,,
942,3.813592800000001,584673.0,1995.470989761092,1995.6962457337884,2034.7036630590803,1997.2819497883768,0.018736319764302,-0.0524877298439117,False,False,,
943,3.8176412000000006,585245.0,1997.4232081911264,1995.470989761092,2034.526706337797,1997.2819497883768,0.0186477209957094,-1.244691349130543,False,False,,
944,3.821689600000001,577621.0,1971.4027303754267,1975.470989761092,2014.575021783811,1997.2819497883768,0.0086583028486623,-1.282466794400542,False,False,,
945,3.8257380000000007,576383.0,1967.1774744027305,1974.634812286689,2013.787175955454,1997.2819497883768,0.0082638438548079,-0.0548032394780548,False,False,,
946,3.8297864000000006,578568.0,1974.634812286689,1974.4880546075085,2013.6887661277824,1997.2819497883768,0.0082145719792563,-0.1533602764434848,False,False,,
947,3.8338348,578525.0,1974.4880546075085,1972.0580204778155,2011.307096060496,1997.2819497883768,0.0070221163685004,-0.1848043037561757,False,False,,
948,3.8378832000000007,576144.0,1966.3617747440271,1971.4027303754267,2010.7001862368463,1997.2819497883768,0.0067182484926034,-0.239463522182293,False,False,,
949,3.841931600000001,578813.0,1975.470989761092,1968.0887372013651,2007.4345895632937,1997.2819497883768,0.0050832281220949,-0.1989404536143247,False,False,,
950,3.84598,577813.0,1972.0580204778155,1968.0887372013651,2007.4830022910116,1997.2819497883768,0.005107467427779,-0.0503612189708255,False,False,,
951,3.8500284000000007,576650.0,1968.0887372013651,1967.1774744027305,2006.6201684527448,1997.2819497883768,0.0046754634043319,-0.1007994914175399,False,False,,
952,3.854076800000001,574595.0,1961.075085324232,1966.3617747440271,2005.8529139925024,1997.2819497883768,0.0042913141056694,-0.3713599907594092,False,False,,
953,3.8581252,574118.0,1959.4470989761091,1961.075085324232,2000.614686014705,1997.2819497883768,0.0016686358311512,-0.3234502675671308,False,False,,
954,3.8621736000000007,574583.0,1961.0341296928327,1961.0341296928327,2000.6222080742873,1997.2819497883768,0.0016724019792321,-0.0180629620774808,False,False,,
955,3.866222000000001,574481.0,1960.6860068259384,1960.6860068259384,2000.3225791528068,1997.2819497883768,0.0015223836398023,-0.0227039898525689,False,False,,
956,3.8702704000000008,571418.0,1950.2320819112629,1960.5699658703072,2000.2550484024707,1997.2819497883768,0.0014885723141938,-0.0706096925542144,False,False,,
957,3.8743188000000006,576821.0,1968.6723549488056,1959.4470989761091,1999.180707978902,1997.2819497883768,0.0009506710811293,-0.4832049528155753,False,False,,
958,3.878367200000001,574447.0,1960.5699658703072,1952.6587030716723,1992.4408548158824,1997.2819497883768,-0.0024238415477631,-0.4509127189084144,False,False,,
959,3.8824156000000007,572129.0,1952.6587030716723,1952.0580204778155,1991.888731239686,1997.2819497883768,-0.0027002790213279,-0.1440480796605527,False,False,,
960,3.8864640000000006,568996.0,1941.9658703071673,1950.2320819112629,1990.111367972494,1997.2819497883768,-0.0035901700391586,-0.3506612725985696,False,False,,
961,3.8905124,567549.0,1937.0273037542663,1946.2901023890784,1986.2179800368303,1997.2819497883768,-0.0055395132133039,-0.5051458069424029,False,False,,
962,3.8945608000000007,571953.0,1952.0580204778155,1941.9658703071673,1981.9423558340604,1997.2819497883768,-0.0076802346088099,-0.5667695734678414,False,False,,
963,3.898609200000001,562127.0,1918.5221843003412,1937.0273037542663,1977.052413458384,1997.2819497883768,-0.0101285330957584,-0.7668403012397689,False,False,,
964,3.9026576,570263.0,1946.2901023890784,1929.4675767918088,1969.5413269767,1997.2819497883768,-0.0138891871598878,-0.7949075619231507,False,False,,
965,3.9067060000000007,563754.0,1924.075085324232,1924.075085324232,1964.1974922989116,1997.2819497883768,-0.0165647406431377,-0.4435119598326085,False,False,,
966,3.910754400000001,563204.0,1922.19795221843,1922.19795221843,1962.3690322973812,1997.2819497883768,-0.0174802147962607,-0.2539895579717393,False,False,,
967,3.914802800000001,562522.0,1919.8703071672355,1919.8703071672355,1960.0900766704117,1997.2819497883768,-0.0186212432961234,-0.2212752235869373,False,False,,
968,3.9188512000000006,561821.0,1917.4778156996588,1918.5221843003412,1958.790659553168,1997.2819497883768,-0.0192718360265995,-0.080293675924552,False,False,,
969,3.922899600000001,565334.0,1929.4675767918088,1918.4744027303757,1958.7916000637515,1997.2819497883768,-0.0192713651313492,-0.0121234109130399,False,False,,
970,3.9269480000000008,561106.0,1915.037542662116,1918.2286689419795,1958.5946046922809,1997.2819497883768,-0.0193699968600802,-0.0555971129937731,False,False,,
971,3.9309964000000006,562113.0,1918.4744027303757,1917.4778156996588,1957.8925062087376,1997.2819497883768,-0.0197215238358372,-0.191298439945823,False,False,,
972,3.935044800000001,562041.0,1918.2286689419795,1915.037542662116,1955.501004277304,1997.2819497883768,-0.0209189020686335,-0.149931167054321,False,False,,
973,3.9390932000000007,561082.0,1914.955631399317,1914.955631399317,1955.4678804734283,1997.2819497883768,-0.0209354865092425,-0.2687487168063742,False,False,,
974,3.9431416000000006,559482.0,1909.4948805460751,1910.5938566552904,1951.15490954662,1997.2819497883768,-0.0230949066788712,-0.3316387583964268,False,False,,
975,3.94719,559804.0,1910.5938566552904,1909.4948805460751,1950.1047536184049,1997.2819497883768,-0.0236206992082266,-0.0918871173012472,False,False,,
976,3.9512384000000007,557121.0,1901.4368600682592,1909.0102389078495,1949.668948530447,1997.2819497883768,-0.0238388982902359,-0.2164029393653574,False,False,,
977,3.955286800000001,557273.0,1901.955631399317,1905.8976109215016,1946.605173469124,1997.2819497883768,-0.0253728705276799,-0.4301917255266305,False,False,,
978,3.9593352,559340.0,1909.0102389078495,1901.955631399317,1942.7120632522108,1997.2819497883768,-0.0273220746534798,-0.2697938288623565,False,False,,
979,3.9633836000000007,554448.0,1892.3139931740616,1901.4368600682592,1942.242177612163,1997.2819497883768,-0.0275573372012125,-0.3461908877332251,False,False,,
980,3.967432000000001,558428.0,1905.8976109215016,1896.259385665529,1937.113605291676,1997.2819497883768,-0.0301251130332779,-0.5340208664959492,False,False,,
981,3.971480400000001,553469.0,1888.9726962457337,1892.703071672355,1933.606209777475,1997.2819497883768,-0.0318811973530569,-0.2379196194453339,False,False,,
982,3.9755288000000006,554562.0,1892.703071672355,1892.3139931740616,1933.266066160381,1997.2819497883768,-0.0320515006080031,-0.2246216171046269,False,False,,
983,3.979577200000001,552313.0,1885.0273037542663,1888.9726962457337,1929.9737205209792,1997.2819497883768,-0.0336999136624295,-0.4445307679311723,False,False,,
984,3.9836256000000008,555604.0,1896.259385665529,1885.0273037542663,1926.0772957316656,1997.2819497883768,-0.0356507773297883,-0.3096695781515937,False,False,,
985,3.9876740000000006,550485.0,1878.7883959044368,1883.866894197952,1924.965870296237,1997.2819497883768,-0.0362072463028076,-0.0868017061035857,False,False,,
986,3.9917224,551973.0,1883.866894197952,1883.5255972696243,1924.6735739130309,1997.2819497883768,-0.0363535933837678,-0.2410751762937195,False,False,,
987,3.9957708000000007,550522.0,1878.9146757679184,1879.8703071672355,1921.067300785507,1997.2819497883768,-0.0381591837902228,-0.2199684242213777,False,False,,
988,3.999819200000001,551873.0,1883.5255972696243,1879.8703071672355,1921.1163341956249,1997.2819497883768,-0.0381346337210037,0.0060651578409691,False,False,,
989,4.0038676,550802.0,1879.8703071672355,1879.8703071672355,1921.165384046505,1997.2819497883768,-0.038110075420216,0.0060671914711596,False,False,,
990,4.007916000000001,550321.0,1878.2286689419795,1879.8703071672355,1921.2144503436616,1997.2819497883768,-0.0380855088851,0.0060692257831798,False,False,,
991,4.011964400000001,547933.0,1870.0784982935152,1879.8703071672355,1921.263533092607,1997.2819497883768,-0.0380609341128948,0.0060712607773405,False,False,,
992,4.0160128,548343.0,1871.4778156996588,1879.8703071672355,1921.3126322988592,1997.2819497883768,-0.038036351100838,0.2321048455676351,False,False,,
993,4.020061200000001,546993.0,1866.8703071672355,1883.5255972696243,1925.0170380703248,1997.2819497883768,-0.0361816275993024,0.2321068819266569,False,False,,
994,4.024109600000001,549154.0,1874.245733788396,1883.5255972696243,1925.066170207745,1997.2819497883768,-0.0361570280992541,0.4878981230078101,False,False,,
995,4.028158,554639.0,1892.9658703071673,1891.317406143345,1932.9071276927516,1997.2819497883768,-0.0322312140769338,0.5550131697132645,False,False,,
996,4.032206400000001,554474.0,1892.4027303754267,1892.4027303754267,1934.0416170155104,1997.2819497883768,-0.0316631974667207,0.1080172426467589,False,False,,
997,4.036254800000001,554156.0,1891.317406143345,1892.9658703071673,1934.6539385228416,1997.2819497883768,-0.0313566200666714,0.9152748142879346,False,False,,
998,4.0403032,559985.0,1911.2116040955632,1907.1058020477817,1948.8430683294896,1997.2819497883768,-0.0242524003503959,1.134343845641316,False,False,,
999,4.044351600000001,560209.0,1911.976109215017,1911.2116040955632,1952.9980849392769,1997.2819497883768,-0.0221720648172843,0.3072519169339602,False,False,,
1000,4.048400000000001,558782.0,1907.1058020477817,1911.976109215017,1953.8118211222384,1997.2819497883768,-0.0217646430293649,0.2916364654215004,False,False,,
1001,4.0524484,561338.0,1915.829351535836,1915.829351535836,1957.7143110136017,1997.2819497883768,-0.0198107426840599,0.7757807795807607,True,False,1001.0,5.0
1002,4.056496800000001,563856.0,1924.4232081911264,1924.4232081911264,1966.3574317520056,1997.2819497883768,-0.0154833012132551,0.8078619961969866,False,False,,
1003,4.060545200000001,565137.0,1928.7952218430032,1928.7952218430032,1970.7787260051032,1997.2819497883768,-0.0132696456732517,1.5372431558627124,False,False,,
1004,4.0645936,571111.0,1949.1843003412969,1949.1843003412969,1991.2171016282632,1997.2819497883768,-0.0030365508288681,1.3844470283552752,False,False,,
1005,4.0686420000000005,573035.0,1955.7508532423208,1951.0853242320816,1993.1674391731003,1997.2819497883768,-0.0020600549740672,0.4121546314963283,False,False,,
1006,4.072690400000001,577897.0,1972.344709897611,1955.7508532423208,1997.8822983721195,1997.2819497883768,0.0003005827914315,1.2014731974646788,False,False,,
1007,4.0767388,571668.0,1951.0853242320816,1970.4163822525595,2012.5971741114108,1997.2819497883768,0.0076680332111633,1.0322153905657705,False,False,,
1008,4.0807872000000005,577332.0,1970.4163822525595,1972.344709897611,2014.5748650313324,1997.2819497883768,0.0086582243657627,0.3874682471410944,False,False,,
1009,4.084835600000001,579139.0,1976.5836177474405,1976.5836177474405,2018.8631527073971,1997.2819497883768,0.0108052861146155,0.3011519904488722,False,False,,
1010,4.088884,581399.0,1984.296928327645,1977.1160409556312,2019.4449722987397,1997.2819497883768,0.0110965918020294,0.4830767231673702,False,False,,
1011,4.0929324000000005,579295.0,1977.1160409556312,1984.296928327645,2026.675272616371,1997.2819497883768,0.0147166617267576,1.2048601891899309,False,False,,
1012,4.096980800000001,586492.0,2001.679180887372,1996.5017064846415,2038.9294802870056,1997.2819497883768,0.0208521037818631,1.0809775333045395,False,False,,
1013,4.101029200000001,584975.0,1996.5017064846415,2001.679180887372,2044.15640077695,1997.2819497883768,0.0234691206184184,1.0543876364084772,False,False,,
1014,4.1050776,591406.0,2018.4505119453925,2013.453924914676,2055.9806074705994,1997.2819497883768,0.0293892695963342,1.04320418565743,False,False,,
1015,4.109126000000001,589942.0,2013.453924914676,2018.4505119453925,2061.026673752354,1997.2819497883768,0.0319157362688484,0.3471725779146406,False,False,,
1016,4.113174400000001,591558.0,2018.9692832764504,2018.9692832764504,2061.5949409247014,1997.2819497883768,0.0322002565251937,0.0711248949835754,False,False,,
1017,4.1172228,591714.0,2019.5017064846415,2019.5017064846415,2062.1768765699967,1997.2819497883768,0.0324916203185514,0.2325780543026763,False,False,,
1018,4.121271200000001,592631.0,2022.6313993174065,2022.6313993174065,2065.356098441245,1997.2819497883768,0.0340833945152718,0.5033536629010991,False,False,,
1019,4.125319600000001,594070.0,2027.542662116041,2027.542662116041,2070.3169068853094,1997.2819497883768,0.0365671742563293,0.4001536372396224,False,False,,
1020,4.129368,594498.0,2029.003412969283,2029.003412969283,2071.827219996495,1997.2819497883768,0.0373233584852738,0.82457160739723,False,False,,
1021,4.133416400000001,598487.0,2042.617747440273,2040.778156996587,2083.6515428998264,1997.2819497883768,0.0432435656471041,0.8418795332014337,False,False,,
1022,4.137464800000001,598458.0,2042.518771331058,2042.518771331058,2085.441752733982,1997.2819497883768,0.0441398886896997,0.1198891249181048,False,False,,
1023,4.1415132,600159.0,2048.3242320819113,2042.617747440273,2085.5903409721104,1997.2819497883768,0.0442142839137412,0.3651280259971132,False,False,,
1024,4.145561600000001,600839.0,2050.645051194539,2048.3242320819113,2091.3464543774685,1997.2819497883768,0.0470962572905936,0.4577798035742546,False,False,,
1025,4.149610000000001,597948.0,2040.778156996587,2049.921501706485,2092.993369406145,1997.2819497883768,0.0479208354273214,0.1496529527402099,False,False,,
1026,4.1536584,603264.0,2058.921501706485,2050.645051194539,2093.766580944265,1997.2819497883768,0.0483079673183406,0.5626743783404349,False,False,,
1027,4.157706800000001,600627.0,2049.921501706485,2058.921501706485,2102.092710157821,1997.2819497883768,0.0524766973338689,0.8165662172998136,False,False,,
1028,4.161755200000001,605309.0,2065.901023890785,2063.7508532423208,2106.971757052394,1997.2819497883768,0.0549195406665742,0.4377385571894789,False,False,,
1029,4.1658036,604679.0,2063.7508532423208,2065.901023890785,2109.171639722308,1997.2819497883768,0.0560209788837209,0.5407316509230418,False,False,,
1030,4.169852000000001,607842.0,2074.5460750853244,2072.3959044368603,2115.716248958133,1997.2819497883768,0.0592977366977682,0.5407337126981977,False,False,,
1031,4.173900400000001,607212.0,2072.3959044368603,2074.5460750853244,2117.9161649702346,1997.2819497883768,0.0603991916086959,0.358813090443757,False,False,,
1032,4.1779488,608883.0,2078.098976109215,2078.098976109215,2121.5188280372417,1997.2819497883768,0.0622029745284729,0.5067592394362705,False,False,,
1033,4.1819972000000005,610606.0,2083.9795221843005,2082.641638225256,2126.1112688814706,1997.2819497883768,0.0645023198185635,0.3697916717501952,False,False,,
1034,4.186045600000001,612166.0,2089.3037542662114,2083.9795221843005,2127.498948259369,1997.2819497883768,0.0651971037363001,0.2480195030159544,False,False,,
1035,4.190094,610214.0,2082.641638225256,2086.5529010238906,2130.122139214076,1997.2819497883768,0.0665104841305828,0.335395108243528,False,False,,
1036,4.1941424000000005,611360.0,2086.5529010238906,2089.3037542662114,2132.9228212733738,1997.2819497883768,0.0679127308487262,0.6848913341442877,False,False,,
1037,4.198190800000001,618685.0,2111.5529010238906,2097.5290102389076,2141.1979227705074,1997.2819497883768,0.0720559122848827,0.742087191435628,False,False,,
1038,4.202239200000001,614576.0,2097.5290102389076,2101.204778156997,2144.923552926097,1997.2819497883768,0.0739212624203426,0.46751685408198,False,False,,
1039,4.2062876000000005,615653.0,2101.204778156997,2104.9897610921503,2148.758414817417,1997.2819497883768,0.0758413027490135,0.6460648516393057,False,False,,
1040,4.210336000000001,616762.0,2104.9897610921503,2111.5529010238906,2155.3714504295963,1997.2819497883768,0.0791523203110959,0.5369555189450406,False,False,,
1041,4.214384400000001,620321.0,2117.136518771331,2113.5733788395905,2157.441840655615,1997.2819497883768,0.080188924194808,0.2969969241521131,False,False,,
1042,4.2184328,619277.0,2113.5733788395905,2116.255972696246,2160.174363658078,1997.2819497883768,0.0815570450065705,0.1908422536180225,False,False,,
1043,4.222481200000001,620063.0,2116.255972696246,2116.5597269624573,2160.528063811198,1997.2819497883768,0.0817341357539021,0.0606282032000873,False,False,,
1044,4.226529600000001,620152.0,2116.5597269624573,2117.136518771331,2161.1548182536944,1997.2819497883768,0.082047939442241,0.1480038146682893,False,False,,
1045,4.230578,620824.0,2118.853242320819,2118.853242320819,2162.9215211891337,1997.2819497883768,0.0829324930405081,0.7157228495975811,False,False,,
1046,4.234626400000001,624334.0,2130.8327645051195,2128.6109215017063,2172.7291965139184,1997.2819497883768,0.0878430042108634,0.7469599077732738,False,False,,
1047,4.238674800000001,623683.0,2128.6109215017063,2130.8327645051195,2175.0010524247937,1997.2819497883768,0.0889804780217672,0.4120300780236015,False,False,,
1048,4.2427232,626293.0,2137.518771331058,2135.174061433447,2179.3923790297695,1997.2819497883768,0.0911791293466045,0.3381656329595746,False,False,,
1049,4.246771600000001,632215.0,2157.7303754266213,2136.2013651877132,2180.4697292354917,1997.2819497883768,0.0917185375187138,0.1511798904349923,False,False,,
1050,4.250820000000001,625606.0,2135.174061433447,2137.518771331058,2181.8371986107254,1997.2819497883768,0.0924032026834786,0.1891704617298479,False,False,,
1051,4.2548684,626909.0,2139.6211604095565,2139.160409556314,2183.52891685393,1997.2819497883768,0.093250212913248,0.1361996913602094,False,False,,
1052,4.258916800000001,625907.0,2136.2013651877132,2139.6211604095565,2184.0397645168086,1997.2819497883768,0.0935059843444838,0.3537914295894975,False,False,,
1053,4.262965200000001,628421.0,2144.7815699658704,2144.7815699658704,2189.2502876800763,1997.2819497883768,0.0961147913603484,0.4177408083332636,False,False,,
1054,4.2670136,629107.0,2147.122866894198,2146.2764505119453,2190.795298636055,1997.2819497883768,0.0968883481213968,0.1509792284260811,False,False,,
1055,4.271062000000001,628859.0,2146.2764505119453,2147.122866894198,2191.6918622367953,1997.2819497883768,0.0973372399770686,0.29554863821933,False,False,,
1056,4.275110400000001,626774.0,2139.160409556314,2150.9556313993176,2195.574790774622,1997.2819497883768,0.0992813463353313,0.243211012927075,False,False,,
1057,4.2791588,630761.0,2152.767918088737,2150.9556313993176,2195.6249716271873,1997.2819497883768,0.0993064709065369,0.1100423114782174,False,False,,
1058,4.2832072000000005,630722.0,2152.6348122866893,2152.6348122866893,2197.354350192621,1997.2819497883768,0.1001723369229083,0.1182752334218992,False,False,,
1059,4.287255600000001,632833.0,2159.839590443686,2152.767918088737,2197.53767050387,1997.2819497883768,0.1002641218165074,0.3476856196221618,False,False,,
1060,4.291304,635366.0,2168.484641638225,2158.156996587031,2202.9769803481463,1997.2819497883768,0.1029874778478643,0.4285187790916467,False,False,,
1061,4.2953524000000005,630230.0,2150.9556313993176,2159.5972696245735,2204.4675015740995,1997.2819497883768,0.103733752667056,0.1102616877427529,False,False,,
1062,4.299400800000001,632340.0,2158.156996587031,2159.839590443686,2204.7600874296973,1997.2819497883768,0.1038802446811799,0.0995003646544514,False,False,,
1063,4.303449200000001,633204.0,2161.1058020477817,2161.1058020477817,2206.076580924002,1997.2819497883768,0.1045393872195903,0.3356642639859704,False,False,,
1064,4.3074976000000005,640949.0,2187.539249146758,2165.1672354948805,2210.1883131206846,1997.2819497883768,0.1065980510938211,0.403834594366895,False,False,,
1065,4.311546000000001,637248.0,2174.9078498293516,2167.5358361774743,2212.60722941789,1997.2819497883768,0.1078091551632598,0.2113616358526346,False,False,,
1066,4.315594400000001,634394.0,2165.1672354948805,2168.484641638225,2213.6063673639346,1997.2819497883768,0.1083094039869928,0.1818171149342013,False,False,,
1067,4.3196428,632762.0,2159.5972696245735,2170.3754266211604,2215.547501708503,1997.2819497883768,0.1092812919794589,0.2573740993453786,False,False,,
1068,4.323691200000001,635088.0,2167.5358361774743,2172.5460750853244,2217.768516416298,1997.2819497883768,0.1103933105945724,0.2865007008849805,False,False,,
1069,4.327739600000001,636556.0,2172.5460750853244,2174.9078498293516,2220.1806742916147,1997.2819497883768,0.1116010308543846,0.2333188958844445,False,False,,
1070,4.331788,640287.0,2185.279863481229,2176.2184300341296,2221.5416545210023,1997.2819497883768,0.1122824470307696,0.28165079384741,False,False,,
1071,4.335836400000001,635920.0,2170.3754266211604,2179.361774744027,2224.735416154495,1997.2819497883768,0.1138815010020084,0.2006107601050608,False,False,,
1072,4.339884800000001,637632.0,2176.2184300341296,2179.361774744027,2224.7858499827407,1997.2819497883768,0.1139067522331884,0.0062383817095916,False,False,,
1073,4.3439332,641561.0,2189.6279863481227,2179.361774744027,2224.836300721306,1997.2819497883768,0.1139320119310346,0.372196314843622,False,False,,
1074,4.347981600000001,640966.0,2187.5972696245735,2185.279863481229,2230.804857113062,1997.2819497883768,0.1169203513552148,0.4019560621819611,False,False,,
1075,4.352030000000001,642253.0,2191.9897610921503,2185.7610921501705,2231.336570358219,1997.2819497883768,0.1171865697753098,0.0360023138741407,False,False,,
1076,4.3560784,640955.0,2187.5597269624573,2185.7610921501705,2231.3870718617695,1997.2819497883768,0.117211854890191,0.0062467527652039,False,False,,
1077,4.360126800000001,638553.0,2179.361774744027,2185.7610921501705,2231.43759029833,1997.2819497883768,0.1172371484830991,0.0062488472836399,False,False,,
1078,4.364175200000001,640428.0,2185.7610921501705,2185.7610921501705,2231.4881256735794,1997.2819497883768,0.1172624505568772,0.0744191874752591,False,False,,
1079,4.3682236,641146.0,2188.211604095563,2186.863481228669,2232.6410670716946,1997.2819497883768,0.1178397057602486,0.0744212833984949,False,False,,
1080,4.372272000000001,635929.0,2170.40614334471,2186.863481228669,2232.69163634136,1997.2819497883768,0.1178650248042979,0.0062551350535979,False,False,,
1081,4.376320400000001,640751.0,2186.863481228669,2186.863481228669,2232.742222566758,1997.2819497883768,0.1178903523377506,-0.034896971237595,False,True,1001.0,5.0
1082,4.3803688,641982.0,2191.0648464163824,2186.19795221843,2232.127296743334,1997.2819497883768,0.1175824710075815,-0.0619089145560352,False,False,,
1083,4.384417200000001,639607.0,2182.9590443686006,2185.7610921501705,2231.7410568289947,1997.2819497883768,0.1173890882383733,-0.047344559154709,False,False,,
1084,4.388465600000001,639097.0,2181.2184300341296,2185.331058020478,2231.361659826016,1997.2819497883768,0.1171991315810176,-0.0203284183646133,False,False,,
1085,4.392514,639919.0,2184.023890784983,2185.331058020478,2231.4123139312146,1997.2819497883768,0.1172244931005587,-0.0745654481207154,False,False,,
1086,4.3965624000000005,641462.0,2189.2901023890786,2184.023890784983,2230.155817785095,1997.2819497883768,0.1165953900606737,-0.1093861349518459,False,False,,
1087,4.400610800000001,640556.0,2186.19795221843,2183.460750853242,2229.6433659326026,1997.2819497883768,0.1163388154430805,-0.0285529565459494,False,False,,
1088,4.404659200000001,642821.0,2193.928327645051,2183.460750853242,2229.6940710074196,1997.2819497883768,0.1163642024821124,0.0062719333891987,False,False,,
1089,4.4087076000000005,638922.0,2180.6211604095565,2183.460750853242,2229.7447930835037,1997.2819497883768,0.1163895980333462,0.006274036350625,False,False,,
1090,4.412756000000001,638933.0,2180.6587030716723,2183.460750853242,2229.795532166556,1997.2819497883768,0.1164150020996361,0.0062761400171886,False,False,,
1091,4.416804400000001,640302.0,2185.331058020478,2183.460750853242,2229.8462882622784,1997.2819497883768,0.1164404146838374,0.0062782443890903,False,False,,
1092,4.4208528000000005,637535.0,2175.8873720136517,2183.460750853242,2229.8970613763754,1997.2819497883768,0.1164658357888057,-0.1298450932770496,False,False,,
1093,4.424901200000001,638728.0,2179.9590443686006,2181.259385665529,2227.7464863268397,1997.2819497883768,0.1153890849325915,-0.129842987493733,False,False,,
1094,4.428949600000001,639754.0,2183.460750853242,2181.259385665529,2227.7972934948066,1997.2819497883768,0.1154145230876664,0.0024857121743337,False,False,,
1095,4.432998,639091.0,2181.19795221843,2181.19795221843,2227.786684251173,1997.2819497883768,0.1154092112469247,0.002487819370005,False,False,,
1096,4.437046400000001,641481.0,2189.354948805461,2181.19795221843,2227.8375254958496,1997.2819497883768,0.1154346664635414,0.0062887768371737,False,False,,
1097,4.441094800000001,643057.0,2194.7337883959044,2181.19795221843,2227.888383787451,1997.2819497883768,0.1154601302152199,0.0100897350110891,False,False,,
1098,4.4451432,639109.0,2181.259385665529,2181.259385665529,2228.0006925787916,1997.2819497883768,0.1155163610299792,0.006292994762175,False,False,,
1099,4.449191600000001,636836.0,2173.5017064846415,2181.19795221843,2227.990151534293,1997.2819497883768,0.1155110833352103,0.002496255220505,False,False,,
1100,4.453240000000001,636816.0,2173.433447098976,2181.19795221843,2228.0410610009712,1997.2819497883768,0.1155365727092486,0.0062972155161382,False,False,,
1101,4.4572884,640032.0,2184.409556313993,2181.19795221843,2228.0919875374484,1997.2819497883768,0.1155620706298014,-0.2948650246657944,False,False,,
1102,4.461336800000001,637664.0,2176.3276450511944,2176.3276450511944,2223.2726239822127,1997.2819497883768,0.1131491095775342,-0.3434037680713686,False,False,,
1103,4.465385200000001,642334.0,2192.2662116040956,2175.542662116041,2222.538601740308,1997.2819497883768,0.1127815990004809,-0.0430814923885591,False,False,,
1104,4.4694336,636433.0,2172.126279863481,2175.5290102389076,2222.5759276433987,1997.2819497883768,0.1128002873499624,-0.1199005589164716,False,False,,
1105,4.473482000000001,641159.0,2188.255972696246,2173.5017064846415,2220.5996187620617,1997.2819497883768,0.1118107881550458,-0.1232751998135963,False,False,,
1106,4.477530400000001,637430.0,2175.5290102389076,2173.433447098976,2220.5823713477607,1997.2819497883768,0.1118021527121116,-0.0787421260440215,False,False,,
1107,4.4815788,633514.0,2162.1638225255974,2172.126279863481,2219.3262331877995,1997.2819497883768,0.1111732289088928,-0.0812725767308411,False,False,,
1108,4.485627200000001,637434.0,2175.542662116041,2172.0170648464164,2219.2680643561725,1997.2819497883768,0.1111441049128375,-0.0593215517342482,False,False,,
1109,4.489675600000001,636122.0,2171.0648464163824,2171.0648464163824,2218.3669092272166,1997.2819497883768,0.1106929141688109,-0.1578784761158687,False,False,,
1110,4.493724,636401.0,2172.0170648464164,2169.361774744027,2216.7149179773196,1997.2819497883768,0.1098657944674227,-0.1783479365082598,False,False,,
1111,4.497772400000001,635623.0,2169.361774744027,2168.078498293515,2215.482739076386,1997.2819497883768,0.1092488665964909,-0.0818972484696569,False,False,,
1112,4.501820800000001,635247.0,2168.078498293515,2167.9351535836176,2215.39050904893,1997.2819497883768,0.1092026888260135,-0.359422194669234,False,False,,
1113,4.5058692,635205.0,2167.9351535836176,2162.1638225255974,2209.670309811959,1997.2819497883768,0.1063386969706938,-0.3893887768430186,False,False,,
1114,4.5099176000000005,631271.0,2154.508532423208,2161.5358361774743,2209.0934724292392,1997.2819497883768,0.1060498857776716,-0.2408094287537565,False,False,,
1115,4.513966000000001,632343.0,2158.1672354948805,2158.1672354948805,2205.7760378621515,1997.2819497883768,0.1043889111879602,-0.3788321749082897,False,False,,
1116,4.518014400000001,631477.0,2155.211604095563,2155.307167235495,2202.967152874125,1997.2819497883768,0.102982557423874,-0.1764357898934694,False,False,,
1117,4.5220628000000005,633330.0,2161.5358361774743,2155.211604095563,2202.922790167158,1997.2819497883768,0.1029603458843505,-0.0430518379302036,False,False,,
1118,4.526111200000001,631505.0,2155.307167235495,2154.508532423208,2202.270936095127,1997.2819497883768,0.1026339753025206,-0.5035547005738543,False,False,,
1119,4.530159600000001,629061.0,2146.9658703071673,2146.9658703071673,2194.779508752526,1997.2819497883768,0.0988831641847439,-0.5793185204564502,False,False,,
1120,4.5342080000000005,626465.0,2138.1058020477817,2145.0375426621163,2192.902433059789,1997.2819497883768,0.0979433491060884,-0.2361536514933888,False,False,,
1121,4.538256400000001,625851.0,2136.0102389078497,2143.0443686006824,2190.9605281353024,1997.2819497883768,0.0969710752993322,-0.2464928385550742,False,False,,
1122,4.542304800000001,628496.0,2145.0375426621163,2140.948805460751,2188.9162513227143,1997.2819497883768,0.0959475458908755,-0.2669622904105964,False,False,,
1123,4.5463532,627912.0,2143.0443686006824,2138.6245733788396,2186.643322764306,1997.2819497883768,0.0948095350263358,-0.1694563578420247,False,False,,
1124,4.550401600000001,626617.0,2138.6245733788396,2138.1058020477817,2186.1758721586766,1997.2819497883768,0.0945754916527005,-0.1553140677907851,False,False,,
1125,4.554450000000001,627298.0,2140.948805460751,2136.0102389078497,2184.1316469518665,1997.2819497883768,0.0935519880822473,-0.9448395072088704,False,False,,
1126,4.5584984,620728.0,2118.5255972696245,2122.7235494880547,2170.8963126786566,1997.2819497883768,0.0869253151307332,-0.929008838146112,False,False,,
1127,4.562546800000001,621054.0,2119.638225255973,2120.883959044369,2169.10809460079,1997.2819497883768,0.0860299893215474,-0.1844321934951889,False,False,,
1128,4.566595200000001,620147.0,2116.542662116041,2119.638225255973,2167.9137504032224,1997.2819497883768,0.0854320045464413,-0.1394770096732109,False,False,,
1129,4.5706436,621958.0,2122.7235494880547,2118.5255972696245,2166.852529238485,1997.2819497883768,0.0849006718696254,-0.1850610731011954,False,False,,
1130,4.574692000000001,616621.0,2104.508532423208,2116.542662116041,2164.921018143074,1997.2819497883768,0.0839336020497555,-0.4404260506782869,False,False,,
1131,4.578740400000001,621419.0,2120.883959044369,2111.3003412969283,2159.7301386244744,1997.2819497883768,0.0813346302224932,-0.5638865287580099,False,False,,
1132,4.5827888,616712.0,2104.819112627986,2107.320819112628,2155.8020749888087,1997.2819497883768,0.0793679256037077,-0.2542781557196161,False,False,,
1133,4.586837200000001,618611.0,2111.3003412969283,2107.085324232082,2155.618055910803,1997.2819497883768,0.0792757908512631,-0.1483303280860841,False,False,,
1134,4.590885600000001,617376.0,2107.085324232082,2104.819112627986,2153.403337368937,1997.2819497883768,0.0781669246032602,-0.1529712315163482,False,False,,
1135,4.594934,615620.0,2101.0921501706484,2104.508532423208,2153.1442674918667,1997.2819497883768,0.0780372133839214,-0.2240920016171781,False,False,,
1136,4.598982400000001,617445.0,2107.320819112628,2101.0921501706484,2149.7794128382807,1997.2819497883768,0.0763524964845659,-0.2076281838103515,False,False,,
1137,4.603030800000001,612972.0,2092.0546075085326,2101.047781569966,2149.78658911363,1997.2819497883768,0.0763560895052456,-0.3986237609725567,False,False,,
1138,4.6070792,615607.0,2101.047781569966,2094.542662116041,2143.333031818586,1997.2819497883768,0.0731249196167242,-0.5497314169861589,False,False,,
1139,4.6111276000000005,612710.0,2091.160409556314,2092.0546075085326,2140.896556658605,1997.2819497883768,0.0719050241681927,-0.2027676848799053,False,False,,
1140,4.615176000000001,609315.0,2079.5733788395905,2091.160409556314,2140.053955448355,1997.2819497883768,0.0714831502257885,-0.5400189681417356,False,False,,
1141,4.619224400000001,613701.0,2094.542662116041,2083.2184300341296,2132.1635899683806,1997.2819497883768,0.0675325985869424,-0.5594331704197089,False,False,,
1142,4.6232728000000005,610029.0,2082.0102389078497,2082.0102389078497,2131.007030190352,1997.2819497883768,0.0669535317315336,-0.1409244360221269,False,False,,
1143,4.627321200000001,609685.0,2080.8361774744026,2080.8361774744026,2129.8846174170003,1997.2819497883768,0.0663915616133584,-0.1442990498128757,False,False,,
1144,4.631369600000001,610383.0,2083.2184300341296,2079.5733788395905,2128.6734847599328,1997.2819497883768,0.0657851711850086,-0.3815139583274796,False,False,,
1145,4.6354180000000005,605754.0,2067.419795221843,2074.563139931741,2123.7149291532833,1997.2819497883768,0.063302519395573,-0.6657923912894121,False,False,,
1146,4.639466400000001,605373.0,2066.1194539249145,2068.703071672355,2117.906561524361,1997.2819497883768,0.0603943833512166,-0.4353267074837026,False,False,,
1147,4.643514800000001,607847.0,2074.563139931741,2067.419795221843,2116.6750030393873,1997.2819497883768,0.0597777661104187,-0.1533655066345716,False,False,,
1148,4.6475632,606130.0,2068.703071672355,2066.1194539249145,2115.426397048884,1997.2819497883768,0.0591526135170979,-0.4019769609694803,False,False,,
1149,4.651611600000001,603318.0,2059.1058020477817,2060.815699658703,2110.174395435799,1997.2819497883768,0.0565230390528407,-0.3690514523837258,False,False,,
1150,4.655660000000001,603819.0,2060.815699658703,2060.047781569966,2109.4582473527053,1997.2819497883768,0.0561644777174371,-0.0993309868640199,False,False,,
1151,4.6597084,603594.0,2060.047781569966,2059.1058020477817,2108.5680551945006,1997.2819497883768,0.0557187759184002,-0.1162126155794034,False,False,,
1152,4.663756800000001,601718.0,2053.645051194539,2058.0648464163824,2107.5789042912365,1997.2819497883768,0.0552235274116138,-0.3312675625458645,False,False,,
1153,4.667805200000001,603013.0,2058.0648464163824,2053.645051194539,2103.2109311675063,1997.2819497883768,0.0530365687179787,-0.556874868694754,False,False,,
1154,4.6718536,599238.0,2045.1808873720136,2048.9556313993176,2098.5733508462004,1997.2819497883768,0.0507146229747663,-0.516984798973601,False,False,,
1155,4.675902000000001,597445.0,2039.061433447099,2045.1808873720136,2094.85046367444,1997.2819497883768,0.0488506461976495,-0.5344995664019914,False,False,,
1156,4.679950400000001,600344.0,2048.9556313993176,2040.20819112628,2089.9296416717057,1997.2819497883768,0.0463868868855224,-0.3190182264599057,False,False,,
1157,4.6839988,597781.0,2040.20819112628,2039.9180887372013,2089.6914309189133,1997.2819497883768,0.0462676194216485,-0.0644931541570859,False,False,,
1158,4.688047200000001,596291.0,2035.1228668941976,2039.061433447099,2088.886684664215,1997.2819497883768,0.0458646987149433,-0.2795480967988784,False,False,,
1159,4.692095600000001,597696.0,2039.9180887372013,2035.2935153583617,2085.170693015834,1997.2819497883768,0.0440041743914872,-0.237125457095451,False,False,,
1160,4.696144,596341.0,2035.2935153583617,2035.1228668941976,2085.0519884028135,1997.2819497883768,0.0439447413139325,-0.1619905009720597,False,False,,
1161,4.700192400000001,595543.0,2032.5699658703072,2032.5699658703072,2082.551048646693,1997.2819497883768,0.0426925697032164,-0.1643098658117283,False,False,,
1162,4.704240800000001,595482.0,2032.3617747440271,2032.3617747440271,2082.3948362106476,1997.2819497883768,0.042614357192428,-0.04190033588032,False,False,,
1163,4.7082892,594614.0,2029.3993174061432,2031.7883959044368,2081.8734534895984,1997.2819497883768,0.0423533110636607,-0.1767573396517372,False,False,,
1164,4.712337600000001,595314.0,2031.7883959044368,2029.3993174061432,2079.536388543998,1997.2819497883768,0.0411831883647357,-0.1752778527586871,False,False,,
1165,4.716386000000001,594453.0,2028.849829351536,2028.849829351536,2079.038931482079,1997.2819497883768,0.040934121345444,-0.7345507703671359,False,False,,
1166,4.720434400000001,590514.0,2015.4061433447096,2017.4163822525595,2067.6575328216354,1997.2819497883768,0.0352356776872266,-0.8248768131803565,False,False,,
1167,4.7244828000000005,591103.0,2017.4163822525595,2015.4061433447096,2065.6993598040117,1997.2819497883768,0.0342552587644845,-0.3255369839124711,False,False,,
1168,4.728531200000001,589530.0,2012.0477815699655,2012.0477815699655,2062.3930813770385,1997.2819497883768,0.0325998698358841,-0.4120641757134118,False,False,,
1169,4.732579600000001,588531.0,2008.6382252559729,2008.6382252559729,2059.035625874215,1997.2819497883768,0.0309188575465679,-0.2301393308680093,False,False,,
1170,4.7366280000000005,587288.0,2004.39590443686,2008.221843003413,2058.6713619020784,1997.2819497883768,0.0307364777017117,-0.1457182907984178,False,False,,
1171,4.740676400000001,586991.0,2003.382252559727,2006.1774744027305,2056.679129056931,1997.2819497883768,0.0297390056896312,-0.2301350084459925,False,False,,
1172,4.744724800000001,587810.0,2006.1774744027305,2004.39590443686,2054.949712327566,1997.2819497883768,0.0288731205653261,-0.1663965923362775,False,False,,
1173,4.7487732000000005,588409.0,2008.221843003413,2003.382252559727,2053.9882311737697,1997.2819497883768,0.0283917257608028,-0.2900680873718184,False,False,,
1174,4.752821600000001,580827.0,1982.344709897611,1999.6006825938568,2050.258849423931,1997.2819497883768,0.0265244972754937,-0.7501488153771598,False,False,,
1175,4.756870000000001,582764.0,1988.955631399317,1991.1467576791808,2041.857130223848,1997.2819497883768,0.0223179208324566,-0.6517986566110268,False,False,,
1176,4.7609184,585883.0,1999.6006825938568,1988.955631399317,2039.7182271630052,1997.2819497883768,0.0212470139126451,-0.425131800703542,False,False,,
1177,4.764966800000001,580056.0,1979.7133105802047,1984.1672354948803,2034.982071987885,1997.2819497883768,0.01887571366852,-0.4023365373883969,False,False,,
1178,4.769015200000001,583406.0,1991.1467576791808,1982.344709897611,2033.2118046361009,1997.2819497883768,0.0179893754367185,-0.2689525415677178,False,False,,
1179,4.7730636,578976.0,1976.0273037542663,1979.7133105802047,2030.6326810862213,1997.2819497883768,0.0166980587299546,-0.2818242532706851,False,False,,
1180,4.777112000000001,579461.0,1977.682593856655,1977.682593856655,2028.654257658114,1997.2819497883768,0.0157075008228365,-0.1406315096688524,False,False,,
1181,4.781160400000001,581361.0,1984.1672354948803,1977.334470989761,2028.358445620456,1997.2819497883768,0.0155593935224678,-0.0958873348499105,False,False,,
1182,4.7852088,579359.0,1977.334470989761,1976.0273037542663,2027.1036067538691,1997.2819497883768,0.0149311202500239,-0.3776331746904096,False,False,,
1183,4.789257200000001,577470.0,1970.887372013652,1971.1228668941976,2022.2515158082615,1997.2819497883768,0.0125017732336342,-0.2980662107382259,False,False,,
1184,4.793305600000001,577533.0,1971.1023890784984,1971.1023890784984,2022.28340145846,1997.2819497883768,0.0125177377549185,-0.0080851896003402,False,False,,
1185,4.797354,575196.0,1963.1262798634812,1970.887372013652,2022.120765416832,1997.2819497883768,0.0124363090704782,-0.4867380630403579,False,False,,
1186,4.801402400000001,573512.0,1957.3788395904437,1963.1262798634812,2014.4120718530885,1997.2819497883768,0.0085767170060926,-0.5711547697909036,False,False,,
1187,4.805450800000001,574733.0,1961.546075085324,1961.546075085324,2012.8842832304556,1997.2819497883768,0.0078117831304349,-0.3489198970433095,False,False,,
1188,4.8094992,577539.0,1971.1228668941976,1957.3788395904437,2008.769481466087,1997.2819497883768,0.0057515823837128,-0.390071926736027,False,False,,
1189,4.813547600000001,571538.0,1950.641638225256,1955.133105802048,2006.576198989084,1997.2819497883768,0.004653448754039,-0.2448692798197528,False,False,,
1190,4.817596000000001,571463.0,1950.3856655290103,1953.3139931740616,2004.8095552592656,1997.2819497883768,0.0037689247988681,-0.2712480041907597,False,False,,
1191,4.821644400000001,571043.0,1948.9522184300345,1950.641638225256,2002.189686801301,1997.2819497883768,0.0024572079137071,-0.1745862113679474,False,False,,
1192,4.825692800000001,572854.0,1955.133105802048,1950.3856655290103,2001.986218194467,1997.2819497883768,0.0023553351626639,-0.0979739016304929,False,False,,
1193,4.829741200000001,565554.0,1930.2184300341296,1948.9522184300345,2000.6052927893743,1997.2819497883768,0.0016639328269852,-0.3104962524945765,False,False,,
1194,4.833789600000001,569961.0,1945.259385665529,1945.259385665529,1996.9649993291273,1997.2819497883768,-0.0001586908945343,-0.7705769659437915,False,False,,
1195,4.8378380000000005,572321.0,1953.3139931740616,1936.3856655290103,1988.143836113146,1997.2819497883768,-0.0045752747508676,-0.5960387541197293,False,False,,
1196,4.841886400000001,565312.0,1929.3924914675767,1935.5153583617748,1987.326103488634,1997.2819497883768,-0.0049846974788899,-0.1492496560776058,False,False,,
1197,4.845934800000001,566623.0,1933.866894197952,1933.866894197952,1985.73023149563,1997.2819497883768,-0.0057837193661968,-0.2305006468312521,False,False,,
1198,4.8499832000000005,567106.0,1935.5153583617748,1931.682593856655,1983.5985409591567,1997.2819497883768,-0.006851015116153,-0.2123484065712454,False,False,,
1199,4.854031600000001,565586.0,1930.3276450511944,1930.3276450511944,1982.2962195984371,1997.2819497883768,-0.0075030619445227,-0.0840295281965805,False,False,,
1200,4.858080000000001,567361.0,1936.3856655290103,1930.2184300341296,1982.2396496719464,1997.2819497883768,-0.0075313854000551,-0.0479382746391295,False,False,,
1201,4.8621284000000005,565328.0,1929.4470989761091,1929.4470989761091,1981.5209813562496,1997.2819497883768,-0.0078912085666208,-0.0445593360479327,False,False,,
1202,4.866176800000001,565983.0,1931.682593856655,1929.3924914675767,1981.519054247708,1997.2819497883768,-0.0078921734321679,-0.1990437008676234,False,False,,
1203,4.870225200000001,561709.0,1917.095563139932,1926.1228668941976,1978.302127737908,1997.2819497883768,-0.0095028256038058,-0.2351305868477077,False,False,,
1204,4.8742736,564167.0,1925.4846416382252,1925.4846416382252,1977.7166182150256,1997.2819497883768,-0.0097959787677567,-0.5516991983064516,False,False,,
1205,4.878322000000001,564354.0,1926.1228668941976,1917.095563139932,1969.380273125258,1997.2819497883768,-0.0139698236726542,-0.5696360237886886,False,False,,
1206,4.882370400000001,561437.0,1916.1672354948803,1916.1672354948803,1968.5046965700944,1997.2819497883768,-0.0144082077251693,-0.4130368157488113,False,False,,
1207,4.8864188,559721.0,1910.3105802047785,1910.3105802047785,1962.70081005717,1997.2819497883768,-0.0173141001624085,-0.4052258816022636,False,False,,
1208,4.890467200000001,554785.0,1893.4641638225255,1909.508532423208,1961.951548745999,1997.2819497883768,-0.0176892406433258,-0.2494708608874645,False,False,,
1209,4.894515600000001,559486.0,1909.508532423208,1906.170648464164,1958.666468956507,1997.2819497883768,-0.0193340158288423,-0.3034967543027931,False,False,,
1210,4.898564,558508.0,1906.170648464164,1904.4948805460751,1957.0435229130587,1997.2819497883768,-0.0201465931635647,-0.1361341362274162,False,False,,
1211,4.902612400000001,556882.0,1900.6211604095563,1903.863481228669,1956.464963181317,1997.2819497883768,-0.0204362667030482,-0.036517667992383,False,False,,
1212,4.906660800000001,558017.0,1904.4948805460751,1903.7986348122868,1956.4529740675623,1997.2819497883768,-0.0204422694177655,-0.1939566862503841,False,False,,
1213,4.9107092,557813.0,1903.7986348122868,1900.6211604095563,1953.3283746903628,1997.2819497883768,-0.0220066952002799,-0.5259317365626264,False,False,,
1214,4.914757600000001,555290.0,1895.18771331058,1895.18771331058,1947.9478203457631,1997.2819497883768,-0.0247006335023658,-0.4360234372336036,False,False,,
1215,4.918806000000001,552549.0,1885.8327645051197,1893.4641638225255,1946.277181346875,1997.2819497883768,-0.0255370897668732,-0.3708076593415006,False,False,,
1216,4.9228544,552706.0,1886.3686006825935,1889.0853242320816,1941.9512699863344,1997.2819497883768,-0.0277029889585217,-0.264226629895572,False,False,,
1217,4.926902800000001,557832.0,1903.863481228669,1889.0853242320816,1942.0042159629224,1997.2819497883768,-0.0276764799438111,-0.0643627381747102,False,False,,
1218,4.930951200000001,553502.0,1889.0853242320816,1887.938566552901,1940.910422012965,1997.2819497883768,-0.0282241211769747,-0.1614422533772446,False,False,,
1219,4.934999600000001,553166.0,1887.938566552901,1886.3686006825935,1939.3934376304692,1997.2819497883768,-0.0289836455809561,-0.1236626082881624,False,False,,
1220,4.9390480000000005,550352.0,1878.334470989761,1885.8327645051197,1938.9106007053488,1997.2819497883768,-0.0292253925837624,-0.4902493939304326,False,False,,
1221,4.943096400000001,547720.0,1869.3515358361776,1878.334470989761,1931.4653242128425,1997.2819497883768,-0.0329530968737326,-0.989373819212782,False,False,,
1222,4.947144800000001,547379.0,1868.18771331058,1869.7269624573375,1922.910850479728,1997.2819497883768,-0.037236154523165,-0.5489161180298874,False,False,,
1223,4.9511932000000005,547160.0,1867.4402730375427,1869.3515358361776,1922.5884764402945,1997.2819497883768,-0.0373975608981978,-0.0886199794929405,False,False,,
1224,4.955241600000001,553736.0,1889.8839590443688,1868.18771331058,1921.4777242848031,1997.2819497883768,-0.0379536927731235,-0.111621923757788,False,False,,
1225,4.959290000000001,544436.0,1858.1433447098975,1867.4402730375427,1920.7833721762167,1997.2819497883768,-0.0383013412904799,-0.0396526281614173,False,False,,
1226,4.9633384000000005,547830.0,1869.7269624573375,1867.4402730375427,1920.8364781409775,1997.2819497883768,-0.0382747521728209,-0.0725737892589863,False,False,,
1227,4.967386800000001,546457.0,1865.0409556313991,1866.160409556314,1919.609738430789,1997.2819497883768,-0.0388889567473522,-0.0725715867221525,False,False,,
1228,4.971435200000001,546545.0,1865.3412969283277,1866.160409556314,1919.6628800140784,1997.2819497883768,-0.0388623497961929,0.00657331582277,False,False,,
1229,4.9754836000000005,544794.0,1859.365187713311,1866.160409556314,1919.71603941559,1997.2819497883768,-0.0388357339237984,0.0065755198368755,False,False,,
1230,4.979532000000001,545349.0,1861.259385665529,1866.160409556314,1919.7692166412971,1997.2819497883768,-0.0388091091271777,0.0065777245899791,False,False,,
1231,4.983580400000001,545694.0,1862.4368600682592,1866.160409556314,1919.8224116971776,1997.2819497883768,-0.0387824754033382,0.0065799300823332,False,False,,
1232,4.9876288,545025.0,1860.1535836177477,1866.160409556314,1919.875624589208,1997.2819497883768,-0.038755832749287,0.1697216204084508,False,False,,
1233,4.991677200000001,548290.0,1871.296928327645,1868.7986348122868,1922.5670805793432,1997.2819497883768,-0.0374082733872148,0.1697238273800811,False,False,,
1234,4.995725600000001,546785.0,1866.160409556314,1868.7986348122868,1922.62032916162,1997.2819497883768,-0.0373816128637559,0.1610730999715706,False,False,,
1235,4.999774,547558.0,1868.7986348122868,1871.296928327645,1925.1718891133528,1997.2819497883768,-0.0361040967113653,0.8362152949920647,False,False,,
1236,5.003822400000001,551489.0,1882.2150170648465,1882.2150170648465,1936.143262147013,1997.2819497883768,-0.0306109448632635,1.1861337585548033,False,False,,
1237,5.007870800000001,553879.0,1890.372013651877,1890.372013651877,1944.3535608965756,1997.2819497883768,-0.0265002088950981,0.5633356870359814,False,False,,
1238,5.0119192,554127.0,1891.2184300341296,1891.2184300341296,1945.253297313424,1997.2819497883768,-0.0260497284724699,0.9843770578239944,False,False,,
1239,5.015967600000001,559970.0,1911.160409556314,1906.1843003412969,1960.272505533243,1997.2819497883768,-0.0185299047333076,1.2397463788823924,True,False,1239.0,6.0
1240,5.020016000000001,558512.0,1906.1843003412969,1911.160409556314,1965.301970544962,1997.2819497883768,-0.0160117499919343,0.6443844453341647,False,False,,
1241,5.0240644,561534.0,1916.4982935153585,1916.4982935153585,1970.6932281907557,1997.2819497883768,-0.0133124527563262,1.0306030306679834,False,False,,
1242,5.028112800000001,568546.0,1940.4300341296928,1927.7201365187711,1981.9684627769627,1997.2819497883768,-0.0076671633732214,1.4864671921009736,False,False,,
1243,5.032161200000001,564822.0,1927.7201365187711,1940.4300341296928,1994.7317698727245,1997.2819497883768,-0.0012768251953222,0.9221291988922888,False,False,,
1244,5.036209600000001,569160.0,1942.5255972696243,1942.5255972696243,1996.880760405545,1997.2819497883768,-0.0002008676756298,0.4787212509100381,False,False,,
1245,5.040258000000001,570783.0,1948.0648464163824,1948.0648464163824,2002.4734548592448,1997.2819497883768,0.0025992850290456,0.7357789540053604,False,False,,
1246,5.044306400000001,575897.0,1965.518771331058,1954.317406143345,2008.779477813208,1997.2819497883768,0.0057565873591605,1.0859084721846295,False,False,,
1247,5.048354800000001,572615.0,1954.317406143345,1965.518771331058,2020.0343241539904,1997.2819497883768,0.0113916687466307,0.8541808660774466,False,False,,
1248,5.0524032000000005,576631.0,1968.023890784983,1968.023890784983,2022.592942693063,1997.2819497883768,0.0126727189956171,1.031884824934851,False,False,,
1249,5.056451600000001,580755.0,1982.098976109215,1982.098976109215,2036.7215450405336,1997.2819497883768,0.0197466337971642,0.9453576925748104,False,False,,
1250,5.060500000000001,581079.0,1983.2047781569968,1983.2047781569968,2037.88088205566,1997.2819497883768,0.0203270911608573,0.2733856335621292,False,False,,
1251,5.0645484000000005,582019.0,1986.4129692832764,1986.4129692832764,2041.1426260994065,1997.2819497883768,0.0219601825949897,0.3552741667358128,False,False,,
1252,5.068596800000001,583028.0,1989.8566552901025,1988.8430034129692,2043.6262311027072,1997.2819497883768,0.0232036750340837,0.2195730394621708,False,False,,
1253,5.072645200000001,585007.0,1996.6109215017063,1989.8566552901025,2044.6934718156097,1997.2819497883768,0.0237380215809071,0.4869720612130157,False,False,,
1254,5.0766936000000005,582731.0,1988.8430034129692,1996.6109215017063,2051.501344831167,1997.2819497883768,0.0271465904193124,0.474944593487637,False,False,,
1255,5.080742000000001,585247.0,1997.4300341296928,1997.4300341296928,2052.3740822373156,1997.2819497883768,0.027583552965457,0.5367836458256265,False,False,,
1256,5.084790400000001,590739.0,2016.1740614334472,2005.1843003412969,2060.1819912073183,1997.2819497883768,0.0314928202428337,1.0838202072312415,False,False,,
1257,5.0888388,590351.0,2014.849829351536,2014.849829351536,2069.90118096222,1997.2819497883768,0.0363590284193664,0.6862095109010684,False,False,,
1258,5.092887200000001,587519.0,2005.1843003412969,2016.1740614334472,2071.2790917810885,1997.2819497883768,0.0370489214106963,0.2668609539172966,False,False,,
1259,5.096935600000001,595178.0,2031.3242320819113,2019.0580204778155,2074.2167475607425,1997.2819497883768,0.0385197481910441,0.943480497164904,False,False,,
1260,5.100984,591584.0,2019.0580204778155,2031.3242320819113,2086.536673904486,1997.2819497883768,0.0446880943001398,0.9249105707749958,False,False,,
1261,5.105032400000001,595935.0,2033.9078498293516,2033.9078498293516,2089.1740244019743,1997.2819497883768,0.0460085641004937,0.2487175760010984,False,False,,
1262,5.109080800000001,600077.0,2048.0443686006824,2035.2389078498293,2090.5588331889376,1997.2819497883768,0.0467019107695056,0.3884330496441111,False,False,,
1263,5.1131292,596325.0,2035.2389078498293,2040.0819112627987,2095.4556053908723,1997.2819497883768,0.0491536288168517,0.4331772849107871,False,False,,
1264,5.117177600000001,598346.0,2042.136518771331,2042.136518771331,2097.563999716892,1997.2819497883768,0.0502092606099708,0.4990262407300019,False,False,,
1265,5.121226000000001,597744.0,2040.0819112627987,2048.0443686006824,2103.5256543982973,1997.2819497883768,0.0531941444827946,0.5579106397613591,False,False,,
1266,5.1252744,602782.0,2057.2764505119453,2051.051194539249,2106.586303229532,1997.2819497883768,0.0547265514779907,0.577540260702972,False,False,,
1267,5.129322800000001,600958.0,2051.051194539249,2057.2764505119453,2112.865400141559,1997.2819497883768,0.0578703724656546,0.4224228024056273,False,False,,
1268,5.133371200000001,602928.0,2057.774744027304,2057.774744027304,2113.417552648962,1997.2819497883768,0.0581468244245089,0.3247101827269718,False,False,,
1269,5.137419600000001,606988.0,2071.6313993174062,2062.419795221843,2118.116480894313,1997.2819497883768,0.0604994858731586,0.8067442168463472,False,False,,
1270,5.141468000000001,606719.0,2070.713310580205,2070.713310580205,2126.4638913683084,1997.2819497883768,0.0646788709994697,0.5762829110905967,False,False,,
1271,5.145516400000001,609283.0,2079.4641638225257,2071.6313993174062,2127.4358932920222,1997.2819497883768,0.0651655333476759,0.5477937746198052,False,False,,
1272,5.149564800000001,604289.0,2062.419795221843,2079.4641638225257,2135.3225890605927,1997.2819497883768,0.0691142476338117,0.5368215563369247,False,False,,
1273,5.153613200000001,609837.0,2081.354948805461,2080.204778156997,2136.1171527415136,1997.2819497883768,0.0695120701250253,0.1235933793164978,False,False,,
1274,5.157661600000001,609500.0,2080.204778156997,2081.354948805461,2137.3212908254905,1997.2819497883768,0.0701149585074615,0.3084729623256965,False,False,,
1275,5.161710000000001,610930.0,2085.085324232082,2085.085324232082,2141.105651782751,1997.2819497883768,0.0720097140063842,0.4540977672475303,False,False,,
1276,5.1657584000000005,615235.0,2099.778156996587,2088.590443686007,2144.6647748685114,1997.2819497883768,0.0737916973093112,0.2886390029909869,False,False,,
1277,5.169806800000001,616365.0,2103.6348122866893,2089.645051194539,2145.7734041161425,1997.2819497883768,0.0743467662858013,0.1637013015111037,False,False,,
1278,5.173855200000001,611957.0,2088.590443686007,2091.1296928327647,2147.312085606803,1997.2819497883768,0.0751171540073864,0.2124554447792181,False,False,,
1279,5.1779036000000005,615561.0,2100.890784982935,2092.972696245734,2149.209146991616,1997.2819497883768,0.0760669755310895,0.5414802678116448,False,False,,
1280,5.181952000000001,612701.0,2091.1296928327647,2099.778156996587,2156.0686838397964,1997.2819497883768,0.0795014114398041,0.4963184094492892,False,False,,
1281,5.186000400000001,612266.0,2089.645051194539,2100.890784982935,2157.2354060550347,1997.2819497883768,0.0800855664287188,0.2451744865397938,False,False,,
1282,5.1900488000000005,613241.0,2092.972696245734,2103.6348122866893,2160.033545725319,1997.2819497883768,0.0814865402224192,0.4011406094247522,False,False,,
1283,5.194097200000001,621435.0,2120.938566552901,2107.2696245733787,2163.7224885222618,1997.2819497883768,0.0833335217151091,0.4087405528313717,False,False,,
1284,5.198145600000001,618355.0,2110.4266211604095,2110.136518771331,2166.6435313802735,1997.2819497883768,0.0847960307305845,0.2019165437695154,False,False,,
1285,5.202194,618270.0,2110.136518771331,2110.4266211604095,2166.9878005853034,1997.2819497883768,0.0849683995867023,0.2823277720093209,False,False,,
1286,5.206242400000001,617430.0,2107.2696245733787,2114.59385665529,2171.209221058114,1997.2819497883768,0.0870819822349899,0.4805033375153158,False,False,,
1287,5.210290800000001,622002.0,2122.873720136519,2118.0887372013653,2174.7583047501894,1997.2819497883768,0.0888589390098966,0.3990413663554957,False,False,,
1288,5.2143392,619576.0,2114.59385665529,2120.938566552901,2177.6623554218854,1997.2819497883768,0.090312940370097,0.3025950448873757,False,False,,
1289,5.218387600000001,623892.0,2129.3242320819113,2122.873720136519,2179.6517485059176,1997.2819497883768,0.0913089905693405,0.4399890196147815,False,False,,
1290,5.222436000000001,623488.0,2127.9453924914674,2127.9453924914674,2184.7776785476312,1997.2819497883768,0.0938754434641142,0.4055905758818454,False,False,,
1291,5.2264844,620600.0,2118.0887372013653,2129.3242320819113,2186.210794017288,1997.2819497883768,0.0945929763441409,0.1641548316140646,False,False,,
1292,5.230532800000001,624234.0,2130.491467576792,2130.491467576792,2187.43232358993,1997.2819497883768,0.0952045723047269,0.0909237049482332,False,False,,
1293,5.234581200000001,624291.0,2130.6860068259384,2130.6860068259384,2187.6811751214873,1997.2819497883768,0.0953291673983658,0.1373563403328006,False,False,,
1294,5.238629600000001,625707.0,2135.518771331058,2132.6040955631397,2189.653594351854,1997.2819497883768,0.0963167191211336,0.3055632097485432,False,False,,
1295,5.242678000000001,629776.0,2149.40614334471,2135.518771331058,2192.6226188297965,1997.2819497883768,0.0978032515950576,0.2435175868446162,False,False,,
1296,5.246726400000001,624853.0,2132.6040955631397,2136.433447098976,2193.5916615307074,1997.2819497883768,0.0982884323182968,0.537086493413991,False,False,,
1297,5.250774800000001,625975.0,2136.433447098976,2144.0955631399315,2201.3081627337333,1997.2819497883768,0.1021519335149323,0.6267838074208658,False,False,,
1298,5.254823200000001,631572.0,2155.5358361774743,2146.460750853242,2203.727753844305,1997.2819497883768,0.1033633754502225,0.3157024930828456,False,False,,
1299,5.258871600000001,628913.0,2146.460750853242,2149.0921501706484,2206.4135748002764,1997.2819497883768,0.1047081134609254,0.1888653834005431,False,False,,
1300,5.262920000000001,628220.0,2144.0955631399315,2149.40614334471,2206.782007860324,1997.2819497883768,0.1048925806865401,0.1538338056275279,False,False,,
1301,5.2669684000000005,629684.0,2149.0921501706484,2151.4709897610924,2208.901312416231,1997.2819497883768,0.1059536750183302,0.2353002819360057,False,False,,
1302,5.271016800000001,630381.0,2151.4709897610924,2153.102389078498,2210.587188132821,1997.2819497883768,0.1067977600093194,0.2580956379430699,False,False,,
1303,5.275065200000001,634614.0,2165.9180887372013,2155.5358361774743,2213.075129896763,1997.2819497883768,0.1080434237796278,0.2971416289575259,False,False,,
1304,5.2791136000000005,630859.0,2153.102389078498,2157.7986348122868,2215.392441468448,1997.2819497883768,0.1092036563506626,0.1525765584241298,False,False,,
1305,5.283162000000001,632235.0,2157.7986348122868,2157.8941979522183,2215.542535823284,1997.2819497883768,0.109278805657876,0.1183891732297901,False,False,,
1306,5.287210400000001,632764.0,2159.6040955631397,2159.6040955631397,2217.306982933272,1997.2819497883768,0.1101622298084697,0.1662991488358614,False,False,,
1307,5.2912588000000005,635614.0,2169.331058020478,2160.4744027303755,2218.2318578898658,1997.2819497883768,0.1106252966061702,0.0886360423592016,False,False,,
1308,5.295307200000001,633152.0,2160.928327645051,2160.928327645051,2218.740368890324,1997.2819497883768,0.1108798981162436,0.0544486594398705,False,False,,
1309,5.299355600000001,633245.0,2161.2457337883957,2161.2457337883957,2219.112379422011,1997.2819497883768,0.111066156511923,0.3117174577894666,False,False,,
1310,5.3034040000000005,633019.0,2160.4744027303755,2165.8600682593856,2223.7813365900392,1997.2819497883768,0.1134038120284728,0.2920923330536382,False,False,,
1311,5.307452400000001,634597.0,2165.8600682593856,2165.8600682593856,2223.8359776019124,1997.2819497883768,0.1134311697141911,0.0415815744080418,False,False,,
1312,5.311500800000001,632263.0,2157.8941979522183,2166.4232081911264,2224.4537768665023,1997.2819497883768,0.1137404897201398,0.0415838406100181,False,False,,
1313,5.3155492,636458.0,2172.211604095563,2166.4232081911264,2224.5084545264704,1997.2819497883768,0.1137678657548423,0.1865755326336469,False,False,,
1314,5.319597600000001,638556.0,2179.3720136518773,2169.331058020478,2227.471000349054,1997.2819497883768,0.1152511544927682,0.1418357943685375,False,False,,
1315,5.323646000000001,636033.0,2170.7610921501705,2168.6075085324233,2226.8021651936424,1997.2819497883768,0.1149162818146856,0.0257621039221707,False,False,,
1316,5.3276944,637659.0,2176.310580204778,2169.638225255973,2227.887614595395,1997.2819497883768,0.115459745095805,0.1399409073112334,False,False,,
1317,5.331742800000001,635704.0,2169.638225255973,2170.7610921501705,2229.065232519507,1997.2819497883768,0.1160493553530031,0.1659019826754164,False,False,,
1318,5.335791200000001,634762.0,2166.4232081911264,2172.211604095563,2230.5705138526787,1997.2819497883768,0.1168030202691314,0.0964697252811799,False,False,,
1319,5.339839600000001,639273.0,2181.819112627986,2172.211604095563,2230.6253016044775,1997.2819497883768,0.1168304514246599,0.0067769376353314,False,False,,
1320,5.343888000000001,633572.0,2162.361774744027,2172.211604095563,2230.6801077264545,1997.2819497883768,0.1168578917777772,0.1986211129526509,False,False,,
1321,5.347936400000001,639454.0,2182.436860068259,2175.3139931740616,2233.8373213032664,1997.2819497883768,0.1184386468520152,-0.0510454492932446,False,True,1239.0,6.0
1322,5.351984800000001,635402.0,2168.6075085324233,2171.2764505119453,2229.8546215219617,1997.2819497883768,0.1164445869839396,-0.2428850785106586,False,False,,
1323,5.356033200000001,641288.0,2188.6962457337886,2171.2764505119453,2229.9094827914355,1997.2819497883768,0.1164720549483297,-0.037111785835453,False,False,,
1324,5.360081600000001,637367.0,2175.3139931740616,2170.566552901024,2229.2544648448156,1997.2819497883768,0.116144100276387,-0.0371095104984569,False,False,,
1325,5.364130000000001,638387.0,2178.795221843003,2170.566552901024,2229.309362910112,1997.2819497883768,0.1161715866637258,0.0067905827962828,False,False,,
1326,5.368178400000001,636184.0,2171.2764505119453,2170.566552901024,2229.364279382574,1997.2819497883768,0.116199082267172,0.0067928596594235,False,False,,
1327,5.372226800000001,634573.0,2165.778156996587,2170.566552901024,2229.4192142683733,1997.2819497883768,0.1162265870898162,0.0506929544808016,False,False,,
1328,5.376275200000001,638797.0,2180.1945392491466,2171.2764505119453,2230.1840651846046,1997.2819497883768,0.1166095329810122,0.0067974156761199,False,False,,
1329,5.3803236000000005,635976.0,2170.566552901024,2170.566552901024,2229.52913930468,1997.2819497883768,0.1162816244050627,-0.0370981223645436,False,False,,
1330,5.384372000000001,635090.0,2167.542662116041,2170.566552901024,2229.5841294675424,1997.2819497883768,0.116309156903851,0.0013147475992774,False,False,,
1331,5.388420400000001,634808.0,2166.580204778157,2170.4778156996585,2229.550400867084,1997.2819497883768,0.1162922696534246,-0.1801835620428242,False,False,,
1332,5.3924688000000005,633717.0,2162.8566552901025,2167.542662116041,2226.6702743286014,1997.2819497883768,0.1148502466387031,-0.174694053445922,False,False,,
1333,5.396517200000001,632435.0,2158.481228668942,2167.542662116041,2226.7253198241483,1997.2819497883768,0.114877806841484,0.0068088190914181,False,False,,
1334,5.400565600000001,637924.0,2177.2150170648465,2167.542662116041,2226.780383776293,1997.2819497883768,0.1149053762851225,0.006811102069081,False,False,,
1335,5.4046140000000005,636577.0,2172.617747440273,2167.542662116041,2226.8354661912244,1997.2819497883768,0.114932954972717,-0.0527019240384447,False,False,,
1336,5.408662400000001,634273.0,2164.7542662116043,2166.580204778157,2225.928109737249,1997.2819497883768,0.1144786593465679,-0.165609890487449,False,False,,
1337,5.412710800000001,631067.0,2153.8122866894196,2164.7542662116043,2224.1572905297744,1997.2819497883768,0.1135920448114181,-0.2234345374788962,False,False,,
1338,5.4167592,635950.0,2170.4778156996585,2162.8566552901025,2222.314817448715,1997.2819497883768,0.1126695545835088,-0.3703211012820588,False,False,,
1339,5.420807600000001,631237.0,2154.3924914675767,2158.6552901023892,2218.168608589005,1997.2819497883768,0.1105936289185574,-0.2637399794580943,False,False,,
1340,5.424856000000001,637746.0,2176.6075085324233,2158.481228668942,2218.0497219773215,1997.2819497883768,0.1105341047178324,-0.0330631044127383,False,False,,
1341,5.4289044,635807.0,2169.9897610921503,2158.0102389078497,2217.6339255379535,1997.2819497883768,0.1103259235747484,-0.0406585152011516,False,False,,
1342,5.432952800000001,632297.0,2158.0102389078497,2157.713310580205,2217.3922090381975,1997.2819497883768,0.1102049008519517,-0.0691475978295059,False,False,,
1343,5.437001200000001,632486.0,2158.6552901023892,2156.7815699658704,2216.51569876412,1997.2819497883768,0.1097660493046424,-0.1487101016189935,False,False,,
1344,5.441049600000001,632210.0,2157.713310580205,2155.19795221843,2214.987329875513,1997.2819497883768,0.109000824901163,-0.0910919259067455,False,False,,
1345,5.445098000000001,628979.0,2146.6860068259384,2155.19795221843,2215.042597259131,1997.2819497883768,0.1090284961989605,-0.0429708733388309,False,False,,
1346,5.449146400000001,631937.0,2156.7815699658704,2154.3924914675767,2214.2924224228927,1997.2819497883768,0.108652898333913,-0.1339299235189468,False,False,,
1347,5.453194800000001,626242.0,2137.3447098976108,2152.921501706485,2212.8767371136255,1997.2819497883768,0.1079440923942122,-0.3819080882813548,False,False,,
1348,5.457243200000001,631473.0,2155.19795221843,2148.1058020477817,2208.116360450173,1997.2819497883768,0.1055606649247171,-0.3641778299272324,False,False,,
1349,5.461291600000001,628056.0,2143.5358361774743,2146.921501706485,2206.9874016537697,1997.2819497883768,0.1049954173408579,-0.0809501956544185,False,False,,
1350,5.465340000000001,628163.0,2143.901023890785,2146.6860068259384,2206.807266873979,1997.2819497883768,0.1049052273805423,-0.1096503193333671,False,False,,
1351,5.469388400000001,629395.0,2148.1058020477817,2145.0375426621163,2205.2141813729977,1997.2819497883768,0.1041076006352797,-0.1653644835933754,False,False,,
1352,5.473436800000001,625950.0,2136.3481228668943,2143.901023890785,2204.133059832815,1997.2819497883768,0.1035663042297836,-0.0860084403302181,False,False,,
1353,5.477485200000001,630806.0,2152.921501706485,2143.5358361774743,2203.823287925187,1997.2819497883768,0.1034112074956139,-0.3983559958817722,False,False,,
1354,5.481533600000001,629048.0,2146.921501706485,2137.3481228668943,2197.6910090010515,1997.2819497883768,0.1003408954023288,-0.3757716473540959,False,False,,
1355,5.485582000000001,628496.0,2145.0375426621163,2137.3481228668943,2197.7464619744887,1997.2819497883768,0.1003686596213181,-0.0549776072080518,False,False,,
1356,5.489630400000001,626243.0,2137.3481228668943,2136.3481228668943,2196.80193354115,1997.2819497883768,0.0998957527122866,-0.3493861486133252,False,False,,
1357,5.4936788000000005,624555.0,2131.5870307167233,2131.5870307167233,2192.096331557099,1997.2819497883768,0.0975397498532263,-0.5102018128803305,False,False,,
1358,5.497727200000001,623500.0,2127.9863481228667,2127.9863481228667,2188.5511577350567,1997.2819497883768,0.0957647506737575,-0.4196602634957447,False,False,,
1359,5.501775600000001,620998.0,2119.4470989761094,2124.689419795222,2185.30975679116,1997.2819497883768,0.0941418446317537,-0.2305596718492406,False,False,,
1360,5.5058240000000005,621126.0,2119.883959044369,2124.146757679181,2184.822640677041,1997.2819497883768,0.0938979551227283,-0.0458910705899988,False,False,,
1361,5.509872400000001,622284.0,2123.8361774744026,2123.8361774744026,2184.5676250986007,1997.2819497883768,0.0937702738114006,-0.2567249177081745,False,False,,
1362,5.513920800000001,620366.0,2117.2901023890786,2119.883959044369,2180.6709899255666,1997.2819497883768,0.0918193048090286,-0.2645313595277283,False,False,,
1363,5.5179692000000005,622375.0,2124.146757679181,2119.4470989761094,2180.289731751215,1997.2819497883768,0.0916284162995762,-0.050527195421921,False,False,,
1364,5.522017600000001,622534.0,2124.689419795222,2118.9556313993176,2179.853884711488,1997.2819497883768,0.0914101962131364,-0.126501880666753,False,False,,
1365,5.526066000000001,620854.0,2118.9556313993176,2117.2901023890786,2178.2439948877213,1997.2819497883768,0.0906041558721935,-0.3968510345444596,False,False,,
1366,5.5301144,617039.0,2105.9351535836176,2112.4266211604095,2173.4361715011855,1997.2819497883768,0.0881969727566373,-0.5226328569828436,False,False,,
1367,5.534162800000001,618941.0,2112.4266211604095,2108.726962457338,2169.792189302164,1997.2819497883768,0.0863725021557751,-0.3846056810823111,False,False,,
1368,5.538211200000001,614319.0,2096.6518771331057,2106.0955631399315,2167.2164851569805,1997.2819497883768,0.0850828974780498,-0.1657474275538923,False,False,,
1369,5.5422596,617086.0,2106.0955631399315,2105.9351535836176,2167.1117894473227,1997.2819497883768,0.0850304783843566,-0.5770761066347774,False,False,,
1370,5.546308000000001,614118.0,2095.9658703071673,2096.6518771331057,2157.8842455241615,1997.2819497883768,0.0804104276578485,-0.6095750644377489,False,False,,
1371,5.550356400000001,617857.0,2108.726962457338,2095.9658703071673,2157.2539899125313,1997.2819497883768,0.0800948710026167,-0.0631715572089195,False,False,,
1372,5.554404800000001,613987.0,2095.518771331058,2095.518771331058,2156.862660843954,1997.2819497883768,0.0798989401934393,-0.519453287150867,False,False,,
1373,5.558453200000001,609982.0,2081.849829351536,2087.4539249146756,2148.853603034595,1997.2819497883768,0.0758889616272145,-0.5865639831091727,False,False,,
1374,5.562501600000001,610471.0,2083.518771331058,2085.921501706485,2147.376987139189,1997.2819497883768,0.0751496489350019,-0.2364343677427705,False,False,,
1375,5.566550000000001,609583.0,2080.4880546075087,2083.518771331058,2145.0300827885803,1997.2819497883768,0.0739745998384747,-0.1944336607568519,False,False,,
1376,5.570598400000001,610221.0,2082.665529010239,2082.665529010239,2144.2326852108868,1997.2819497883768,0.0735753584705857,-0.096294398312958,False,False,,
1377,5.574646800000001,611624.0,2087.4539249146756,2081.849829351536,2143.4728490198927,1997.2819497883768,0.0731949233542144,-0.1277381146967275,False,False,,
1378,5.578695200000001,611175.0,2085.921501706485,2080.4880546075087,2142.1669564744366,1997.2819497883768,0.0725410885035092,-0.5933059166973447,False,False,,
1379,5.582743600000001,607138.0,2072.1433447098975,2072.1433447098975,2133.8781475125384,1997.2819497883768,0.0683910440079003,-0.7817687468784538,False,False,,
1380,5.586792000000001,603849.0,2060.9180887372013,2067.7337883959044,2129.5245108776835,1997.2819497883768,0.0662112633137844,-0.6095519148112256,False,False,,
1381,5.590840400000001,605846.0,2067.7337883959044,2062.174061433447,2124.0207223440734,1997.2819497883768,0.0634556240640564,-0.4145419845771778,False,False,,
1382,5.5948888000000006,602136.0,2055.071672354949,2060.9180887372013,2122.820706832671,1997.2819497883768,0.0628547997730595,-0.1112648409647452,False,False,,
1383,5.598937200000001,602790.0,2057.3037542662114,2060.2627986348125,2122.2213926774107,1997.2819497883768,0.0625547348997331,-0.2165750720033221,False,False,,
1384,5.602985600000001,602194.0,2055.2696245733787,2057.3037542662114,2119.318343024514,1997.2819497883768,0.0611012347300629,-0.3018358184488461,False,False,,
1385,5.6070340000000005,604217.0,2062.174061433447,2055.2696245733787,2117.3402268222544,1997.2819497883768,0.0601108306449165,-0.1310963128786539,False,False,,
1386,5.611082400000001,603657.0,2060.2627986348125,2055.071672354949,2117.198306875562,1997.2819497883768,0.0600397741039473,-0.2851584443320014,False,False,,
1387,5.615130800000001,600810.0,2050.5460750853244,2050.5460750853244,2112.728760665136,1997.2819497883768,0.057801959752849,-0.3651430084901559,False,False,,
1388,5.6191792000000005,600373.0,2049.0546075085326,2049.0546075085326,2111.293362941304,1997.2819497883768,0.057083284192804,-0.2501199608689601,False,False,,
1389,5.623227600000001,598894.0,2044.0068259385664,2046.3890784982937,2108.6839225840868,1997.2819497883768,0.0557767884536852,-0.3052009540982903,False,False,,
1390,5.627276000000001,599592.0,2046.3890784982937,2044.0068259385664,2106.3577774837477,1997.2819497883768,0.0546121331076608,-0.261511857859535,False,False,,
1391,5.6313244000000005,598320.0,2042.0477815699655,2042.0477815699655,2104.454859387206,1997.2819497883768,0.0536593792429681,-0.4379449884091064,False,False,,
1392,5.635372800000001,594150.0,2027.8156996587031,2036.81228668942,2099.275509597699,1997.2819497883768,0.0510661801255097,-0.3296754480061086,False,False,,
1393,5.639421200000001,596725.0,2036.60409556314,2036.60409556314,2099.1234823877476,1997.2819497883768,0.0509900630755521,-0.5493732525958972,False,False,,
1394,5.6434696,593018.0,2023.9522184300345,2027.8156996587031,2090.3912692312397,1997.2819497883768,0.0466180147738923,-0.7754024723461983,False,False,,
1395,5.647518000000001,596786.0,2036.81228668942,2023.9522184300345,2086.5839895884164,1997.2819497883768,0.0447117843374601,-0.4554525899544961,False,False,,
1396,5.651566400000001,591228.0,2017.8430034129692,2020.3378839590443,2083.0258755475033,1997.2819497883768,0.0429303062435485,-0.288089830973397,False,False,,
1397,5.655614800000001,588694.0,2009.1945392491468,2019.1808873720136,2081.9251182411,1997.2819497883768,0.0423791785940346,-0.1473190181652395,False,False,,
1398,5.659663200000001,587772.0,2006.0477815699655,2017.8430034129692,2080.643492419554,1997.2819497883768,0.0417374936172683,-0.2228715825786968,False,False,,
1399,5.663711600000001,590531.0,2015.4641638225255,2015.4641638225255,2078.3209298298025,1997.2819497883768,0.0405746319642114,-0.3767226566874733,False,False,,
1400,5.667760000000001,591959.0,2020.3378839590443,2011.6382252559729,2074.5512871334595,1997.2819497883768,0.0386872456106009,-0.3509725644715393,False,False,,
1401,5.671808400000001,591620.0,2019.1808873720136,2009.6757679180887,2072.645144541631,1997.2819497883768,0.0377328773041981,-0.144143975544261,False,False,,
1402,5.675856800000001,587498.0,2005.112627986348,2009.1945392491468,2072.2202495009187,1997.2819497883768,0.0375201406694144,-0.0844152828764093,False,False,,
1403,5.679905200000001,589410.0,2011.6382252559729,2008.19795221843,2071.280014986937,1997.2819497883768,0.0370493836418043,-0.1876150263217768,False,False,,
1404,5.683953600000001,586611.0,2002.0853242320816,2006.0477815699655,2069.1862157500464,1997.2819497883768,0.0360010593242924,-0.18381383957127,False,False,,
1405,5.688002000000001,586243.0,2000.829351535836,2005.112627986348,2068.3074524791764,1997.2819497883768,0.0355610797455639,-0.2380506315014212,False,False,,
1406,5.692050400000001,588402.0,2008.19795221843,2002.0853242320816,2065.336557945169,1997.2819497883768,0.0340736109711515,-0.2578867293652056,False,False,,
1407,5.696098800000001,588835.0,2009.6757679180887,2000.829351535836,2064.1370133830333,1997.2819497883768,0.0334730224752396,-0.1863393896881886,False,False,,
1408,5.700147200000001,582493.0,1988.0307167235496,1998.9590443686009,2062.323153270101,1997.2819497883768,0.0325648582007242,-0.3131764153957408,False,False,,
1409,5.704195600000001,584726.0,1995.6518771331057,1995.6518771331057,2059.0724520154463,1997.2819497883768,0.0309372956750632,-0.2665326435197808,False,False,,
1410,5.7082440000000005,584399.0,1994.5358361774745,1994.5358361774745,2058.0128959735375,1997.2819497883768,0.0304067966926731,-0.4642815262031834,False,False,,
1411,5.712292400000001,585695.0,1998.9590443686009,1988.0307167235496,2051.5642803725664,1997.2819497883768,0.0271781010137008,-0.7112044052475248,False,False,,
1412,5.716340800000001,577142.0,1969.7679180887371,1982.9215017064848,2046.5115881540369,1997.2819497883768,0.0246483168642645,-0.5976586692333874,False,False,,
1413,5.7203892000000005,579628.0,1978.2525597269623,1978.2525597269623,2041.8991879249832,1997.2819497883768,0.022338978300652,-0.5018408970698496,False,False,,
1414,5.724437600000001,575491.0,1964.133105802048,1974.692832764505,2038.3960216712824,1997.2819497883768,0.0205850114888697,-0.5176670918897761,False,False,,
1415,5.728486000000001,578585.0,1974.692832764505,1969.7679180887371,2033.527686668916,1997.2819497883768,0.0181475313910386,-0.3517816484005527,False,False,,
1416,5.7325344000000005,576885.0,1968.8907849829352,1968.8907849829352,2032.7071522075191,1997.2819497883768,0.0177367058380997,-0.0622225460663101,False,False,,
1417,5.736582800000001,576814.0,1968.6484641638224,1968.6484641638224,2032.5214490101764,1997.2819497883768,0.017643727880049,-0.2871965117963229,False,False,,
1418,5.740631200000001,580996.0,1982.9215017064848,1964.133105802048,2028.0627272538989,1997.2819497883768,0.0154113331213871,-0.2920482491708649,False,False,,
1419,5.7446796,575300.0,1963.481228668942,1963.81228668942,2027.7985637368608,1997.2819497883768,0.015279071616162,-0.0333020353910016,False,False,,
1420,5.748728000000001,574754.0,1961.617747440273,1963.481228668942,2027.5241803084332,1997.2819497883768,0.0151416932012332,-0.0345659688237105,False,False,,
1421,5.752776400000001,575200.0,1963.1399317406144,1963.1399317406144,2027.2395769749855,1997.2819497883768,0.0149991978797901,-0.1082190904004758,False,False,,
1422,5.756824800000001,570550.0,1947.269624573379,1961.617747440273,2025.7741052787248,1997.2819497883768,0.0142654648700786,-0.3762466805951927,False,False,,
1423,5.760873200000001,575397.0,1963.81228668942,1956.9419795221845,2021.155068980292,1997.2819497883768,0.0119528037563474,-0.5940450368649903,False,False,,
1424,5.764921600000001,573384.0,1956.9419795221845,1951.8976109215016,2016.167451021216,1997.2819497883768,0.0094556010155903,-0.3798297779333832,False,False,,
1425,5.768970000000001,570504.0,1947.112627986348,1950.6860068259384,2015.0126165955885,1997.2819497883768,0.0088773980103762,-0.2791579107650221,False,False,,
1426,5.773018400000001,568902.0,1941.6450511945393,1947.269624573379,2011.6530230476728,1997.2819497883768,0.0071953152437084,-0.213941972080193,False,False,,
1427,5.777066800000001,571551.0,1950.6860068259384,1947.112627986348,2011.5528342063776,1997.2819497883768,0.0071451526508377,-0.3407789828332621,False,False,,
1428,5.781115200000001,567396.0,1936.5051194539249,1941.6450511945393,2006.1420842077791,1997.2819497883768,0.0044360959755039,-0.3730668480693088,False,False,,
1429,5.785163600000001,565308.0,1929.3788395904437,1940.9658703071673,2005.5197491674803,1997.2819497883768,0.0041245049953897,-0.2384163788561665,False,False,,
1430,5.789212000000001,571906.0,1951.8976109215016,1937.6757679180887,2002.286511685726,1997.2819497883768,0.002505686239181,-0.2688048177295435,False,False,,
1431,5.793260400000001,568703.0,1940.9658703071673,1936.5051194539249,2001.172747195528,1997.2819497883768,0.001948046147197,-0.2888519431078964,False,False,,
1432,5.797308800000001,562350.0,1919.283276450512,1932.8907849829352,1997.615315771539,1997.2819497883768,0.0001669098262254,-0.3660928583675369,False,False,,
1433,5.801357200000001,567739.0,1937.6757679180887,1930.470989761092,1995.2524426761263,1997.2819497883768,-0.0010161345084329,-0.1820573416475618,False,False,,
1434,5.805405600000001,565628.0,1930.470989761092,1929.8327645051197,1994.671158632411,1997.2819497883768,-0.0013071720576266,-0.0604917947597702,False,False,,
1435,5.809454000000001,560630.0,1913.4129692832764,1929.3788395904437,1994.2741940222193,1997.2819497883768,-0.0015059244722438,-0.5323909680029216,False,False,,
1436,5.813502400000001,566337.0,1932.8907849829352,1921.1092150170648,1986.0615488519527,1997.2819497883768,-0.0056178352473533,-0.6172295792267231,False,False,,
1437,5.817550800000001,565441.0,1929.8327645051197,1919.283276450512,1984.292608793544,1997.2819497883768,-0.0065035089293271,-0.4688610358109091,False,False,,
1438,5.8215992000000005,559732.0,1910.3481228668943,1913.4129692832764,1978.47931924589,1997.2819497883768,-0.0094141092821065,-0.3694554415506961,False,False,,
1439,5.825647600000001,560407.0,1912.6518771331057,1913.1945392491468,1978.317925949188,1997.2819497883768,-0.0094949157484741,-0.04000840062091,False,False,,
1440,5.829696000000001,559762.0,1910.4505119453925,1912.6518771331057,1977.83231969483,1997.2819497883768,-0.0097380493002539,-0.1626244571260435,False,False,,
1441,5.8337444000000005,560566.0,1913.1945392491468,1910.4505119453925,1975.6880294994685,1997.2819497883768,-0.010811653452932,-0.1353970022209245,False,False,,
1442,5.837792800000001,562885.0,1921.1092150170648,1910.3481228668943,1975.6427345504044,1997.2819497883768,-0.010834331747836,-0.6539376006851783,False,False,,
1443,5.841841200000001,556371.0,1898.8771331058024,1899.7610921501707,1965.112817106614,1997.2819497883768,-0.0161064554181601,-0.6522468551572043,False,False,,
1444,5.8458896000000005,556630.0,1899.7610921501707,1899.6860068259384,1965.0948642052335,1997.2819497883768,-0.0161154440846738,-0.047594264000454,False,False,,
1445,5.849938000000001,555350.0,1895.3924914675767,1898.8771331058024,1964.3431420642871,1997.2819497883768,-0.016491816654919,-0.0798821157707525,False,False,,
1446,5.853986400000001,556608.0,1899.6860068259384,1898.2798634812289,1963.8030431816665,1997.2819497883768,-0.0167622335996465,-0.2084074890583047,False,False,,
1447,5.858034800000001,556196.0,1898.2798634812289,1895.3924914675767,1960.972861079154,1997.2819497883768,-0.0181792504123264,-0.2628552950348028,False,False,,
1448,5.862083200000001,553521.0,1889.150170648464,1893.9146757679184,1959.5522544662497,1997.2819497883768,-0.0188905203524844,-0.2820582181415676,False,False,,
1449,5.866131600000001,554917.0,1893.9146757679184,1890.716723549488,1956.4115305166176,1997.2819497883768,-0.0204630193929752,-0.2824779398263932,False,False,,
1450,5.870180000000001,552535.0,1885.7849829351535,1889.2320819112629,1954.9841363356663,1997.2819497883768,-0.0211776877356709,-0.0897894744979379,False,False,,
1451,5.874228400000001,553980.0,1890.716723549488,1889.150170648464,1954.9594917250515,1997.2819497883768,-0.0211900268100902,-0.113635433575153,False,False,,
1452,5.878276800000001,553545.0,1889.2320819112629,1887.2798634812289,1953.1464704113453,1997.2819497883768,-0.0220977711142423,-0.1674500939796841,False,False,,
1453,5.882325200000001,552973.0,1887.2798634812289,1886.3276450511944,1952.2515570426244,1997.2819497883768,-0.022545836731025,-0.0853503580422829,False,False,,
1454,5.886373600000001,550256.0,1878.0068259385664,1885.7849829351535,1951.7662192021205,1997.2819497883768,-0.0227888358932391,-0.4076170527760858,False,False,,
1455,5.890422000000001,550729.0,1879.6211604095563,1879.6211604095563,1945.6597401727272,1997.2819497883768,-0.0258462304839429,-0.4067704864952355,False,False,,
1456,5.894470400000001,552694.0,1886.3276450511944,1879.0921501706484,1945.1880926571343,1997.2819497883768,-0.026082375168294,-0.0927298775078577,False,False,,
1457,5.898518800000001,549590.0,1875.7337883959044,1878.0068259385664,1944.1601503819256,1997.2819497883768,-0.0265970457561484,-0.2005726166292341,False,False,,
1458,5.902567200000001,546672.0,1865.774744027304,1875.7337883959044,1941.9445140361431,1997.2819497883768,-0.0277063715306176,-0.217665059790491,False,False,,
1459,5.906615600000001,549191.0,1874.372013651877,1874.372013651877,1940.6401597354543,1997.2819497883768,-0.0283594362122602,-0.5196712195242728,False,False,,
1460,5.910664000000001,547094.0,1867.2150170648465,1867.2150170648465,1933.5406028446732,1997.2819497883768,-0.0319140454608609,-0.4804140592094339,False,False,,
1461,5.914712400000001,550574.0,1879.0921501706484,1866.4880546075085,1932.8710993429515,1997.2819497883768,-0.0322492527668663,-0.0819545670112167,False,False,,
1462,5.918760800000001,546881.0,1866.4880546075085,1865.774744027304,1932.2152669841876,1997.2819497883768,-0.0325776151990374,-0.0709777296380749,False,False,,
1463,5.9228092000000006,544353.0,1857.8600682593856,1865.225255972696,1931.723276423305,1997.2819497883768,-0.0328239452481999,-0.1395656851315276,False,False,,
1464,5.926857600000001,546511.0,1865.225255972696,1863.4027303754267,1929.9582675985064,1997.2819497883768,-0.0337076506384105,-0.4483253512090215,False,False,,
1465,5.930906000000001,540703.0,1845.4027303754267,1857.8600682593856,1924.4731415401468,1997.2819497883768,-0.0364539459518693,-0.3356237619768043,False,False,,
1466,5.9349544000000005,543186.0,1853.8771331058024,1857.8600682593856,1924.5306968895047,1997.2819497883768,-0.0364251291143847,0.0071192739320213,False,False,,
1467,5.939002800000001,543950.0,1856.4846416382252,1857.8600682593856,1924.5882715370076,1997.2819497883768,-0.0363963026146965,0.0071216610043345,False,False,,
1468,5.943051200000001,545977.0,1863.4027303754267,1857.8600682593856,1924.6458654891264,1997.2819497883768,-0.0363674664495648,0.0071240488770181,False,False,,
1469,5.9470996000000005,541651.0,1848.6382252559729,1857.8600682593856,1924.703478752333,1997.2819497883768,-0.0363386206157491,0.007126437550351,False,False,,
1470,5.951148000000001,542456.0,1851.3856655290103,1857.8600682593856,1924.7611113331031,1997.2819497883768,-0.0363097651100072,0.0267562164434602,False,False,,
1471,5.955196400000001,537790.0,1835.4607508532424,1858.1774744027305,1925.136169381259,1997.2819497883768,-0.0361219808824497,0.0267586067188805,False,False,,
1472,5.9592448000000005,542691.0,1852.18771331058,1858.1774744027305,1925.1938406165891,1997.2819497883768,-0.0360931060231257,0.3302468685946822,False,False,,
1473,5.963293200000001,544446.0,1858.1774744027305,1863.4027303754267,1930.4767871616173,1997.2819497883768,-0.0334480380368118,0.5168149835513907,False,False,,
1474,5.967341600000001,548934.0,1873.4948805460751,1866.419795221843,1933.55156192385,1997.2819497883768,-0.0319085584643065,0.4074949276409856,False,False,,
1475,5.971390000000001,549320.0,1874.81228668942,1869.8771331058024,1937.066629073596,1997.2819497883768,-0.030148633106688,0.4446416279810821,False,False,,
1476,5.975438400000001,546861.0,1866.419795221843,1873.4948805460751,1940.7421251361152,1997.2819497883768,-0.0283083841308694,0.3123174290877877,False,False,,
1477,5.979486800000001,547874.0,1869.8771331058024,1874.81228668942,1942.1172992646543,1997.2819497883768,-0.0276198613468504,1.214124501452635,False,False,,
1478,5.983535200000001,554653.0,1893.013651877133,1893.013651877133,1960.3764518070036,1997.2819497883768,-0.0184778608675071,1.260135186519161,True,False,1478.0,7.0
1479,5.987583600000001,556263.0,1898.508532423208,1895.075085324232,1962.495691984674,1997.2819497883768,-0.0174167987686406,0.3469363572422927,False,False,,
1480,5.991632000000001,561594.0,1916.703071672355,1898.508532423208,1965.9869651966544,1997.2819497883768,-0.0156687865701876,1.3445588599328755,False,False,,
1481,5.995680400000001,555257.0,1895.075085324232,1916.703071672355,1984.239349947736,1997.2819497883768,-0.0065301745915354,1.370520063595308,False,False,,
1482,5.999728800000001,562723.0,1920.5563139931744,1920.5563139931744,1988.150457165923,1997.2819497883768,-0.004571959719268,0.8494469307108491,False,False,,
1483,6.003777200000001,567466.0,1936.7440273037544,1930.3242320819113,1997.976259553963,1997.2819497883768,0.0003476273170445,1.008156823556654,False,False,,
1484,6.007825600000001,565585.0,1930.3242320819113,1936.7440273037544,2004.4539584835504,1997.2819497883768,0.003590884449706,0.5552519372520931,False,False,,
1485,6.011874000000001,570447.0,1946.9180887372013,1939.18771331058,2006.9555676130683,1997.2819497883768,0.0048433912025875,0.6362964628243353,False,False,,
1486,6.015922400000001,568182.0,1939.18771331058,1946.9180887372013,2014.7438855838404,1997.2819497883768,0.0087428496499024,0.545970664383524,False,False,,
1487,6.019970800000001,570735.0,1947.901023890785,1947.901023890785,2015.7847827095457,1997.2819497883768,0.0092640064779684,0.2735111348292711,False,False,,
1488,6.024019200000001,571709.0,1951.225255972696,1951.225255972696,2019.1669961980624,1997.2819497883768,0.0109574146063877,1.319885546708324,False,False,,
1489,6.028067600000001,577604.0,1971.344709897611,1969.1296928327645,2037.129433905737,1997.2819497883768,0.0199508557725575,1.251297612084205,False,False,,
1490,6.032116000000001,576955.0,1969.1296928327645,1971.344709897611,2039.4024712657092,1997.2819497883768,0.0210889211119119,0.1660953252492207,False,False,,
1491,6.0361644000000005,577708.0,1971.6996587030717,1971.6996587030717,2039.8154598203355,1997.2819497883768,0.0212956964020355,0.1238882919944366,False,False,,
1492,6.040212800000001,578819.0,1975.491467576792,1973.2320819112629,2041.4059422382552,1997.2819497883768,0.0220920198345325,0.1715873659167077,False,False,,
1493,6.044261200000001,578487.0,1974.358361774744,1974.358361774744,2042.5903007785528,1997.2819497883768,0.02268500498639,0.1468972517142308,False,False,,
1494,6.0483096000000005,578157.0,1973.2320819112629,1975.491467576792,2043.7815047310323,1997.2819497883768,0.0232814175022122,0.1629392475431812,False,False,,
1495,6.052358000000001,579225.0,1976.8771331058024,1976.8771331058024,2045.2252878906188,1997.2819497883768,0.0240042914858976,1.2814918068040888,False,False,,
1496,6.056406400000001,586711.0,2002.4266211604097,1996.098976109215,2064.5052680112844,1997.2819497883768,0.0336574003635443,1.3228594680147625,False,False,,
1497,6.0604548000000005,585459.0,1998.1535836177477,1998.1535836177477,2066.618032130279,1997.2819497883768,0.034715220026521,0.2176077030166627,False,False,,
1498,6.064503200000001,584857.0,1996.098976109215,1999.5017064846415,2068.0243311073823,1997.2819497883768,0.0354193264133295,0.2714271505292007,False,False,,
1499,6.068551600000001,585854.0,1999.5017064846415,2002.4266211604097,2071.0074413996435,1997.2819497883768,0.036912911378926,0.758315449253435,False,False,,
1500,6.072600000000001,589413.0,2011.6484641638224,2011.6484641638224,2080.2874995323746,1997.2819497883768,0.0415592549428451,0.6842402963640604,False,False,,
1501,6.076648400000001,589919.0,2013.3754266211604,2013.3754266211604,2082.0726966383972,1997.2819497883768,0.0424530682105271,0.438794819465726,False,False,,
1502,6.080696800000001,592211.0,2021.19795221843,2018.627986348123,2087.383510539957,1997.2819497883768,0.0451120888370955,0.4909258926304591,False,False,,
1503,6.084745200000001,593258.0,2024.7713310580205,2021.19795221843,2090.011750117321,1997.2819497883768,0.0464279969779777,0.3870930872444891,False,False,,
1504,6.088793600000001,596727.0,2036.6109215017063,2024.7713310580205,2093.6434222029757,1997.2819497883768,0.0482463041458964,0.8957192514157866,False,False,,
1505,6.092842000000001,596421.0,2035.566552901024,2035.566552901024,2104.496956837603,1997.2819497883768,0.0536804566128416,0.7393356953352885,False,False,,
1506,6.096890400000001,591458.0,2018.627986348123,2036.6109215017063,2105.5996577820233,1997.2819497883768,0.0542325574038876,0.1515716672468814,False,False,,
1507,6.100938800000001,598404.0,2042.334470989761,2037.901023890785,2106.948112073508,1997.2819497883768,0.054907702088206,0.3073269187069938,False,False,,
1508,6.104987200000001,597105.0,2037.901023890785,2041.4641638225255,2110.569623472882,1997.2819497883768,0.0567209219992745,0.2813705334554619,False,False,,
1509,6.109035600000001,600525.0,2049.5733788395905,2042.334470989761,2111.4983216795385,1997.2819497883768,0.0571859030234884,0.5086707866780786,False,False,,
1510,6.113084000000001,601714.0,2053.6313993174062,2049.5733788395905,2118.7956401471383,1997.2819497883768,0.0608395276248487,0.4966435181211146,False,False,,
1511,6.117132400000001,598149.0,2041.4641638225255,2050.2491467576792,2119.529838267911,1997.2819497883768,0.0612071262610105,0.2581626068660538,False,False,,
1512,6.121180800000001,605382.0,2066.150170648464,2053.6313993174062,2122.9705406218027,1997.2819497883768,0.062929818620122,0.5937300751253316,False,False,,
1513,6.125229200000001,600723.0,2050.2491467576792,2059.7337883959044,2129.1313990925155,1997.2819497883768,0.0660144399332849,0.50023859055712,False,False,,
1514,6.129277600000001,603502.0,2059.7337883959044,2061.6040955631397,2131.0601952565867,1997.2819497883768,0.0669801504401442,0.2079406462365156,False,False,,
1515,6.133326000000001,604050.0,2061.6040955631397,2062.9795221843005,2132.4941304857775,1997.2819497883768,0.0676980937577328,0.2883520544891684,False,False,,
1516,6.137374400000001,604453.0,2062.9795221843005,2066.150170648464,2135.723307175741,1997.2819497883768,0.0693148793549318,0.8410870927957266,False,False,,
1517,6.141422800000001,612006.0,2088.7576791808874,2076.4641638225257,2146.09584819995,1997.2819497883768,0.0745082077306817,0.8299040187207272,False,False,,
1518,6.145471200000001,608404.0,2076.4641638225257,2079.4539249146756,2149.1441767731753,1997.2819497883768,0.0760344462137103,0.7311363582681256,False,False,,
1519,6.1495196000000005,609280.0,2079.4539249146756,2088.1706484641636,2157.9194874412483,1997.2819497883768,0.0804280725963063,0.5825615598893226,False,False,,
1520,6.153568000000001,612867.0,2091.6962457337886,2088.7576791808874,2158.5651249206517,1997.2819497883768,0.0807513306518211,0.1399980154381115,False,False,,
1521,6.157616400000001,611834.0,2088.1706484641636,2090.3174061433447,2160.183478296469,1997.2819497883768,0.0815616085277056,0.1889633960652297,False,False,,
1522,6.1616648000000005,612463.0,2090.3174061433447,2091.6962457337886,2161.6209639575427,1997.2819497883768,0.082281329477082,0.1756698540819812,False,False,,
1523,6.165713200000001,613261.0,2093.0409556313994,2093.0409556313994,2163.024339589644,1997.2819497883768,0.0829839722022366,0.2459510033426362,False,False,,
1524,6.169761600000001,615970.0,2102.286689419795,2095.556313993174,2165.598383356364,1997.2819497883768,0.0842727455609468,0.578985914993698,False,False,,
1525,6.173810000000001,616270.0,2103.310580204778,2102.286689419795,2172.3874638649786,1997.2819497883768,0.0876719053587579,0.4565809740640798,False,False,,
1526,6.177858400000001,613998.0,2095.556313993174,2102.8225255972698,2172.9820248080946,1997.2819497883768,0.0879695903917493,0.0705780835835767,False,False,,
1527,6.181906800000001,620117.0,2116.4402730375427,2103.310580204778,2173.528823871491,1997.2819497883768,0.0882433619859173,0.5281308445336723,False,False,,
1528,6.185955200000001,618595.0,2111.2457337883957,2111.2457337883957,2181.522741607846,1997.2819497883768,0.0922457602137699,0.6374557295144196,False,False,,
1529,6.190003600000001,621120.0,2119.863481228669,2113.5017064846415,2183.837498160282,1997.2819497883768,0.0934047135366501,0.2235946113408928,False,False,,
1530,6.194052000000001,616127.0,2102.8225255972698,2114.744027303754,2185.1386225456445,1997.2819497883768,0.0940561610628746,0.1119530815951694,False,False,,
1531,6.198100400000001,619256.0,2113.5017064846415,2115.1945392491466,2185.647957773956,1997.2819497883768,0.0943111752477099,0.1121665676346133,False,False,,
1532,6.202148800000001,623474.0,2127.897610921502,2116.4402730375427,2186.9525345685506,1997.2819497883768,0.0949643513276985,0.2959911167970368,False,False,,
1533,6.206197200000001,619620.0,2114.744027303754,2119.863481228669,2190.434605495768,1997.2819497883768,0.0967077561221923,0.5072518025242339,False,False,,
1534,6.210245600000001,622486.0,2124.5255972696245,2124.5255972696245,2195.155604009322,1997.2819497883768,0.099071467722377,0.5040885358488918,False,False,,
1535,6.214294000000001,623857.0,2129.204778156997,2127.897610921502,2198.5865198769243,1997.2819497883768,0.1007892601792536,0.2966315822776071,False,False,,
1536,6.218342400000001,624138.0,2130.1638225255974,2129.204778156997,2199.952609077889,1997.2819497883768,0.101473234317762,0.119565426044522,False,False,,
1537,6.222390800000001,619752.0,2115.1945392491466,2129.713310580205,2200.5200832229348,1997.2819497883768,0.101757357520851,0.0665950230853003,False,False,,
1538,6.226439200000001,624006.0,2129.713310580205,2130.1638225255974,2201.0295566531563,1997.2819497883768,0.102012440900679,0.0520352109909332,False,False,,
1539,6.230487600000001,627502.0,2141.645051194539,2130.436860068259,2201.3615754502657,1997.2819497883768,0.1021786762172023,0.2151771404761309,False,False,,
1540,6.234536000000001,628450.0,2144.8805460750855,2133.5255972696245,2204.5093136823252,1997.2819497883768,0.1037546871716863,0.2223551914207497,False,False,,
1541,6.238584400000001,624218.0,2130.436860068259,2133.914675767918,2204.957412994191,1997.2819497883768,0.1039790417310981,0.509381827802617,False,False,,
1542,6.242632800000001,625123.0,2133.5255972696245,2141.645051194539,2212.746829023895,1997.2819497883768,0.1078790499550391,0.4910231694236646,False,False,,
1543,6.246681200000001,627529.0,2141.7372013651875,2141.7372013651875,2212.8980395937733,1997.2819497883768,0.1079547581292879,0.0214456024299831,False,False,,
1544,6.2507296000000006,631166.0,2154.150170648464,2141.873720136519,2213.0936385671175,1997.2819497883768,0.1080526907087942,0.0847622113389068,False,False,,
1545,6.254778000000001,631933.0,2156.767918088737,2142.9897610921503,2214.2687795341863,1997.2819497883768,0.1086410608020568,0.1932429214523399,False,False,,
1546,6.258826400000001,630819.0,2152.9658703071673,2144.8805460750855,2216.2186843446243,1997.2819497883768,0.1096173399952096,0.2852619509393008,False,False,,
1547,6.2628748000000005,627896.0,2142.9897610921503,2147.484641638225,2218.881919557977,1997.2819497883768,0.110950769766422,0.1862832670109426,False,False,,
1548,6.266923200000001,625237.0,2133.914675767918,2147.774744027304,2219.2311814266254,1997.2819497883768,0.1111256383515435,0.1326797314858439,False,False,,
1549,6.270971600000001,629213.0,2147.484641638225,2149.5119453924913,2221.027562107388,1997.2819497883768,0.1120250510163166,0.1147431732540038,False,False,,
1550,6.275020000000001,627569.0,2141.873720136519,2149.5119453924913,2221.086761265619,1997.2819497883768,0.1120546908767466,0.0073226038707652,False,False,,
1551,6.279068400000001,630100.0,2150.5119453924913,2149.5119453924913,2221.1459802731592,1997.2819497883768,0.1120843406753374,0.007325059119033,False,False,,
1552,6.283116800000001,629298.0,2147.774744027304,2149.5119453924913,2221.2052191366647,1997.2819497883768,0.1121140004154216,0.0073275151905214,False,False,,
1553,6.287165200000001,633001.0,2160.4129692832767,2149.5119453924913,2221.2644778627923,1997.2819497883768,0.1121436701003321,0.0073299720855093,False,False,,
1554,6.291213600000001,633264.0,2161.310580204778,2149.5119453924913,2221.3237564582023,1997.2819497883768,0.1121733497334035,0.0691692588335985,False,False,,
1555,6.295262000000001,633479.0,2162.0443686006824,2150.5119453924913,2222.383054929557,1997.2819497883768,0.112703719755256,0.1694191364512587,False,False,,
1556,6.299310400000001,629807.0,2149.5119453924913,2152.133105802048,2224.0635336930773,1997.2819497883768,0.1135451025974222,0.327706994357607,False,False,,
1557,6.303358800000001,629124.0,2147.180887372014,2155.692832764505,2227.6825988987734,1997.2819497883768,0.1153570977471704,0.3635874782182693,False,False,,
1558,6.307407200000001,628456.0,2144.901023890785,2157.8941979522183,2229.94332222567,1997.2819497883768,0.1164889976910596,0.2992205438290582,False,False,,
1559,6.311455600000001,632263.0,2157.8941979522183,2160.4129692832767,2232.5214715985267,1997.2819497883768,0.1177798266464457,0.1630975629273034,False,False,,
1560,6.315504000000001,631618.0,2155.692832764505,2160.4129692832767,2232.5808695496135,1997.2819497883768,0.1178095660385696,0.0628526065198613,False,False,,
1561,6.319552400000001,633919.0,2163.5460750853244,2161.310580204778,2233.537898338166,1997.2819497883768,0.1182887316309158,0.1082302175941372,False,False,,
1562,6.323600800000001,635699.0,2169.6211604095565,2162.0443686006824,2234.3311245237633,1997.2819497883768,0.1186858844643859,-0.2039061240059627,False,False,,
1563,6.327649200000001,630575.0,2152.133105802048,2157.8941979522183,2230.240411594314,1997.2819497883768,0.1166377445260649,0.032258155759715,False,False,,
1564,6.331697600000001,635749.0,2169.79180887372,2162.4470989761094,2234.852790273224,1997.2819497883768,0.1189470722999421,0.3125313007449435,False,False,,
1565,6.335746000000001,637981.0,2177.409556313993,2162.8293515358364,2235.2945404306583,1997.2819497883768,0.1191682479619367,0.05315676113762,False,False,,
1566,6.339794400000001,633709.0,2162.8293515358364,2163.1877133105804,2235.7124197524854,1997.2819497883768,0.1193774719635211,0.0295219425816348,False,False,,
1567,6.343842800000001,631818.0,2156.3754266211604,2163.1877133105804,2235.7719572556325,1997.2819497883768,0.1194072812266316,0.0073644552393847,False,False,,
1568,6.347891200000001,633597.0,2162.4470989761094,2163.1877133105804,2235.8315147215353,1997.2819497883768,0.1194371004847034,-0.0147930312751736,False,True,1478.0,7.0
1569,6.351939600000001,638518.0,2179.2423208191126,2162.8293515358364,2235.532730382143,1997.2819497883768,0.1192875050110029,-0.0384278473481778,False,False,,
1570,6.355988000000001,631809.0,2156.3447098976108,2162.4470989761094,2235.2100752339124,1997.2819497883768,0.1191259578902947,0.0073718655661974,False,False,,
1571,6.360036400000001,636981.0,2173.996587030717,2162.8293515358364,2235.6519451879785,1997.2819497883768,0.1193471935321193,0.0073743373317469,False,False,,
1572,6.3640848000000005,633814.0,2163.1877133105804,2162.4470989761094,2235.329330012133,1997.2819497883768,0.1191856664248025,-0.0162604762557734,False,False,,
1573,6.368133200000001,637083.0,2174.3447098976108,2162.4470989761094,2235.38898739226,1997.2819497883768,0.1192155357079716,-0.0882250973681451,False,False,,
1574,6.372181600000001,631385.0,2154.897610921502,2160.901023890785,2233.9025896900125,1997.2819497883768,0.118471325456432,-0.0882226231154152,False,False,,
1575,6.376230000000001,631933.0,2156.767918088737,2160.901023890785,2233.962287082746,1997.2819497883768,0.1185012147731306,0.0073842326845436,False,False,,
1576,6.380278400000001,632560.0,2158.9078498293516,2160.901023890785,2234.022004491846,1997.2819497883768,0.1185311141116322,-0.1158648550656398,False,False,,
1577,6.384326800000001,632548.0,2158.866894197952,2158.9078498293516,2232.08856786259,1997.2819497883768,0.1175630802146349,-0.1158623783232819,False,False,,
1578,6.388375200000001,636256.0,2171.5221843003415,2158.9078498293516,2232.1483253245583,1997.2819497883768,0.1175929996068242,0.0073916629120009,False,False,,
1579,6.392423600000001,630631.0,2152.3242320819113,2158.9078498293516,2232.208102823034,1997.2819497883768,0.1176229290309008,0.004861574938916,False,False,,
1580,6.396472000000001,634825.0,2166.638225255973,2158.866894197952,2232.226944733335,1997.2819497883768,0.1176323628067896,-0.0618268604109975,False,False,,
1581,6.400520400000001,633144.0,2160.901023890785,2157.788395904437,2231.2082640314666,1997.2819497883768,0.117122329307525,-0.0147608551794942,False,False,,
1582,6.404568800000001,631170.0,2154.1638225255974,2158.508532423208,2231.9882381985526,1997.2819497883768,0.1175128471145721,0.0519325403023351,False,False,,
1583,6.408617200000001,633388.0,2161.7337883959044,2158.508532423208,2232.0480959102606,1997.2819497883768,0.1175428166998449,-0.0371268955464287,False,False,,
1584,6.412665600000001,632090.0,2157.3037542662114,2157.788395904437,2231.387837173318,1997.2819497883768,0.1172122380667118,-0.0670931151085021,False,False,,
1585,6.416714000000001,632232.0,2157.788395904437,2157.3037542662114,2230.963093393771,1997.2819497883768,0.1169995771654344,-0.2167230951336911,False,False,,
1586,6.420762400000001,633423.0,2161.853242320819,2154.1638225255974,2227.8830795954173,1997.2819497883768,0.1154574745100331,-0.1867519087838438,False,False,,
1587,6.424810800000001,628948.0,2146.580204778157,2154.1638225255974,2227.9430176279934,1997.2819497883768,0.1154874843103933,-0.0103139661528999,False,False,,
1588,6.428859200000001,631086.0,2153.877133105802,2153.877133105802,2227.716286337826,1997.2819497883768,0.1153739643888863,-0.0658168933479999,False,False,,
1589,6.432907600000001,632443.0,2158.508532423208,2152.9795221843005,2226.878653649743,1997.2819497883768,0.1149545780883331,-0.4060224898819378,False,False,,
1590,6.436956000000001,629127.0,2147.1911262798635,2147.1911262798635,2221.150256089255,1997.2819497883768,0.11208648149281,-0.3882920376856074,False,False,,
1591,6.441004400000001,627660.0,2142.184300341297,2146.580204778157,2220.599353048772,1997.2819497883768,0.1118106551175998,-0.3021822924863429,False,False,,
1592,6.445052800000001,626704.0,2138.921501706485,2142.184300341297,2216.263487197155,1997.2819497883768,0.1096397719070063,-0.4661634761444979,False,False,,
1593,6.449101200000001,630823.0,2152.9795221843005,2138.921501706485,2213.060747278353,1997.2819497883768,0.1080362226839528,-0.2852935373508938,False,False,,
1594,6.453149600000001,625263.0,2134.003412969283,2137.4505119453925,2211.649836370787,1997.2819497883768,0.1073298071937834,-0.1113881552580906,False,False,,
1595,6.457198000000001,626273.0,2137.4505119453925,2137.0,2211.25942342319,1997.2819497883768,0.1071343350684592,-0.1846190412490749,False,False,,
1596,6.461246400000001,622340.0,2124.027303754266,2134.3447098976108,2208.664252469619,1997.2819497883768,0.1058349837405978,-0.1778630383428741,False,False,,
1597,6.465294800000001,626141.0,2137.0,2134.003412969283,2208.3830948478894,1997.2819497883768,0.1056942136196045,-0.1884129048411793,False,False,,
1598,6.469343200000001,624303.0,2130.726962457338,2131.1774744027302,2205.6173157524727,1997.2819497883768,0.1043094421326795,-0.1951639209385334,False,False,,
1599,6.473391600000001,624435.0,2131.1774744027302,2130.726962457338,2205.2269834495164,1997.2819497883768,0.1041140103845492,-0.2686058507839863,False,False,,
1600,6.477440000000001,620568.0,2117.9795221843005,2126.713310580205,2201.273531392883,1997.2819497883768,0.1021345942800516,-0.4068392695949594,False,False,,
1601,6.481488400000001,625363.0,2134.3447098976108,2124.027303754266,2198.6477445722717,1997.2819497883768,0.1008199141864927,-0.294981757877272,False,False,,
1602,6.485536800000001,623127.0,2126.713310580205,2121.8225255972698,2196.5032066121994,1997.2819497883768,0.0997461859828711,-0.2424285079749566,False,False,,
1603,6.489585200000001,619994.0,2116.0204778156995,2119.9863481228667,2194.727289533088,1997.2819497883768,0.098857019043121,-0.2301852720632702,False,False,,
1604,6.493633600000001,617462.0,2107.3788395904435,2117.9795221843005,2192.7807441949517,1997.2819497883768,0.0978824218720293,-0.2377804719307708,False,False,,
1605,6.497682000000001,621694.0,2121.8225255972698,2116.0204778156995,2190.882000638695,1997.2819497883768,0.096931758117992,-0.6480537248436864,False,False,,
1606,6.501730400000001,621156.0,2119.9863481228667,2107.3788395904435,2182.300683444474,1997.2819497883768,0.0926352604727146,-0.5900132444406214,False,False,,
1607,6.505778800000001,617163.0,2106.358361774744,2106.358361774744,2181.34054688528,1997.2819497883768,0.0921545388804045,-0.1746698568968536,False,False,,
1608,6.509827200000001,615960.0,2102.2525597269623,2104.433447098976,2179.4759936982687,1997.2819497883768,0.0912209935753921,-0.1250712627385297,False,False,,
1609,6.513875600000001,616599.0,2104.433447098976,2104.2150170648465,2179.3179453919315,1997.2819497883768,0.0911418618802631,-0.1273902784619469,False,False,,
1610,6.517924000000001,615889.0,2102.0102389078497,2102.2525597269623,2177.4158900276616,1997.2819497883768,0.0901895399687416,-0.1288651045537214,False,False,,
1611,6.521972400000001,615788.0,2101.665529010239,2102.0102389078497,2177.233991434773,1997.2819497883768,0.0900984669017128,-0.0288262275426909,False,False,,
1612,6.526020800000001,616535.0,2104.2150170648465,2101.665529010239,2176.949724022787,1997.2819497883768,0.0899561397695739,-1.025177543572866,False,False,,
1613,6.530069200000001,610337.0,2083.061433447099,2085.310580204778,2160.6552379691448,1997.2819497883768,0.0817978093669141,-1.0948206121155888,False,False,,
1614,6.534117600000001,610996.0,2085.310580204778,2083.839590443686,2159.2447312328595,1997.2819497883768,0.0810915962373984,-0.1315986925503534,False,False,,
1615,6.538166000000001,610565.0,2083.839590443686,2083.061433447099,2158.527077540866,1997.2819497883768,0.0807322810730723,-0.0611064199051138,False,False,,
1616,6.542214400000001,607335.0,2072.815699658703,2082.7303754266213,2158.256543111567,1997.2819497883768,0.0805968297767107,-0.4525964629548475,False,False,,
1617,6.546262800000001,604830.0,2064.2662116040956,2075.6211604095565,2151.2078719790698,1997.2819497883768,0.0770676980318189,-0.6056031713643737,False,False,,
1618,6.550311200000001,606898.0,2071.3242320819113,2072.815699658703,2148.4629754129764,1997.2819497883768,0.0756933820188073,-0.2582169723506382,False,False,,
1619,6.554359600000001,608157.0,2075.6211604095565,2071.3242320819113,2147.0320923279432,1997.2819497883768,0.0749769668500902,-0.5211792692616939,False,False,,
1620,6.558408000000001,610240.0,2082.7303754266213,2064.2662116040956,2140.034676655694,1997.2819497883768,0.0714734977114487,-0.4525864171906839,False,False,,
1621,6.562456400000001,604203.0,2062.126279863481,2063.883959044369,2139.713049222152,1997.2819497883768,0.0713124651473804,-0.0876832982119832,False,False,,
1622,6.566504800000001,604718.0,2063.883959044369,2062.726962457338,2138.616698088739,1997.2819497883768,0.0707635435824861,-0.1011878044978971,False,False,,
1623,6.570553200000001,603271.0,2058.9453924914674,2062.126279863481,2138.0766812827487,1997.2819497883768,0.0704931677319219,-0.1343196993595992,False,False,,
1624,6.574601600000001,604379.0,2062.726962457338,2060.433447098976,2136.4445346471757,1997.2819497883768,0.0696759838407112,-0.1427590712058748,False,False,,
1625,6.5786500000000006,603491.0,2059.6962457337886,2059.6962457337886,2135.768039758807,1997.2819497883768,0.0693372760841821,-0.0845075276240567,False,False,,
1626,6.582698400000001,603707.0,2060.433447098976,2058.9453924914674,2135.0779133480137,1997.2819497883768,0.0689917432910448,-0.4141607332181287,False,False,,
1627,6.586746800000001,596686.0,2036.470989761092,2052.877133105802,2129.07040115541,1997.2819497883768,0.0659838994594614,-0.5990355601042534,False,False,,
1628,6.590795200000001,600397.0,2049.136518771331,2049.136518771331,2125.390554382361,1997.2819497883768,0.0641414721679923,-0.3096873321227535,False,False,,
1629,6.594843600000001,599990.0,2047.7474402730377,2047.7474402730377,2124.062263820681,1997.2819497883768,0.0634764230687297,-0.4848539862091412,False,False,,
1630,6.598892000000001,598064.0,2041.1740614334472,2041.1740614334472,2117.549693299726,1997.2819497883768,0.0602157064124537,-0.6897782943759676,False,False,,
1631,6.602940400000001,595592.0,2032.7372013651875,2036.470989761092,2112.907450334863,1997.2819497883768,0.057891426174826,-0.4107713765638836,False,False,,
1632,6.606988800000001,601493.0,2052.877133105802,2034.409556313993,2110.906865990949,1997.2819497883768,0.0568897727306911,-0.2233589418607851,False,False,,
1633,6.611037200000001,594640.0,2029.4880546075085,2032.7372013651875,2109.295380547859,1997.2819497883768,0.0560829334943677,-0.2968008431042088,False,False,,
1634,6.615085600000001,593555.0,2025.7849829351535,2029.4880546075085,2106.1071237052684,1997.2819497883768,0.0544866356642448,-0.3769962538392004,False,False,,
1635,6.619134000000001,593770.0,2026.518771331058,2026.518771331058,2103.1987507601207,1997.2819497883768,0.0530304702262825,-0.2214519435034558,False,False,,
1636,6.623182400000001,596082.0,2034.409556313993,2025.7849829351535,2102.525893118581,1997.2819497883768,0.0526935835680863,-0.3803679574185246,False,False,,
1637,6.627230800000001,591932.0,2020.245733788396,2020.245733788396,2097.047595156096,1997.2819497883768,0.049950706948656,-0.5618660206782886,False,False,,
1638,6.631279200000001,589594.0,2012.2662116040956,2016.5767918088736,2093.4396247976056,1997.2819497883768,0.0481442667718583,-0.4531741857690106,False,False,,
1639,6.635327600000001,590857.0,2016.5767918088736,2012.7952218430032,2089.719046896378,1997.2819497883768,0.0462814462013216,-0.2590082348009606,False,False,,
1640,6.639376000000001,588420.0,2008.259385665529,2012.2662116040956,2089.251049172579,1997.2819497883768,0.0460471288963218,-0.2121532272254986,False,False,,
1641,6.643424400000001,588708.0,2009.2423208191128,2009.2423208191128,2086.2881913600277,1997.2819497883768,0.0445636839511225,-0.2402199741103095,False,False,,
1642,6.647472800000001,586947.0,2003.2320819112629,2008.259385665529,2085.366309643058,1997.2819497883768,0.0441021158099457,-0.1773253777861771,False,False,,
1643,6.651521200000001,585002.0,1996.5938566552904,2006.2525597269623,2083.4205576121485,1997.2819497883768,0.0431279158322633,-0.3033180228700374,False,False,,
1644,6.655569600000001,585446.0,1998.1092150170648,2003.2320819112629,2080.461174182014,1997.2819497883768,0.0416462104423718,-0.2313483953319615,False,False,,
1645,6.659618000000001,587832.0,2006.2525597269623,2002.3890784982937,2079.679285639383,1997.2819497883768,0.0412547341449398,-0.309222277561501,False,False,,
1646,6.663666400000001,589749.0,2012.7952218430032,1998.1092150170648,2075.460557520136,1997.2819497883768,0.0391424995054117,-0.3507960408765189,False,False,,
1647,6.667714800000001,583031.0,1989.866894197952,1996.5938566552904,2074.006355018855,1997.2819497883768,0.0384144087611706,-0.1813226052895951,False,False,,
1648,6.671763200000001,586700.0,2002.3890784982937,1995.0546075085324,2072.5282822379777,1997.2819497883768,0.0376743666349029,-0.3927893613365638,False,False,,
1649,6.675811600000001,583105.0,1990.1194539249148,1990.1194539249148,2067.6543255325014,1997.2819497883768,0.0352340718603005,-0.2990818681496812,False,False,,
1650,6.679860000000001,583098.0,1990.095563139932,1990.095563139932,2067.6916521447993,1997.2819497883768,0.0352527605648681,-0.0080452439333749,False,False,,
1651,6.683908400000001,578798.0,1975.419795221843,1989.866894197952,2067.52422112612,1997.2819497883768,0.0351689311292207,-0.3668229416685133,False,False,,
1652,6.687956800000001,579535.0,1977.9351535836176,1984.0409556313991,2061.7595410157687,1997.2819497883768,0.0322826685707663,-0.4020652839384522,False,False,,
1653,6.692005200000001,584551.0,1995.0546075085324,1983.2423208191128,2061.0221851994697,1997.2819497883768,0.0319134889382276,-0.231325560057972,False,False,,
1654,6.696053600000001,581324.0,1984.0409556313991,1980.1774744027305,2058.0186383257487,1997.2819497883768,0.0304096717760892,-0.2138061011114018,False,False,,
1655,6.700102000000001,581090.0,1983.2423208191128,1979.6621160409557,2057.5646000601973,1997.2819497883768,0.0301823436987492,-0.1310730571145559,False,False,,
1656,6.704150400000001,579511.0,1977.8532423208192,1977.9351535836176,2055.8989782595363,1997.2819497883768,0.029348399447244,-0.1042675197490945,False,False,,
1657,6.708198800000001,575730.0,1964.948805460751,1977.8532423208192,2055.8784282207625,1997.2819497883768,0.0293381104448446,-0.1479517456802557,False,False,,
1658,6.712247200000001,580192.0,1980.1774744027305,1975.419795221843,2053.506362920056,1997.2819497883768,0.0281504637528199,-0.3741917970735815,False,False,,
1659,6.716295600000001,580041.0,1979.6621160409557,1971.679180887372,2049.827150964996,1997.2819497883768,0.026308354302299,-0.6398976736494566,False,False,,
1660,6.720344000000001,577702.0,1971.679180887372,1964.948805460751,2043.1581985058292,1997.2819497883768,0.0229693402688155,-0.7055308056181597,False,False,,
1661,6.724392400000001,571534.0,1950.627986348123,1960.1467576791808,2038.41759428666,1997.2819497883768,0.0205958124753703,-0.3965551601903843,False,False,,
1662,6.728440800000001,573090.0,1955.938566552901,1958.4129692832764,2036.745270055008,1997.2819497883768,0.0197585124477858,-0.2526184227853441,False,False,,
1663,6.732489200000001,573815.0,1958.4129692832764,1955.938566552901,2034.3323520976448,1997.2819497883768,0.0185504116297621,-0.4737933371559641,False,False,,
1664,6.736537600000001,568296.0,1939.5767918088736,1950.627986348123,2029.0832772815488,1997.2819497883768,0.0159223025555012,-0.4225063179865782,False,False,,
1665,6.740586000000001,574323.0,1960.1467576791808,1948.9829351535836,2027.499752098273,1997.2819497883768,0.0151294624742881,-0.097702129286624,False,False,,
1666,6.744634400000001,571052.0,1948.9829351535836,1948.924914675768,2027.5032782612177,1997.2819497883768,0.0151312279550931,-0.0088487071536573,False,False,,
1667,6.748682800000001,565728.0,1930.81228668942,1948.716723549488,2027.3566544121113,1997.2819497883768,0.0150578162622064,-0.4921442380843963,False,False,,
1668,6.752731200000001,571035.0,1948.924914675768,1940.8430034129692,2019.5445221960997,1997.2819497883768,0.0111464344881711,-0.5575663160159963,False,False,,
1669,6.756779600000001,570974.0,1948.716723549488,1939.5767918088736,2018.3399191627657,1997.2819497883768,0.0105433133146875,-0.2190440560197393,False,False,,
1670,6.760828000000001,566800.0,1934.470989761092,1937.1774744027305,2016.0022309845624,1997.2819497883768,0.0093728785753904,-0.2023687721964757,False,False,,
1671,6.764876400000001,568667.0,1940.8430034129692,1936.1808873720136,2015.0672938458904,1997.2819497883768,0.008904773839967,-0.1597346821560825,False,False,,
1672,6.768924800000001,567593.0,1937.1774744027305,1934.470989761092,2013.4190667980472,1997.2819497883768,0.0080795388009092,-0.3175954294081472,False,False,,
1673,6.772973200000001,565760.0,1930.9215017064848,1930.9215017064848,2009.9312699844827,1997.2819497883768,0.006333267167135,-0.2186117357734504,False,False,,
1674,6.777021600000001,567301.0,1936.1808873720136,1930.81228668942,2009.8837668933584,1997.2819497883768,0.0063094832986986,-0.2407691329631529,False,False,,
1675,6.781070000000001,561925.0,1917.8327645051197,1926.904436860068,2006.037649681781,1997.2819497883768,0.0043838076513594,-0.4058054823761817,False,False,,
1676,6.785118400000001,559941.0,1911.061433447099,1924.1262798634812,2003.321246001739,1997.2819497883768,0.0030237574689954,-0.5533249134926438,False,False,,
1677,6.789166800000001,564583.0,1926.904436860068,1917.8327645051197,1997.0895046656335,1997.2819497883768,-9.635350820809322e-05,-0.4199405231433062,False,False,,
1678,6.7932152000000015,563769.0,1924.1262798634812,1917.2116040955632,1996.530138990988,1997.2819497883768,-0.0003764169587915,-0.0421634765908494,False,False,,
1679,6.797263600000001,558511.0,1906.1808873720136,1917.0273037542663,1996.407654104201,1997.2819497883768,-0.0004377427454689,-0.0786720789556914,False,False,,
1680,6.801312000000001,561334.0,1915.8156996587031,1915.8156996587031,1995.257886189693,1997.2819497883768,-0.00101340904768,-0.0951311966462505,False,False,,
1681,6.805360400000001,561743.0,1917.2116040955632,1915.365187713311,1994.869231158852,1997.2819497883768,-0.0012080010184743,-0.2863373934644148,False,False,,
1682,6.809408800000001,557103.0,1901.3754266211604,1911.061433447099,1990.627354547639,1997.2819497883768,-0.0033318256550822,-0.5602740910590269,False,False,,
1683,6.813457200000001,561689.0,1917.0273037542663,1906.1808873720136,1985.808706874954,1997.2819497883768,-0.0057444282789609,-0.3996646070040395,False,False,,
1684,6.817505600000001,556544.0,1899.4675767918088,1904.4744027303757,1984.164141390075,1997.2819497883768,-0.0065678300450727,-0.2506627179815337,False,False,,
1685,6.821554000000001,561202.0,1915.365187713311,1902.003412969283,1981.7550915470588,1997.2819497883768,-0.0077739941739136,-0.1839692353385922,False,False,,
1686,6.825602400000001,558011.0,1904.4744027303757,1901.3754266211604,1981.1890658852903,1997.2819497883768,-0.0080573921497619,-0.1491438787403649,False,False,,
1687,6.829650800000001,554804.0,1893.529010238908,1899.4675767918088,1979.3431975175351,1997.2819497883768,-0.0089815823312987,-0.4775307491286596,False,False,,
1688,6.833699200000001,552571.0,1885.9078498293516,1893.529010238908,1973.466633208439,1997.2819497883768,-0.0119238631193063,-0.377913901005515,False,False,,
1689,6.837747600000001,551450.0,1882.0819112627987,1893.2320819112629,1973.231727913774,1997.2819497883768,-0.0120414756049594,-0.0807568746435201,False,False,,
1690,6.841796000000001,557287.0,1902.003412969283,1892.098976109215,1972.160665940853,1997.2819497883768,-0.01257773538192,-0.102492163676199,False,False,,
1691,6.845844400000001,554195.0,1891.4505119453925,1891.4505119453925,1971.5742664092768,1997.2819497883768,-0.0128713341558129,-0.3200792516386943,False,False,,
1692,6.849892800000001,554385.0,1892.098976109215,1886.7986348122868,1966.9844747185125,1997.2819497883768,-0.0151693530665885,-0.3350610286083977,False,False,,
1693,6.853941200000001,554717.0,1893.2320819112629,1885.9078498293516,1966.1557959949905,1997.2819497883768,-0.0155842562922495,-0.161366609656437,False,False,,
1694,6.857989600000001,550291.0,1878.1262798634812,1884.0648464163824,1964.374919665487,1997.2819497883768,-0.0164759062316546,-0.2288991372146451,False,False,,
1695,6.862038000000001,552031.0,1884.0648464163824,1882.0819112627987,1962.4541324264032,1997.2819497883768,-0.017437606826449,-0.3595347761267704,False,False,,
1696,6.866086400000001,552832.0,1886.7986348122868,1878.1262798634812,1958.5606697796047,1997.2819497883768,-0.019386987406998,-0.4059625821521688,False,False,,
1697,6.870134800000001,548389.0,1871.634812286689,1875.3924914675767,1955.8890709812256,1997.2819497883768,-0.0207246046616187,-0.2305797821605262,False,False,,
1698,6.874183200000001,549162.0,1874.2730375426625,1874.2730375426625,1954.831827505831,1997.2819497883768,-0.0212539457871951,-0.2246678813401681,False,False,,
1699,6.878231600000001,546400.0,1864.8464163822523,1871.634812286689,1952.255833558365,1997.2819497883768,-0.0225436955632539,-0.1991285902361581,False,False,,
1700,6.882280000000001,549490.0,1875.3924914675767,1870.9283276450512,1951.6116010912149,1997.2819497883768,-0.0228662501566194,-0.2746809061340212,False,False,,
1701,6.886328400000001,548182.0,1870.9283276450512,1867.0682593856657,1947.8138058792936,1997.2819497883768,-0.0247677319240401,-0.3683832801989717,False,False,,
1702,6.890376800000001,547051.0,1867.0682593856657,1864.8464163822523,1945.6542568033217,1997.2819497883768,-0.0258489758997346,-0.1723178504726243,False,False,,
1703,6.8944252000000015,546198.0,1864.1569965870308,1864.1569965870308,1945.0271518225172,1997.2819497883768,-0.026162955095747,-0.146567508708431,False,False,,
1704,6.898473600000001,545669.0,1862.3515358361776,1862.3515358361776,1943.2840267800616,1997.2819497883768,-0.0270357037042449,-0.3483260455780814,False,False,,
1705,6.902522000000001,544511.0,1858.3993174061432,1858.3993174061432,1939.3941649594103,1997.2819497883768,-0.0289832814215837,-0.2366794924737756,False,False,,
1706,6.906570400000001,542440.0,1851.3310580204777,1858.3993174061432,1939.4565424767875,1997.2819497883768,-0.0289520502189067,0.0077157490721671,False,False,,
1707,6.910618800000001,544208.0,1857.365187713311,1858.3993174061432,1939.5189409091688,1997.2819497883768,-0.0289208085444962,0.0077183361409067,False,False,,
1708,6.914667200000001,542074.0,1850.0819112627987,1858.3993174061432,1939.5813602635671,1997.2819497883768,-0.028889556394841,0.0077209240770534,False,False,,
1709,6.918715600000001,543274.0,1854.1774744027305,1858.3993174061432,1939.6438005469972,1997.2819497883768,-0.0288582937664291,0.0077235128809323,False,False,,
1710,6.922764000000001,541589.0,1848.4266211604097,1858.3993174061432,1939.706261766477,1997.2819497883768,-0.0288270206557467,0.0077261025528505,False,False,,
1711,6.926812400000001,544458.0,1858.2184300341296,1858.3993174061432,1939.768743929026,1997.2819497883768,-0.0287957370592792,0.0077286930930764,False,False,,
1712,6.930860800000001,544166.0,1857.221843003413,1858.3993174061432,1939.8312470416663,1997.2819497883768,-0.0287644429735107,0.117897921885131,False,False,,
1713,6.934909200000001,545033.0,1860.1808873720136,1860.1808873720136,1941.675341077293,1997.2819497883768,-0.0278411411653599,0.6970140256178121,False,False,,
1714,6.938957600000001,547777.0,1869.546075085324,1869.546075085324,1951.1030738245029,1997.2819497883768,-0.0231208598108877,0.8688090379791666,False,False,,
1715,6.943006000000001,549113.0,1874.1058020477817,1874.1058020477817,1955.7253667920313,1997.2819497883768,-0.0208065681466497,0.4424962919302486,False,False,,
1716,6.947054400000001,549837.0,1876.5767918088736,1876.5767918088736,1958.2589435363984,1997.2819497883768,-0.0195380558343868,0.7556929287257159,True,False,1716.0,8.0
1717,6.951102800000001,552657.0,1886.2013651877132,1886.2013651877132,1967.94612488375,1997.2819497883768,-0.0146878736413427,1.2552442422713224,False,False,,
1718,6.955151200000001,555748.0,1896.7508532423208,1896.7508532423208,1978.558241899144,1997.2819497883768,-0.0093745942535637,1.0798666173166005,False,False,,
1719,6.959199600000001,557737.0,1903.5392491467576,1903.5392491467576,1985.4092877636792,1997.2819497883768,-0.0059444096142536,0.9967166187812704,False,False,,
1720,6.963248000000001,560434.0,1912.7440273037544,1912.7440273037544,1994.6767368871283,1997.2819497883768,-0.0013043791346155,0.7248904260581792,False,False,,
1721,6.967296400000001,561135.0,1915.136518771331,1915.136518771331,1997.131920334554,1997.2819497883768,-7.511681254538082e-05,0.4222513432907959,False,False,,
1722,6.971344800000001,567687.0,1937.4982935153585,1919.4470989761091,2001.5052135396231,1997.2819497883768,0.002114505541741,0.8154348733727398,False,False,,
1723,6.975393200000001,562398.0,1919.4470989761091,1928.19795221843,2010.3188008097263,1997.2819497883768,0.0065272962701792,0.8287334478326944,False,False,,
1724,6.979441600000001,564962.0,1928.19795221843,1932.7235494880547,2014.9071531416744,1997.2819497883768,0.0088245945221532,0.3874363585604493,False,False,,
1725,6.983490000000001,566761.0,1934.3378839590443,1934.3378839590443,2016.5842637165815,1997.2819497883768,0.0096642909781716,0.3030200820667714,False,False,,
1726,6.987538400000001,566288.0,1932.7235494880547,1937.4982935153585,2019.807470425462,1997.2819497883768,0.0112780875226315,0.8051039698326261,False,False,,
1727,6.991586800000001,570848.0,1948.2866894197953,1947.2320819112629,2029.6040770296397,1997.2819497883768,0.0161830568011129,0.6748904531072495,False,False,,
1728,6.995635200000001,570539.0,1947.2320819112629,1948.2866894197953,2030.7215238092117,1997.2819497883768,0.016742540543351,0.4767197394824343,False,False,,
1729,6.999683600000001,572761.0,1954.8156996587031,1954.8156996587031,2037.313394388988,1997.2819497883768,0.0200429611877547,0.6267769035171757,False,False,,
1730,7.003732000000001,573781.0,1958.296928327645,1958.296928327645,2040.857504475692,1997.2819497883768,0.0218174277757492,0.5324414130813988,False,False,,
1731,7.0077804000000015,575247.0,1963.3003412969283,1963.3003412969283,2045.923819946698,1997.2819497883768,0.0243540328211925,0.4872799206659497,False,False,,
1732,7.011828800000001,576053.0,1966.051194539249,1966.051194539249,2048.7375967817716,1997.2819497883768,0.0257628358373974,0.8878501114109674,False,False,,
1733,7.015877200000001,579417.0,1977.5324232081912,1977.5324232081912,2060.281770141568,1997.2819497883768,0.0315427776032655,0.7570034583355589,False,False,,
1734,7.019925600000001,580130.0,1979.9658703071673,1978.1672354948803,2060.979548224288,1997.2819497883768,0.0318921414388492,0.1582651680535791,False,False,,
1735,7.023974000000001,579603.0,1978.1672354948803,1979.9658703071673,2062.841169944857,1997.2819497883768,0.0328242190159615,1.3840299058074177,False,False,,
1736,7.028022400000001,586996.0,2003.3993174061432,2000.4232081911264,2083.3615158564303,1997.2819497883768,0.0430983547801923,1.4211768250075263,False,False,,
1737,7.032070800000001,587566.0,2005.344709897611,2002.8225255972695,2085.8238624165997,1997.2819497883768,0.0443312035326833,0.1918295095726128,False,False,,
1738,7.036119200000001,586124.0,2000.4232081911264,2003.3993174061432,2086.463704512996,1997.2819497883768,0.0446515599533,0.1637628463266685,False,False,,
1739,7.040167600000001,588297.0,2007.839590443686,2005.344709897611,2088.4721684325687,1997.2819497883768,0.0456571585468212,0.2823739866033818,False,False,,
1740,7.044216000000001,588862.0,2009.7679180887371,2007.839590443686,2091.0301415544186,1997.2819497883768,0.0469378856480304,0.2813213664613503,False,False,,
1741,7.048264400000001,586827.0,2002.8225255972695,2009.7679180887371,2093.021582930006,1997.2819497883768,0.0479349613867854,0.6633194116610399,False,False,,
1742,7.052312800000001,593144.0,2024.382252559727,2018.4402730375427,2101.7570727712027,1997.2819497883768,0.052308650260368,0.9053931654295616,False,False,,
1743,7.056361200000001,591403.0,2018.4402730375427,2024.283276450512,2107.6632322455125,1997.2819497883768,0.055265748768636,0.375245222402909,False,False,,
1744,7.060409600000001,593115.0,2024.283276450512,2024.382252559727,2107.8253855921157,1997.2819497883768,0.0553469357771204,0.1274784312480905,False,False,,
1745,7.064458000000001,593682.0,2026.2184300341296,2026.2184300341296,2109.724761487055,1997.2819497883768,0.0562979161307657,0.3674417156700134,False,False,,
1746,7.068506400000001,594848.0,2030.19795221843,2030.19795221843,2113.7675032821426,1997.2819497883768,0.0583220378605576,0.3326215491066202,False,False,,
1747,7.072554800000001,596791.0,2036.829351535836,2031.470989761092,2115.103781632948,1997.2819497883768,0.0589910862895724,0.1182002178796581,False,False,,
1748,7.076603200000001,595221.0,2031.470989761092,2031.9829351535836,2115.678989038045,1997.2819497883768,0.0592790813846855,0.3391692571133697,False,False,,
1749,7.080651600000001,595371.0,2031.9829351535836,2036.829351535836,2120.588688644477,1997.2819497883768,0.0617372719305681,1.269890024276199,False,False,,
1750,7.084700000000001,601351.0,2052.3924914675767,2052.3924914675767,2136.215133019082,1997.2819497883768,0.0695611269332434,1.1823080617169213,False,False,,
1751,7.088748400000001,603106.0,2058.382252559727,2055.8225255972698,2139.7084928174386,1997.2819497883768,0.0713101838446759,0.2340756263807559,False,False,,
1752,7.092796800000001,602356.0,2055.8225255972698,2056.051194539249,2140.000508660998,1997.2819497883768,0.0714563904649232,0.1661210550007332,False,False,,
1753,7.096845200000001,605100.0,2065.1877133105804,2058.382252559727,2142.3949348230926,1997.2819497883768,0.0726552328028056,0.515617842248405,False,False,,
1754,7.100893600000001,606201.0,2068.9453924914674,2064.2627986348125,2148.3388702869524,1997.2819497883768,0.0756312450100403,0.428669024805135,False,False,,
1755,7.104942000000001,602423.0,2056.051194539249,2065.1877133105804,2149.327195605776,1997.2819497883768,0.0761260801628481,0.1616969483046197,False,False,,
1756,7.1089904000000015,605558.0,2066.7508532423208,2066.7508532423208,2150.9537674419807,1997.2819497883768,0.0769404728610733,0.2402091358970253,False,False,,
1757,7.113038800000001,604829.0,2064.2627986348125,2068.9453924914674,2153.211759864129,1997.2819497883768,0.078071005494379,0.1435521499879346,False,False,,
1758,7.117087200000001,606672.0,2070.5529010238906,2068.9453924914674,2153.2752343127986,1997.2819497883768,0.0781027859090953,0.1072546636038147,False,False,,
1759,7.1211356000000015,611545.0,2087.184300341297,2070.5529010238906,2154.946238576694,1997.2819497883768,0.0789394250546464,0.4818660727097494,False,False,,
1760,7.125184000000001,608623.0,2077.211604095563,2076.6109215017063,2161.0677760759204,1997.2819497883768,0.0820043591266109,0.4196097827303013,False,False,,
1761,7.129232400000001,610602.0,2083.9658703071673,2077.211604095563,2161.7319969882637,1997.2819497883768,0.0823369215434564,0.1604464578511191,False,False,,
1762,7.133280800000001,609170.0,2079.078498293515,2079.078498293515,2163.6624508089208,1997.2819497883768,0.08330346200654,0.4255243738169358,False,False,,
1763,7.137329200000001,611534.0,2087.146757679181,2083.9658703071673,2168.613403756638,1997.2819497883768,0.0857823072933769,0.4652038831465308,False,False,,
1764,7.141377600000001,608447.0,2076.6109215017063,2086.4744027303755,2171.185538432418,1997.2819497883768,0.0870701248076004,0.2045632305317362,False,False,,
1765,7.145426000000001,606129.0,2068.6996587030717,2087.146757679181,2171.9215169594495,1997.2819497883768,0.0874386148583463,0.0517676970058307,False,False,,
1766,7.149474400000001,613786.0,2094.8327645051195,2087.184300341297,2172.0227045325964,1997.2819497883768,0.0874892774967173,0.2151208670465045,False,False,,
1767,7.153522800000001,612516.0,2090.4982935153585,2090.4982935153585,2175.4003639576467,1997.2819497883768,0.0891804054946487,0.4808319290272234,False,False,,
1768,7.157571200000001,611337.0,2086.4744027303755,2094.8327645051195,2179.798522545509,1997.2819497883768,0.0913824774596652,0.5072154693019506,False,False,,
1769,7.161619600000001,617890.0,2108.839590443686,2098.5733788395905,2183.6028458323526,1997.2819497883768,0.0932872277064927,0.4042270780560244,False,False,,
1770,7.165668000000001,622800.0,2125.5972696245735,2101.2423208191126,2186.335518125677,1997.2819497883768,0.0946554232652689,0.6427130541440231,False,False,,
1771,7.169716400000001,614882.0,2098.5733788395905,2108.839590443686,2193.9965394326464,1997.2819497883768,0.0984911467632864,0.5760247827346685,False,False,,
1772,7.173764800000001,619796.0,2115.3447098976108,2110.430034129693,2195.6507561768067,1997.2819497883768,0.0993193807261155,0.2161919541171748,False,False,,
1773,7.177813200000001,620186.0,2116.6757679180887,2112.20819112628,2197.492707614472,1997.2819497883768,0.1002416097773822,0.3117989797826563,False,False,,
1774,7.181861600000001,615664.0,2101.2423208191126,2115.3447098976108,2200.693042216976,1997.2819497883768,0.1018439547056199,0.2018460354322435,False,False,,
1775,7.185910000000001,618877.0,2112.20819112628,2115.3447098976108,2200.7568794454164,1997.2819497883768,0.1018759167570703,0.0252021773845783,False,False,,
1776,7.189958400000001,618356.0,2110.430034129693,2115.6245733788396,2201.1006015595267,1997.2819497883768,0.1020480116954673,0.0902073619939365,False,False,,
1777,7.194006800000001,623245.0,2127.116040955631,2116.6757679180887,2202.215676143275,1997.2819497883768,0.1026063077256629,0.0729041402507029,False,False,,
1778,7.198055200000001,619878.0,2115.6245733788396,2116.6757679180887,2202.2795776065714,1997.2819497883768,0.1026383019382493,0.1037196805514106,False,False,,
1779,7.202103600000001,620640.0,2118.225255972696,2118.225255972696,2203.892988550454,1997.2819497883768,0.1034461052351517,0.1159630683118884,False,False,,
1780,7.206152000000001,628053.0,2143.5255972696245,2118.4232081911264,2204.1548850913227,1997.2819497883768,0.1035772317097571,0.4141754103216151,False,False,,
1781,7.2102004000000015,623956.0,2129.542662116041,2124.795221843003,2210.5908645059876,1997.2819497883768,0.106799600697444,0.4262077526615364,False,False,,
1782,7.214248800000001,618929.0,2112.38566552901,2125.1877133105804,2211.047343183891,1997.2819497883768,0.1070281506415075,0.1514269537379124,False,False,,
1783,7.218297200000001,620698.0,2118.4232081911264,2127.116040955631,2213.039679493998,1997.2819497883768,0.1080256744564692,0.1271591797916595,False,False,,
1784,7.2223456000000015,622680.0,2125.1877133105804,2127.116040955631,2213.1037096209775,1997.2819497883768,0.1080577330884447,0.0703901382352292,False,False,,
1785,7.226394000000001,622565.0,2124.795221843003,2128.126279863481,2214.1780001249263,1997.2819497883768,0.1085956093277321,0.0752468794001011,False,False,,
1786,7.230442400000001,623966.0,2129.5767918088736,2128.204778156997,2214.3205714908586,1997.2819497883768,0.1086669920215713,0.0309296243092411,False,False,,
1787,7.234490800000001,623564.0,2128.204778156997,2128.4982935153585,2214.6781814051565,1997.2819497883768,0.1088460403098392,0.0260781961448319,False,False,,
1788,7.238539200000001,625661.0,2135.361774744027,2128.4982935153585,2214.7422974518145,1997.2819497883768,0.1088781419601168,0.0079307953941576,False,False,,
1789,7.242587600000001,623541.0,2128.126279863481,2128.4982935153585,2214.8064349964006,1997.2819497883768,0.1089102543739866,0.0746243691517971,False,False,,
1790,7.246636000000001,625554.0,2134.996587030717,2129.5767918088736,2215.949092339639,1997.2819497883768,0.1094823605522651,0.0746270292165736,False,False,,
1791,7.250684400000001,621136.0,2119.9180887372013,2129.5767918088736,2216.0132729017087,1997.2819497883768,0.1095144945041474,0.3430817260955212,False,False,,
1792,7.254732800000001,625605.0,2135.1706484641636,2134.996587030717,2221.4972702051814,1997.2819497883768,0.1122602246721159,0.3523704646587156,False,False,,
1793,7.258781200000001,627014.0,2139.9795221843005,2135.146757679181,2221.7116644620505,1997.2819497883768,0.1123675676823963,0.0187075072796556,False,False,,
1794,7.262829600000001,623650.0,2128.4982935153585,2135.1706484641636,2221.7998003894313,1997.2819497883768,0.1124116956170578,0.0212427372904961,False,False,,
1795,7.266878000000001,625598.0,2135.146757679181,2135.361774744027,2222.055193352907,1997.2819497883768,0.11253956587769,0.1103073193958366,False,False,,
1796,7.270926400000001,628201.0,2144.0307167235496,2136.825938566553,2223.5836454074806,1997.2819497883768,0.1133048319207421,0.293498952725864,False,False,,
1797,7.274974800000001,629730.0,2149.2491467576792,2139.9795221843005,2226.801538812938,1997.2819497883768,0.1149159681981205,0.202962371075932,False,False,,
1798,7.279023200000001,623961.0,2129.5597269624573,2139.9795221843005,2226.8658701635363,1997.2819497883768,0.1149481776468692,0.0341272798425755,False,False,,
1799,7.283071600000001,630643.0,2152.3651877133107,2140.4027303754265,2227.35343127538,1997.2819497883768,0.1151922899575499,0.2405341076403626,False,False,,
1800,7.287120000000001,629694.0,2149.126279863481,2143.740614334471,2230.755689732493,1997.2819497883768,0.1168957342096113,0.2143669240792665,False,False,,
1801,7.291168400000001,626090.0,2136.825938566553,2143.740614334471,2230.820085815148,1997.2819497883768,0.1169279760684345,0.0259044461109034,False,False,,
1802,7.295216800000001,630930.0,2153.3447098976108,2144.0307167235496,2231.174605878705,1997.2819497883768,0.1171054773288821,0.0649508485380021,False,False,,
1803,7.299265200000001,628116.0,2143.740614334471,2144.6621160409554,2231.8704444696523,1997.2819497883768,0.1174538700988769,0.0470145083865531,False,False,,
1804,7.303313600000001,629847.0,2149.6484641638226,2144.6621160409554,2231.934905349499,1997.2819497883768,0.1174861444003863,-0.0490092941483926,False,True,1716.0,8.0
1805,7.307362000000001,626364.0,2137.7610921501705,2143.740614334471,2231.0778861364106,1997.2819497883768,0.1170570516460162,-0.0490066206734827,False,False,,
1806,7.3114104000000015,627138.0,2140.4027303754265,2143.740614334471,2231.142390250604,1997.2819497883768,0.1170893475941172,0.0079787971718694,False,False,,
1807,7.315458800000001,630175.0,2150.767918088737,2143.740614334471,2231.206915992843,1997.2819497883768,0.1171216543709574,-0.0270523624367875,False,False,,
1808,7.319507200000001,627950.0,2143.174061433447,2143.174061433447,2230.704910469356,1997.2819497883768,0.1168703100259389,-0.0270496862717699,False,False,,
1809,7.3235556000000015,629480.0,2148.3959044368603,2143.174061433447,2230.769479489445,1997.2819497883768,0.1169026384711521,0.0079868256671939,False,False,,
1810,7.327604000000001,628386.0,2144.6621160409554,2143.174061433447,2230.834070159343,1997.2819497883768,0.1169349777560011,-0.1192719567982685,False,False,,
1811,7.331652400000001,627347.0,2141.116040955631,2141.116040955631,2228.8406620084934,1997.2819497883768,0.1159369172913477,-0.1192692779404485,False,False,,
1812,7.3357008000000015,624426.0,2131.146757679181,2141.116040955631,2228.9052959997884,1997.2819497883768,0.1159692782663728,0.0079948622410324,False,False,,
1813,7.339749200000001,627166.0,2140.4982935153585,2141.116040955631,2228.9699516626774,1997.2819497883768,0.1160016500919409,0.007997542895632,False,False,,
1814,7.343797600000001,629698.0,2149.1399317406144,2141.116040955631,2229.0346290044263,1997.2819497883768,0.1160340327716901,-0.0301993183984254,False,False,,
1815,7.347846000000001,625402.0,2134.4778156996585,2140.4982935153585,2228.4815805920307,1997.2819497883768,0.1157571322507325,-0.0441257510173489,False,False,,
1816,7.351894400000001,625750.0,2135.665529010239,2140.273037542662,2228.3210453406123,1997.2819497883768,0.1156767553908528,-0.2908372421883278,False,False,,
1817,7.355942800000001,631926.0,2156.744027303754,2135.665529010239,2223.7782792301405,1997.2819497883768,0.1134022812681817,-0.2769054428652744,False,False,,
1818,7.359991200000001,624475.0,2131.3139931740616,2135.665529010239,2223.843043360042,1997.2819497883768,0.1134347074010611,-0.0654334652653929,False,False,,
1819,7.364039600000001,627411.0,2141.334470989761,2134.4778156996585,2222.720115894592,1997.2819497883768,0.112872479586621,-0.0654307792134165,False,False,,
1820,7.368088000000001,627100.0,2140.273037542662,2134.4778156996585,2222.7849234622313,1997.2819497883768,0.1129049274679261,-0.0151988591243625,False,False,,
1821,7.372136400000001,624336.0,2130.839590443686,2134.102389078498,2222.474326138504,1997.2819497883768,0.1127494174640629,-0.1876217320794371,False,False,,
1822,7.376184800000001,625292.0,2134.102389078498,2131.3139931740616,2219.750781268579,1997.2819497883768,0.1113857918276256,-0.193739412068151,False,False,,
1823,7.380233200000001,621770.0,2122.0819112627987,2130.839590443686,2219.3412513170833,1997.2819497883768,0.1111807481924298,-0.040516456625987,False,False,,
1824,7.384281600000001,622729.0,2125.354948805461,2130.5290102389076,2219.0955656428423,1997.2819497883768,0.1110577381816163,-0.3311257577856992,False,False,,
1825,7.388330000000001,627187.0,2140.569965870307,2125.354948805461,2213.9864204988853,1997.2819497883768,0.1084996891567912,-0.5143120342346172,False,False,,
1826,7.392378400000001,624245.0,2130.5290102389076,2122.0819112627987,2210.7783210119596,1997.2819497883768,0.1068934565028258,-0.2754039136768735,False,False,,
1827,7.396426800000001,621152.0,2119.972696245734,2120.7713310580207,2209.5327006364632,1997.2819497883768,0.1062697987485321,-0.0730069574794001,False,False,,
1828,7.400475200000001,619413.0,2114.0375426621163,2120.7713310580207,2209.5976822465914,1997.2819497883768,0.1063023337695065,-0.0413471836030776,False,False,,
1829,7.404523600000001,621094.0,2119.774744027304,2119.972696245734,2208.8640508325816,1997.2819497883768,0.1059350188723346,-0.0535852260182423,False,False,,
1830,7.408572000000001,619521.0,2114.40614334471,2119.774744027304,2208.7311238078837,1997.2819497883768,0.105868464911482,-0.2935431942280306,False,False,,
1831,7.4126204000000016,621386.0,2120.7713310580207,2115.0955631399315,2204.1169899170054,1997.2819497883768,0.1035582583373089,-0.3239312938680818,False,False,,
1832,7.416668800000001,619723.0,2115.0955631399315,2114.40614334471,2203.492638928351,1997.2819497883768,0.1032456580112906,-0.0573759849444979,False,False,,
1833,7.420717200000001,618772.0,2111.849829351536,2114.0375426621163,2203.1891288697107,1997.2819497883768,0.1030936964624104,-0.1329281831589241,False,False,,
1834,7.4247656000000015,618532.0,2111.0307167235496,2112.126279863481,2201.3429785197295,1997.2819497883768,0.1021693650978893,-0.127227209218395,False,False,,
1835,7.428814000000001,621391.0,2120.788395904437,2111.849829351536,2201.1316622884574,1997.2819497883768,0.1020635631948107,-0.0596894053433629,False,False,,
1836,7.432862400000001,616345.0,2103.566552901024,2111.0307167235496,2200.3777057804837,1997.2819497883768,0.1016860719207051,-0.4748165425081705,False,False,,
1837,7.4369108000000015,618853.0,2112.126279863481,2104.0409556313994,2193.453122655007,1997.2819497883768,0.0982190686134303,-0.4534980731953553,False,False,,
1838,7.440959200000001,616184.0,2103.0170648464164,2103.566552901024,2193.0439197452924,1997.2819497883768,0.0980141887216564,-0.0550382600573531,False,False,,
1839,7.445007600000001,615293.0,2099.976109215017,2103.0204778156995,2192.5630663419433,1997.2819497883768,0.0977734348293979,-0.025911042604136,False,False,,
1840,7.4490560000000015,616484.0,2104.0409556313994,2103.0170648464164,2192.62489692328,1997.2819497883768,0.0978043921918992,-0.1065283672313928,False,False,,
1841,7.453104400000001,615642.0,2101.1672354948805,2101.1672354948805,2190.840332998341,1997.2819497883768,0.0969108959455991,-0.179970086217871,False,False,,
1842,7.457152800000001,611708.0,2087.740614334471,2099.976109215017,2189.7144940283865,1997.2819497883768,0.0963472103978105,-0.4676247103199227,False,False,,
1843,7.461201200000001,616185.0,2103.0204778156995,2093.4744027303755,2183.278096744303,1997.2819497883768,0.0931246321910804,-0.7485258231768341,False,False,,
1844,7.465249600000001,613388.0,2093.4744027303755,2087.740614334471,2177.609639446946,1997.2819497883768,0.0902865465127125,-0.5387421996545605,False,False,,
1845,7.469298000000001,610797.0,2084.6313993174062,2084.6313993174062,2174.565777433761,1997.2819497883768,0.0887625443489179,-0.2162593714641261,False,False,,
1846,7.473346400000001,609435.0,2079.9829351535836,2084.1126279863483,2174.112381019258,1997.2819497883768,0.0885355376338416,-0.2793597732066484,False,False,,
1847,7.477394800000001,609105.0,2078.8566552901025,2079.9829351535836,2170.0480850230724,1997.2819497883768,0.0865006241372188,-0.315657179887653,False,False,,
1848,7.481443200000001,610645.0,2084.1126279863483,2078.877133105802,2169.0077017392427,1997.2819497883768,0.0859797245797277,-0.0615536411396675,False,False,,
1849,7.485491600000001,606941.0,2071.4709897610924,2078.8566552901025,2169.0526646222215,1997.2819497883768,0.0860022366156391,-0.128030795323605,False,False,,
1850,7.489540000000001,607810.0,2074.436860068259,2076.6757679180887,2166.9372398909654,1997.2819497883768,0.0849430848361518,-0.2652087599452493,False,False,,
1851,7.493588400000001,608466.0,2076.6757679180887,2074.436860068259,2164.7638166313313,1997.2819497883768,0.0838548943281145,-0.3137469004748521,False,False,,
1852,7.497636800000001,605428.0,2066.307167235495,2071.4709897610924,2161.863452871157,1997.2819497883768,0.0824027389323869,-0.4946116332729833,False,False,,
1853,7.501685200000001,609111.0,2078.877133105802,2066.307167235495,2156.7651588567105,1997.2819497883768,0.0798501228558302,-0.3217612612250473,False,False,,
1854,7.505733600000001,601246.0,2052.0341296928327,2066.136518771331,2156.6600608752215,1997.2819497883768,0.0797975023525005,-0.3375870833246139,False,False,,
1855,7.509782000000001,605378.0,2066.136518771331,2060.716723549488,2151.3058381149435,1997.2819497883768,0.0771167477595672,-0.8639360766011528,False,False,,
1856,7.513830400000002,603790.0,2060.716723549488,2052.0341296928327,2142.688838706113,1997.2819497883768,0.0728023847274758,-0.6429669406634915,False,False,,
1857,7.517878800000001,596546.0,2035.9931740614336,2050.1877133105804,2140.9080387653175,1997.2819497883768,0.0719107730344025,-0.1928005467294333,False,False,,
1858,7.521927200000001,598522.0,2042.7372013651875,2048.7849829351535,2139.570946832354,1997.2819497883768,0.0712413172607171,-0.452596926130477,False,False,,
1859,7.5259756000000015,597815.0,2040.3242320819113,2042.7372013651875,2133.5888257132347,1997.2819497883768,0.068246186242909,-0.5150641744403721,False,False,,
1860,7.530024000000001,600705.0,2050.1877133105804,2040.3242320819113,2131.2415388965665,1997.2819497883768,0.067070945653108,-0.2219168931196744,False,False,,
1861,7.534072400000001,600294.0,2048.7849829351535,2039.0170648464164,2130.0000761508245,1997.2819497883768,0.0664493695426978,-0.2586363814412387,False,False,,
1862,7.5381208000000015,597432.0,2039.0170648464164,2036.0102389078495,2127.0589767325396,1997.2819497883768,0.0649768185998544,-0.178857815524676,False,False,,
1863,7.542169200000001,595658.0,2032.962457337884,2035.9931740614336,2127.10766044432,1997.2819497883768,0.0650011935819574,-0.1803324199445057,False,False,,
1864,7.546217600000001,596551.0,2036.0102389078495,2032.962457337884,2124.142714324272,1997.2819497883768,0.0635167030620475,-0.7710508004118966,False,False,,
1865,7.5502660000000015,592639.0,2022.6587030716723,2023.3924914675767,2114.638541110163,1997.2819497883768,0.0587581494611819,-0.6121295324837437,False,False,,
1866,7.554314400000001,592719.0,2022.9317406143343,2022.9317406143343,2114.2436049732087,1997.2819497883768,0.0585604126634323,-0.0372342362803079,False,False,,
1867,7.558362800000001,590986.0,2017.0170648464164,2022.6587030716723,2114.0364042143224,1997.2819497883768,0.0584566712968675,-0.0802851350585154,False,False,,
1868,7.562411200000001,592854.0,2023.3924914675767,2021.5017064846415,2112.9452664859537,1997.2819497883768,0.0579103599818905,-0.2892191305905713,False,False,,
1869,7.566459600000001,591230.0,2017.849829351536,2017.849829351536,2109.3592702937976,1997.2819497883768,0.0561149218403021,-0.2691669153204215,False,False,,
1870,7.570508000000001,592300.0,2021.5017064846415,2017.0170648464164,2108.592408819321,1997.2819497883768,0.0557309693019245,-0.3540051565662505,False,False,,
1871,7.574556400000001,588883.0,2009.839590443686,2011.9931740614336,2103.6344431620787,1997.2819497883768,0.0532486128886163,-0.3337418922660369,False,False,,
1872,7.578604800000001,589514.0,2011.9931740614336,2011.4880546075085,2103.1952709404027,1997.2819497883768,0.0530287279486245,-0.1250134791888477,False,False,,
1873,7.582653200000001,585281.0,1997.546075085324,2009.839590443686,2101.6127761207485,1997.2819497883768,0.05223640375032,-0.8539677661404816,False,False,,
1874,7.586701600000001,589366.0,2011.4880546075085,1997.546075085324,2089.3852522258885,1997.2819497883768,0.0461143217397377,-0.7560391302067284,False,False,,
1875,7.590750000000001,585262.0,1997.481228668942,1997.481228668942,2089.386419399758,1997.2819497883768,0.046114906120861,-0.0139944449006224,False,False,,
1876,7.594798400000001,584014.0,1993.221843003413,1997.18771331058,2089.158939765817,1997.2819497883768,0.0460010115182663,-0.2552186544015997,False,False,,
1877,7.598846800000001,585176.0,1997.18771331058,1993.221843003413,2085.2591273246617,1997.2819497883768,0.044048451719902,-0.2710444554649154,False,False,,
1878,7.602895200000001,582731.0,1988.8430034129692,1992.6723549488056,2084.7757192850804,1997.2819497883768,0.0438064187712577,-0.1598198423825438,False,False,,
1879,7.606943600000001,582796.0,1989.0648464163824,1990.5051194539249,2082.6745859616676,1997.2819497883768,0.0427544224200989,-0.2085690045050974,False,False,,
1880,7.610992000000001,583853.0,1992.6723549488056,1989.1672354948803,2081.4028263379605,1997.2819497883768,0.0421176772555807,-0.0808827081371026,False,False,,
1881,7.615040400000001,578692.0,1975.0580204778155,1989.0648464163824,2081.366583766102,1997.2819497883768,0.0420995313088543,-0.0118675319084262,False,False,,
1882,7.619088800000001,579653.0,1978.3378839590443,1988.8430034129692,2081.210909448063,1997.2819497883768,0.0420215882232246,-0.6551366481861143,False,False,,
1883,7.623137200000001,583218.0,1990.5051194539249,1978.3378839590443,2070.7719808656852,1997.2819497883768,0.0367950208958206,-0.7931587714070973,False,False,,
1884,7.627185600000002,582826.0,1989.1672354948803,1975.8839590443688,2068.3842690161673,1997.2819497883768,0.0355995402828951,-0.1638132815904445,False,False,,
1885,7.631234000000001,578345.0,1973.8737201365188,1975.5563139931744,2068.122859231183,1997.2819497883768,0.0354686575174389,-0.0308508006719581,False,False,,
1886,7.635282400000001,577045.0,1969.4368600682592,1975.2525597269623,2067.885362439678,1997.2819497883768,0.0353497475200144,-0.0226172128814665,False,False,,
1887,7.6393308000000015,578934.0,1975.8839590443688,1975.0580204778155,2067.757102881181,1997.2819497883768,0.0352855304681802,-0.0770646419913632,False,False,,
1888,7.643379200000001,577976.0,1972.6143344709897,1973.8737201365188,2066.6391044539255,1997.2819497883768,0.0347257705267389,-0.1429086188746842,False,False,,
1889,7.647427600000001,578749.0,1975.2525597269623,1972.6143344709897,2065.446042933281,1997.2819497883768,0.0341284279628757,-0.2661574327065006,False,False,,
1890,7.6514760000000015,578838.0,1975.5563139931744,1969.4368600682592,2062.3349149137325,1997.2819497883768,0.0325707470256008,-1.233172943429048,False,False,,
1891,7.655524400000001,571281.0,1949.7645051194536,1952.5392491467576,2045.503672621166,1997.2819497883768,0.0241436732745213,-1.2082666223839165,False,False,,
1892,7.659572800000001,569937.0,1945.1774744027305,1949.7645051194536,2042.7953194760105,1997.2819497883768,0.0227876538374846,-0.1802529680740732,False,False,,
1893,7.6636212000000015,569774.0,1944.6211604095563,1949.491467576792,2042.5886950761703,1997.2819497883768,0.022684201042619,-0.0926656273619328,False,False,,
1894,7.667669600000001,569539.0,1943.8191126279864,1948.133105802048,2041.2967687123864,1997.2819497883768,0.0220373587858607,-0.2585459705871047,False,False,,
1895,7.671718000000001,568903.0,1941.6484641638224,1945.1774744027305,2038.4075949996336,1997.2819497883768,0.0205908060279693,-0.2089471236775346,False,False,,
1896,7.675766400000001,572094.0,1952.5392491467576,1944.6211604095563,2037.9177609760968,1997.2819497883768,0.0203455557148683,-0.0757735854154435,False,False,,
1897,7.679814800000001,571201.0,1949.491467576792,1943.8191126279864,2037.1822154547096,1997.2819497883768,0.0199772824615776,-0.1755961528786924,False,False,,
1898,7.683863200000001,570803.0,1948.133105802048,1941.6484641638224,2035.078091548747,1997.2819497883768,0.01892378878424,-0.3693347225506938,False,False,,
1899,7.687911600000001,565353.0,1929.5324232081912,1937.7133105802047,2031.2094848288257,1997.2819497883768,0.0169868530800289,-0.4216716686029991,False,False,,
1900,7.691960000000001,567750.0,1937.7133105802047,1934.6962457337884,2028.2589891590796,1997.2819497883768,0.0155095976178953,-0.3632088347527855,False,False,,
1901,7.696008400000001,565990.0,1931.7064846416383,1931.7064846416383,2025.335819564056,1997.2819497883768,0.0140460237868027,-0.3110774159186902,False,False,,
1902,7.700056800000001,565272.0,1929.2559726962456,1929.5324232081912,2023.2283719556744,1997.2819497883768,0.0129908659966846,-0.1432921316263418,False,False,,
1903,7.704105200000001,566866.0,1934.6962457337884,1929.2559726962456,2023.0185576042209,1997.2819497883768,0.0128858160554503,-0.2047041034925478,False,False,,
1904,7.708153600000001,564344.0,1926.0887372013651,1926.0887372013651,2019.9179806127472,1997.2819497883768,0.0113334178115259,-0.3830362221532846,False,False,,
1905,7.712202000000001,562896.0,1921.1467576791808,1922.9283276450512,2016.8242519102475,1997.2819497883768,0.0097844483719194,-0.2488074395721724,False,False,,
1906,7.716250400000001,562946.0,1921.317406143345,1921.9317406143343,2015.8943680912453,1997.2819497883768,0.0093188737347978,-0.0913634642784091,False,False,,
1907,7.720298800000001,563126.0,1921.9317406143343,1921.317406143345,2015.346759197367,1997.2819497883768,0.0090446966743501,-0.0402872758755707,False,False,,
1908,7.724347200000001,563418.0,1922.9283276450512,1921.1467576791808,2015.2428586832111,1997.2819497883768,0.0089926757194884,-0.4587911022111411,False,False,,
1909,7.728395600000002,560088.0,1911.5631399317408,1913.7645051194536,2007.9273764538896,1997.2819497883768,0.0053299568779666,-0.5754974344042413,False,False,,
1910,7.732444000000001,558935.0,1907.627986348123,1911.7064846416383,2005.9361486943824,1997.2819497883768,0.0043329880926038,-0.1278635580778226,False,False,,
1911,7.736492400000001,560733.0,1913.7645051194536,1911.5631399317408,2005.8596190982005,1997.2819497883768,0.0042946712209224,-0.1531864516576135,False,False,,
1912,7.7405408000000016,560130.0,1911.7064846416383,1909.095563139932,2003.4588798230257,1997.2819497883768,0.0030926680308223,-0.2063675744514622,False,False,,
1913,7.744589200000001,558666.0,1906.7098976109216,1908.0921501706484,2002.5223267808055,1997.2819497883768,0.0026237542441037,-0.0824800971504716,False,False,,
1914,7.748637600000001,554126.0,1891.2150170648465,1907.627986348123,2002.1250453032865,1997.2819497883768,0.0024248431802145,-0.0772011442252877,False,False,,
1915,7.7526860000000015,554031.0,1890.8907849829352,1906.7098976109216,2001.2738613365516,1997.2819497883768,0.0019986720195403,-0.4847305097604253,False,False,,
1916,7.756734400000001,556599.0,1899.655290102389,1899.655290102389,1994.2861810314653,1997.2819497883768,-0.0014999228112128,-0.6048135906183214,False,False,,
1917,7.760782800000001,559071.0,1908.0921501706484,1896.7952218430032,1991.4930624160268,1997.2819497883768,-0.0028983826609774,-0.4874685727371154,False,False,,
1918,7.7648312000000015,553650.0,1889.590443686007,1891.6382252559729,1986.403037920968,1997.2819497883768,-0.005446858350951,-0.3367780966330406,False,False,,
1919,7.768879600000001,559365.0,1909.095563139932,1891.2150170648465,1986.046824277366,1997.2819497883768,-0.0056252075537962,-0.0379324865654024,False,False,,
1920,7.772928000000001,555761.0,1896.7952218430032,1890.8907849829352,1985.7896092060605,1997.2819497883768,-0.0057539901081737,-0.0921688379076209,False,False,,
1921,7.7769764000000015,548784.0,1872.9829351535836,1889.590443686007,1984.5563073903504,1997.2819497883768,-0.0063714802005667,-0.2086641117436011,False,False,,
1922,7.781024800000001,553003.0,1887.382252559727,1887.382252559727,1982.415178223437,1997.2819497883768,-0.0074435016881391,-0.6951251228329316,False,False,,
1923,7.785073200000001,550317.0,1878.2150170648465,1878.2150170648465,1973.3150271736067,1997.2819497883768,-0.0119997692951209,-0.8219617075092649,False,False,,
1924,7.789121600000001,554250.0,1891.6382252559729,1873.955631399317,1969.1227484463511,1997.2819497883768,-0.0140987612415006,-0.3152346027004615,False,False,,
1925,7.793170000000001,548114.0,1870.6962457337884,1872.9829351535836,1968.2171816396576,1997.2819497883768,-0.0145521608262662,-0.1932465390078093,False,False,,
1926,7.797218400000001,545035.0,1860.18771331058,1870.6962457337884,1965.997644167212,1997.2819497883768,-0.0156634398185391,-0.1449139465021676,False,False,,
1927,7.801266800000001,546935.0,1866.6723549488056,1870.5051194539249,1965.8736923505548,1997.2819497883768,-0.0157255000683051,-0.1926078281767798,False,False,,
1928,7.805315200000001,548058.0,1870.5051194539249,1867.4470989761091,1962.882868859352,1997.2819497883768,-0.0172229468817205,-0.2286941130246207,False,False,,
1929,7.809363600000001,544451.0,1858.1945392491468,1866.6723549488056,1962.17534434962,1997.2819497883768,-0.0175771905626425,-0.4405827129156772,False,False,,
1930,7.813412000000001,549069.0,1873.955631399317,1860.18771331058,1955.7579447674796,1997.2819497883768,-0.0207902569916564,-0.5159237747326113,False,False,,
1931,7.817460400000001,542900.0,1852.901023890785,1858.1945392491468,1953.832035308201,1997.2819497883768,-0.0217545221818978,-0.1237952919293636,False,False,,
1932,7.821508800000001,547162.0,1867.4470989761091,1858.051194539249,1953.755977754088,1997.2819497883768,-0.0217926027113498,-0.3190111603700205,False,False,,
1933,7.825557200000001,542565.0,1851.7576791808872,1852.901023890785,1948.6731168226008,1997.2819497883768,-0.024337491745182,-0.3808451987063641,False,False,,
1934,7.829605600000002,544409.0,1858.051194539249,1851.7576791808872,1947.5971043984368,1997.2819497883768,-0.0248762301162357,-0.0889641321716259,False,False,,
1935,7.833654000000001,542439.0,1851.3276450511944,1851.3276450511944,1947.2344251308016,1997.2819497883768,-0.0250578165305493,-0.1598731981524968,False,False,,
1936,7.837702400000001,540482.0,1844.6484641638224,1849.037542662116,1945.011700187674,1997.2819497883768,-0.026170691427037,-0.1936379563398516,False,False,,
1937,7.841750800000002,541768.0,1849.037542662116,1848.061433447099,1944.1029910100744,1997.2819497883768,-0.0266256643354419,-0.1147035098307132,False,False,,
1938,7.845799200000001,541185.0,1847.0477815699655,1847.0477815699655,1943.156761769399,1997.2819497883768,-0.0270994228054343,-0.0900081922839923,False,False,,
1939,7.849847600000001,541482.0,1848.061433447099,1846.470989761092,1942.647415203602,1997.2819497883768,-0.0273544426667268,-0.1324258827805504,False,False,,
1940,7.8538960000000015,539631.0,1841.7440273037544,1844.7713310580205,1941.0152243578048,1997.2819497883768,-0.0281716486931319,-0.1043538081901154,False,False,,
1941,7.857944400000001,540210.0,1843.7201365187711,1844.6484641638224,1940.9598479426625,1997.2819497883768,-0.0281993745808807,-0.0566543432429318,False,False,,
1942,7.861992800000001,540518.0,1844.7713310580205,1843.7201365187711,1940.099033406032,1997.2819497883768,-0.0286303675795014,-0.1132121931952752,False,False,,
1943,7.8660412000000015,539906.0,1842.682593856655,1842.682593856655,1939.1290264892905,1997.2819497883768,-0.0291160310667443,-0.0952703812966824,False,False,,
1944,7.870089600000001,541016.0,1846.470989761092,1842.044368600683,1938.5583596232352,1997.2819497883768,-0.0294017528027844,-0.0496813855144187,False,False,,
1945,7.874138000000001,536634.0,1831.5153583617748,1841.7440273037544,1938.3255993683608,1997.2819497883768,-0.0295182913089774,-0.0102127575364705,False,False,,
1946,7.8781864000000015,534907.0,1825.6211604095563,1841.7440273037544,1938.3932030701455,1997.2819497883768,-0.0294844434580057,0.0083621987737889,False,False,,
1947,7.882234800000001,536623.0,1831.4778156996588,1841.7440273037544,1938.4608294392597,1997.2819497883768,-0.0294505842579458,0.0269371560238482,False,False,,
1948,7.886283200000001,534264.0,1823.4266211604097,1842.044368600683,1938.8288197802312,1997.2819497883768,-0.0292663386931117,0.0269399607854374,False,False,,
1949,7.890331600000001,537673.0,1835.061433447099,1842.044368600683,1938.8964915068063,1997.2819497883768,-0.0292324567834582,0.0083706130588616,False,False,,
1950,7.894380000000001,537416.0,1834.1843003412969,1842.044368600683,1938.9641859235192,1997.2819497883768,-0.0291985635132967,0.0083734197016158,False,False,,
1951,7.898428400000001,539719.0,1842.044368600683,1842.044368600683,1939.0319030379776,1997.2819497883768,-0.0291646588788182,0.0083762272854377,False,False,,
1952,7.902476800000001,539092.0,1839.904436860068,1842.044368600683,1939.099642857792,1997.2819497883768,-0.029130742876212,1.0055770466072709,False,False,,
1953,7.906525200000001,544444.0,1858.170648464164,1858.170648464164,1955.2936852540563,1997.2819497883768,-0.0210227026478505,1.51589198096414,False,False,,
1954,7.910573600000001,547130.0,1867.3378839590443,1866.4232081911264,1963.6140302343863,1997.2819497883768,-0.0168568686847429,0.5752574296544113,True,False,1954.0,9.0
1955,7.914622000000001,546862.0,1866.4232081911264,1867.3378839590443,1964.596513983875,1997.2819497883768,-0.0163649582914244,0.1329053138883691,False,False,,
1956,7.918670400000001,547452.0,1868.4368600682592,1868.4368600682592,1965.7633208104835,1997.2819497883768,-0.0157807609392516,0.9433293667023082,False,False,,
1957,7.922718800000001,551560.0,1882.457337883959,1882.457337883959,1979.851652087024,1997.2819497883768,-0.008727009075108,1.0478005429749908,False,False,,
1958,7.926767200000001,553485.0,1889.0273037542663,1885.245733788396,1982.7079242033735,1997.2819497883768,-0.0072969295028911,0.4146617629986854,False,False,,
1959,7.930815600000002,552377.0,1885.245733788396,1889.0273037542663,1986.557393139858,1997.2819497883768,-0.00536957571246,0.5759046374342458,False,False,,
1960,7.934864000000001,555066.0,1894.4232081911264,1894.4232081911264,1992.0212193136636,1997.2819497883768,-0.0026339448345139,0.3534637067548722,False,False,,
1961,7.938912400000001,559006.0,1907.8703071672355,1894.6075085324233,1992.2734641658712,1997.2819497883768,-0.0025076507716078,0.2728464941106491,False,False,,
1962,7.942960800000002,555120.0,1894.6075085324233,1898.6996587030717,1996.433581629032,1997.2819497883768,-0.0004247613409986,0.8285365845383811,False,False,,
1963,7.947009200000001,556319.0,1898.6996587030717,1907.8703071672355,2005.672220174948,1997.2819497883768,0.0042008442460816,0.823052176290195,False,False,,
1964,7.951057600000001,560179.0,1911.8737201365188,1911.8737201365188,2009.7436460228644,1997.2819497883768,0.0062393275199869,0.3235062783469967,False,False,,
1965,7.955106000000002,561135.0,1915.136518771331,1912.9658703071673,2010.903831876671,1997.2819497883768,0.0068202098806018,0.2101767537848612,False,False,,
1966,7.959154400000001,560499.0,1912.9658703071673,1915.136518771331,2013.142538836164,1997.2819497883768,0.007941086660032,1.055212556523109,False,False,,
1967,7.963202800000001,565459.0,1929.8941979522183,1929.8941979522183,2027.9682993322,1997.2819497883768,0.0153640549082591,0.9661534616289196,False,False,,
1968,7.9672512000000015,565673.0,1930.6245733788396,1930.6245733788396,2028.7667789014415,1997.2819497883768,0.0157638380081496,0.6318575235447248,False,False,,
1969,7.971299600000001,569168.0,1942.5529010238909,1939.976109215017,2038.186441715365,1997.2819497883768,0.0204800789048949,0.7460368822678582,False,False,,
1970,7.975348000000001,568413.0,1939.976109215017,1942.5529010238909,2040.8313833447664,1997.2819497883768,0.021804349436495,0.7700990883696406,False,False,,
1971,7.9793964000000015,572022.0,1952.2935153583617,1952.2935153583617,2050.640170350206,1997.2819497883768,0.0267154172036066,0.6555032862986949,False,False,,
1972,7.983444800000001,572451.0,1953.7576791808872,1953.0170648464164,2051.4319153673323,1997.2819497883768,0.027111828444999,0.0989746524544115,False,False,,
1973,7.987493200000001,572234.0,1953.0170648464164,1953.7576791808872,2052.2407480966417,1997.2819497883768,0.0275167951695995,0.4818170980880967,False,False,,
1974,7.9915416000000015,575144.0,1962.948805460751,1960.6723549488056,2059.223665132832,1997.2819497883768,0.031013005124799,0.5767911665270313,False,False,,
1975,7.995590000000001,574477.0,1960.6723549488056,1962.948805460751,2061.568379794153,1997.2819497883768,0.0321869578867359,0.396981784050781,False,False,,
1976,7.999638400000001,576318.0,1966.955631399317,1966.955631399317,2065.64349277087,1997.2819497883768,0.0342272872339014,0.2674016356598594,False,False,,
1977,8.0036868,581874.0,1985.9180887372013,1967.136518771331,2065.892690077484,1997.2819497883768,0.034352055450347,1.181027788189848,False,False,,
1978,8.0077352,576371.0,1967.136518771331,1985.9180887372013,2084.7425928820817,1997.2819497883768,0.0437898330293187,1.304704279360557,False,False,,
1979,8.011783600000001,582835.0,1989.19795221843,1988.098976109215,2086.991836004629,1997.2819497883768,0.0449159850594743,0.2112715803144436,False,False,,
1980,8.015832000000001,582513.0,1988.098976109215,1989.19795221843,2088.1591907838665,1997.2819497883768,0.0455004567608088,0.5166597109081135,False,False,,
1981,8.019880400000002,586816.0,2002.7849829351535,1996.317406143345,2095.3470463059775,1997.2819497883768,0.0490992754067554,0.5694243463839364,False,False,,
1982,8.023928800000002,584921.0,1996.317406143345,1998.269624573379,2097.3676892680687,1997.2819497883768,0.0501109718086106,0.4083981711839941,False,False,,
1983,8.0279772,585493.0,1998.269624573379,2002.7849829351535,2101.9514951044516,1997.2819497883768,0.0524059937191969,0.5126583248866172,False,False,,
1984,8.0320256,589378.0,2011.529010238908,2006.4232081911264,2105.658190785276,1997.2819497883768,0.0542618637335517,0.5491723289659385,False,False,,
1985,8.036074000000001,587882.0,2006.4232081911264,2011.529010238908,2110.8324862158483,1997.2819497883768,0.0568525322323686,0.3423489146431064,False,False,,
1986,8.040122400000001,589900.0,2013.3105802047785,2011.8225255972695,2111.194517922637,1997.2819497883768,0.0570337944256342,0.1186417254283034,False,False,,
1987,8.044170800000002,589464.0,2011.8225255972695,2013.3105802047785,2112.7511118519096,1997.2819497883768,0.0578131505548166,0.621570040059459,False,False,,
1988,8.048219200000002,593488.0,2025.5563139931744,2021.7372013651875,2121.2462953151226,1997.2819497883768,0.062066522725988,0.7657181189548412,False,False,,
1989,8.0522676,595565.0,2032.6450511945393,2025.5563139931744,2125.133993234658,1997.2819497883768,0.0640130170203702,0.472576404439355,False,False,,
1990,8.056316,595698.0,2033.098976109215,2029.2423208191128,2128.8886083485986,1997.2819497883768,0.065892879357452,0.4468314908091324,False,False,,
1991,8.060364400000001,594568.0,2029.2423208191128,2032.6450511945393,2132.359970016191,1997.2819497883768,0.0676309222351538,0.2469726397398428,False,False,,
1992,8.064412800000001,592369.0,2021.7372013651875,2033.098976109215,2132.8825492349097,1997.2819497883768,0.0678925674268977,0.1515821526604259,False,False,,
1993,8.068461200000002,597529.0,2039.3481228668943,2034.9590443686009,2134.811294817931,1997.2819497883768,0.0688582526088149,0.2011810915972347,False,False,,
1994,8.072509600000002,598268.0,2041.8703071672355,2036.2150170648465,2136.1359678651243,1997.2819497883768,0.0695214904893423,0.2799045448200701,False,False,,
1995,8.076558,599645.0,2046.5699658703072,2039.3481228668943,2139.3377970531515,1997.2819497883768,0.0711245837273132,0.3582059046016788,False,False,,
1996,8.0806064,601294.0,2052.19795221843,2041.8703071672355,2141.928727782228,1997.2819497883768,0.0724218120577206,0.4550794187671823,False,False,,
1997,8.084654800000001,596243.0,2034.9590443686009,2046.5699658703072,2146.697155964517,1997.2819497883768,0.0748092707651876,0.6471352202100142,False,False,,
1998,8.088703200000001,602880.0,2057.6109215017063,2052.19795221843,2152.393934850069,1997.2819497883768,0.0776615365087174,0.6912469367742542,False,False,,
1999,8.092751600000001,604279.0,2062.38566552901,2057.6109215017063,2157.8757197367154,1997.2819497883768,0.0804061589628618,0.6384879903889029,False,False,,
2000,8.096800000000002,596611.0,2036.2150170648465,2062.38566552901,2162.7193024410662,1997.2819497883768,0.0828312460692986,0.4236447968561787,False,False,,
2001,8.100848400000002,604857.0,2064.358361774744,2064.3242320819113,2164.726730752426,1997.2819497883768,0.0838363261540472,0.1305030938030498,False,False,,
2002,8.1048968,605421.0,2066.283276450512,2064.358361774744,2164.8297452928705,1997.2819497883768,0.0838879035192034,0.0496748729477172,False,False,,
2003,8.1089452,605492.0,2066.5255972696245,2064.9897610921503,2165.5300525547814,1997.2819497883768,0.0842385336653303,0.1275541459851279,False,False,,
2004,8.112993600000001,604847.0,2064.3242320819113,2066.283276450512,2166.8924989622856,1997.2819497883768,0.0849206839284159,0.1034976233212869,False,False,,
2005,8.117042000000001,606129.0,2068.6996587030717,2066.5255972696245,2167.203773942925,1997.2819497883768,0.0850765332218382,0.1579506592911332,False,False,,
2006,8.121090400000002,606829.0,2071.0887372013653,2068.6996587030717,2169.446812658034,1997.2819497883768,0.0861995788265644,0.2907022066969098,False,False,,
2007,8.125138800000002,607665.0,2073.9419795221843,2071.0887372013653,2171.904891565876,1997.2819497883768,0.0874302908490219,0.2354107015970719,False,False,,
2008,8.1291872,611291.0,2086.3174061433447,2072.3686006825938,2173.253778592293,1997.2819497883768,0.0881056521952556,0.1149056132583759,False,False,,
2009,8.1332356,605042.0,2064.9897610921503,2072.8088737201365,2173.7630983184235,1997.2819497883768,0.088360658618452,0.1058334464507275,False,False,,
2010,8.137284000000001,607951.0,2074.9180887372013,2073.9419795221843,2174.9652739602175,1997.2819497883768,0.0889625644444779,0.1267299827263173,False,False,,
2011,8.141332400000001,607333.0,2072.8088737201365,2074.720136518771,2175.812523955471,1997.2819497883768,0.0893867659425905,0.0689059150886777,False,False,,
2012,8.145380800000002,608698.0,2077.467576791809,2074.9180887372013,2176.0795923392543,1997.2819497883768,0.0895204818577679,0.1784422764668818,False,False,,
2013,8.149429200000002,607893.0,2074.720136518771,2077.467576791809,2178.6982197336683,1997.2819497883768,0.0908315773666877,0.7134497900792649,False,False,,
2014,8.1534776,607204.0,2072.3686006825938,2086.3174061433447,2187.6172116072344,1997.2819497883768,0.0952971421180794,0.7491196340611506,False,False,,
2015,8.157526,614720.0,2098.0204778156995,2089.443686006826,2190.812677182743,1997.2819497883768,0.0968970492197518,0.2641360414096461,False,False,,
2016,8.161574400000001,614032.0,2095.6723549488056,2090.4505119453925,2191.8887120311097,1997.2819497883768,0.0974357988181652,0.1335006952497615,False,False,,
2017,8.165622800000001,613646.0,2094.354948805461,2091.4641638225257,2192.9715960235935,1997.2819497883768,0.0979779776490502,0.2500016189710035,False,False,,
2018,8.169671200000002,613809.0,2094.9112627986347,2094.354948805461,2195.931636335211,1997.2819497883768,0.0994600119266498,0.2217241657908939,False,False,,
2019,8.173719600000002,612207.0,2089.443686006826,2094.9112627986347,2196.5572288781814,1997.2819497883768,0.099773233874626,0.0900335865280954,False,False,,
2020,8.177768,612799.0,2091.4641638225257,2095.6723549488056,2197.3876228070503,1997.2819497883768,0.1001889958700503,0.1265476250758528,False,False,,
2021,8.1818164,612502.0,2090.4505119453925,2096.819112627986,2198.6037055016177,1997.2819497883768,0.1007978646853401,0.1537755878726496,False,False,,
2022,8.185864800000001,614992.0,2098.948805460751,2098.0204778156995,2199.874418949198,1997.2819497883768,0.1014340860499377,0.1402714424092526,False,False,,
2023,8.189913200000001,620370.0,2117.3037542662114,2098.948805460751,2200.8721181063916,1997.2819497883768,0.1019336145002394,0.3880437290984275,False,False,,
2024,8.193961600000002,618427.0,2110.6723549488056,2104.156996587031,2206.1497040048844,1997.2819497883768,0.104575998515702,0.5978275211025057,False,False,,
2025,8.198010000000002,616518.0,2104.156996587031,2108.4778156996585,2210.5399411575945,1997.2819497883768,0.1067741043731025,0.2757723749799172,False,False,,
2026,8.202058400000002,614368.0,2096.819112627986,2108.4778156996585,2210.609382473348,1997.2819497883768,0.1068088722814396,0.0193529084166499,False,False,,
2027,8.2061068,617784.0,2108.4778156996585,2108.6518771331057,2210.852908506025,1997.2819497883768,0.1069308010019704,0.1442957296988982,False,False,,
2028,8.2101552,617835.0,2108.6518771331057,2110.6723549488056,2212.9428742122373,1997.2819497883768,0.1079772059456659,0.1335352035992514,False,False,,
2029,8.214203600000001,620131.0,2116.4880546075087,2110.6723549488056,2213.012385401841,1997.2819497883768,0.1080120088384729,0.216901728796854,False,False,,
2030,8.218252000000001,620868.0,2119.003412969283,2114.0409556313994,2216.4505205809437,1997.2819497883768,0.1097334158633884,0.2169046117302056,False,False,,
2031,8.222300400000002,619414.0,2114.0409556313994,2114.0409556313994,2216.520078392171,1997.2819497883768,0.1097682420987301,0.1599247521561011,False,False,,
2032,8.226348800000002,624107.0,2130.0580204778157,2116.4880546075087,2219.036758502044,1997.2819497883768,0.111028294596646,0.3154694219875491,False,False,,
2033,8.2303972,617053.0,2105.9829351535836,2119.003412969283,2221.6217213279388,1997.2819497883768,0.1123225349146785,0.247937204445078,False,False,,
2034,8.2344456,623541.0,2128.126279863481,2120.358361774744,2223.046297935698,1997.2819497883768,0.1130357925535964,0.298591418779365,False,False,,
2035,8.238494000000001,623507.0,2128.0102389078497,2123.692832764505,2226.4504200737624,1997.2819497883768,0.1147401699142515,0.4646884514161993,False,False,,
2036,8.242542400000001,616738.0,2104.9078498293516,2127.7337883959044,2230.561050207297,1997.2819497883768,0.1167982820070233,0.2755930506995181,False,False,,
2037,8.246590800000002,622242.0,2123.692832764505,2128.0102389078497,2230.9071985830396,1997.2819497883768,0.1169715917271555,0.0257160579124455,False,False,,
2038,8.250639200000002,623738.0,2128.7986348122868,2128.0102389078497,2230.976919816333,1997.2819497883768,0.1170064997847288,0.0086241255457597,False,False,,
2039,8.2546876,624773.0,2132.331058020478,2128.0102389078497,2231.0466644269572,1997.2819497883768,0.1170414195468744,-0.008467805851712,False,False,,
2040,8.258736,621265.0,2120.358361774744,2127.7337883959044,2230.839981910806,1997.2819497883768,0.1169379376543086,0.0086299098048296,False,False,,
2041,8.262784400000001,623929.0,2129.4505119453925,2128.0102389078497,2231.1862238115555,1997.2819497883768,0.1171112942005821,0.025727626431296,False,False,,
2042,8.266832800000001,623426.0,2127.7337883959044,2128.0102389078497,2231.256038601214,1997.2819497883768,0.1171462490999976,-0.0084591250987173,False,False,,
2043,8.270881200000002,624733.0,2132.1945392491466,2127.7337883959044,2231.049426287628,1997.2819497883768,0.1170428023564828,0.0183467645788333,False,False,,
2044,8.274929600000002,623553.0,2128.1672354948805,2128.1672354948805,2231.5527350015127,1997.2819497883768,0.1172947991834395,0.0354444841169101,False,False,,
2045,8.278978,623302.0,2127.310580204778,2128.1672354948805,2231.6226200408223,1997.2819497883768,0.1173297892554806,0.0086443874313122,False,False,,
2046,8.2830264,621818.0,2122.2457337883957,2128.1672354948805,2231.6925285123866,1997.2819497883768,0.1173647910595933,0.0086472858698254,False,False,,
2047,8.287074800000001,622789.0,2125.5597269624573,2128.1672354948805,2231.7624604240627,1997.2819497883768,0.1173998045997114,0.0086501852801728,False,False,,
2048,8.291123200000001,625001.0,2133.109215017065,2128.1672354948805,2231.8324157837096,1997.2819497883768,0.1174348298797698,-0.018149908489903,False,False,,
2049,8.295171600000002,627503.0,2141.6484641638226,2127.7337883959044,2231.468947500214,1997.2819497883768,0.1172528484206504,0.0086559870177378,False,False,,
2050,8.299220000000002,620067.0,2116.2696245733787,2128.1672354948805,2231.9723968783683,1997.2819497883768,0.1175049156754551,-0.017510963212894,False,True,1954.0,9.0
2051,8.303268400000002,624172.0,2130.279863481229,2127.310580204778,2231.1857673390095,1997.2819497883768,0.1171110656537082,-0.0470546676392036,False,False,,
2052,8.3073168,623289.0,2127.2662116040956,2127.2662116040956,2231.211447968505,1997.2819497883768,0.1171239234425138,-0.0996025156797255,False,False,,
2053,8.311365200000001,623596.0,2128.3139931740616,2125.5597269624573,2229.5750360443535,1997.2819497883768,0.1163046040047524,-0.0968559968568225,False,False,,
2054,8.315413600000001,624475.0,2131.3139931740616,2125.5597269624573,2229.6451322570224,1997.2819497883768,0.1163396998071634,-0.2496512620242406,False,False,,
2055,8.319462000000001,621403.0,2120.8293515358364,2121.382252559727,2225.5377775700217,1997.2819497883768,0.1142832276663944,-0.2838380009118371,False,False,,
2056,8.323510400000002,620710.0,2118.4641638225257,2120.8293515358364,2225.0550197728026,1997.2819497883768,0.1140415202813803,-0.051683174882914,False,False,,
2057,8.327558800000002,623863.0,2129.225255972696,2120.40614334471,2224.7019783271717,1997.2819497883768,0.1138647593360024,-0.0174906196518076,False,False,,
2058,8.3316072,621279.0,2120.40614334471,2120.40614334471,2224.7721685993774,1997.2819497883768,0.1138999022321834,0.0086821430287997,False,False,,
2059,8.3356556,617599.0,2107.8464163822528,2120.40614334471,2224.8423824061824,1997.2819497883768,0.1139350569116779,-0.1114008015649989,False,False,,
2060,8.339704000000001,621565.0,2121.382252559727,2118.4641638225257,2222.970640233292,1997.2819497883768,0.1129979122220719,-0.1293369013254963,False,False,,
2061,8.343752400000001,620549.0,2117.914675767918,2118.174061433447,2222.7507987438917,1997.2819497883768,0.1128878418890256,-0.0252877196354095,False,False,,
2062,8.347800800000002,618937.0,2112.4129692832767,2117.914675767918,2222.5616975363205,1997.2819497883768,0.1127931626137279,-0.0155766344979291,False,False,,
2063,8.351849200000002,615719.0,2101.430034129693,2117.7815699658704,2222.498899758409,1997.2819497883768,0.1127617209948228,-0.3315113749780067,False,False,,
2064,8.3558976,620510.0,2117.7815699658704,2112.4129692832767,2217.2006306740327,1997.2819497883768,0.1101089813128075,-0.6056587692660962,False,False,,
2065,8.359946,616829.0,2105.2184300341296,2107.8464163822528,2212.704432953211,1997.2819497883768,0.10785782307183,-0.4361849522708265,False,False,,
2066,8.363994400000001,622459.0,2124.433447098976,2105.2184300341296,2210.146825375182,1997.2819497883768,0.1065772789912608,-0.1538008833397537,False,False,,
2067,8.368042800000001,615525.0,2100.767918088737,2105.2184300341296,2210.2172277430773,1997.2819497883768,0.1066125280796046,0.0087083780760846,False,False,,
2068,8.372091200000002,620625.0,2118.174061433447,2105.2184300341296,2210.2876537166862,1997.2819497883768,0.1066477889868673,-0.0809837612016401,False,False,,
2069,8.376139600000002,615815.0,2101.7576791808874,2103.767918088737,2208.907591358532,1997.2819497883768,0.1059568187619071,-0.2052876399809626,False,False,,
2070,8.380188,612729.0,2091.225255972696,2101.7576791808874,2206.967825659466,1997.2819497883768,0.1049856160234698,-0.1155896589560594,False,False,,
2071,8.3842364,616404.0,2103.767918088737,2101.7576791808874,2207.0383224977168,1997.2819497883768,0.1050209124112722,-0.0524836239058998,False,False,,
2072,8.388284800000001,615468.0,2100.5733788395905,2100.767918088737,2206.1190818812065,1997.2819497883768,0.1045606666174284,-0.0645103903823418,False,False,,
2073,8.392333200000001,611471.0,2086.9317406143346,2100.5733788395905,2205.995086753015,1997.2819497883768,0.1044985846824245,-0.1305652385797806,False,False,,
2074,8.396381600000002,617120.0,2106.211604095563,2098.515358361775,2204.007634049398,1997.2819497883768,0.1035035059936956,-0.2951791272869482,False,False,,
2075,8.400430000000002,618307.0,2110.2627986348125,2095.6587030716723,2201.2215701946675,1997.2819497883768,0.1021085783246073,-0.2683732063798256,False,False,,
2076,8.404478400000002,612296.0,2089.7474402730377,2094.0341296928327,2199.6676119203075,1997.2819497883768,0.1013305418162793,-0.2654156178712803,False,False,,
2077,8.4085268,614865.0,2098.515358361775,2091.225255972696,2196.929376981695,1997.2819497883768,0.0999595611498277,-0.2563376596375164,False,False,,
2078,8.412575200000001,608787.0,2077.7713310580207,2089.7474402730377,2195.5222237485423,1997.2819497883768,0.0992550270537269,-0.1263296559378197,False,False,,
2079,8.416623600000001,614028.0,2095.6587030716723,2089.0409556313994,2194.8864252663343,1997.2819497883768,0.0989366951916303,-0.1653704568956211,False,False,,
2080,8.420672000000001,613552.0,2094.0341296928327,2086.9317406143346,2192.847920109568,1997.2819497883768,0.0979160555383343,-0.2386009029552305,False,False,,
2081,8.424720400000002,610917.0,2085.0409556313994,2085.0409556313994,2191.0278686957463,1997.2819497883768,0.0970047914005823,-0.1415162592037919,False,False,,
2082,8.428768800000002,612089.0,2089.0409556313994,2084.5017064846415,2190.5593768348667,1997.2819497883768,0.0967702266908129,-0.4407782524111727,False,False,,
2083,8.4328172,603217.0,2058.7610921501705,2077.7713310580207,2183.899782418841,1997.2819497883768,0.0934358980464614,-0.4124949932578019,False,False,,
2084,8.4368656,610759.0,2084.5017064846415,2077.689419795222,2183.8886758993085,1997.2819497883768,0.0934303372294051,-0.3192091961201484,False,False,,
2085,8.440914000000001,608763.0,2077.689419795222,2072.467576791809,2178.737661379791,1997.2819497883768,0.0908513250273156,-0.3989821004011666,False,False,,
2086,8.444962400000001,606193.0,2068.9180887372013,2071.0955631399315,2177.4364999603986,1997.2819497883768,0.0901998589588768,-0.2107250621713312,False,False,,
2087,8.449010800000002,606831.0,2071.0955631399315,2068.9180887372013,2175.3299015467055,1997.2819497883768,0.0891451263439266,-0.7218784373013101,False,False,,
2088,8.453059200000002,607233.0,2072.467576791809,2059.279863481229,2165.7625760442875,1997.2819497883768,0.0843549536277351,-0.6193065595103704,False,False,,
2089,8.4571076,602949.0,2057.8464163822528,2058.7610921501705,2165.3147282392692,1997.2819497883768,0.0841307249928818,-0.0798669807660825,False,False,,
2090,8.461156,603369.0,2059.279863481229,2057.8464163822528,2164.470999777848,1997.2819497883768,0.0837082866578683,-0.2550332136402016,False,False,,
2091,8.465204400000001,601711.0,2053.6211604095565,2054.494880546075,2161.1904350365976,1997.2819497883768,0.0820657720686796,-0.2524977047681496,False,False,,
2092,8.469252800000001,600488.0,2049.4470989761094,2053.6211604095565,2160.387709791413,1997.2819497883768,0.0816638632419014,-0.132408905594497,False,False,,
2093,8.473301200000002,601967.0,2054.494880546075,2052.211604095563,2159.049172173138,1997.2819497883768,0.080993683641862,-0.2493261088464553,False,False,,
2094,8.477349600000002,599874.0,2047.3515358361776,2049.4470989761094,2156.3557095617693,1997.2819497883768,0.0796451196037933,-0.2917436501987467,False,False,,
2095,8.481398,601298.0,2052.211604095563,2047.3515358361776,2154.3312127502736,1997.2819497883768,0.078631493654933,-0.7653306161837907,False,False,,
2096,8.4854464,596820.0,2036.9283276450512,2036.9283276450512,2143.9790947159217,1997.2819497883768,0.0734483906706755,-0.6655023440734382,False,False,,
2097,8.489494800000001,596032.0,2034.2389078498293,2036.4470989761091,2143.568980040081,1997.2819497883768,0.0732430542754388,-0.1575087899419873,False,False,,
2098,8.493543200000001,593786.0,2026.5733788395903,2034.2389078498293,2141.431926751222,1997.2819497883768,0.0721730735002731,-0.3301424485399504,False,False,,
2099,8.497591600000002,596679.0,2036.4470989761091,2030.9658703071673,2138.230050898296,1997.2819497883768,0.0705699568981004,-0.2317915038501077,False,False,,
2100,8.501640000000002,594721.0,2029.7645051194536,2030.3481228668943,2137.683489008071,1997.2819497883768,0.0702963040518994,-0.0654833603982645,False,False,,
2101,8.505688400000002,594892.0,2030.3481228668943,2029.7645051194536,2137.171080678991,1997.2819497883768,0.0700397512256277,-0.0331901867198514,False,False,,
2102,8.5097368,594693.0,2029.6689419795223,2029.6689419795223,2137.1467508337355,1997.2819497883768,0.070027569748066,-0.1885179711198716,False,False,,
2103,8.513785200000001,595073.0,2030.9658703071673,2026.5733788395903,2134.1224448728008,1997.2819497883768,0.0685133589170639,-0.6089210352831742,False,False,,
2104,8.517833600000001,589633.0,2012.3993174061432,2019.679180887372,2127.299527991909,1997.2819497883768,0.0650972579095849,-0.5593219883937621,False,False,,
2105,8.521882000000002,590964.0,2016.9419795221845,2017.3856655290103,2125.0773176052144,1997.2819497883768,0.0639846406414369,-0.1604398277371448,False,False,,
2106,8.525930400000002,586937.0,2003.19795221843,2016.9419795221845,2124.70496047841,1997.2819497883768,0.0637982087123627,-0.2995169739241694,False,False,,
2107,8.529978800000002,588066.0,2007.051194539249,2012.3993174061432,2120.233651158761,1997.2819497883768,0.0615595116069675,-0.5409520101749994,False,False,,
2108,8.5340272,591094.0,2017.3856655290103,2008.051194539249,2115.956905012649,1997.2819497883768,0.0594182284763783,-0.3218820592840758,False,False,,
2109,8.5380756,591766.0,2019.679180887372,2007.051194539249,2115.0283056658423,1997.2819497883768,0.0589532969493574,-0.0962696442611239,False,False,,
2110,8.542124000000001,587861.0,2006.3515358361776,2006.3515358361776,2114.4000715564,1997.2819497883768,0.0586387524207248,-0.229437464934362,False,False,,
2111,8.546172400000001,586131.0,2000.4470989761091,2003.19795221843,2111.3179364807447,1997.2819497883768,0.0570955876832767,-0.2957033228321197,False,False,,
2112,8.550220800000002,588359.0,2008.051194539249,2001.4266211604097,2109.61807792131,1997.2819497883768,0.0562445017564175,-0.1612632943890855,False,False,,
2113,8.554269200000002,585885.0,1999.6075085324233,2000.4470989761091,2108.710052200121,1997.2819497883768,0.055789871041267,-0.1036444450434732,False,False,,
2114,8.5583176,585569.0,1998.529010238908,1999.6075085324233,2107.9419821921065,1997.2819497883768,0.0554053134137896,-0.109761848515661,False,False,,
2115,8.562366,586418.0,2001.4266211604097,1998.529010238908,2106.9350283148615,1997.2819497883768,0.0549011513062055,-0.6939375264583454,False,False,,
2116,8.566414400000001,582555.0,1988.2423208191128,1988.2423208191128,2096.7199072999765,1997.2819497883768,0.0497866400495613,-0.853486240925613,False,False,,
2117,8.570462800000001,579998.0,1979.5153583617748,1984.5836177474405,2093.1327966298963,1997.2819497883768,0.0479906439106785,-0.5307921068488719,False,False,,
2118,8.574511200000002,578117.0,1973.095563139932,1979.5153583617748,2088.136153650552,1997.2819497883768,0.0454889225188271,-0.3338821018158846,False,False,,
2119,8.578559600000002,579823.0,1978.9180887372013,1979.0409556313991,2087.7333913392754,1997.2819497883768,0.0452872673086955,-0.0280717415924653,False,False,,
2120,8.582608,579859.0,1979.0409556313991,1978.9180887372013,2087.6821888850045,1997.2819497883768,0.0452616312415011,-0.3587797296982922,False,False,,
2121,8.5866564,581483.0,1984.5836177474405,1973.095563139932,2081.931351756545,1997.2819497883768,0.0423822995932735,-0.4056292354278223,False,False,,
2122,8.590704800000001,576506.0,1967.5972696245733,1972.2150170648465,2081.1225181872105,1997.2819497883768,0.0419773324480889,-0.3167753918132483,False,False,,
2123,8.594753200000001,577859.0,1972.2150170648465,1967.829351535836,2076.8085892089493,1997.2819497883768,0.0398174326008399,-0.2766734499518399,False,False,,
2124,8.598801600000002,575486.0,1964.1160409556312,1967.5972696245733,2076.648267901497,1997.2819497883768,0.0397371628585187,-0.1745236308657523,False,False,,
2125,8.602850000000002,575705.0,1964.863481228669,1964.863481228669,2073.9862641705304,1997.2819497883768,0.0384043496664459,-0.2063887815452298,False,False,,
2126,8.606898400000002,576574.0,1967.829351535836,1964.1160409556312,2073.310632631624,1997.2819497883768,0.0380660741721031,-0.0797574854896634,False,False,,
2127,8.6109468,572515.0,1953.976109215017,1963.4300341296928,2072.696458617081,1997.2819497883768,0.0377585692579333,-0.3062081507769472,False,False,,
2128,8.614995200000001,575285.0,1963.4300341296928,1959.0204778156997,2068.358759199821,1997.2819497883768,0.0355867680168919,-0.4273462632377631,False,False,,
2129,8.619043600000001,572681.0,1954.542662116041,1956.3754266211604,2065.785588995428,1997.2819497883768,0.0342984320337495,-0.2680026484883369,False,False,,
2130,8.623092000000002,571653.0,1951.0341296928327,1954.542662116041,2064.0247295819463,1997.2819497883768,0.0334168041726114,-0.1394719236552504,False,False,,
2131,8.627140400000002,573993.0,1959.0204778156997,1953.976109215017,2063.530105882133,1997.2819497883768,0.0331691557622976,-0.208059280803222,False,False,,
2132,8.631188800000002,571334.0,1949.9453924914676,1951.0341296928327,2060.660079678816,1997.2819497883768,0.0317321897878038,-0.1983481264739306,False,False,,
2133,8.6352372,573218.0,1956.3754266211604,1950.6245733788396,2060.322500809433,1997.2819497883768,0.0315631706518632,-0.0584208499462919,False,False,,
2134,8.639285600000001,571533.0,1950.6245733788396,1949.9453924914676,2059.715321500504,1997.2819497883768,0.0312591678499586,-0.093029605207108,False,False,,
2135,8.643334000000001,571050.0,1948.976109215017,1948.976109215017,2058.818063944421,1997.2819497883768,0.0308099285444222,-0.500769805623126,False,False,,
2136,8.647382400000001,568919.0,1941.703071672355,1941.703071672355,2051.617076272146,1997.2819497883768,0.027204534887789,-0.6050241342389358,False,False,,
2137,8.651430800000002,564838.0,1927.774744027304,1939.0477815699655,2049.03386019826,1997.2819497883768,0.0259111691343161,-0.4133902901840698,False,False,,
2138,8.655479200000002,565811.0,1931.095563139932,1934.8737201365188,2044.931896959533,1997.2819497883768,0.0238573963862264,-0.4828218291178161,False,False,,
2139,8.6595276,564379.0,1926.20819112628,1931.095563139932,2041.2258623319856,1997.2819497883768,0.0220018573483154,-0.243280269100949,False,False,,
2140,8.663576,568141.0,1939.0477815699655,1930.7952218430032,2040.9976675865223,1997.2819497883768,0.0218876047033709,-0.1964247999028381,False,False,,
2141,8.667624400000001,561720.0,1917.133105802048,1927.774744027304,2038.0493605128215,1997.2819497883768,0.020411445028462,-0.2747203181468314,False,False,,
2142,8.671672800000001,565723.0,1930.7952218430032,1926.20819112628,2036.555002552441,1997.2819497883768,0.0196632492313995,-0.217101439841977,False,False,,
2143,8.675721200000002,563767.0,1924.1194539249148,1924.1194539249148,2034.5384844984776,1997.2819497883768,0.0186536180903494,-0.5060220597351095,False,False,,
2144,8.679769600000002,560512.0,1913.0102389078495,1917.8805460750852,2028.371820010924,1997.2819497883768,0.015566089818136,-0.4230775156563522,False,False,,
2145,8.683818,566918.0,1934.8737201365188,1917.133105802048,2027.696647323157,1997.2819497883768,0.0152280440615823,-0.2922252566155641,False,False,,
2146,8.6878664,559022.0,1907.924914675768,1913.0102389078495,2023.646072245345,1997.2819497883768,0.0132000003603707,-0.5604632480867155,False,False,,
2147,8.691914800000001,556864.0,1900.5597269624573,1907.924914675768,2018.6330640688896,1997.2819497883768,0.0106900852344735,-0.3968986713381983,False,False,,
2148,8.695963200000001,561939.0,1917.8805460750852,1906.4470989761091,2017.2275886722257,1997.2819497883768,0.0099863911982793,-0.1495483559576795,False,False,,
2149,8.700011600000002,557906.0,1904.1160409556312,1905.3617747440271,2016.214628998636,1997.2819497883768,0.0094792221059553,-0.0790555915392066,False,False,,
2150,8.704060000000002,558589.0,1906.4470989761091,1905.023890784983,2015.9491338617147,1997.2819497883768,0.0093462938847046,-0.0680781359654643,False,False,,
2151,8.708108400000002,558172.0,1905.023890784983,1904.1160409556312,2015.1136971262524,1997.2819497883768,0.00892800705467,-0.2075773315966593,False,False,,
2152,8.7121568,557146.0,1901.5221843003412,1901.5221843003412,2012.592277844756,1997.2819497883768,0.0076655817462334,-0.2109510834774856,False,False,,
2153,8.716205200000001,555263.0,1895.095563139932,1900.5597269624573,2011.702282168711,1997.2819497883768,0.0072199783219702,-0.3884387727442069,False,False,,
2154,8.720253600000001,558271.0,1905.3617747440271,1895.095563139932,2006.310604304214,1997.2819497883768,0.0045204706910779,-0.3595223013087191,False,False,,
2155,8.724302000000002,554212.0,1891.508532423208,1894.6006825938568,2005.8882340205028,1997.2819497883768,0.0043089981527335,-0.1288447075277404,False,False,,
2156,8.728350400000002,555118.0,1894.6006825938568,1892.866894197952,2004.226980199447,1997.2819497883768,0.0034772408631672,-0.182236641316911,False,False,,
2157,8.732398800000002,554610.0,1892.866894197952,1891.508532423208,2002.9411773201884,1997.2819497883768,0.0028334645153186,-0.4211390611857641,False,False,,
2158,8.7364472,551412.0,1881.9522184300345,1885.9112627986349,1997.416490919892,1997.2819497883768,6.73621125598164e-05,-0.4817065976916668,False,False,,
2159,8.740495600000001,551887.0,1883.5733788395903,1883.5733788395903,1995.151214522073,1997.2819497883768,-0.0010668174648698,-0.2358336016166683,False,False,,
2160,8.744544000000001,552572.0,1885.9112627986349,1881.9522184300345,1993.602686018851,1997.2819497883768,-0.0018421353930101,-0.3763880241659559,False,False,,
2161,8.748592400000001,548203.0,1871.0,1877.3412969283277,1989.0644207767505,1997.2819497883768,-0.004114356018937,-0.4046653363418262,False,False,,
2162,8.752640800000002,550061.0,1877.3412969283277,1875.2627986348125,1987.0586031042783,1997.2819497883768,-0.0051186296883028,-0.1959366440951072,False,False,,
2163,8.756689200000002,549452.0,1875.2627986348125,1874.0273037542663,1985.895813214381,1997.2819497883768,-0.0057008158388464,-0.0927315498640863,False,False,,
2164,8.7607376,549090.0,1874.0273037542663,1873.617747440273,1985.558986268813,1997.2819497883768,-0.0058694585012424,-0.1782026496809112,False,False,,
2165,8.764786,545499.0,1861.7713310580205,1871.0,1983.013992582916,1997.2819497883768,-0.007143687052783,-0.2875220818666275,False,False,,
2166,8.768834400000001,547565.0,1868.8225255972695,1868.8225255972695,1980.909296328688,1997.2819497883768,-0.0081974672937003,-0.1530819992907185,False,False,,
2167,8.772882800000001,548970.0,1873.617747440273,1868.3788395904437,1980.5384128726716,1997.2819497883768,-0.0083831613846402,-0.427018243933944,False,False,,
2168,8.776931200000002,547435.0,1868.3788395904437,1861.7713310580205,1974.0037313015457,1997.2819497883768,-0.0116549486111849,-0.4198396197597056,False,False,,
2169,8.780979600000002,545403.0,1861.4436860068256,1861.4436860068256,1973.7489376303213,1997.2819497883768,-0.0117825188179108,-0.1739666135761512,False,False,,
2170,8.785028,544632.0,1858.81228668942,1858.81228668942,1971.1904141197465,1997.2819497883768,-0.0130635214879876,-0.6813210562276926,False,False,,
2171,8.7890764,542048.0,1849.9931740614336,1850.2798634812289,1962.7308911534367,1997.2819497883768,-0.0172990391459757,-0.5363286086871555,False,False,,
2172,8.793124800000001,542132.0,1850.2798634812289,1849.9931740614336,1962.517126418767,1997.2819497883768,-0.017406066966806,-0.0490176048925996,False,False,,
2173,8.797173200000001,541857.0,1849.3412969283277,1849.3412969283277,1961.9381984222264,1997.2819497883768,-0.0176959248892701,-0.2948845661173851,False,False,,
2174,8.801221600000002,540608.0,1845.0784982935152,1845.0784982935152,1957.7483733836173,1997.2819497883768,-0.0197936883217455,-0.364949210350642,False,False,,
2175,8.805270000000002,539325.0,1840.6996587030717,1843.2935153583617,1956.0363885125064,1997.2819497883768,-0.0206508456556374,-0.1169657261048846,False,False,,
2176,8.809318400000002,538315.0,1837.2525597269623,1843.0409556313991,1955.8568513256296,1997.2819497883768,-0.0207407364128716,-0.1513633918381796,False,False,,
2177,8.8133668,540011.0,1843.0409556313991,1840.6996587030717,1953.5886014216376,1997.2819497883768,-0.0218764047666721,-0.3489005406505114,False,False,,
2178,8.817415200000001,540085.0,1843.2935153583617,1837.2525597269623,1950.214573962324,1997.2819497883768,-0.0235657143104104,-0.4166436616453186,False,False,,
2179,8.821463600000001,536027.0,1829.4436860068256,1833.8156996587031,1946.850809911532,1997.2819497883768,-0.0252498851662822,-0.4018673271859811,False,False,,
2180,8.825512000000002,537308.0,1833.8156996587031,1830.6075085324233,1943.7157393116056,1997.2819497883768,-0.0268195536851701,-0.2317602539441261,False,False,,
2181,8.829560400000002,536009.0,1829.382252559727,1829.9215017064848,1943.1028775291256,1997.2819497883768,-0.0271264015904171,-0.0629194628740847,False,False,,
2182,8.833608800000002,536167.0,1829.9215017064848,1829.4436860068256,1942.6982313982503,1997.2819497883768,-0.027328999992169,-0.0242947919853433,False,False,,
2183,8.8376572,534018.0,1822.5870307167236,1829.382252559727,1942.709992053484,1997.2819497883768,-0.0273231116621641,-0.0044533207061041,False,False,,
2184,8.841705600000001,532548.0,1817.5699658703072,1829.225255972696,1942.6262141105592,1997.2819497883768,-0.0273650576392623,-0.0006514354613371,False,False,,
2185,8.845754000000001,536368.0,1830.6075085324233,1829.225255972696,1942.6994573046688,1997.2819497883768,-0.0273283862048075,0.0090597723467711,False,False,,
2186,8.849802400000002,535963.0,1829.225255972696,1829.225255972696,1942.772725057013,1997.2819497883768,-0.0272917024745249,0.009062810062693,False,False,,
2187,8.853850800000002,533951.0,1822.358361774744,1829.225255972696,1942.8460173758265,1997.2819497883768,-0.0272550064442918,0.0090658487971402,False,False,,
2188,8.857899200000002,533490.0,1820.7849829351535,1829.225255972696,1942.919334269346,1997.2819497883768,-0.0272182981099842,0.0090688885504515,False,False,,
2189,8.8619476,533297.0,1820.1262798634812,1829.225255972696,1942.992675745811,1997.2819497883768,-0.0271815774674766,0.0090719293230043,False,False,,
2190,8.865996,532234.0,1816.4982935153585,1829.225255972696,1943.066041813465,1997.2819497883768,-0.0271448445126417,0.0945490863262223,False,False,,
2191,8.870044400000001,534345.0,1823.703071672355,1830.6075085324233,1944.5216850402796,1997.2819497883768,-0.0264160324253103,1.0180946678143377,False,False,,
2192,8.874092800000001,540744.0,1845.542662116041,1845.542662116041,1959.530253898667,1997.2819497883768,-0.018901535606282,1.3825762226826304,True,False,2192.0,10.0
2193,8.878141200000002,542905.0,1852.9180887372013,1852.8191126279864,1966.880144301315,1997.2819497883768,-0.0152215892654928,0.4651570976028638,False,False,,
2194,8.882189600000002,542876.0,1852.8191126279864,1852.9180887372013,1967.052584925419,1997.2819497883768,-0.0151352516184109,0.1148217947101624,False,False,,
2195,8.886238,543377.0,1854.529010238908,1854.529010238908,1968.7369955744575,1997.2819497883768,-0.0142919001580841,1.4564518796223125,False,False,,
2196,8.8902864,549763.0,1876.3242320819113,1876.3242320819113,1990.6057312054952,1997.2819497883768,-0.0033426520394823,1.379211653052128,False,False,,
2197,8.894334800000001,549869.0,1876.6860068259384,1876.6860068259384,1991.0410443865208,1997.2819497883768,-0.0031246992456508,0.5740696414218817,False,False,,
2198,8.898383200000001,552495.0,1885.6484641638224,1885.4607508532424,1999.8893515080515,1997.2819497883768,0.0013054750331826,0.5633092842821386,False,False,,
2199,8.902431600000002,552440.0,1885.4607508532424,1885.6484641638224,2000.1506525783552,1997.2819497883768,0.001436303367325,0.6150188987884642,False,False,,
2200,8.906480000000002,555311.0,1895.259385665529,1895.259385665529,2009.8351865135517,1997.2819497883768,0.0062851600528934,0.6070021572689049,False,False,,
2201,8.9105284,555328.0,1895.317406143345,1895.317406143345,2009.9668441068968,1997.2819497883768,0.0063510784343013,0.6494256971072581,False,False,,
2202,8.9145768,558345.0,1905.6143344709897,1905.6143344709897,2020.337434240387,1997.2819497883768,0.0115434300372329,0.8172112736124122,False,False,,
2203,8.918625200000001,559157.0,1908.3856655290103,1908.3856655290103,2023.1824518028468,1997.2819497883768,0.0129678746744867,0.2186844750141359,False,False,,
2204,8.922673600000001,561468.0,1916.2730375426625,1909.003412969283,2023.8739104544345,1997.2819497883768,0.0133140744945275,0.496847738148753,False,False,,
2205,8.926722000000002,559338.0,1909.003412969283,1916.2730375426625,2031.2172709542872,1997.2819497883768,0.0169907514407298,0.6859490847300931,False,False,,
2206,8.930770400000002,562545.0,1919.948805460751,1919.948805460751,2034.9667995222965,1997.2819497883768,0.0188680670437705,0.853945712531254,False,False,,
2207,8.934818800000002,565717.0,1930.774744027304,1929.9351535836176,2045.02693302682,1997.2819497883768,0.0239049790859534,0.678568550126899,False,False,,
2208,8.9388672,567737.0,1937.6689419795223,1930.774744027304,2045.940333592191,1997.2819497883768,0.0243623008804392,0.3290774503554625,False,False,,
2209,8.942915600000001,565471.0,1929.9351535836176,1935.1092150170648,2050.348639451962,1997.2819497883768,0.0265694533859919,0.4354482994026423,False,False,,
2210,8.946964000000001,566987.0,1935.1092150170648,1937.6689419795223,2052.9822260410506,1997.2819497883768,0.0278880386710428,0.1895813759272102,False,False,,
2211,8.951012400000002,567842.0,1938.0273037542663,1938.0273037542663,2053.414472207349,1997.2819497883768,0.0281044558705994,0.7724968002292147,False,False,,
2212,8.955060800000002,575145.0,1962.9522184300345,1950.013651877133,2065.4747294949957,1997.2819497883768,0.0341427907631391,1.5504198365585466,False,False,,
2213,8.959109200000002,576117.0,1966.269624573379,1962.9522184300345,2078.4872299942103,1997.2819497883768,0.0406578952032475,1.0143630188427668,False,False,,
2214,8.9631576,571354.0,1950.013651877133,1966.269624573379,2081.8785948737104,1997.2819497883768,0.0423558852541061,0.2965945646320218,False,False,,
2215,8.967206000000001,577191.0,1969.9351535836176,1967.6006825938568,2083.283636428497,1997.2819497883768,0.0430593620741593,0.235816038985436,False,False,,
2216,8.971254400000001,576507.0,1967.6006825938568,1969.9351535836176,2085.692115759036,1997.2819497883768,0.0442652405585635,0.4304046240105794,False,False,,
2217,8.975302800000001,578503.0,1974.4129692832764,1974.4129692832764,2090.243964614259,1997.2819497883768,0.0465442622338484,0.458688017999469,False,False,,
2218,8.979351200000002,582663.0,1988.6109215017063,1977.2047781569968,2093.1098314666497,1997.2819497883768,0.0479791457027019,0.3177115601797053,False,False,,
2219,8.983399600000002,582022.0,1986.4232081911264,1979.4027303754267,2095.38186649518,1997.2819497883768,0.0491167091943116,0.5239077441854301,False,False,,
2220,8.987448,579321.0,1977.2047781569968,1985.529010238908,2101.582254008517,1997.2819497883768,0.052221121925821,0.4432907870679923,False,False,,
2221,8.9914964,583139.0,1990.2354948805464,1986.4232081911264,2102.5505844586755,1997.2819497883768,0.0527059460390421,0.1997453940842737,False,False,,
2222,8.995544800000001,579965.0,1979.4027303754267,1988.6109215017063,2104.8124551236115,1997.2819497883768,0.0538384204326426,0.2449125690666704,False,False,,
2223,8.999593200000001,581760.0,1985.529010238908,1990.2354948805464,2106.5112107215573,1997.2819497883768,0.0546889541282612,0.9656418260448144,False,False,,
2224,9.003641600000002,587195.0,2004.0784982935152,2004.0784982935152,2120.4284212267194,1997.2819497883768,0.0616570291697628,0.8814370706833934,False,False,,
2225,9.007690000000002,591134.0,2017.5221843003412,2004.3412969283277,2120.765451835152,1997.2819497883768,0.061825773802171,0.4633556490354049,False,False,,
2226,9.0117384,587272.0,2004.3412969283277,2011.4232081911264,2127.92161996134,1997.2819497883768,0.0654087271888706,0.490583816309031,False,False,,
2227,9.0157868,590355.0,2014.863481228669,2012.1262798634812,2128.6989733952,1997.2819497883768,0.06579793284606,0.109224609185782,False,False,,
2228,9.0198352,591638.0,2019.2423208191128,2013.0409556313991,2129.6879558310866,1997.2819497883768,0.0662930970045261,0.1784511709367233,False,False,,
2229,9.0238836,589821.0,2013.0409556313991,2014.863481228669,2131.584813011139,1997.2819497883768,0.0672428162869006,0.2862993709641674,False,False,,
2230,9.027932000000002,589553.0,2012.1262798634812,2017.5221843003412,2134.3178725887624,1997.2819497883768,0.068611205751349,0.2799710378787576,False,False,,
2231,9.031980400000002,589347.0,2011.4232081911264,2019.2423208191128,2136.11239054501,1997.2819497883768,0.0695096857863974,0.2909485760672758,False,False,,
2232,9.036028800000002,594403.0,2028.679180887372,2022.0784982935152,2139.022974396773,1997.2819497883768,0.0709669581820507,0.4061834311277081,False,False,,
2233,9.0400772,593998.0,2027.296928327645,2025.6621160409557,2142.681023469821,1997.2819497883768,0.0727984717915516,0.3318979033715976,False,False,,
2234,9.0441256,593519.0,2025.6621160409557,2027.296928327645,2144.3902920387295,1997.2819497883768,0.073654269126069,0.1607417127441017,False,False,,
2235,9.048174,592469.0,2022.0784982935152,2028.112627986348,2145.2804729446316,1997.2819497883768,0.0740999652912981,0.0946870277817613,False,False,,
2236,9.052222400000002,594237.0,2028.112627986348,2028.679180887372,2145.9215320662047,1997.2819497883768,0.0744209310526124,0.446505795998025,False,False,,
2237,9.056270800000002,596309.0,2035.1843003412969,2035.1843003412969,2152.5011827224025,1997.2819497883768,0.0777152334203352,0.5965634439122471,False,False,,
2238,9.060319200000002,601178.0,2051.80204778157,2038.1774744027305,2155.5689129762095,1997.2819497883768,0.0792511859452814,0.5908682607003435,False,False,,
2239,9.0643676,597186.0,2038.1774744027305,2044.590443686007,2162.056463450339,1997.2819497883768,0.0824993755535722,0.5260798630700432,False,False,,
2240,9.068416,600358.0,2049.003412969283,2046.5358361774745,2164.076462139521,1997.2819497883768,0.0835107493805853,0.2821123953299924,False,False,,
2241,9.0724644,599065.0,2044.590443686007,2049.003412969283,2166.618670144289,1997.2819497883768,0.0847835831960803,0.3239028347899548,False,False,,
2242,9.0765128,599635.0,2046.5358361774745,2051.6245733788396,2169.314486790439,1997.2819497883768,0.0861333258533128,0.1822932601801365,False,False,,
2243,9.080561200000002,601126.0,2051.6245733788396,2051.80204778157,2169.5666424617866,1997.2819497883768,0.0862595752651069,0.1139170643321794,False,False,,
2244,9.084609600000002,601622.0,2053.3174061433447,2053.3174061433447,2171.1567071325953,1997.2819497883768,0.0870556895397977,0.2622863419220493,False,False,,
2245,9.088658,603086.0,2058.3139931740616,2055.8941979522183,2173.808230299316,1997.2819497883768,0.0883832553183808,0.3182169478035828,False,False,,
2246,9.0927064,609413.0,2079.9078498293516,2058.3139931740616,2176.3027819362187,1997.2819497883768,0.0896322285227733,0.208897598649079,False,False,,
2247,9.0967548,603323.0,2059.122866894198,2059.122866894198,2177.1864371370275,1997.2819497883768,0.0900746573951228,0.3975768941834516,False,False,,
2248,9.1008032,606539.0,2070.098976109215,2064.59385665529,2182.73223345281,1997.2819497883768,0.0928513291195981,0.6618110876600962,False,False,,
2249,9.104851600000002,602377.0,2055.8941979522183,2069.6757679180887,2187.8889763527236,1997.2819497883768,0.0954332094096894,0.3496753842963311,False,False,,
2250,9.108900000000002,604926.0,2064.59385665529,2070.098976109215,2188.3870412718006,1997.2819497883768,0.0956825807711689,0.5562936947852979,False,False,,
2251,9.1129484,606415.0,2069.6757679180887,2078.5221843003415,2196.885131290125,1997.2819497883768,0.0999374081976246,0.6156010620741323,False,False,,
2252,9.1169968,611045.0,2085.4778156996585,2079.9044368600685,2198.3422907847144,1997.2819497883768,0.1006669794505684,0.0949507301564249,False,False,,
2253,9.1210452,610808.0,2084.668941979522,2079.9078498293516,2198.4206358049423,1997.2819497883768,0.1007062052695552,0.2357223179757177,False,False,,
2254,9.1250936,609007.0,2078.5221843003415,2083.566552901024,2202.154296052063,1997.2819497883768,0.1025755759147543,0.2355143785378288,False,False,,
2255,9.129142000000002,609412.0,2079.9044368600685,2083.566552901024,2202.2292783604385,1997.2819497883768,0.1026131180897004,0.0774431359989797,False,False,,
2256,9.133190400000002,613562.0,2094.0682593856654,2084.668941979522,2203.406674888667,1997.2819497883768,0.1032026174983109,0.1274644317819504,False,False,,
2257,9.137238800000002,610485.0,2083.566552901024,2085.4778156996585,2204.290581208319,1997.2819497883768,0.1036451721009526,0.138864091364141,False,False,,
2258,9.1412872,611426.0,2086.778156996587,2086.764505119454,2205.652328385847,1997.2819497883768,0.1043269722732678,0.0896932061483823,False,False,,
2259,9.1453356,613253.0,2093.0136518771333,2086.778156996587,2205.7410631873654,1997.2819497883768,0.1043714000524944,0.0595165698006603,False,False,,
2260,9.149384,615107.0,2099.3412969283277,2087.5767918088736,2206.614806099128,1997.2819497883768,0.1048088660356298,0.0586754950260282,False,False,,
2261,9.153432400000002,611422.0,2086.764505119454,2087.5767918088736,2206.689939382137,1997.2819497883768,0.1048464838006212,0.345491752240596,False,False,,
2262,9.157480800000002,609421.0,2079.9351535836176,2093.0136518771333,2212.201957925381,1997.2819497883768,0.1076062436551717,0.3454948683467762,False,False,,
2263,9.161529200000002,616828.0,2105.2150170648465,2093.0136518771333,2212.277141600789,1997.2819497883768,0.1076438866506516,0.0092997990007095,False,False,,
2264,9.1655776,615709.0,2101.3959044368603,2093.0136518771333,2212.352350485069,1997.2819497883768,0.1076815422677206,0.2912619737944375,False,False,,
2265,9.169626,611660.0,2087.5767918088736,2097.5733788395905,2216.987311549132,1997.2819497883768,0.110002176600071,0.4005875416271838,False,False,,
2266,9.1736744,616830.0,2105.221843003413,2099.3412969283277,2218.8304889652545,1997.2819497883768,0.1109250194747678,0.1754033015930929,False,False,,
2267,9.177722800000002,618464.0,2110.7986348122868,2100.259385665529,2219.8238622640797,1997.2819497883768,0.1114223820524101,0.0964747708553748,False,False,,
2268,9.181771200000002,611161.0,2085.873720136519,2100.7508532423208,2220.390639645195,1997.2819497883768,0.1117061563994297,0.0795941173915988,False,False,,
2269,9.185819600000002,615376.0,2100.259385665529,2101.3959044368603,2221.1110258952212,1997.2819497883768,0.1120668397021064,0.064823936955257,False,False,,
2270,9.189868,612242.0,2089.563139931741,2101.6484641638226,2221.438945937301,1997.2819497883768,0.112231022852169,0.0249391409979047,False,False,,
2271,9.1939164,617669.0,2108.085324232082,2101.6484641638226,2221.514331520516,1997.2819497883768,0.1122687669389382,0.2302911902248094,False,False,,
2272,9.1979648,614589.0,2097.5733788395905,2105.221843003413,2225.1631212198945,1997.2819497883768,0.1140956445611813,0.3208335647593685,False,False,,
2273,9.2020132,615783.0,2101.6484641638226,2106.6860068259384,2226.7027211872546,1997.2819497883768,0.114866492146082,0.143979140410142,False,False,,
2274,9.206061600000002,623436.0,2127.767918088737,2107.3993174061434,2227.491493205818,1997.2819497883768,0.1152614148652543,0.0534430211129635,False,False,,
2275,9.210110000000002,615520.0,2100.7508532423208,2107.3993174061434,2227.566979946184,1997.2819497883768,0.1152992095994295,0.0517577732447982,False,False,,
2276,9.2141584,617716.0,2108.2457337883957,2108.085324232082,2228.328498822977,1997.2819497883768,0.1156804872036625,0.0616801223188065,False,False,,
2277,9.2182068,618136.0,2109.679180887372,2108.2457337883957,2228.564445749121,1997.2819497883768,0.1157986212138202,0.0274936080496424,False,False,,
2278,9.2222552,617259.0,2106.6860068259384,2108.3788395904435,2228.7731142484645,1997.2819497883768,0.1159030974493189,0.0175775226066452,False,False,,
2279,9.2263036,617755.0,2108.3788395904435,2108.3788395904435,2228.848702281718,1997.2819497883768,0.1159409428988617,0.089758798256371,False,False,,
2280,9.230352000000002,617468.0,2107.3993174061434,2109.679180887372,2230.2246569563526,1997.2819497883768,0.1166298564870411,0.1353481280022794,False,False,,
2281,9.234400400000002,619127.0,2113.061433447099,2110.4163822525597,2231.037497052197,1997.2819497883768,0.1170368296216707,0.0549422815621589,False,False,,
2282,9.238448800000002,621508.0,2121.1877133105804,2110.4163822525597,2231.1131611443043,1997.2819497883768,0.1170747131523936,0.0093592238521793,False,False,,
2283,9.2424972,620620.0,2118.156996587031,2110.4163822525597,2231.188850606367,1997.2819497883768,0.117112609385357,0.009362361973384,False,False,,
2284,9.2465456,618352.0,2110.4163822525597,2110.4163822525597,2231.2645654468915,1997.2819497883768,0.1171505183248197,0.0661371974227531,False,False,,
2285,9.250594,619636.0,2114.7986348122868,2111.334470989761,2232.2583944115877,1997.2819497883768,0.1176481090454496,0.1729302198629838,False,False,,
2286,9.254642400000002,617611.0,2107.8873720136517,2113.061433447099,2234.061122491903,1997.2819497883768,0.1185506997290064,0.1161616648657855,False,False,,
2287,9.258690800000002,620640.0,2118.225255972696,2113.061433447099,2234.136913518879,1997.2819497883768,0.1185886468135349,0.0093749249835024,False,False,,
2288,9.262739200000002,620247.0,2116.883959044369,2113.061433447099,2234.2127299583703,1997.2819497883768,0.1186266066216129,0.040190959284807,False,False,,
2289,9.2667876,618621.0,2111.334470989761,2113.5597269624573,2234.7868653342566,1997.2819497883768,0.118914064972672,-0.0974086694054641,False,True,2192.0,10.0
2290,9.270836,616196.0,2103.0580204778157,2111.334470989761,2232.637476651649,1997.2819497883768,0.1178379081071703,-0.1849901111031489,False,False,,
2291,9.2748844,616524.0,2104.1774744027302,2110.4163822525597,2231.795280642623,1997.2819497883768,0.1174162370410919,0.0093875048514711,False,False,,
2292,9.278932800000002,619273.0,2113.5597269624573,2111.334470989761,2232.789287554615,1997.2819497883768,0.1179139168564517,0.0661623487311722,False,False,,
2293,9.282981200000002,623792.0,2128.9829351535836,2111.334470989761,2232.865231184554,1997.2819497883768,0.1179519403462985,0.0093938011142427,False,False,,
2294,9.287029600000002,617490.0,2107.4744027303755,2111.334470989761,2232.9412002781764,1997.2819497883768,0.1179899765853135,-0.1138546128334958,False,False,,
2295,9.291078,617353.0,2107.006825938566,2109.3412969283277,2231.024020782586,1997.2819497883768,0.1170300823171088,-0.229294279397104,False,False,,
2296,9.2951264,619448.0,2114.156996587031,2107.4744027303755,2229.233146631239,1997.2819497883768,0.1161334266638913,-0.106039563907256,False,False,,
2297,9.2991748,616835.0,2105.2389078498295,2107.4744027303755,2229.3091921671494,1997.2819497883768,0.1161715011760645,0.0094064063113972,False,False,,
2298,9.3032232,618037.0,2109.3412969283277,2107.4744027303755,2229.385263200912,1997.2819497883768,0.1162095884545134,0.0094095602527133,False,False,,
2299,9.307271600000002,620104.0,2116.3959044368603,2107.4744027303755,2229.461359741076,1997.2819497883768,0.1162476885035186,-0.0195007508816544,False,False,,
2300,9.311320000000002,618939.0,2112.419795221843,2107.006825938566,2229.0699050043845,1997.2819497883768,0.1160516947747749,-0.1288200434160611,False,False,,
2301,9.3153684,616687.0,2104.7337883959044,2105.2389078498295,2227.3781344942736,1997.2819497883768,0.1152046583759879,-0.1311384054797564,False,False,,
2302,9.3194168,616328.0,2103.508532423208,2104.7337883959044,2226.949188151041,1997.2819497883768,0.1149898933332868,-0.0975787428159815,False,False,,
2303,9.3234652,613064.0,2092.3686006825938,2103.508532423208,2225.800130829665,1997.2819497883768,0.1144145828111554,-0.2647249644408838,False,False,,
2304,9.3275136,619136.0,2113.0921501706484,2100.3003412969283,2222.668163903896,1997.2819497883768,0.1128464682412017,-0.3432313618246088,False,False,,
2305,9.331562000000002,613964.0,2095.4402730375427,2097.8054607508534,2220.24953311609,1997.2819497883768,0.1116355071207337,-0.259653510044691,False,False,,
2306,9.335610400000002,615388.0,2100.3003412969283,2095.948805460751,2218.469153150583,1997.2819497883768,0.1107441057010717,-0.1171934889481942,False,False,,
2307,9.339658800000002,614057.0,2095.7576791808874,2095.7576791808874,2218.3543277702156,1997.2819497883768,0.1106866148794179,-0.0220080391550574,False,False,,
2308,9.3437072,612754.0,2091.310580204778,2095.4402730375427,2218.1132481098407,1997.2819497883768,0.1105659110096411,-0.2001287097787152,False,False,,
2309,9.3477556,614657.0,2097.8054607508534,2092.3686006825938,2215.1179278299146,1997.2819497883768,0.1090662127420813,-0.245922786162632,False,False,,
2310,9.351804,608361.0,2076.3174061433447,2091.310580204778,2214.1362850277555,1997.2819497883768,0.1085747233946393,-0.2805313599883821,False,False,,
2311,9.355852400000002,611142.0,2085.8088737201365,2087.679180887372,2210.581288995223,1997.2819497883768,0.1067948064265272,-0.3307574254082226,False,False,,
2312,9.359900800000002,614113.0,2095.948805460751,2085.8088737201365,2208.7874107306657,1997.2819497883768,0.1058966466725939,-0.4993809678731615,False,False,,
2313,9.363949200000002,611690.0,2087.679180887372,2079.4505119453925,2202.505503484994,1997.2819497883768,0.1027514186058515,-0.561214627061263,False,False,,
2314,9.3679976,607343.0,2072.843003412969,2076.580204778157,2199.711676481816,1997.2819497883768,0.1013526040802041,-0.1752061309199817,False,False,,
2315,9.372046,609279.0,2079.4505119453925,2076.4641638225257,2199.672141333824,1997.2819497883768,0.1013328096050194,-0.0067872949070721,False,False,,
2316,9.3760944,607993.0,2075.061433447099,2076.3174061433447,2199.6019151144624,1997.2819497883768,0.1012976487108005,-0.0772738860257042,False,False,,
2317,9.380142800000002,607368.0,2072.928327645051,2075.061433447099,2198.4224995388167,1997.2819497883768,0.1007071384046464,-0.2001001811973566,False,False,,
2318,9.384191200000002,606755.0,2070.8361774744026,2072.928327645051,2196.365976526754,1997.2819497883768,0.0996774775636817,-0.1277078171065238,False,False,,
2319,9.388239600000002,608404.0,2076.4641638225257,2072.843003412969,2196.357260762649,1997.2819497883768,0.0996731137510983,-0.0711439918050231,False,False,,
2320,9.392288,608438.0,2076.580204778157,2071.6245733788396,2195.2154648830974,1997.2819497883768,0.0991014388908351,-0.1146165373152339,False,False,,
2321,9.3963364,602752.0,2057.174061433447,2070.8361774744026,2194.5037288284525,1997.2819497883768,0.0987450865717645,-0.6907722096436117,False,False,,
2322,9.4003848,603668.0,2060.3003412969283,2060.3003412969283,2184.0445782046004,1997.2819497883768,0.0935083944637923,-0.8030461395877282,False,False,,
2323,9.4044332,606986.0,2071.6245733788396,2057.6962457337886,2181.517193907531,1997.2819497883768,0.0922429825887501,-0.1838304800171766,False,False,,
2324,9.408481600000002,602905.0,2057.6962457337886,2057.174061433447,2181.071746594329,1997.2819497883768,0.0920199558331891,-0.0590984044163711,False,False,,
2325,9.412530000000002,602580.0,2056.5870307167233,2056.5870307167233,2180.561478594438,1997.2819497883768,0.0917644746278716,-0.1994416085023385,False,False,,
2326,9.4165784,601762.0,2053.795221843003,2053.795221843003,2177.8464581758717,1997.2819497883768,0.0904051170174681,-0.2074582183423849,False,False,,
2327,9.4206268,601552.0,2053.078498293515,2053.078498293515,2177.206548828488,1997.2819497883768,0.0900847269255977,-0.2608499746960628,False,False,,
2328,9.4246752,599777.0,2047.0204778156997,2049.4232081911264,2173.628098683787,1997.2819497883768,0.0882930669423489,-0.2950364349593002,False,False,,
2329,9.4287236,600481.0,2049.4232081911264,2048.1535836177472,2172.435339832314,1997.2819497883768,0.0876958759190191,-0.1390693687093165,False,False,,
2330,9.432772000000002,600109.0,2048.1535836177472,2047.0204778156997,2171.3791255250326,1997.2819497883768,0.0871670500777832,-0.71585817302776,False,False,,
2331,9.436820400000002,595732.0,2033.2150170648465,2036.4232081911264,2160.858773176724,1997.2819497883768,0.0818997154636475,-0.7498335828872609,False,False,,
2332,9.440868800000002,595078.0,2030.9829351535836,2034.740614334471,2159.2531223864776,1997.2819497883768,0.0810957975238612,-0.1888669403685678,False,False,,
2333,9.4449172,596672.0,2036.4232081911264,2033.2150170648465,2157.804493982053,1997.2819497883768,0.0803704976208715,-0.2228423480891361,False,False,,
2334,9.4489656,596179.0,2034.740614334471,2030.9829351535836,2155.6494067434323,1997.2819497883768,0.0792914875998532,-0.2941731087949222,False,False,,
2335,9.453014,593176.0,2024.491467576792,2028.3037542662116,2153.047246344797,1997.2819497883768,0.0779886367935806,-0.3918847681869408,False,False,,
2336,9.457062400000002,594293.0,2028.3037542662116,2024.491467576792,2149.3120059688645,1997.2819497883768,0.076118475008797,-0.2884684467645559,False,False,,
2337,9.461110800000002,591423.0,2018.508532423208,2023.4846416382252,2148.382252177195,1997.2819497883768,0.0756529654738172,-0.0744633924917792,False,False,,
2338,9.465159200000002,592661.0,2022.7337883959044,2023.133105802048,2148.1078143299865,1997.2819497883768,0.0755155598124695,-0.0368937947191465,False,False,,
2339,9.4692076,592066.0,2020.703071672355,2022.7337883959044,2147.7856207635486,1997.2819497883768,0.0753542437967352,-0.1407258185696278,False,False,,
2340,9.473256,592778.0,2023.133105802048,2020.703071672355,2145.832053739109,1997.2819497883768,0.0743761310046747,-0.2517334460818095,False,False,,
2341,9.4773044,588810.0,2009.590443686007,2018.508532423208,2143.7146900571465,1997.2819497883768,0.0733160084304999,-0.4264773263332255,False,False,,
2342,9.481352800000002,592881.0,2023.4846416382252,2013.6518771331057,2138.9352362109767,1997.2819497883768,0.0709230293888196,-0.316518535339414,False,False,,
2343,9.485401200000002,587476.0,2005.037542662116,2013.2354948805464,2138.5960812877743,1997.2819497883768,0.0707532211535636,-0.2415935781490503,False,False,,
2344,9.489449600000002,589878.0,2013.2354948805464,2009.590443686007,2135.028283316696,1997.2819497883768,0.0689668945052623,-0.4152822191906153,False,False,,
2345,9.493498,587241.0,2004.2354948805464,2006.365187713311,2131.880306470247,1997.2819497883768,0.0673907640812214,-0.2719779676838492,False,False,,
2346,9.4975464,590000.0,2013.6518771331057,2005.037542662116,2130.6299664567714,1997.2819497883768,0.0667647432965204,-0.1221312519630171,False,False,,
2347,9.5015948,587865.0,2006.365187713311,2004.2354948805464,2129.9052496330796,1997.2819497883768,0.0664018917603272,-0.3029954945153745,False,False,,
2348,9.505643200000002,585971.0,1999.901023890785,1999.9829351535836,2125.7300467928453,1997.2819497883768,0.0643114493765282,-0.2584613284730634,False,False,,
2349,9.509691600000002,583804.0,1992.5051194539249,1999.901023890785,2125.7255183543184,1997.2819497883768,0.0643091820759463,-0.0343259958129253,False,False,,
2350,9.513740000000002,585995.0,1999.9829351535836,1999.2730375426625,2125.1749407767093,1997.2819497883768,0.0640335186536301,-0.3226132589477899,False,False,,
2351,9.5177884,585787.0,1999.2730375426625,1994.529010238908,2120.508348198409,1997.2819497883768,0.0616970470408991,-0.4089283524705234,False,False,,
2352,9.5218368,584397.0,1994.529010238908,1992.5051194539249,2118.561918102523,1997.2819497883768,0.0607225075693478,-0.40512629134835,False,False,,
2353,9.5258852,581929.0,1986.1058020477817,1987.8225255972695,2113.956810907314,1997.2819497883768,0.0584168204851096,-0.3861288308897705,False,False,,
2354,9.5299336,582432.0,1987.8225255972695,1986.1058020477817,2112.317600000329,1997.2819497883768,0.0575960996513993,-0.4804637147079882,False,False,,
2355,9.533982000000002,580110.0,1979.8976109215016,1979.8976109215016,2106.1869475063213,1997.2819497883768,0.0545266018798617,-0.4146137741270994,False,False,,
2356,9.538030400000002,579919.0,1979.245733788396,1979.245733788396,2105.6126350039704,1997.2819497883768,0.0542390548450468,-0.0516093776109327,False,False,,
2357,9.542078800000002,579820.0,1978.9078498293516,1978.9078498293516,2105.3523416828807,1997.2819497883768,0.0541087310712214,-0.4749668399589986,False,False,,
2358,9.5461272,577623.0,1971.409556313993,1971.409556313993,2097.9316648213976,1997.2819497883768,0.0503933433352689,-0.7767611151500411,False,False,,
2359,9.5501756,573774.0,1958.2730375426625,1966.1911262798635,2092.7908774657863,1997.2819497883768,0.047819451674076,-0.3139313907190244,False,False,,
2360,9.554224,576094.0,1966.1911262798635,1966.1774744027305,2092.8548943005417,1997.2819497883768,0.0478515036508949,-0.2050278163423566,False,False,,
2361,9.558272400000002,575077.0,1962.7201365187711,1962.7201365187711,2089.4752511705683,1997.2819497883768,0.0461593824507151,-0.4791749053505914,False,False,,
2362,9.562320800000002,572499.0,1953.9215017064848,1958.2730375426625,2085.1058729992756,1997.2819497883768,0.043971720277252,-0.265380871382181,False,False,,
2363,9.566369200000002,573328.0,1956.7508532423208,1958.2730375426625,2085.1836198636565,1997.2819497883768,0.0440106466113077,-0.0845101992295607,False,False,,
2364,9.5704176,576090.0,1966.1774744027305,1956.7508532423208,2083.739208495999,1997.2819497883768,0.0432874580961305,-0.2436365620580076,False,False,,
2365,9.574466,568846.0,1941.453924914676,1954.1774744027305,2081.243628666135,1997.2819497883768,0.0420379700956365,-0.1640685428083186,False,False,,
2366,9.5785144,571650.0,1951.023890784983,1953.9419795221845,2081.0859588811027,1997.2819497883768,0.04195902791872,-0.006202011999786,False,False,,
2367,9.582562800000002,572574.0,1954.1774744027305,1953.9215017064848,2081.14333225545,1997.2819497883768,0.0419877536448766,-0.1708155987330455,False,False,,
2368,9.586611200000002,572505.0,1953.9419795221845,1951.023890784983,2078.3235986272775,1997.2819497883768,0.0405759681788982,-0.7419060878324508,False,False,,
2369,9.590659600000002,568938.0,1941.7679180887371,1941.7679180887371,2069.145529336396,1997.2819497883768,0.0359806884329144,-0.5821401289945456,False,False,,
2370,9.594708,573886.0,1958.655290102389,1941.453924914676,2068.90946568849,1997.2819497883768,0.0358624959824539,-0.4690155998433538,False,False,,
2371,9.5987564,564445.0,1926.433447098976,1934.0273037542663,2061.5608001837836,1997.2819497883768,0.0321831629241018,-0.7566696987099246,False,False,,
2372,9.6028048,565215.0,1929.061433447099,1929.061433447099,2056.672911670629,1997.2819497883768,0.0297358927659389,-0.3001713761608546,False,False,,
2373,9.606853200000002,563977.0,1924.8361774744028,1929.0170648464164,2056.7065510110333,1997.2819497883768,0.0297527353256024,-0.1528571976740642,False,False,,
2374,9.610901600000002,565202.0,1929.0170648464164,1926.433447098976,2054.2009673605207,1997.2819497883768,0.0284982386078115,-0.2488804374569468,False,False,,
2375,9.614950000000002,561196.0,1915.344709897611,1924.8361774744028,2052.681757997486,1997.2819497883768,0.0277376001996008,-0.2398021715251821,False,False,,
2376,9.6189984,566670.0,1934.0273037542663,1922.3993174061432,2050.3229843641484,1997.2819497883768,0.0265566083854069,-0.27251124972247,False,False,,
2377,9.6230468,559568.0,1909.7883959044368,1920.2730375426625,2048.274817117749,1997.2819497883768,0.0255311311128483,-0.2345195154867019,False,False,,
2378,9.6270952,562106.0,1918.4505119453925,1918.4505119453925,2046.5304303284995,1997.2819497883768,0.024657750772414,-0.2381040781813945,False,False,,
2379,9.6311436,561466.0,1916.2662116040956,1916.2662116040956,2044.424294994943,1997.2819497883768,0.0236032500126291,-0.1823843771371747,False,False,,
2380,9.635192000000002,560938.0,1914.4641638225255,1915.344709897611,2043.5809845047036,1997.2819497883768,0.0231810209476096,-0.101761105636223,False,False,,
2381,9.639240400000002,562640.0,1920.2730375426625,1914.4641638225255,2042.7786558631556,1997.2819497883768,0.0227793106925137,-0.0563827151229672,False,False,,
2382,9.643288800000002,559891.0,1910.8907849829352,1914.2764505119453,2042.669186212196,1997.2819497883768,0.0227245013798019,-0.2112881144739455,False,False,,
2383,9.6473372,563263.0,1922.3993174061432,1910.8907849829352,2039.3617905776832,1997.2819497883768,0.021068553087242,-0.267845518444826,False,False,,
2384,9.6513856,560883.0,1914.2764505119453,1909.7883959044368,2038.337697637355,1997.2819497883768,0.0205558097860587,-0.1325610182981114,False,False,,
2385,9.655434,558673.0,1906.7337883959044,1908.590443686007,2037.218067809568,1997.2819497883768,0.0199952330342858,-0.1791992017840056,False,False,,
2386,9.659482400000002,559217.0,1908.590443686007,1906.7337883959044,2035.439761171383,1997.2819497883768,0.0191048696890539,-0.3343156439798953,False,False,,
2387,9.663530800000002,557587.0,1903.0273037542663,1903.0273037542663,2031.8116514517428,1997.2819497883768,0.0172883461281091,-0.2978012292552714,False,False,,
2388,9.667579200000002,556564.0,1899.5358361774745,1901.7610921501707,2030.6238410485337,1997.2819497883768,0.0166936326960196,-0.2062034947496103,False,False,,
2389,9.6716276,557216.0,1901.7610921501707,1899.5358361774745,2028.4770125644231,1997.2819497883768,0.015618757671821,-0.545142043180239,False,False,,
2390,9.675676,554162.0,1891.3378839590443,1892.7883959044368,2021.8080260764857,1997.2819497883768,0.0122797266007975,-0.4972310764910956,False,False,,
2391,9.6797244,553562.0,1889.2901023890784,1891.3378839590443,2020.4359942215244,1997.2819497883768,0.0115927770916876,-0.2066158309513766,False,False,,
2392,9.683772800000002,554587.0,1892.7883959044368,1889.2901023890784,2018.4667190561408,1997.2819497883768,0.0106067995407503,-0.2184312191293838,False,False,,
2393,9.687821200000002,552616.0,1886.061433447099,1887.6484641638224,2016.9036135584413,1997.2819497883768,0.0098241831966407,-0.1899365913880704,False,False,,
2394,9.691869600000002,552106.0,1884.320819112628,1886.061433447099,2015.3951419010743,1997.2819497883768,0.0090689209475993,-0.1960537030356122,False,False,,
2395,9.695918,553081.0,1887.6484641638224,1884.320819112628,2013.7331129665893,1997.2819497883768,0.0082367755739022,-0.1639712707435807,False,False,,
2396,9.6999664,551793.0,1883.2525597269623,1883.2525597269623,2012.7434653303708,1997.2819497883768,0.007741278362643,-0.5938711538951578,False,False,,
2397,9.7040148,548706.0,1872.716723549488,1874.5597269624573,2004.1292706736083,1997.2819497883768,0.0034283196150435,-0.5582009170509459,False,False,,
2398,9.708063200000002,549102.0,1874.0682593856657,1874.0682593856657,2003.7164675716936,1997.2819497883768,0.0032216371774646,-0.1042351325741959,False,False,,
2399,9.712111600000002,547651.0,1869.1160409556312,1872.716723549488,2002.4436225863683,1997.2819497883768,0.0025843485936167,-0.2964958674395398,False,False,,
2400,9.716160000000002,545458.0,1861.6313993174065,1869.1160409556312,1998.921657228182,1997.2819497883768,0.0008209694379799,-0.4279750081720445,False,False,,
2401,9.7202084,549246.0,1874.5597269624573,1865.6382252559729,1995.5225851578589,1997.2819497883768,-0.0008808794525501,-0.3935710501411676,False,False,,
2402,9.7242568,546632.0,1865.6382252559729,1862.5938566552904,1992.5569865890268,1997.2819497883768,-0.0023656966408024,-0.2380259993336052,False,False,,
2403,9.7283052,544423.0,1858.098976109215,1861.6313993174065,1991.6733256943612,1997.2819497883768,-0.0028081283639546,-0.0900786465610125,False,False,,
2404,9.7323536,545740.0,1862.5938566552904,1860.9795221843003,1991.100271424697,1997.2819497883768,-0.0030950454262777,-0.2086839038328448,False,False,,
2405,9.736402000000002,543486.0,1854.901023890785,1858.098976109215,1988.2985746421357,1997.2819497883768,-0.0044978001965085,-0.2561662542653531,False,False,,
2406,9.740450400000002,544007.0,1856.679180887372,1856.679180887372,1986.9576551507596,1997.2819497883768,-0.0051691723538135,-0.1557045177671993,False,False,,
2407,9.744498800000002,545267.0,1860.9795221843003,1855.4232081911264,1985.7805846317892,1997.2819497883768,-0.005758508535966,-0.1001958333576419,False,False,,
2408,9.7485472,543376.0,1854.5255972696243,1854.901023890785,1985.337328964399,1997.2819497883768,-0.0059804379773437,-0.0457423838414996,False,False,,
2409,9.7525956,543639.0,1855.4232081911264,1854.5255972696243,1985.0408574407356,1997.2819497883768,-0.0061288754694538,-0.1924169129717535,False,False,,
2410,9.756644,542007.0,1849.8532423208192,1851.6313993174065,1982.2256410594343,1997.2819497883768,-0.0075383992382935,-0.2582603641504674,False,False,,
2411,9.760692400000002,540526.0,1844.7986348122868,1850.1911262798635,1980.8643760751047,1997.2819497883768,-0.0082199579859074,-0.1001827370979234,False,False,,
2412,9.764740800000002,540359.0,1844.2286689419795,1849.8532423208192,1980.605526660449,1997.2819497883768,-0.0083495588240281,-0.3236784430252697,False,False,,
2413,9.768789200000002,539789.0,1842.283276450512,1844.7986348122868,1975.6299801963632,1997.2819497883768,-0.0108407176033946,-0.3380263745842238,False,False,,
2414,9.7728376,542106.0,1850.1911262798635,1844.2286689419795,1975.139101879446,1997.2819497883768,-0.0110864907737622,-0.1457590981511429,False,False,,
2415,9.776886,542528.0,1851.6313993174065,1842.283276450512,1973.2728234592005,1997.2819497883768,-0.0120208998693049,-0.923675790064199,False,False,,
2416,9.7809344,535248.0,1826.7849829351535,1829.133105802048,1960.2017934086812,1997.2819497883768,-0.0185653089107545,-0.8455850455780418,False,False,,
2417,9.784982800000002,535576.0,1827.904436860068,1828.4505119453925,1959.598366685588,1997.2819497883768,-0.0188674328663417,-0.066184460864489,False,False,,
2418,9.789031200000002,535936.0,1829.133105802048,1827.904436860068,1959.131485278341,1997.2819497883768,-0.0191011912534821,-0.093195218807542,False,False,,
2419,9.793079600000002,534605.0,1824.590443686007,1826.7849829351535,1958.0912515849184,1997.2819497883768,-0.0196220159139827,-0.1951277309582568,False,False,,
2420,9.797128,535736.0,1828.4505119453925,1824.590443686007,1955.9759591295824,1997.2819497883768,-0.0206811014655045,-0.5346993870142489,False,False,,
2421,9.8011764,532668.0,1817.9795221843003,1817.9795221843003,1949.4443109929111,1997.2819497883768,-0.02395136991076,-0.4399359083773726,False,False,,
2422,9.8052248,530930.0,1812.0477815699655,1817.317406143345,1948.8614948971249,1997.2819497883768,-0.0242431745284546,-0.0311341979369088,False,False,,
2423,9.809273200000002,531696.0,1814.6621160409557,1817.317406143345,1948.94082143134,1997.2819497883768,-0.0242034572846155,0.0098122474010833,False,False,,
2424,9.813321600000002,530795.0,1811.5870307167236,1817.317406143345,1949.0201745635163,1997.2819497883768,-0.0241637267236975,0.0098155374197492,False,False,,
2425,9.817370000000002,531122.0,1812.703071672355,1817.317406143345,1949.0995543025729,1997.2819497883768,-0.0241239828412353,0.0098188285415417,False,False,,
2426,9.8214184,530260.0,1809.7610921501707,1817.317406143345,1949.1789606574296,1997.2819497883768,-0.0240842256327624,0.0098221207668229,False,False,,
2427,9.8254668,532212.0,1816.4232081911264,1817.317406143345,1949.2583936370115,1997.2819497883768,-0.0240444550938105,0.0098254140959852,False,False,,
2428,9.8295152,531934.0,1815.4744027303757,1817.317406143345,1949.3378532502456,1997.2819497883768,-0.02400467121991,0.0098287085293864,False,False,,
2429,9.833563600000002,532474.0,1817.317406143345,1817.317406143345,1949.417339506062,1997.2819497883768,-0.0239648740065898,0.2001965767104376,False,False,,
2430,9.837612000000002,533376.0,1820.39590443686,1820.39590443686,1952.5753507069096,1997.2819497883768,-0.0223837195776008,0.7050247710941342,False,False,,
2431,9.841660400000002,535768.0,1828.5597269624573,1828.5597269624573,1960.8187128002903,1997.2819497883768,-0.0182564294399944,1.1174142938366447,True,False,2431.0,11.0
2432,9.8457088,541747.0,1848.9658703071673,1838.307167235495,1970.645719310503,1997.2819497883768,-0.013336239523266,1.2716930944668023,False,False,,
2433,9.8497572,538624.0,1838.307167235495,1848.9658703071673,1981.384015297683,1997.2819497883768,-0.0079597847927169,0.7250841514717157,False,False,,
2434,9.8538056,545277.0,1861.013651877133,1849.8737201365188,1982.3714847298208,1997.2819497883768,-0.0074653781656294,0.1360547227748859,False,False,,
2435,9.857854,542013.0,1849.8737201365188,1851.0068259385664,1983.5842368308809,1997.2819497883768,-0.0068581769133531,0.6987098549553312,False,False,,
2436,9.861902400000002,542345.0,1851.0068259385664,1861.013651877133,1993.6707357736373,1997.2819497883768,-0.0018080642120267,1.0186607104830587,False,False,,
2437,9.865950800000002,547125.0,1867.320819112628,1867.320819112628,2000.057602727454,1997.2819497883768,0.0013897151272866,0.6632605333515733,False,False,,
2438,9.869999200000002,554041.0,1890.924914675768,1871.580204778157,2004.3967148343936,1997.2819497883768,0.0035622236744146,1.4694641354076623,False,False,,
2439,9.8740476,548373.0,1871.580204778157,1890.924914675768,2023.8211779054643,1997.2819497883768,0.0132876723388502,1.5678154363044765,False,False,,
2440,9.878096,556006.0,1897.6313993174065,1896.774744027304,2029.7507871714724,1997.2819497883768,0.0162565116990799,0.4245760721686484,False,False,,
2441,9.8821444,556222.0,1898.3686006825935,1897.6313993174065,2030.6872491260256,1997.2819497883768,0.0167253798799856,0.1084306783088648,False,False,,
2442,9.886192800000002,555755.0,1896.774744027304,1898.3686006825935,2031.5042839146113,1997.2819497883768,0.0171344532152111,0.0860629852470924,False,False,,
2443,9.890241200000002,556367.0,1898.863481228669,1898.863481228669,2032.0790246520048,1997.2819497883768,0.0174222146589343,0.7310265335359674,False,False,,
2444,9.894289600000002,564065.0,1925.136518771331,1910.0307167235496,2043.326147115098,1997.2819497883768,0.0230534288519456,0.8504825597851702,False,False,,
2445,9.898338,560350.0,1912.457337883959,1912.457337883959,2045.8326820295945,1997.2819497883768,0.0243084018490038,0.6945219936869895,False,False,,
2446,9.9023864,559639.0,1910.0307167235496,1921.1023890784984,2054.5576737730744,1997.2819497883768,0.0286768345304309,0.7939285383427941,False,False,,
2447,9.9064348,562883.0,1921.1023890784984,1925.136518771331,2058.671770818687,1997.2819497883768,0.0307366824382582,0.4469702602296448,False,False,,
2448,9.910483200000002,564954.0,1928.170648464164,1928.170648464164,2061.7858946771257,1997.2819497883768,0.0322958633334586,0.7126819991734421,False,False,,
2449,9.914531600000002,567395.0,1936.5017064846415,1936.5017064846415,2070.196973685025,1997.2819497883768,0.0365071260491661,0.5373050953003577,False,False,,
2450,9.918580000000002,568970.0,1941.8771331058024,1936.6996587030717,2070.474973721686,1997.2819497883768,0.0366463152290868,0.3423008031210983,False,False,,
2451,9.9226284,567453.0,1936.6996587030717,1941.8771331058024,2075.7325227824545,1997.2819497883768,0.0392786671918755,0.7707299351002961,False,False,,
2452,9.9266768,571058.0,1949.003412969283,1949.003412969283,2082.9389041527784,1997.2819497883768,0.0428867613676064,0.4619712053965132,False,False,,
2453,9.9307252,571242.0,1949.6313993174065,1949.18771331058,2083.203332858725,1997.2819497883768,0.0430191556477302,0.0487441137705904,False,False,,
2454,9.934773600000002,571112.0,1949.18771331058,1949.6313993174065,2083.7271740970136,1997.2819497883768,0.0432814327079841,0.227293366596804,False,False,,
2455,9.938822000000002,575384.0,1963.7679180887371,1952.703071672355,2086.8790285592468,1997.2819497883768,0.0448595045783914,0.2743602161507787,False,False,,
2456,9.942870400000002,572495.0,1953.9078498293516,1953.9078498293516,2088.16401570836,1997.2819497883768,0.0455028725061139,0.6941364185798475,False,False,,
2457,9.9469188,572142.0,1952.703071672355,1963.7679180887371,2098.104319853709,1997.2819497883768,0.0504797883323459,0.7629411317628696,False,False,,
2458,9.9509672,576063.0,1966.0853242320816,1966.0853242320816,2100.5019887858816,1997.2819497883768,0.051680254261769,0.7133483679537012,False,False,,
2459,9.9550156,578717.0,1975.1433447098975,1975.1433447098975,2109.6402989644102,1997.2819497883768,0.0562556273979939,0.7741332898419415,False,False,,
2460,9.959064,581145.0,1983.4300341296928,1978.4436860068256,2113.0209568829596,1997.2819497883768,0.0579482566829616,0.5223573125311383,False,False,,
2461,9.963112400000002,582692.0,1988.7098976109216,1983.4300341296928,2118.087648557382,1997.2819497883768,0.0604850500860963,0.3725171329960552,False,False,,
2462,9.967160800000002,579684.0,1978.4436860068256,1984.307167235495,2119.045152153705,1997.2819497883768,0.0609644534054043,0.3364313943279251,False,False,,
2463,9.971209200000002,581402.0,1984.307167235495,1988.7098976109216,2123.528279967649,1997.2819497883768,0.0632090677996908,0.3345353028615339,False,False,,
2464,9.9752576,582940.0,1989.5563139931744,1989.5563139931744,2124.4551207454515,1997.2819497883768,0.063673118845614,0.7241317648994459,False,False,,
2465,9.979306,587975.0,2006.740614334471,2000.259385665529,2135.2386437794275,1997.2819497883768,0.06907221787373,0.8592053072046566,False,False,,
2466,9.9833544,586076.0,2000.259385665529,2003.2901023890784,2138.34983883971,1997.2819497883768,0.0706299323769891,0.4107333480140571,False,False,,
2467,9.987402800000002,586964.0,2003.2901023890784,2006.740614334471,2141.8808561059946,1997.2819497883768,0.0723978436459304,0.3917424379782872,False,False,,
2468,9.991451200000002,589749.0,2012.7952218430032,2009.4641638225255,2144.684937908145,1997.2819497883768,0.0738017925488119,0.3843591249545781,False,False,,
2469,9.995499600000002,588773.0,2009.4641638225255,2012.7952218430032,2148.0965552449757,1997.2819497883768,0.0755099226088629,0.4044119487972679,False,False,,
2470,9.999548,592667.0,2022.754266211604,2015.8430034129692,2151.2249231426035,1997.2819497883768,0.0770762352158332,0.2307234459478842,False,False,,
2471,10.0035964,590795.0,2016.365187713311,2016.365187713311,2151.827720790973,1997.2819497883768,0.0773780442060129,0.4373419951086177,False,False,,
2472,10.0076448,590642.0,2015.8430034129692,2022.754266211604,2158.297439666722,1997.2819497883768,0.0806173058818289,0.5304171528380781,False,False,,
2473,10.011693200000002,593261.0,2024.7815699658704,2024.7815699658704,2160.4054108369323,1997.2819497883768,0.0816727258091125,0.2799074732597013,False,False,,
2474,10.015741600000002,594480.0,2028.9419795221845,2027.1194539249148,2162.8239892594765,1997.2819497883768,0.0828836607113182,0.2672479870074316,False,False,,
2475,10.019790000000002,600318.0,2048.866894197952,2028.9419795221845,2164.7272363768693,1997.2819497883768,0.0838365793103144,0.1501201388411459,False,False,,
2476,10.0238384,594610.0,2029.3856655290103,2029.3856655290103,2165.251670969515,1997.2819497883768,0.0840991534514873,0.1659520265698866,False,False,,
2477,10.0278868,593946.0,2027.1194539249148,2031.4641638225255,2167.410944923621,1997.2819497883768,0.0851802596790457,0.6441883263533725,False,False,,
2478,10.0319352,595219.0,2031.4641638225255,2039.641638225256,2175.669222070792,1997.2819497883768,0.0893150174923057,0.9409240369349484,False,False,,
2479,10.035983600000002,600656.0,2050.0204778156995,2046.518771331058,2182.6271850139647,1997.2819497883768,0.0927987334213011,0.4352583016456233,False,False,,
2480,10.040032000000002,597615.0,2039.641638225256,2046.518771331058,2182.7080419533504,1997.2819497883768,0.0928392169090702,0.1340973023924103,False,False,,
2481,10.044080400000002,599630.0,2046.518771331058,2048.5255972696245,2184.7957519424035,1997.2819497883768,0.093884492459312,0.1552053756888511,False,False,,
2482,10.0481288,600599.0,2049.825938566553,2048.866894197952,2185.2179600414106,1997.2819497883768,0.0940958837949479,0.0904172405025818,False,False,,
2483,10.0521772,603720.0,2060.4778156996585,2049.825938566553,2186.2579427099763,1997.2819497883768,0.0946165827722134,0.0813455667267835,False,False,,
2484,10.0562256,600218.0,2048.5255972696245,2050.0204778156995,2186.5334473974694,1997.2819497883768,0.0947545225796213,0.1936260329561143,False,False,,
2485,10.060274,603989.0,2061.3959044368603,2052.795221843003,2189.3891840106007,1997.2819497883768,0.0961843340358526,0.2949320460123328,False,False,,
2486,10.064322400000002,601469.0,2052.795221843003,2054.6279863481227,2191.302968258132,1997.2819497883768,0.0971425283697741,0.4850889305744488,False,False,,
2487,10.068370800000002,598529.0,2042.7610921501707,2060.4778156996585,2197.233844517769,1997.2819497883768,0.100112002088928,0.4285316417399158,False,False,,
2488,10.072419200000002,604991.0,2064.815699658703,2061.3959044368603,2198.23300733787,1997.2819497883768,0.1006122633666141,0.278269398096965,False,False,,
2489,10.0764676,608100.0,2075.4266211604095,2064.815699658703,2201.73390382652,1997.2819497883768,0.1023650937514386,0.6296663453508113,False,False,,
2490,10.080516,607628.0,2073.815699658703,2071.4163822525597,2208.415714880209,1997.2819497883768,0.1057105458316505,0.5028303429460443,False,False,,
2491,10.0845644,608030.0,2075.1877133105804,2072.7849829351535,2209.865471224777,1997.2819497883768,0.1064364104722045,0.1584046804773482,False,False,,
2492,10.088612800000002,602006.0,2054.6279863481227,2073.815699658703,2210.9773708215635,1997.2819497883768,0.1069931168485396,0.1332934297897381,False,False,,
2493,10.092661200000002,606925.0,2071.4163822525597,2074.778156996587,2212.021038253071,1997.2819497883768,0.1075156607145261,0.0948862067534399,False,False,,
2494,10.096709600000002,608307.0,2076.133105802048,2075.1877133105804,2212.5118318902014,1997.2819497883768,0.1077613914873809,0.0501475689044781,False,False,,
2495,10.100758,611626.0,2087.460750853242,2075.4266211604095,2212.8320043018107,1997.2819497883768,0.1079216955504318,0.0685120444024356,False,False,,
2496,10.1048064,607326.0,2072.7849829351535,2076.133105802048,2213.619780753006,1997.2819497883768,0.1083161198084986,0.4486114184914722,False,False,,
2497,10.1088548,610178.0,2082.518771331058,2082.518771331058,2220.0867653484856,1997.2819497883768,0.1115540124836738,0.7105243628013387,False,False,,
2498,10.112903200000002,607910.0,2074.778156996587,2087.460750853242,2225.1100912031907,1997.2819497883768,0.1140690934692289,0.532192853104986,False,False,,
2499,10.116951600000002,612652.0,2090.9624573378837,2090.9624573378837,2228.6931712955475,1997.2819497883768,0.1158630715766946,0.4431326221385219,False,True,2431.0,11.0
