pool_row_id,pool_row,name,path,parent,grandparent,condition,genotype,age,sex,branch_order,direction,depth,note,accept,channel,roi_id,step_y,step_x,analysis_date,analysis_time,analysis_version,status,num_timepoints,num_peaks,num_space_pixels,seconds_per_line,f0_baseline,baseline_method,baseline_percentile,manual_f0_baseline,detrend_method,detection_method,detection_source,peak_search_window_ms,width_search_window_ms,baseline_window_ms,peak_amplitude_mean,peak_amplitude_median,error_count,errors_text,peak_row_type,peak_id,peak_status,peak_warning_count,peak_warnings_text,onset_index,onset_time_sec,onset_value,peak_index,peak_time_sec,peak_value,peak_amplitude,peak_detection_method,onset_to_onset_interval_sec,peak_to_peak_interval_sec,baseline_mean,baseline_mean_status,baseline_mean_reason,baseline_std,baseline_std_status,baseline_std_reason,prominence,prominence_status,prominence_reason,rise_10_90_sec,rise_10_90_sec_status,rise_10_90_sec_reason,decay_90_10_sec,decay_90_10_sec_status,decay_90_10_sec_reason,decay_time_sec,decay_time_sec_status,decay_time_sec_reason,max_rise_slope,max_rise_slope_status,max_rise_slope_reason,max_decay_slope,max_decay_slope_status,max_decay_slope_reason,auc,auc_status,auc_reason,width_10_value,width_10_left_index,width_10_right_index,width_10_points,width_10_sec,width_10_status,width_20_value,width_20_left_index,width_20_right_index,width_20_points,width_20_sec,width_20_status,width_50_value,width_50_left_index,width_50_right_index,width_50_points,width_50_sec,width_50_status,width_80_value,width_80_left_index,width_80_right_index,width_80_points,width_80_sec,width_80_status,width_90_value,width_90_left_index,width_90_right_index,width_90_points,width_90_sec,width_90_status
/Users/cudmore/Sites/cs_project/cloudscope-data/data-samples/diameter-sample-data/Control/220110n_0003.tif.frames/220110n_0003.tif|channel=0|roi_id=1|peak_row_type=peak|peak_id=1,0,220110n_0003.tif,/Users/cudmore/Sites/cs_project/cloudscope-data/data-samples/diameter-sample-data/Control/220110n_0003.tif.frames/220110n_0003.tif,220110n_0003.tif.frames,Control,,,,,,,,,True,0,1,0.0039284,0.414,260710,19:40:08.642,1,ok,2500,10,260,0.0039284,885.6647102438906,percentile,20.0,1.0,single_exponential,derivative_threshold,df_f_signal,250.0,750.0,100.0,0.584675364206267,0.5875935471486307,0,,peak,1,ok,0,,95,0.37319800000000003,0.0013832737369676635,113,0.44390920000000006,0.580374475246334,0.5789912015093663,derivative_threshold,,,-0.020137502472822737,ok,,0.005106343853113655,ok,,0.6005119777191568,ok,,0.04515086838691129,ok,,0.5868837268432732,ok,,0.5868837268432732,ok,,13.558234512399864,ok,,-4.053343798767031,ok,,0.27203937041492754,ok,,0.0592823938879043,96.22803984715506,286.67267884067644,190.44463899352138,0.7481427198221494,ok,0.11718151403884093,97.29149646181618,257.7026696687381,160.41117320692194,0.6301592528260722,ok,0.29087887449165084,100.9745577704168,231.07993397607112,130.10537620565432,0.5111059598862925,ok,0.46457623494446076,105.69997807526661,182.7591470775673,77.05916900230068,0.302719239508638,ok,0.5224753550953974,107.72148969618044,137.27757476693824,29.556085070757803,0.11610812459196496,ok
/Users/cudmore/Sites/cs_project/cloudscope-data/data-samples/diameter-sample-data/Control/220110n_0003.tif.frames/220110n_0003.tif|channel=0|roi_id=1|peak_row_type=peak|peak_id=2,1,220110n_0003.tif,/Users/cudmore/Sites/cs_project/cloudscope-data/data-samples/diameter-sample-data/Control/220110n_0003.tif.frames/220110n_0003.tif,220110n_0003.tif.frames,Control,,,,,,,,,True,0,1,0.0039284,0.414,260710,19:40:08.642,1,ok,2500,10,260,0.0039284,885.6647102438906,percentile,20.0,1.0,single_exponential,derivative_threshold,df_f_signal,250.0,750.0,100.0,0.584675364206267,0.5875935471486307,0,,peak,2,ok,0,,345,1.3552980000000001,-0.018743075957143748,370,1.453508,0.563506435718051,0.5822495116751948,derivative_threshold,0.9821000000000001,1.0095988,-0.019500981539473654,ok,,0.008212888809385805,ok,,0.5830074172575247,ok,,0.04684848114408524,ok,,0.5433903618568756,ok,,0.5433903618568756,ok,,13.778772644044217,ok,,-3.3933869840787914,ok,,0.2865149936866693,ok,,0.03948187521037573,346.8208540362125,539.236816407818,192.41596237160547,0.755886866580615,ok,0.09770682637789521,347.90185844020874,515.4997825688024,167.59792412859366,0.6583916851467674,ok,0.27238167988045364,351.9547434502896,485.76746841060617,133.8127249603166,0.5256699087341077,ok,0.4470565333830121,356.8155432704202,439.516159101892,82.7006158314718,0.3248810992323538,ok,0.5052814845505316,358.74644235310615,400.91323381519106,42.166791462084916,0.16564802357965439,ok
/Users/cudmore/Sites/cs_project/cloudscope-data/data-samples/diameter-sample-data/Control/220110n_0003.tif.frames/220110n_0003.tif|channel=0|roi_id=1|peak_row_type=peak|peak_id=3,2,220110n_0003.tif,/Users/cudmore/Sites/cs_project/cloudscope-data/data-samples/diameter-sample-data/Control/220110n_0003.tif.frames/220110n_0003.tif,220110n_0003.tif.frames,Control,,,,,,,,,True,0,1,0.0039284,0.414,260710,19:40:08.642,1,ok,2500,10,260,0.0039284,885.6647102438906,percentile,20.0,1.0,single_exponential,derivative_threshold,df_f_signal,250.0,750.0,100.0,0.584675364206267,0.5875935471486307,0,,peak,3,ok,0,,596,2.3413264000000003,-0.029648903721266485,615,2.415966,0.5648035911611304,0.5944524948823969,derivative_threshold,0.9860284000000001,0.962458,-0.03239069565246275,ok,,0.00544308112723466,ok,,0.5971942868135932,ok,,0.052484699190117556,ok,,0.5896582231079956,ok,,0.5896582231079956,ok,,11.941503731633874,ok,,-2.634491634874954,ok,,0.28832844348305037,ok,,0.029796345766973212,597.816144077174,789.2704923128124,191.45434823563835,0.7521092616088817,ok,0.08924159525521291,598.9492146559803,774.2864398941045,175.33722523812423,0.6887947556254473,ok,0.26757734371993197,603.3823937855383,738.0526664960796,134.67027271054133,0.5290386993160906,ok,0.4459130921846511,608.8011187637695,686.1664187723233,77.36530000855373,0.3039218445536025,ok,0.5053583416728907,611.1764686851868,639.1691220073457,27.992653322158844,0.10996633931076881,ok
/Users/cudmore/Sites/cs_project/cloudscope-data/data-samples/diameter-sample-data/Control/220110n_0003.tif.frames/220110n_0003.tif|channel=0|roi_id=1|peak_row_type=peak|peak_id=4,3,220110n_0003.tif,/Users/cudmore/Sites/cs_project/cloudscope-data/data-samples/diameter-sample-data/Control/220110n_0003.tif.frames/220110n_0003.tif,220110n_0003.tif.frames,Control,,,,,,,,,True,0,1,0.0039284,0.414,260710,19:40:08.642,1,ok,2500,10,260,0.0039284,885.6647102438906,percentile,20.0,1.0,single_exponential,derivative_threshold,df_f_signal,250.0,750.0,100.0,0.584675364206267,0.5875935471486307,0,,peak,4,ok,0,,847,3.3273548,-0.03353737867214848,875,3.4373500000000003,0.5185564585034484,0.5520938371755969,derivative_threshold,0.9860283999999999,1.0213840000000003,-0.03123365605778309,ok,,0.005751848483075052,ok,,0.5497901145612315,ok,,0.05999338413137556,ok,,0.4265028085750404,ok,,0.4265028085750404,ok,,14.377929170982183,ok,,-4.741491891630133,ok,,0.286179543237907,ok,,0.02167200504541121,848.5481809813732,1028.360056582472,179.8118756010988,0.7063729721113565,ok,0.0768813887629709,849.5213270830985,1023.0605610374085,173.53923395431002,0.6817315266661116,ok,0.24250953991564997,854.2043656998409,995.9459545408719,141.741588841031,0.5568176576031062,ok,0.4081376910683291,859.5294113654405,964.3236620342294,104.79425066878889,0.41167373432727034,ok,0.46334707478588877,863.8198906166893,919.7909677485853,55.97107713189598,0.2198767794049402,ok
/Users/cudmore/Sites/cs_project/cloudscope-data/data-samples/diameter-sample-data/Control/220110n_0003.tif.frames/220110n_0003.tif|channel=0|roi_id=1|peak_row_type=peak|peak_id=5,4,220110n_0003.tif,/Users/cudmore/Sites/cs_project/cloudscope-data/data-samples/diameter-sample-data/Control/220110n_0003.tif.frames/220110n_0003.tif,220110n_0003.tif.frames,Control,,,,,,,,,True,0,1,0.0039284,0.414,260710,19:40:08.642,1,ok,2500,10,260,0.0039284,885.6647102438906,percentile,20.0,1.0,single_exponential,derivative_threshold,df_f_signal,250.0,750.0,100.0,0.584675364206267,0.5875935471486307,0,,peak,5,ok,0,,1098,4.3133832000000005,-0.039575887349796224,1130,4.4390920000000005,0.49532661693395935,0.5349025042837556,derivative_threshold,0.9860284000000004,1.0017420000000001,-0.03416973661789134,ok,,0.011937677075390389,ok,,0.5294963535518507,ok,,0.08138161660259335,ok,,0.3805435371938062,ok,,0.3805435371938062,ok,,10.811726483385744,ok,,-4.207556873696078,ok,,0.2799989222899648,ok,,0.013914363078579343,1099.4776063284148,1280.955271151453,181.47766482303814,0.7129168584908231,ok,0.06740461350695491,1100.7575393599107,1276.5764909902866,175.81895163037598,0.6906871695847691,ok,0.2278753647920816,1105.1706343279325,1250.0159297442885,144.84529541635607,0.5690102585136132,ok,0.3883461160772083,1113.0641267334845,1208.8577714188739,95.79364468538938,0.37631575378208365,ok,0.44183636650558383,1120.1938308988745,1184.0854164539155,63.89158555504105,0.2509917046944233,ok
/Users/cudmore/Sites/cs_project/cloudscope-data/data-samples/diameter-sample-data/Control/220110n_0003.tif.frames/220110n_0003.tif|channel=0|roi_id=1|peak_row_type=peak|peak_id=6,5,220110n_0003.tif,/Users/cudmore/Sites/cs_project/cloudscope-data/data-samples/diameter-sample-data/Control/220110n_0003.tif.frames/220110n_0003.tif,220110n_0003.tif.frames,Control,,,,,,,,,True,0,1,0.0039284,0.414,260710,19:40:08.642,1,ok,2500,10,260,0.0039284,885.6647102438906,percentile,20.0,1.0,single_exponential,derivative_threshold,df_f_signal,250.0,750.0,100.0,0.584675364206267,0.5875935471486307,0,,peak,6,ok,0,,1349,5.2994116,-0.09724486675324832,1413,5.550829200000001,0.4962771685825771,0.5935220353358254,derivative_threshold,0.9860283999999995,1.1117372000000003,-0.1012999936062538,ok,,0.007424858904813848,ok,,0.5975771621888308,ok,,0.11164404417393126,ok,,0.45072214833665036,ok,,0.45072214833665036,ok,,9.93952098815891,ok,,-4.534772383324447,ok,,0.32822343540947996,ok,,-0.037892663219665786,1350.4715548293848,1556.948258426231,206.47670359684616,0.8111230824098505,ok,0.021459540313916753,1352.165180890291,1534.79132527117,182.62614438087917,0.7174285455858458,ok,0.19951615091466435,1358.1573636611886,1508.4721415435126,150.31477788232405,0.5904965734329218,ok,0.37757276151541197,1367.3176972853585,1467.7171348678676,100.39943758250911,0.3944091505991288,ok,0.43692496504899453,1378.8912789343465,1442.21397771738,63.3226987830335,0.24875688989926883,ok
/Users/cudmore/Sites/cs_project/cloudscope-data/data-samples/diameter-sample-data/Control/220110n_0003.tif.frames/220110n_0003.tif|channel=0|roi_id=1|peak_row_type=peak|peak_id=7,6,220110n_0003.tif,/Users/cudmore/Sites/cs_project/cloudscope-data/data-samples/diameter-sample-data/Control/220110n_0003.tif.frames/220110n_0003.tif,220110n_0003.tif.frames,Control,,,,,,,,,True,0,1,0.0039284,0.414,260710,19:40:08.642,1,ok,2500,10,260,0.0039284,885.6647102438906,percentile,20.0,1.0,single_exponential,derivative_threshold,df_f_signal,250.0,750.0,100.0,0.584675364206267,0.5875935471486307,0,,peak,7,ok,0,,1599,6.281511600000001,-0.06649881943818152,1647,6.470074800000001,0.5543070854731413,0.6208059049113228,derivative_threshold,0.9821000000000009,0.9192456,-0.05381152403000244,ok,,0.006728734432963912,ok,,0.6081186095031438,ok,,0.1040216859347618,ok,,0.38256002393771116,ok,,0.38256002393771116,ok,,9.150777436187756,ok,,-4.394932545519794,ok,,0.3588447480592645,ok,,-0.004418228947049234,1601.208122285008,1807.7404115190866,206.5322892340787,0.8113414450271548,ok,0.05766236154408305,1603.5532769467593,1788.696173423448,185.14289647668875,0.7273153545190242,ok,0.24390413301747987,1609.5586697220133,1763.2121994879183,153.65352976590498,0.6036125263323812,ok,0.43014590449087675,1618.2357924194478,1730.123841068081,111.88804864863323,0.43954101031129084,ok,0.49222649498200904,1627.6875250787057,1710.357246887758,82.66972180905236,0.3247597351546813,ok
/Users/cudmore/Sites/cs_project/cloudscope-data/data-samples/diameter-sample-data/Control/220110n_0003.tif.frames/220110n_0003.tif|channel=0|roi_id=1|peak_row_type=peak|peak_id=8,7,220110n_0003.tif,/Users/cudmore/Sites/cs_project/cloudscope-data/data-samples/diameter-sample-data/Control/220110n_0003.tif.frames/220110n_0003.tif,220110n_0003.tif.frames,Control,,,,,,,,,True,0,1,0.0039284,0.414,260710,19:40:08.642,1,ok,2500,10,260,0.0039284,885.6647102438906,percentile,20.0,1.0,single_exponential,derivative_threshold,df_f_signal,250.0,750.0,100.0,0.584675364206267,0.5875935471486307,0,,peak,8,ok,0,,1851,7.271468400000001,-0.053824547930772466,1915,7.522886000000001,0.5607245100611767,0.6145490579919493,derivative_threshold,0.9899567999999999,1.0528111999999998,-0.05888591696703859,ok,,0.008669549683690925,ok,,0.6196104270282153,ok,,0.1025525387317332,ok,,0.37343550732229236,ok,,0.37343550732229236,ok,,9.347548255902495,ok,,-4.462365796574616,ok,,0.35313597418260273,ok,,0.007630357868422463,1852.6316159220062,2054.870283216551,202.2386672945447,0.7944743805998895,ok,0.06908526366761739,1855.179488799494,2039.6469719104666,184.46748311097258,0.7246620606531448,ok,0.25344998106520217,1861.2938650033036,2015.2873667981848,153.99350179488124,0.6049480724510115,ok,0.437814698462787,1869.9718418771836,1978.9916260310902,109.01978415390658,0.4282733200702067,ok,0.4992696042619819,1878.7370376539411,1959.8098241690273,81.07278651508614,0.3184863345458644,ok
/Users/cudmore/Sites/cs_project/cloudscope-data/data-samples/diameter-sample-data/Control/220110n_0003.tif.frames/220110n_0003.tif|channel=0|roi_id=1|peak_row_type=peak|peak_id=9,8,220110n_0003.tif,/Users/cudmore/Sites/cs_project/cloudscope-data/data-samples/diameter-sample-data/Control/220110n_0003.tif.frames/220110n_0003.tif,220110n_0003.tif.frames,Control,,,,,,,,,True,0,1,0.0039284,0.414,260710,19:40:08.642,1,ok,2500,10,260,0.0039284,885.6647102438906,percentile,20.0,1.0,single_exponential,derivative_threshold,df_f_signal,250.0,750.0,100.0,0.584675364206267,0.5875935471486307,0,,peak,9,ok,0,,2101,8.2535684,-0.05033394376179631,2143,8.418561200000001,0.5328383517640118,0.5831722955258082,derivative_threshold,0.9821,0.8956752000000003,-0.045280159746414965,ok,,0.009677961342474282,ok,,0.5781185115104268,ok,,0.09290084406715593,ok,,0.4626427632759942,ok,,0.4626427632759942,ok,,9.689133859376415,ok,,-3.938932617417187,ok,,0.28294890252515814,ok,,0.007983285790784507,2103.37427244632,2289.147895631668,185.7736231853478,0.7297931013213202,ok,0.06630051534336533,2105.8415317729546,2272.321561674971,166.4800299020162,0.6540001494670805,ok,0.24125220400110778,2111.8100676092995,2247.315969205338,135.5059015960387,0.5323213838298785,ok,0.41620389265885027,2121.292272049805,2196.688056767773,75.39578471796813,0.296184800686066,ok,0.47452112221143106,2127.0227919624476,2171.3791441613507,44.356352198903096,0.17424949397817094,ok
/Users/cudmore/Sites/cs_project/cloudscope-data/data-samples/diameter-sample-data/Control/220110n_0003.tif.frames/220110n_0003.tif|channel=0|roi_id=1|peak_row_type=peak|peak_id=10,9,220110n_0003.tif,/Users/cudmore/Sites/cs_project/cloudscope-data/data-samples/diameter-sample-data/Control/220110n_0003.tif.frames/220110n_0003.tif,220110n_0003.tif.frames,Control,,,,,,,,,True,0,1,0.0039284,0.414,260710,19:40:08.642,1,ok,2500,10,260,0.0039284,885.6647102438906,percentile,20.0,1.0,single_exponential,derivative_threshold,df_f_signal,250.0,750.0,100.0,0.584675364206267,0.5875935471486307,0,,peak,10,ok,0,,2352,9.239596800000001,-0.17280161102820038,2413,9.4792292,0.41921318774325284,0.5920147987714532,derivative_threshold,0.9860284000000004,1.0606679999999997,-0.18632351053967652,ok,,0.0036171846080462608,ok,,0.6055366982829293,ok,,,failed,left_10_or_left_90_unavailable,,failed,right_90_or_right_10_unavailable,,failed,right_90_or_right_10_unavailable,8.594178917546024,ok,,,failed,right_10_crossing_unavailable,,failed,left_10_or_right_10_unavailable,-0.11360013115105505,2353.736005099849,,,,right_not_found_within_width_search_window,-0.05439865127390972,2356.010413444644,,,,right_not_found_within_width_search_window,0.12320578835752624,2363.3400157381,,,,right_not_found_within_width_search_window,0.3008102279889623,2374.181152830547,2475.1695485649784,100.98839573443138,0.3967228138031403,ok,0.3600117078661076,2381.321255354213,2452.9235016608764,71.60224630666335,0.2812822643910963,ok
/Users/cudmore/Sites/cs_project/cloudscope-data/data-samples/diameter-sample-data/Control/220110n_0005.tif.frames/220110n_0005.tif|channel=0|roi_id=1|peak_row_type=peak|peak_id=1,10,220110n_0005.tif,/Users/cudmore/Sites/cs_project/cloudscope-data/data-samples/diameter-sample-data/Control/220110n_0005.tif.frames/220110n_0005.tif,220110n_0005.tif.frames,Control,,,,,,,,,True,0,1,0.0044284,0.414,260710,19:42:31.504,1,ok,2500,6,332,0.0044284,672.9184093831806,percentile,20.0,1.0,single_exponential,derivative_threshold,df_f_signal,250.0,750.0,100.0,0.9483794248294911,0.9495171166424798,0,,peak,1,ok,0,,51,0.2258484,0.015257434141899931,74,0.3277016,1.0185002711806346,1.0032428370387347,derivative_threshold,,,0.01250800536211442,ok,,0.001958861671255851,ok,,1.00599226581852,ok,,,failed,left_10_or_left_90_unavailable,,failed,right_90_or_right_10_unavailable,,failed,right_90_or_right_10_unavailable,28.92700148727763,ok,,,failed,right_10_crossing_unavailable,,failed,left_10_or_right_10_unavailable,0.11558171784577341,52.446463759453614,,,,right_not_found_within_width_search_window,0.21590600154964687,53.254308659280305,,,,right_not_found_within_width_search_window,0.5168788526612673,56.16028646610284,207.6681449755545,151.50785850945167,0.6709374006232557,ok,0.8178517037728877,60.17384950045043,161.95664144824852,101.78279194779809,0.45073491586162906,ok,0.9181759874767612,62.864146606211506,105.86004195009183,42.99589534388032,0.1904030229408396,ok
/Users/cudmore/Sites/cs_project/cloudscope-data/data-samples/diameter-sample-data/Control/220110n_0005.tif.frames/220110n_0005.tif|channel=0|roi_id=1|peak_row_type=peak|peak_id=2,11,220110n_0005.tif,/Users/cudmore/Sites/cs_project/cloudscope-data/data-samples/diameter-sample-data/Control/220110n_0005.tif.frames/220110n_0005.tif,220110n_0005.tif.frames,Control,,,,,,,,,True,0,1,0.0044284,0.414,260710,19:42:31.504,1,ok,2500,6,332,0.0044284,672.9184093831806,percentile,20.0,1.0,single_exponential,derivative_threshold,df_f_signal,250.0,750.0,100.0,0.9483794248294911,0.9495171166424798,0,,peak,2,ok,0,,496,2.1964864,0.0092354061999811,519,2.2983396,0.9830211232455611,0.97378571704558,derivative_threshold,1.970638,1.970638,-0.0036177809934902494,ok,,0.0035577367104790906,ok,,0.9866389042390513,ok,,,failed,left_10_or_left_90_unavailable,,failed,right_90_or_right_10_unavailable,,failed,right_90_or_right_10_unavailable,25.906819235951424,ok,,,failed,right_10_crossing_unavailable,,failed,left_10_or_right_10_unavailable,0.10661397790453911,497.3347977985376,,,,right_not_found_within_width_search_window,0.2039925496090971,498.19162949571273,,,,right_not_found_within_width_search_window,0.4961282647227711,501.38687495836757,660.1787981229954,158.79192316462786,0.703194152542238,ok,0.7882639798364451,506.17053797150317,619.5469478119962,113.37640984049307,0.5020760933376395,ok,0.8856425515410031,508.87343903740776,568.1928623290219,59.3194232916141,0.26269013410458386,ok
/Users/cudmore/Sites/cs_project/cloudscope-data/data-samples/diameter-sample-data/Control/220110n_0005.tif.frames/220110n_0005.tif|channel=0|roi_id=1|peak_row_type=peak|peak_id=3,12,220110n_0005.tif,/Users/cudmore/Sites/cs_project/cloudscope-data/data-samples/diameter-sample-data/Control/220110n_0005.tif.frames/220110n_0005.tif,220110n_0005.tif.frames,Control,,,,,,,,,True,0,1,0.0044284,0.414,260710,19:42:31.504,1,ok,2500,6,332,0.0044284,672.9184093831806,percentile,20.0,1.0,single_exponential,derivative_threshold,df_f_signal,250.0,750.0,100.0,0.9483794248294911,0.9495171166424798,0,,peak,3,ok,0,,941,4.1671244,0.003241696230722525,967,4.2822628,0.9610893278724848,0.9578476316417622,derivative_threshold,1.9706379999999997,1.9839232,-0.013273561701800083,ok,,0.002888627477949856,ok,,0.9743628895742849,ok,,,failed,left_10_or_left_90_unavailable,,failed,right_90_or_right_10_unavailable,,failed,right_90_or_right_10_unavailable,23.403140836533755,ok,,,failed,right_10_crossing_unavailable,,failed,left_10_or_right_10_unavailable,0.09902645939489875,942.3223492799161,,,,right_not_found_within_width_search_window,0.19481122255907496,943.2393572359567,,,,right_not_found_within_width_search_window,0.48216551205160363,946.4463571268183,1107.2242376948843,160.77788056806605,0.7119887663076236,ok,0.7695198015441324,951.2044497843182,1066.8026890697338,115.59823928541562,0.5119152428515344,ok,0.8653045647083086,954.7044012779667,1043.0793826922768,88.37498141431013,0.391359767695131,ok
/Users/cudmore/Sites/cs_project/cloudscope-data/data-samples/diameter-sample-data/Control/220110n_0005.tif.frames/220110n_0005.tif|channel=0|roi_id=1|peak_row_type=peak|peak_id=4,13,220110n_0005.tif,/Users/cudmore/Sites/cs_project/cloudscope-data/data-samples/diameter-sample-data/Control/220110n_0005.tif.frames/220110n_0005.tif,220110n_0005.tif.frames,Control,,,,,,,,,True,0,1,0.0044284,0.414,260710,19:42:31.504,1,ok,2500,6,332,0.0044284,672.9184093831806,percentile,20.0,1.0,single_exponential,derivative_threshold,df_f_signal,250.0,750.0,100.0,0.9483794248294911,0.9495171166424798,0,,peak,4,ok,0,,1386,6.1377624,-0.0037173892549775354,1413,6.2573292,0.93746921238822,0.9411866016431976,derivative_threshold,1.9706380000000001,1.9750664000000002,-0.009990208580117857,ok,,0.005507379724883069,ok,,0.9474594209683379,ok,,,failed,left_10_or_left_90_unavailable,,failed,right_90_or_right_10_unavailable,,failed,right_90_or_right_10_unavailable,23.169148150179836,ok,,,failed,right_10_crossing_unavailable,,failed,left_10_or_right_10_unavailable,0.09040127090934222,1387.3683915414665,,,,right_not_found_within_width_search_window,0.184519931073662,1388.2894021696395,,,,right_not_found_within_width_search_window,0.4668759115666212,1391.4782096663437,1555.0266381804963,163.54842851415265,0.7242578608320736,ok,0.7492318920595805,1396.846858241121,1517.6889894372048,120.84213119608376,0.5351372937887373,ok,0.8433505522239003,1400.5371847642277,1495.8299022178226,95.29271745359483,0.42199426997149936,ok
/Users/cudmore/Sites/cs_project/cloudscope-data/data-samples/diameter-sample-data/Control/220110n_0005.tif.frames/220110n_0005.tif|channel=0|roi_id=1|peak_row_type=peak|peak_id=5,14,220110n_0005.tif,/Users/cudmore/Sites/cs_project/cloudscope-data/data-samples/diameter-sample-data/Control/220110n_0005.tif.frames/220110n_0005.tif,220110n_0005.tif.frames,Control,,,,,,,,,True,0,1,0.0044284,0.414,260710,19:42:31.504,1,ok,2500,6,332,0.0044284,672.9184093831806,percentile,20.0,1.0,single_exponential,derivative_threshold,df_f_signal,250.0,750.0,100.0,0.9483794248294911,0.9495171166424798,0,,peak,5,ok,0,,1831,8.108400399999999,0.002941274430149308,1860,8.236824,0.9092525348442959,0.9063112604141466,derivative_threshold,1.9706379999999992,1.9794948000000003,-0.013182111905523408,ok,,0.0024129188284997016,ok,,0.9224346467498193,ok,,,failed,left_10_or_left_90_unavailable,,failed,right_90_or_right_10_unavailable,,failed,right_90_or_right_10_unavailable,19.932660959081097,ok,,,failed,right_10_crossing_unavailable,,failed,left_10_or_right_10_unavailable,0.09357240047156397,1832.3714003198963,,,,right_not_found_within_width_search_window,0.1842035265129786,1833.373416498844,,,,right_not_found_within_width_search_window,0.4560969046372226,1836.9942068386304,2000.838464391604,163.84425755297366,0.7255679101475885,ok,0.7279902827614666,1842.7201466331576,1965.506965498905,122.78681886574736,0.5437491486650756,ok,0.8186214088028813,1846.4406495770968,1943.8134594385488,97.37280986145197,0.4312057511904539,ok
/Users/cudmore/Sites/cs_project/cloudscope-data/data-samples/diameter-sample-data/Control/220110n_0005.tif.frames/220110n_0005.tif|channel=0|roi_id=1|peak_row_type=peak|peak_id=6,15,220110n_0005.tif,/Users/cudmore/Sites/cs_project/cloudscope-data/data-samples/diameter-sample-data/Control/220110n_0005.tif.frames/220110n_0005.tif,220110n_0005.tif.frames,Control,,,,,,,,,True,0,1,0.0044284,0.414,260710,19:42:31.504,1,ok,2500,6,332,0.0044284,672.9184093831806,percentile,20.0,1.0,single_exponential,derivative_threshold,df_f_signal,250.0,750.0,100.0,0.9483794248294911,0.9495171166424798,0,,peak,6,ok,0,,2276,10.0790384,-0.004180503451611007,2328,10.3093152,0.9037219977419148,0.9079025011935258,derivative_threshold,1.970638000000001,2.0724912,-0.011124621570449406,ok,,0.0017601673906212636,ok,,0.9148466193123641,ok,,,failed,left_10_or_left_90_unavailable,,failed,right_90_or_right_10_unavailable,,failed,right_90_or_right_10_unavailable,18.846083147482076,ok,,,failed,right_10_crossing_unavailable,,failed,left_10_or_right_10_unavailable,0.08660974666774159,2277.490808073052,,,,right_not_found_within_width_search_window,0.17739999678709417,2278.5847967630248,,,,right_not_found_within_width_search_window,0.44977074714515186,2283.0131181233746,2451.8528292794836,168.83971115610893,0.7476897768837127,ok,0.7221414975032097,2288.6942799854005,2415.357625166828,126.6633451814273,0.5609159578014327,ok,0.8129317476225622,2293.236945175129,2397.1145866063953,103.87764143126606,0.46001174731421857,ok
/Users/cudmore/Sites/cs_project/cloudscope-data/data-samples/diameter-sample-data/Control/220110n_0009.tif.frames/220110n_0009.tif|channel=0|roi_id=1|peak_row_type=peak|peak_id=1,16,220110n_0009.tif,/Users/cudmore/Sites/cs_project/cloudscope-data/data-samples/diameter-sample-data/Control/220110n_0009.tif.frames/220110n_0009.tif,220110n_0009.tif.frames,Control,,,,,,,,,True,0,1,0.004408400000000001,0.414,260630,20:53:15.510,1,ok,2500,6,330,0.004408400000000001,1294.031223294233,percentile,20.0,1.0,single_exponential,derivative_threshold,df_f_signal,400.0,500.0,100.0,0.7412087799233477,0.70316409765634,0,,peak,1,ok,0,,2,0.008816800000000001,-0.4753215556237339,80,0.35267200000000004,0.4695989123876158,0.9449204680113497,derivative_threshold,,,-0.4817794874540945,ok,,0.0030629057788363486,ok,,0.9513783998417102,ok,,,failed,left_10_or_left_90_unavailable,,failed,right_90_or_right_10_unavailable,,failed,right_90_or_right_10_unavailable,14.30418349409246,ok,,,failed,right_10_crossing_unavailable,,failed,left_10_or_right_10_unavailable,-0.3808295088225989,4.833843190077117,,,,right_not_found_within_width_search_window,-0.28633746202146393,6.4188740745904,,,,right_not_found_within_width_search_window,-0.002861321618059076,11.247844571601078,,,,right_not_found_within_width_search_window,0.2806148187853459,21.642636846940743,166.73106771237786,145.08843086543712,0.6396078386271931,ok,0.37510686558648076,33.23057417473839,139.0691335063537,105.8385593316153,0.466578704957493,ok
/Users/cudmore/Sites/cs_project/cloudscope-data/data-samples/diameter-sample-data/Control/220110n_0009.tif.frames/220110n_0009.tif|channel=0|roi_id=1|peak_row_type=peak|peak_id=2,17,220110n_0009.tif,/Users/cudmore/Sites/cs_project/cloudscope-data/data-samples/diameter-sample-data/Control/220110n_0009.tif.frames/220110n_0009.tif,220110n_0009.tif.frames,Control,,,,,,,,,True,0,1,0.004408400000000001,0.414,260630,20:53:15.510,1,ok,2500,6,330,0.004408400000000001,1294.031223294233,percentile,20.0,1.0,single_exponential,derivative_threshold,df_f_signal,400.0,500.0,100.0,0.7412087799233477,0.70316409765634,0,,peak,2,ok,0,,449,1.9793716000000003,-0.022223052004583268,495,2.1821580000000003,0.7026510914334623,0.7248741434380456,derivative_threshold,1.9705548000000004,1.8294860000000002,-0.026684106339153812,ok,,0.002167854760631996,ok,,0.7293351977726161,ok,,,failed,left_10_or_left_90_unavailable,,failed,right_90_or_right_10_unavailable,,failed,right_90_or_right_10_unavailable,13.450365290427452,ok,,,failed,right_10_crossing_unavailable,,failed,left_10_or_right_10_unavailable,0.05026436233922128,451.6296862067754,,,,right_not_found_within_width_search_window,0.12275177668302584,453.2788430824067,,,,right_not_found_within_width_search_window,0.34021401971443954,457.14507825642664,,,,right_not_found_within_width_search_window,0.5576762627458531,462.95832133051766,569.9133887969134,106.95506746639575,0.47150071941885907,ok,0.6301636770896577,466.88505912018707,546.9895869498189,80.10452782963182,0.35313280048414897,ok
/Users/cudmore/Sites/cs_project/cloudscope-data/data-samples/diameter-sample-data/Control/220110n_0009.tif.frames/220110n_0009.tif|channel=0|roi_id=1|peak_row_type=peak|peak_id=3,18,220110n_0009.tif,/Users/cudmore/Sites/cs_project/cloudscope-data/data-samples/diameter-sample-data/Control/220110n_0009.tif.frames/220110n_0009.tif,220110n_0009.tif.frames,Control,,,,,,,,,True,0,1,0.004408400000000001,0.414,260630,20:53:15.510,1,ok,2500,6,330,0.004408400000000001,1294.031223294233,percentile,20.0,1.0,single_exponential,derivative_threshold,df_f_signal,400.0,500.0,100.0,0.7412087799233477,0.70316409765634,0,,peak,3,ok,0,,896,3.9499264000000007,-0.01982572930873748,940,4.143896000000001,0.6942229864307856,0.7140487157395231,derivative_threshold,1.9705548000000004,1.9617380000000004,-0.020547617448824718,ok,,0.0018985631113112426,ok,,0.7147706038796103,ok,,,failed,left_10_or_left_90_unavailable,,failed,right_90_or_right_10_unavailable,,failed,right_90_or_right_10_unavailable,12.833051932775572,ok,,,failed,right_10_crossing_unavailable,,failed,left_10_or_right_10_unavailable,0.05157914226521483,898.4980781436699,,,,right_not_found_within_width_search_window,0.12298401383916714,899.9662948209607,,,,right_not_found_within_width_search_window,0.33719862856102406,904.0609038553514,,,,right_not_found_within_width_search_window,0.551413243282881,910.5063527289414,1016.7097093156435,106.20335658670217,0.4681868771768179,ok,0.6228181148568334,914.2471701350463,993.7965893826673,79.54941924762102,0.3506856598112125,ok
/Users/cudmore/Sites/cs_project/cloudscope-data/data-samples/diameter-sample-data/Control/220110n_0009.tif.frames/220110n_0009.tif|channel=0|roi_id=1|peak_row_type=peak|peak_id=4,19,220110n_0009.tif,/Users/cudmore/Sites/cs_project/cloudscope-data/data-samples/diameter-sample-data/Control/220110n_0009.tif.frames/220110n_0009.tif,220110n_0009.tif.frames,Control,,,,,,,,,True,0,1,0.004408400000000001,0.414,260630,20:53:15.510,1,ok,2500,6,330,0.004408400000000001,1294.031223294233,percentile,20.0,1.0,single_exponential,derivative_threshold,df_f_signal,400.0,500.0,100.0,0.7412087799233477,0.70316409765634,0,,peak,4,ok,0,,1344,5.924889600000001,-0.013520096105077064,1390,6.127676000000001,0.67875938346808,0.692279479573157,derivative_threshold,1.9749632000000004,1.9837800000000003,-0.01660515383883995,ok,,0.0019767641088175164,ok,,0.6953645373069199,ok,,,failed,left_10_or_left_90_unavailable,,failed,right_90_or_right_10_unavailable,,failed,right_90_or_right_10_unavailable,11.05619258069374,ok,,,failed,right_10_crossing_unavailable,,failed,left_10_or_right_10_unavailable,0.05570785185223864,1346.1337102884088,,,,right_not_found_within_width_search_window,0.12493579980955435,1347.7500291590388,,,,right_not_found_within_width_search_window,0.3326196436815015,1352.187810774059,,,,right_not_found_within_width_search_window,0.5403034875534486,1358.6608168645828,1465.7090066778032,107.04818981322046,0.47191123997260115,ok,0.6095314355107643,1362.895372037556,1442.5650191892505,79.66964715169456,0.35121567250353036,ok
/Users/cudmore/Sites/cs_project/cloudscope-data/data-samples/diameter-sample-data/Control/220110n_0009.tif.frames/220110n_0009.tif|channel=0|roi_id=1|peak_row_type=peak|peak_id=5,20,220110n_0009.tif,/Users/cudmore/Sites/cs_project/cloudscope-data/data-samples/diameter-sample-data/Control/220110n_0009.tif.frames/220110n_0009.tif,220110n_0009.tif.frames,Control,,,,,,,,,True,0,1,0.004408400000000001,0.414,260630,20:53:15.510,1,ok,2500,6,330,0.004408400000000001,1294.031223294233,percentile,20.0,1.0,single_exponential,derivative_threshold,df_f_signal,400.0,500.0,100.0,0.7412087799233477,0.70316409765634,0,,peak,5,ok,0,,1790,7.8910360000000015,-0.025622503950939787,1842,8.1202728,0.663836776424234,0.6894592803751738,derivative_threshold,1.9661464000000004,1.9925967999999994,-0.03442852212869966,ok,,0.0012639361335543948,ok,,0.6982652985529336,ok,,,failed,left_10_or_left_90_unavailable,,failed,right_90_or_right_10_unavailable,,failed,right_90_or_right_10_unavailable,11.874506243885689,ok,,,failed,right_10_crossing_unavailable,,failed,left_10_or_right_10_unavailable,0.04332342408657759,1793.0087362078573,,,,right_not_found_within_width_search_window,0.11226935212409497,1794.5973480593802,,,,right_not_found_within_width_search_window,0.3191071362366471,1798.8300835106415,,,,right_not_found_within_width_search_window,0.5259449203491993,1804.8062049650703,1914.5312263317785,109.72502136670823,0.48371178419299665,ok,0.5948908483867167,1809.328593937213,1891.2040530697943,81.87545913258123,0.36093977404007116,ok
/Users/cudmore/Sites/cs_project/cloudscope-data/data-samples/diameter-sample-data/Control/220110n_0009.tif.frames/220110n_0009.tif|channel=0|roi_id=1|peak_row_type=peak|peak_id=6,21,220110n_0009.tif,/Users/cudmore/Sites/cs_project/cloudscope-data/data-samples/diameter-sample-data/Control/220110n_0009.tif.frames/220110n_0009.tif,220110n_0009.tif.frames,Control,,,,,,,,,True,0,1,0.004408400000000001,0.414,260630,20:53:15.510,1,ok,2500,6,330,0.004408400000000001,1294.031223294233,percentile,20.0,1.0,single_exponential,derivative_threshold,df_f_signal,400.0,500.0,100.0,0.7412087799233477,0.70316409765634,0,,peak,6,ok,0,,2236,9.857182400000001,-0.032436972891426774,2281,10.055560400000001,0.6492336195114096,0.6816705924028363,derivative_threshold,1.9661463999999995,1.9352876000000006,-0.03593046294352983,ok,,0.0006453259383432897,ok,,0.6851640824549394,ok,,,failed,left_10_or_left_90_unavailable,,failed,right_90_or_right_10_unavailable,,failed,right_90_or_right_10_unavailable,12.151262804021467,ok,,,failed,right_10_crossing_unavailable,,failed,left_10_or_right_10_unavailable,0.03573008634885687,2239.753419535753,,,,right_not_found_within_width_search_window,0.10389714558914051,2241.3048487218502,,,,right_not_found_within_width_search_window,0.3083983233099914,2245.387045310712,,,,right_not_found_within_width_search_window,0.5128995010308424,2251.7412384392264,2361.1355070010973,109.39426856187083,0.48225369352815145,ok,0.5810665602711259,2256.3920529884003,2336.66336367183,80.27131068342987,0.3538680460168323,ok
/Users/cudmore/Sites/cs_project/cloudscope-data/data-samples/diameter-sample-data/Control/220110n_0020.tif.frames/220110n_0020.tif|channel=0|roi_id=1|peak_row_type=peak|peak_id=1,22,220110n_0020.tif,/Users/cudmore/Sites/cs_project/cloudscope-data/data-samples/diameter-sample-data/Control/220110n_0020.tif.frames/220110n_0020.tif,220110n_0020.tif.frames,Control,,,,,,,,,True,0,1,0.0041684,0.414,260630,19:53:50.222,1,ok,2500,11,305,0.0041684,1268.6874722405555,percentile,20.0,1.0,single_exponential,derivative_threshold,df_f_signal,150.0,500.0,100.0,1.074740551358388,1.078126425846533,0,,peak,1,ok,0,,5,0.020842,-0.1398200395663941,32,0.1333888,1.0641885659406498,1.204008605507044,derivative_threshold,,,-0.1357725255950066,ok,,0.002699545731420063,ok,,1.1999610915356564,ok,,,failed,left_10_or_left_90_unavailable,,failed,right_90_or_right_10_unavailable,,failed,right_90_or_right_10_unavailable,26.734354281109805,ok,,,failed,right_10_crossing_unavailable,,failed,left_10_or_right_10_unavailable,-0.019419179015689694,7.181464914666554,,,,right_not_found_within_width_search_window,0.10098168153501472,8.155235426757477,,,,right_not_found_within_width_search_window,0.4621842631871279,12.37833375872264,126.45971105732777,114.08137729860513,0.47553681313150564,ok,0.8233868448392412,18.644759247223984,89.74383022284061,71.09907097561663,0.29636936745476034,ok,0.9437877053899456,21.61309460826364,71.57708477800504,49.96399016974141,0.20826989662355008,ok
/Users/cudmore/Sites/cs_project/cloudscope-data/data-samples/diameter-sample-data/Control/220110n_0020.tif.frames/220110n_0020.tif|channel=0|roi_id=1|peak_row_type=peak|peak_id=2,23,220110n_0020.tif,/Users/cudmore/Sites/cs_project/cloudscope-data/data-samples/diameter-sample-data/Control/220110n_0020.tif.frames/220110n_0020.tif,220110n_0020.tif.frames,Control,,,,,,,,,True,0,1,0.0041684,0.414,260630,19:53:50.222,1,ok,2500,11,305,0.0041684,1268.6874722405555,percentile,20.0,1.0,single_exponential,derivative_threshold,df_f_signal,150.0,500.0,100.0,1.074740551358388,1.078126425846533,0,,peak,2,ok,0,,243,1.0129212,-0.1416408840957777,270,1.125468,1.0411789816636434,1.182819865759421,derivative_threshold,0.9920792,0.9920791999999999,-0.13219422465528521,ok,,0.011593486956985312,ok,,1.1733732063189286,ok,,,failed,left_10_or_left_90_unavailable,,failed,right_90_or_right_10_unavailable,,failed,right_90_or_right_10_unavailable,26.530072151592694,ok,,,failed,right_10_crossing_unavailable,,failed,left_10_or_right_10_unavailable,-0.023358897519835595,244.4055441445625,,,,right_not_found_within_width_search_window,0.09492308905610652,245.46804758988011,,,,right_not_found_within_width_search_window,0.44976904878393287,250.47514652496895,366.3856933080287,115.91054678305974,0.48316152321050626,ok,0.8046150085117593,256.2069363177096,327.93995869819634,71.73302238048672,0.2990119304908208,ok,0.9228969950877013,258.7386537752911,309.22282061673616,50.484166841445074,0.21043820106187966,ok
/Users/cudmore/Sites/cs_project/cloudscope-data/data-samples/diameter-sample-data/Control/220110n_0020.tif.frames/220110n_0020.tif|channel=0|roi_id=1|peak_row_type=peak|peak_id=3,24,220110n_0020.tif,/Users/cudmore/Sites/cs_project/cloudscope-data/data-samples/diameter-sample-data/Control/220110n_0020.tif.frames/220110n_0020.tif,220110n_0020.tif.frames,Control,,,,,,,,,True,0,1,0.0041684,0.414,260630,19:53:50.222,1,ok,2500,11,305,0.0041684,1268.6874722405555,percentile,20.0,1.0,single_exponential,derivative_threshold,df_f_signal,150.0,500.0,100.0,1.074740551358388,1.078126425846533,0,,peak,3,ok,0,,480,2.000832,-0.1283234877069096,511,2.1300524,1.0217554776269595,1.150078965333869,derivative_threshold,0.9879107999999999,1.0045844,-0.1199853127391078,ok,,0.010315813743283228,ok,,1.1417407903660672,ok,,,failed,left_10_or_left_90_unavailable,,failed,right_90_or_right_10_unavailable,,failed,right_90_or_right_10_unavailable,21.877759466606726,ok,,,failed,right_10_crossing_unavailable,,failed,left_10_or_right_10_unavailable,-0.013315591173522698,481.67565747351154,,,,right_not_found_within_width_search_window,0.1016923053598642,482.98287851701457,,,,right_not_found_within_width_search_window,0.4467159949600249,487.5351716360862,604.3021774381189,116.76700580203266,0.4867315869851929,ok,0.7917396845601856,493.4566878434088,565.836046939313,72.37935909590414,0.3017061204553668,ok,0.9067475810935725,496.5212312335898,548.105837110874,51.58460587728416,0.2150252711388713,ok
/Users/cudmore/Sites/cs_project/cloudscope-data/data-samples/diameter-sample-data/Control/220110n_0020.tif.frames/220110n_0020.tif|channel=0|roi_id=1|peak_row_type=peak|peak_id=4,25,220110n_0020.tif,/Users/cudmore/Sites/cs_project/cloudscope-data/data-samples/diameter-sample-data/Control/220110n_0020.tif.frames/220110n_0020.tif,220110n_0020.tif.frames,Control,,,,,,,,,True,0,1,0.0041684,0.414,260630,19:53:50.222,1,ok,2500,11,305,0.0041684,1268.6874722405555,percentile,20.0,1.0,single_exponential,derivative_threshold,df_f_signal,150.0,500.0,100.0,1.074740551358388,1.078126425846533,0,,peak,4,ok,0,,716,2.9845744,-0.1278895887087466,748,3.1179632,0.9922694706144445,1.1201590593231912,derivative_threshold,0.9837424000000001,0.9879108000000003,-0.11812048521097541,ok,,0.009637020003155873,ok,,1.11038995582542,ok,,,failed,left_10_or_left_90_unavailable,,failed,right_90_or_right_10_unavailable,,failed,right_90_or_right_10_unavailable,23.740483243050825,ok,,,failed,right_10_crossing_unavailable,,failed,left_10_or_right_10_unavailable,-0.015873682776427464,718.6688148538863,,,,right_not_found_within_width_search_window,0.09614222315589166,719.8104221678741,,,,right_not_found_within_width_search_window,0.432189940952849,724.7298575394954,844.0652841019855,119.33542656249017,0.49743779208308403,ok,0.7682376587498064,731.1614029622972,807.8593927426494,76.69798978035226,0.31970790060042037,ok,0.8802535646821255,733.9762724147835,790.7851340992106,56.80886168442714,0.2368020590453661,ok
/Users/cudmore/Sites/cs_project/cloudscope-data/data-samples/diameter-sample-data/Control/220110n_0020.tif.frames/220110n_0020.tif|channel=0|roi_id=1|peak_row_type=peak|peak_id=5,26,220110n_0020.tif,/Users/cudmore/Sites/cs_project/cloudscope-data/data-samples/diameter-sample-data/Control/220110n_0020.tif.frames/220110n_0020.tif,220110n_0020.tif.frames,Control,,,,,,,,,True,0,1,0.0041684,0.414,260630,19:53:50.222,1,ok,2500,11,305,0.0041684,1268.6874722405555,percentile,20.0,1.0,single_exponential,derivative_threshold,df_f_signal,150.0,500.0,100.0,1.074740551358388,1.078126425846533,0,,peak,5,ok,0,,952,3.9683168,-0.1217283102488776,988,4.1183792,0.9759470258179531,1.0976753360668308,derivative_threshold,0.9837424000000001,1.0004159999999995,-0.10795817659405677,ok,,0.01002622488768912,ok,,1.08390520241201,ok,,,failed,left_10_or_left_90_unavailable,,failed,right_90_or_right_10_unavailable,,failed,right_90_or_right_10_unavailable,21.4512158521814,ok,,,failed,right_10_crossing_unavailable,,failed,left_10_or_right_10_unavailable,-0.011960776642194526,955.6239776777585,,,,right_not_found_within_width_search_window,0.09780675696448855,956.8412328075814,,,,right_not_found_within_width_search_window,0.4271093577845378,961.497280371954,1081.3129955160362,119.8157151440821,0.49943982700659184,ok,0.756411958604587,968.543398885633,1044.131469273214,75.58807038758096,0.31508131260359246,ok,0.8661794922112701,972.0660995569449,1027.449029976359,55.38293041941415,0.23085820716028596,ok
/Users/cudmore/Sites/cs_project/cloudscope-data/data-samples/diameter-sample-data/Control/220110n_0020.tif.frames/220110n_0020.tif|channel=0|roi_id=1|peak_row_type=peak|peak_id=6,27,220110n_0020.tif,/Users/cudmore/Sites/cs_project/cloudscope-data/data-samples/diameter-sample-data/Control/220110n_0020.tif.frames/220110n_0020.tif,220110n_0020.tif.frames,Control,,,,,,,,,True,0,1,0.0041684,0.414,260630,19:53:50.222,1,ok,2500,11,305,0.0041684,1268.6874722405555,percentile,20.0,1.0,single_exponential,derivative_threshold,df_f_signal,150.0,500.0,100.0,1.074740551358388,1.078126425846533,0,,peak,6,ok,0,,1190,4.960396,-0.11473963651018074,1225,5.10629,0.9633867893363524,1.078126425846533,derivative_threshold,0.9920792,0.9879108000000008,-0.10617800377340818,ok,,0.009214986866144644,ok,,1.0695647931097605,ok,,,failed,left_10_or_left_90_unavailable,,failed,right_90_or_right_10_unavailable,,failed,right_90_or_right_10_unavailable,18.843899862090264,ok,,,failed,right_10_crossing_unavailable,,failed,left_10_or_right_10_unavailable,-0.006926993925527425,1192.6370302212838,,,,right_not_found_within_width_search_window,0.10088564865912589,1194.0274766006971,,,,right_not_found_within_width_search_window,0.4243235764130858,1199.6547675691684,1322.795983196472,123.14121562730361,0.5133018432208524,ok,0.7477615041670458,1206.5972716592842,1286.0386756196867,79.44140396040257,0.3311435482685421,ok,0.8555741467516991,1209.3958588759901,1267.3171917083448,57.921332832354665,0.2414392837783872,ok
/Users/cudmore/Sites/cs_project/cloudscope-data/data-samples/diameter-sample-data/Control/220110n_0020.tif.frames/220110n_0020.tif|channel=0|roi_id=1|peak_row_type=peak|peak_id=7,28,220110n_0020.tif,/Users/cudmore/Sites/cs_project/cloudscope-data/data-samples/diameter-sample-data/Control/220110n_0020.tif.frames/220110n_0020.tif,220110n_0020.tif.frames,Control,,,,,,,,,True,0,1,0.0041684,0.414,260630,19:53:50.222,1,ok,2500,11,305,0.0041684,1268.6874722405555,percentile,20.0,1.0,single_exponential,derivative_threshold,df_f_signal,150.0,500.0,100.0,1.074740551358388,1.078126425846533,0,,peak,7,ok,0,,1428,5.9524752,-0.09773102632753054,1462,6.0942008,0.9338662323408529,1.0315972586683835,derivative_threshold,0.9920792,0.9879107999999999,-0.09445639308865805,ok,,0.011291752148279648,ok,,1.028322625429511,ok,,,failed,left_10_or_left_90_unavailable,,failed,right_90_or_right_10_unavailable,,failed,right_90_or_right_10_unavailable,17.314415235992772,ok,,,failed,right_10_crossing_unavailable,,failed,left_10_or_right_10_unavailable,0.005428699539307816,1429.7866571976294,,,,right_not_found_within_width_search_window,0.10858842540614617,1431.3218124897867,,,,right_not_found_within_width_search_window,0.4180676030066612,1436.6321591612743,1562.3276032119898,125.69544405071542,0.5239488889810022,ok,0.7275467806071764,1444.1123020960238,1527.391427547713,83.2791254516892,0.34714070653282125,ok,0.8307065064740147,1447.6706998783725,1510.2019313818687,62.5312315034962,0.2606551853991736,ok
/Users/cudmore/Sites/cs_project/cloudscope-data/data-samples/diameter-sample-data/Control/220110n_0020.tif.frames/220110n_0020.tif|channel=0|roi_id=1|peak_row_type=peak|peak_id=8,29,220110n_0020.tif,/Users/cudmore/Sites/cs_project/cloudscope-data/data-samples/diameter-sample-data/Control/220110n_0020.tif.frames/220110n_0020.tif,220110n_0020.tif.frames,Control,,,,,,,,,True,0,1,0.0041684,0.414,260630,19:53:50.222,1,ok,2500,11,305,0.0041684,1268.6874722405555,percentile,20.0,1.0,single_exponential,derivative_threshold,df_f_signal,150.0,500.0,100.0,1.074740551358388,1.078126425846533,0,,peak,8,ok,0,,1664,6.9362176,-0.09686597531540404,1696,7.0696064000000005,0.9241306115355086,1.0209965868509125,derivative_threshold,0.9837423999999997,0.9754056000000002,-0.08532209974138744,ok,,0.011580011760629871,ok,,1.009452711276896,ok,,,failed,left_10_or_left_90_unavailable,,failed,right_90_or_right_10_unavailable,,failed,right_90_or_right_10_unavailable,16.064230598101663,ok,,,failed,right_10_crossing_unavailable,,failed,left_10_or_right_10_unavailable,0.005233683369687214,1666.7232954432716,,,,right_not_found_within_width_search_window,0.10733334205477847,1668.3906514937519,,,,right_not_found_within_width_search_window,0.41363231811005224,1674.4725061419695,1800.2030619392638,125.7305557972943,0.5240952487854416,ok,0.719931294165326,1681.1055646945401,1763.3854522718461,82.279887577306,0.3429754833772423,ok,0.8220309528504173,1684.5560648656822,1746.8790020488664,62.322937183184195,0.259786931354385,ok
/Users/cudmore/Sites/cs_project/cloudscope-data/data-samples/diameter-sample-data/Control/220110n_0020.tif.frames/220110n_0020.tif|channel=0|roi_id=1|peak_row_type=peak|peak_id=9,30,220110n_0020.tif,/Users/cudmore/Sites/cs_project/cloudscope-data/data-samples/diameter-sample-data/Control/220110n_0020.tif.frames/220110n_0020.tif,220110n_0020.tif.frames,Control,,,,,,,,,True,0,1,0.0041684,0.414,260630,19:53:50.222,1,ok,2500,11,305,0.0041684,1268.6874722405555,percentile,20.0,1.0,single_exponential,derivative_threshold,df_f_signal,150.0,500.0,100.0,1.074740551358388,1.078126425846533,0,,peak,9,ok,0,,1901,7.9241284,-0.09733524078700184,1934,8.0616856,0.9124674031896884,1.0098026439766903,derivative_threshold,0.9879107999999999,0.9920792,-0.07224182831461433,ok,,0.012527267859638928,ok,,0.9847092315043028,ok,,,failed,left_10_or_left_90_unavailable,,failed,right_90_or_right_10_unavailable,,failed,right_90_or_right_10_unavailable,15.329557481149417,ok,,,failed,right_10_crossing_unavailable,,failed,left_10_or_right_10_unavailable,0.0036450236106671946,1903.9912784314001,,,,right_not_found_within_width_search_window,0.10462528800833623,1905.6095546457595,,,,right_not_found_within_width_search_window,0.4075660812013433,1911.8944871398705,2039.2229867065241,127.32849956665359,0.5307561175936388,ok,0.7105068743943505,1918.6259158438877,2002.38545660668,83.75954076279231,0.3491432697156235,ok,0.8114871387920194,1922.3425386531353,1985.3713737343423,63.028835081207035,0.2627293961525034,ok
/Users/cudmore/Sites/cs_project/cloudscope-data/data-samples/diameter-sample-data/Control/220110n_0020.tif.frames/220110n_0020.tif|channel=0|roi_id=1|peak_row_type=peak|peak_id=10,31,220110n_0020.tif,/Users/cudmore/Sites/cs_project/cloudscope-data/data-samples/diameter-sample-data/Control/220110n_0020.tif.frames/220110n_0020.tif,220110n_0020.tif.frames,Control,,,,,,,,,True,0,1,0.0041684,0.414,260630,19:53:50.222,1,ok,2500,11,305,0.0041684,1268.6874722405555,percentile,20.0,1.0,single_exponential,derivative_threshold,df_f_signal,150.0,500.0,100.0,1.074740551358388,1.078126425846533,0,,peak,10,ok,0,,2138,8.9120392,-0.08857020621429375,2174,9.0621016,0.8903149013137883,0.9788851075280821,derivative_threshold,0.9879108000000008,1.0004159999999995,-0.06160351669116135,ok,,0.017075556781671695,ok,,0.9519184180049497,ok,,,failed,left_10_or_left_90_unavailable,,failed,right_90_or_right_10_unavailable,,failed,right_90_or_right_10_unavailable,13.443275647199439,ok,,,failed,right_10_crossing_unavailable,,failed,left_10_or_right_10_unavailable,0.009318304538514469,2141.007512918964,,,,right_not_found_within_width_search_window,0.10720681529132269,2142.77248989556,,,,right_not_found_within_width_search_window,0.4008723475497473,2149.2284557956923,2279.4153190822126,130.1868632865203,0.5426709209235312,ok,0.6945378798081719,2156.544158423968,2244.160149744318,87.61599132035008,0.3652184982197473,ok,0.7924263905609801,2160.3634325540784,2228.223133117268,67.85970056318956,0.2828663758275994,ok
/Users/cudmore/Sites/cs_project/cloudscope-data/data-samples/diameter-sample-data/Control/220110n_0020.tif.frames/220110n_0020.tif|channel=0|roi_id=1|peak_row_type=peak|peak_id=11,32,220110n_0020.tif,/Users/cudmore/Sites/cs_project/cloudscope-data/data-samples/diameter-sample-data/Control/220110n_0020.tif.frames/220110n_0020.tif,220110n_0020.tif.frames,Control,,,,,,,,,True,0,1,0.0041684,0.414,260630,19:53:50.222,1,ok,2500,11,305,0.0041684,1268.6874722405555,percentile,20.0,1.0,single_exponential,derivative_threshold,df_f_signal,150.0,500.0,100.0,1.074740551358388,1.078126425846533,0,,peak,11,ok,0,,2376,9.9041184,-0.08002563903761659,2411,10.0500124,0.8679705710436922,0.9479962100813089,derivative_threshold,0.9920791999999992,0.9879107999999999,-0.05842940086600431,ok,,0.01904790880313467,ok,,0.9263999719096966,ok,,,failed,left_10_or_left_90_unavailable,,failed,right_90_or_right_10_unavailable,,failed,right_90_or_right_10_unavailable,12.930554571847527,ok,,,failed,right_10_crossing_unavailable,,failed,left_10_or_right_10_unavailable,0.0147739819705143,2378.1809848728844,,,,right_not_found_within_width_search_window,0.10957360297864518,2380.0127951173213,,,,right_not_found_within_width_search_window,0.3939724660030378,2386.98781335726,,,,right_not_found_within_width_search_window,0.6783713290274305,2394.500408667397,2484.2151243189955,89.71471565159845,0.373966820722123,ok,0.7731709500355614,2398.93189472282,2467.2774718626147,68.34557713979484,0.28489170374952083,ok
/Users/cudmore/Sites/cs_project/cloudscope-data/data-samples/diameter-sample-data/Control/220110n_0022.tif.frames/220110n_0022.tif|channel=0|roi_id=1|peak_row_type=peak|peak_id=1,33,220110n_0022.tif,/Users/cudmore/Sites/cs_project/cloudscope-data/data-samples/diameter-sample-data/Control/220110n_0022.tif.frames/220110n_0022.tif,220110n_0022.tif.frames,Control,,,,,,,,,True,0,1,0.0041284,0.414,260630,19:54:35.029,1,ok,2500,10,302,0.0041284,1422.3402020737956,percentile,20.0,1.0,single_exponential,derivative_threshold,df_f_signal,150.0,500.0,100.0,0.8376074667701758,0.8276057203660064,0,,peak,1,ok,0,,110,0.45412399999999997,-0.04303913392200708,146,0.6027464,0.7674410354825102,0.8104801694045173,derivative_threshold,,,-0.047386451758314324,ok,,0.012275247937891063,ok,,0.8148274872408245,ok,,,failed,left_10_or_left_90_unavailable,,failed,right_90_or_right_10_unavailable,,failed,right_90_or_right_10_unavailable,18.487424391913386,ok,,,failed,right_10_crossing_unavailable,,failed,left_10_or_right_10_unavailable,0.03800888301844465,111.17494236549156,,,,right_not_found_within_width_search_window,0.11905689995889637,112.24356372758704,,,,right_not_found_within_width_search_window,0.36220095078025155,115.67614665384441,227.82790170440498,112.15175505056057,0.4630073055507342,ok,0.6053450016016068,120.8613487630869,184.1027023906387,63.24135362755182,0.26108560431598493,ok,0.6863930185420585,124.64072632571852,166.61542616111245,41.974699835393935,0.1732883508004403,ok
/Users/cudmore/Sites/cs_project/cloudscope-data/data-samples/diameter-sample-data/Control/220110n_0022.tif.frames/220110n_0022.tif|channel=0|roi_id=1|peak_row_type=peak|peak_id=2,34,220110n_0022.tif,/Users/cudmore/Sites/cs_project/cloudscope-data/data-samples/diameter-sample-data/Control/220110n_0022.tif.frames/220110n_0022.tif,220110n_0022.tif.frames,Control,,,,,,,,,True,0,1,0.0041284,0.414,260630,19:54:35.029,1,ok,2500,10,302,0.0041284,1422.3402020737956,percentile,20.0,1.0,single_exponential,derivative_threshold,df_f_signal,150.0,500.0,100.0,0.8376074667701758,0.8276057203660064,0,,peak,2,ok,0,,349,1.4408116,-0.06730760083772312,369,1.5233796,0.8437132201543448,0.9110208209920679,derivative_threshold,0.9866876,0.9206331999999999,-0.05357203863947368,ok,,0.006917687360554261,ok,,0.8972852587938185,ok,,,failed,left_10_or_left_90_unavailable,,failed,right_90_or_right_10_unavailable,,failed,right_90_or_right_10_unavailable,23.43345513777642,ok,,,failed,right_10_crossing_unavailable,,failed,left_10_or_right_10_unavailable,0.023794481261483674,350.6636198887002,,,,right_not_found_within_width_search_window,0.11489656336069047,351.8431124205518,,,,right_not_found_within_width_search_window,0.38820280965831083,354.9024495508441,467.470684232191,112.5682346813469,0.4647267000584725,ok,0.6615090559559312,359.00068924132125,409.0849380854992,50.08424884417792,0.20676781292830412,ok,0.752611138055138,361.54301266806345,384.2343586029272,22.69134593486376,0.09367895255749155,ok
/Users/cudmore/Sites/cs_project/cloudscope-data/data-samples/diameter-sample-data/Control/220110n_0022.tif.frames/220110n_0022.tif|channel=0|roi_id=1|peak_row_type=peak|peak_id=3,35,220110n_0022.tif,/Users/cudmore/Sites/cs_project/cloudscope-data/data-samples/diameter-sample-data/Control/220110n_0022.tif.frames/220110n_0022.tif,220110n_0022.tif.frames,Control,,,,,,,,,True,0,1,0.0041284,0.414,260630,19:54:35.029,1,ok,2500,10,302,0.0041284,1422.3402020737956,percentile,20.0,1.0,single_exponential,derivative_threshold,df_f_signal,150.0,500.0,100.0,0.8376074667701758,0.8276057203660064,0,,peak,3,ok,0,,589,2.4316276,-0.07533450270589802,615,2.538966,0.787426036951177,0.862760539657075,derivative_threshold,0.9908160000000001,1.0155864,-0.07032920743633442,ok,,0.011197868975700012,ok,,0.8577552443875114,ok,,,failed,left_10_or_left_90_unavailable,,failed,right_90_or_right_10_unavailable,,failed,right_90_or_right_10_unavailable,19.657529972057006,ok,,,failed,right_10_crossing_unavailable,,failed,left_10_or_right_10_unavailable,0.010941551259809487,590.2437120648883,,,,right_not_found_within_width_search_window,0.09721760522551699,591.3549652254371,,,,right_not_found_within_width_search_window,0.35604576712263947,594.916915748884,706.3516796039609,111.43476385507688,0.4600472790992994,ok,0.614873929019762,600.5924231825451,657.9555761733651,57.363152990820026,0.2368180408073014,ok,0.7011499829854695,604.0704817668327,634.7355847889522,30.665103022119524,0.12659781131651823,ok
/Users/cudmore/Sites/cs_project/cloudscope-data/data-samples/diameter-sample-data/Control/220110n_0022.tif.frames/220110n_0022.tif|channel=0|roi_id=1|peak_row_type=peak|peak_id=4,36,220110n_0022.tif,/Users/cudmore/Sites/cs_project/cloudscope-data/data-samples/diameter-sample-data/Control/220110n_0022.tif.frames/220110n_0022.tif,220110n_0022.tif.frames,Control,,,,,,,,,True,0,1,0.0041284,0.414,260630,19:54:35.029,1,ok,2500,10,302,0.0041284,1422.3402020737956,percentile,20.0,1.0,single_exponential,derivative_threshold,df_f_signal,150.0,500.0,100.0,0.8376074667701758,0.8276057203660064,0,,peak,4,ok,0,,828,3.4183152,-0.09388060723986001,851,3.5132684,0.8098695481874416,0.9037501554273016,derivative_threshold,0.9866875999999998,0.9743024,-0.0844847718867821,ok,,0.009680797238691603,ok,,0.8943543200742237,ok,,,failed,left_10_or_left_90_unavailable,,failed,right_90_or_right_10_unavailable,,failed,right_90_or_right_10_unavailable,20.260909726595393,ok,,,failed,right_10_crossing_unavailable,,failed,left_10_or_right_10_unavailable,-0.0035055916971298423,830.0688229443087,,,,right_not_found_within_width_search_window,0.08686942384560033,831.1969550508779,,,,right_not_found_within_width_search_window,0.3579944704737908,834.7044963976475,948.2760153867691,113.57151898912161,0.46886865899468966,ok,0.6291195171019813,839.557528171647,894.6514598942867,55.093931722639695,0.22744978772374572,ok,0.7194945326447114,842.2606086469779,868.7902413297414,26.529632682763577,0.10952493556752115,ok
/Users/cudmore/Sites/cs_project/cloudscope-data/data-samples/diameter-sample-data/Control/220110n_0022.tif.frames/220110n_0022.tif|channel=0|roi_id=1|peak_row_type=peak|peak_id=5,37,220110n_0022.tif,/Users/cudmore/Sites/cs_project/cloudscope-data/data-samples/diameter-sample-data/Control/220110n_0022.tif.frames/220110n_0022.tif,220110n_0022.tif.frames,Control,,,,,,,,,True,0,1,0.0041284,0.414,260630,19:54:35.029,1,ok,2500,10,302,0.0041284,1422.3402020737956,percentile,20.0,1.0,single_exponential,derivative_threshold,df_f_signal,150.0,500.0,100.0,0.8376074667701758,0.8276057203660064,0,,peak,5,ok,0,,1069,4.4132596,-0.06758525301148341,1090,4.499956,0.7663982520334724,0.8339835050449559,derivative_threshold,0.9949444000000001,0.9866876000000002,-0.08112137902513995,ok,,0.011174513724445353,ok,,0.8475196310586124,ok,,,failed,left_10_or_left_90_unavailable,,failed,right_90_or_right_10_unavailable,,failed,right_90_or_right_10_unavailable,18.817305612947443,ok,,,failed,right_10_crossing_unavailable,,failed,left_10_or_right_10_unavailable,0.015813097493012185,1070.2269750200594,,,,right_not_found_within_width_search_window,0.09921144799750778,1071.395511291692,,,,right_not_found_within_width_search_window,0.34940649951099456,1074.848918187747,1188.1504011373522,113.30148294960532,0.46775384220915056,ok,0.5996015510244813,1080.2485765446352,1141.4709773500986,61.222400805463394,0.2527505594852751,ok,0.6829999015289768,1083.7198856720602,1114.9661071048874,31.24622143282727,0.12899690056328408,ok
/Users/cudmore/Sites/cs_project/cloudscope-data/data-samples/diameter-sample-data/Control/220110n_0022.tif.frames/220110n_0022.tif|channel=0|roi_id=1|peak_row_type=peak|peak_id=6,38,220110n_0022.tif,/Users/cudmore/Sites/cs_project/cloudscope-data/data-samples/diameter-sample-data/Control/220110n_0022.tif.frames/220110n_0022.tif,220110n_0022.tif.frames,Control,,,,,,,,,True,0,1,0.0041284,0.414,260630,19:54:35.029,1,ok,2500,10,302,0.0041284,1422.3402020737956,percentile,20.0,1.0,single_exponential,derivative_threshold,df_f_signal,150.0,500.0,100.0,0.8376074667701758,0.8276057203660064,0,,peak,6,ok,0,,1308,5.3999472,-0.08083037404884631,1329,5.4866436,0.781871675353488,0.8627020494023343,derivative_threshold,0.9866875999999998,0.9866875999999998,-0.07596788024676988,ok,,0.005570233773646214,ok,,0.8578395556002579,ok,,,failed,left_10_or_left_90_unavailable,,failed,right_90_or_right_10_unavailable,,failed,right_90_or_right_10_unavailable,20.562597894183718,ok,,,failed,right_10_crossing_unavailable,,failed,left_10_or_right_10_unavailable,0.0054398308913871235,1309.7763043055327,,,,right_not_found_within_width_search_window,0.09171003583162056,1311.1944689630373,,,,right_not_found_within_width_search_window,0.35052065065232085,1314.4430725999039,1429.4566567189,115.01358411899605,0.47482208067686327,ok,0.6093312654730212,1319.7644525071191,1378.8575933933855,59.09314088626638,0.24396012283486213,ok,0.6956014704132546,1322.8070016051122,1351.9928535467404,29.185851941628243,0.12049087115581804,ok
/Users/cudmore/Sites/cs_project/cloudscope-data/data-samples/diameter-sample-data/Control/220110n_0022.tif.frames/220110n_0022.tif|channel=0|roi_id=1|peak_row_type=peak|peak_id=7,39,220110n_0022.tif,/Users/cudmore/Sites/cs_project/cloudscope-data/data-samples/diameter-sample-data/Control/220110n_0022.tif.frames/220110n_0022.tif,220110n_0022.tif.frames,Control,,,,,,,,,True,0,1,0.0041284,0.414,260630,19:54:35.029,1,ok,2500,10,302,0.0041284,1422.3402020737956,percentile,20.0,1.0,single_exponential,derivative_threshold,df_f_signal,150.0,500.0,100.0,0.8376074667701758,0.8276057203660064,0,,peak,7,ok,0,,1548,6.3907632,-0.0724841235934358,1572,6.4898448,0.7487438120936212,0.821227935687057,derivative_threshold,0.9908160000000006,1.0032012000000003,-0.07342216124044425,ok,,0.00801051305996883,ok,,0.8221659733340654,ok,,,failed,left_10_or_left_90_unavailable,,failed,right_90_or_right_10_unavailable,,failed,right_90_or_right_10_unavailable,18.762322328756255,ok,,,failed,right_10_crossing_unavailable,,failed,left_10_or_right_10_unavailable,0.009638669975269909,1549.5819741444413,,,,right_not_found_within_width_search_window,0.09176146354397562,1550.8505412366328,,,,right_not_found_within_width_search_window,0.3381298442500927,1554.2501553303152,1670.994444746834,116.74428941651877,0.48196712442715606,ok,0.5844982249562098,1559.2511042248964,1626.8430734050603,67.59196918016391,0.2790466855633887,ok,0.6666210185249155,1562.4132427136528,1599.9913939415599,37.57815122790703,0.15513763952929138,ok
/Users/cudmore/Sites/cs_project/cloudscope-data/data-samples/diameter-sample-data/Control/220110n_0022.tif.frames/220110n_0022.tif|channel=0|roi_id=1|peak_row_type=peak|peak_id=8,40,220110n_0022.tif,/Users/cudmore/Sites/cs_project/cloudscope-data/data-samples/diameter-sample-data/Control/220110n_0022.tif.frames/220110n_0022.tif,220110n_0022.tif.frames,Control,,,,,,,,,True,0,1,0.0041284,0.414,260630,19:54:35.029,1,ok,2500,10,302,0.0041284,1422.3402020737956,percentile,20.0,1.0,single_exponential,derivative_threshold,df_f_signal,150.0,500.0,100.0,0.8376074667701758,0.8276057203660064,0,,peak,8,ok,0,,1788,7.3815792,-0.06719340065087573,1811,7.4765324,0.749646099890885,0.8168395005417608,derivative_threshold,0.9908159999999997,0.9866875999999998,-0.06672514830124054,ok,,0.014803622807770925,ok,,0.8163712481921256,ok,,,failed,left_10_or_left_90_unavailable,,failed,right_90_or_right_10_unavailable,,failed,right_90_or_right_10_unavailable,17.439958294230205,ok,,,failed,right_10_crossing_unavailable,,failed,left_10_or_right_10_unavailable,0.014490549403300357,1789.7153302472811,,,,right_not_found_within_width_search_window,0.09617449945747644,1791.108564772674,,,,right_not_found_within_width_search_window,0.34122634962000464,1795.00986657665,1913.553786229674,118.54391965302398,0.4893967178955442,ok,0.5862781997825329,1800.0782660924601,1868.905043919188,68.82677782672795,0.28414446957986367,ok,0.667962149836709,1802.8345663019336,1840.6769037194586,37.84233741752496,0.15622830579451005,ok
/Users/cudmore/Sites/cs_project/cloudscope-data/data-samples/diameter-sample-data/Control/220110n_0022.tif.frames/220110n_0022.tif|channel=0|roi_id=1|peak_row_type=peak|peak_id=9,41,220110n_0022.tif,/Users/cudmore/Sites/cs_project/cloudscope-data/data-samples/diameter-sample-data/Control/220110n_0022.tif.frames/220110n_0022.tif,220110n_0022.tif.frames,Control,,,,,,,,,True,0,1,0.0041284,0.414,260630,19:54:35.029,1,ok,2500,10,302,0.0041284,1422.3402020737956,percentile,20.0,1.0,single_exponential,derivative_threshold,df_f_signal,150.0,500.0,100.0,0.8376074667701758,0.8276057203660064,0,,peak,9,ok,0,,2028,8.3723952,-0.04938597666031711,2052,8.4714768,0.7275299050567477,0.7769158817170648,derivative_threshold,0.9908159999999997,0.9949443999999996,-0.05560135717831923,ok,,0.01386036394714759,ok,,0.783131262235067,ok,,,failed,left_10_or_left_90_unavailable,,failed,right_90_or_right_10_unavailable,,failed,right_90_or_right_10_unavailable,16.667967883284913,ok,,,failed,right_10_crossing_unavailable,,failed,left_10_or_right_10_unavailable,0.028305611511389377,2029.615529293553,,,,right_not_found_within_width_search_window,0.10599719968309587,2031.244354214545,,,,right_not_found_within_width_search_window,0.3390719641982153,2034.8915280489443,2154.6324388299668,119.74091078102242,0.49433837606837294,ok,0.5721467287133348,2040.0193082560404,2113.0624598625104,73.04315160647002,0.3015513470921508,ok,0.6498383168850412,2042.9923680866423,2088.2255196896194,45.23315160297716,0.18674054307773091,ok
/Users/cudmore/Sites/cs_project/cloudscope-data/data-samples/diameter-sample-data/Control/220110n_0022.tif.frames/220110n_0022.tif|channel=0|roi_id=1|peak_row_type=peak|peak_id=10,42,220110n_0022.tif,/Users/cudmore/Sites/cs_project/cloudscope-data/data-samples/diameter-sample-data/Control/220110n_0022.tif.frames/220110n_0022.tif,220110n_0022.tif.frames,Control,,,,,,,,,True,0,1,0.0041284,0.414,260630,19:54:35.029,1,ok,2500,10,302,0.0041284,1422.3402020737956,percentile,20.0,1.0,single_exponential,derivative_threshold,df_f_signal,150.0,500.0,100.0,0.8376074667701758,0.8276057203660064,0,,peak,10,ok,0,,2267,9.3590828,-0.048474215164147266,2296,9.4788064,0.7279198946634757,0.776394109827623,derivative_threshold,0.9866875999999998,1.0073296000000003,-0.04268667101102679,ok,,0.01269825433761295,ok,,0.7706065656745025,ok,,,failed,left_10_or_left_90_unavailable,,failed,right_90_or_right_10_unavailable,,failed,right_90_or_right_10_unavailable,14.03874842387646,ok,,,failed,right_10_crossing_unavailable,,failed,left_10_or_right_10_unavailable,0.02916519581861504,2269.2013930290154,,,,right_not_found_within_width_search_window,0.10680460680137735,2270.6859458389727,,,,right_not_found_within_width_search_window,0.3397228397496642,2274.9770882857024,2396.0244207464402,121.04733246073783,0.49973180733091005,ok,0.5726410726979512,2280.280504347238,2356.1044471265445,75.82394277930644,0.3130315653700887,ok,0.6502804836807135,2283.303680550337,2328.9680653781597,45.66438482782269,0.18852084632318317,ok
/Users/cudmore/Sites/cs_project/cloudscope-data/data-samples/diameter-sample-data/Control/220110n_0023.tif.frames/220110n_0023.tif|channel=0|roi_id=1|peak_row_type=peak|peak_id=1,43,220110n_0023.tif,/Users/cudmore/Sites/cs_project/cloudscope-data/data-samples/diameter-sample-data/Control/220110n_0023.tif.frames/220110n_0023.tif,220110n_0023.tif.frames,Control,,,,,,,,,True,0,1,0.0041284,0.414,260630,19:55:42.508,1,ok,2500,11,273,0.0041284,1374.2533657840318,percentile,20.0,1.0,single_exponential,derivative_threshold,df_f_signal,150.0,500.0,100.0,0.7665900085335834,0.7721800629319043,0,,peak,1,ok,0,,6,0.024770399999999998,-0.11844784233365413,31,0.1279804,0.7474608433573172,0.8659086856909713,derivative_threshold,,,-0.1326464000476816,ok,,0.003539139514069069,ok,,0.8801072434049988,ok,,,failed,left_10_or_left_90_unavailable,,failed,right_90_or_right_10_unavailable,,failed,right_90_or_right_10_unavailable,16.814763890307432,ok,,,failed,right_10_crossing_unavailable,,failed,left_10_or_right_10_unavailable,-0.031856973764556984,7.7963180316623095,,,,right_not_found_within_width_search_window,0.05473389480454016,9.12822962536712,,,,right_not_found_within_width_search_window,0.31450650051183154,12.996619070572695,133.4794634815878,120.48284441101511,0.49740137486643476,ok,0.574279106219123,18.748525610799167,92.41299267457428,73.66446706377512,0.3041163858260892,ok,0.6608699747882201,21.323145990998004,65.48650309236675,44.163357101368746,0.18232400345729072,ok
/Users/cudmore/Sites/cs_project/cloudscope-data/data-samples/diameter-sample-data/Control/220110n_0023.tif.frames/220110n_0023.tif|channel=0|roi_id=1|peak_row_type=peak|peak_id=2,44,220110n_0023.tif,/Users/cudmore/Sites/cs_project/cloudscope-data/data-samples/diameter-sample-data/Control/220110n_0023.tif.frames/220110n_0023.tif,220110n_0023.tif.frames,Control,,,,,,,,,True,0,1,0.0041284,0.414,260630,19:55:42.508,1,ok,2500,11,273,0.0041284,1374.2533657840318,percentile,20.0,1.0,single_exponential,derivative_threshold,df_f_signal,150.0,500.0,100.0,0.7665900085335834,0.7721800629319043,0,,peak,2,ok,0,,246,1.0155864,-0.11913758184086248,281,1.1600804,0.71960648093191,0.8387440627727725,derivative_threshold,0.9908159999999999,1.0321,-0.12457175622677974,ok,,0.01588034478940748,ok,,0.8441782371586898,ok,,,failed,left_10_or_left_90_unavailable,,failed,right_90_or_right_10_unavailable,,failed,right_90_or_right_10_unavailable,14.695781970111128,ok,,,failed,right_10_crossing_unavailable,,failed,left_10_or_right_10_unavailable,-0.03526317556358523,247.77371319956134,,,,right_not_found_within_width_search_window,0.04861123071369203,249.38168045967183,,,,right_not_found_within_width_search_window,0.30023444954552375,253.7987308337401,375.473756520829,121.67502568708889,0.5023231760465777,ok,0.5518576683773555,259.46573152737267,334.83507902063656,75.36934749326389,0.3111548141911906,ok,0.6357320746546327,262.795441545071,311.334110796535,48.538669251464,0.20038704213774397,ok
/Users/cudmore/Sites/cs_project/cloudscope-data/data-samples/diameter-sample-data/Control/220110n_0023.tif.frames/220110n_0023.tif|channel=0|roi_id=1|peak_row_type=peak|peak_id=3,45,220110n_0023.tif,/Users/cudmore/Sites/cs_project/cloudscope-data/data-samples/diameter-sample-data/Control/220110n_0023.tif.frames/220110n_0023.tif,220110n_0023.tif.frames,Control,,,,,,,,,True,0,1,0.0041284,0.414,260630,19:55:42.508,1,ok,2500,11,273,0.0041284,1374.2533657840318,percentile,20.0,1.0,single_exponential,derivative_threshold,df_f_signal,150.0,500.0,100.0,0.7665900085335834,0.7721800629319043,0,,peak,3,ok,0,,486,2.0064024,-0.10594250564955156,515,2.126126,0.7057820593170638,0.8117245649666154,derivative_threshold,0.9908159999999999,0.9660456000000002,-0.11828766197932854,ok,,0.014777372874991812,ok,,0.8240697212963923,ok,,,failed,left_10_or_left_90_unavailable,,failed,right_90_or_right_10_unavailable,,failed,right_90_or_right_10_unavailable,15.717181051913471,ok,,,failed,right_10_crossing_unavailable,,failed,left_10_or_right_10_unavailable,-0.02477004915289001,487.77561636657924,,,,right_not_found_within_width_search_window,0.05640240734377154,489.33671901016703,,,,right_not_found_within_width_search_window,0.29991977683375615,493.40364683845445,616.1485325640116,122.74488572555714,0.5067399862293901,ok,0.5434371463237408,499.22452430507434,576.1849013690356,76.96037706396129,0.3177232206708578,ok,0.6246096028204023,502.6233449697521,551.9366826783959,49.31333770864376,0.2035851833963649,ok
/Users/cudmore/Sites/cs_project/cloudscope-data/data-samples/diameter-sample-data/Control/220110n_0023.tif.frames/220110n_0023.tif|channel=0|roi_id=1|peak_row_type=peak|peak_id=4,46,220110n_0023.tif,/Users/cudmore/Sites/cs_project/cloudscope-data/data-samples/diameter-sample-data/Control/220110n_0023.tif.frames/220110n_0023.tif,220110n_0023.tif.frames,Control,,,,,,,,,True,0,1,0.0041284,0.414,260630,19:55:42.508,1,ok,2500,11,273,0.0041284,1374.2533657840318,percentile,20.0,1.0,single_exponential,derivative_threshold,df_f_signal,150.0,500.0,100.0,0.7665900085335834,0.7721800629319043,0,,peak,4,ok,0,,725,2.99309,-0.10993152883330588,758,3.1293272,0.6876625982748114,0.7975941271081173,derivative_threshold,0.9866876000000002,1.0032012,-0.11130649553494469,ok,,0.01706226115766299,ok,,0.798969093809756,ok,,,failed,left_10_or_left_90_unavailable,,failed,right_90_or_right_10_unavailable,,failed,right_90_or_right_10_unavailable,12.789215295837419,ok,,,failed,right_10_crossing_unavailable,,failed,left_10_or_right_10_unavailable,-0.030172116122494153,726.9588712633517,,,,right_not_found_within_width_search_window,0.04958729658831758,728.6970644612165,,,,right_not_found_within_width_search_window,0.28886553472075277,733.5952729196378,857.2405389336893,123.64526601405157,0.5104571162124105,ok,0.5281437728531879,740.0876613507234,819.1089915490087,79.02133019828534,0.3262316595906012,ok,0.6079031855639997,743.2803705826706,797.8701531920785,54.58978260940796,0.22536845852467982,ok
/Users/cudmore/Sites/cs_project/cloudscope-data/data-samples/diameter-sample-data/Control/220110n_0023.tif.frames/220110n_0023.tif|channel=0|roi_id=1|peak_row_type=peak|peak_id=5,47,220110n_0023.tif,/Users/cudmore/Sites/cs_project/cloudscope-data/data-samples/diameter-sample-data/Control/220110n_0023.tif.frames/220110n_0023.tif,220110n_0023.tif.frames,Control,,,,,,,,,True,0,1,0.0041284,0.414,260630,19:55:42.508,1,ok,2500,11,273,0.0041284,1374.2533657840318,percentile,20.0,1.0,single_exponential,derivative_threshold,df_f_signal,150.0,500.0,100.0,0.7665900085335834,0.7721800629319043,0,,peak,5,ok,0,,966,3.9880344,-0.09316601229125335,995,4.107758,0.6812903480672495,0.7744563603585028,derivative_threshold,0.9949444000000001,0.9784307999999995,-0.10703041475738743,ok,,0.015652937626671266,ok,,0.7883207628246369,ok,,,failed,left_10_or_left_90_unavailable,,failed,right_90_or_right_10_unavailable,,failed,right_90_or_right_10_unavailable,15.301391454053652,ok,,,failed,right_10_crossing_unavailable,,failed,left_10_or_right_10_unavailable,-0.015720376255403054,967.6720161457757,,,,right_not_found_within_width_search_window,0.06172525978044724,968.9991963064765,,,,right_not_found_within_width_search_window,0.2940621678879981,973.285580423088,1098.856983737216,125.57140331412802,0.5184089814420461,ok,0.526399075995549,980.3144421384027,1059.8562341280563,79.54179198965358,0.3283803340500858,ok,0.6038447120313992,983.4935948901561,1038.7393688059158,55.24577391575963,0.22807665303382205,ok
/Users/cudmore/Sites/cs_project/cloudscope-data/data-samples/diameter-sample-data/Control/220110n_0023.tif.frames/220110n_0023.tif|channel=0|roi_id=1|peak_row_type=peak|peak_id=6,48,220110n_0023.tif,/Users/cudmore/Sites/cs_project/cloudscope-data/data-samples/diameter-sample-data/Control/220110n_0023.tif.frames/220110n_0023.tif,220110n_0023.tif.frames,Control,,,,,,,,,True,0,1,0.0041284,0.414,260630,19:55:42.508,1,ok,2500,11,273,0.0041284,1374.2533657840318,percentile,20.0,1.0,single_exponential,derivative_threshold,df_f_signal,150.0,500.0,100.0,0.7665900085335834,0.7721800629319043,0,,peak,6,ok,0,,1205,4.974722,-0.09706877196588735,1240,5.119216,0.675111290966017,0.7721800629319043,derivative_threshold,0.9866875999999998,1.0114580000000002,-0.08326294087884727,ok,,0.015949034116924905,ok,,0.7583742318448642,ok,,,failed,left_10_or_left_90_unavailable,,failed,right_90_or_right_10_unavailable,,failed,right_90_or_right_10_unavailable,12.795349834668686,ok,,,failed,right_10_crossing_unavailable,,failed,left_10_or_right_10_unavailable,-0.01985076567269692,1206.8595988188947,,,,right_not_found_within_width_search_window,0.05736724062049352,1208.750101795625,,,,right_not_found_within_width_search_window,0.2890212595000648,1213.3026521769625,1339.294679364212,125.9920271872495,0.5201454850398408,ok,0.5206752783796361,1220.3471177501965,1300.6264419565566,80.27932420636012,0.3314251620535371,ok,0.5978932846728265,1224.0311601829599,1279.206103981098,55.1749437981382,0.22778423797623376,ok
/Users/cudmore/Sites/cs_project/cloudscope-data/data-samples/diameter-sample-data/Control/220110n_0023.tif.frames/220110n_0023.tif|channel=0|roi_id=1|peak_row_type=peak|peak_id=7,49,220110n_0023.tif,/Users/cudmore/Sites/cs_project/cloudscope-data/data-samples/diameter-sample-data/Control/220110n_0023.tif.frames/220110n_0023.tif,220110n_0023.tif.frames,Control,,,,,,,,,True,0,1,0.0041284,0.414,260630,19:55:42.508,1,ok,2500,11,273,0.0041284,1374.2533657840318,percentile,20.0,1.0,single_exponential,derivative_threshold,df_f_signal,150.0,500.0,100.0,0.7665900085335834,0.7721800629319043,0,,peak,7,ok,0,,1445,5.965538,-0.08220851066189419,1476,6.0935184,0.679857161851089,0.7620656725129832,derivative_threshold,0.9908159999999997,0.9743024,-0.07925786119134826,ok,,0.01635851669101756,ok,,0.7591150230424373,ok,,,failed,left_10_or_left_90_unavailable,,failed,right_90_or_right_10_unavailable,,failed,right_90_or_right_10_unavailable,12.149712797814445,ok,,,failed,right_10_crossing_unavailable,,failed,left_10_or_right_10_unavailable,-0.0060019434105958724,1446.9858908064427,,,,right_not_found_within_width_search_window,0.07020462384070245,1449.0656524812355,,,,right_not_found_within_width_search_window,0.2988243255945974,1454.7027992917112,1578.841585554502,124.13878626279075,0.5124945652073053,ok,0.5274440273484924,1460.8478270137052,1541.4511605761443,80.60333356243905,0.3327628022791734,ok,0.6036505945997908,1464.6205631684372,1519.0889406236265,54.468377455189284,0.22486724948600342,ok
/Users/cudmore/Sites/cs_project/cloudscope-data/data-samples/diameter-sample-data/Control/220110n_0023.tif.frames/220110n_0023.tif|channel=0|roi_id=1|peak_row_type=peak|peak_id=8,50,220110n_0023.tif,/Users/cudmore/Sites/cs_project/cloudscope-data/data-samples/diameter-sample-data/Control/220110n_0023.tif.frames/220110n_0023.tif,220110n_0023.tif.frames,Control,,,,,,,,,True,0,1,0.0041284,0.414,260630,19:55:42.508,1,ok,2500,11,273,0.0041284,1374.2533657840318,percentile,20.0,1.0,single_exponential,derivative_threshold,df_f_signal,150.0,500.0,100.0,0.7665900085335834,0.7721800629319043,0,,peak,8,ok,0,,1685,6.956354,-0.0641438918070679,1718,7.0925912,0.6694663751764931,0.733610266983561,derivative_threshold,0.9908160000000006,0.9990728000000004,-0.07272067266131145,ok,,0.015385366224475724,ok,,0.7421870478378045,ok,,,failed,left_10_or_left_90_unavailable,,failed,right_90_or_right_10_unavailable,,failed,right_90_or_right_10_unavailable,12.932871610977006,ok,,,failed,right_10_crossing_unavailable,,failed,left_10_or_right_10_unavailable,0.009217134891288212,1687.2093830143556,,,,right_not_found_within_width_search_window,0.08257816158964432,1688.7186022682222,,,,right_not_found_within_width_search_window,0.30266124168471265,1693.741523658454,1817.7362461669993,123.99472250854524,0.5118998124042782,ok,0.5227443217797809,1700.4994506354274,1781.110231855017,80.61078121958963,0.3327935491869538,ok,0.596105348478137,1703.5890442263556,1758.7077305606524,55.118686334296854,0.22755198466251111,ok
/Users/cudmore/Sites/cs_project/cloudscope-data/data-samples/diameter-sample-data/Control/220110n_0023.tif.frames/220110n_0023.tif|channel=0|roi_id=1|peak_row_type=peak|peak_id=9,51,220110n_0023.tif,/Users/cudmore/Sites/cs_project/cloudscope-data/data-samples/diameter-sample-data/Control/220110n_0023.tif.frames/220110n_0023.tif,220110n_0023.tif.frames,Control,,,,,,,,,True,0,1,0.0041284,0.414,260630,19:55:42.508,1,ok,2500,11,273,0.0041284,1374.2533657840318,percentile,20.0,1.0,single_exponential,derivative_threshold,df_f_signal,150.0,500.0,100.0,0.7665900085335834,0.7721800629319043,0,,peak,9,ok,0,,1925,7.94717,-0.05860906685914814,1961,8.0957924,0.6518078411612286,0.7104169080203767,derivative_threshold,0.9908159999999997,1.0032012000000003,-0.06710779758625722,ok,,0.014996811360484355,ok,,0.7189156387474858,ok,,,failed,left_10_or_left_90_unavailable,,failed,right_90_or_right_10_unavailable,,failed,right_90_or_right_10_unavailable,10.929135995932926,ok,,,failed,right_10_crossing_unavailable,,failed,left_10_or_right_10_unavailable,0.012432623942889534,1927.4667168542999,,,,right_not_found_within_width_search_window,0.08347431474492721,1929.2452065876491,,,,right_not_found_within_width_search_window,0.29659938715104023,1934.207103704882,2061.29877600751,127.09167230262779,0.5246852599341686,ok,0.5097244595571533,1941.0133620005151,2023.9545615008915,82.94119950037634,0.3424144480173537,ok,0.5807661503591909,1944.1020316278687,2004.9413123711063,60.83928074323762,0.2511688866203822,ok
/Users/cudmore/Sites/cs_project/cloudscope-data/data-samples/diameter-sample-data/Control/220110n_0023.tif.frames/220110n_0023.tif|channel=0|roi_id=1|peak_row_type=peak|peak_id=10,52,220110n_0023.tif,/Users/cudmore/Sites/cs_project/cloudscope-data/data-samples/diameter-sample-data/Control/220110n_0023.tif.frames/220110n_0023.tif,220110n_0023.tif.frames,Control,,,,,,,,,True,0,1,0.0041284,0.414,260630,19:55:42.508,1,ok,2500,11,273,0.0041284,1374.2533657840318,percentile,20.0,1.0,single_exponential,derivative_threshold,df_f_signal,150.0,500.0,100.0,0.7665900085335834,0.7721800629319043,0,,peak,10,ok,0,,2165,8.937986,-0.05782625263873686,2201,9.0866084,0.645180777323173,0.7030070299619099,derivative_threshold,0.9908160000000006,0.9908159999999988,-0.054596251196815944,ok,,0.016140723991678922,ok,,0.699777028519989,ok,,,failed,left_10_or_left_90_unavailable,,failed,right_90_or_right_10_unavailable,,failed,right_90_or_right_10_unavailable,9.817671465634398,ok,,,failed,right_10_crossing_unavailable,,failed,left_10_or_right_10_unavailable,0.01247445035745414,2167.222358469562,,,,right_not_found_within_width_search_window,0.08277515335364513,2169.0638946854688,,,,right_not_found_within_width_search_window,0.2936772623422181,2174.5176816635203,2302.888982563952,128.37130090043183,0.5299680786373427,ok,0.5045793713307911,2181.911192726154,2266.5536558005488,84.64246307439498,0.34943794455633226,ok,0.5748800743269821,2186.222003891754,2247.323674138876,61.101670247122,0.25225213544821845,ok
/Users/cudmore/Sites/cs_project/cloudscope-data/data-samples/diameter-sample-data/Control/220110n_0023.tif.frames/220110n_0023.tif|channel=0|roi_id=1|peak_row_type=peak|peak_id=11,53,220110n_0023.tif,/Users/cudmore/Sites/cs_project/cloudscope-data/data-samples/diameter-sample-data/Control/220110n_0023.tif.frames/220110n_0023.tif,220110n_0023.tif.frames,Control,,,,,,,,,True,0,1,0.0041284,0.414,260630,19:55:42.508,1,ok,2500,11,273,0.0041284,1374.2533657840318,percentile,20.0,1.0,single_exponential,derivative_threshold,df_f_signal,150.0,500.0,100.0,0.7665900085335834,0.7721800629319043,0,,peak,11,ok,0,,2405,9.928802,-0.024361869030152507,2440,10.073296,0.6384204835315502,0.6627823525617027,derivative_threshold,0.9908159999999988,0.9866875999999998,-0.029190881075633595,ok,,0.016883573112516835,ok,,0.6676113646071838,ok,,,failed,left_10_or_left_90_unavailable,,failed,right_90_or_right_10_unavailable,,failed,right_90_or_right_10_unavailable,9.307618293879889,ok,,,failed,right_10_crossing_unavailable,,failed,left_10_or_right_10_unavailable,0.041916366226017764,2407.288762840348,,,,right_not_found_within_width_search_window,0.10819460148218804,2409.028647717985,,,,right_not_found_within_width_search_window,0.3070293072506988,2415.1338845935334,,,,right_not_found_within_width_search_window,0.5058640130192097,2421.9524603935315,,,,right_not_found_within_width_search_window,0.57214224827538,2425.9460779694914,2488.391116100685,62.44503813119354,0.25779809542081944,ok
/Users/cudmore/Sites/cs_project/cloudscope-data/data-samples/diameter-sample-data/Control/220110n_0036.tif.frames/220110n_0036.tif|channel=0|roi_id=1|peak_row_type=peak|peak_id=1,54,220110n_0036.tif,/Users/cudmore/Sites/cs_project/cloudscope-data/data-samples/diameter-sample-data/Control/220110n_0036.tif.frames/220110n_0036.tif,220110n_0036.tif.frames,Control,,,,,,,,,True,0,1,0.0043884,0.414,260710,19:50:11.624,1,ok,2500,11,269,0.0043884,1238.0176882149879,percentile,20.0,1.0,single_exponential,derivative_threshold,df_f_signal,150.0,500.0,100.0,0.8625300487136133,0.8770590178424756,0,,peak,1,ok,0,,121,0.5309963999999999,-0.10352204866656478,155,0.680202,0.7735369691759109,0.8770590178424756,derivative_threshold,,,-0.09383641721990996,ok,,0.020948918542702828,ok,,0.8673733863958208,ok,,,failed,left_10_or_left_90_unavailable,,failed,right_90_or_right_10_unavailable,,failed,right_90_or_right_10_unavailable,9.937621017735639,ok,,,failed,right_10_crossing_unavailable,,failed,left_10_or_right_10_unavailable,-0.01581614688231721,123.74676367066122,,,,right_not_found_within_width_search_window,0.07188975490193036,126.30788908770535,,,,right_not_found_within_width_search_window,0.33500746025467304,134.34103757975438,251.5601874215907,117.21914984183633,0.5144045171659145,ok,0.5981251656074158,145.07250453218376,214.96936553046598,69.89686099828222,0.3067353848048617,ok,0.6858310673916633,148.8528545012553,199.06473725125937,50.211882750004065,0.22034982626011781,ok
/Users/cudmore/Sites/cs_project/cloudscope-data/data-samples/diameter-sample-data/Control/220110n_0036.tif.frames/220110n_0036.tif|channel=0|roi_id=1|peak_row_type=peak|peak_id=2,55,220110n_0036.tif,/Users/cudmore/Sites/cs_project/cloudscope-data/data-samples/diameter-sample-data/Control/220110n_0036.tif.frames/220110n_0036.tif,220110n_0036.tif.frames,Control,,,,,,,,,True,0,1,0.0043884,0.414,260710,19:50:11.624,1,ok,2500,11,269,0.0043884,1238.0176882149879,percentile,20.0,1.0,single_exponential,derivative_threshold,df_f_signal,150.0,500.0,100.0,0.8625300487136133,0.8770590178424756,0,,peak,2,ok,0,,347,1.5227747999999999,-0.1271355821119358,381,1.6719803999999998,0.8953731985459941,1.0225087806579298,derivative_threshold,0.9917784,0.9917783999999998,-0.12067521389177552,ok,,0.023908961151650997,ok,,1.0160484124377696,ok,,,failed,left_10_or_left_90_unavailable,,failed,right_90_or_right_10_unavailable,,failed,right_90_or_right_10_unavailable,11.931128537750915,ok,,,failed,right_10_crossing_unavailable,,failed,left_10_or_right_10_unavailable,-0.024884704046142805,350.6170270214284,,,,right_not_found_within_width_search_window,0.07736617401965018,353.13093805822825,,,,right_not_found_within_width_search_window,0.38411880821702915,360.35553730646296,478.07790329023396,117.722365983771,0.5166128308831807,ok,0.6908714424144081,370.400069159028,437.5058649789619,67.10579581993386,0.29448707437619775,ok,0.7931223204802011,373.73998590985985,416.9829774303322,43.242991520472344,0.1897675439884408,ok
/Users/cudmore/Sites/cs_project/cloudscope-data/data-samples/diameter-sample-data/Control/220110n_0036.tif.frames/220110n_0036.tif|channel=0|roi_id=1|peak_row_type=peak|peak_id=3,56,220110n_0036.tif,/Users/cudmore/Sites/cs_project/cloudscope-data/data-samples/diameter-sample-data/Control/220110n_0036.tif.frames/220110n_0036.tif,220110n_0036.tif.frames,Control,,,,,,,,,True,0,1,0.0043884,0.414,260710,19:50:11.624,1,ok,2500,11,269,0.0043884,1238.0176882149879,percentile,20.0,1.0,single_exponential,derivative_threshold,df_f_signal,150.0,500.0,100.0,0.8625300487136133,0.8770590178424756,0,,peak,3,ok,0,,572,2.5101648,-0.12160132465341228,606,2.6593704,0.6958961519058738,0.8174974765592862,derivative_threshold,0.9873900000000002,0.98739,-0.10106399321347925,ok,,0.016728549123637974,ok,,0.7969601451193531,ok,,,failed,left_10_or_left_90_unavailable,,failed,right_90_or_right_10_unavailable,,failed,right_90_or_right_10_unavailable,7.137298317030883,ok,,,failed,right_10_crossing_unavailable,,failed,left_10_or_right_10_unavailable,-0.03985157699748365,575.0427987529439,,,,right_not_found_within_width_search_window,0.04189817065844498,577.7360139319029,,,,right_not_found_within_width_search_window,0.2871474136262308,586.8459992402771,710.4747705364491,123.62877129617198,0.5425324999561211,ok,0.5323966565940168,596.8108299933374,670.6108686649721,73.80003867163475,0.3238640897066019,ok,0.6141464042499454,600.1453468772554,655.9940991237876,55.84875224653217,0.24508666435868176,ok
/Users/cudmore/Sites/cs_project/cloudscope-data/data-samples/diameter-sample-data/Control/220110n_0036.tif.frames/220110n_0036.tif|channel=0|roi_id=1|peak_row_type=peak|peak_id=4,57,220110n_0036.tif,/Users/cudmore/Sites/cs_project/cloudscope-data/data-samples/diameter-sample-data/Control/220110n_0036.tif.frames/220110n_0036.tif,220110n_0036.tif.frames,Control,,,,,,,,,True,0,1,0.0043884,0.414,260710,19:50:11.624,1,ok,2500,11,269,0.0043884,1238.0176882149879,percentile,20.0,1.0,single_exponential,derivative_threshold,df_f_signal,150.0,500.0,100.0,0.8625300487136133,0.8770590178424756,0,,peak,4,ok,0,,798,3.5019432,-0.15124252989408332,832,3.6511487999999996,0.8482466954013522,0.9994892252954355,derivative_threshold,0.9917783999999998,0.9917783999999998,-0.13340972023407205,ok,,0.020908159262257434,ok,,0.9816564156354243,ok,,,failed,left_10_or_left_90_unavailable,,failed,right_90_or_right_10_unavailable,,failed,right_90_or_right_10_unavailable,10.750927269392408,ok,,,failed,right_10_crossing_unavailable,,failed,left_10_or_right_10_unavailable,-0.051293607364539764,801.959288314097,,,,right_not_found_within_width_search_window,0.04865531516500379,804.258966804304,,,,right_not_found_within_width_search_window,0.3485020827536344,812.4913481636672,931.0437711204218,118.55242295675453,0.5202554529034216,ok,0.6483488503422652,822.2307367256783,892.1201794177363,69.88944269205797,0.3067028303098272,ok,0.7482977728718085,825.7007560511759,872.0507622901742,46.35000623899839,0.20340236737922052,ok
/Users/cudmore/Sites/cs_project/cloudscope-data/data-samples/diameter-sample-data/Control/220110n_0036.tif.frames/220110n_0036.tif|channel=0|roi_id=1|peak_row_type=peak|peak_id=5,58,220110n_0036.tif,/Users/cudmore/Sites/cs_project/cloudscope-data/data-samples/diameter-sample-data/Control/220110n_0036.tif.frames/220110n_0036.tif,220110n_0036.tif.frames,Control,,,,,,,,,True,0,1,0.0043884,0.414,260710,19:50:11.624,1,ok,2500,11,269,0.0043884,1238.0176882149879,percentile,20.0,1.0,single_exponential,derivative_threshold,df_f_signal,150.0,500.0,100.0,0.8625300487136133,0.8770590178424756,0,,peak,5,ok,0,,1024,4.4937216,-0.12511010847854961,1058,4.6429272,0.6791553525451917,0.8042654610237413,derivative_threshold,0.9917783999999998,0.9917784000000003,-0.11814147548587389,ok,,0.02444835455800098,ok,,0.7972968280310655,ok,,,failed,left_10_or_left_90_unavailable,,failed,right_90_or_right_10_unavailable,,failed,right_90_or_right_10_unavailable,8.005538955759484,ok,,,failed,right_10_crossing_unavailable,,failed,left_10_or_right_10_unavailable,-0.044683562376175476,1027.5854072754225,,,,right_not_found_within_width_search_window,0.03574298372619866,1030.1275766531514,,,,right_not_found_within_width_search_window,0.27702262203332106,1039.8355691922063,1161.5115429233538,121.67597373114745,0.5339628431217674,ok,0.5183022603404435,1050.6486541659228,1125.5250871805858,74.87643301466301,0.3285877386415471,ok,0.5987288064428176,1053.9679057841784,1109.6594964277215,55.69159064354312,0.24439697638012461,ok
/Users/cudmore/Sites/cs_project/cloudscope-data/data-samples/diameter-sample-data/Control/220110n_0036.tif.frames/220110n_0036.tif|channel=0|roi_id=1|peak_row_type=peak|peak_id=6,59,220110n_0036.tif,/Users/cudmore/Sites/cs_project/cloudscope-data/data-samples/diameter-sample-data/Control/220110n_0036.tif.frames/220110n_0036.tif,220110n_0036.tif.frames,Control,,,,,,,,,True,0,1,0.0043884,0.414,260710,19:50:11.624,1,ok,2500,11,269,0.0043884,1238.0176882149879,percentile,20.0,1.0,single_exponential,derivative_threshold,df_f_signal,150.0,500.0,100.0,0.8625300487136133,0.8770590178424756,0,,peak,6,ok,0,,1250,5.4855,-0.14735217809787027,1284,5.634705599999999,0.8311457140856854,0.9784978921835557,derivative_threshold,0.9917784000000003,0.9917783999999994,-0.12671215717695758,ok,,0.021313269691310838,ok,,0.957857871262643,ok,,,failed,left_10_or_left_90_unavailable,,failed,right_90_or_right_10_unavailable,,failed,right_90_or_right_10_unavailable,9.741705012779233,ok,,,failed,right_10_crossing_unavailable,,failed,left_10_or_right_10_unavailable,-0.04950238887951469,1253.9932294476287,,,,right_not_found_within_width_search_window,0.048347400338840885,1256.476472578664,,,,right_not_found_within_width_search_window,0.34189676799390756,1266.2986091486566,1387.211798894967,120.91318974631031,0.5306154418827081,ok,0.6354461356489743,1275.4585414960864,1347.3828831291773,71.92434163309099,0.3156327808226565,ok,0.7332959248673299,1278.9233361514314,1329.2026885698644,50.279352418433064,0.22064591015305166,ok
/Users/cudmore/Sites/cs_project/cloudscope-data/data-samples/diameter-sample-data/Control/220110n_0036.tif.frames/220110n_0036.tif|channel=0|roi_id=1|peak_row_type=peak|peak_id=7,60,220110n_0036.tif,/Users/cudmore/Sites/cs_project/cloudscope-data/data-samples/diameter-sample-data/Control/220110n_0036.tif.frames/220110n_0036.tif,220110n_0036.tif.frames,Control,,,,,,,,,True,0,1,0.0043884,0.414,260710,19:50:11.624,1,ok,2500,11,269,0.0043884,1238.0176882149879,percentile,20.0,1.0,single_exponential,derivative_threshold,df_f_signal,150.0,500.0,100.0,0.8625300487136133,0.8770590178424756,0,,peak,7,ok,0,,1476,6.477278399999999,-0.1235357056205473,1510,6.626484,0.6499322843298815,0.7734679899504288,derivative_threshold,0.9917783999999994,0.9917784000000003,-0.1122129845999594,ok,,0.023099007179992994,ok,,0.7621452689298409,ok,,,failed,left_10_or_left_90_unavailable,,failed,right_90_or_right_10_unavailable,,failed,right_90_or_right_10_unavailable,8.130907702705368,ok,,,failed,right_10_crossing_unavailable,,failed,left_10_or_right_10_unavailable,-0.04618890662550443,1479.246500251809,,,,right_not_found_within_width_search_window,0.031157892369538448,1481.7218285489798,,,,right_not_found_within_width_search_window,0.26319828935466705,1490.9918709501771,1612.1992468676679,121.20737591749071,0.5319064484763162,ok,0.49523868633979573,1501.9289863259326,1575.3536982943697,73.42471196843712,0.3222170060022895,ok,0.5725854853348387,1505.2516823576411,1560.7424760265076,55.490793668866445,0.2435157989364535,ok
/Users/cudmore/Sites/cs_project/cloudscope-data/data-samples/diameter-sample-data/Control/220110n_0036.tif.frames/220110n_0036.tif|channel=0|roi_id=1|peak_row_type=peak|peak_id=8,61,220110n_0036.tif,/Users/cudmore/Sites/cs_project/cloudscope-data/data-samples/diameter-sample-data/Control/220110n_0036.tif.frames/220110n_0036.tif,220110n_0036.tif.frames,Control,,,,,,,,,True,0,1,0.0043884,0.414,260710,19:50:11.624,1,ok,2500,11,269,0.0043884,1238.0176882149879,percentile,20.0,1.0,single_exponential,derivative_threshold,df_f_signal,150.0,500.0,100.0,0.8625300487136133,0.8770590178424756,0,,peak,8,ok,0,,1701,7.4646684,-0.1575581439850259,1735,7.613874,0.7790944983388248,0.9366526423238507,derivative_threshold,0.9873900000000004,0.9873900000000004,-0.13579375481921782,ok,,0.021407622660770332,ok,,0.9148882531580427,ok,,,failed,left_10_or_left_90_unavailable,,failed,right_90_or_right_10_unavailable,,failed,right_90_or_right_10_unavailable,8.711468749291178,ok,,,failed,right_10_crossing_unavailable,,failed,left_10_or_right_10_unavailable,-0.06389287975264082,1704.8225326725305,,,,right_not_found_within_width_search_window,0.029772384479744257,1707.538392797863,,,,right_not_found_within_width_search_window,0.3107681771768994,1716.7457602331613,1843.0920787205084,126.34631848734716,0.5544581840498742,ok,0.5917639698740548,1725.8402597441836,1804.4381371794893,78.59787743530569,0.34491892533709545,ok,0.6854292341064397,1729.5433464773705,1786.3135766273645,56.77023014999395,0.24913047799023344,ok
/Users/cudmore/Sites/cs_project/cloudscope-data/data-samples/diameter-sample-data/Control/220110n_0036.tif.frames/220110n_0036.tif|channel=0|roi_id=1|peak_row_type=peak|peak_id=9,62,220110n_0036.tif,/Users/cudmore/Sites/cs_project/cloudscope-data/data-samples/diameter-sample-data/Control/220110n_0036.tif.frames/220110n_0036.tif,220110n_0036.tif.frames,Control,,,,,,,,,True,0,1,0.0043884,0.414,260710,19:50:11.624,1,ok,2500,11,269,0.0043884,1238.0176882149879,percentile,20.0,1.0,single_exponential,derivative_threshold,df_f_signal,150.0,500.0,100.0,0.8625300487136133,0.8770590178424756,0,,peak,9,ok,0,,1927,8.4564468,-0.10695819413217314,1961,8.6056524,0.6011114733542514,0.7080696674864245,derivative_threshold,0.9917784000000003,0.9917784000000003,-0.08896415534750664,ok,,0.026017265583302755,ok,,0.6900756287017581,ok,,,failed,left_10_or_left_90_unavailable,,failed,right_90_or_right_10_unavailable,,failed,right_90_or_right_10_unavailable,7.155154748891282,ok,,,failed,right_10_crossing_unavailable,,failed,left_10_or_right_10_unavailable,-0.03615122738353069,1930.9948580826392,,,,right_not_found_within_width_search_window,0.034655739365111765,1933.4855629521403,,,,right_not_found_within_width_search_window,0.24707663961103912,1942.392463698656,2068.0161976734025,125.62373397474653,0.5512871941747777,ok,0.4594975398569665,1953.1074786821503,2035.1489754615147,82.04149677936448,0.36003090446656305,ok,0.530304506605609,1956.0695495657792,2021.2973447505613,65.22779518478205,0.28624565638889754,ok
/Users/cudmore/Sites/cs_project/cloudscope-data/data-samples/diameter-sample-data/Control/220110n_0036.tif.frames/220110n_0036.tif|channel=0|roi_id=1|peak_row_type=peak|peak_id=10,63,220110n_0036.tif,/Users/cudmore/Sites/cs_project/cloudscope-data/data-samples/diameter-sample-data/Control/220110n_0036.tif.frames/220110n_0036.tif,220110n_0036.tif.frames,Control,,,,,,,,,True,0,1,0.0043884,0.414,260710,19:50:11.624,1,ok,2500,11,269,0.0043884,1238.0176882149879,percentile,20.0,1.0,single_exponential,derivative_threshold,df_f_signal,150.0,500.0,100.0,0.8625300487136133,0.8770590178424756,0,,peak,10,ok,0,,2153,9.4482252,-0.12849928270520325,2187,9.5974308,0.7704244777569281,0.8989237604621314,derivative_threshold,0.9917783999999994,0.9917783999999994,-0.11489984572396489,ok,,0.01943167451189252,ok,,0.885324323480893,ok,,,failed,left_10_or_left_90_unavailable,,failed,right_90_or_right_10_unavailable,,failed,right_90_or_right_10_unavailable,8.62769016754249,ok,,,failed,right_10_crossing_unavailable,,failed,left_10_or_right_10_unavailable,-0.03860690665899011,2157.231219594724,,,,right_not_found_within_width_search_window,0.05128546938722303,2160.02503910895,,,,right_not_found_within_width_search_window,0.3209625975258624,2169.252581254984,2293.8732674915686,124.62068623658479,0.5468854194806286,ok,0.5906397256645018,2178.09342501285,2255.024377903124,76.93095289027406,0.33760379366367865,ok,0.680532101710715,2181.407269071291,2235.784127915773,54.37685884448183,0.23862740735312404,ok
/Users/cudmore/Sites/cs_project/cloudscope-data/data-samples/diameter-sample-data/Control/220110n_0036.tif.frames/220110n_0036.tif|channel=0|roi_id=1|peak_row_type=peak|peak_id=11,64,220110n_0036.tif,/Users/cudmore/Sites/cs_project/cloudscope-data/data-samples/diameter-sample-data/Control/220110n_0036.tif.frames/220110n_0036.tif,220110n_0036.tif.frames,Control,,,,,,,,,True,0,1,0.0043884,0.414,260710,19:50:11.624,1,ok,2500,11,269,0.0043884,1238.0176882149879,percentile,20.0,1.0,single_exponential,derivative_threshold,df_f_signal,150.0,500.0,100.0,0.8625300487136133,0.8770590178424756,0,,peak,11,ok,0,,2380,10.444391999999999,-0.08606223587354044,2414,10.593597599999999,0.5853363861909456,0.6713986220644861,derivative_threshold,0.9961667999999992,0.9961667999999992,-0.08990276884605644,ok,,0.020435794154361777,ok,,0.675239155037002,ok,,,failed,left_10_or_left_90_unavailable,,failed,right_90_or_right_10_unavailable,,failed,right_90_or_right_10_unavailable,7.664369352634267,ok,,,failed,right_10_crossing_unavailable,,failed,left_10_or_right_10_unavailable,-0.01892237366709182,2383.178426605943,,,,right_not_found_within_width_search_window,0.0482174885393568,2385.4302273128837,,,,right_not_found_within_width_search_window,0.2496370751587026,2394.6429006133926,,,,right_not_found_within_width_search_window,0.4510566617780485,2405.3480263554134,2486.7924045894997,81.44437823408634,0.3574105094424645,ok,0.518196523984497,2408.725593220814,2473.39521864489,64.669625424076,0.2837961842110151,ok
/Users/cudmore/Sites/cs_project/cloudscope-data/data-samples/diameter-sample-data/Control/220110n_0049.tif.frames/220110n_0049.tif|channel=0|roi_id=1|peak_row_type=peak|peak_id=1,65,220110n_0049.tif,/Users/cudmore/Sites/cs_project/cloudscope-data/data-samples/diameter-sample-data/Control/220110n_0049.tif.frames/220110n_0049.tif,220110n_0049.tif.frames,Control,,,,,,,,,True,0,1,0.0040084000000000005,0.414,260630,21:06:37.192,1,ok,2500,5,289,0.0040084000000000005,1188.4397929210463,percentile,20.0,1.0,single_exponential,derivative_threshold,df_f_signal,200.0,500.0,100.0,1.068416799472111,1.0657240934128993,0,,peak,1,ok,0,,216,0.8658144000000001,-0.032776976346986675,266,1.0662344000000001,1.1514814740299122,1.184258450376899,derivative_threshold,,,-0.04432598752437416,ok,,0.005874172774075102,ok,,1.1958074615542864,ok,,,failed,left_10_or_left_90_unavailable,,failed,right_90_or_right_10_unavailable,,failed,right_90_or_right_10_unavailable,21.087640412039157,ok,,,failed,right_10_crossing_unavailable,,failed,left_10_or_right_10_unavailable,0.08564886869070322,218.47619479017885,,,,right_not_found_within_width_search_window,0.20407471372839311,219.92286609089436,,,,right_not_found_within_width_search_window,0.5593522488414628,225.21479283788253,,,,right_not_found_within_width_search_window,0.9146297839545325,236.52436562383502,347.7929324915209,111.26856686768588,0.44600892343243215,ok,1.0330556289922224,246.58293253526486,322.5154066664445,75.93247413117965,0.3043677293074205,ok
/Users/cudmore/Sites/cs_project/cloudscope-data/data-samples/diameter-sample-data/Control/220110n_0049.tif.frames/220110n_0049.tif|channel=0|roi_id=1|peak_row_type=peak|peak_id=2,66,220110n_0049.tif,/Users/cudmore/Sites/cs_project/cloudscope-data/data-samples/diameter-sample-data/Control/220110n_0049.tif.frames/220110n_0049.tif,220110n_0049.tif.frames,Control,,,,,,,,,True,0,1,0.0040084000000000005,0.414,260630,21:06:37.192,1,ok,2500,5,289,0.0040084000000000005,1188.4397929210463,percentile,20.0,1.0,single_exponential,derivative_threshold,df_f_signal,200.0,500.0,100.0,1.068416799472111,1.0657240934128993,0,,peak,2,ok,0,,710,2.8459640000000004,-0.08836282725340876,760,3.046384,0.9195915602782336,1.0079543875316423,derivative_threshold,1.9801496000000003,1.9801496,-0.10977670721564184,ok,,0.004015459306564901,ok,,1.0293682674938756,ok,,,failed,left_10_or_left_90_unavailable,,failed,right_90_or_right_10_unavailable,,failed,right_90_or_right_10_unavailable,17.68789338794457,ok,,,failed,right_10_crossing_unavailable,,failed,left_10_or_right_10_unavailable,0.012432611499755483,711.8180082238761,,,,right_not_found_within_width_search_window,0.11322805025291972,713.2903445447107,,,,right_not_found_within_width_search_window,0.4156143665124124,719.0472135953087,,,,right_not_found_within_width_search_window,0.7180006827719052,730.2085379072323,862.5183694170214,132.3098315097891,0.5303507286238387,ok,0.8187961215250694,740.3441888811094,833.1593501711261,92.8151612900167,0.372040292514903,ok
/Users/cudmore/Sites/cs_project/cloudscope-data/data-samples/diameter-sample-data/Control/220110n_0049.tif.frames/220110n_0049.tif|channel=0|roi_id=1|peak_row_type=peak|peak_id=3,67,220110n_0049.tif,/Users/cudmore/Sites/cs_project/cloudscope-data/data-samples/diameter-sample-data/Control/220110n_0049.tif.frames/220110n_0049.tif,220110n_0049.tif.frames,Control,,,,,,,,,True,0,1,0.0040084000000000005,0.414,260630,21:06:37.192,1,ok,2500,5,289,0.0040084000000000005,1188.4397929210463,percentile,20.0,1.0,single_exponential,derivative_threshold,df_f_signal,200.0,500.0,100.0,1.068416799472111,1.0657240934128993,0,,peak,3,ok,0,,1204,4.8261136,-0.0007244025987976518,1254,5.0265336000000005,1.0673849358592795,1.068109338458077,derivative_threshold,1.9801495999999998,1.9801496000000003,-0.013140235869721916,ok,,0.00685361048600401,ok,,1.0805251717290014,ok,,,failed,left_10_or_left_90_unavailable,,failed,right_90_or_right_10_unavailable,,failed,right_90_or_right_10_unavailable,13.439753966710773,ok,,,failed,right_10_crossing_unavailable,,failed,left_10_or_right_10_unavailable,0.10608653124701006,1206.5789487362542,,,,right_not_found_within_width_search_window,0.21289746509281776,1208.9364304393523,,,,right_not_found_within_width_search_window,0.5333302666302409,1217.3856593074502,,,,right_not_found_within_width_search_window,0.853763068167664,1232.0608002697895,1336.0055559396287,103.9447556698392,0.41665215862698346,ok,0.9605740020134718,1239.8297415465324,1315.0325839692748,75.20284242274238,0.3014430735673206,ok
/Users/cudmore/Sites/cs_project/cloudscope-data/data-samples/diameter-sample-data/Control/220110n_0049.tif.frames/220110n_0049.tif|channel=0|roi_id=1|peak_row_type=peak|peak_id=4,68,220110n_0049.tif,/Users/cudmore/Sites/cs_project/cloudscope-data/data-samples/diameter-sample-data/Control/220110n_0049.tif.frames/220110n_0049.tif,220110n_0049.tif.frames,Control,,,,,,,,,True,0,1,0.0040084000000000005,0.414,260630,21:06:37.192,1,ok,2500,5,289,0.0040084000000000005,1188.4397929210463,percentile,20.0,1.0,single_exponential,derivative_threshold,df_f_signal,200.0,500.0,100.0,1.068416799472111,1.0657240934128993,0,,peak,4,ok,0,,1697,6.802254800000001,-0.09972861236506907,1747,7.002674800000001,0.9659954810478302,1.0657240934128993,derivative_threshold,1.9761412000000007,1.9761412000000007,-0.10597398495792276,ok,,0.003729728503295081,ok,,1.0719694660057528,ok,,,failed,left_10_or_left_90_unavailable,,failed,right_90_or_right_10_unavailable,,failed,right_90_or_right_10_unavailable,15.295608886375092,ok,,,failed,right_10_crossing_unavailable,,failed,left_10_or_right_10_unavailable,0.006843796976220867,1699.5806923650412,,,,right_not_found_within_width_search_window,0.1134162063175108,1701.410535969218,,,,right_not_found_within_width_search_window,0.4331334343413806,1708.3485915320875,,,,right_not_found_within_width_search_window,0.7528506623652504,1724.3728371561465,1834.7003165955462,110.32747943939967,0.4422366685848897,ok,0.8594230717065404,1732.9066239446147,1812.3274065026076,79.42078255799288,0.3183502648054587,ok
/Users/cudmore/Sites/cs_project/cloudscope-data/data-samples/diameter-sample-data/Control/220110n_0049.tif.frames/220110n_0049.tif|channel=0|roi_id=1|peak_row_type=peak|peak_id=5,69,220110n_0049.tif,/Users/cudmore/Sites/cs_project/cloudscope-data/data-samples/diameter-sample-data/Control/220110n_0049.tif.frames/220110n_0049.tif,220110n_0049.tif.frames,Control,,,,,,,,,True,0,1,0.0040084000000000005,0.414,260630,21:06:37.192,1,ok,2500,5,289,0.0040084000000000005,1188.4397929210463,percentile,20.0,1.0,single_exponential,derivative_threshold,df_f_signal,200.0,500.0,100.0,1.068416799472111,1.0657240934128993,0,,peak,5,ok,0,,2191,8.7824044,-0.07243399844401557,2241,8.982824400000002,0.9436037291370212,1.0160377275810368,derivative_threshold,1.9801495999999998,1.9801496000000007,-0.07630709156923825,ok,,0.0052838062410055725,ok,,1.0199108207062595,ok,,,failed,left_10_or_left_90_unavailable,,failed,right_90_or_right_10_unavailable,,failed,right_90_or_right_10_unavailable,12.205292650472282,ok,,,failed,right_10_crossing_unavailable,,failed,left_10_or_right_10_unavailable,0.029169774314088112,2193.9268704270676,,,,right_not_found_within_width_search_window,0.1307735470721918,2196.1256563748316,,,,right_not_found_within_width_search_window,0.43558486534650287,2204.0777692173224,,,,right_not_found_within_width_search_window,0.7403961836208139,2217.9060153096657,2336.53564058241,118.6296252727443,0.47551498994326835,ok,0.8419999563789177,2225.4412744549754,2314.922075013087,89.4808005581117,0.358674840957135,ok
/Users/cudmore/Sites/cs_project/cloudscope-data/data-samples/diameter-sample-data/Treatment/220110n_0055.tif.frames/220110n_0055.tif|channel=0|roi_id=1|peak_row_type=peak|peak_id=1,70,220110n_0055.tif,/Users/cudmore/Sites/cs_project/cloudscope-data/data-samples/diameter-sample-data/Treatment/220110n_0055.tif.frames/220110n_0055.tif,220110n_0055.tif.frames,Treatment,,,,,,,,,True,0,1,0.0040084000000000005,0.414,260630,20:04:01.303,1,ok,2500,12,289,0.0040084000000000005,2491.9741378469616,percentile,20.0,1.0,single_exponential,derivative_threshold,df_f_signal,750.0,750.0,100.0,0.0737526286472489,0.0759292604852152,0,,peak,1,ok,0,,4,0.016033600000000002,-0.04966519388730397,86,0.34472240000000004,0.050184369652430554,0.09984956353973452,derivative_threshold,,,-0.05519073588325236,ok,,0.0014286795046116545,ok,,0.10537510553568291,ok,,,failed,left_10_or_left_90_unavailable,,failed,right_90_or_right_10_unavailable,,failed,right_90_or_right_10_unavailable,1.711481104324974,ok,,,failed,right_10_crossing_unavailable,,failed,left_10_or_right_10_unavailable,-0.03968023753333052,7.478794678681183,,,,right_not_found_within_width_search_window,-0.029695281179357064,10.702295254456997,232.06472557480228,221.36243032034528,0.8873091656960721,ok,0.0002595878825632919,21.48965229613001,176.432604446498,154.942952150368,0.6210733293995352,ok,0.03021445694448365,41.755714837334615,122.71259655055155,80.95688171321694,0.32450756465925884,ok,0.0401994132984571,48.78184444263526,94.96915862935641,46.18731418672115,0.1851372301860531,ok
/Users/cudmore/Sites/cs_project/cloudscope-data/data-samples/diameter-sample-data/Treatment/220110n_0055.tif.frames/220110n_0055.tif|channel=0|roi_id=1|peak_row_type=peak|peak_id=2,71,220110n_0055.tif,/Users/cudmore/Sites/cs_project/cloudscope-data/data-samples/diameter-sample-data/Treatment/220110n_0055.tif.frames/220110n_0055.tif,220110n_0055.tif.frames,Treatment,,,,,,,,,True,0,1,0.0040084000000000005,0.414,260630,20:04:01.303,1,ok,2500,12,289,0.0040084000000000005,2491.9741378469616,percentile,20.0,1.0,single_exponential,derivative_threshold,df_f_signal,750.0,750.0,100.0,0.0737526286472489,0.0759292604852152,0,,peak,2,ok,0,,247,0.9900748000000001,-0.025407205481102434,331,1.3267804,0.06391759498582716,0.0893248004669296,derivative_threshold,0.9740412000000002,0.9820580000000001,-0.028028201577042555,ok,,0.004800725753156394,ok,,0.09194579656286972,ok,,0.19056659173297663,ok,,0.5309068989483237,ok,,0.5309068989483237,ok,,1.6207221141279127,ok,,-0.9541266410505571,ok,,0.04917763035725409,ok,,-0.016474725434409476,248.02835674423034,470.7107835743055,222.68242683007514,0.8926002397056734,ok,-0.007542245387716515,251.9935905936139,449.8485618102809,197.854971216667,0.7930818666248881,ok,0.019255194752362367,263.33771292816556,410.0347240006813,146.69701107251575,0.5880202991830722,ok,0.04605263489244124,279.31848476675714,357.1516713269206,77.83318656016348,0.31198654500775935,ok,0.0549851149391342,295.5701668761974,338.26220086092263,42.69203398472524,0.1711267490243727,ok
/Users/cudmore/Sites/cs_project/cloudscope-data/data-samples/diameter-sample-data/Treatment/220110n_0055.tif.frames/220110n_0055.tif|channel=0|roi_id=1|peak_row_type=peak|peak_id=3,72,220110n_0055.tif,/Users/cudmore/Sites/cs_project/cloudscope-data/data-samples/diameter-sample-data/Treatment/220110n_0055.tif.frames/220110n_0055.tif,220110n_0055.tif.frames,Treatment,,,,,,,,,True,0,1,0.0040084000000000005,0.414,260630,20:04:01.303,1,ok,2500,12,289,0.0040084000000000005,2491.9741378469616,percentile,20.0,1.0,single_exponential,derivative_threshold,df_f_signal,750.0,750.0,100.0,0.0737526286472489,0.0759292604852152,0,,peak,3,ok,0,,487,1.9520908000000003,-0.021956605709722195,560,2.2447040000000005,0.06408674955954921,0.0860433552692714,derivative_threshold,0.9620160000000002,0.9179236000000004,-0.017844559424445773,ok,,0.005025766319988228,ok,,0.08193130898399498,ok,,0.17159812995585422,ok,,0.5013834244292608,ok,,0.5013834244292608,ok,,1.301160832475643,ok,,-1.0677485340092634,ok,,0.05036157598928839,ok,,-0.013352270182795055,487.9631656796074,713.7261670128382,225.76300133323082,0.9049484145441226,ok,-0.004747934655867914,490.0869705622066,702.6853634962064,212.59839293399978,0.8521793982366448,ok,0.021065071924913505,502.3561696726669,644.8763141233848,142.52014445071785,0.5712777470162576,ok,0.04687807850569493,516.9812813932998,604.4098357723876,87.42855437908781,0.35044861737313565,ok,0.05548241403262207,530.7727979408224,588.6429855865183,57.870187645695864,0.23196686015900733,ok
/Users/cudmore/Sites/cs_project/cloudscope-data/data-samples/diameter-sample-data/Treatment/220110n_0055.tif.frames/220110n_0055.tif|channel=0|roi_id=1|peak_row_type=peak|peak_id=4,73,220110n_0055.tif,/Users/cudmore/Sites/cs_project/cloudscope-data/data-samples/diameter-sample-data/Treatment/220110n_0055.tif.frames/220110n_0055.tif,220110n_0055.tif.frames,Treatment,,,,,,,,,True,0,1,0.0040084000000000005,0.414,260630,20:04:01.303,1,ok,2500,12,289,0.0040084000000000005,2491.9741378469616,percentile,20.0,1.0,single_exponential,derivative_threshold,df_f_signal,750.0,750.0,100.0,0.0737526286472489,0.0759292604852152,0,,peak,4,ok,0,,728,2.9181152000000004,-0.015515723907306616,808,3.2387872000000004,0.07027011402005738,0.085785837927364,derivative_threshold,0.9660244,0.9940832,-0.012486731029512392,ok,,0.00501128034027001,ok,,0.08275684504956977,ok,,0.17760425300558014,ok,,0.48663502500725375,ok,,0.48663502500725375,ok,,1.9127435141781663,ok,,-1.1288896593956301,ok,,0.04740822790006907,ok,,-0.006937140114570216,731.3079447157164,945.9288128633672,214.62086814765075,0.8602862878830434,ok,0.001641443678166184,732.4702916495572,932.9766901440869,200.50639849452966,0.8037098477254728,ok,0.027377195056375384,745.5820144011292,891.9166982106408,146.3346838095116,0.5865679465820464,ok,0.053112946434584585,769.215028235363,839.8305358363997,70.61550760103671,0.2830552006679956,ok,0.06169153022732099,775.6159611326359,824.5250046088881,48.909043476252236,0.19604700987020948,ok
/Users/cudmore/Sites/cs_project/cloudscope-data/data-samples/diameter-sample-data/Treatment/220110n_0055.tif.frames/220110n_0055.tif|channel=0|roi_id=1|peak_row_type=peak|peak_id=5,74,220110n_0055.tif,/Users/cudmore/Sites/cs_project/cloudscope-data/data-samples/diameter-sample-data/Treatment/220110n_0055.tif.frames/220110n_0055.tif,220110n_0055.tif.frames,Treatment,,,,,,,,,True,0,1,0.0040084000000000005,0.414,260630,20:04:01.303,1,ok,2500,12,289,0.0040084000000000005,2491.9741378469616,percentile,20.0,1.0,single_exponential,derivative_threshold,df_f_signal,750.0,750.0,100.0,0.0737526286472489,0.0759292604852152,0,,peak,5,ok,0,,970,3.8881480000000006,-0.011599845820871117,1040,4.168736000000001,0.06673429359832757,0.07833413941919869,derivative_threshold,0.9700328000000003,0.9299488000000005,-0.00977509815174616,ok,,0.003809105834211054,ok,,0.07650939175007374,ok,,0.17214964791023757,ok,,0.5026334352340918,ok,,0.5026334352340918,ok,,1.6411596962805175,ok,,-1.0599546720015893,ok,,0.04159564402649516,ok,,-0.0037664318789512475,970.7250640791087,1183.2591229517823,212.53405887267354,0.8519215215852247,ok,0.004066982062968622,973.6311420955882,1165.8598492348663,192.22870713927807,0.7705295496970823,ok,0.027567223888728225,984.5014716868045,1125.5874166754334,141.08594498862885,0.56552890189242,ok,0.051067465714487836,1005.1872016170076,1085.0623796025702,79.87517798556257,0.32017166343732906,ok,0.058900879656407695,1013.672286888768,1057.8640937046782,44.19180681591024,0.17713843844089464,ok
/Users/cudmore/Sites/cs_project/cloudscope-data/data-samples/diameter-sample-data/Treatment/220110n_0055.tif.frames/220110n_0055.tif|channel=0|roi_id=1|peak_row_type=peak|peak_id=6,75,220110n_0055.tif,/Users/cudmore/Sites/cs_project/cloudscope-data/data-samples/diameter-sample-data/Treatment/220110n_0055.tif.frames/220110n_0055.tif,220110n_0055.tif.frames,Treatment,,,,,,,,,True,0,1,0.0040084000000000005,0.414,260630,20:04:01.303,1,ok,2500,12,289,0.0040084000000000005,2491.9741378469616,percentile,20.0,1.0,single_exponential,derivative_threshold,df_f_signal,750.0,750.0,100.0,0.0737526286472489,0.0759292604852152,0,,peak,6,ok,0,,1210,4.850164,-0.014437022052165,1284,5.1467856,0.0671623795250333,0.0815994015771983,derivative_threshold,0.9620159999999998,0.9780495999999994,-0.011689053081594548,ok,,0.005064938159305414,ok,,0.07885143260662786,ok,,0.16712271437182835,ok,,0.4922117700683426,ok,,0.4922117700683426,ok,,1.419804997723392,ok,,-0.9716208531305099,ok,,0.040718120771224414,ok,,-0.006277081894445169,1211.9945294639936,1418.965914769768,206.97138530577445,0.8296241008596664,ok,0.001882858263274662,1215.831447103162,1404.4686289576596,188.6371818544976,0.7561332797455683,ok,0.02636267873643415,1227.6825349721498,1354.0797068431364,126.39717187098654,0.5066504237276626,ok,0.05084249920959365,1248.394329436858,1314.5257825459234,66.13145310906543,0.26508131664237794,ok,0.059002439367313475,1253.687652498578,1296.170841905697,42.48318940711897,0.1702896164194957,ok
/Users/cudmore/Sites/cs_project/cloudscope-data/data-samples/diameter-sample-data/Treatment/220110n_0055.tif.frames/220110n_0055.tif|channel=0|roi_id=1|peak_row_type=peak|peak_id=7,76,220110n_0055.tif,/Users/cudmore/Sites/cs_project/cloudscope-data/data-samples/diameter-sample-data/Treatment/220110n_0055.tif.frames/220110n_0055.tif,220110n_0055.tif.frames,Treatment,,,,,,,,,True,0,1,0.0040084000000000005,0.414,260630,20:04:01.303,1,ok,2500,12,289,0.0040084000000000005,2491.9741378469616,percentile,20.0,1.0,single_exponential,derivative_threshold,df_f_signal,750.0,750.0,100.0,0.0737526286472489,0.0759292604852152,0,,peak,7,ok,0,,1456,5.836230400000001,-0.0029919417477373756,1519,6.0887596,0.06011597277763347,0.06310791452537085,derivative_threshold,0.9860664000000003,0.9419740000000001,-0.015580841036525274,ok,,0.0034561451761177865,ok,,0.07569681381415874,ok,,0.17177307291345922,ok,,0.4497531792940386,ok,,0.4497531792940386,ok,,1.066122542804255,ok,,-0.9676373188600347,ok,,0.02980306195038774,ok,,0.003318849704799709,1459.2785982585578,1647.7295260971696,188.45092783861173,0.7553866991482914,ok,0.009629641157336794,1462.6016786303053,1633.0190003682044,170.4173217378991,0.6831007924541949,ok,0.028562015514948046,1473.5546921338516,1592.2357556344427,118.68106350059111,0.47572117493576943,ok,0.0474943898725593,1494.5491097397723,1556.6373366831695,62.0882269433971,0.24887444887991297,ok,0.05380518132509639,1502.1318746065917,1535.5268568790182,33.39498227242643,0.13386044694079413,ok
/Users/cudmore/Sites/cs_project/cloudscope-data/data-samples/diameter-sample-data/Treatment/220110n_0055.tif.frames/220110n_0055.tif|channel=0|roi_id=1|peak_row_type=peak|peak_id=8,77,220110n_0055.tif,/Users/cudmore/Sites/cs_project/cloudscope-data/data-samples/diameter-sample-data/Treatment/220110n_0055.tif.frames/220110n_0055.tif,220110n_0055.tif.frames,Treatment,,,,,,,,,True,0,1,0.0040084000000000005,0.414,260630,20:04:01.303,1,ok,2500,12,289,0.0040084000000000005,2491.9741378469616,percentile,20.0,1.0,single_exponential,derivative_threshold,df_f_signal,750.0,750.0,100.0,0.0737526286472489,0.0759292604852152,0,,peak,8,ok,0,,1699,6.810271600000001,0.005845359200982504,1742,6.982632800000001,0.058493307388490956,0.05264794818750845,derivative_threshold,0.9740412000000003,0.8938732000000007,-0.012678321395318416,ok,,0.005093727899553123,ok,,0.07117162878380937,ok,,0.14602521939108204,ok,,0.5298427443165377,ok,,0.5298427443165377,ok,,1.196198455662512,ok,,-0.9122122568809226,ok,,0.022198064528702845,ok,,0.01111015401973335,1703.8538042118685,1876.2777196089494,172.42391539708092,0.6911440224776593,ok,0.016374948838484196,1705.8799557631942,1855.0913483418765,149.2113925786823,0.5980989460123902,ok,0.03216933329473673,1714.338957427159,1821.3499821379864,107.01102471082754,0.42894299145088116,ok,0.04796371775098927,1733.465782121645,1789.7139559506397,56.24817382899482,0.22546517997614288,ok,0.053228512569740115,1740.2836064748867,1744.094618043103,3.8110115682163723,0.015276058770038509,ok
/Users/cudmore/Sites/cs_project/cloudscope-data/data-samples/diameter-sample-data/Treatment/220110n_0055.tif.frames/220110n_0055.tif|channel=0|roi_id=1|peak_row_type=peak|peak_id=9,78,220110n_0055.tif,/Users/cudmore/Sites/cs_project/cloudscope-data/data-samples/diameter-sample-data/Treatment/220110n_0055.tif.frames/220110n_0055.tif,220110n_0055.tif.frames,Treatment,,,,,,,,,True,0,1,0.0040084000000000005,0.414,260630,20:04:01.303,1,ok,2500,12,289,0.0040084000000000005,2491.9741378469616,percentile,20.0,1.0,single_exponential,derivative_threshold,df_f_signal,750.0,750.0,100.0,0.0737526286472489,0.0759292604852152,0,,peak,9,ok,0,,1935,7.756254000000001,-0.012379545085190829,1988,7.968699200000001,0.05500567099076971,0.06738521607596054,derivative_threshold,0.9459824000000001,0.9860664000000003,-0.011977629371994328,ok,,0.004100253940241377,ok,,0.06698330036276404,ok,,,failed,left_10_or_left_90_unavailable,,failed,right_90_or_right_10_unavailable,,failed,right_90_or_right_10_unavailable,1.2668654983659393,ok,,,failed,right_10_crossing_unavailable,,failed,left_10_or_right_10_unavailable,-0.005641023477594775,1936.7080959444136,,,,right_not_found_within_width_search_window,0.0010974981300012794,1940.6006744221777,,,,right_not_found_within_width_search_window,0.021313062952789442,1951.6680638850098,2085.6005970612246,133.93253317621475,0.5368551659835392,ok,0.0415286277755776,1969.2308265137515,2038.2536866704513,69.02286015669983,0.27667123265211563,ok,0.048267149383173655,1973.5265792560551,1988.8234625611874,15.296883305132269,0.061316027040292195,ok
/Users/cudmore/Sites/cs_project/cloudscope-data/data-samples/diameter-sample-data/Treatment/220110n_0055.tif.frames/220110n_0055.tif|channel=0|roi_id=1|peak_row_type=peak|peak_id=10,79,220110n_0055.tif,/Users/cudmore/Sites/cs_project/cloudscope-data/data-samples/diameter-sample-data/Treatment/220110n_0055.tif.frames/220110n_0055.tif,220110n_0055.tif.frames,Treatment,,,,,,,,,True,0,1,0.0040084000000000005,0.414,260630,20:04:01.303,1,ok,2500,12,289,0.0040084000000000005,2491.9741378469616,percentile,20.0,1.0,single_exponential,derivative_threshold,df_f_signal,750.0,750.0,100.0,0.0737526286472489,0.0759292604852152,0,,peak,10,ok,0,,2090,8.377556,0.01573137960579273,2251,9.0229084,0.05257325190536531,0.03684187229957259,derivative_threshold,0.6213019999999991,1.054209199999999,0.023901353015042596,ok,,0.003540447674561217,ok,,0.028671898890322716,ok,,,failed,left_10_or_left_90_unavailable,,failed,right_90_or_right_10_unavailable,,failed,right_90_or_right_10_unavailable,1.1757601097871817,ok,,,failed,right_10_crossing_unavailable,,failed,left_10_or_right_10_unavailable,0.01941556683574999,2090.4592315908694,,,,right_not_found_within_width_search_window,0.023099754065707245,2090.9184631817393,,,,right_not_found_within_width_search_window,0.03415231575557902,2201.8272750757646,,,,right_not_found_within_width_search_window,0.0452048774454508,2215.212511772435,,,,right_not_found_within_width_search_window,0.04888906467540806,2221.2820397481173,,,,right_not_found_within_width_search_window
/Users/cudmore/Sites/cs_project/cloudscope-data/data-samples/diameter-sample-data/Treatment/220110n_0055.tif.frames/220110n_0055.tif|channel=0|roi_id=1|peak_row_type=peak|peak_id=11,80,220110n_0055.tif,/Users/cudmore/Sites/cs_project/cloudscope-data/data-samples/diameter-sample-data/Treatment/220110n_0055.tif.frames/220110n_0055.tif,220110n_0055.tif.frames,Treatment,,,,,,,,,True,0,1,0.0040084000000000005,0.414,260630,20:04:01.303,1,ok,2500,12,289,0.0040084000000000005,2491.9741378469616,percentile,20.0,1.0,single_exponential,derivative_threshold,df_f_signal,750.0,750.0,100.0,0.0737526286472489,0.0759292604852152,0,,peak,11,ok,0,,2175,8.71827,-0.018013861022280885,2251,9.0229084,0.05257325190536531,0.07058711292764619,derivative_threshold,0.3407140000000002,0.0,-0.014230340399417764,ok,,0.0055128168041557206,ok,,0.06680359230478308,ok,,0.15532636740847572,ok,,0.5211316699277972,ok,,0.5211316699277972,ok,,1.1757601097871817,ok,,-0.9513566394161868,ok,,0.04004926933160667,ok,,-0.010955149729516264,2176.605101549483,2400.7316873597556,224.12658581027245,0.8983890065618961,ok,-0.0038964384367516456,2178.7362760127603,2388.389803919899,209.6535279071386,0.8403752012629745,ok,0.01727969544154221,2187.8698317459953,2335.2917856767717,147.42195393077645,0.5909261601361244,ok,0.03845582931983607,2206.772428019592,2285.6647269578248,78.89229893823267,0.3162318910640119,ok,0.04551454061260069,2215.3553179471664,2270.721790660874,55.36647271370748,0.22193096922562508,ok
/Users/cudmore/Sites/cs_project/cloudscope-data/data-samples/diameter-sample-data/Treatment/220110n_0055.tif.frames/220110n_0055.tif|channel=0|roi_id=1|peak_row_type=peak|peak_id=12,81,220110n_0055.tif,/Users/cudmore/Sites/cs_project/cloudscope-data/data-samples/diameter-sample-data/Treatment/220110n_0055.tif.frames/220110n_0055.tif,220110n_0055.tif.frames,Treatment,,,,,,,,,True,0,1,0.0040084000000000005,0.414,260630,20:04:01.303,1,ok,2500,12,289,0.0040084000000000005,2491.9741378469616,percentile,20.0,1.0,single_exponential,derivative_threshold,df_f_signal,750.0,750.0,100.0,0.0737526286472489,0.0759292604852152,0,,peak,12,ok,0,,2415,9.680286,-0.01699860921480662,2487,9.9688908,0.05652577233642511,0.07352438155123173,derivative_threshold,0.9620160000000002,0.9459824000000001,-0.012137461560806745,ok,,0.0047131120768314026,ok,,0.06866323389723186,ok,,,failed,left_10_or_left_90_unavailable,,failed,right_90_or_right_10_unavailable,,failed,right_90_or_right_10_unavailable,1.2237374202845632,ok,,,failed,right_10_crossing_unavailable,,failed,left_10_or_right_10_unavailable,-0.009646171059683444,2417.7603145647754,,,,right_not_found_within_width_search_window,-0.002293732904560272,2421.036931920504,,,,right_not_found_within_width_search_window,0.019763581560809245,2431.255224013479,,,,right_not_found_within_width_search_window,0.041820896026178764,2452.059713558609,,,,right_not_found_within_width_search_window,0.049173334181301945,2465.1776936224032,,,,right_not_found_within_width_search_window
/Users/cudmore/Sites/cs_project/cloudscope-data/data-samples/diameter-sample-data/Treatment/220110n_0056.tif.frames/220110n_0056.tif|channel=0|roi_id=2|peak_row_type=peak|peak_id=1,82,220110n_0056.tif,/Users/cudmore/Sites/cs_project/cloudscope-data/data-samples/diameter-sample-data/Treatment/220110n_0056.tif.frames/220110n_0056.tif,220110n_0056.tif.frames,Treatment,,,,,,,,,True,0,2,0.0027688,0.414,260630,20:45:24.730,1,ok,2500,8,166,0.0027688,1437.7752471766867,percentile,20.0,1.0,single_exponential,absolute_threshold,df_f_signal,150.0,500.0,100.0,0.081481759040736,0.08983126537966914,0,,peak,1,ok,0,,0,0.0,0.09651503026672932,9,0.024919200000000002,0.0998974259379238,0.0033823956711944853,absolute_threshold,,,,failed,insufficient_baseline_samples,,failed,insufficient_baseline_samples,,failed,baseline_mean_unavailable,0.012841006760544721,ok,,0.015619101892466573,ok,,0.015619101892466573,ok,,0.44827660674856773,ok,,-0.6922492073968698,ok,,9.620963585183235e-05,ok,,0.09685326983384877,1.2719562270034417,14.996147622100244,13.724191395096803,0.037999541134744026,ok,0.09719150940096821,1.7113088041963196,14.835799096631225,13.124490292434906,0.03633908872169377,ok,0.09820622810232657,2.462749829486845,14.35475352022415,11.892003690737305,0.03292657981891345,ok,0.09922094680368491,3.735676070811577,9.710077754698466,5.974401683886889,0.01654192338234602,ok,0.09955918637080435,5.909707874123031,9.35503887734924,3.44533100322621,0.00953943248173273,ok
/Users/cudmore/Sites/cs_project/cloudscope-data/data-samples/diameter-sample-data/Treatment/220110n_0056.tif.frames/220110n_0056.tif|channel=0|roi_id=2|peak_row_type=peak|peak_id=2,83,220110n_0056.tif,/Users/cudmore/Sites/cs_project/cloudscope-data/data-samples/diameter-sample-data/Treatment/220110n_0056.tif.frames/220110n_0056.tif,220110n_0056.tif.frames,Treatment,,,,,,,,,True,0,2,0.0027688,0.414,260630,20:45:24.730,1,ok,2500,8,166,0.0027688,1437.7752471766867,percentile,20.0,1.0,single_exponential,absolute_threshold,df_f_signal,150.0,500.0,100.0,0.081481759040736,0.08983126537966914,0,,peak,2,ok,0,,284,0.7863392,-0.00884631096471085,338,0.9358544,0.09926254950416877,0.10810886046887962,absolute_threshold,0.7863392,0.9109352,-0.026168668609070637,ok,,0.005689713715477682,ok,,0.1254312181132394,ok,,,failed,left_10_or_left_90_unavailable,,failed,right_90_or_right_10_unavailable,,failed,right_90_or_right_10_unavailable,2.479078940512216,ok,,,failed,right_10_crossing_unavailable,,failed,left_10_or_right_10_unavailable,0.001964575082177112,284.94177659448195,,,,right_not_found_within_width_search_window,0.012775461129065075,288.67013452579374,517.8943602472393,229.22422572144558,0.6346760361775385,ok,0.04520811926972896,302.48600716174496,448.60891518912985,146.12290802738488,0.40458510774622325,ok,0.07764077741039285,318.02837970498194,395.37017870742085,77.3417990024389,0.21414397307795285,ok,0.08845166345728081,328.8817147525286,380.4292786481731,51.547563895644544,0.14272489491426063,ok
/Users/cudmore/Sites/cs_project/cloudscope-data/data-samples/diameter-sample-data/Treatment/220110n_0056.tif.frames/220110n_0056.tif|channel=0|roi_id=2|peak_row_type=peak|peak_id=3,84,220110n_0056.tif,/Users/cudmore/Sites/cs_project/cloudscope-data/data-samples/diameter-sample-data/Treatment/220110n_0056.tif.frames/220110n_0056.tif,220110n_0056.tif.frames,Treatment,,,,,,,,,True,0,2,0.0027688,0.414,260630,20:45:24.730,1,ok,2500,8,166,0.0027688,1437.7752471766867,percentile,20.0,1.0,single_exponential,absolute_threshold,df_f_signal,150.0,500.0,100.0,0.081481759040736,0.08983126537966914,0,,peak,3,ok,0,,628,1.7388064,-0.009809968950105495,682,1.8883216,0.08233802952624417,0.09214799847634966,absolute_threshold,0.9524672000000001,0.9524672000000001,-0.02140333089954884,ok,,0.0028540619055347307,ok,,0.103741360425793,ok,,,failed,left_10_or_left_90_unavailable,,failed,right_90_or_right_10_unavailable,,failed,right_90_or_right_10_unavailable,2.158463378370959,ok,,,failed,right_10_crossing_unavailable,,failed,left_10_or_right_10_unavailable,-0.0005951691024705281,634.5177514084896,,,,right_not_found_within_width_search_window,0.008619630745164438,639.681743897496,,,,right_not_found_within_width_search_window,0.036264030288069335,650.1617686526114,789.7705835676545,139.60881491504313,0.3865488867367714,ok,0.06390842983097424,667.9669170782436,763.0863404002451,95.11942332200158,0.26336665929395797,ok,0.07312322967860921,672.9398375562829,747.1611202427857,74.22128268650283,0.20550388750238904,ok
/Users/cudmore/Sites/cs_project/cloudscope-data/data-samples/diameter-sample-data/Treatment/220110n_0056.tif.frames/220110n_0056.tif|channel=0|roi_id=2|peak_row_type=peak|peak_id=4,85,220110n_0056.tif,/Users/cudmore/Sites/cs_project/cloudscope-data/data-samples/diameter-sample-data/Treatment/220110n_0056.tif.frames/220110n_0056.tif,220110n_0056.tif.frames,Treatment,,,,,,,,,True,0,2,0.0027688,0.414,260630,20:45:24.730,1,ok,2500,8,166,0.0027688,1437.7752471766867,percentile,20.0,1.0,single_exponential,absolute_threshold,df_f_signal,150.0,500.0,100.0,0.081481759040736,0.08983126537966914,0,,peak,4,ok,0,,975,2.69958,-0.006758910920047399,1029,2.8490952000000003,0.09132812870804809,0.09808703962809548,absolute_threshold,0.9607736,0.9607736000000002,-0.014202299185735009,ok,,0.0031204038146942703,ok,,0.1055304278937831,ok,,,failed,left_10_or_left_90_unavailable,,failed,right_90_or_right_10_unavailable,,failed,right_90_or_right_10_unavailable,1.51026068239033,ok,,,failed,right_10_crossing_unavailable,,failed,left_10_or_right_10_unavailable,0.00304979304276215,979.9909532462561,,,,right_not_found_within_width_search_window,0.0128584970055717,984.205465743825,,,,right_not_found_within_width_search_window,0.04228460889400034,997.1159594970553,1175.4783715532576,178.3624120562023,0.4938498465012129,ok,0.07171072078242899,1011.6978358252825,1111.6401579540834,99.94232212880092,0.27672030151022403,ok,0.08151942474523854,1018.2337136572926,1096.206125335256,77.97241167796346,0.21589001345394523,ok
/Users/cudmore/Sites/cs_project/cloudscope-data/data-samples/diameter-sample-data/Treatment/220110n_0056.tif.frames/220110n_0056.tif|channel=0|roi_id=2|peak_row_type=peak|peak_id=5,86,220110n_0056.tif,/Users/cudmore/Sites/cs_project/cloudscope-data/data-samples/diameter-sample-data/Treatment/220110n_0056.tif.frames/220110n_0056.tif,220110n_0056.tif.frames,Treatment,,,,,,,,,True,0,2,0.0027688,0.414,260630,20:45:24.730,1,ok,2500,8,166,0.0027688,1437.7752471766867,percentile,20.0,1.0,single_exponential,absolute_threshold,df_f_signal,150.0,500.0,100.0,0.081481759040736,0.08983126537966914,0,,peak,5,ok,0,,1324,3.6658912,-0.0036267553324994153,1378,3.8154064,0.08836455941303006,0.09199131474552948,absolute_threshold,0.9663111999999998,0.9663111999999998,-0.011075272690183317,ok,,0.004265709406173955,ok,,0.09943983210321339,ok,,,failed,left_10_or_left_90_unavailable,,failed,right_90_or_right_10_unavailable,,failed,right_90_or_right_10_unavailable,2.126091436652464,ok,,,failed,right_10_crossing_unavailable,,failed,left_10_or_right_10_unavailable,0.0055723761420535325,1327.4922802051562,,,,right_not_found_within_width_search_window,0.01477150761660648,1334.0869826049707,,,,right_not_found_within_width_search_window,0.042368902040265326,1344.5241750387268,1520.6493126664398,176.125137627713,0.4876552810636118,ok,0.06996629646392417,1358.8668119435504,1458.823503738963,99.95669179541255,0.2767600882431383,ok,0.07916542793847711,1368.9809123244281,1448.1617802279789,79.18086790355073,0.21923598705135128,ok
/Users/cudmore/Sites/cs_project/cloudscope-data/data-samples/diameter-sample-data/Treatment/220110n_0056.tif.frames/220110n_0056.tif|channel=0|roi_id=2|peak_row_type=peak|peak_id=6,87,220110n_0056.tif,/Users/cudmore/Sites/cs_project/cloudscope-data/data-samples/diameter-sample-data/Treatment/220110n_0056.tif.frames/220110n_0056.tif,220110n_0056.tif.frames,Treatment,,,,,,,,,True,0,2,0.0027688,0.414,260630,20:45:24.730,1,ok,2500,8,166,0.0027688,1437.7752471766867,percentile,20.0,1.0,single_exponential,absolute_threshold,df_f_signal,150.0,500.0,100.0,0.081481759040736,0.08983126537966914,0,,peak,6,ok,0,,1674,4.6349712,-0.006514425958792894,1728,4.7844864000000005,0.0811567900550159,0.0876712160138088,absolute_threshold,0.9690799999999999,0.9690800000000004,-0.009397812422853244,ok,,0.0036415845926568453,ok,,0.09055460247786914,ok,,,failed,left_10_or_left_90_unavailable,,failed,right_90_or_right_10_unavailable,,failed,right_90_or_right_10_unavailable,1.72814602486079,ok,,,failed,right_10_crossing_unavailable,,failed,left_10_or_right_10_unavailable,0.002252695642587986,1677.1233483394467,,,,right_not_found_within_width_search_window,0.011019817243968867,1678.9374670953553,,,,right_not_found_within_width_search_window,0.0373211820481115,1691.3025942276336,1858.9249865134393,167.62239228580574,0.46411287976093896,ok,0.06362254685225414,1711.3260939373038,1813.4460091292058,102.11991519190201,0.2827496211833383,ok,0.07238966845363502,1716.6106431680353,1810.125432022903,93.51478885486767,0.25892374738135765,ok
/Users/cudmore/Sites/cs_project/cloudscope-data/data-samples/diameter-sample-data/Treatment/220110n_0056.tif.frames/220110n_0056.tif|channel=0|roi_id=2|peak_row_type=peak|peak_id=7,88,220110n_0056.tif,/Users/cudmore/Sites/cs_project/cloudscope-data/data-samples/diameter-sample-data/Treatment/220110n_0056.tif.frames/220110n_0056.tif,220110n_0056.tif.frames,Treatment,,,,,,,,,True,0,2,0.0027688,0.414,260630,20:45:24.730,1,ok,2500,8,166,0.0027688,1437.7752471766867,percentile,20.0,1.0,single_exponential,absolute_threshold,df_f_signal,150.0,500.0,100.0,0.081481759040736,0.08983126537966914,0,,peak,7,ok,0,,2027,5.6123576,-0.005836638851053997,2081,5.7618728,0.07729831205351047,0.08313495090456446,absolute_threshold,0.9773864000000003,0.9773863999999994,-0.020686106174855487,ok,,0.0032476418599138635,ok,,0.09798441822836595,ok,,,failed,left_10_or_left_90_unavailable,,failed,right_90_or_right_10_unavailable,,failed,right_90_or_right_10_unavailable,1.6454507965394591,ok,,,failed,right_10_crossing_unavailable,,failed,left_10_or_right_10_unavailable,0.0024768562394024496,2031.519578064241,,,,right_not_found_within_width_search_window,0.010790351329858897,2033.9872171632253,,,,right_not_found_within_width_search_window,0.035730836601228236,2046.3835834048252,2212.738420296125,166.35483689129956,0.4606032723846302,ok,0.06067132187259758,2065.524328442154,2157.619102303293,92.09477386113895,0.25499200986672155,ok,0.06898481696305403,2071.670840728384,2138.466385413232,66.79554468484775,0.18494350412340646,ok
/Users/cudmore/Sites/cs_project/cloudscope-data/data-samples/diameter-sample-data/Treatment/220110n_0056.tif.frames/220110n_0056.tif|channel=0|roi_id=2|peak_row_type=peak|peak_id=8,89,220110n_0056.tif,/Users/cudmore/Sites/cs_project/cloudscope-data/data-samples/diameter-sample-data/Treatment/220110n_0056.tif.frames/220110n_0056.tif,220110n_0056.tif.frames,Treatment,,,,,,,,,True,0,2,0.0027688,0.414,260630,20:45:24.730,1,ok,2500,8,166,0.0027688,1437.7752471766867,percentile,20.0,1.0,single_exponential,absolute_threshold,df_f_signal,150.0,500.0,100.0,0.081481759040736,0.08983126537966914,0,,peak,8,ok,0,,2373,6.5703624000000005,-0.008446452602572532,2427,6.7198776,0.07888384381489345,0.08733029641746598,absolute_threshold,0.9580048000000003,0.9580048000000003,-0.014427527487379624,ok,,0.003454600380990677,ok,,0.09331137130227307,ok,,,failed,left_10_or_left_90_unavailable,,failed,right_90_or_right_10_unavailable,,failed,right_90_or_right_10_unavailable,1.7986029880526613,ok,,,failed,right_10_crossing_unavailable,,failed,left_10_or_right_10_unavailable,0.00028657703917406643,2375.7079655685156,,,,right_not_found_within_width_search_window,0.009019606680920665,2380.6356755451848,,,,right_not_found_within_width_search_window,0.035218695606160456,2394.3109830866542,,,,right_not_found_within_width_search_window,0.06141778453140025,2409.64974807093,,,,right_not_found_within_width_search_window,0.07015081417314686,2418.8799924948453,2490.690615667789,71.8106231729439,0.1988292534412471,ok
/Users/cudmore/Sites/cs_project/cloudscope-data/data-samples/diameter-sample-data/Treatment/220110n_0060.tif.frames/220110n_0060.tif|channel=0|roi_id=2|peak_row_type=peak|peak_id=1,90,220110n_0060.tif,/Users/cudmore/Sites/cs_project/cloudscope-data/data-samples/diameter-sample-data/Treatment/220110n_0060.tif.frames/220110n_0060.tif,220110n_0060.tif.frames,Treatment,,,,,,,,,True,0,2,0.0027088,0.414,260630,20:48:26.121,1,ok,2500,8,160,0.0027088,976.0755582703113,percentile,20.0,1.0,single_exponential,absolute_threshold,df_f_signal,400.0,500.0,100.0,0.10252312056833505,0.11311647780687467,0,,peak,1,ok,0,,0,0.0,0.05216623989634592,84,0.2275392,0.08514269380596226,0.03297645390961634,absolute_threshold,,,,failed,insufficient_baseline_samples,,failed,insufficient_baseline_samples,,failed,baseline_mean_unavailable,0.10832515892712509,ok,,0.1527164823394124,ok,,0.1527164823394124,ok,,0.9715417727920652,ok,,-1.1996530523153695,ok,,0.008197590978988669,ok,,0.05546388528730755,3.2292137505506346,140.88529924425924,137.65608549370862,0.37288280438535787,ok,0.05876153067826918,6.209387152065781,137.27292741321813,131.06354026115235,0.3550249178594095,ok,0.06865446685115409,14.019236749013498,126.57815758478337,112.55892083576987,0.3048996047599334,ok,0.078547403024039,41.02970422381018,86.07500197241886,45.04529774860868,0.1220187025414312,ok,0.08184504841500062,43.21930490793586,84.50738934341295,41.288084435477096,0.11184116311882035,ok
/Users/cudmore/Sites/cs_project/cloudscope-data/data-samples/diameter-sample-data/Treatment/220110n_0060.tif.frames/220110n_0060.tif|channel=0|roi_id=2|peak_row_type=peak|peak_id=2,91,220110n_0060.tif,/Users/cudmore/Sites/cs_project/cloudscope-data/data-samples/diameter-sample-data/Treatment/220110n_0060.tif.frames/220110n_0060.tif,220110n_0060.tif.frames,Treatment,,,,,,,,,True,0,2,0.0027088,0.414,260630,20:48:26.121,1,ok,2500,8,160,0.0027088,976.0755582703113,percentile,20.0,1.0,single_exponential,absolute_threshold,df_f_signal,400.0,500.0,100.0,0.10252312056833505,0.11311647780687467,0,,peak,2,ok,0,,288,0.7801344,-0.009899833827187008,421,1.1404048,0.10845048367470696,0.11835031750189397,absolute_threshold,0.7801344,0.9128655999999999,-0.05574566532505638,ok,,0.019190455706770623,ok,,0.16419614899976334,ok,,0.26032419518922545,ok,,0.2715071312126569,ok,,0.2715071312126569,ok,,1.3426661551050414,ok,,-1.2953882206206888,ok,,0.06354883461013904,ok,,0.0019351979230023894,294.20986637388216,581.4670675962454,287.2572012223633,0.7781223066711376,ok,0.013770229673191787,299.59081778127376,568.936781476959,269.34596369568527,0.7296043464588723,ok,0.049275324923759974,324.31841917271015,534.3055882166817,209.98716904397156,0.5688132435063101,ok,0.08478042017432817,370.0446053698733,501.4703796740515,131.42577430417822,0.35600613743515797,ok,0.09661545192451756,390.3130099020959,481.23555134821794,90.92254144612201,0.2462909802692553,ok
/Users/cudmore/Sites/cs_project/cloudscope-data/data-samples/diameter-sample-data/Treatment/220110n_0060.tif.frames/220110n_0060.tif|channel=0|roi_id=2|peak_row_type=peak|peak_id=3,92,220110n_0060.tif,/Users/cudmore/Sites/cs_project/cloudscope-data/data-samples/diameter-sample-data/Treatment/220110n_0060.tif.frames/220110n_0060.tif,220110n_0060.tif.frames,Treatment,,,,,,,,,True,0,2,0.0027088,0.414,260630,20:48:26.121,1,ok,2500,8,160,0.0027088,976.0755582703113,percentile,20.0,1.0,single_exponential,absolute_threshold,df_f_signal,400.0,500.0,100.0,0.10252312056833505,0.11311647780687467,0,,peak,3,ok,0,,635,1.720088,-0.007267544969367922,773,2.0939023999999997,0.10925856097998422,0.11652610594935214,absolute_threshold,0.9399536000000001,0.9534975999999997,-0.027106434602640856,ok,,0.00716458841383202,ok,,0.13636499558262508,ok,,0.2039036673030885,ok,,0.27225811035759584,ok,,0.27225811035759584,ok,,2.5316833152624616,ok,,-1.200828542027319,ok,,0.06269946201251618,ok,,0.004385065625567293,640.4449675063337,917.7805775529107,277.335610046577,0.7512467004941678,ok,0.016037676220502506,646.0827477995472,906.9946303952397,260.91188259569253,0.706758107575212,ok,0.05099550800530815,660.6930418896224,879.645608679547,218.95256678992462,0.5930987129205478,ok,0.0859533397901138,703.0440720493306,840.1971852804816,137.153113231151,0.3715203531205418,ok,0.09760595038504902,715.7195050517739,817.2718244675608,101.55231941578688,0.2750849228334835,ok
/Users/cudmore/Sites/cs_project/cloudscope-data/data-samples/diameter-sample-data/Treatment/220110n_0060.tif.frames/220110n_0060.tif|channel=0|roi_id=2|peak_row_type=peak|peak_id=4,93,220110n_0060.tif,/Users/cudmore/Sites/cs_project/cloudscope-data/data-samples/diameter-sample-data/Treatment/220110n_0060.tif.frames/220110n_0060.tif,220110n_0060.tif.frames,Treatment,,,,,,,,,True,0,2,0.0027088,0.414,260630,20:48:26.121,1,ok,2500,8,160,0.0027088,976.0755582703113,percentile,20.0,1.0,single_exponential,absolute_threshold,df_f_signal,400.0,500.0,100.0,0.10252312056833505,0.11311647780687467,0,,peak,4,ok,0,,999,2.7060912,-0.009651246247594397,1145,3.101576,0.10689385191982746,0.11654509816742185,absolute_threshold,0.9860031999999999,1.0076736000000004,-0.04203809977914522,ok,,0.011358652419426525,ok,,0.1489319516989727,ok,,0.24416150652015878,ok,,0.2702675472119238,ok,,0.2702675472119238,ok,,1.7788074356331904,ok,,-1.593188505115636,ok,,0.06346882243387618,ok,,0.0020032635691477896,1001.7295212150334,1289.7792178893917,288.0496966743583,0.7802690183515018,ok,0.013657773385889976,1008.4140636139703,1278.1502992450023,269.73623563103206,0.7306615150773397,ok,0.04862130283611653,1031.3670009840966,1246.5606170566653,215.1936160725686,0.5829164672173738,ok,0.0835848322863431,1066.832695338564,1206.832144392157,139.99944905359303,0.3792305075963728,ok,0.09523934210308528,1091.8659308872716,1190.0053153451197,98.13938445784811,0.26583996461941894,ok
/Users/cudmore/Sites/cs_project/cloudscope-data/data-samples/diameter-sample-data/Treatment/220110n_0060.tif.frames/220110n_0060.tif|channel=0|roi_id=2|peak_row_type=peak|peak_id=5,94,220110n_0060.tif,/Users/cudmore/Sites/cs_project/cloudscope-data/data-samples/diameter-sample-data/Treatment/220110n_0060.tif.frames/220110n_0060.tif,220110n_0060.tif.frames,Treatment,,,,,,,,,True,0,2,0.0027088,0.414,260630,20:48:26.121,1,ok,2500,8,160,0.0027088,976.0755582703113,percentile,20.0,1.0,single_exponential,absolute_threshold,df_f_signal,400.0,500.0,100.0,0.10252312056833505,0.11311647780687467,0,,peak,5,ok,0,,1356,3.6731328,-0.0026806870503879292,1481,4.0117328,0.1064855844754553,0.10916627152584323,absolute_threshold,0.9670416,0.9101567999999998,-0.03310262726773068,ok,,0.009722225651658409,ok,,0.13958821174318597,ok,,0.2271394663655122,ok,,0.27065281895174476,ok,,0.27065281895174476,ok,,1.5909571319434754,ok,,-1.1142149539576547,ok,,0.0520121500043101,ok,,0.008235940102196394,1363.0785313454023,1619.845460709627,256.7669293642248,0.695530258261812,ok,0.01915256725478072,1368.5180749621081,1614.522955341116,246.00488037900777,0.6663780199706563,ok,0.05190244871253368,1391.8561598059905,1580.7507636178962,188.89460381190565,0.51167770280569,ok,0.08465233017028666,1434.1450351631167,1547.4177566127532,113.27272144963649,0.3068331478627753,ok,0.09556895732287098,1446.9309628152457,1519.929328491765,72.99836567651937,0.19773797294455567,ok
/Users/cudmore/Sites/cs_project/cloudscope-data/data-samples/diameter-sample-data/Treatment/220110n_0060.tif.frames/220110n_0060.tif|channel=0|roi_id=2|peak_row_type=peak|peak_id=6,95,220110n_0060.tif,/Users/cudmore/Sites/cs_project/cloudscope-data/data-samples/diameter-sample-data/Treatment/220110n_0060.tif.frames/220110n_0060.tif,220110n_0060.tif.frames,Treatment,,,,,,,,,True,0,2,0.0027088,0.414,260630,20:48:26.121,1,ok,2500,8,160,0.0027088,976.0755582703113,percentile,20.0,1.0,single_exponential,absolute_threshold,df_f_signal,400.0,500.0,100.0,0.10252312056833505,0.11311647780687467,0,,peak,6,ok,0,,1715,4.645592,-0.00954654505831725,1852,5.0166976,0.102519972916815,0.11206651797513226,absolute_threshold,0.9724591999999999,1.0049647999999998,-0.04537761094156439,ok,,0.01311800131560357,ok,,0.1478975838583794,ok,,0.24355188027753805,ok,,0.29349618122100907,ok,,0.29349618122100907,ok,,1.7038389944828103,ok,,-1.461505536423065,ok,,0.05594480822645755,ok,,0.0016601067391959767,1719.559503684572,1993.2518574745802,273.69235379000816,0.7413778479463741,ok,0.012866758536709204,1727.101085763895,1977.9689641066436,250.86787834274855,0.6795509088548373,ok,0.04648671392924888,1755.645123452368,1946.846483688722,191.20136023635405,0.5179262446082359,ok,0.08010666932178856,1786.1069216948383,1914.5123087654447,128.40538707060637,0.34782451249685853,ok,0.0913133211193018,1809.4708593688374,1884.9027061082893,75.43184673945188,0.20432978644782726,ok
/Users/cudmore/Sites/cs_project/cloudscope-data/data-samples/diameter-sample-data/Treatment/220110n_0060.tif.frames/220110n_0060.tif|channel=0|roi_id=2|peak_row_type=peak|peak_id=7,96,220110n_0060.tif,/Users/cudmore/Sites/cs_project/cloudscope-data/data-samples/diameter-sample-data/Treatment/220110n_0060.tif.frames/220110n_0060.tif,220110n_0060.tif.frames,Treatment,,,,,,,,,True,0,2,0.0027088,0.414,260630,20:48:26.121,1,ok,2500,8,160,0.0027088,976.0755582703113,percentile,20.0,1.0,single_exponential,absolute_threshold,df_f_signal,400.0,500.0,100.0,0.10252312056833505,0.11311647780687467,0,,peak,7,ok,0,,2071,5.6099248,-0.00991106493201472,2199,5.9566512,0.10425537270660236,0.11416643763861709,absolute_threshold,0.9643328000000002,0.9399536,-0.042022706088954476,ok,,0.013216622744664036,ok,,0.14627807879555682,ok,,0.2580462473541525,ok,,0.27928306348940346,ok,,0.27928306348940346,ok,,1.4873267143347437,ok,,-1.2030291051042337,ok,,0.06437557922421408,ok,,0.0015055788318469893,2075.2085887587123,2372.8811939218594,297.6726051631472,0.8063355528659331,ok,0.012922222595708698,2084.294203819926,2361.729439658877,277.4352358389506,0.7515165668405493,ok,0.04717215388729382,2106.2364212112443,2327.3702003550907,221.13377914384637,0.5990071809448511,ok,0.08142208517887894,2151.267218969434,2285.980555062886,134.7133360934522,0.3649114848099433,ok,0.09283872894274067,2170.4707887565532,2269.7790588475077,99.30827009095447,0.26900624202237744,ok
/Users/cudmore/Sites/cs_project/cloudscope-data/data-samples/diameter-sample-data/Treatment/220110n_0060.tif.frames/220110n_0060.tif|channel=0|roi_id=2|peak_row_type=peak|peak_id=8,97,220110n_0060.tif,/Users/cudmore/Sites/cs_project/cloudscope-data/data-samples/diameter-sample-data/Treatment/220110n_0060.tif.frames/220110n_0060.tif,220110n_0060.tif.frames,Treatment,,,,,,,,,True,0,2,0.0027088,0.414,260630,20:48:26.121,1,ok,2500,8,160,0.0027088,976.0755582703113,percentile,20.0,1.0,single_exponential,absolute_threshold,df_f_signal,400.0,500.0,100.0,0.10252312056833505,0.11311647780687467,0,,peak,8,ok,0,,2421,6.5580048,-0.006942764778143109,2499,6.7692912,0.09344499710066048,0.10038776187880359,absolute_threshold,0.94808,0.81264,-0.01696537423504982,ok,,0.0055394231835693706,ok,,0.1104103713357103,ok,,,failed,left_10_or_left_90_unavailable,,failed,right_90_or_right_10_unavailable,,failed,right_90_or_right_10_unavailable,1.6228672324851146,ok,,,failed,right_10_crossing_unavailable,,failed,left_10_or_right_10_unavailable,0.003096011409737251,2424.1153131366154,,,,right_not_found_within_width_search_window,0.01313478759761761,2427.28197686291,,,,right_not_found_within_width_search_window,0.043251116161258686,2443.8681851155484,,,,right_not_found_within_width_search_window,0.07336744472489977,2466.4668258689585,,,,right_not_found_within_width_search_window,0.08340622091278012,2474.8586094281127,,,,right_not_found_within_width_search_window
/Users/cudmore/Sites/cs_project/cloudscope-data/data-samples/diameter-sample-data/Treatment/220110n_0064.tif.frames/220110n_0064.tif|channel=0|roi_id=2|peak_row_type=peak|peak_id=1,98,220110n_0064.tif,/Users/cudmore/Sites/cs_project/cloudscope-data/data-samples/diameter-sample-data/Treatment/220110n_0064.tif.frames/220110n_0064.tif,220110n_0064.tif.frames,Treatment,,,,,,,,,True,0,2,0.004408400000000001,0.414,260630,20:49:53.101,1,ok_with_warnings,2500,11,329,0.004408400000000001,1991.7299871330856,percentile,20.0,1.0,single_exponential,absolute_threshold,df_f_signal,400.0,500.0,100.0,0.09426674088440504,0.10911189834132325,0,,peak,1,non_positive_amplitude,1,Peak amplitude was not positive after refinement,0,0.0,0.06514907914592317,0,0.0,0.06514907914592317,0.0,absolute_threshold,,,,failed,insufficient_baseline_samples,,failed,insufficient_baseline_samples,,failed,baseline_mean_unavailable,,failed,left_10_or_left_90_unavailable,,failed,right_90_or_right_10_unavailable,,failed,right_90_or_right_10_unavailable,,failed,peak_index_unavailable,,failed,right_10_crossing_unavailable,,failed,left_10_or_right_10_unavailable,0.06514907914592317,,0.0,,,left_not_found,0.06514907914592317,,0.0,,,left_not_found,0.06514907914592317,,0.0,,,left_not_found,0.06514907914592317,,0.0,,,left_not_found,0.06514907914592317,,0.0,,,left_not_found
/Users/cudmore/Sites/cs_project/cloudscope-data/data-samples/diameter-sample-data/Treatment/220110n_0064.tif.frames/220110n_0064.tif|channel=0|roi_id=2|peak_row_type=peak|peak_id=2,99,220110n_0064.tif,/Users/cudmore/Sites/cs_project/cloudscope-data/data-samples/diameter-sample-data/Treatment/220110n_0064.tif.frames/220110n_0064.tif,220110n_0064.tif.frames,Treatment,,,,,,,,,True,0,2,0.004408400000000001,0.414,260630,20:49:53.101,1,ok_with_warnings,2500,11,329,0.004408400000000001,1991.7299871330856,percentile,20.0,1.0,single_exponential,absolute_threshold,df_f_signal,400.0,500.0,100.0,0.09426674088440504,0.10911189834132325,0,,peak,2,ok,0,,286,1.2608024000000002,-0.018940840768445346,377,1.6619668000000003,0.08672780016612501,0.10566864093457036,absolute_threshold,1.2608024000000002,1.6619668000000003,-0.02044862244994314,ok,,0.005700478706315131,ok,,0.10717642261606815,ok,,0.2828927766164784,ok,,0.2804978405942773,ok,,0.2804978405942773,ok,,0.9520686962645661,ok,,-1.1496817452397288,ok,,0.05758267332735096,ok,,-0.00837397667498831,290.21080158099124,473.47514833739166,183.2643467564004,0.8079025462409157,ok,0.002192887418468726,295.2803766423925,466.73575058872126,171.45537394632873,0.7558438705049957,ok,0.03389347969883984,313.7826364306589,442.5730226239419,128.79038619328298,0.5677595384944688,ok,0.06559407197921094,340.75832500955175,421.8014706576772,81.04314564812546,0.35727060327519633,ok,0.07616093607266798,354.38210559525453,409.84711081940844,55.46500522415391,0.24451192903016014,ok
/Users/cudmore/Sites/cs_project/cloudscope-data/data-samples/diameter-sample-data/Treatment/220110n_0064.tif.frames/220110n_0064.tif|channel=0|roi_id=2|peak_row_type=peak|peak_id=3,100,220110n_0064.tif,/Users/cudmore/Sites/cs_project/cloudscope-data/data-samples/diameter-sample-data/Treatment/220110n_0064.tif.frames/220110n_0064.tif,220110n_0064.tif.frames,Treatment,,,,,,,,,True,0,2,0.004408400000000001,0.414,260630,20:49:53.101,1,ok_with_warnings,2500,11,329,0.004408400000000001,1991.7299871330856,percentile,20.0,1.0,single_exponential,absolute_threshold,df_f_signal,400.0,500.0,100.0,0.09426674088440504,0.10911189834132325,0,,peak,3,ok,0,,508,2.2394672000000004,-0.01618764949793362,599,2.6406316000000003,0.09254057722794279,0.10872822672587641,absolute_threshold,0.9786648000000002,0.9786648,-0.03255578564771029,ok,,0.0037819124634232014,ok,,0.12509636287565307,ok,,0.2881061528714537,ok,,0.29561024181549334,ok,,0.29561024181549334,ok,,1.3073611873132231,ok,,-0.7821108750291463,ok,,0.05982086632167524,ok,,-0.005314826825345977,513.6755782728729,698.9434162273184,185.26783795444544,0.8167347368383774,ok,0.005557995847241665,520.408605086135,692.1403761660214,171.73177107988636,0.7570623396285712,ok,0.03817646386500459,537.8955813342997,667.9710002099246,130.0754188756249,0.5734244765713049,ok,0.07079493188276752,563.7477827799876,644.5384149251349,80.79063214514736,0.3561574227486677,ok,0.08166775455535515,579.0294828349485,631.8872866076166,52.85780377266815,0.2330183421514303,ok
/Users/cudmore/Sites/cs_project/cloudscope-data/data-samples/diameter-sample-data/Treatment/220110n_0064.tif.frames/220110n_0064.tif|channel=0|roi_id=2|peak_row_type=peak|peak_id=4,101,220110n_0064.tif,/Users/cudmore/Sites/cs_project/cloudscope-data/data-samples/diameter-sample-data/Treatment/220110n_0064.tif.frames/220110n_0064.tif,220110n_0064.tif.frames,Treatment,,,,,,,,,True,0,2,0.004408400000000001,0.414,260630,20:49:53.101,1,ok_with_warnings,2500,11,329,0.004408400000000001,1991.7299871330856,percentile,20.0,1.0,single_exponential,absolute_threshold,df_f_signal,400.0,500.0,100.0,0.09426674088440504,0.10911189834132325,0,,peak,4,ok,0,,724,3.1916816000000003,-0.01597762080092678,815,3.5928460000000007,0.08862023005557254,0.10459785085649932,absolute_threshold,0.9522143999999999,0.9522144000000003,-0.021000301412057505,ok,,0.0051606399552615295,ok,,0.10962053146763004,ok,,0.26901044566767274,ok,,0.26825377579818,ok,,0.26825377579818,ok,,0.9818345104128932,ok,,-0.7388083883053902,ok,,0.056641470646162026,ok,,-0.005517835715276849,728.3303631794514,909.4685084011272,181.1381452216758,0.7985293993952358,ok,0.004941949370373084,733.7629036855469,901.2228461597399,167.45994247419299,0.7382304104032325,ok,0.03632130462732288,751.6694798390645,879.3964256344019,127.72694579533743,0.5630714678441656,ok,0.06770065988427268,776.9595086773381,857.6402689135369,80.68076023619881,0.3556730634252589,ok,0.07816044496992261,789.3526038263238,848.6179104975387,59.26530667121483,0.2612651779293835,ok
/Users/cudmore/Sites/cs_project/cloudscope-data/data-samples/diameter-sample-data/Treatment/220110n_0064.tif.frames/220110n_0064.tif|channel=0|roi_id=2|peak_row_type=peak|peak_id=5,102,220110n_0064.tif,/Users/cudmore/Sites/cs_project/cloudscope-data/data-samples/diameter-sample-data/Treatment/220110n_0064.tif.frames/220110n_0064.tif,220110n_0064.tif.frames,Treatment,,,,,,,,,True,0,2,0.004408400000000001,0.414,260630,20:49:53.101,1,ok_with_warnings,2500,11,329,0.004408400000000001,1991.7299871330856,percentile,20.0,1.0,single_exponential,absolute_threshold,df_f_signal,400.0,500.0,100.0,0.09426674088440504,0.10911189834132325,0,,peak,5,ok,0,,947,4.1747548000000005,-0.01974388575274212,1038,4.5759192,0.0918624144375734,0.11160630019031552,absolute_threshold,0.9830732000000002,0.9830731999999998,-0.032515773419564666,ok,,0.0044564479787571765,ok,,0.12437818785713806,ok,,0.2734191207069845,ok,,0.27864485615631196,ok,,0.27864485615631196,ok,,1.022058707407395,ok,,-0.9110890776688245,ok,,0.06072770970151134,ok,,-0.00858325573371057,951.0276954374357,1133.6336178050865,182.6059223676508,0.804999948165552,ok,0.0025773742853209824,953.9015418938504,1123.0751249308387,169.17358303698825,0.7457848234602591,ok,0.03605926434241564,971.9899153805408,1102.9332749455227,130.94335956498196,0.5772507063062665,ok,0.0695411543995103,999.6169095029385,1078.54941811599,78.93250861305148,0.3479660709697762,ok,0.08070178441854185,1013.0499984741347,1070.4259106650104,57.37591219087574,0.25293597130225665,ok
/Users/cudmore/Sites/cs_project/cloudscope-data/data-samples/diameter-sample-data/Treatment/220110n_0064.tif.frames/220110n_0064.tif|channel=0|roi_id=2|peak_row_type=peak|peak_id=6,103,220110n_0064.tif,/Users/cudmore/Sites/cs_project/cloudscope-data/data-samples/diameter-sample-data/Treatment/220110n_0064.tif.frames/220110n_0064.tif,220110n_0064.tif.frames,Treatment,,,,,,,,,True,0,2,0.004408400000000001,0.414,260630,20:49:53.101,1,ok_with_warnings,2500,11,329,0.004408400000000001,1991.7299871330856,percentile,20.0,1.0,single_exponential,absolute_threshold,df_f_signal,400.0,500.0,100.0,0.09426674088440504,0.10911189834132325,0,,peak,6,ok,0,,1165,5.135786,-0.018537121252663817,1255,5.532542000000001,0.09071606368763468,0.10925318494029851,absolute_threshold,0.9610311999999999,0.9566228000000008,-0.02891722755278065,ok,,0.0055518244578589854,ok,,0.11963329124041533,ok,,0.25906096145629043,ok,,0.2896326559289575,ok,,0.2896326559289575,ok,,1.078058523761959,ok,,-0.7468881299855461,ok,,0.058112969929792355,ok,,-0.0076118027586339655,1169.9745993865142,1350.2174371453168,180.24283775880258,0.7945825259759054,ok,0.003313515735395886,1174.5072041069652,1341.5232591266947,167.0160550197295,0.7362735769489757,ok,0.03608947121748544,1191.900800297658,1318.4052456107147,126.50444531305675,0.5576821967180795,ok,0.06886542669957499,1216.8899797550512,1292.7916965573784,75.9017168023272,0.3346051283513793,ok,0.07979074519360485,1228.739902320978,1284.5172611338485,55.77735881287049,0.2458889085906583,ok
/Users/cudmore/Sites/cs_project/cloudscope-data/data-samples/diameter-sample-data/Treatment/220110n_0064.tif.frames/220110n_0064.tif|channel=0|roi_id=2|peak_row_type=peak|peak_id=7,104,220110n_0064.tif,/Users/cudmore/Sites/cs_project/cloudscope-data/data-samples/diameter-sample-data/Treatment/220110n_0064.tif.frames/220110n_0064.tif,220110n_0064.tif.frames,Treatment,,,,,,,,,True,0,2,0.004408400000000001,0.414,260630,20:49:53.101,1,ok_with_warnings,2500,11,329,0.004408400000000001,1991.7299871330856,percentile,20.0,1.0,single_exponential,absolute_threshold,df_f_signal,400.0,500.0,100.0,0.09426674088440504,0.10911189834132325,0,,peak,7,ok,0,,1384,6.101225600000001,-0.01955326739393931,1475,6.502390000000001,0.09415650532393627,0.11370977271787558,absolute_threshold,0.9654396000000007,0.9698479999999998,-0.02911418805316345,ok,,0.00465072944068858,ok,,0.12327069337709971,ok,,0.26292062864622245,ok,,0.28943086414041375,ok,,0.28943086414041375,ok,,1.179238455204036,ok,,-0.792401517620707,ok,,0.06159560784733739,ok,,-0.008182290122151752,1388.5859134265545,1571.7534698631985,183.16755643664396,0.8074758557953013,ok,0.0031886871496358063,1394.437623056387,1563.8931021858089,169.45547912942175,0.7470275341941429,ok,0.03730161896499848,1410.6967367173033,1538.7935879157355,128.0968511984322,0.5647021588231687,ok,0.07141455078036116,1437.4203946523535,1517.0748628159677,79.65446816361418,0.3511487574524768,ok,0.08278552805214871,1448.2267419916172,1506.0990682343956,57.8723262427784,0.2551243630086643,ok
/Users/cudmore/Sites/cs_project/cloudscope-data/data-samples/diameter-sample-data/Treatment/220110n_0064.tif.frames/220110n_0064.tif|channel=0|roi_id=2|peak_row_type=peak|peak_id=8,105,220110n_0064.tif,/Users/cudmore/Sites/cs_project/cloudscope-data/data-samples/diameter-sample-data/Treatment/220110n_0064.tif.frames/220110n_0064.tif,220110n_0064.tif.frames,Treatment,,,,,,,,,True,0,2,0.004408400000000001,0.414,260630,20:49:53.101,1,ok_with_warnings,2500,11,329,0.004408400000000001,1991.7299871330856,percentile,20.0,1.0,single_exponential,absolute_threshold,df_f_signal,400.0,500.0,100.0,0.09426674088440504,0.10911189834132325,0,,peak,8,ok,0,,1604,7.071073600000001,-0.014570998118936316,1692,7.459012800000001,0.09454090022238693,0.10911189834132325,absolute_threshold,0.9698479999999998,0.9566227999999999,-0.02700649842941658,ok,,0.0037867878808688677,ok,,0.1215473986518035,ok,,0.2850414206981844,ok,,0.29700914873366546,ok,,0.29700914873366546,ok,,1.1171193573812368,ok,,-0.8008878245327011,ok,,0.05763802359966936,ok,,-0.00365980828480399,1607.4973599987034,1790.6659136179212,183.16855361921785,0.8074802517749601,ok,0.007251381549328336,1613.0798346429006,1780.0029481280922,166.9231134851916,0.7358638534881188,ok,0.03998495105172531,1631.5784458887,1757.330011729105,125.75156584040519,0.5543632028508423,ok,0.07271852055412228,1657.9901147324645,1732.7028377829338,74.71272305046932,0.329363568295689,ok,0.0836297103882546,1672.1560617268099,1723.2924564149303,51.13639468812039,0.22542968234310995,ok
/Users/cudmore/Sites/cs_project/cloudscope-data/data-samples/diameter-sample-data/Treatment/220110n_0064.tif.frames/220110n_0064.tif|channel=0|roi_id=2|peak_row_type=peak|peak_id=9,106,220110n_0064.tif,/Users/cudmore/Sites/cs_project/cloudscope-data/data-samples/diameter-sample-data/Treatment/220110n_0064.tif.frames/220110n_0064.tif,220110n_0064.tif.frames,Treatment,,,,,,,,,True,0,2,0.004408400000000001,0.414,260630,20:49:53.101,1,ok_with_warnings,2500,11,329,0.004408400000000001,1991.7299871330856,percentile,20.0,1.0,single_exponential,absolute_threshold,df_f_signal,400.0,500.0,100.0,0.09426674088440504,0.10911189834132325,0,,peak,9,ok,0,,1823,8.036513200000002,-0.016683292874655788,1914,8.4376776,0.09418267189667467,0.11086596477133046,absolute_threshold,0.9654396000000007,0.9786647999999998,-0.02676001862928373,ok,,0.0036002551972872158,ok,,0.12094269052595841,ok,,0.23925998299779927,ok,,0.2891877603049675,ok,,0.2891877603049675,ok,,1.094487704414337,ok,,-0.8686603070082607,ok,,0.05759187323333228,ok,,-0.005596696397522742,1830.0596745869675,2006.1152690495142,176.05559446254665,0.7761234826286908,ok,0.005489900079610303,1833.4613925591043,1998.4858705718589,165.02447801275457,0.7274939088714274,ok,0.03874968951100944,1852.2299535216714,1971.2531767796706,119.02322325799923,0.5247019774105639,ok,0.07200947894240858,1874.1120091446091,1950.6850274459214,76.57301830131223,0.3375644938795049,ok,0.08309607541954162,1884.333330107746,1940.516013014452,56.18268290670608,0.2476757393259231,ok
/Users/cudmore/Sites/cs_project/cloudscope-data/data-samples/diameter-sample-data/Treatment/220110n_0064.tif.frames/220110n_0064.tif|channel=0|roi_id=2|peak_row_type=peak|peak_id=10,107,220110n_0064.tif,/Users/cudmore/Sites/cs_project/cloudscope-data/data-samples/diameter-sample-data/Treatment/220110n_0064.tif.frames/220110n_0064.tif,220110n_0064.tif.frames,Treatment,,,,,,,,,True,0,2,0.004408400000000001,0.414,260630,20:49:53.101,1,ok_with_warnings,2500,11,329,0.004408400000000001,1991.7299871330856,percentile,20.0,1.0,single_exponential,absolute_threshold,df_f_signal,400.0,500.0,100.0,0.09426674088440504,0.10911189834132325,0,,peak,10,ok,0,,2043,9.0063612,-0.01891205465286476,2130,9.389892000000001,0.09673269605595494,0.1156447507088197,absolute_threshold,0.9698479999999989,0.9522144000000008,-0.029088229252298703,ok,,0.003632996525158949,ok,,0.12582092530825364,ok,,0.2679792131832972,ok,,0.3370457697270819,ok,,0.3370457697270819,ok,,1.3316177266523104,ok,,-0.8032941648080234,ok,,0.06576032325830505,ok,,-0.007347579581982788,2048.0316989823486,2242.241836072959,194.21013709061026,0.8561559683502464,ok,0.004216895488899183,2049.9957215410586,2232.4626390097474,182.46691746868873,0.8043871589689675,ok,0.03891032070154509,2070.497011721765,2204.18983654796,133.6928248261952,0.589371448963799,ok,0.07360374591419101,2096.8795431775898,2179.3050612919355,82.42551811434578,0.36336465405528195,ok,0.08516822098507297,2108.8200151930596,2165.786484987059,56.966469793999295,0.2511309854398665,ok
/Users/cudmore/Sites/cs_project/cloudscope-data/data-samples/diameter-sample-data/Treatment/220110n_0064.tif.frames/220110n_0064.tif|channel=0|roi_id=2|peak_row_type=peak|peak_id=11,108,220110n_0064.tif,/Users/cudmore/Sites/cs_project/cloudscope-data/data-samples/diameter-sample-data/Treatment/220110n_0064.tif.frames/220110n_0064.tif,220110n_0064.tif.frames,Treatment,,,,,,,,,True,0,2,0.004408400000000001,0.414,260630,20:49:53.101,1,ok_with_warnings,2500,11,329,0.004408400000000001,1991.7299871330856,percentile,20.0,1.0,single_exponential,absolute_threshold,df_f_signal,400.0,500.0,100.0,0.09426674088440504,0.10911189834132325,0,,peak,11,ok,0,,2479,10.928423600000002,-0.018311426103523997,2499,11.016591600000002,0.029436133438022233,0.04774755954154623,absolute_threshold,1.9220624000000015,1.6266996000000002,-0.02335967443603071,ok,,0.004354593090487918,ok,,0.05279580787405294,ok,,,failed,left_10_or_left_90_unavailable,,failed,right_90_or_right_10_unavailable,,failed,right_90_or_right_10_unavailable,1.2159003537631379,ok,,,failed,right_10_crossing_unavailable,,failed,left_10_or_right_10_unavailable,-0.013536670149369373,2481.4434783516626,,,,right_not_found_within_width_search_window,-0.00876191419521475,2482.4540375057513,,,,right_not_found_within_width_search_window,0.00556235366724912,2487.3560550468947,,,,right_not_found_within_width_search_window,0.019886621529712992,2495.1032716039404,,,,right_not_found_within_width_search_window,0.024661377483867614,2495.5848171883727,,,,right_not_found_within_width_search_window
/Users/cudmore/Sites/cs_project/cloudscope-data/data-samples/diameter-sample-data/Treatment/220110n_0065.tif.frames/220110n_0065.tif|channel=0|roi_id=2|peak_row_type=peak|peak_id=1,109,220110n_0065.tif,/Users/cudmore/Sites/cs_project/cloudscope-data/data-samples/diameter-sample-data/Treatment/220110n_0065.tif.frames/220110n_0065.tif,220110n_0065.tif.frames,Treatment,,,,,,,,,True,0,2,0.0042884,0.414,260630,20:50:34.957,1,ok,2500,8,318,0.0042884,1856.0044791772,percentile,20.0,1.0,single_exponential,absolute_threshold,df_f_signal,400.0,500.0,100.0,0.14539360791492087,0.1337658545577874,0,,peak,1,ok,0,,0,0.0,-0.006966043252664137,86,0.36880240000000003,0.12532986800215126,0.1322959112548154,absolute_threshold,,,,failed,insufficient_baseline_samples,,failed,insufficient_baseline_samples,,failed,baseline_mean_unavailable,0.2293942242436671,ok,,0.2692515633990716,ok,,0.2692515633990716,ok,,1.4666483517539388,ok,,-0.8568896657611722,ok,,0.05976405004487357,ok,,0.006263547872817404,7.591594141146622,169.04210358411552,161.4505094429689,0.6923643646952279,ok,0.019493138998298944,14.554358373608645,160.77808364133242,146.22372526772378,0.6270658234381067,ok,0.059181912374743566,33.0550094470302,140.6991237410615,107.6441142940313,0.4616210197385239,ok,0.0988706857511882,52.618666066966426,117.36318292132795,64.74451685436152,0.277650386078244,ok,0.11210027687666974,61.08339160492498,106.2560846961686,45.17269309124362,0.19371857705248918,ok
/Users/cudmore/Sites/cs_project/cloudscope-data/data-samples/diameter-sample-data/Treatment/220110n_0065.tif.frames/220110n_0065.tif|channel=0|roi_id=2|peak_row_type=peak|peak_id=2,110,220110n_0065.tif,/Users/cudmore/Sites/cs_project/cloudscope-data/data-samples/diameter-sample-data/Treatment/220110n_0065.tif.frames/220110n_0065.tif,220110n_0065.tif.frames,Treatment,,,,,,,,,True,0,2,0.0042884,0.414,260630,20:50:34.957,1,ok,2500,8,318,0.0042884,1856.0044791772,percentile,20.0,1.0,single_exponential,absolute_threshold,df_f_signal,400.0,500.0,100.0,0.14539360791492087,0.1337658545577874,0,,peak,2,ok,0,,425,1.8225700000000002,-0.019099173463084238,518,2.2213912000000002,0.13755849553191696,0.1566576689950012,absolute_threshold,1.8225700000000002,1.8525888000000001,-0.06977223684722021,ok,,0.03204556717732695,ok,,0.20733073237913718,ok,,0.28407662556029645,ok,,0.27846990953536643,ok,,0.27846990953536643,ok,,1.4204220202766815,ok,,-1.3752513291731598,ok,,0.08162238202988026,ok,,-0.003433406563584117,429.58455308734955,613.4254794491467,183.84092636179713,0.7883834286099309,ok,0.012232360335916004,436.7743297134901,606.2491726526047,169.47484293911458,0.726775916460099,ok,0.05922966103441636,455.7368106439413,583.6402705275485,127.90345988360724,0.5485011973648614,ok,0.10622696173291674,485.19301845076905,559.8835656802481,74.69054722947908,0.3203029427388981,ok,0.12189272863241685,495.82758675032323,548.489860212283,52.662273461959785,0.22583689351426836,ok
/Users/cudmore/Sites/cs_project/cloudscope-data/data-samples/diameter-sample-data/Treatment/220110n_0065.tif.frames/220110n_0065.tif|channel=0|roi_id=2|peak_row_type=peak|peak_id=3,111,220110n_0065.tif,/Users/cudmore/Sites/cs_project/cloudscope-data/data-samples/diameter-sample-data/Treatment/220110n_0065.tif.frames/220110n_0065.tif,220110n_0065.tif.frames,Treatment,,,,,,,,,True,0,2,0.0042884,0.414,260630,20:50:34.957,1,ok,2500,8,318,0.0042884,1856.0044791772,percentile,20.0,1.0,single_exponential,absolute_threshold,df_f_signal,400.0,500.0,100.0,0.14539360791492087,0.1337658545577874,0,,peak,3,ok,0,,862,3.6966008,-0.01218414959540156,955,4.095422,0.17137053672473337,0.18355468632013494,absolute_threshold,1.8740307999999999,1.8740307999999999,-0.035579837299694744,ok,,0.005582744766841772,ok,,0.20695037402442812,ok,,0.2603430606324837,ok,,0.33534498766783205,ok,,0.33534498766783205,ok,,1.9686120611341815,ok,,-1.3586579741173903,ok,,0.1045443098175429,ok,,0.006171319036611934,866.1529985973982,1064.391296615459,198.23829801806073,0.8501251172206518,ok,0.024526787668625427,870.5484425909488,1052.956704409569,182.4082618186203,0.7822395899829714,ok,0.0795931935646659,889.108080849764,1026.7047260780053,137.5966452282413,0.5900694533967901,ok,0.13465959946070638,912.5624439597318,1000.2186032259292,87.65615926619739,0.37590467339716094,ok,0.1530150680927199,926.8616686450812,986.19313700632,59.33146836123876,0.25443706892033635,ok
/Users/cudmore/Sites/cs_project/cloudscope-data/data-samples/diameter-sample-data/Treatment/220110n_0065.tif.frames/220110n_0065.tif|channel=0|roi_id=2|peak_row_type=peak|peak_id=4,112,220110n_0065.tif,/Users/cudmore/Sites/cs_project/cloudscope-data/data-samples/diameter-sample-data/Treatment/220110n_0065.tif.frames/220110n_0065.tif,220110n_0065.tif.frames,Treatment,,,,,,,,,True,0,2,0.0042884,0.414,260630,20:50:34.957,1,ok,2500,8,318,0.0042884,1856.0044791772,percentile,20.0,1.0,single_exponential,absolute_threshold,df_f_signal,400.0,500.0,100.0,0.14539360791492087,0.1337658545577874,0,,peak,4,ok,0,,1307,5.6049388,-0.01933921290977746,1400,6.003760000000001,0.17150758128978918,0.19084679419956666,absolute_threshold,1.908338,1.9083380000000005,-0.016860195294313006,ok,,0.004595349751644959,ok,,0.1883677765841022,ok,,,failed,left_10_or_left_90_unavailable,,failed,right_90_or_right_10_unavailable,,failed,right_90_or_right_10_unavailable,1.5642345404094165,ok,,,failed,right_10_crossing_unavailable,,failed,left_10_or_right_10_unavailable,-0.0002545334898207928,1312.512297220804,,,,right_not_found_within_width_search_window,0.018830145930135874,1316.3818076742796,1508.1790458358853,191.79723816160572,0.8225032761322301,ok,0.07608418419000587,1335.0614395436392,1477.9106596709958,142.8492201273566,0.6125945955941561,ok,0.13333822244987587,1359.5661804936838,1453.0757830503921,93.50960255670839,0.4010065796041883,ok,0.1524229018698325,1373.0137347951845,1436.7344440000045,63.72070920481997,0.27325988935394996,ok
/Users/cudmore/Sites/cs_project/cloudscope-data/data-samples/diameter-sample-data/Treatment/220110n_0065.tif.frames/220110n_0065.tif|channel=0|roi_id=2|peak_row_type=peak|peak_id=5,113,220110n_0065.tif,/Users/cudmore/Sites/cs_project/cloudscope-data/data-samples/diameter-sample-data/Treatment/220110n_0065.tif.frames/220110n_0065.tif,220110n_0065.tif.frames,Treatment,,,,,,,,,True,0,2,0.0042884,0.414,260630,20:50:34.957,1,ok,2500,8,318,0.0042884,1856.0044791772,percentile,20.0,1.0,single_exponential,absolute_threshold,df_f_signal,400.0,500.0,100.0,0.14539360791492087,0.1337658545577874,0,,peak,5,ok,0,,1769,7.5861796,-0.012530391965758027,1862,7.985000800000001,0.12270540589500137,0.1352357978607594,absolute_threshold,1.9812408000000001,1.9812408000000001,-0.03931221881793334,ok,,0.009309825587068325,ok,,0.1620176247129347,ok,,0.26755103895287213,ok,,0.26956289936808986,ok,,0.26956289936808986,ok,,1.1150140256881025,ok,,-1.0101876971754726,ok,,0.06810957076891297,ok,,0.0009931878203179138,1774.4128713201576,1951.6459040681177,177.23303274796012,0.7600461376363523,ok,0.014516767606393855,1779.4174997675411,1944.4446966832718,165.02719691573066,0.7077026312534194,ok,0.05508750696462167,1798.4165364807907,1922.5141101551042,124.09757367431348,0.5321800349449259,ok,0.0956582463228495,1823.2163717163223,1899.3940869187302,76.17771520240785,0.3266805138740059,ok,0.10918182610892543,1836.8023496693957,1888.78728561646,51.98493594706429,0.22293219931539052,ok
/Users/cudmore/Sites/cs_project/cloudscope-data/data-samples/diameter-sample-data/Treatment/220110n_0065.tif.frames/220110n_0065.tif|channel=0|roi_id=2|peak_row_type=peak|peak_id=6,114,220110n_0065.tif,/Users/cudmore/Sites/cs_project/cloudscope-data/data-samples/diameter-sample-data/Treatment/220110n_0065.tif.frames/220110n_0065.tif,220110n_0065.tif.frames,Treatment,,,,,,,,,True,0,2,0.0042884,0.414,260630,20:50:34.957,1,ok,2500,8,318,0.0042884,1856.0044791772,percentile,20.0,1.0,single_exponential,absolute_threshold,df_f_signal,400.0,500.0,100.0,0.14539360791492087,0.1337658545577874,0,,peak,6,ok,0,,1988,8.525339200000001,-0.017148000551749816,2080,8.919872000000002,0.10696340119429515,0.12411140174604496,absolute_threshold,0.9391596000000009,0.9348712000000008,-0.02590467148370697,ok,,0.005277768959965928,ok,,0.13286807267800213,ok,,0.2586841090345615,ok,,0.2584277587682404,ok,,0.2584277587682404,ok,,1.1227180321105,ok,,-1.1304935314199112,ok,,0.05884246200879169,ok,,-0.004736860377145319,1991.9207435142373,2159.4344004987556,167.51365698451832,0.7183655666124085,ok,0.007674279797459178,1998.3330659778032,2148.952597463802,150.61953148599855,0.6459167988245562,ok,0.04490770032127266,2015.6130217596249,2132.3428504569,116.72982869727525,0.5005841973853953,ok,0.08214112084508615,2040.4029783529343,2113.043050839711,72.64007248677694,0.3115096868522943,ok,0.09455226101969064,2052.242567279409,2099.1723543350954,46.929787055686575,0.20125369880960634,ok
/Users/cudmore/Sites/cs_project/cloudscope-data/data-samples/diameter-sample-data/Treatment/220110n_0065.tif.frames/220110n_0065.tif|channel=0|roi_id=2|peak_row_type=peak|peak_id=7,115,220110n_0065.tif,/Users/cudmore/Sites/cs_project/cloudscope-data/data-samples/diameter-sample-data/Treatment/220110n_0065.tif.frames/220110n_0065.tif,220110n_0065.tif.frames,Treatment,,,,,,,,,True,0,2,0.0042884,0.414,260630,20:50:34.957,1,ok,2500,8,318,0.0042884,1856.0044791772,percentile,20.0,1.0,single_exponential,absolute_threshold,df_f_signal,400.0,500.0,100.0,0.14539360791492087,0.1337658545577874,0,,peak,7,ok,0,,2223,9.5331132,-0.01886257000778841,2313,9.919069200000001,0.10008390959709262,0.11894647960488103,absolute_threshold,1.0077739999999995,0.9991971999999993,-0.05001238280492353,ok,,0.014013956576525282,ok,,0.15009629240201616,ok,,0.2451586895600819,ok,,0.3017780940236765,ok,,0.3017780940236765,ok,,1.155115313849851,ok,,-1.0568091221583744,ok,,0.05940669531195346,ok,,-0.006967922047300307,2228.00867353635,2404.9808169634616,176.9721434271114,0.7589273398728246,ok,0.004926725913187796,2232.3006040318255,2394.1344781074904,161.83387407566488,0.6940083855860814,ok,0.0406106697946521,2248.9862966111164,2368.889264106941,119.90296749582467,0.5141918858090946,ok,0.07629461367611642,2271.26749285466,2349.157089643992,77.88959678933224,0.3340217468713724,ok,0.08818926163660451,2285.176542569109,2334.6100273860725,49.4334848169633,0.21199055628906543,ok
/Users/cudmore/Sites/cs_project/cloudscope-data/data-samples/diameter-sample-data/Treatment/220110n_0065.tif.frames/220110n_0065.tif|channel=0|roi_id=2|peak_row_type=peak|peak_id=8,116,220110n_0065.tif,/Users/cudmore/Sites/cs_project/cloudscope-data/data-samples/diameter-sample-data/Treatment/220110n_0065.tif.frames/220110n_0065.tif,220110n_0065.tif.frames,Treatment,,,,,,,,,True,0,2,0.0042884,0.414,260630,20:50:34.957,1,ok,2500,8,318,0.0042884,1856.0044791772,percentile,20.0,1.0,single_exponential,absolute_threshold,df_f_signal,400.0,500.0,100.0,0.14539360791492087,0.1337658545577874,0,,peak,8,ok,0,,2439,10.4594076,-0.0160155172979851,2499,10.716711600000002,0.10548460604017831,0.12150012333816342,absolute_threshold,0.9262943999999997,0.7976424000000009,-0.024293994770157836,ok,,0.0037506725988687276,ok,,0.12977860081033615,ok,,,failed,left_10_or_left_90_unavailable,,failed,right_90_or_right_10_unavailable,,failed,right_90_or_right_10_unavailable,1.4172588111730946,ok,,,failed,right_10_crossing_unavailable,,failed,left_10_or_right_10_unavailable,-0.0038655049641687558,2441.534309490371,,,,right_not_found_within_width_search_window,0.008284507369647587,2445.6220434104844,,,,right_not_found_within_width_search_window,0.04473454437109661,2459.205519137287,,,,right_not_found_within_width_search_window,0.08118458137254564,2477.498510509222,,,,right_not_found_within_width_search_window,0.09333459370636198,2488.2673497099554,,,,right_not_found_within_width_search_window
/Users/cudmore/Sites/cs_project/cloudscope-data/data-samples/diameter-sample-data/Treatment/220110n_0067.tif.frames/220110n_0067.tif|channel=0|roi_id=1|peak_row_type=peak|peak_id=1,117,220110n_0067.tif,/Users/cudmore/Sites/cs_project/cloudscope-data/data-samples/diameter-sample-data/Treatment/220110n_0067.tif.frames/220110n_0067.tif,220110n_0067.tif.frames,Treatment,,,,,,,,,True,0,1,0.004048400000000001,0.414,260630,20:50:58.505,1,ok,2500,11,293,0.004048400000000001,2221.599393436599,percentile,20.0,1.0,single_exponential,absolute_threshold,df_f_signal,400.0,500.0,100.0,0.12312067901356576,0.1337479911098122,0,,peak,1,ok,0,,0,0.0,0.09148065653463218,23,0.09311320000000001,0.10705449814549077,0.01557384161085859,absolute_threshold,,,,failed,insufficient_baseline_samples,,failed,insufficient_baseline_samples,,failed,baseline_mean_unavailable,0.054181887867568314,ok,,0.09003767150857259,ok,,0.09003767150857259,ok,,0.8041608818871956,ok,,-0.35393540429293147,ok,,0.0019693726046171992,ok,,0.09303804069571804,0.47837601218687287,49.60960815821998,49.131232146033106,0.19890288022000047,ok,0.0945954248568039,0.9567520243737457,46.26468422050773,45.30793219613398,0.18342463270282885,ok,0.09926757734006147,5.46358834622781,38.359025607286775,32.895437261058966,0.13317388820767115,ok,0.10393972982331906,12.755751211507068,30.594284346029866,17.838533134522798,0.07221751754180211,ok,0.10549711398440491,13.861907251088242,27.369298033584922,13.50739078249668,0.054683320843859566,ok
/Users/cudmore/Sites/cs_project/cloudscope-data/data-samples/diameter-sample-data/Treatment/220110n_0067.tif.frames/220110n_0067.tif|channel=0|roi_id=1|peak_row_type=peak|peak_id=2,118,220110n_0067.tif,/Users/cudmore/Sites/cs_project/cloudscope-data/data-samples/diameter-sample-data/Treatment/220110n_0067.tif.frames/220110n_0067.tif,220110n_0067.tif.frames,Treatment,,,,,,,,,True,0,1,0.004048400000000001,0.414,260630,20:50:58.505,1,ok,2500,11,293,0.004048400000000001,2221.599393436599,percentile,20.0,1.0,single_exponential,absolute_threshold,df_f_signal,400.0,500.0,100.0,0.12312067901356576,0.1337479911098122,0,,peak,2,ok,0,,179,0.7246636000000001,-0.01554116927019263,266,1.0768744000000001,0.11507790453468143,0.13061907380487406,absolute_threshold,0.7246636000000001,0.9837612000000001,-0.039976181429035716,ok,,0.0056993794039986384,ok,,0.15505408596371714,ok,,0.22889457426109616,ok,,0.33956716760786043,ok,,0.33956716760786043,ok,,1.5027726654175049,ok,,-1.073020870417658,ok,,0.06572204045963809,ok,,-0.0024792618897052227,183.5258370100891,374.5036838262222,190.97784681613308,0.7731547150504333,ok,0.010582645490782184,188.14483604844062,362.8424608627097,174.69762481426906,0.707245864298087,ok,0.049768367632244404,203.17187738917502,334.2632226162799,131.09134522710488,0.5307102020174115,ok,0.08895408977370663,226.28431762697437,305.0140873836253,78.72976975665091,0.31872959988282556,ok,0.10201599715419403,240.06535243867722,290.6268021920308,50.5614497533536,0.20469297318147675,ok
/Users/cudmore/Sites/cs_project/cloudscope-data/data-samples/diameter-sample-data/Treatment/220110n_0067.tif.frames/220110n_0067.tif|channel=0|roi_id=1|peak_row_type=peak|peak_id=3,119,220110n_0067.tif,/Users/cudmore/Sites/cs_project/cloudscope-data/data-samples/diameter-sample-data/Treatment/220110n_0067.tif.frames/220110n_0067.tif,220110n_0067.tif.frames,Treatment,,,,,,,,,True,0,1,0.004048400000000001,0.414,260630,20:50:58.505,1,ok,2500,11,293,0.004048400000000001,2221.599393436599,percentile,20.0,1.0,single_exponential,absolute_threshold,df_f_signal,400.0,500.0,100.0,0.12312067901356576,0.1337479911098122,0,,peak,3,ok,0,,416,1.6841344000000003,-0.019957673046493884,505,2.044442,0.11974921093094794,0.13970688397744183,absolute_threshold,0.9594708000000002,0.9675676,-0.03341406310242191,ok,,0.005715666601558247,ok,,0.15316327403336985,ok,,0.21851037012273822,ok,,0.3574335967005431,ok,,0.3574335967005431,ok,,1.2127598220012232,ok,,-0.9539810447174535,ok,,0.07264138412935457,ok,,-0.0059869846487497005,419.9377162181037,616.0164388159496,196.07872259784597,0.7938051005651198,ok,0.007983703748994483,423.7966699631525,606.0479058264444,182.25123586329192,0.7378259032689511,ok,0.049895768942227026,438.36710469355086,571.5379037021802,133.17079900862933,0.539128662706535,ok,0.09180783413545958,461.949539460171,542.3773029086484,80.42776344847738,0.32560375754481585,ok,0.10577852253320376,473.9122172858683,527.7263497188883,53.814132433020006,0.21786113374183821,ok
/Users/cudmore/Sites/cs_project/cloudscope-data/data-samples/diameter-sample-data/Treatment/220110n_0067.tif.frames/220110n_0067.tif|channel=0|roi_id=1|peak_row_type=peak|peak_id=4,120,220110n_0067.tif,/Users/cudmore/Sites/cs_project/cloudscope-data/data-samples/diameter-sample-data/Treatment/220110n_0067.tif.frames/220110n_0067.tif,220110n_0067.tif.frames,Treatment,,,,,,,,,True,0,1,0.004048400000000001,0.414,260630,20:50:58.505,1,ok,2500,11,293,0.004048400000000001,2221.599393436599,percentile,20.0,1.0,single_exponential,absolute_threshold,df_f_signal,400.0,500.0,100.0,0.12312067901356576,0.1337479911098122,0,,peak,4,ok,0,,656,2.6557504000000005,-0.019261078231087896,752,3.0443968000000003,0.11863941455503452,0.1379004927861224,absolute_threshold,0.9716160000000003,0.9999548000000003,-0.03121823431250617,ok,,0.003921941034370748,ok,,0.1498576488675407,ok,,0.22357239380647798,ok,,0.3443979750154771,ok,,0.3443979750154771,ok,,1.592398176825562,ok,,-1.0946034826155255,ok,,0.07133320059164956,ok,,-0.005471028952475655,659.1966793116173,855.4960370613991,196.29935774978173,0.7946983199142165,ok,0.008319020326136586,664.3440691185203,841.7196406295027,177.37557151098235,0.718087263705061,ok,0.0496891681619733,678.5603532743688,810.7338631708102,132.17350989644137,0.5350912374647533,ok,0.09105931599781003,703.641205996168,783.0413510826012,79.40014508643321,0.32144354736791625,ok,0.10484936527642226,714.4215567462775,770.4258920620223,56.00433531574481,0.22672795109226132,ok
/Users/cudmore/Sites/cs_project/cloudscope-data/data-samples/diameter-sample-data/Treatment/220110n_0067.tif.frames/220110n_0067.tif|channel=0|roi_id=1|peak_row_type=peak|peak_id=5,121,220110n_0067.tif,/Users/cudmore/Sites/cs_project/cloudscope-data/data-samples/diameter-sample-data/Treatment/220110n_0067.tif.frames/220110n_0067.tif,220110n_0067.tif.frames,Treatment,,,,,,,,,True,0,1,0.004048400000000001,0.414,260630,20:50:58.505,1,ok,2500,11,293,0.004048400000000001,2221.599393436599,percentile,20.0,1.0,single_exponential,absolute_threshold,df_f_signal,400.0,500.0,100.0,0.12312067901356576,0.1337479911098122,0,,peak,5,ok,0,,894,3.6192696000000004,-0.018503248638025018,985,3.9876740000000006,0.12109312203326597,0.139596370671291,absolute_threshold,0.9635191999999999,0.9432772000000003,-0.030439310620389314,ok,,0.0041876991254494065,ok,,0.1515324326536553,ok,,0.2313181251157923,ok,,0.360440169400988,ok,,0.360440169400988,ok,,1.6347568984749627,ok,,-1.041428898618884,ok,,0.07301744411822583,ok,,-0.0045436115708959186,898.4386353424035,1098.0773310923832,199.63869574997977,0.8082172958742182,ok,0.009416025496233181,903.2659834855001,1084.8522366334437,181.58625314794358,0.7351337872441349,ok,0.051294936697620475,919.313791016079,1051.9385100971888,132.6247190811098,0.536917912727965,ok,0.09317384789900778,944.1381194727863,1022.961815166103,78.82369569331661,0.31910984964482303,ok,0.10713348496613687,955.5767948908158,1009.0445849702144,53.46779007939858,0.21645900135743726,ok
/Users/cudmore/Sites/cs_project/cloudscope-data/data-samples/diameter-sample-data/Treatment/220110n_0067.tif.frames/220110n_0067.tif|channel=0|roi_id=1|peak_row_type=peak|peak_id=6,122,220110n_0067.tif,/Users/cudmore/Sites/cs_project/cloudscope-data/data-samples/diameter-sample-data/Treatment/220110n_0067.tif.frames/220110n_0067.tif,220110n_0067.tif.frames,Treatment,,,,,,,,,True,0,1,0.004048400000000001,0.414,260630,20:50:58.505,1,ok,2500,11,293,0.004048400000000001,2221.599393436599,percentile,20.0,1.0,single_exponential,absolute_threshold,df_f_signal,400.0,500.0,100.0,0.12312067901356576,0.1337479911098122,0,,peak,6,ok,0,,1131,4.578740400000001,-0.01750592447126353,1222,4.947144800000001,0.12070457737629264,0.13821050184755618,absolute_threshold,0.9594708000000005,0.9594708000000005,-0.026749773801988636,ok,,0.00671871609870753,ok,,0.1474543511782813,ok,,0.23804870270448486,ok,,0.33579987994420435,ok,,0.33579987994420435,ok,,2.0350776218080355,ok,,-0.8617994563222844,ok,,0.07225607017608714,ok,,-0.0036848742865079123,1136.3939524942496,1333.8297544895681,197.43580199531857,0.7992991007978478,ok,0.010136175898247706,1141.4432802214135,1321.8036487748216,180.36036855340808,0.7301709160516173,ok,0.051599326452514555,1155.9596736292683,1291.6241934696832,135.66451984041487,0.5492242421219357,ok,0.09306247700678141,1181.272408868982,1261.4114886393743,80.1390797703923,0.32443505054245625,ok,0.10688352719153703,1195.194639853326,1250.8834349697077,55.6887951163817,0.2254505181491597,ok
/Users/cudmore/Sites/cs_project/cloudscope-data/data-samples/diameter-sample-data/Treatment/220110n_0067.tif.frames/220110n_0067.tif|channel=0|roi_id=1|peak_row_type=peak|peak_id=7,123,220110n_0067.tif,/Users/cudmore/Sites/cs_project/cloudscope-data/data-samples/diameter-sample-data/Treatment/220110n_0067.tif.frames/220110n_0067.tif,220110n_0067.tif.frames,Treatment,,,,,,,,,True,0,1,0.004048400000000001,0.414,260630,20:50:58.505,1,ok,2500,11,293,0.004048400000000001,2221.599393436599,percentile,20.0,1.0,single_exponential,absolute_threshold,df_f_signal,400.0,500.0,100.0,0.12312067901356576,0.1337479911098122,0,,peak,7,ok,0,,1372,5.554404800000001,-0.019078510493577883,1461,5.914712400000001,0.1198574489192988,0.13893595941287668,absolute_threshold,0.9756644000000003,0.9675675999999998,-0.026473751883891606,ok,,0.004829546515294618,ok,,0.1463312008031904,ok,,0.23416766557759505,ok,,0.35128814399418484,ok,,0.35128814399418484,ok,,1.4117129829680894,ok,,-1.1301655845116043,ok,,0.07046178140524331,ok,,-0.005184914552290216,1375.4531303459437,1570.4473292334258,194.99419888748207,0.7894145147760825,ok,0.008708681388997452,1379.6267458895284,1558.5574385706702,178.93069268114186,0.7243830162503349,ok,0.05038946921286046,1395.939744208852,1528.746964059263,132.807219850411,0.537656748842404,ok,0.09207025703672346,1423.4490343528184,1496.6978860224956,73.24885166967715,0.29654065109952105,ok,0.10596385297801113,1433.2951582032688,1483.6752355682283,50.38007736495956,0.20395870520430232,ok
/Users/cudmore/Sites/cs_project/cloudscope-data/data-samples/diameter-sample-data/Treatment/220110n_0067.tif.frames/220110n_0067.tif|channel=0|roi_id=1|peak_row_type=peak|peak_id=8,124,220110n_0067.tif,/Users/cudmore/Sites/cs_project/cloudscope-data/data-samples/diameter-sample-data/Treatment/220110n_0067.tif.frames/220110n_0067.tif,220110n_0067.tif.frames,Treatment,,,,,,,,,True,0,1,0.004048400000000001,0.414,260630,20:50:58.505,1,ok,2500,11,293,0.004048400000000001,2221.599393436599,percentile,20.0,1.0,single_exponential,absolute_threshold,df_f_signal,400.0,500.0,100.0,0.12312067901356576,0.1337479911098122,0,,peak,8,ok,0,,1612,6.526020800000001,-0.017882172701224056,1700,6.882280000000001,0.11586581840858813,0.1337479911098122,absolute_threshold,0.971616,0.9675675999999998,-0.0308942722877579,ok,,0.0037422579698059974,ok,,0.14676009069634605,ok,,0.22836892531055408,ok,,0.3538625813993317,ok,,0.3538625813993317,ok,,1.692262584546771,ok,,-0.8054628728641493,ok,,0.06835891999613497,ok,,-0.004507373590242836,1614.7962124215612,1809.6356376402857,194.8394252187245,0.7887879290554843,ok,0.008867425520738385,1620.4068523379233,1798.3877635386148,177.98091120069148,0.7205379209048794,ok,0.048991822853682046,1635.6706918103814,1767.7690989222017,132.09840711182028,0.5347871913514933,ok,0.08911622018662571,1659.707645908892,1737.0115107405868,77.30386483169491,0.3129569663846337,ok,0.10249101929760693,1671.205886690545,1722.227629192669,51.02174250212397,0.2065564223455987,ok
/Users/cudmore/Sites/cs_project/cloudscope-data/data-samples/diameter-sample-data/Treatment/220110n_0067.tif.frames/220110n_0067.tif|channel=0|roi_id=1|peak_row_type=peak|peak_id=9,125,220110n_0067.tif,/Users/cudmore/Sites/cs_project/cloudscope-data/data-samples/diameter-sample-data/Treatment/220110n_0067.tif.frames/220110n_0067.tif,220110n_0067.tif.frames,Treatment,,,,,,,,,True,0,1,0.004048400000000001,0.414,260630,20:50:58.505,1,ok,2500,11,293,0.004048400000000001,2221.599393436599,percentile,20.0,1.0,single_exponential,absolute_threshold,df_f_signal,400.0,500.0,100.0,0.12312067901356576,0.1337479911098122,0,,peak,9,ok,0,,1851,7.493588400000001,-0.01860798116072438,1936,7.837702400000001,0.10922840320849737,0.12783638436922176,absolute_threshold,0.9675675999999998,0.9554224000000007,-0.030087265330101354,ok,,0.004292436603309595,ok,,0.13931566853859872,ok,,0.21676623812750861,ok,,0.3364401993095285,ok,,0.3364401993095285,ok,,1.6380878723893437,ok,,-1.0186977083420303,ok,,0.06632983168885674,ok,,-0.005824342723802204,1854.2332209706456,2049.0623850708703,194.82916410022472,0.7887463879433498,ok,0.0069592957131199736,1858.6680833513547,2035.6387744428766,176.97069109152199,0.7164481458149177,ok,0.0453102110238865,1872.7943932058326,2007.4864875472779,134.69209434144523,0.545287474731907,ok,0.08366112633465303,1895.9244567640533,1977.8857959789846,81.96133921493129,0.33181228567772786,ok,0.09644476477157521,1907.776901962521,1965.9578995186698,58.180997556148895,0.2355399505063132,ok
/Users/cudmore/Sites/cs_project/cloudscope-data/data-samples/diameter-sample-data/Treatment/220110n_0067.tif.frames/220110n_0067.tif|channel=0|roi_id=1|peak_row_type=peak|peak_id=10,126,220110n_0067.tif,/Users/cudmore/Sites/cs_project/cloudscope-data/data-samples/diameter-sample-data/Treatment/220110n_0067.tif.frames/220110n_0067.tif,220110n_0067.tif.frames,Treatment,,,,,,,,,True,0,1,0.004048400000000001,0.414,260630,20:50:58.505,1,ok,2500,11,293,0.004048400000000001,2221.599393436599,percentile,20.0,1.0,single_exponential,absolute_threshold,df_f_signal,400.0,500.0,100.0,0.12312067901356576,0.1337479911098122,0,,peak,10,ok,0,,2090,8.461156,-0.016912970738877375,2180,8.825512000000002,0.11389913247834865,0.13081210321722603,absolute_threshold,0.9675675999999998,0.9878096000000003,-0.03305093316185305,ok,,0.00558382627997692,ok,,0.1469500656402017,ok,,0.23502832250756178,ok,,0.34192019615502645,ok,,0.34192019615502645,ok,,1.1362014925291524,ok,,-0.9204574567793067,ok,,0.06762404680248094,ok,,-0.0038317604171547726,2095.4480873989405,2293.914101823279,198.46601442433848,0.803469812795492,ok,0.00924944990456783,2098.750425820155,2279.9399676287817,181.18954180862647,0.7335277410580435,ok,0.04849308086973564,2117.1519210911065,2247.524266170184,130.3723450790776,0.5277994018181379,ok,0.08773671183490345,2140.615970521622,2219.8546513702486,79.2386808486267,0.32078987554758037,ok,0.10081792215662605,2153.50270712712,2209.4559958665986,55.95328873947847,0.22652129413290467,ok
/Users/cudmore/Sites/cs_project/cloudscope-data/data-samples/diameter-sample-data/Treatment/220110n_0067.tif.frames/220110n_0067.tif|channel=0|roi_id=1|peak_row_type=peak|peak_id=11,127,220110n_0067.tif,/Users/cudmore/Sites/cs_project/cloudscope-data/data-samples/diameter-sample-data/Treatment/220110n_0067.tif.frames/220110n_0067.tif,220110n_0067.tif.frames,Treatment,,,,,,,,,True,0,1,0.004048400000000001,0.414,260630,20:50:58.505,1,ok,2500,11,293,0.004048400000000001,2221.599393436599,percentile,20.0,1.0,single_exponential,absolute_threshold,df_f_signal,400.0,500.0,100.0,0.12312067901356576,0.1337479911098122,0,,peak,11,ok,0,,2329,9.428723600000001,-0.015546909388337082,2414,9.7728376,0.10584095695360538,0.12138786634194246,absolute_threshold,0.9675676000000006,0.9473255999999992,-0.02914192041295638,ok,,0.0046707730672685315,ok,,0.13498287736656175,ok,,,failed,left_10_or_left_90_unavailable,,failed,right_90_or_right_10_unavailable,,failed,right_90_or_right_10_unavailable,1.2677790792328247,ok,,,failed,right_10_crossing_unavailable,,failed,left_10_or_right_10_unavailable,-0.0034081227541428363,2332.7627916964793,,,,right_not_found_within_width_search_window,0.00873066388005141,2336.530001257325,,,,right_not_found_within_width_search_window,0.045147023782634146,2354.056668868795,2482.3566957664307,128.3000268976357,0.5194098288923884,ok,0.08156338368521689,2378.1622484910295,2454.5081439483897,76.34589545736026,0.3090787231695773,ok,0.09370217031941114,2387.903312560764,2442.6808059852415,54.7774934244776,0.22176120437965513,ok
/Users/cudmore/Sites/cs_project/cloudscope-data/data-samples/diameter-sample-data/Treatment/220110n_0068.tif.frames/220110n_0068.tif|channel=0|roi_id=1|peak_row_type=peak|peak_id=1,128,220110n_0068.tif,/Users/cudmore/Sites/cs_project/cloudscope-data/data-samples/diameter-sample-data/Treatment/220110n_0068.tif.frames/220110n_0068.tif,220110n_0068.tif.frames,Treatment,,,,,,,,,True,0,1,0.004048400000000001,0.414,260630,20:51:20.968,1,ok,2500,11,293,0.004048400000000001,1997.2819497883766,percentile,20.0,1.0,single_exponential,absolute_threshold,df_f_signal,400.0,500.0,100.0,0.1339900311207135,0.13702420023477319,0,,peak,1,ok,0,,0,0.0,0.003570361958989038,99,0.4007916000000001,0.10210632263233736,0.09853596067334833,absolute_threshold,,,,failed,insufficient_baseline_samples,,failed,insufficient_baseline_samples,,failed,baseline_mean_unavailable,,failed,left_10_or_left_90_unavailable,,failed,right_90_or_right_10_unavailable,,failed,right_90_or_right_10_unavailable,1.2918062207362562,ok,,,failed,right_10_crossing_unavailable,,failed,left_10_or_right_10_unavailable,0.013423958026323872,51.028867746432134,,,,right_not_found_within_width_search_window,0.023277554093658705,54.48707756573064,,,,right_not_found_within_width_search_window,0.0528383422956632,68.85862212238001,200.71393576099788,131.85531363861787,0.5338030517345806,ok,0.0823991304976677,80.36563816392317,179.45637498596244,99.09073682203928,0.4011589389503439,ok,0.09225272656500254,89.36121748956417,172.8890356556891,83.52781816612493,0.3381540190637402,ok
/Users/cudmore/Sites/cs_project/cloudscope-data/data-samples/diameter-sample-data/Treatment/220110n_0068.tif.frames/220110n_0068.tif|channel=0|roi_id=1|peak_row_type=peak|peak_id=2,129,220110n_0068.tif,/Users/cudmore/Sites/cs_project/cloudscope-data/data-samples/diameter-sample-data/Treatment/220110n_0068.tif.frames/220110n_0068.tif,220110n_0068.tif.frames,Treatment,,,,,,,,,True,0,1,0.004048400000000001,0.414,260630,20:51:20.968,1,ok,2500,11,293,0.004048400000000001,1997.2819497883766,percentile,20.0,1.0,single_exponential,absolute_threshold,df_f_signal,400.0,500.0,100.0,0.1339900311207135,0.13702420023477319,0,,peak,2,ok,0,,281,1.1376004000000002,-0.019173433931413474,379,1.5343436000000001,0.1229198072532942,0.14209324118470767,absolute_threshold,1.1376004000000002,1.1335520000000001,-0.024693977263559246,ok,,0.0037768780122215935,ok,,0.14761378451685345,ok,,0.22372027859905685,ok,,0.35352439095989907,ok,,0.35352439095989907,ok,,1.804392768842341,ok,,-0.9537889773968224,ok,,0.0738889434056365,ok,,-0.004964109812942706,285.57067451692694,483.0209846601018,197.45031014317487,0.7993578355836293,ok,0.009245214305528063,289.5129049514959,471.99646339003175,182.48355843853585,0.7387664379825687,ok,0.05187318666094036,303.52867029321186,438.1485685287484,134.61989823553654,0.5449951960167462,ok,0.09450115901635267,328.1988493889372,409.4818089901237,81.28295960118646,0.3290659336494433,ok,0.10871048313482344,340.8320811464736,395.6965130268889,54.86443188041528,0.22211316602467326,ok
/Users/cudmore/Sites/cs_project/cloudscope-data/data-samples/diameter-sample-data/Treatment/220110n_0068.tif.frames/220110n_0068.tif|channel=0|roi_id=1|peak_row_type=peak|peak_id=3,130,220110n_0068.tif,/Users/cudmore/Sites/cs_project/cloudscope-data/data-samples/diameter-sample-data/Treatment/220110n_0068.tif.frames/220110n_0068.tif,220110n_0068.tif.frames,Treatment,,,,,,,,,True,0,1,0.004048400000000001,0.414,260630,20:51:20.968,1,ok,2500,11,293,0.004048400000000001,1997.2819497883766,percentile,20.0,1.0,single_exponential,absolute_threshold,df_f_signal,400.0,500.0,100.0,0.1339900311207135,0.13702420023477319,0,,peak,3,ok,0,,521,2.1092164,-0.018586744069168104,613,2.4816692000000002,0.12408667888053221,0.1426734229497003,absolute_threshold,0.971616,0.9473256000000001,-0.031082556949459633,ok,,0.005053871726681253,ok,,0.15516923582999184,ok,,0.23487930033443227,ok,,0.3491713524576112,ok,,0.3491713524576112,ok,,1.3715144699027355,ok,,-0.9075892701889696,ok,,0.07234626316476993,ok,,-0.0043194017741980725,525.3553953156951,718.9212841074169,193.56588879172182,0.7836321441844067,ok,0.00994794052077196,528.7520588967006,707.472814576862,178.72075568016135,0.7235331072955653,ok,0.05274996740568205,544.7144958320699,676.0321943221196,131.31769849004968,0.5316265705671172,ok,0.09555199429059215,568.9021266865119,642.7717970561658,73.86967036965393,0.299053973524507,ok,0.10981933658556217,583.3732049032932,632.6720615855289,49.29885668223574,0.1995814913923632,ok
/Users/cudmore/Sites/cs_project/cloudscope-data/data-samples/diameter-sample-data/Treatment/220110n_0068.tif.frames/220110n_0068.tif|channel=0|roi_id=1|peak_row_type=peak|peak_id=4,131,220110n_0068.tif,/Users/cudmore/Sites/cs_project/cloudscope-data/data-samples/diameter-sample-data/Treatment/220110n_0068.tif.frames/220110n_0068.tif,220110n_0068.tif.frames,Treatment,,,,,,,,,True,0,1,0.004048400000000001,0.414,260630,20:51:20.968,1,ok,2500,11,293,0.004048400000000001,1997.2819497883766,percentile,20.0,1.0,single_exponential,absolute_threshold,df_f_signal,400.0,500.0,100.0,0.1339900311207135,0.13702420023477319,0,,peak,4,ok,0,,761,3.0808324000000002,-0.016218818541774312,856,3.4654304000000007,0.11846320482835923,0.13468202337013355,absolute_threshold,0.971616,0.9837612000000004,-0.0315806160346617,ok,,0.00467026141827518,ok,,0.15004382086302093,ok,,0.22550866508985257,ok,,0.33757750706379674,ok,,0.33757750706379674,ok,,1.7446496381331953,ok,,-1.2824667944005421,ok,,0.06831316207412508,ok,,-0.0027506162047609573,764.3687375649791,959.0565655596297,194.68782799465055,0.7881742028535434,ok,0.010717586132252398,769.1572679585964,943.7938535304783,174.63658557188182,0.7069987530292065,ok,0.05112219314329246,783.9641036782897,913.7840478110576,129.8199441327679,0.5255630618270976,ok,0.09152680015433252,810.4595568877656,882.9862335852857,72.52667669752009,0.2936169979422404,ok,0.10499500249134588,820.071895624917,875.6711522941924,55.599256669275405,0.22508803069989458,ok
/Users/cudmore/Sites/cs_project/cloudscope-data/data-samples/diameter-sample-data/Treatment/220110n_0068.tif.frames/220110n_0068.tif|channel=0|roi_id=1|peak_row_type=peak|peak_id=5,132,220110n_0068.tif,/Users/cudmore/Sites/cs_project/cloudscope-data/data-samples/diameter-sample-data/Treatment/220110n_0068.tif.frames/220110n_0068.tif,220110n_0068.tif.frames,Treatment,,,,,,,,,True,0,1,0.004048400000000001,0.414,260630,20:51:20.968,1,ok,2500,11,293,0.004048400000000001,1997.2819497883766,percentile,20.0,1.0,single_exponential,absolute_threshold,df_f_signal,400.0,500.0,100.0,0.1339900311207135,0.13702420023477319,0,,peak,5,ok,0,,1001,4.0524484,-0.019810742684059968,1081,4.376320400000001,0.11789035233775064,0.1377010950218106,absolute_threshold,0.971616,0.9108900000000002,-0.03217704019527773,ok,,0.00550604088944197,ok,,0.15006739253302837,ok,,0.2374697192702202,ok,,0.3321699074386366,ok,,0.3321699074386366,ok,,1.5372431558627124,ok,,-0.9448395072088704,ok,,0.070385781974517,ok,,-0.006040633181878906,1003.706434622302,1197.2407147369345,193.53428011463245,0.7835041796160781,ok,0.007729476320302155,1007.0620517653116,1187.0399508689936,179.97789910368203,0.7286225267313464,ok,0.049039804826845335,1026.1755540670129,1154.898518784398,128.72296471738514,0.5211220503618621,ok,0.09035013333338852,1047.6229524873493,1125.4831768177314,77.86022433038215,0.3152093321791192,ok,0.10412024283556957,1062.36410660882,1115.1910389542459,52.8269323454258,0.21386455290722184,ok
/Users/cudmore/Sites/cs_project/cloudscope-data/data-samples/diameter-sample-data/Treatment/220110n_0068.tif.frames/220110n_0068.tif|channel=0|roi_id=1|peak_row_type=peak|peak_id=6,133,220110n_0068.tif,/Users/cudmore/Sites/cs_project/cloudscope-data/data-samples/diameter-sample-data/Treatment/220110n_0068.tif.frames/220110n_0068.tif,220110n_0068.tif.frames,Treatment,,,,,,,,,True,0,1,0.004048400000000001,0.414,260630,20:51:20.968,1,ok,2500,11,293,0.004048400000000001,1997.2819497883766,percentile,20.0,1.0,single_exponential,absolute_threshold,df_f_signal,400.0,500.0,100.0,0.1339900311207135,0.13702420023477319,0,,peak,6,ok,0,,1239,5.015967600000001,-0.01852990473330763,1321,5.347936400000001,0.1184386468520152,0.13696855158532284,absolute_threshold,0.9635192000000004,0.971616,-0.033646250919404,ok,,0.005359627722866921,ok,,0.1520848977714192,ok,,0.22970245286089241,ok,,0.34656020864022885,ok,,0.34656020864022885,ok,,1.4864671921009736,ok,,-0.7817687468784538,ok,,0.06885215292098673,ok,,-0.004833049574775344,1242.443499814806,1435.8091433118325,193.36564349702644,0.782821471133362,ok,0.008863805583756941,1246.551406095306,1425.0080807121317,178.4566746168257,0.7224640015187572,ok,0.04995437105935379,1263.7585431281261,1393.2368894268175,129.47834629869135,0.5241801371556222,ok,0.09104493653495066,1288.734898868962,1364.4531530987128,75.71825422975076,0.306537780423723,ok,0.10474179169348294,1299.1825702774313,1350.2049024660096,51.022332188578275,0.20655880963224033,ok
/Users/cudmore/Sites/cs_project/cloudscope-data/data-samples/diameter-sample-data/Treatment/220110n_0068.tif.frames/220110n_0068.tif|channel=0|roi_id=1|peak_row_type=peak|peak_id=7,134,220110n_0068.tif,/Users/cudmore/Sites/cs_project/cloudscope-data/data-samples/diameter-sample-data/Treatment/220110n_0068.tif.frames/220110n_0068.tif,220110n_0068.tif.frames,Treatment,,,,,,,,,True,0,1,0.004048400000000001,0.414,260630,20:51:20.968,1,ok,2500,11,293,0.004048400000000001,1997.2819497883766,percentile,20.0,1.0,single_exponential,absolute_threshold,df_f_signal,400.0,500.0,100.0,0.1339900311207135,0.13702420023477319,0,,peak,7,ok,0,,1478,5.983535200000001,-0.01847786086750711,1568,6.347891200000001,0.11943710048470345,0.13791496135221057,absolute_threshold,0.9675676000000006,0.9999548000000003,-0.03140553731745106,ok,,0.004520638808963953,ok,,0.1508426378021545,ok,,0.2408220939541028,ok,,0.34624483629129,ok,,0.34624483629129,ok,,1.370520063595308,ok,,-1.0948206121155888,ok,,0.07221207811024036,ok,,-0.004686364732286053,1481.941576884826,1682.5614430921185,200.6198662072925,0.812189466353603,ok,0.009105131402935004,1486.6951492017806,1670.571981337068,183.8768321352875,0.744406967216498,ok,0.05047961980859818,1504.410977733195,1636.8071685557436,132.39619082254853,0.5359927389260055,ok,0.09185410821426135,1527.902145669368,1607.3218169107918,79.41967124142366,0.32152259705377956,ok,0.1056456043494824,1541.4273228472068,1597.035102737586,55.607779890379106,0.2251225361082108,ok
/Users/cudmore/Sites/cs_project/cloudscope-data/data-samples/diameter-sample-data/Treatment/220110n_0068.tif.frames/220110n_0068.tif|channel=0|roi_id=1|peak_row_type=peak|peak_id=8,135,220110n_0068.tif,/Users/cudmore/Sites/cs_project/cloudscope-data/data-samples/diameter-sample-data/Treatment/220110n_0068.tif.frames/220110n_0068.tif,220110n_0068.tif.frames,Treatment,,,,,,,,,True,0,1,0.004048400000000001,0.414,260630,20:51:20.968,1,ok,2500,11,293,0.004048400000000001,1997.2819497883766,percentile,20.0,1.0,single_exponential,absolute_threshold,df_f_signal,400.0,500.0,100.0,0.1339900311207135,0.13702420023477319,0,,peak,8,ok,0,,1716,6.947054400000001,-0.019538055834386864,1804,7.303313600000001,0.11748614440038631,0.13702420023477319,absolute_threshold,0.9635191999999995,0.9554223999999998,-0.02363556267719592,ok,,0.005186807985260521,ok,,0.14112170707758223,ok,,0.24711692105071847,ok,,0.3612379931732077,ok,,0.3612379931732077,ok,,1.4211768250075263,ok,,-1.233172943429048,ok,,0.07150284183754885,ok,,-0.005835635810909545,1719.0234424760401,1920.1322218829769,201.10877940693672,0.8141687825510427,ok,0.007866784212567774,1723.583070979677,1908.307392283065,184.72432130338802,0.7478379423646362,ok,0.04897404428299973,1741.2375758601602,1873.532883986474,132.29530812631378,0.5355843254185688,ok,0.09008130435343169,1767.4091141766005,1844.1346731416509,76.72555896505037,0.31061575291411,ok,0.10378372437690901,1780.0640810124294,1830.9024043814434,50.838323369014006,0.20581386832711634,ok
/Users/cudmore/Sites/cs_project/cloudscope-data/data-samples/diameter-sample-data/Treatment/220110n_0068.tif.frames/220110n_0068.tif|channel=0|roi_id=1|peak_row_type=peak|peak_id=9,136,220110n_0068.tif,/Users/cudmore/Sites/cs_project/cloudscope-data/data-samples/diameter-sample-data/Treatment/220110n_0068.tif.frames/220110n_0068.tif,220110n_0068.tif.frames,Treatment,,,,,,,,,True,0,1,0.004048400000000001,0.414,260630,20:51:20.968,1,ok,2500,11,293,0.004048400000000001,1997.2819497883766,percentile,20.0,1.0,single_exponential,absolute_threshold,df_f_signal,400.0,500.0,100.0,0.1339900311207135,0.13702420023477319,0,,peak,9,ok,0,,1954,7.910573600000001,-0.016856868684742954,2050,8.299220000000002,0.1175049156754551,0.13436178436019805,absolute_threshold,0.9635192000000004,0.9959064000000009,-0.026496971568594943,ok,,0.0034528602790647542,ok,,0.14400188724405005,ok,,0.25948471158012953,ok,,0.3532744996445789,ok,,0.3532744996445789,ok,,1.304704279360557,ok,,-0.853486240925613,ok,,0.06977117394786117,ok,,-0.0034206902487231485,1959.71240805163,2160.6947190064648,200.9823109548347,0.813656787669553,ok,0.010015488187296657,1966.2794571467768,2147.958651079133,181.67919393235593,0.7355100487157499,ok,0.05032402349535607,1982.092832092697,2115.894929658216,133.8020975655188,0.5416844117842464,ok,0.09063255880341549,2012.8482043741908,2085.335806014309,72.48760164011833,0.29345880647985506,ok,0.1040687372394353,2023.808028933986,2073.4319733181487,49.62394438416277,0.20089757644484457,ok
/Users/cudmore/Sites/cs_project/cloudscope-data/data-samples/diameter-sample-data/Treatment/220110n_0068.tif.frames/220110n_0068.tif|channel=0|roi_id=1|peak_row_type=peak|peak_id=10,137,220110n_0068.tif,/Users/cudmore/Sites/cs_project/cloudscope-data/data-samples/diameter-sample-data/Treatment/220110n_0068.tif.frames/220110n_0068.tif,220110n_0068.tif.frames,Treatment,,,,,,,,,True,0,1,0.004048400000000001,0.414,260630,20:51:20.968,1,ok,2500,11,293,0.004048400000000001,1997.2819497883766,percentile,20.0,1.0,single_exponential,absolute_threshold,df_f_signal,400.0,500.0,100.0,0.1339900311207135,0.13702420023477319,0,,peak,10,ok,0,,2192,8.874092800000001,-0.018901535606282074,2289,9.2667876,0.11891406497267203,0.1378156005789541,absolute_threshold,0.9635192000000004,0.9675675999999989,-0.02219845712582462,ok,,0.006047818648611302,ok,,0.14111252209849665,ok,,0.2642227272457536,ok,,0.37926937151774354,ok,,0.37926937151774354,ok,,1.5504198365585466,ok,,-0.8030461395877282,ok,,0.07472952116534193,ok,,-0.005119975548386665,2195.837676204827,2405.926722005237,210.08904580041008,0.8505244930183803,ok,0.008661584509508744,2201.444982592069,2394.4895015353877,193.0445189433185,0.7815214304901308,ok,0.05000626468319497,2219.2865454969483,2358.1503865364302,138.86384103948194,0.5621763740642388,ok,0.0913509448568812,2247.4596465079067,2325.3042097001007,77.84456319219407,0.31514592962727855,ok,0.1051325049147766,2261.103639856085,2312.2429527339837,51.13931287789865,0.2070323942548849,ok
/Users/cudmore/Sites/cs_project/cloudscope-data/data-samples/diameter-sample-data/Treatment/220110n_0068.tif.frames/220110n_0068.tif|channel=0|roi_id=1|peak_row_type=peak|peak_id=11,138,220110n_0068.tif,/Users/cudmore/Sites/cs_project/cloudscope-data/data-samples/diameter-sample-data/Treatment/220110n_0068.tif.frames/220110n_0068.tif,220110n_0068.tif.frames,Treatment,,,,,,,,,True,0,1,0.004048400000000001,0.414,260630,20:51:20.968,1,ok,2500,11,293,0.004048400000000001,1997.2819497883766,percentile,20.0,1.0,single_exponential,absolute_threshold,df_f_signal,400.0,500.0,100.0,0.1339900311207135,0.13702420023477319,0,,peak,11,ok,0,,2431,9.841660400000002,-0.018256429439994438,2499,10.116951600000002,0.11586307157669465,0.1341195010166891,absolute_threshold,0.9675676000000006,0.8501640000000013,-0.016683909034430844,ok,,0.0075124500912527965,ok,,0.1325469806111255,ok,,,failed,left_10_or_left_90_unavailable,,failed,right_90_or_right_10_unavailable,,failed,right_90_or_right_10_unavailable,1.5678154363044763,ok,,,failed,right_10_crossing_unavailable,,failed,left_10_or_right_10_unavailable,-0.004844479338325528,2435.3987430962675,,,,right_not_found_within_width_search_window,0.008567470763343382,2438.514654620227,,,,right_not_found_within_width_search_window,0.048803321068350114,2456.663151372752,,,,right_not_found_within_width_search_window,0.08903917137335685,2477.933286027524,,,,right_not_found_within_width_search_window,0.10245112147502576,2489.02571482763,,,,right_not_found_within_width_search_window
/Users/cudmore/Sites/cs_project/cloudscope-data/data-samples/diameter-sample-data/Treatment/220110n_0077.tif.frames/220110n_0077.tif|channel=0|roi_id=1|peak_row_type=peak|peak_id=1,139,220110n_0077.tif,/Users/cudmore/Sites/cs_project/cloudscope-data/data-samples/diameter-sample-data/Treatment/220110n_0077.tif.frames/220110n_0077.tif,220110n_0077.tif.frames,Treatment,,,,,,,,,True,0,1,0.004688,0.414,260710,19:52:34.131,1,ok,2500,5,357,0.004688,1548.4499376146255,percentile,20.0,1.0,single_exponential,derivative_threshold,df_f_signal,700.0,750.0,100.0,0.2702619864203668,0.27313086540291276,0,,peak,1,ok,0,,202,0.946976,-0.056023966190503025,351,1.645488,0.22472334719418996,0.280747313384693,derivative_threshold,,,-0.05496844602003209,ok,,0.004348639880564089,ok,,0.27969179321422205,ok,,,failed,left_10_or_left_90_unavailable,,failed,right_90_or_right_10_unavailable,,failed,right_90_or_right_10_unavailable,2.349814475575878,ok,,,failed,right_10_crossing_unavailable,,failed,left_10_or_right_10_unavailable,-0.027949234852033725,205.0386790718418,,,,right_not_found_within_width_search_window,0.0001254964864355751,210.54257483870063,,,,right_not_found_within_width_search_window,0.08434969050184347,232.9441281787059,485.87075701006347,252.92662883135756,1.1857200359614044,ok,0.16857388451725136,273.3706007920881,426.9747137252633,153.6041129331752,0.7200960814307253,ok,0.1966486158557207,301.56891665234104,403.3591712683743,101.79025461603328,0.4771927136399641,ok
/Users/cudmore/Sites/cs_project/cloudscope-data/data-samples/diameter-sample-data/Treatment/220110n_0077.tif.frames/220110n_0077.tif|channel=0|roi_id=1|peak_row_type=peak|peak_id=2,140,220110n_0077.tif,/Users/cudmore/Sites/cs_project/cloudscope-data/data-samples/diameter-sample-data/Treatment/220110n_0077.tif.frames/220110n_0077.tif,220110n_0077.tif.frames,Treatment,,,,,,,,,True,0,1,0.004688,0.414,260710,19:52:34.131,1,ok,2500,5,357,0.004688,1548.4499376146255,percentile,20.0,1.0,single_exponential,derivative_threshold,df_f_signal,700.0,750.0,100.0,0.2702619864203668,0.27313086540291276,0,,peak,2,ok,0,,615,2.8831200000000003,-0.061212994933516444,763,3.576944,0.22807320906113795,0.2892862039946544,derivative_threshold,1.9361440000000003,1.931456,-0.063948818886003,ok,,0.004541566529177017,ok,,0.29202202794714094,ok,,,failed,left_10_or_left_90_unavailable,,failed,right_90_or_right_10_unavailable,,failed,right_90_or_right_10_unavailable,2.0514204187559097,ok,,,failed,right_10_crossing_unavailable,,failed,left_10_or_right_10_unavailable,-0.032284374534051,619.0435530228953,,,,right_not_found_within_width_search_window,-0.0033557541345855674,623.7119490677883,,,,right_not_found_within_width_search_window,0.08343010706381074,647.0378991512345,906.6150978732883,259.5771987220538,1.2168979076089883,ok,0.17021596826220706,689.7152078287636,846.515003170238,156.79979534147435,0.7350774405608318,ok,0.1991445886616725,716.522503252497,822.8702844287141,106.34778117621704,0.4985583981541055,ok
/Users/cudmore/Sites/cs_project/cloudscope-data/data-samples/diameter-sample-data/Treatment/220110n_0077.tif.frames/220110n_0077.tif|channel=0|roi_id=1|peak_row_type=peak|peak_id=3,141,220110n_0077.tif,/Users/cudmore/Sites/cs_project/cloudscope-data/data-samples/diameter-sample-data/Treatment/220110n_0077.tif.frames/220110n_0077.tif,220110n_0077.tif.frames,Treatment,,,,,,,,,True,0,1,0.004688,0.414,260710,19:52:34.131,1,ok,2500,5,357,0.004688,1548.4499376146255,percentile,20.0,1.0,single_exponential,derivative_threshold,df_f_signal,700.0,750.0,100.0,0.2702619864203668,0.27313086540291276,0,,peak,3,ok,0,,1028,4.819264,-0.05319951495571144,1177,5.5177760000000005,0.20981354865474308,0.2630130636104545,derivative_threshold,1.936144,1.9408320000000003,-0.05840473003265689,ok,,0.004615811552119374,ok,,0.2682182786874,ok,,,failed,left_10_or_left_90_unavailable,,failed,right_90_or_right_10_unavailable,,failed,right_90_or_right_10_unavailable,2.364251774807091,ok,,,failed,right_10_crossing_unavailable,,failed,left_10_or_right_10_unavailable,-0.026898208594665983,1031.3129916084297,,,,right_not_found_within_width_search_window,-0.000596902233620529,1036.8182205473684,,,,right_not_found_within_width_search_window,0.07830701684951583,1062.3272178377974,1314.333705283044,252.00648744524665,1.1814064131433164,ok,0.1572109359326522,1110.66022959838,1265.8049294176205,155.1446998192405,0.7273183527525995,ok,0.18351224229369764,1133.0777444392832,1234.2299005427096,101.15215610342648,0.47420130781286335,ok
/Users/cudmore/Sites/cs_project/cloudscope-data/data-samples/diameter-sample-data/Treatment/220110n_0077.tif.frames/220110n_0077.tif|channel=0|roi_id=1|peak_row_type=peak|peak_id=4,142,220110n_0077.tif,/Users/cudmore/Sites/cs_project/cloudscope-data/data-samples/diameter-sample-data/Treatment/220110n_0077.tif.frames/220110n_0077.tif,220110n_0077.tif.frames,Treatment,,,,,,,,,True,0,1,0.004688,0.414,260710,19:52:34.131,1,ok,2500,5,357,0.004688,1548.4499376146255,percentile,20.0,1.0,single_exponential,derivative_threshold,df_f_signal,700.0,750.0,100.0,0.2702619864203668,0.27313086540291276,0,,peak,4,ok,0,,1440,6.75072,-0.06780874389806422,1589,7.449232,0.20532212150484852,0.27313086540291276,derivative_threshold,1.9314559999999998,1.9314559999999998,-0.06571995384369875,ok,,0.00533639327370014,ok,,0.2710420753485473,ok,,,failed,left_10_or_left_90_unavailable,,failed,right_90_or_right_10_unavailable,,failed,right_90_or_right_10_unavailable,2.1446864618970336,ok,,,failed,right_10_crossing_unavailable,,failed,left_10_or_right_10_unavailable,-0.04049565735777295,1443.3927688245108,,,,right_not_found_within_width_search_window,-0.01318257081748167,1449.113321137233,,,,right_not_found_within_width_search_window,0.06875668880339215,1475.9940702982556,1738.5302698111254,262.53619951286987,1.230769703316334,ok,0.15069594842426598,1524.2444357218635,1682.4792568058372,158.23482108397366,0.7418048412416686,ok,0.17800903496455728,1551.4504534634973,1653.729024401555,102.27857093805778,0.4794819405576149,ok
/Users/cudmore/Sites/cs_project/cloudscope-data/data-samples/diameter-sample-data/Treatment/220110n_0077.tif.frames/220110n_0077.tif|channel=0|roi_id=1|peak_row_type=peak|peak_id=5,143,220110n_0077.tif,/Users/cudmore/Sites/cs_project/cloudscope-data/data-samples/diameter-sample-data/Treatment/220110n_0077.tif.frames/220110n_0077.tif,220110n_0077.tif.frames,Treatment,,,,,,,,,True,0,1,0.004688,0.414,260710,19:52:34.131,1,ok,2500,5,357,0.004688,1548.4499376146255,percentile,20.0,1.0,single_exponential,derivative_threshold,df_f_signal,700.0,750.0,100.0,0.2702619864203668,0.27313086540291276,0,,peak,5,ok,0,,1854,8.691552,-0.04997190070430997,2000,9.376000000000001,0.1951605850048096,0.24513248570911955,derivative_threshold,1.9408319999999994,1.926768000000001,-0.06169718289922466,ok,,0.0048619191608670655,ok,,0.25685776790403425,ok,,,failed,left_10_or_left_90_unavailable,,failed,right_90_or_right_10_unavailable,,failed,right_90_or_right_10_unavailable,2.389633702804182,ok,,,failed,right_10_crossing_unavailable,,failed,left_10_or_right_10_unavailable,-0.025458652133398013,1858.522134122946,,,,right_not_found_within_width_search_window,-0.0009454035624860552,1864.9871407881726,,,,right_not_found_within_width_search_window,0.0725943421502498,1891.5180941423123,2147.777640375803,256.2595462334907,1.2013447527426044,ok,0.1461340878629857,1934.9034070318037,2098.7335091347823,163.83010210297857,0.7680355186587636,ok,0.17064733643389762,1958.7574521716685,2076.6772935453364,117.91984137366785,0.552808216359755,ok
/Users/cudmore/Sites/cs_project/cloudscope-data/data-samples/diameter-sample-data/Treatment/220110n_0080.tif.frames/220110n_0080.tif|channel=0|roi_id=1|peak_row_type=peak|peak_id=1,144,220110n_0080.tif,/Users/cudmore/Sites/cs_project/cloudscope-data/data-samples/diameter-sample-data/Treatment/220110n_0080.tif.frames/220110n_0080.tif,220110n_0080.tif.frames,Treatment,,,,,,,,,True,0,1,0.0050880000000000005,0.414,260710,19:55:12.774,1,ok,2500,6,398,0.0050880000000000005,1616.3408721024994,percentile,20.0,1.0,single_exponential,derivative_threshold,df_f_signal,900.0,750.0,100.0,0.2346053649246422,0.23131126778612981,0,,peak,1,ok,0,,286,1.4551680000000002,-0.08664202511583147,458,2.3303040000000004,0.17383407948466006,0.26047610460049153,derivative_threshold,,,-0.08722750285555655,ok,,0.004476577880838689,ok,,0.2610615823402166,ok,,,failed,left_10_or_left_90_unavailable,,failed,right_90_or_right_10_unavailable,,failed,right_90_or_right_10_unavailable,1.521632405665403,ok,,,failed,right_10_crossing_unavailable,,failed,left_10_or_right_10_unavailable,-0.06059441465578232,291.27498484289345,,,,right_not_found_within_width_search_window,-0.03454680419573316,300.24303386334435,,,,right_not_found_within_width_search_window,0.0435960271844143,337.3024915533377,587.2030077395028,249.90051618616513,1.2714938263552082,ok,0.12173885856456176,382.8626205809848,534.7077113698505,151.84509078886566,0.7725878219337485,ok,0.14778646902461093,412.5979027821353,520.3388717886315,107.74096900649624,0.548186050305053,ok
/Users/cudmore/Sites/cs_project/cloudscope-data/data-samples/diameter-sample-data/Treatment/220110n_0080.tif.frames/220110n_0080.tif|channel=0|roi_id=1|peak_row_type=peak|peak_id=2,145,220110n_0080.tif,/Users/cudmore/Sites/cs_project/cloudscope-data/data-samples/diameter-sample-data/Treatment/220110n_0080.tif.frames/220110n_0080.tif,220110n_0080.tif.frames,Treatment,,,,,,,,,True,0,1,0.0050880000000000005,0.414,260710,19:55:12.774,1,ok,2500,6,398,0.0050880000000000005,1616.3408721024994,percentile,20.0,1.0,single_exponential,derivative_threshold,df_f_signal,900.0,750.0,100.0,0.2346053649246422,0.23131126778612981,0,,peak,2,ok,0,,666,3.3886080000000005,-0.05095876172073273,830,4.22304,0.18209033231690325,0.23304909403763596,derivative_threshold,1.9334400000000003,1.8927359999999998,-0.052873975852131924,ok,,0.0051327968765400404,ok,,0.23496430816903519,ok,,,failed,left_10_or_left_90_unavailable,,failed,right_90_or_right_10_unavailable,,failed,right_90_or_right_10_unavailable,1.1829687463265808,ok,,,failed,right_10_crossing_unavailable,,failed,left_10_or_right_10_unavailable,-0.02765385231696913,672.1174805310941,,,,right_not_found_within_width_search_window,-0.0043489429132055335,681.0059135668678,,,,right_not_found_within_width_search_window,0.06556578529808525,715.4103996948313,952.2434634194502,236.8330637246189,1.2050066282308611,ok,0.13548051350937607,773.09900220136,904.5241939904718,131.42519178911175,0.6686913758230006,ok,0.15878542291313963,800.9006699203418,885.4190850311929,84.51841511085115,0.4300296960840107,ok
/Users/cudmore/Sites/cs_project/cloudscope-data/data-samples/diameter-sample-data/Treatment/220110n_0080.tif.frames/220110n_0080.tif|channel=0|roi_id=1|peak_row_type=peak|peak_id=3,146,220110n_0080.tif,/Users/cudmore/Sites/cs_project/cloudscope-data/data-samples/diameter-sample-data/Treatment/220110n_0080.tif.frames/220110n_0080.tif,220110n_0080.tif.frames,Treatment,,,,,,,,,True,0,1,0.0050880000000000005,0.414,260710,19:55:12.774,1,ok,2500,6,398,0.0050880000000000005,1616.3408721024994,percentile,20.0,1.0,single_exponential,derivative_threshold,df_f_signal,900.0,750.0,100.0,0.2346053649246422,0.23131126778612981,0,,peak,3,ok,0,,1046,5.322048000000001,-0.05373032594039245,1221,6.212448,0.18444161712599502,0.23817194306638748,derivative_threshold,1.93344,1.989408,-0.05077957369479562,ok,,0.006276622982504023,ok,,0.23522119082079063,ok,,,failed,left_10_or_left_90_unavailable,,failed,right_90_or_right_10_unavailable,,failed,right_90_or_right_10_unavailable,1.272431613112805,ok,,,failed,right_10_crossing_unavailable,,failed,left_10_or_right_10_unavailable,-0.029913131633753698,1051.5867338468402,,,,right_not_found_within_width_search_window,-0.006095937327114949,1060.7134119916777,,,,right_not_found_within_width_search_window,0.0653556455928013,1095.1618031076905,1333.1968805223278,238.03507741463727,1.2111224738856745,ok,0.13680722851271754,1165.7103101399714,1294.906185288573,129.19587514860154,0.6573486127560847,ok,0.16062442281935627,1192.6219244914682,1280.3267236344998,87.70479914303155,0.44624201803974456,ok
/Users/cudmore/Sites/cs_project/cloudscope-data/data-samples/diameter-sample-data/Treatment/220110n_0080.tif.frames/220110n_0080.tif|channel=0|roi_id=1|peak_row_type=peak|peak_id=4,147,220110n_0080.tif,/Users/cudmore/Sites/cs_project/cloudscope-data/data-samples/diameter-sample-data/Treatment/220110n_0080.tif.frames/220110n_0080.tif,220110n_0080.tif.frames,Treatment,,,,,,,,,True,0,1,0.0050880000000000005,0.414,260710,19:55:12.774,1,ok,2500,6,398,0.0050880000000000005,1616.3408721024994,percentile,20.0,1.0,single_exponential,derivative_threshold,df_f_signal,900.0,750.0,100.0,0.2346053649246422,0.23131126778612981,0,,peak,4,ok,0,,1430,7.2758400000000005,-0.05401840772773722,1607,8.176416000000001,0.16692760721131525,0.22094601493905247,derivative_threshold,1.953792,1.9639680000000013,-0.05667282376330339,ok,,0.008071541938982608,ok,,0.22360043097461862,ok,,,failed,left_10_or_left_90_unavailable,,failed,right_90_or_right_10_unavailable,,failed,right_90_or_right_10_unavailable,1.2185336796327242,ok,,,failed,right_10_crossing_unavailable,,failed,left_10_or_right_10_unavailable,-0.031923806233831974,1437.5522352372677,,,,right_not_found_within_width_search_window,-0.009829204739926725,1446.0813477852912,,,,right_not_found_within_width_search_window,0.05645459974178901,1473.5426103198427,1717.7833772997665,244.24076697992382,1.2426970223938525,ok,0.12273840422350477,1529.4840991668248,1683.2668020632268,153.78270289640204,0.7824463923368937,ok,0.14483300571741,1573.3089748604332,1671.3910708214487,98.08209596101551,0.49904170424964694,ok
/Users/cudmore/Sites/cs_project/cloudscope-data/data-samples/diameter-sample-data/Treatment/220110n_0080.tif.frames/220110n_0080.tif|channel=0|roi_id=1|peak_row_type=peak|peak_id=5,148,220110n_0080.tif,/Users/cudmore/Sites/cs_project/cloudscope-data/data-samples/diameter-sample-data/Treatment/220110n_0080.tif.frames/220110n_0080.tif,220110n_0080.tif.frames,Treatment,,,,,,,,,True,0,1,0.0050880000000000005,0.414,260710,19:55:12.774,1,ok,2500,6,398,0.0050880000000000005,1616.3408721024994,percentile,20.0,1.0,single_exponential,derivative_threshold,df_f_signal,900.0,750.0,100.0,0.2346053649246422,0.23131126778612981,0,,peak,5,ok,0,,1808,9.199104,-0.06913963114581959,1985,10.099680000000001,0.15627596022384266,0.22541559136966224,derivative_threshold,1.9232639999999996,1.9232639999999996,-0.06344986852883991,ok,,0.012450048140265284,ok,,0.21972582875268257,ok,,,failed,left_10_or_left_90_unavailable,,failed,right_90_or_right_10_unavailable,,failed,right_90_or_right_10_unavailable,1.3250955490188163,ok,,,failed,right_10_crossing_unavailable,,failed,left_10_or_right_10_unavailable,-0.04659807200885336,1812.938470698152,,,,right_not_found_within_width_search_window,-0.024056512871887134,1823.368932837696,,,,right_not_found_within_width_search_window,0.043568164539011536,1861.6791729531153,2098.538386279216,236.85921332610064,1.2051396774032002,ok,0.11119284194991022,1900.1625645872055,2059.1761930084544,159.013628421249,0.809061341407315,ok,0.13373440108687643,1924.909497224648,2047.1089001934859,122.19940296883783,0.6217505623054469,ok
/Users/cudmore/Sites/cs_project/cloudscope-data/data-samples/diameter-sample-data/Treatment/220110n_0080.tif.frames/220110n_0080.tif|channel=0|roi_id=1|peak_row_type=peak|peak_id=6,149,220110n_0080.tif,/Users/cudmore/Sites/cs_project/cloudscope-data/data-samples/diameter-sample-data/Treatment/220110n_0080.tif.frames/220110n_0080.tif,220110n_0080.tif.frames,Treatment,,,,,,,,,True,0,1,0.0050880000000000005,0.414,260710,19:55:12.774,1,ok,2500,6,398,0.0050880000000000005,1616.3408721024994,percentile,20.0,1.0,single_exponential,derivative_threshold,df_f_signal,900.0,750.0,100.0,0.2346053649246422,0.23131126778612981,0,,peak,6,ok,0,,2190,11.14272,-0.07622579825731621,2354,11.977152000000002,0.15334764327730743,0.22957344153462364,derivative_threshold,1.9436160000000005,1.877472000000001,-0.08243049996628604,ok,,0.0051216166238470685,ok,,0.23577814324359347,ok,,,failed,left_10_or_left_90_unavailable,,failed,right_90_or_right_10_unavailable,,failed,right_90_or_right_10_unavailable,1.1759396443380208,ok,,,failed,right_10_crossing_unavailable,,failed,left_10_or_right_10_unavailable,-0.05326845410385384,2197.152086014114,,,,right_not_found_within_width_search_window,-0.030311109950391477,2205.0640442817935,,,,right_not_found_within_width_search_window,0.03856092250999561,2246.3750853247707,2487.2508806411292,240.87579531635856,1.2255760465696326,ok,0.10743295497038272,2293.5968027386766,2442.2714505339954,148.67464779531883,0.7564566079825823,ok,0.13039029912384506,2309.4262911742494,2422.5774907726272,113.15119959837784,0.5757133035565465,ok
