time_index,time_sec,sum_intensity,norm_sum_intensity,filtered_norm_sum_intensity,detrended_norm_sum_intensity,f0_baseline,df_f_signal,d_df_f_signal,is_onset,is_peak,onset_index,peak_id
0,0.0,261706.0,1576.5421686746988,1576.5421686746988,1576.5421686746988,1437.775247176687,0.0965150302667293,0.0465442064150352,True,False,0.0,1.0
1,0.0027688,264464.0,1593.1566265060242,1576.5421686746988,1576.727457069405,1437.775247176687,0.0966439018654512,0.1622960615027793,False,False,,
2,0.0055376,263159.0,1585.2951807228917,1577.4638554216867,1577.834341386159,1437.775247176687,0.0974137609369071,0.4482766067485677,False,False,,
3,0.0083064,259729.0,1564.632530120482,1579.7409638554218,1580.2965566092394,1437.775247176687,0.0991262784029821,0.3324905457709342,False,False,,
4,0.0110752,264057.0,1590.7048192771083,1579.7409638554218,1580.4815726626637,1437.775247176687,0.0992549605831682,0.057057120691212,False,False,,
5,0.013844,264549.0,1593.6686746987953,1579.8253012048192,1580.7508353740411,1437.775247176687,0.0994422379145218,0.0570343447006145,False,False,,
6,0.0166128,262701.0,1582.5361445783133,1579.8253012048192,1580.935670089032,1437.775247176687,0.0995707939703823,0.0464188630313664,False,False,,
7,0.0193816,264929.0,1595.9578313253012,1579.8253012048192,1581.1204142014676,1437.775247176687,0.0996992870104442,0.046396109364057,False,False,,
8,0.0221504,263955.0,1590.0903614457832,1579.8253012048192,1581.3050677557594,1437.775247176687,0.0998277170655967,0.0357806500071404,False,False,,
9,0.0249192,261859.0,1577.4638554216867,1579.7409638554218,1581.4052934468998,1437.775247176687,0.0998974259379238,-0.159450720323548,False,True,0.0,1.0
10,0.027688,262237.0,1579.7409638554218,1578.186746987952,1580.0355491505825,1437.775247176687,0.0989447427567331,-0.1488807237039431,False,False,,
11,0.0304568,261870.0,1577.5301204819275,1578.186746987952,1580.2199312966952,1437.775247176687,0.0990729840423408,0.0463052061743987,False,False,,
12,0.0332256,262251.0,1579.8253012048192,1578.186746987952,1580.4042230620937,1437.775247176687,0.0992011624664444,-0.0361893586299046,False,False,,
13,0.0359944,260669.0,1570.2951807228917,1577.5301204819275,1579.931797985056,1437.775247176687,0.0988725818499919,-0.0445348944067234,False,False,,
14,0.0387632,261325.0,1574.2469879518071,1577.4638554216867,1580.0496440616712,1437.775247176687,0.0989545460351777,-0.366122188564443,False,False,,
15,0.041532,261979.0,1578.186746987952,1574.2469879518071,1577.0167974807773,1437.775247176687,0.0968451436185974,-0.6922492073968698,False,False,,
16,0.0443008,259427.0,1562.813253012048,1571.5843373493976,1574.53807756372,1437.775247176687,0.0951211468242968,-0.4501526187531439,False,False,,
17,0.0470696,257738.0,1552.6385542168675,1570.2951807228917,1573.4327614631493,1437.775247176687,0.09435237847699,-0.4418524121837421,False,False,,
18,0.0498384,259683.0,1564.355421686747,1567.698795180723,1571.020126331694,1437.775247176687,0.0926743449065881,-0.2799578002912781,False,False,,
19,0.0526072,263106.0,1584.9759036144578,1567.698795180723,1571.2037866713574,1437.775247176687,0.092802084162097,0.0461239337618195,False,False,,
20,0.055376,260238.0,1567.698795180723,1567.698795180723,1571.3873569841223,1437.775247176687,0.0929297608021876,0.0309688720304528,False,False,,
21,0.0581448,260187.0,1567.3915662650602,1567.578313253012,1571.4503553864076,1437.775247176687,0.0929735773878528,0.0309462740146031,False,False,,
22,0.0609136,260883.0,1571.5843373493976,1567.578313253012,1571.633745777743,1437.775247176687,0.0931011288891708,0.0460561397087566,False,False,,
23,0.0636824,260218.0,1567.578313253012,1567.578313253012,1571.8170462745031,1437.775247176687,0.0932286178671041,0.061166016474619,False,False,,
24,0.0664512,260167.0,1567.2710843373493,1567.698795180723,1572.1207388484645,1437.775247176687,0.0934398418220007,0.0611434516738533,False,False,,
25,0.06922,259291.0,1561.9939759036145,1567.698795180723,1572.3038596882477,1437.775247176687,0.0935672058450932,0.0459884453009991,False,False,,
26,0.0719888,261034.0,1572.4939759036145,1567.698795180723,1572.4868907655853,1437.775247176687,0.0936945074366995,0.0308334499835432,False,False,,
27,0.0747576,261234.0,1573.698795180723,1567.578313253012,1572.5493501967662,1437.775247176687,0.093737949157722,0.0308109183490188,False,False,,
28,0.0775264,258920.0,1559.7590361445782,1567.578313253012,1572.7322018811908,1437.775247176687,0.0938651259781491,0.04592085039204,False,False,,
29,0.0802952,261374.0,1574.5421686746988,1567.578313253012,1572.9149639351049,1437.775247176687,0.093992240458853,0.0073105866273373,False,False,,
30,0.083064,260338.0,1568.301204819277,1567.2710843373493,1572.7904074867806,1437.775247176687,0.0939056090826566,-0.4761937735116603,False,False,,
31,0.0858328,262402.0,1580.7349397590365,1563.421686746988,1569.123592821096,1437.775247176687,0.0913552698186548,-0.6169480704865364,False,False,,
32,0.0886016,256316.0,1544.0722891566263,1561.9939759036145,1567.8783754036297,1437.775247176687,0.0904891974475303,-0.4141956816709573,False,False,,
33,0.0913704,259528.0,1563.421686746988,1559.7590361445782,1565.825839615602,1437.775247176687,0.0890616198118337,-1.0467546671754435,False,False,,
34,0.0941392,256399.0,1544.5722891566263,1553.2951807228917,1559.5442987538738,1437.775247176687,0.0846926888025796,-0.9733847263417116,False,False,,
35,0.096908,260312.0,1568.144578313253,1551.644578313253,1558.075921536972,1437.775247176687,0.0836714045512439,-0.6752978529022453,False,False,,
36,0.0996768,257847.0,1553.2951807228917,1547.55421686747,1554.1676959605093,1437.775247176687,0.0809531594123481,-0.5141596647894477,False,False,,
37,0.1024456,256050.0,1542.4698795180725,1547.186746987952,1553.9822726706805,1437.775247176687,0.0808241939915058,-0.0004353193334782,False,False,,
38,0.1052144,256894.0,1547.55421686747,1547.186746987952,1554.1642300245014,1437.775247176687,0.080950748788007,-0.0322358803039755,False,False,,
39,0.1079832,256730.0,1546.566265060241,1546.566265060241,1553.7256162584854,1437.775247176687,0.0806456845807345,-0.0322582797601107,False,False,,
40,0.110752,257573.0,1551.644578313253,1546.566265060241,1553.9073952717742,1437.775247176687,0.0807721153380075,-0.204790628251839,False,False,,
41,0.1135208,256833.0,1547.186746987952,1544.5722891566263,1552.0951092767416,1437.775247176687,0.0795116359977271,-0.4597948326185932,False,False,,
42,0.1162896,256062.0,1542.5421686746988,1542.5421686746988,1550.2465896423662,1437.775247176687,0.0782259554728987,-0.2184545796563135,False,False,,
43,0.1190584,255857.0,1541.3072289156626,1542.4698795180725,1550.3558123159182,1437.775247176687,0.0783019219174223,-0.1095232762685203,False,False,,
44,0.1218272,254758.0,1534.686746987952,1541.3072289156626,1549.3745845699482,1437.775247176687,0.0776194593782342,-0.387982749325289,False,False,,
45,0.124596,257104.0,1548.8192771084337,1539.0180722891566,1547.2667618697567,1437.775247176687,0.0761534286447586,-0.7859885872293155,False,False,,
46,0.1273648,253547.0,1527.3915662650602,1534.686746987952,1543.1166816083323,1437.775247176687,0.0732669689775931,-0.5643204788674492,False,False,,
47,0.1301336,254367.0,1532.3313253012047,1534.1626506024097,1542.7737414196076,1437.775247176687,0.0730284475609822,-0.214026512183473,False,False,,
48,0.1329024,254415.0,1532.620481927711,1532.620481927711,1541.4126401423125,1437.775247176687,0.0720817757637259,-0.1701647003795141,False,False,,
49,0.1356712,253825.0,1529.066265060241,1532.44578313253,1541.418919988649,1437.775247176687,0.0720861435161606,0.0091325734206364,False,False,,
50,0.13844,254217.0,1531.4277108433737,1532.3313253012047,1541.485352086461,1437.775247176687,0.0721323483023001,0.0310523507644369,False,False,,
51,0.1412088,255477.0,1539.0180722891566,1532.3313253012047,1541.666153346704,1437.775247176687,0.0722580990137538,-0.0680874820344339,False,False,,
52,0.1439776,254671.0,1534.1626506024097,1531.4277108433737,1540.9432515236854,1437.775247176687,0.0717553070617862,-0.3647058107776164,False,False,,
53,0.1467464,253611.0,1527.7771084337348,1529.066265060241,1538.7624297933774,1437.775247176687,0.0702385041159917,-0.251234662258458,False,False,,
54,0.1495152,254386.0,1532.44578313253,1529.066265060241,1538.942965307635,1437.775247176687,0.0703640699960637,-0.0136773912445953,False,False,,
55,0.152284,253747.0,1528.5963855421687,1528.5963855421687,1538.6535328086534,1437.775247176687,0.0701627641942356,-0.1166002935722669,False,False,,
56,0.1550528,252638.0,1521.9156626506024,1527.7771084337348,1538.014614267522,1437.775247176687,0.069718384210378,-0.4033824844959834,False,False,,
57,0.1578216,253154.0,1525.0240963855422,1525.0240963855422,1535.4418723782012,1437.775247176687,0.0679289933480906,-0.4056745550320055,False,False,,
58,0.1605904,254803.0,1534.9578313253012,1524.186746987952,1534.784704774388,1437.775247176687,0.0674719207944327,-0.3451669362580709,False,False,,
59,0.1633592,251715.0,1516.355421686747,1521.9156626506024,1532.6937139090362,1437.775247176687,0.0660175969218679,-0.2400185713389859,False,False,,
60,0.166128,251792.0,1516.8192771084337,1521.9156626506024,1532.873719102548,1437.775247176687,0.0661427939537859,-0.3747195697791685,False,False,,
61,0.1688968,250155.0,1506.9578313253012,1518.5722891566263,1529.71026256687,1437.775247176687,0.0639425498322587,-0.5510348020925573,False,False,,
62,0.1716656,251850.0,1517.1686746987953,1517.1686746987953,1528.486476875375,1437.775247176687,0.0630913836337182,-0.1750155024421165,False,False,,
63,0.1744344,249144.0,1500.867469879518,1516.8192771084337,1528.3168199026172,1437.775247176687,0.0629733839859353,0.0012554333103356,False,False,,
64,0.1772032,250712.0,1510.313253012048,1516.8192771084337,1528.4964724146978,1437.775247176687,0.0630983357212175,-0.0131425232606634,False,False,,
65,0.179972,253015.0,1524.186746987952,1516.355421686747,1528.2121814427562,1437.775247176687,0.062900605949127,-0.2378815605833271,False,False,,
66,0.1827408,251418.0,1514.566265060241,1514.566265060241,1526.6025012468265,1437.775247176687,0.0617810427913313,-0.7138193007719646,False,False,,
67,0.1855096,254990.0,1536.0843373493976,1510.313253012048,1522.528877653186,1437.775247176687,0.0589477601891722,-0.910563279047647,False,False,,
68,0.1882784,252083.0,1518.5722891566263,1506.9578313253012,1519.352756488092,1437.775247176687,0.056738707577277,-0.3877591237974673,False,False,,
69,0.1910472,249099.0,1500.5963855421687,1506.867469879518,1519.4416076741654,1437.775247176687,0.0568005052652313,-0.1524715577481767,False,False,,
70,0.193816,248858.0,1499.144578313253,1505.3855421686746,1518.1388047484645,1437.775247176687,0.0558943810790907,-0.1411442798467224,False,False,,
71,0.1965848,251893.0,1517.4277108433737,1505.3855421686746,1518.317841729953,1437.775247176687,0.0560189047011521,-0.3537772900984457,False,False,,
72,0.1993536,248156.0,1494.9156626506024,1502.210843373494,1515.322092155647,1437.775247176687,0.0539353039574415,-0.4786420642702982,False,False,,
73,0.2021224,250140.0,1506.867469879518,1501.2168674698796,1514.5069777553122,1437.775247176687,0.0533683764060489,-0.0799239665392672,False,False,,
74,0.2048912,249202.0,1501.2168674698796,1501.2168674698796,1514.685751583994,1437.775247176687,0.0534927170003337,0.0373305230175553,False,False,,
75,0.20766,248368.0,1496.1927710843374,1501.1566265060242,1514.8041968171992,1437.775247176687,0.0535750979103109,-0.0330573892808914,False,False,,
76,0.2104288,249367.0,1502.210843373494,1500.5963855421687,1514.4225544617389,1437.775247176687,0.0533096584014518,0.0448527450110312,False,False,,
77,0.2131976,249894.0,1505.3855421686746,1501.1566265060242,1515.1613064882577,1437.775247176687,0.053823474471084,0.1151966637688666,False,False,,
78,0.2159664,248748.0,1498.4819277108434,1501.1566265060242,1515.3397300481029,1437.775247176687,0.0539475714467383,-0.1405637609357342,False,False,,
79,0.2187352,247442.0,1490.6144578313254,1499.6807228915663,1514.0421625335644,1437.775247176687,0.0530450885885263,-0.1405857253720448,False,False,,
80,0.221504,248947.0,1499.6807228915663,1499.6807228915663,1514.2204112164288,1437.775247176687,0.0531690639339181,-0.0036589827137927,False,False,,
81,0.2242728,250021.0,1506.1506024096386,1499.2951807228917,1514.0130303564142,1437.775247176687,0.0530248266058504,-0.1058249808944857,False,False,,
82,0.2270416,249192.0,1501.1566265060242,1498.4819277108434,1513.377851321651,1437.775247176687,0.0525830475197168,-0.0574230646215419,False,False,,
83,0.2298104,248883.0,1499.2951807228917,1498.4819277108434,1513.555838010369,1437.775247176687,0.0527068406432021,-0.2670294549893039,False,False,,
84,0.2325792,249448.0,1502.698795180723,1496.0,1511.2518097424636,1437.775247176687,0.051104345209768,-0.2670513656455551,False,False,,
85,0.235348,247602.0,1491.578313253012,1496.0,1511.4296219823882,1437.775247176687,0.0512280170008033,-0.3684606982021776,False,False,,
86,0.2381168,246662.0,1485.9156626506024,1492.710843373494,1508.3181904355388,1437.775247176687,0.0490639572474036,-0.3684825873832764,False,False,,
87,0.2408856,247126.0,1488.710843373494,1492.710843373494,1508.4958283976514,1437.775247176687,0.0491875078249096,-0.0976335637053598,False,False,,
88,0.2436544,247508.0,1491.012048192771,1491.578313253012,1507.5408491644414,1437.775247176687,0.0485233016250288,-0.0976554314323863,False,False,,
89,0.2464232,248336.0,1496.0,1491.578313253012,1507.7183130195556,1437.775247176687,0.0486467311078097,-0.0265547610654923,False,False,,
90,0.249192,245569.0,1479.3313253012047,1491.012048192771,1507.3294248249322,1437.775247176687,0.0483762519801525,-0.3156064526483746,False,False,,
91,0.2519608,244995.0,1475.8734939759036,1488.710843373494,1505.2055099244171,1437.775247176687,0.046899028815624,-0.3663220045539734,False,False,,
92,0.2547296,248400.0,1496.3855421686746,1487.7409638554218,1504.4128334208708,1437.775247176687,0.0463477072477344,-0.3065706415358704,False,False,,
93,0.2574984,247790.0,1492.710843373494,1485.9156626506024,1502.76464836894,1437.775247176687,0.045201363231055,-0.198395419394215,False,False,,
94,0.2602672,246965.0,1487.7409638554218,1485.8072289156626,1502.8332439678295,1437.775247176687,0.045249072773297,-0.3277996928965896,False,False,,
95,0.263036,245770.0,1480.5421686746988,1482.9518072289156,1500.15476483841,1437.775247176687,0.0433861396516709,-0.6168513309886992,False,False,,
96,0.2658048,247965.0,1493.7650602409635,1480.5421686746988,1497.9219821075546,1437.775247176687,0.041833196842814,-0.4103151346699949,False,False,,
97,0.2685736,245065.0,1476.2951807228917,1479.3313253012047,1496.8879078659716,1437.775247176687,0.0411139785619223,-0.3134892092628192,False,False,,
98,0.2713424,246644.0,1485.8072289156626,1477.6927710843374,1495.4260361320592,1437.775247176687,0.0400972189976002,-0.1614298210735096,False,False,,
99,0.2741112,246170.0,1482.9518072289156,1477.6927710843374,1495.6026320085318,1437.775247176687,0.0402200447847457,0.0443497846294205,False,False,,
100,0.27688,243789.0,1468.6084337349398,1477.6927710843374,1495.7791413209752,1437.775247176687,0.0403428103649641,0.0443280451860434,False,False,,
101,0.2796488,245297.0,1477.6927710843374,1477.6927710843374,1495.955564111821,1437.775247176687,0.0404655157677679,0.0443063163989103,False,False,,
102,0.2824176,243643.0,1467.7289156626507,1477.6927710843374,1496.1319004234813,1437.775247176687,0.0405881610226547,0.0442845982628483,False,False,,
103,0.2851864,244306.0,1471.7228915662652,1477.6927710843374,1496.308150298346,1437.775247176687,0.0407107461591082,0.0351834191928723,False,False,,
104,0.2879552,245285.0,1477.620481927711,1477.620481927711,1496.4120246221582,1437.775247176687,0.0407829927247772,0.0351617223432212,False,False,,
105,0.290724,243031.0,1464.0421686746988,1477.620481927711,1496.58810175052,1437.775247176687,0.0409054577127561,-0.3038269028485985,False,False,,
106,0.2934928,244799.0,1474.6927710843374,1474.8493975903614,1493.993008231784,1437.775247176687,0.0391005208675628,-0.3235207668554194,False,False,,
107,0.2962616,245913.0,1481.4036144578313,1474.6927710843374,1494.0122862769322,1437.775247176687,0.0391139291142175,0.024503978742814,False,False,,
108,0.2990304,246231.0,1483.3192771084337,1474.6927710843374,1494.1881046029496,1437.775247176687,0.039236214100249,-0.1692130692980136,False,False,,
109,0.3017992,246706.0,1486.1807228915663,1472.9939759036145,1492.6650415653558,1437.775247176687,0.0381768948216728,-0.1692347130227558,False,False,,
110,0.304568,245767.0,1480.5240963855422,1472.9939759036145,1492.8406875678415,1437.775247176687,0.0382990599534142,0.0441112359861506,False,False,,
111,0.3073368,242547.0,1461.1265060240964,1472.9939759036145,1493.0162474719089,1437.775247176687,0.0384211652020697,-1.0620926739921543,False,False,,
112,0.3101056,244825.0,1474.8493975903614,1464.186746987952,1484.3844924040984,1437.775247176687,0.0324176155619154,-1.0621142859044976,False,False,,
113,0.3128744,244517.0,1472.9939759036145,1464.186746987952,1484.5598802379188,1437.775247176687,0.0325396011324451,-0.340317896632329,False,False,,
114,0.3156432,242547.0,1461.1265060240964,1461.1265060240964,1481.674941136015,1437.775247176687,0.0305330711775242,-0.3403394873622991,False,False,,
115,0.318412,241541.0,1455.066265060241,1461.1265060240964,1481.8501570682388,1437.775247176687,0.0306549371872277,-0.3812186896178424,False,False,,
116,0.3211808,243055.0,1464.186746987952,1457.7409638554218,1478.6397449441818,1437.775247176687,0.0284220345618965,-0.3850233723444916,False,False,,
117,0.3239496,240085.0,1446.2951807228917,1457.710843373494,1478.784668661366,1437.775247176687,0.0285228317605329,0.0031024786947,False,False,,
118,0.3267184,240608.0,1449.44578313253,1457.4156626506024,1478.6644463341604,1437.775247176687,0.0284392148479162,-0.2882187829167133,False,False,,
119,0.3294872,241980.0,1457.710843373494,1455.066265060241,1476.4899213781189,1437.775247176687,0.0269267914282533,-0.2511658118309858,False,False,,
120,0.332256,240356.0,1447.9277108433737,1455.066265060241,1476.6647082931102,1437.775247176687,0.0270483590483209,-0.3245797344081671,False,False,,
121,0.3350248,238592.0,1437.301204819277,1452.132530120482,1473.905674591033,1437.775247176687,0.0251293986909946,-0.3246012511633873,False,False,,
122,0.3377936,241054.0,1452.132530120482,1452.132530120482,1474.080290193402,1437.775247176687,0.0252508471598786,-0.2936012294740022,False,False,,
123,0.3405624,241985.0,1457.7409638554218,1449.44578313253,1471.5680732144835,1437.775247176687,0.0235035525226594,-0.3344803472490092,False,False,,
124,0.3433312,241931.0,1457.4156626506024,1449.120481927711,1471.4172164673184,1437.775247176687,0.0233986287889525,0.0029518613359398,False,False,,
125,0.3461,240554.0,1449.120481927711,1449.120481927711,1471.591575415529,1437.775247176687,0.0235198987499933,-0.0697053858998897,False,False,,
126,0.3488688,240382.0,1448.0843373493976,1448.2168674698796,1470.8622344383791,1437.775247176687,0.0230126282439933,-0.0863725478674144,False,False,,
127,0.3516376,242005.0,1457.8614457831325,1448.0843373493976,1470.9038923729454,1437.775247176687,0.0230416021289227,0.0437450912257713,False,False,,
128,0.3544064,240404.0,1448.2168674698796,1448.2168674698796,1471.2105251647154,1437.775247176687,0.0232548710611651,0.0603693460881151,False,False,,
129,0.3571752,243721.0,1468.198795180723,1448.2168674698796,1471.384542494097,1437.775247176687,0.0233759034198202,0.0437022156689996,False,False,,
130,0.359944,237198.0,1428.9036144578313,1448.2168674698796,1471.5584745234055,1437.775247176687,0.0234968764506538,0.0270350957557088,False,False,,
131,0.3627128,239385.0,1442.078313253012,1448.0843373493976,1471.5997911739712,1437.775247176687,0.023525612966077,-0.0607545410316889,False,False,,
132,0.3654816,237909.0,1433.186746987952,1447.3855421686746,1471.074757547827,1437.775247176687,0.0231604421042367,-0.0441302441563191,False,False,,
133,0.3682504,239675.0,1443.8253012048192,1447.3855421686746,1471.248433927709,1437.775247176687,0.023281237326037,0.0307540058461954,False,False,,
134,0.3710192,240249.0,1447.2831325301204,1447.2831325301204,1471.3196155360895,1437.775247176687,0.0233307454870106,-0.1395074663194764,False,False,,
135,0.373788,240682.0,1449.8915662650602,1445.9277108433737,1470.1377000050627,1437.775247176687,0.0225087007805463,-0.3907275495911975,False,False,,
136,0.3765568,239471.0,1442.5963855421687,1443.8253012048192,1468.2087114727228,1437.775247176687,0.0211670526083943,-0.3748598334168127,False,False,,
137,0.3793256,241179.0,1452.8855421686746,1442.5963855421687,1467.1531319084709,1437.775247176687,0.0204328769670173,-0.1108198835925429,False,False,,
138,0.3820944,240266.0,1447.3855421686746,1442.5963855421687,1467.3263830407232,1437.775247176687,0.0205533764210123,0.0435097951076612,False,False,,
139,0.3848632,238550.0,1437.0481927710844,1442.5963855421687,1467.4995492484777,1437.775247176687,0.0206738168084055,0.0434884674115765,False,False,,
140,0.387632,241497.0,1454.801204819277,1442.5963855421687,1467.6726305733628,1437.775247176687,0.0207941981581506,-0.042787829837728,False,False,,
141,0.3904008,237788.0,1432.4578313253012,1441.9096385542168,1467.158880069035,1437.775247176687,0.0204368749218961,-0.1487363050605359,False,False,,
142,0.3931696,240024.0,1445.9277108433737,1441.066265060241,1466.4884182590094,1437.775247176687,0.0199705559952474,-0.4234116166962782,False,False,,
143,0.3959384,239357.0,1441.9096385542168,1438.1927710843374,1463.78775120895,1437.775247176687,0.0180921907532788,-0.388628261549623,False,False,,
144,0.3987072,238646.0,1437.6265060240964,1437.6265060240964,1463.3942283579931,1437.775247176687,0.0178184881340902,-0.1003763143674549,False,False,,
145,0.401476,238740.0,1438.1927710843374,1437.0481927710844,1462.9885726392324,1437.775247176687,0.0175363468748376,-0.3644588778582465,False,False,,
146,0.4042448,237883.0,1433.0301204819275,1434.379518072289,1460.4924708411618,1437.775247176687,0.0158002606520624,-0.4530049803833642,False,False,,
147,0.4070136,235843.0,1420.7409638554218,1433.0963855421687,1459.3818266197247,1437.775247176687,0.0150277864954666,-0.1261652477160417,False,False,,
148,0.4097824,237189.0,1428.8493975903614,1433.0301204819275,1459.4879653175913,1437.775247176687,0.01510160797631,0.0349741390342552,False,False,,
149,0.4125512,239217.0,1441.066265060241,1433.0301204819275,1459.6602845665684,1437.775247176687,0.0152214592877827,-0.3342789285911003,False,False,,
150,0.41532,238107.0,1434.379518072289,1430.0240963855422,1456.8264952514544,1437.775247176687,0.0132505049813439,-0.3569988205191796,False,False,,
151,0.4180888,237354.0,1429.8433734939758,1429.8433734939758,1456.817922714858,1437.775247176687,0.0132445426192757,0.0152383116703829,False,False,,
152,0.4208576,235939.0,1421.3192771084337,1429.801204819277,1456.9478200102124,1437.775247176687,0.0133348886560498,-0.0150477857827495,False,False,,
153,0.4236264,237347.0,1429.801204819277,1429.379518072289,1456.6981148897246,1437.775247176687,0.0131612140007251,-0.076355400745431,False,False,,
154,0.4263952,237894.0,1433.0963855421687,1428.8493975903614,1456.3398917320874,1437.775247176687,0.0129120629888819,-0.0234129879465694,False,False,,
155,0.429164,236962.0,1427.4819277108434,1428.8493975903614,1456.511704795492,1437.775247176687,0.0130315622386722,-0.0552122995142552,False,False,,
156,0.4319328,237384.0,1430.0240963855422,1428.066265060241,1455.9003011091932,1437.775247176687,0.0126063193590918,-0.0983609401838974,False,False,,
157,0.4347016,237277.0,1429.379518072289,1427.7228915662652,1455.728572280739,1437.775247176687,0.0124868786963099,-0.0302860436338914,False,False,,
158,0.4374704,235934.0,1421.289156626506,1427.4819277108434,1455.659168953801,1437.775247176687,0.0124386073638647,-0.2754529062228594,False,False,,
159,0.4402392,237059.0,1428.066265060241,1425.186746987952,1453.535464663599,1437.775247176687,0.0109615306828102,-0.2452091205350282,False,False,,
160,0.443008,237002.0,1427.7228915662652,1425.186746987952,1453.7068570417152,1437.775247176687,0.01108073733799,-0.1287103444871626,False,False,,
161,0.4457768,236009.0,1421.7409638554218,1423.8192771084337,1452.5106955269423,1437.775247176687,0.0102487842791781,-0.1287314433654265,False,False,,
162,0.4485456,236354.0,1423.8192771084337,1423.8192771084337,1452.681919919499,1437.775247176687,0.0103678740972096,-0.0303915897873436,False,False,,
163,0.4513144,235674.0,1419.7228915662652,1423.2349397590365,1452.2687230316308,1437.775247176687,0.0100804878115717,-0.0750534032532721,False,False,,
164,0.4540832,236257.0,1423.2349397590365,1422.879518072289,1452.0843579165269,1437.775247176687,0.0099522583713543,-0.1446837532314044,False,False,,
165,0.456852,236198.0,1422.879518072289,1421.7409638554218,1451.116776422538,1437.775247176687,0.0092792870596774,0.042937601877353,False,False,,
166,0.4596208,236581.0,1425.186746987952,1422.879518072289,1452.4262195546205,1437.775247176687,0.0101900296355103,0.0429165546598295,False,False,,
167,0.4623896,235879.0,1420.9578313253012,1421.7409638554218,1451.4584704863853,1437.775247176687,0.0095169417727617,-0.1984671017359764,False,False,,
168,0.4651584,235353.0,1417.789156626506,1420.9578313253012,1450.8460593793752,1437.775247176687,0.0090909982129371,-0.210594090431017,False,False,,
169,0.4679272,236962.0,1427.4819277108434,1419.7228915662652,1449.781757358969,1437.775247176687,0.0083507559375909,-0.2287740498723653,False,False,,
170,0.470696,235063.0,1416.0421686746988,1418.7951807228917,1449.024600610764,1437.775247176687,0.0078241390343639,-0.2000433958498904,False,False,,
171,0.4734648,235520.0,1418.7951807228917,1417.789156626506,1448.1890470070873,1437.775247176687,0.0072429956287325,-0.265133937854745,False,False,,
172,0.4762336,234786.0,1414.3734939759036,1416.3433734939758,1446.9136508057868,1437.775247176687,0.0063559333400995,-0.1766300753436993,False,False,,
173,0.4790024,237184.0,1428.8192771084337,1416.0421686746988,1446.7827493972195,1437.775247176687,0.0062648889235093,-0.1494126357094535,False,False,,
174,0.4817712,233847.0,1408.7168674698796,1414.813253012048,1445.7240536656998,1437.775247176687,0.0055285459285948,-0.166835921060661,False,False,,
175,0.48454,234859.0,1414.813253012048,1414.3734939759036,1445.4544311220272,1437.775247176687,0.0053410183270437,-0.2644611950898355,False,False,,
176,0.4873088,235113.0,1416.3433734939758,1412.367469879518,1443.6184601203545,1437.775247176687,0.0040640656146654,-0.6677620020325981,False,False,,
177,0.4900776,232953.0,1403.3313253012047,1408.7168674698796,1440.1378274485503,1437.775247176687,0.001643219464588,-0.5293209944500796,False,False,,
178,0.4928464,234453.0,1412.367469879518,1407.813253012048,1439.404099412534,1437.775247176687,0.0011328976757986,-0.131358413951394,False,False,,
179,0.4956152,233617.0,1407.3313253012047,1407.3313253012047,1439.091974848327,1437.775247176687,0.0009158091114908,-0.0178859326952759,False,False,,
180,0.498384,233697.0,1407.813253012048,1407.3313253012047,1439.2616947606043,1437.775247176687,0.0010338525349052,-0.0073141190917095,False,False,,
181,0.5011528000000001,232250.0,1399.0963855421687,1406.933734939759,1439.0337411178768,1437.775247176687,0.0008753064456085,-0.0073350120847626,False,False,,
182,0.5039216,233113.0,1404.2951807228917,1406.933734939759,1439.2032946838162,1437.775247176687,0.0009932341719846,0.0425811988521879,False,False,,
183,0.5066904,233551.0,1406.933734939759,1406.933734939759,1439.3727651377365,1437.775247176687,0.0011111040923724,-0.2275539531609586,False,False,,
184,0.5094592,232733.0,1402.0060240963855,1404.7831325301204,1437.391550110739,1437.775247176687,-0.0002668685990394,-0.2275748154450377,False,False,,
185,0.512228,230960.0,1391.3253012048192,1404.7831325301204,1437.5608544628208,1437.775247176687,-0.000149114205636,-0.0187678211684043,False,False,,
186,0.5149968,232075.0,1398.0421686746988,1404.2951807228917,1437.2421240178146,1437.775247176687,-0.0003707972855416,-0.0187886630048216,False,False,,
187,0.5177656,233643.0,1407.487951807229,1404.2951807228917,1437.4112624308586,1437.775247176687,-0.0002531583058915,-0.2450396614872478,False,False,,
188,0.5205344000000001,233194.0,1404.7831325301204,1402.0060240963855,1435.2911613088777,1437.775247176687,-0.0017277289149934,-0.2450604828961872,False,False,,
189,0.5233032,234310.0,1411.5060240963855,1402.0060240963855,1435.460133945524,1437.775247176687,-0.0016102052359774,-0.1565564461962146,False,False,,
190,0.526072,233639.0,1407.4638554216867,1400.421686746988,1434.0446864055143,1437.775247176687,-0.0025946758914496,-0.1565772471975705,False,False,,
191,0.5288408,231481.0,1394.4638554216867,1400.421686746988,1434.2134934282444,1437.775247176687,-0.0024772674000587,0.0423937141203405,False,False,,
192,0.5316096,230717.0,1389.8614457831325,1400.421686746988,1434.3822177048971,1437.775247176687,-0.0023599164601368,0.042372933506508,False,False,,
193,0.5343784,232470.0,1400.421686746988,1400.421686746988,1434.550859276033,1437.775247176687,-0.0022426230434731,0.0423521630789383,False,False,,
194,0.5371472,234083.0,1410.1385542168675,1400.421686746988,1434.7194181821926,1437.775247176687,-0.0021253871218708,0.0423314028326624,False,False,,
195,0.5399160000000001,230604.0,1389.1807228915663,1400.421686746988,1434.887894463897,1437.775247176687,-0.0020082086671469,0.042310652762655,False,False,,
196,0.5426848,231330.0,1393.55421686747,1400.421686746988,1435.056288161647,1437.775247176687,-0.0018910876511324,-0.3080263655883119,False,False,,
197,0.5454536,230421.0,1388.078313253012,1397.632530120482,1432.435442689418,1437.775247176687,-0.0037139354692288,-0.706030599566708,False,False,,
198,0.5482224,233733.0,1408.0301204819275,1394.4638554216867,1429.4349966418874,1437.775247176687,-0.005800802699293,-0.4162648512172023,False,False,,
199,0.5509912,235047.0,1415.94578313253,1393.9819277108434,1429.1212151197385,1437.775247176687,-0.0060190437093292,-0.0183020563858522,False,False,,
200,0.55376,231262.0,1393.144578313253,1393.9819277108434,1429.2892788862844,1437.775247176687,-0.0059021521667353,0.0285878475128664,False,False,,
201,0.5565288,232007.0,1397.632530120482,1393.8734939759036,1429.348826536143,1437.775247176687,-0.005860735644942,0.0005721210250124,False,False,,
202,0.5592976000000001,232535.0,1400.813253012048,1393.6506024096386,1429.2938340133117,1437.775247176687,-0.0058989839893472,0.0141706494191569,False,False,,
203,0.5620664,232737.0,1402.0301204819275,1393.6506024096386,1429.4616507557423,1437.775247176687,-0.0057822642567184,0.042145017950987,False,False,,
204,0.5648352,231383.0,1393.8734939759036,1393.6506024096386,1429.629385237513,1437.775247176687,-0.0056656017379418,0.0421243592434341,False,False,,
205,0.567604,231401.0,1393.9819277108434,1393.6506024096386,1429.7970374989454,1437.775247176687,-0.005548996404972,-0.0214525903959235,False,False,,
206,0.5703728,231346.0,1393.6506024096386,1393.144578313253,1429.4585834839577,1437.775247176687,-0.0057843976025182,-0.1682580193948422,False,False,,
207,0.5731416,230518.0,1388.6626506024097,1391.9759036144578,1428.4573967268086,1437.775247176687,-0.0064807420131729,-0.1826544777390593,False,False,,
208,0.5759104,230965.0,1391.355421686747,1391.355421686747,1428.0043206412554,1437.775247176687,-0.0067958650384461,-0.3741006217768559,False,False,,
209,0.5786792000000001,229398.0,1381.9156626506024,1388.6626506024097,1425.4788733398314,1437.775247176687,-0.0085523616163244,-0.9816892031135432,False,False,,
210,0.581448,229492.0,1382.4819277108434,1383.2048192771083,1420.1882837784224,1437.775247176687,-0.0122320671696075,-0.6434994847905198,False,False,,
211,0.5842168,229578.0,1383.0,1383.2048192771083,1420.3554435634985,1437.775247176687,-0.0121158043633002,0.0162548620790592,False,False,,
212,0.5869856,227720.0,1371.8072289156626,1383.0,1420.3177021328336,1437.775247176687,-0.0121420542453585,0.0162342842447573,False,False,,
213,0.5897544,229612.0,1383.2048192771083,1383.0,1420.4846980808102,1437.775247176687,-0.0120259053908664,-0.023130660348293,False,False,,
214,0.5925232,231068.0,1391.9759036144578,1382.4819277108434,1420.1335398813078,1437.775247176687,-0.0122701425901032,-0.023151218013802,False,False,,
215,0.595292,226942.0,1367.120481927711,1382.4819277108434,1420.3003721527657,1437.775247176687,-0.0121541075757397,-0.0292247466554846,False,False,,
216,0.5980608000000001,229072.0,1379.9518072289156,1381.9156626506024,1419.9008575858911,1437.775247176687,-0.0124319775471826,-0.2759042620886651,False,False,,
217,0.6008296,228623.0,1377.2469879518071,1379.9518072289156,1418.1036709195664,1437.775247176687,-0.0136819550174818,-0.249442997430362,False,False,,
218,0.6035984,230103.0,1386.1626506024097,1379.5963855421687,1417.914836290243,1437.775247176687,-0.0138132930897529,-0.0028045369008378,False,False,,
219,0.6063672,226705.0,1365.6927710843374,1379.5963855421687,1418.081341689775,1437.775247176687,-0.0136974854210239,0.0418156910363483,False,False,,
220,0.609136,230034.0,1385.7469879518071,1379.5963855421687,1418.2477654714426,1437.775247176687,-0.01358173451907,-0.2532876325833215,False,False,,
221,0.6119048,229013.0,1379.5963855421687,1377.2469879518071,1416.064710084892,1437.775247176687,-0.0151000910152173,-0.6240532093203073,False,False,,
222,0.6146736,229588.0,1383.0602409638554,1374.2951807228917,1413.2791635219182,1437.775247176687,-0.0170374915710022,-0.3289908601660123,False,False,,
223,0.6174424000000001,227194.0,1368.6385542168675,1374.2951807228917,1413.4453426899595,1437.775247176687,-0.0169219108024726,0.0409771395588713,False,False,,
224,0.6202112,227209.0,1368.7289156626507,1374.289156626506,1413.605416303664,1437.775247176687,-0.016810576562981,0.0167447582285711,False,False,,
225,0.62298,228133.0,1374.2951807228917,1374.0963855421687,1413.578661511394,1437.775247176687,-0.0168291850293061,-0.0483452351829436,False,False,,
226,0.6257488,230249.0,1387.0421686746988,1373.5722891566263,1413.220500039806,1437.775247176687,-0.01707829313733,0.041672420915833,False,False,,
227,0.6285176,228013.0,1373.5722891566263,1374.0963855421687,1413.9104500010794,1437.775247176687,-0.0165984198312425,0.0416519938665618,False,False,,
228,0.6312864,227824.0,1372.433734939759,1373.5722891566263,1413.552125892916,1437.775247176687,-0.0168476410560946,-0.0559727426521061,False,False,,
229,0.6340552,225304.0,1357.2530120481929,1373.3192771084337,1413.4648048636009,1437.775247176687,-0.0169083744909528,-0.1013905075791177,False,False,,
230,0.6368240000000001,228100.0,1374.0963855421687,1372.433734939759,1412.7448724951337,1437.775247176687,-0.0174091011308647,-0.0696327540750716,False,False,,
231,0.6395928000000001,228132.0,1374.289156626506,1372.433734939759,1412.910401116483,1437.775247176687,-0.017293972829919,0.1527939126021102,False,False,,
232,0.6423616,226691.0,1365.6084337349398,1373.3192771084337,1413.9613907674411,1437.775247176687,-0.0165629895604393,0.041550008716602,False,False,,
233,0.6451304,227971.0,1373.3192771084337,1372.433734939759,1413.2412149817571,1437.775247176687,-0.01706388550165,-0.3541839946795297,False,False,,
234,0.6478992,229826.0,1384.4939759036145,1370.1686746987953,1411.1414400642443,1437.775247176687,-0.0185243188493767,-0.2429808248890435,False,False,,
235,0.650668,227002.0,1367.4819277108434,1370.1686746987953,1411.3066443678897,1437.775247176687,-0.0184094161175555,-0.2959647561871654,False,False,,
236,0.6534368,225902.0,1360.855421686747,1367.4819277108434,1408.785020703492,1437.775247176687,-0.0201632532832387,0.0414686004180455,False,False,,
237,0.6562056000000001,226418.0,1363.9638554216867,1370.1686746987953,1411.6368100746015,1437.775247176687,-0.0181797795958806,0.0414482732778083,False,False,,
238,0.6589744000000001,226854.0,1366.5903614457832,1367.4819277108434,1409.1150245690867,1437.775247176687,-0.0199337293251355,-0.4080058870963872,False,False,,
239,0.6617432,227994.0,1373.4578313253012,1366.5903614457832,1408.3883389253988,1437.775247176687,-0.0204391529962655,-0.0705725005992259,False,False,,
240,0.664512,227448.0,1370.1686746987953,1366.5903614457832,1408.5531387253427,1437.775247176687,-0.0203245316044538,-0.2885001157762903,False,False,,
241,0.6672808,225907.0,1360.8855421686746,1363.9638554216867,1406.0913517193794,1437.775247176687,-0.0220367512373883,-0.6751545678611794,False,False,,
242,0.6700496,228287.0,1375.2228915662652,1360.8855421686746,1403.1776767422868,1437.775247176687,-0.0240632675394418,-0.3452873778324679,False,False,,
243,0.6728184,225016.0,1355.5180722891566,1360.8855421686746,1403.3422343155717,1437.775247176687,-0.0239488146208734,0.0557023495106436,False,False,,
244,0.6755872,227515.0,1370.5722891566263,1361.0,1403.6211690571058,1437.775247176687,-0.0237548102087917,0.0413062620145678,False,False,,
245,0.6783560000000001,225643.0,1359.2951807228917,1360.8855421686746,1403.6711075124529,1437.775247176687,-0.0237200770643416,0.0269101844483072,False,False,,
246,0.6811248,224537.0,1352.632530120482,1360.8855421686746,1403.835423215109,1437.775247176687,-0.0236057923713908,-0.1584825979450164,False,False,,
247,0.6838936,223394.0,1345.7469879518071,1359.2951807228917,1402.409296927466,1437.775247176687,-0.0245976902987219,-0.3521982193663273,False,False,,
248,0.6866624,223421.0,1345.9096385542168,1357.7530120481929,1401.0312829058737,1437.775247176687,-0.0255561252309538,-0.3053078340088406,False,False,,
249,0.6894312,225387.0,1357.7530120481929,1356.5361445783133,1399.9784896235287,1437.775247176687,-0.0262883629603293,-0.2395018729497655,False,False,,
250,0.6922,226834.0,1366.4698795180725,1355.5180722891566,1399.1244110957775,1437.775247176687,-0.0268823908026004,-0.4491065399045046,False,False,,
251,0.6949688,225926.0,1361.0,1352.632530120482,1396.402782301802,1437.775247176687,-0.0287753353357045,-0.3212575032442624,False,False,,
252,0.6977376000000001,225185.0,1356.5361445783133,1352.632530120482,1396.5666153291995,1437.775247176687,-0.0286613863525658,0.0411445591222099,False,False,,
253,0.7005064,226520.0,1364.578313253012,1352.632530120482,1396.7303680486802,1437.775247176687,-0.0285474932251093,-0.2199104170969903,False,False,,
254,0.7032752,222930.0,1342.9518072289156,1350.55421686747,1394.8157272465971,1437.775247176687,-0.0298791622782822,-0.2199305755120448,False,False,,
255,0.706044,224192.0,1350.55421686747,1350.55421686747,1394.979319468321,1437.775247176687,-0.0297653807800648,0.7924103570970633,False,False,,
256,0.7088128,223732.0,1347.7831325301204,1356.5361445783133,1401.1247592110092,1437.775247176687,-0.0254911106848214,0.4208885063013703,False,False,,
257,0.7115816,223822.0,1348.3253012048192,1353.578313253012,1398.3303597669822,1437.775247176687,-0.0274346685875703,-0.3304578957092543,False,False,,
258,0.7143504,223160.0,1344.3373493975903,1353.578313253012,1398.4937115369737,1437.775247176687,-0.027321054328101,-0.2775144304129933,False,False,,
259,0.7171192000000001,225633.0,1359.2349397590365,1351.0421686746988,1396.1208386566382,1437.775247176687,-0.0289714324974253,-0.2775345394700084,False,False,,
260,0.719888,226260.0,1363.012048192771,1351.0421686746988,1396.2840303218525,1437.775247176687,-0.0288579295938702,-0.0203029439102193,False,False,,
261,0.7226568,221513.0,1334.4156626506024,1350.55421686747,1395.9591901863046,1437.775247176687,-0.0290838620796226,-0.0203230332579487,False,False,,
262,0.7254256,221834.0,1336.3493975903614,1350.55421686747,1396.1222219036638,1437.775247176687,-0.0289704704228394,-0.2390070533040447,False,False,,
263,0.7281944,225820.0,1360.3614457831325,1348.3253012048192,1394.056258043243,1437.775247176687,-0.0304073875379991,-0.2390271229617262,False,False,,
264,0.7309632,224694.0,1353.578313253012,1348.3253012048192,1394.2191299695155,1437.775247176687,-0.0302941070189523,-0.2867144085753246,False,False,,
265,0.733732,224965.0,1355.210843373494,1345.7168674698796,1391.7734883240455,1437.775247176687,-0.0319950972469258,-0.2867344585622922,False,False,,
266,0.7365008000000001,224273.0,1351.0421686746988,1345.7168674698796,1391.936200615847,1437.775247176687,-0.0318819277566868,0.0408631007817188,False,False,,
267,0.7392696,225931.0,1361.0301204819275,1345.7168674698796,1392.0988331490948,1437.775247176687,-0.031768813740037,0.0408430704462139,False,False,,
268,0.7420384,222732.0,1341.7590361445782,1345.7168674698796,1392.261385962886,1437.775247176687,-0.0316557551697839,0.4781509310208438,False,False,,
269,0.7448072,222920.0,1342.8915662650602,1349.198795180723,1395.9057868071404,1437.775247176687,-0.0291210051444159,0.700577974021523,False,False,,
270,0.747576,221323.0,1333.2710843373493,1350.9698795180725,1397.8392646365785,1437.775247176687,-0.0277762345808423,0.2632300920354682,False,False,,
271,0.7503448,221815.0,1336.2349397590365,1350.9698795180725,1398.001578526384,1437.775247176687,-0.0276633421867603,0.0407630472410707,False,False,,
272,0.7531136,223389.0,1345.7168674698796,1350.9698795180725,1398.1638128529255,1437.775247176687,-0.0275505051304401,0.0407430659499405,False,False,,
273,0.7558824000000001,222125.0,1338.1024096385545,1350.9698795180725,1398.3259676552036,1437.775247176687,-0.0274377233847559,0.0407230944532885,False,False,,
274,0.7586512,224723.0,1353.7530120481929,1350.9698795180725,1398.4880429721995,1437.775247176687,-0.0273249969225956,0.0407031327462821,False,False,,
275,0.76142,223967.0,1349.198795180723,1350.9698795180725,1398.6500388428756,1437.775247176687,-0.0272123257168601,0.167795782940753,False,False,,
276,0.7641888,224261.0,1350.9698795180725,1351.9819277108434,1399.824003498946,1437.775247176687,-0.0263958109949829,0.3902228945026786,False,False,,
277,0.7669576,227938.0,1373.120481927711,1353.7530120481929,1401.7569249311416,1437.775247176687,-0.025051427416262,1.1324497637809916,False,False,,
278,0.7697264,226673.0,1365.5,1360.6746987951808,1408.8403694434285,1437.775247176687,-0.0201247571830692,1.3858984227862052,False,False,,
279,0.7724952,224429.0,1351.9819277108434,1364.4638554216867,1412.791204544571,1437.775247176687,-0.0173768763102411,0.6466581988370006,False,False,,
280,0.7752640000000001,227654.0,1371.4096385542168,1365.5,1413.9889483457257,1437.775247176687,-0.0165438227411894,0.9129694621068328,False,False,,
281,0.7780328,225872.0,1360.6746987951808,1371.4096385542168,1420.0601069098366,1437.775247176687,-0.0123212166168785,0.9976913035376124,False,False,,
282,0.7808016,226501.0,1364.4638554216867,1373.120481927711,1421.932391119106,1437.775247176687,-0.0110190073787197,0.2993087309656572,False,False,,
283,0.7835704,228403.0,1375.921686746988,1373.4698795180725,1422.443150409934,1437.775247176687,-0.0106637645882831,0.3923534408424054,False,False,,
284,0.7863392,231626.0,1395.3373493975903,1375.921686746988,1425.0562402427977,1437.775247176687,-0.0088463109647108,2.4011666637895996,True,False,284.0,2.0
285,0.789108,227996.0,1373.4698795180725,1392.2650602409635,1441.560817282975,1437.775247176687,0.0026329359291182,2.479078940512216,False,False,,
286,0.7918768,232080.0,1398.0722891566263,1395.3373493975903,1444.794230966809,1437.775247176687,0.0048818365762696,0.7698485710183367,False,False,,
287,0.7946456000000001,231116.0,1392.2650602409635,1398.0722891566263,1447.6902162727924,1437.775247176687,0.0068960493759893,0.6381763982345936,False,False,,
288,0.7974144000000001,234121.0,1410.367469879518,1400.0963855421687,1449.875279263736,1437.775247176687,0.0084158021991335,1.449256034204963,False,False,,
289,0.8001832,232416.0,1400.0963855421687,1409.289156626506,1459.2289380506247,1437.775247176687,0.0149214495910024,1.3304464655998105,False,False,,
290,0.802952,233942.0,1409.289156626506,1410.367469879518,1460.4680601420148,1437.775247176687,0.0157832825470387,1.2123935293394332,False,False,,
291,0.8057208,236703.0,1425.921686746988,1418.620481927711,1468.8818022030705,1437.775247176687,0.0216351999990725,1.4234714475536534,False,False,,
292,0.8084896,235949.0,1421.379518072289,1421.379518072289,1471.8014895736342,1437.775247176687,0.0236658980350119,0.9573721201479976,False,False,,
293,0.8112584,235491.0,1418.620481927711,1425.921686746988,1476.504230726062,1437.775247176687,0.0269367438516041,1.3076686219877116,False,False,,
294,0.8140272000000001,237624.0,1431.4698795180725,1431.4698795180725,1482.2129172652192,1437.775247176687,0.0309072437961311,0.8574583892396825,False,False,,
295,0.8167960000000001,238601.0,1437.355421686747,1432.4277108433737,1483.3311636875196,1437.775247176687,0.0316850054278578,0.2105262819529132,False,False,,
296,0.8195648,237849.0,1432.8253012048192,1432.8253012048192,1483.8890905134533,1437.775247176687,0.0320730541350735,0.1530032144033359,False,False,,
297,0.8223336,237932.0,1433.3253012048192,1433.3253012048192,1484.549348383975,1437.775247176687,0.0325322760279377,0.6092269234215797,False,False,,
298,0.8251024,237783.0,1432.4277108433737,1437.355421686747,1488.739648180983,1437.775247176687,0.0354467091462129,0.7832304005108437,False,False,,
299,0.8278712,239657.0,1443.7168674698796,1439.2409638554218,1490.7852911478035,1437.775247176687,0.0368694926938066,0.8392007567336384,False,False,,
300,0.83064,238914.0,1439.2409638554218,1443.7168674698796,1495.4212170819594,1437.775247176687,0.0400938672567011,1.1796612321210818,False,False,,
301,0.8334088000000001,240504.0,1448.8192771084337,1448.313253012048,1500.1775465038477,1437.775247176687,0.0434019847328003,0.6810272186736421,False,False,,
302,0.8361776000000001,241137.0,1452.632530120482,1448.8192771084337,1500.8434360784236,1437.775247176687,0.0438651235828283,0.5826465870233744,False,False,,
303,0.8389464,242585.0,1461.355421686747,1452.632530120482,1504.8164762055646,1437.775247176687,0.0466284484731008,0.5304199455549359,False,False,,
304,0.8417152,240420.0,1448.313253012048,1452.7228915662652,1505.0665464417548,1437.775247176687,0.0468023770733331,1.0456602874679408,False,False,,
305,0.844484,242466.0,1460.6385542168675,1460.6385542168675,1513.1418395964718,1437.775247176687,0.0524188968809833,1.1243293805630188,False,False,,
306,0.8472528,243882.0,1469.1686746987953,1461.355421686747,1514.018259322548,1437.775247176687,0.0530284634511389,1.0758858811787937,False,False,,
307,0.8500216,245277.0,1477.5722891566263,1468.8855421686746,1521.7078538511105,1437.775247176687,0.058376722536599,1.0213894103739491,False,False,,
308,0.8527904000000001,241152.0,1452.7228915662652,1469.1686746987953,1522.15038225664,1437.775247176687,0.0586845094500258,0.1595766012301425,False,False,,
309,0.8555592000000001,243993.0,1469.8373493975903,1469.8373493975903,1522.978374697937,1437.775247176687,0.0592603939235711,0.4546398054967824,False,False,,
310,0.858328,243835.0,1468.8855421686746,1472.4698795180725,1525.7701444663128,1437.775247176687,0.0612021228369447,1.0114944499315293,False,False,,
311,0.8610968,244430.0,1472.4698795180725,1477.5722891566263,1531.0317156964338,1437.775247176687,0.0648616455895119,0.945648678134889,False,False,,
312,0.8638656,246013.0,1482.0060240963855,1479.6807228915663,1533.2992330048744,1437.775247176687,0.0664387469569845,0.5968260517114317,False,False,,
313,0.8666344,245627.0,1479.6807228915663,1482.0060240963855,1535.783539803372,1437.775247176687,0.0681666295334691,0.6656591275610761,False,False,,
314,0.8694032,246454.0,1484.6626506024097,1484.6626506024097,1538.599093961476,1437.775247176687,0.0701249009417667,0.7428150619583178,False,False,,
315,0.8721720000000001,248123.0,1494.7168674698796,1487.6024096385545,1541.6977027463074,1437.775247176687,0.0722800422205695,0.661836875936304,False,False,,
316,0.8749408000000001,247276.0,1489.6144578313254,1489.6144578313254,1543.8685228225595,1437.775247176687,0.0737898888259516,0.8252478095262354,False,False,,
317,0.8777096,248781.0,1498.6807228915663,1493.855421686747,1548.268180734424,1437.775247176687,0.0768499344906019,0.6807133416214839,False,False,,
318,0.8804784,250768.0,1510.6506024096386,1494.7168674698796,1549.288242785111,1437.775247176687,0.0775594070265145,0.6458891648861798,False,False,,
319,0.8832472,250049.0,1506.3192771084337,1498.6807228915663,1553.4106367235945,1437.775247176687,0.0804266103300756,0.5376726024572154,False,False,,
320,0.886016,246942.0,1487.6024096385545,1498.6807228915663,1553.5690975277448,1437.775247176687,0.0805368228298816,0.5384097085566459,False,False,,
321,0.8887848,249492.0,1502.9638554216867,1502.6506024096386,1557.697360175415,1437.775247176687,0.0834081079321789,0.5777345784366705,False,False,,
322,0.8915536000000001,250463.0,1508.813253012048,1502.9638554216867,1558.168918680583,1437.775247176687,0.0837360858314326,0.337109084169505,False,False,,
323,0.8943224000000001,247980.0,1493.855421686747,1505.0180722891566,1560.3813634427506,1437.775247176687,0.085274883196676,0.2977452194775765,False,False,,
324,0.8970912,252360.0,1520.2409638554218,1505.0180722891566,1560.5395137770638,1437.775247176687,0.0853848797588116,0.2031479122280171,False,False,,
325,0.89986,250899.0,1511.4397590361446,1506.3192771084337,1561.9987914082878,1437.775247176687,0.0863998350754298,0.2031284434821341,False,False,,
326,0.9026288,249440.0,1502.6506024096386,1506.3192771084337,1562.1567867358688,1437.775247176687,0.0865097238274383,0.127446721114893,False,False,,
327,0.9053976,247112.0,1488.6265060240964,1507.0180722891566,1563.0134997977882,1437.775247176687,0.0871055840382757,0.1864438367191905,False,False,,
328,0.9081664,250243.0,1507.487951807229,1507.487951807229,1563.6412197886348,1437.775247176687,0.0875421752176545,0.2651131502801611,False,False,,
329,0.9109352,249833.0,1505.0180722891566,1508.813253012048,1565.124284095751,1437.775247176687,0.0885736746192671,0.3967460575856023,False,False,,
330,0.913704,250715.0,1510.3313253012047,1510.3313253012047,1566.800042154652,1437.775247176687,0.0897391961861406,0.369488221769803,False,False,,
331,0.9164728,249261.0,1501.5722891566263,1511.4397590361446,1568.0660843646915,1437.775247176687,0.0906197525961396,0.1787999070382433,False,False,,
332,0.9192416,250165.0,1507.0180722891566,1511.4397590361446,1568.2236155830342,1437.775247176687,0.0907293185513555,0.1159808265701087,False,False,,
333,0.9220104,252938.0,1523.7228915662652,1512.0481927710844,1568.98950331743,1437.775247176687,0.0912620080213542,1.3341238709898455,False,False,,
334,0.9247792,251000.0,1512.0481927710844,1521.7469879518071,1578.8456753165733,1437.775247176687,0.0981171628993489,1.25768560216844,False,False,,
335,0.927548,254031.0,1530.3072289156626,1521.7469879518071,1579.0029749917908,1437.775247176687,0.0982265678119222,0.0395037916938569,False,False,,
336,0.9303168,253834.0,1529.120481927711,1521.7469879518071,1579.1601975616195,1437.775247176687,0.0983359190962328,0.1673536524147039,False,False,,
337,0.9330856,253198.0,1525.289156626506,1522.7650602409635,1580.3354153530115,1437.775247176687,0.0991533053975339,0.1673342978792078,False,False,,
338,0.9358544,252779.0,1522.7650602409635,1522.7650602409635,1580.492483825431,1437.775247176687,0.0992625495041687,0.0394457280827609,False,True,284.0,2.0
339,0.9386232,254771.0,1534.7650602409635,1522.7650602409635,1580.6494753057932,1437.775247176687,0.099371740061365,0.039426392517111,False,False,,
340,0.941392,253164.0,1525.0843373493976,1522.7650602409635,1580.806389831838,1437.775247176687,0.0994808770953715,-0.0884621583188085,False,False,,
341,0.9441608,252610.0,1521.7469879518071,1521.7469879518071,1579.9451551521308,1437.775247176687,0.0988818720134587,0.0393877498149777,False,False,,
342,0.9469296,250864.0,1511.2289156626507,1522.7650602409635,1581.1199881718435,1437.775247176687,0.0996989906987469,0.0393684426692075,False,False,,
343,0.9496984,251737.0,1516.487951807229,1521.7469879518071,1580.258599772036,1437.775247176687,0.0990998787015837,-0.0885200797607979,False,False,,
344,0.9524672,254491.0,1533.078313253012,1521.7469879518071,1580.4152068578423,1437.775247176687,0.0992088019050635,-0.1558787821997853,False,False,,
345,0.955236,251421.0,1514.5843373493976,1520.1927710843374,1579.017520310285,1437.775247176687,0.0982366843572743,-0.2285338336055034,False,False,,
346,0.9580048,252256.0,1519.6144578313254,1519.6144578313254,1578.59566064892,1437.775247176687,0.0979432729480897,-0.1165729534394337,False,False,,
347,0.9607736,252352.0,1520.1927710843374,1518.9518072289156,1578.0893869475035,1437.775247176687,0.0975911499703081,-0.1037296285735713,False,False,,
348,0.9635424,252042.0,1518.3253012048192,1518.4759036144578,1577.7697835809768,1437.775247176687,0.0973688597569007,-0.0394359553148895,False,False,,
349,0.9663112,253302.0,1525.9156626506024,1518.3253012048192,1577.7754048037816,1437.775247176687,0.0973727694241563,0.020317991590101,False,False,,
350,0.96908,252146.0,1518.9518072289156,1518.3253012048192,1577.9315518582923,1437.775247176687,0.09748137266713,0.0392143258177277,False,False,,
351,0.9718488,253776.0,1528.7710843373493,1518.3253012048192,1578.0876223724076,1437.775247176687,0.0975899226748046,-0.0175515936923069,False,False,,
352,0.9746176,250323.0,1507.9698795180725,1517.8734939759036,1577.7918091547306,1437.775247176687,0.0973841789618996,0.0391758909669661,False,False,,
353,0.9773864,251967.0,1517.8734939759036,1518.3253012048192,1578.3995339295084,1437.775247176687,0.0978068630886233,0.0391566876704914,False,False,,
354,0.9801552,251825.0,1517.0180722891566,1517.8734939759036,1578.1035678185606,1437.775247176687,0.0976010130355437,-0.0176092035863746,False,False,,
355,0.982924,252067.0,1518.4759036144578,1517.8734939759036,1578.2593325460973,1437.775247176687,0.0977093503628434,-0.0683221043816324,False,False,,
356,0.9856928,251586.0,1515.578313253012,1517.0180722891566,1577.559599233901,1437.775247176687,0.09722267255032,-0.2431211073629562,False,False,,
357,0.9884616,249517.0,1503.1144578313254,1515.6265060240964,1576.323645027833,1437.775247176687,0.0963630429187102,-0.1356998593409102,False,False,,
358,0.9912304,250971.0,1511.8734939759036,1515.6265060240964,1576.4791808086743,1437.775247176687,0.0964712210092337,0.0330078312390789,False,False,,
359,0.9939992,251594.0,1515.6265060240964,1515.578313253012,1576.5864475776712,1437.775247176687,0.0965458270849798,0.0390416654051719,False,False,,
360,0.996768,252044.0,1518.3373493975903,1515.6265060240964,1576.790023685448,1437.775247176687,0.0966874181355814,0.0390225279035938,False,False,,
361,0.9995368,249852.0,1505.132530120482,1515.578313253012,1576.8971380850212,1437.775247176687,0.0967619182354987,-0.1864701444478029,False,False,,
362,1.0023056,252028.0,1518.2409638554218,1513.8313253012047,1575.3053811751713,1437.775247176687,0.0956548210636872,-0.4263386374242444,False,False,,
363,1.0050744,249952.0,1505.7349397590365,1511.8734939759036,1573.5027048004447,1437.775247176687,0.0944010253968982,-0.2069371836196119,False,False,,
364,1.0078432,251296.0,1513.8313253012047,1511.8734939759036,1573.657783696935,1437.775247176687,0.0945088857156753,0.0389460716596659,False,False,,
365,1.010612,252764.0,1522.6746987951808,1511.8734939759036,1573.812786576621,1437.775247176687,0.0946166931633208,-0.0791061495205234,False,False,,
366,1.0133808,249408.0,1502.4578313253012,1510.933734939759,1573.0279544406203,1437.775247176687,0.0940708275020905,-0.21304743660734,False,False,,
367,1.0161496,251857.0,1517.210843373494,1509.867469879518,1572.1165403382251,1437.775247176687,0.0934369216783639,-0.0950333780026611,False,False,,
368,1.0189184,249169.0,1501.0180722891566,1509.867469879518,1572.271315390998,1437.775247176687,0.0935445706680629,0.1727919710166752,False,False,,
369,1.0216872,249058.0,1500.3493975903614,1510.933734939759,1573.492279636146,1437.775247176687,0.0943937744970659,0.0388507119759466,False,False,,
370,1.024456,250815.0,1510.933734939759,1509.867469879518,1572.580637930136,1437.775247176687,0.093759710370701,-0.0950905377252304,False,False,,
371,1.0272248,250995.0,1512.0180722891566,1509.867469879518,1572.7351854908609,1437.775247176687,0.0938672011353587,-0.2910748338863911,False,False,,
372,1.0299936,250638.0,1509.867469879518,1507.2409638554218,1570.2631512711366,1437.775247176687,0.0921478543705716,-0.3531369149157939,False,False,,
373,1.0327624,249586.0,1503.5301204819275,1506.7469879518071,1569.923571452675,1437.775247176687,0.0919116701553209,-0.023268463426632,False,False,,
374,1.0355312,250120.0,1506.7469879518071,1506.7469879518071,1570.0778918557255,1437.775247176687,0.0920190029275003,-0.2782692968788574,False,False,,
375,1.0383,250997.0,1512.0301204819275,1504.2228915662652,1567.7080402282293,1437.775247176687,0.0903707260969247,-0.2782882941495259,False,False,,
376,1.0410688,251209.0,1513.3072289156626,1504.2228915662652,1567.86220937835,1437.775247176687,0.090477953669818,0.0387176005517666,False,False,,
377,1.0438376,250202.0,1507.2409638554218,1504.2228915662652,1568.0163029576076,1437.775247176687,0.0905851286817402,0.0386986219007638,False,False,,
378,1.0466064,248288.0,1495.710843373494,1504.2228915662652,1568.1703210030455,1437.775247176687,0.0906922511584557,-0.0483319500865917,False,False,,
379,1.0493752,249254.0,1501.5301204819275,1503.5301204819275,1567.631492467351,1437.775247176687,0.0903174856749406,-0.2995496238428536,False,False,,
380,1.052144,246018.0,1482.0361445783133,1501.5301204819275,1565.785359556207,1437.775247176687,0.0890334651614636,-0.4766182704038222,False,False,,
381,1.0549128,249701.0,1504.2228915662652,1499.4277108433737,1563.83674158371,1437.775247176687,0.0876781643407524,-0.2292216113218597,False,False,,
382,1.0576816,248176.0,1495.0361445783133,1499.3975903614455,1563.960337382012,1437.775247176687,0.0877641275666075,-0.0801858850692287,False,False,,
383,1.0604504,247791.0,1492.7168674698796,1498.4819277108434,1563.1983156627646,1437.775247176687,0.087234126983593,-0.4078224074736187,False,False,,
384,1.0632192,248310.0,1495.8433734939758,1495.8433734939758,1560.7133270653117,1437.775247176687,0.0855057702029817,-0.309480378985409,False,False,,
385,1.065988,249862.0,1505.1927710843374,1495.710843373494,1560.734287289221,1437.775247176687,0.0855203484369234,-0.0628403054233608,False,False,,
386,1.0687568,248748.0,1498.4819277108434,1495.0361445783133,1560.2130036003057,1437.775247176687,0.0851577857276692,-0.2353691605269059,False,False,,
387,1.0715256,248900.0,1499.3975903614455,1493.5301204819275,1558.8603194089408,1437.775247176687,0.0842169681735897,-0.1506463116086607,False,False,,
388,1.0742944,248905.0,1499.4277108433737,1493.5301204819275,1559.0135841495787,1437.775247176687,0.0843235667125052,-0.0636535855379296,False,False,,
389,1.0770632,244910.0,1475.3614457831325,1492.7168674698796,1558.3535207506302,1437.775247176687,0.0838644800783149,-0.4245814481489436,False,False,,
390,1.079832,247055.0,1488.2831325301204,1489.8433734939758,1555.6331412971135,1437.775247176687,0.0819724044852355,-0.5184215125404208,False,False,,
391,1.0826008,246966.0,1487.7469879518071,1488.2831325301204,1554.2259398017409,1437.775247176687,0.080993669110471,-0.2248707802849896,False,False,,
392,1.0853696,247926.0,1493.5301204819275,1487.7469879518071,1553.8427596747963,1437.775247176687,0.0807271600523294,-0.2975253925070831,False,False,,
393,1.0881384,247314.0,1489.8433734939758,1485.6084337349398,1551.8570949289551,1437.775247176687,0.0793460924969236,-0.23020480863984,False,False,,
394,1.0909072,245538.0,1479.144578313253,1485.6084337349398,1552.0099094563934,1437.775247176687,0.0794523779040053,-0.0456077076371173,False,False,,
395,1.093676,246611.0,1485.6084337349398,1484.9397590361446,1551.4939743781838,1437.775247176687,0.0790935352551123,-0.7734974911741919,False,False,,
396,1.0964448,245503.0,1478.933734939759,1479.144578313253,1545.8514584057436,1437.775247176687,0.0751690581968793,-0.6895311817333862,False,False,,
397,1.0992136,245341.0,1477.9578313253012,1479.144578313253,1546.0040483227606,1437.775247176687,0.0752751873831458,0.0118392043476145,False,False,,
398,1.1019824,246500.0,1484.9397590361446,1478.933734939759,1545.945720069531,1437.775247176687,0.0752346189748747,-0.1107524462221203,False,False,,
399,1.1047512,243053.0,1464.1746987951808,1477.9578313253012,1545.122256815249,1437.775247176687,0.0746618846369462,-0.4489815376033643,False,False,,
400,1.10752,244859.0,1475.05421686747,1475.05421686747,1542.3710079941516,1437.775247176687,0.0727483388122422,-0.5201228308103083,False,False,,
401,1.1102888,246830.0,1486.9277108433737,1473.512048192771,1540.981130269372,1437.775247176687,0.071781652449051,-0.3839495137474671,False,False,,
402,1.1130576,242063.0,1458.210843373494,1471.6927710843374,1539.3140694606532,1437.775247176687,0.0706221799849142,-0.3869947517134253,False,False,,
403,1.1158264,244301.0,1471.6927710843374,1470.1265060240964,1537.8999460865148,1437.775247176687,0.0696386303119627,-0.1585134552059681,False,False,,
404,1.1185952,244041.0,1470.1265060240964,1470.1265060240964,1538.052013195579,1437.775247176687,0.0697443958753657,0.0192741341664071,False,False,,
405,1.121364,244603.0,1473.512048192771,1469.9759036144578,1538.053403354524,1437.775247176687,0.0697453627573226,-0.1615773946809948,False,False,,
406,1.1241328,244016.0,1469.9759036144578,1468.5361445783133,1536.765562383019,1437.775247176687,0.0688496448945803,-0.1426805395976345,False,False,,
407,1.1269016,243777.0,1468.5361445783133,1468.5361445783133,1536.9174059802358,1437.775247176687,0.0689552550012468,-0.1457257316603417,False,False,,
408,1.1296704,243405.0,1466.2951807228917,1467.0722891566263,1535.6053197248457,1437.775247176687,0.068042674082938,-0.2433487435117385,False,False,,
409,1.1324392,241913.0,1457.3072289156626,1466.2951807228917,1534.9799060629714,1437.775247176687,0.0676076869991762,-0.059508127227998,False,False,,
410,1.135208,242970.0,1463.6746987951808,1466.2951807228917,1535.1315264768634,1437.775247176687,0.0677131418776002,-0.0186691791672206,False,False,,
411,1.1379768,245615.0,1479.6084337349398,1465.8433734939758,1534.83126534032,1437.775247176687,0.0675043045526198,-0.2910719914544319,False,False,,
412,1.1407456,242643.0,1461.7048192771083,1463.6746987951808,1532.814062448808,1437.775247176687,0.0661013016177222,-0.2343439498262753,False,False,,
413,1.1435144,243330.0,1465.8433734939758,1463.6746987951808,1532.9654600074157,1437.775247176687,0.0662066014960619,-0.2093940495825652,False,False,,
414,1.1462832,243534.0,1467.0722891566263,1461.7048192771083,1531.14690383567,1437.775247176687,0.0649417611287537,-0.554432607073748,False,False,,
415,1.149052,241764.0,1456.4096385542168,1458.9578313253012,1528.551165054287,1437.775247176687,0.0631363754911303,-0.5143502359211372,False,False,,
416,1.1518208,242187.0,1458.9578313253012,1457.3072289156626,1527.0517376755288,1437.775247176687,0.0620934952623169,-0.2820857071990765,False,False,,
417,1.1545896,241597.0,1455.4036144578313,1456.4096385542168,1526.3052482417622,1437.775247176687,0.0615742976789446,-0.2011456956795392,False,False,,
418,1.1573584,241287.0,1453.5361445783133,1455.4036144578313,1525.4502510061784,1437.775247176687,0.0609796308579218,-0.3229805403189072,False,False,,
419,1.1601272,240676.0,1449.855421686747,1453.5361445783133,1523.733733956891,1437.775247176687,0.0597857606388747,-0.5182077711101591,False,False,,
420,1.162896,243773.0,1468.512048192771,1450.9759036144578,1521.3243718289832,1437.775247176687,0.0581100035046223,-0.4244051474991188,False,False,,
421,1.1656648,240862.0,1450.9759036144578,1449.855421686747,1520.354694779208,1437.775247176687,0.0574355746940836,-0.1089120837067394,False,False,,
422,1.1684336,240522.0,1448.9277108433737,1449.8072289156626,1520.4572329642997,1437.775247176687,0.0575068919498878,0.0159120860151738,False,False,,
423,1.1712024,239568.0,1443.1807228915663,1449.6807228915663,1520.4813840108554,1437.775247176687,0.0575236894616013,-0.0726313172872306,False,False,,
424,1.1739712,240031.0,1445.9698795180725,1448.9277108433737,1519.8789551840075,1437.775247176687,0.0571046887672781,-0.4282625004653155,False,False,,
425,1.17674,238085.0,1434.2469879518071,1445.9698795180725,1517.071633266944,1437.775247176687,0.0551521430390244,-0.6053307334838092,False,False,,
426,1.1795088,240647.0,1449.6807228915663,1443.8072289156626,1515.0594182958464,1437.775247176687,0.0537526092975381,-0.2338475494720473,False,False,,
427,1.1822776,240668.0,1449.8072289156626,1443.8072289156626,1515.209780186397,1437.775247176687,0.053857188849068,-0.0159587506023601,False,False,,
428,1.1850464,239672.0,1443.8072289156626,1443.379518072289,1514.9323575289588,1437.775247176687,0.0536642361202024,-0.0409458074134718,False,False,,
429,1.1878152,239553.0,1443.0903614457832,1443.1807228915663,1514.883776865685,1437.775247176687,0.0536304473459352,0.0014065590652148,False,False,,
430,1.190584,236968.0,1427.5180722891566,1443.0903614457832,1514.9435563049751,1437.775247176687,0.053672025081682,-0.3678437770030118,False,False,,
431,1.1933528,239601.0,1443.379518072289,1439.9518072289156,1511.9550693768988,1437.775247176687,0.0515934756464034,-0.479842409247091,False,False,,
432,1.1961216,239032.0,1439.9518072289156,1438.9698795180725,1511.1231353946396,1437.775247176687,0.0510148497562354,0.0376689970986152,False,False,,
433,1.1988904,238769.0,1438.367469879518,1439.9518072289156,1512.2549833099183,1437.775247176687,0.0518020714847366,0.0376505324535827,False,False,,
434,1.2016592,240049.0,1446.078313253012,1438.9698795180725,1511.4229023154014,1437.775247176687,0.0512233433447503,-0.0856974120987761,False,False,,
435,1.204428,238039.0,1433.9698795180725,1438.9698795180725,1511.5726755796418,1437.775247176687,0.0513275134954985,-0.0380486328524778,False,False,,
436,1.2071968,238869.0,1438.9698795180725,1438.367469879518,1511.1199657892462,1437.775247176687,0.0510126452354665,-0.1008667487843659,False,False,,
437,1.2099656,236986.0,1427.6265060240964,1437.867469879518,1510.769592257311,1437.775247176687,0.0507689537874302,-0.0252229140872177,False,False,,
438,1.2127344,237890.0,1433.0722891566263,1437.867469879518,1510.919145381251,1437.775247176687,0.0508729708264171,0.037558344905193,False,False,,
439,1.2155032,238686.0,1437.867469879518,1437.867469879518,1511.0686251970185,1437.775247176687,0.0509769368781772,0.0375399344998488,False,False,,
440,1.218272,239418.0,1442.2771084337348,1437.867469879518,1511.2180317405473,1437.775247176687,0.0510808519677035,0.0299553068024494,False,False,,
441,1.2210408,238676.0,1437.8072289156626,1437.8072289156626,1511.307124083899,1437.775247176687,0.0511428173851264,-0.0858263482003565,False,False,,
442,1.2238096,239866.0,1444.9759036144578,1436.8855421686746,1510.5346974436957,1437.775247176687,0.0506055799819091,0.0374847574127059,False,False,,
443,1.2265784,237212.0,1428.987951807229,1437.8072289156626,1511.605571132927,1437.775247176687,0.0513503929777749,0.0374663830785824,False,False,,
444,1.2293472,238523.0,1436.8855421686746,1436.8855421686746,1510.8329981995057,1437.775247176687,0.050813053824845,-0.0783152448907085,False,False,,
445,1.232116,236981.0,1427.5963855421687,1436.8855421686746,1510.9820389202407,1437.775247176687,0.0509167144776681,0.0374296614261506,False,False,,
446,1.2348848,239187.0,1440.8855421686746,1436.8855421686746,1511.131006583974,1437.775247176687,0.0510203243179584,-0.5504844706902361,False,False,,
447,1.2376536,240417.0,1448.2951807228917,1432.2048192771083,1506.59917833495,1437.775247176687,0.0478683516727741,-0.9545392943229878,False,False,,
448,1.2404224,236855.0,1426.8373493975903,1428.987951807229,1503.5311325222156,1437.775247176687,0.0457344675217156,-0.5414416667884918,False,False,,
449,1.2431912,236598.0,1425.289156626506,1427.5963855421687,1502.288314964679,1437.775247176687,0.0448700642987662,-0.2327579534365575,False,False,,
450,1.24596,238737.0,1438.1746987951808,1426.8373493975903,1501.6779546137616,1437.775247176687,0.0444455470787653,-0.2524484532388324,False,False,,
451,1.2487288,234671.0,1413.6807228915663,1425.289156626506,1500.2783647582166,1437.775247176687,0.0434721057441108,-0.2827316609082251,False,False,,
452,1.2514976,237746.0,1432.2048192771083,1424.289156626506,1499.426894831358,1437.775247176687,0.0428798922333199,-0.0882979380071722,False,False,,
453,1.2542664,235453.0,1418.3915662650602,1424.289156626506,1499.5753520978071,1437.775247176687,0.0429831470826023,-0.2910910877533581,False,False,,
454,1.2570352,235810.0,1420.5421686746988,1421.6746987951808,1497.1092787619275,1437.775247176687,0.041267946225777,-0.4333544180051421,False,False,,
455,1.259804,235998.0,1421.6746987951808,1420.5421686746988,1496.1250604015584,1437.775247176687,0.0405834036574571,-0.3751127419123632,False,False,,
456,1.2625728,233782.0,1408.3253012048192,1418.3915662650602,1494.1226970523533,1437.775247176687,0.0391907219061632,-0.2676905858085669,False,False,,
457,1.2653416,233078.0,1404.0843373493976,1418.1144578313254,1493.9937550150091,1437.775247176687,0.0391010402694836,0.0024054450487289,False,False,,
458,1.2681104,236432.0,1424.289156626506,1418.1144578313254,1494.141848782975,1437.775247176687,0.039204042298665,0.037191846409077,False,False,,
459,1.2708792,235407.0,1418.1144578313254,1418.1144578313254,1494.2898699581176,1437.775247176687,0.0393069938381585,-0.1186906464646639,False,False,,
460,1.273648,237133.0,1428.512048192771,1416.8734939759036,1493.1968547205986,1437.775247176687,0.0385467809748022,-0.4047122230451689,False,False,,
461,1.2764168,235201.0,1416.8734939759036,1414.5963855421687,1491.0676223830933,1437.775247176687,0.0370658594318236,-0.2488661738122353,False,False,,
462,1.2791856,233932.0,1409.2289156626507,1414.5963855421687,1491.2154259931976,1437.775247176687,0.0371686596506997,-0.0302204372250223,False,False,,
463,1.2819544,233921.0,1409.1626506024097,1414.0602409638554,1490.8270125743957,1437.775247176687,0.0368985107386464,-0.0302386322603567,False,False,,
464,1.2847232,232408.0,1400.0481927710844,1414.0602409638554,1490.9746713188272,1437.775247176687,0.0370012102006948,0.0370825958396663,False,False,,
465,1.287492,237506.0,1430.7590361445782,1414.0602409638554,1491.1222576836758,1437.775247176687,0.0371038593213681,0.0370644186377058,False,False,,
466,1.2902608,234823.0,1414.5963855421687,1414.0602409638554,1491.2697717044207,1437.775247176687,0.0372064581253429,-0.019700447027577,False,False,,
467,1.2930296,233640.0,1407.4698795180725,1413.6084337349398,1490.965406187608,1437.775247176687,0.0369947661259082,-0.2421656601177639,False,False,,
468,1.2957984,234734.0,1414.0602409638554,1411.8373493975903,1489.3416912891637,1437.775247176687,0.0358654415658749,-0.2293212258644779,False,False,,
469,1.2985672,235628.0,1419.44578313253,1411.487951807229,1489.1395908999366,1437.775247176687,0.0357248769055611,0.036991798887441,False,False,,
470,1.301336,234307.0,1411.487951807229,1411.8373493975903,1489.6362134890712,1437.775247176687,0.0360702873513939,0.0808577788278972,False,False,,
471,1.3041048,234269.0,1411.2590361445782,1411.8373493975903,1489.7833663208755,1437.775247176687,0.0361726349415985,0.0369555423857486,False,False,,
472,1.3068736,234659.0,1413.6084337349398,1411.8373493975903,1489.930447021086,1437.775247176687,0.0362749323629092,-0.0069466851724673,False,False,,
473,1.3096424,235764.0,1420.2650602409635,1411.487951807229,1489.7280580346987,1437.775247176687,0.0361341669777874,-0.0357164512181791,False,False,,
474,1.3124112,234365.0,1411.8373493975903,1411.2590361445782,1489.646078915126,1437.775247176687,0.0360771489426434,0.0081495642494502,False,False,,
475,1.31518,233703.0,1407.8493975903614,1411.2590361445782,1489.7929434326309,1437.775247176687,0.0361792960047752,-0.2143155777515613,False,False,,
476,1.3179488,233922.0,1409.1686746987953,1409.2590361445782,1487.939735959868,1437.775247176687,0.0348903549992863,-0.2256829966566718,False,False,,
477,1.3207176,236043.0,1421.94578313253,1409.1686746987953,1487.9960950863428,1437.775247176687,0.0349295538424891,0.0254976464817033,False,False,,
478,1.3234864,233470.0,1406.44578313253,1409.1686746987953,1488.1427437388925,1437.775247176687,0.0350315507664434,-0.1288714320845629,False,False,,
479,1.3262552,233937.0,1409.2590361445782,1407.8493975903614,1486.9700433985536,1437.775247176687,0.0342159154001775,-0.3051825581150647,False,False,,
480,1.329024,232409.0,1400.05421686747,1406.44578313253,1485.712933859599,1437.775247176687,0.0333415718326254,-0.5980135605698589,False,False,,
481,1.3317928,229524.0,1382.6746987951808,1402.7951807228917,1482.208764554838,1437.775247176687,0.0309043555071657,-0.7660018199581744,False,False,,
482,1.3345616,230777.0,1390.2228915662652,1400.05421686747,1479.6141620254973,1437.775247176687,0.0290997601544249,-0.3861952851940931,False,False,,
483,1.3373304,232864.0,1402.7951807228917,1399.4277108433737,1479.1339455838688,1437.775247176687,0.028765760495875,-0.1138291552875525,False,False,,
484,1.3400992,231863.0,1396.7650602409635,1398.855421686747,1478.7078743012655,1437.775247176687,0.0284694198241046,-0.1494084276292451,False,False,,
485,1.342868,234144.0,1410.5060240963855,1397.94578313253,1477.9443819477767,1437.775247176687,0.0279383963870353,-0.2258453132523721,False,False,,
486,1.3456368,231396.0,1393.9518072289156,1396.7650602409635,1476.9097336187765,1437.775247176687,0.0272187788174382,-0.1736563426723982,False,False,,
487,1.3484056,230974.0,1391.4096385542168,1396.2710843373493,1476.561760674682,1437.775247176687,0.0269767570238526,-0.0253762890545123,False,False,,
488,1.3511744,231077.0,1392.0301204819275,1396.2710843373493,1476.7076920662537,1437.775247176687,0.02707825507917,0.0366487933702277,False,False,,
489,1.3539432,232305.0,1399.4277108433737,1396.2710843373493,1476.853551924959,1437.775247176687,0.0271797033820196,0.0858112998672462,False,False,,
490,1.356712,231781.0,1396.2710843373493,1396.6626506024097,1477.3909065509224,1437.775247176687,0.0275534437333148,0.0366128730560744,False,False,,
491,1.3594808,232210.0,1398.855421686747,1396.2710843373493,1477.1450571840094,1437.775247176687,0.027382450827855,-0.3038852581374014,False,False,,
492,1.3622496,232059.0,1397.94578313253,1393.9518072289156,1474.9714255459971,1437.775247176687,0.0258706487278532,-0.3780522141940245,False,False,,
493,1.3650184,230542.0,1388.8072289156626,1392.9698795180725,1474.135071912862,1437.775247176687,0.0252889488865342,-0.1306545430079637,False,False,,
494,1.3677872,231233.0,1392.9698795180725,1392.620481927711,1473.931177042491,1437.775247176687,0.0251471361304923,-0.00734297462333,False,False,,
495,1.370556,231846.0,1396.6626506024097,1392.620481927711,1474.0766084397417,1437.775247176687,0.0252482864302601,0.0804073388582748,False,False,,
496,1.3733248,230745.0,1390.0301204819275,1392.9698795180725,1474.5713661395753,1437.775247176687,0.0255923998101539,0.0365053232134418,False,False,,
497,1.3760936,232259.0,1399.1506024096386,1392.620481927711,1474.3672574058512,1437.775247176687,0.0254504383080868,-0.0073966836556733,False,False,,
498,1.3788624,230537.0,1388.7771084337348,1392.620481927711,1474.512475044581,1437.775247176687,0.0255514399347422,0.0364695435176196,False,False,,
499,1.3816312,231175.0,1392.620481927711,1392.620481927711,1474.6576215003124,1437.775247176687,0.0256523920522699,-0.137571538456112,False,False,,
500,1.3844,229036.0,1379.7349397590365,1391.2349397590365,1473.4171546392638,1437.775247176687,0.0247896237833875,-0.1375894063883764,False,False,,
501,1.3871688,229615.0,1383.2228915662652,1391.2349397590365,1473.5621588336596,1437.775247176687,0.0248904769554536,0.0099341476089076,False,False,,
502,1.3899376,230910.0,1391.0240963855422,1391.0240963855422,1473.4962485761898,1437.775247176687,0.0248446351191866,0.0046199387678713,False,False,,
503,1.3927064,231539.0,1394.813253012048,1390.9819277108434,1473.598941973985,1437.775247176687,0.0249160603283745,0.031083889205993,False,False,,
504,1.3954752,230945.0,1391.2349397590365,1390.9819277108434,1473.7437330377727,1437.775247176687,0.0250167652640537,-0.2405614684789467,False,False,,
505,1.398244,231465.0,1394.367469879518,1388.7771084337348,1471.683633850553,1437.775247176687,0.0235839271405256,-0.8685760769280284,False,False,,
506,1.4010128,231283.0,1393.2710843373493,1383.7771084337348,1466.8282830013327,1437.775247176687,0.0202069383804572,-0.6612792913023169,False,False,,
507,1.4037816,228885.0,1378.8253012048192,1383.2228915662652,1466.4186443803071,1437.775247176687,0.0199220269370102,-0.0333003137483891,False,False,,
508,1.4065504,229707.0,1383.7771084337348,1383.2228915662652,1466.5631517571712,1437.775247176687,0.0200225345630441,-0.432814861241789,False,False,,
509,1.4093192,225663.0,1359.4156626506024,1379.487951807229,1462.9726485401584,1437.775247176687,0.0175252713613974,-0.4623409331358781,False,False,,
510,1.412088,230903.0,1390.9819277108434,1379.2530120481929,1462.8820745230264,1437.775247176687,0.0174622754117107,-0.0469728889019398,False,False,,
511,1.4148568,228001.0,1373.5,1378.8253012048192,1462.5986586561432,1437.775247176687,0.017265154291814,-0.1884790928440187,False,False,,
512,1.4176256,228659.0,1377.4638554216867,1377.4638554216867,1461.3814371187748,1437.775247176687,0.0164185535871777,-0.3685730422886588,False,False,,
513,1.4203944,228956.0,1379.2530120481929,1375.6024096385545,1459.664144885351,1437.775247176687,0.0152241442128364,-0.2535841566840524,False,False,,
514,1.4231632,228350.0,1375.6024096385545,1375.1566265060242,1459.3624446411284,1437.775247176687,0.0150143059611241,-0.2278767329108557,False,False,,
515,1.425932,228995.0,1379.487951807229,1373.5,1457.8498303966471,1437.775247176687,0.0139622540166693,-0.2679954693922459,False,False,,
516,1.4287008,228276.0,1375.1566265060242,1372.7349397590365,1457.2287118250815,1437.775247176687,0.0135302542498177,-0.0599419739992446,False,False,,
517,1.4314696,227874.0,1372.7349397590365,1372.7349397590365,1457.372582936939,1437.775247176687,0.013630319341451,-0.1545375225747483,False,False,,
518,1.4342384,227590.0,1371.0240963855422,1371.2168674698796,1455.998311236683,1437.775247176687,0.0126744872648077,-0.1787671577213467,False,False,,
519,1.4370072,227552.0,1370.7951807228917,1371.0240963855422,1455.9492702528603,1437.775247176687,0.0126403783288532,-0.0168676168013481,False,False,,
520,1.439776,227005.0,1367.5,1370.7951807228917,1455.8640142368902,1437.775247176687,0.0125810811500085,0.0073266138363603,False,False,,
521,1.4425448,225737.0,1359.8614457831325,1370.7951807228917,1456.0076034642711,1437.775247176687,0.0126809501856335,-0.2945835010924622,False,False,,
522,1.4453136,226413.0,1363.933734939759,1368.1626506024097,1453.5185921863897,1437.775247176687,0.010949795554359,-0.3354587994344731,False,False,,
523,1.4480824,227115.0,1368.1626506024097,1367.8373493975903,1453.3367394738905,1437.775247176687,0.0108233135378852,-0.004832376973566,False,False,,
524,1.4508512,227061.0,1367.8373493975903,1367.8373493975903,1453.4801176504154,1437.775247176687,0.0109230357836302,-0.0063632811450755,False,False,,
525,1.45362,227622.0,1371.2168674698796,1367.5,1453.2860761480224,1437.775247176687,0.0107880762322163,-0.2432038151025823,False,False,,
526,1.4563888,226116.0,1362.144578313253,1365.6144578313254,1451.5437716276676,1437.775247176687,0.0095762703371182,-0.2008505893307202,False,False,,
527,1.4591576,224893.0,1354.7771084337348,1365.6144578313254,1451.6869390635443,1437.775247176687,0.0096758460087385,-0.0404642243744322,False,False,,
528,1.4619264,229436.0,1382.144578313253,1365.0060240963855,1451.2216025864543,1437.775247176687,0.0093521956482223,-0.0404818486838471,False,False,,
529,1.4646952,226177.0,1362.512048192771,1365.0060240963855,1451.3646297006776,1437.775247176687,0.0094516737234668,0.0359194214421572,False,False,,
530,1.467464,226415.0,1363.94578313253,1365.0060240963855,1451.507586705657,1437.775247176687,0.0095511030364004,-0.0427869392845114,False,False,,
531,1.4702328,227154.0,1368.3975903614455,1364.379518072289,1451.0239676116632,1437.775247176687,0.0092147367684849,-0.04280453768929,False,False,,
532,1.4730016,226692.0,1365.6144578313254,1364.379518072289,1451.1667845012378,1437.775247176687,0.0093140686284922,-0.0186102032549455,False,False,,
533,1.4757704,225772.0,1360.0722891566263,1363.94578313253,1450.875796444858,1437.775247176687,0.0091116809069404,-0.0186277844111244,False,False,,
534,1.4785392,226875.0,1366.7168674698796,1363.94578313253,1451.0184733563576,1437.775247176687,0.0092109154095372,0.0358314725291732,False,False,,
535,1.481308,226591.0,1365.0060240963855,1363.94578313253,1451.1610803302765,1437.775247176687,0.0093101012692179,0.0358139086046802,False,False,,
536,1.4840768,226487.0,1364.379518072289,1363.94578313253,1451.3036174008969,1437.775247176687,0.0094092385098265,0.0357963532896783,False,False,,
537,1.4868456,226257.0,1362.9939759036145,1363.94578313253,1451.4460846024838,1437.775247176687,0.0095083271551948,-0.0837675692201382,False,False,,
538,1.4896144,225192.0,1356.578313253012,1362.9939759036145,1450.6366747403706,1437.775247176687,0.0089453672185131,-0.1571775025984514,False,False,,
539,1.4923832,226645.0,1365.3313253012047,1362.4096385542168,1450.194664957222,1437.775247176687,0.0086379410168057,-0.3312182373888739,False,False,,
540,1.495152,223792.0,1348.144578313253,1360.0722891566263,1447.999573359543,1437.775247176687,0.0071112131071485,-0.3607440409421985,False,False,,
541,1.4979208,223304.0,1345.2048192771083,1359.2530120481929,1447.3224843188807,1437.775247176687,0.0066402848156842,-0.1224254243043303,False,False,,
542,1.5006896,225563.0,1358.813253012048,1358.813253012048,1447.0248436525487,1437.775247176687,0.0064332700775209,-0.0195422501468405,False,False,,
543,1.5034584,227169.0,1368.487951807229,1358.813253012048,1447.1668923585678,1437.775247176687,0.006532067651271,-0.2450332895438594,False,False,,
544,1.5062272,226160.0,1362.4096385542168,1356.578313253012,1445.0739316759048,1437.775247176687,0.0050763737333427,-0.3608140387764518,False,False,,
545,1.508996,222871.0,1342.5963855421687,1355.6566265060242,1444.2941544097748,1437.775247176687,0.0045340238301425,-0.9441875657948438,False,False,,
546,1.5117648,222953.0,1343.0903614457832,1348.7771084337348,1437.5564762569434,1437.775247176687,-0.0001521593310031,-0.9078871489274412,False,False,,
547,1.5145336,223897.0,1348.7771084337348,1348.144578313253,1437.0657165286166,1437.775247176687,-0.0004934920457584,0.0356038118470937,False,False,,
548,1.5173024,225636.0,1359.2530120481929,1348.7771084337348,1437.839947548032,1437.775247176687,4.500033748131013e-05,0.1150317358405029,False,False,,
549,1.5200712,223658.0,1347.3373493975903,1348.7771084337348,1437.9815789878078,1437.775247176687,0.0001435076946318,0.0355689157430043,False,False,,
550,1.52284,225823.0,1360.379518072289,1348.7771084337348,1438.123141002474,1437.775247176687,0.0002419667652997,-0.0476770089620536,False,False,,
551,1.5256088,222193.0,1338.512048192771,1348.1144578313254,1437.601983023652,1437.775247176687,-0.0001205085101964,-0.0772027182738825,False,False,,
552,1.5283776,225039.0,1355.6566265060242,1347.879518072289,1437.5084665311383,1437.775247176687,-0.0001855510074137,0.0060083530717977,False,False,,
553,1.5311464,223418.0,1345.8915662650602,1347.879518072289,1437.649820474594,1437.775247176687,-8.723665422601913e-05,0.0354992261087222,False,False,,
554,1.5339152,222525.0,1340.512048192771,1347.879518072289,1437.7911051289634,1437.775247176687,1.102950708595558e-05,-0.0295877212762716,False,False,,
555,1.536684,224984.0,1355.3253012048192,1347.3614457831325,1437.4142482390544,1437.775247176687,-0.0002510816195654,-0.0296051138100642,False,False,,
556,1.5394528,223787.0,1348.1144578313254,1347.3614457831325,1437.5553944171272,1437.775247176687,-0.0001529117711486,0.035447048503244,False,False,,
557,1.5422216,224080.0,1349.879518072289,1347.3614457831325,1437.6964714079568,1437.775247176687,-5.479004377392992e-05,-0.1022756459433185,False,False,,
558,1.5449904,223662.0,1347.3614457831325,1346.2650602409635,1436.7410937032885,1437.775247176687,-0.0007192733881244,0.0354123060465193,False,False,,
559,1.5477592,223748.0,1347.879518072289,1347.3614457831325,1437.978417963526,1437.775247176687,0.0001413091421891,0.0353949475896634,False,False,,
560,1.550528,223480.0,1346.2650602409635,1346.2650602409635,1437.0229020538757,1437.775247176687,-0.000523270326352,-0.1023277213180272,False,False,,
561,1.5532968,221807.0,1336.186746987952,1346.2650602409635,1437.1637026347082,1437.775247176687,-0.0004253408473816,0.0353602561981757,False,False,,
562,1.5560656,220502.0,1328.3253012048192,1346.2650602409635,1437.3044341977024,1437.775247176687,-0.000327459371629,-0.3702068073072182,False,False,,
563,1.5588344,224002.0,1349.4096385542168,1343.0361445783133,1434.2161811140395,1437.775247176687,-0.0024753980635262,-0.5563532991389059,False,False,,
564,1.5616032,222944.0,1343.0361445783133,1341.55421686747,1432.8748470319915,1437.775247176687,-0.0034083214009407,-0.824971649327933,False,False,,
565,1.564372,221779.0,1336.0180722891566,1336.186746987952,1427.6479018648747,1437.775247176687,-0.0070437610688448,-0.6600452230956166,False,False,,
566,1.5671408,224094.0,1349.9638554216867,1336.0180722891566,1427.6196829958683,1437.775247176687,-0.0070633878283553,0.0140882427184589,False,False,,
567,1.5699096,222698.0,1341.55421686747,1336.0180722891566,1427.7600699768095,1437.775247176687,-0.0069657460159671,0.0208805559000981,False,False,,
568,1.5726784,219998.0,1325.289156626506,1335.9036144578313,1427.7859303113262,1437.775247176687,-0.0069477596620029,-0.2923784956291719,False,False,,
569,1.5754472,219893.0,1324.6566265060242,1333.4096385542168,1425.4322037921868,1437.775247176687,-0.0085848211733631,0.0352218303173503,False,False,,
570,1.578216,221078.0,1331.7951807228917,1335.9036144578313,1428.0663603326243,1437.775247176687,-0.0067527152544372,0.3484463347297775,False,False,,
571,1.5809848,221236.0,1332.7469879518071,1335.9036144578313,1428.2064722554942,1437.775247176687,-0.0066552647501633,-0.2780544608995043,False,False,,
572,1.5837536,220198.0,1326.4939759036145,1333.4096385542168,1425.8525395944791,1437.775247176687,-0.0082924696371145,-0.3613001985478445,False,False,,
573,1.5865224,221760.0,1335.9036144578313,1332.7469879518071,1425.329863588064,1437.775247176687,-0.008656000729642,-0.1509763466627296,False,False,,
574,1.5892912,221790.0,1336.0843373493976,1331.9277108433737,1424.6504924626688,1437.775247176687,-0.009128516254394,-0.0844107863397913,False,False,,
575,1.59206,219368.0,1321.4939759036145,1331.7951807228917,1424.6577997459028,1437.775247176687,-0.0091234339000773,0.0184726687486296,False,False,,
576,1.5948288000000002,221346.0,1333.4096385542168,1331.7951807228917,1424.7975686039122,1437.775247176687,-0.0090262220039316,0.0351011522716742,False,False,,
577,1.5975976,221780.0,1336.0240963855422,1331.7951807228917,1424.937268949815,1437.775247176687,-0.0089290577592577,-0.0292289773532838,False,False,,
578,1.6003664,221937.0,1336.9698795180725,1331.2831325301204,1424.564852624423,1437.775247176687,-0.0091880803889232,-0.0292461748542998,False,False,,
579,1.6031352,221100.0,1331.9277108433737,1331.2831325301204,1424.7044160468463,1437.775247176687,-0.0090910113771308,0.0350495597645552,False,False,,
580,1.605904,220659.0,1329.2710843373493,1331.2831325301204,1424.8439110578634,1437.775247176687,-0.008993989946771,0.0350323791192099,False,False,,
581,1.6086728,219883.0,1324.5963855421687,1331.2831325301204,1424.9833376910085,1437.775247176687,-0.0088970160745203,-0.2176967520743835,False,False,,
582,1.6114416,219701.0,1323.5,1329.2710843373493,1423.110647787028,1437.775247176687,-0.010199507481058,-0.2177139158805685,False,False,,
583,1.6142104000000002,220993.0,1331.2831325301204,1329.2710843373493,1423.2499377649654,1437.775247176687,-0.0101026286551004,-0.5521582744611082,False,False,,
584,1.6169792,218532.0,1316.4578313253012,1324.5963855421687,1418.7144606703537,1437.775247176687,-0.0132571391417135,-0.5680644967091968,False,False,,
585,1.619748,219862.0,1324.4698795180725,1324.4698795180725,1418.727108102926,1437.775247176687,-0.0132483426120771,-0.102758716825086,False,False,,
586,1.6225168,221594.0,1334.9036144578313,1323.5,1417.896313831074,1437.775247176687,-0.0138261758120042,-0.086886771737916,False,False,,
587,1.6252856,218480.0,1316.144578313253,1323.5,1418.0353309002817,1437.775247176687,-0.0137294867992531,-0.3676108898592232,False,False,,
588,1.6280544,222459.0,1340.1144578313254,1320.2951807228917,1414.9694605487866,1437.775247176687,-0.0158618578756888,-0.4289144364102992,False,False,,
589,1.6308232,217541.0,1310.487951807229,1319.8072289156626,1414.6203895569806,1437.775247176687,-0.0161046433823189,-0.2655010529737396,False,False,,
590,1.6335920000000002,219088.0,1319.8072289156626,1317.9036144578313,1412.8555878377674,1437.775247176687,-0.0173320965066363,-0.3858211480200464,False,False,,
591,1.6363608,218772.0,1317.9036144578313,1316.4578313253012,1411.5485494004208,1437.775247176687,-0.0182411665715948,-0.1512852204437536,False,False,,
592,1.6391296,218526.0,1316.421686746988,1316.421686746988,1411.65108150721,1437.775247176687,-0.0181698535433656,0.0302871312936274,False,False,,
593,1.6418984,218159.0,1314.210843373494,1316.421686746988,1411.7896902155685,1437.775247176687,-0.0180734485533432,0.0348097955980151,False,False,,
594,1.6446672,220443.0,1327.9698795180725,1316.421686746988,1411.9282309805044,1437.775247176687,-0.017977090819262,0.034792732480668,False,False,,
595,1.647436,219169.0,1320.2951807228917,1316.421686746988,1412.0667038353222,1437.775247176687,-0.0178807803179582,0.0347756777272985,False,False,,
596,1.6502048,218083.0,1313.7530120481929,1316.421686746988,1412.2051088133098,1437.775247176687,-0.0177845170262793,0.0347586313338519,False,False,,
597,1.6529736000000002,217838.0,1312.2771084337348,1316.421686746988,1412.3434459477396,1437.775247176687,-0.0176883009210839,-0.0121690098657993,False,False,,
598,1.6557424,218181.0,1314.3433734939758,1316.0481927710844,1412.1082212959636,1437.775247176687,-0.0178519041353122,-0.226310244307597,False,False,,
599,1.6585112,218007.0,1313.2951807228917,1314.3433734939758,1410.5416035659198,1437.775247176687,-0.0189415165299616,-0.1960623603799733,False,False,,
600,1.66128,218760.0,1317.8313253012047,1314.210843373494,1410.5472072486627,1437.775247176687,-0.0189376190621522,-0.0394584886238544,False,False,,
601,1.6640488,219467.0,1322.0903614457832,1313.7530120481929,1410.227442015953,1437.775247176687,-0.019160021856565,-0.0803331153880093,False,False,,
602,1.6668176,217038.0,1307.4578313253012,1313.2951807228917,1409.907609105801,1437.775247176687,-0.0193824717219249,-0.1507160164509753,False,False,,
603,1.6695864,219263.0,1320.8614457831325,1312.2771084337348,1409.027467587525,1437.775247176687,-0.0199946268692639,-0.3633439639321669,False,False,,
604,1.6723552000000002,218464.0,1316.0481927710844,1310.1265060240964,1407.0147283376568,1437.775247176687,-0.0213945252565957,-0.4329702257050405,False,False,,
605,1.675124,213943.0,1288.813253012048,1308.55421686747,1405.580234762832,1437.775247176687,-0.0223922427911282,-0.2135666338658763,False,False,,
606,1.6778928,217481.0,1310.1265060240964,1308.1506024096386,1405.314348341959,1437.775247176687,-0.0225771718482913,-0.10311669266473,False,False,,
607,1.6806616,217153.0,1308.1506024096386,1307.4578313253012,1404.759237782846,1437.775247176687,-0.0229632617884284,-0.0985939115791358,False,False,,
608,1.6834304,216746.0,1305.698795180723,1307.0903614457832,1404.5293609499113,1437.775247176687,-0.023123145493052,-0.1334154990282536,False,False,,
609,1.6861992,217220.0,1308.55421686747,1306.120481927711,1403.6970070328582,1437.775247176687,-0.0237020634558473,-0.1402420407996398,False,False,,
610,1.688968,216741.0,1305.6686746987953,1305.698795180723,1403.412778474386,1437.775247176687,-0.0238997498181841,-0.0184427268884279,False,False,,
611,1.6917368000000002,216977.0,1307.0903614457832,1305.698795180723,1403.5501692834423,1437.775247176687,-0.0238041919002647,0.0307208226833761,False,False,,
612,1.6945056,215683.0,1299.2951807228917,1305.6686746987953,1403.6573722641397,1437.775247176687,-0.0237296301904926,0.0307039094928098,False,False,,
613,1.6972744,216816.0,1306.120481927711,1305.6686746987953,1403.794628413346,1437.775247176687,-0.0236341659310573,0.0344701177509989,False,False,,
614,1.7000432,216211.0,1302.4759036144578,1305.6686746987953,1403.9318172821286,1437.775247176687,-0.0235387484664347,-0.1993431720414005,False,False,,
615,1.702812,215267.0,1296.789156626506,1303.8072289156626,1402.207493120335,1437.775247176687,-0.0247380486805536,-0.3665736619663837,False,False,,
616,1.7055808,216113.0,1301.8855421686746,1302.4759036144578,1401.0132222259888,1437.775247176687,-0.0255686867769397,-0.1327941488404054,False,False,,
617,1.7083496,216432.0,1303.8072289156626,1302.4759036144578,1401.1502094513146,1437.775247176687,-0.0254734095591724,0.0344025809748478,False,False,,
618,1.7111184000000002,217016.0,1307.3253012048192,1302.4759036144578,1401.2871295280383,1437.775247176687,-0.0253781790445334,0.0343857174665531,False,False,,
619,1.7138872,214874.0,1294.421686746988,1302.4759036144578,1401.4239824890756,1437.775247176687,-0.0252829952101296,0.2015824638182737,False,False,,
620,1.716656,213632.0,1286.9397590361446,1303.8072289156626,1402.8920936685292,1437.775247176687,-0.0242618959928934,0.2015656168382618,False,False,,
621,1.7194248,217355.0,1309.367469879518,1303.8072289156626,1403.0288124968731,1437.775247176687,-0.0241668054503261,0.1417755902163175,False,False,,
622,1.7221936,214359.0,1291.3192771084337,1304.6626506024097,1404.0208859949255,1437.775247176687,-0.0234767994845115,0.476185962936098,False,False,,
623,1.7249624,215539.0,1298.4277108433737,1307.3253012048192,1406.8201214244525,1437.775247176687,-0.021529878061971,0.6252237991525305,False,False,,
624,1.7277312,217434.0,1309.8433734939758,1309.367469879518,1408.9988079749146,1437.775247176687,-0.0200145601743244,0.3505529698929504,False,False,,
625,1.7305,216574.0,1304.6626506024097,1309.8433734939758,1409.6111625466006,1437.775247176687,-0.0195886559358919,0.4201454462743372,False,False,,
626,1.7332688,218066.0,1313.6506024096386,1312.4397590361446,1412.343932160264,1437.775247176687,-0.0176879627510358,0.512436609842986,False,False,,
627,1.7360376,221076.0,1331.7831325301204,1313.6506024096386,1413.691092752306,1437.775247176687,-0.0167509869652255,1.4226368464551071,False,False,,
628,1.7388064,219907.0,1324.7409638554218,1323.4939759036145,1423.670716644653,1437.775247176687,-0.0098099689501054,1.4271598012163864,True,False,628.0,3.0
629,1.7415752,221485.0,1334.2469879518071,1324.7409638554218,1425.0538882074086,1437.775247176687,-0.0088479468500091,0.5615667378101263,False,False,,
630,1.744344,217865.0,1312.4397590361446,1327.6927710843374,1428.1418122925877,1437.775247176687,-0.006700236982808,0.5804655390201252,False,False,,
631,1.7471128,219700.0,1323.4939759036145,1329.0903614457832,1429.6754527883334,1437.775247176687,-0.0056335608811311,0.3769172947438186,False,False,,
632,1.7498816,220397.0,1327.6927710843374,1330.421686746988,1431.1427615345813,1437.775247176687,-0.0046130197714346,0.3723608108041477,False,False,,
633,1.7526504,220629.0,1329.0903614457832,1331.7831325301204,1432.6401241061894,1437.775247176687,-0.0035715756552221,0.5145891256135275,False,False,,
634,1.7554192,222247.0,1338.8373493975903,1334.2469879518071,1435.2398296924584,1437.775247176687,-0.0017634310294372,0.7339929570563926,False,False,,
635,1.758188,220850.0,1330.421686746988,1337.355421686747,1438.4840470007446,1437.775247176687,0.0004929837437734,0.4684016898155359,False,False,,
636,1.7609568,222001.0,1337.355421686747,1337.7048192771083,1438.9691616058587,1437.775247176687,0.0008303901680854,0.1490902239253503,False,False,,
637,1.7637256,222153.0,1338.2710843373493,1338.2710843373493,1439.6710771548835,1437.775247176687,0.0013185857677824,0.1763119315227721,False,False,,
638,1.7664944,222876.0,1342.6265060240964,1338.8373493975903,1440.372926210551,1437.775247176687,0.0018067351200859,0.581088340501308,False,False,,
639,1.7692632,222059.0,1337.7048192771083,1342.6265060240964,1444.2976003717188,1437.775247176687,0.0045364205621426,1.5745171650862582,False,False,,
640,1.772032,225657.0,1359.379518072289,1351.1024096385545,1452.9089550926517,1437.775247176687,0.0105257813734673,1.6993432167225977,False,False,,
641,1.7748008,224283.0,1351.1024096385545,1355.8855421686746,1457.827472333622,1437.775247176687,0.0139467035590654,0.9010896659278174,False,False,,
642,1.7775696,225429.0,1358.0060240963855,1358.0060240963855,1460.083272609104,1437.775247176687,0.0155156555075091,0.4274272322828398,False,False,,
643,1.7803384,226832.0,1366.4578313253012,1359.0180722891566,1461.2305728190972,1437.775247176687,0.0163136246005549,0.2064767657772797,False,False,,
644,1.7831072,225077.0,1355.8855421686746,1359.379518072289,1461.727204321417,1437.775247176687,0.0166590412456773,0.2314286627222475,False,False,,
645,1.785876,225858.0,1360.5903614457832,1360.5903614457832,1463.0731671485614,1437.775247176687,0.0175951839632456,0.8367101263013939,False,False,,
646,1.7886448,225597.0,1359.0180722891566,1365.7710843373493,1468.3889432607232,1437.775247176687,0.0212924072410842,0.7708673237677521,False,False,,
647,1.7914136,226718.0,1365.7710843373493,1366.4578313253012,1469.2106772686825,1437.775247176687,0.0218639388553422,0.4992231735798338,False,False,,
648,1.7941824,227333.0,1369.4759036144578,1369.4759036144578,1472.3636704097078,1437.775247176687,0.0240569054870997,0.9925245121357632,False,False,,
649,1.7969512,228099.0,1374.0903614457832,1374.0903614457832,1477.1129829571985,1437.775247176687,0.0273601425937453,2.158463378370959,False,False,,
650,1.79972,230494.0,1388.5180722891566,1386.3915662650602,1489.5489763893552,1437.775247176687,0.0360096122911664,1.8459616305104891,False,False,,
651,1.8024888,230141.0,1386.3915662650602,1388.5180722891566,1491.8102049554484,1437.775247176687,0.0375823397188597,0.417441509109012,False,False,,
652,1.8052576,230940.0,1391.2048192771083,1389.44578313253,1492.872572302323,1437.775247176687,0.0383212363920086,0.1503371354183995,False,False,,
653,1.8080264,233143.0,1404.4759036144578,1389.44578313253,1493.007162799699,1437.775247176687,0.0384148466399525,0.2547344819956327,False,False,,
654,1.8107952,231916.0,1397.0843373493976,1391.2048192771083,1494.9007234678832,1437.775247176687,0.0397318540595075,0.9931816020180736,False,False,,
655,1.813564,232333.0,1399.5963855421687,1397.0843373493976,1500.9147001223469,1437.775247176687,0.0439146890792876,1.087742870630982,False,False,,
656,1.8163328,233075.0,1404.066265060241,1399.5963855421687,1503.561140988185,1437.775247176687,0.0457553389799135,0.7260607004786968,False,False,,
657,1.8191016,232831.0,1402.5963855421687,1402.5963855421687,1506.6954677844517,1437.775247176687,0.0479353228142585,0.5951484410921708,False,False,,
658,1.8218704,230648.0,1389.44578313253,1404.066265060241,1508.2996082542816,1437.775247176687,0.0490510329873054,0.2697841734820958,False,False,,
659,1.8246392,233634.0,1407.433734939759,1404.4759036144578,1508.8434419480232,1437.775247176687,0.049429279653333,0.4566534356023144,False,False,,
660,1.827408,230474.0,1388.3975903614455,1407.433734939759,1511.9354026328765,1437.775247176687,0.0515797970522969,0.4460441989644756,False,False,,
661,1.8301768,234150.0,1410.5421686746988,1407.7590361445782,1512.3947674495182,1437.775247176687,0.0518992940095188,0.4240856309496834,False,False,,
662,1.8329456,235162.0,1416.6385542168675,1410.5421686746988,1515.311897875961,1437.775247176687,0.0539282136422438,1.1489136084635394,False,False,,
663,1.8357144,235261.0,1417.2349397590365,1416.6385542168675,1521.5422156311638,1437.775247176687,0.0582615180077468,0.8742430976622586,False,False,,
664,1.8384832,235415.0,1418.1626506024097,1417.2349397590365,1522.272467735275,1437.775247176687,0.0587694222198587,0.225044392281914,False,False,,
665,1.841252,235846.0,1420.7590361445782,1418.1626506024097,1523.333979521681,1437.775247176687,0.0595077238344471,0.476226626642573,False,False,,
666,1.8440208,233688.0,1407.7590361445782,1420.7590361445782,1526.0641004201366,1437.775247176687,0.0614065747875545,0.7228691332911907,False,False,,
667,1.8467896,236326.0,1423.6506024096386,1423.6506024096386,1529.0893364868882,1437.775247176687,0.0635106839469605,0.4542516358624997,False,False,,
668,1.8495584,237126.0,1428.4698795180725,1424.1084337349398,1529.6807720914182,1437.775247176687,0.0639220386463068,0.6214487823321413,False,False,,
669,1.8523272,237103.0,1428.3313253012047,1428.3313253012047,1534.037202446568,1437.775247176687,0.0669520187240028,0.5813313357966958,False,False,,
670,1.855096,237546.0,1431.0,1428.4698795180725,1534.309229994078,1437.775247176687,0.0671412190514144,0.3618943336230575,False,False,,
671,1.8578648,236402.0,1424.1084337349398,1430.94578313253,1536.918541513023,1437.775247176687,0.0689560447858737,0.3512851858418848,False,False,,
672,1.8606336,239665.0,1443.7650602409635,1431.0,1537.1061008908946,1437.775247176687,0.0690864958965323,0.7991893608926173,False,False,,
673,1.8634024,237537.0,1430.94578313253,1437.0421686746988,1543.281546713965,1437.775247176687,0.0733816357907524,1.22666473293903,False,False,,
674,1.8661712,239825.0,1444.7289156626507,1440.5,1546.8725898576474,1437.775247176687,0.0758792745216554,0.4677558266101016,False,False,,
675,1.86894,238549.0,1437.0421686746988,1440.5,1547.005736378061,1437.775247176687,0.0759718804561887,0.4435275036522714,False,False,,
676,1.8717088,240365.0,1447.9819277108434,1443.7650602409635,1550.4038778734794,1437.775247176687,0.0783353524258801,0.4435111129454352,False,False,,
677,1.8744776,240284.0,1447.4939759036145,1443.7650602409635,1550.5368938939664,1437.775247176687,0.0784278675952352,0.1544648849840992,False,False,,
678,1.8772464,239123.0,1440.5,1444.7289156626507,1551.63370013415,1437.775247176687,0.079190717172968,0.4018641108905125,False,False,,
679,1.8800152,240598.0,1449.3855421686746,1446.698795180723,1553.736465300689,1437.775247176687,0.0806532302957025,0.3806623105889546,False,False,,
680,1.882784,240152.0,1446.698795180723,1447.4939759036145,1554.6644665339618,1437.775247176687,0.0812986727840855,0.1945167846111637,False,False,,
681,1.8855528,241086.0,1452.3253012048192,1447.9819277108434,1555.285173745417,1437.775247176687,0.0817303864421653,0.1876908303522562,False,False,,
682,1.8883216,238991.0,1439.7048192771083,1448.7228915662652,1556.1588279308237,1437.775247176687,0.0823380295262441,0.209616544110645,False,True,628.0,3.0
683,1.8910904,241324.0,1453.7590361445782,1449.3855421686746,1556.954103820875,1437.775247176687,0.0828911590168324,0.3828667922090965,False,False,,
684,1.8938592,238513.0,1436.8253012048192,1451.5060240963855,1559.2071460257666,1437.775247176687,0.0844581926747813,0.4025226540902586,False,False,,
685,1.896628,240950.0,1451.5060240963855,1452.3253012048192,1560.1589184327877,1437.775247176687,0.0851201684661227,0.3162513555438888,False,False,,
686,1.8993968,240488.0,1448.7228915662652,1453.7590361445782,1561.725083724391,1437.775247176687,0.0862094661812412,0.2133343671003391,False,False,,
687,1.9021656,241349.0,1453.9096385542168,1453.7590361445782,1561.8574491613288,1437.775247176687,0.0863015288573776,0.0521574440151635,False,False,,
688,1.9049344,241746.0,1456.301204819277,1453.9096385542168,1562.1403521248185,1437.775247176687,0.0864982932432196,0.1187239410467437,False,False,,
689,1.9077032,241904.0,1457.2530120481929,1454.4397590361446,1562.8027083093148,1437.775247176687,0.086958974553318,0.3335884818683254,False,False,,
690,1.910472,241990.0,1457.7710843373493,1456.301204819277,1564.7963249755228,1437.775247176687,0.0883455728204136,0.3865357875009092,False,False,,
691,1.9132408,241437.0,1454.4397590361446,1457.2530120481929,1565.8802382997935,1437.775247176687,0.089099455130183,0.1701254442468318,False,False,,
692,1.9160096,241927.0,1457.3915662650602,1457.3915662650602,1566.1508338560543,1437.775247176687,0.0892876594804749,0.0982300316128075,False,False,,
693,1.9187784,242478.0,1460.710843373494,1457.7710843373493,1566.6623285435164,1437.775247176687,0.0896434137532421,0.2086806811772028,False,False,,
694,1.9215472,239456.0,1442.5060240963855,1458.789156626506,1567.8123127553529,1437.775247176687,0.0904432496205617,0.2752472260738443,False,False,,
695,1.924316,242610.0,1461.5060240963855,1459.698795180723,1568.8537985714668,1437.775247176687,0.0911676227923487,0.2744743647177294,False,False,,
696,1.9270848,242159.0,1458.789156626506,1460.710843373494,1569.9976293970478,1437.775247176687,0.0919631788626226,0.227547530791135,False,False,,
697,1.9298536,243016.0,1463.9518072289156,1461.2469879518071,1570.6654920107644,1437.775247176687,0.0924276899988576,0.1004187058660619,False,False,,
698,1.9326224,243273.0,1465.5,1461.2469879518071,1570.7971454804251,1437.775247176687,0.0925192574882265,0.0330630767931303,False,False,,
699,1.9353912,242567.0,1461.2469879518071,1461.2469879518071,1570.9287344159925,1437.775247176687,0.0926107800929073,0.0330468698850054,False,False,,
700,1.93816,242310.0,1459.698795180723,1461.2469879518071,1571.0602588490997,1437.775247176687,0.0927022578349017,0.0330306709211605,False,False,,
701,1.9409288,243733.0,1468.2710843373493,1461.2469879518071,1571.191718811364,1437.775247176687,0.0927936907362003,0.0655492530585313,False,False,,
702,1.9436976,245376.0,1478.1686746987953,1461.5060240963855,1571.5821504789674,1437.775247176687,0.0930652433786386,0.159354276295847,False,False,,
703,1.9464664,243384.0,1466.1686746987953,1462.2530120481929,1572.460469546147,1437.775247176687,0.0936761309766161,0.1268033279808413,False,False,,
704,1.9492352,244109.0,1470.5361445783133,1462.2530120481929,1572.5917362854373,1437.775247176687,0.0937674294876653,0.0329659544312583,False,False,,
705,1.952004,240133.0,1446.5843373493976,1462.2530120481929,1572.7229386802026,1437.775247176687,0.0938586832458747,-0.0934061843542366,False,False,,
706,1.9547728,242515.0,1460.933734939759,1461.2469879518071,1571.8480526655974,1437.775247176687,0.0932501834011854,-0.1327667125794747,False,False,,
707,1.9575416,239866.0,1444.9759036144578,1460.933734939759,1571.6658734538692,1437.775247176687,0.0931234742982947,-0.0064268765569934,False,False,,
708,1.9603104,241634.0,1455.6265060240964,1460.933734939759,1571.7968830042391,1437.775247176687,0.0932145939295633,0.0329013647393985,False,False,,
709,1.9630792,244982.0,1475.7951807228917,1460.933734939759,1571.9278283361527,1437.775247176687,0.0933056688956756,0.0321286144678261,False,False,,
710,1.965848,242734.0,1462.2530120481929,1460.9277108433737,1572.0526853847032,1437.775247176687,0.0933925093450404,-0.032200428956532,False,False,,
711,1.9686168,241398.0,1454.2048192771083,1460.4156626506024,1571.671454181354,1437.775247176687,0.0931273558002859,-0.6329749103166158,False,False,,
712,1.9713856,243498.0,1466.855421686747,1455.6265060240964,1567.0130504202034,1437.775247176687,0.0898873474816713,-0.5686780905617681,False,False,,
713,1.9741544,242429.0,1460.4156626506024,1455.6265060240964,1567.1437391929248,1437.775247176687,0.0899782440059911,0.0328208055558647,False,False,,
714,1.9769232,242514.0,1460.9277108433737,1455.6265060240964,1567.2743639044293,1437.775247176687,0.0900690959745175,0.0328047174045842,False,False,,
715,1.979692,241291.0,1453.5602409638554,1455.6265060240964,1567.4049245861183,1437.775247176687,0.0901599034090907,0.0327886371394114,False,False,,
716,1.9824608,243133.0,1464.6566265060242,1455.6265060240964,1567.5354212693785,1437.775247176687,0.0902506663315407,-0.1457903763120498,False,False,,
717,1.9852296,240201.0,1446.9939759036145,1454.2048192771083,1566.244167238592,1437.775247176687,0.0893525746212252,-0.1586690255545697,False,False,,
718,1.9879984,241381.0,1454.1024096385545,1454.1024096385545,1566.2721263805367,1437.775247176687,0.0893720207356297,0.0198778588839516,False,False,,
719,1.9907672,240231.0,1447.1746987951808,1454.1024096385545,1566.4024312566728,1437.775247176687,0.089462650252581,-0.0323451514589869,False,False,,
720,1.993536,240273.0,1447.4277108433737,1453.5843373493976,1566.0145999706144,1437.775247176687,0.0891929062249105,-0.035387682878099,False,False,,
721,1.9963048,241634.0,1455.6265060240964,1453.5602409638554,1566.1206807464418,1437.775247176687,0.0892666874198752,-0.288872297509263,False,False,,
722,1.9990736,237354.0,1429.8433734939758,1451.0240963855422,1563.7146495190636,1437.775247176687,0.0875932469902233,-0.7375655432460331,False,False,,
723,2.0018424,241652.0,1455.7349397590365,1447.4277108433737,1560.248313548674,1437.775247176687,0.0851823444675959,-0.4508215831672828,False,False,,
724,2.0046112000000003,241295.0,1453.5843373493976,1447.1746987951808,1560.1252873243682,1437.775247176687,0.0850967773912761,0.0008661184617437,False,False,,
725,2.00738,239213.0,1441.0421686746988,1447.1746987951808,1560.2552094316104,1437.775247176687,0.0851871406851896,-0.0271449205255134,False,False,,
726,2.0101488,241538.0,1455.0481927710844,1446.698795180723,1559.909164238983,1437.775247176687,0.084946459679374,-0.3525086459061057,False,False,,
727,2.0129176,239722.0,1444.1084337349398,1444.1084337349398,1557.448597560836,1437.775247176687,0.0832350888076199,-0.5280610823808427,False,False,,
728,2.0156864,239209.0,1441.0180722891566,1442.2349397590365,1555.7048347295763,1437.775247176687,0.0820222686295818,-0.3525406099356516,False,False,,
729,2.0184552,240870.0,1451.0240963855422,1441.0421686746988,1554.6417311980774,1437.775247176687,0.0812828599260404,0.032564339307763,False,False,,
730,2.021224,238418.0,1436.2530120481929,1442.2349397590365,1555.964106274619,1437.775247176687,0.0822025969149325,0.0325483768715084,False,False,,
731,2.0239928000000003,238993.0,1439.7168674698796,1441.0421686746988,1554.900875653009,1437.775247176687,0.0814630998178041,-0.1203053493328436,False,False,,
732,2.0267616,239411.0,1442.2349397590365,1441.0180722891566,1555.006256231857,1437.775247176687,0.0815363940124668,0.029489984941998,False,False,,
733,2.0295304,240152.0,1446.698795180723,1441.0180722891566,1555.1356697290364,1437.775247176687,0.0816264035584189,-0.0219762929842417,False,False,,
734,2.0322992,238900.0,1439.1566265060242,1440.5843373493976,1554.831284850356,1437.775247176687,0.0814146980924373,-0.1309458831026706,False,False,,
735,2.035068,239137.0,1440.5843373493976,1439.7168674698796,1554.0931016269114,1437.775247176687,0.0809012776361496,-0.1468508817193612,False,False,,
736,2.0378368,238123.0,1434.4759036144578,1439.1566265060242,1553.6620839452044,1437.775247176687,0.0806014966498282,-0.0379131383090811,False,False,,
737,2.0406056,240418.0,1448.301204819277,1439.1566265060242,1553.791243884492,1437.775247176687,0.0806913298414492,0.1028027634318089,False,False,,
738,2.0433744000000003,237713.0,1432.0060240963855,1439.7168674698796,1554.4805814758238,1437.775247176687,0.0811707772326082,0.0324209587410404,False,False,,
739,2.0461432,238120.0,1434.4578313253012,1439.1566265060242,1554.049373858668,1437.775247176687,0.0808708641425737,-0.439727455560055,False,False,,
740,2.048912,239591.0,1443.3192771084337,1435.9578313253012,1550.9795487748866,1437.775247176687,0.0787357424746987,-0.3693774351806969,False,False,,
741,2.0516808,238220.0,1435.0602409638554,1435.9578313253012,1551.1084556530743,1437.775247176687,0.078825399657517,-0.080363466469258,False,False,,
742,2.0544496,236556.0,1425.0361445783133,1435.0602409638554,1550.3397089820514,1437.775247176687,0.0782907217427786,-0.1537717305340855,False,False,,
743,2.0572184,237393.0,1430.078313253012,1434.4759036144578,1549.8841521662844,1437.775247176687,0.0779738733225115,-0.0433206873302349,False,False,,
744,2.0599872,240325.0,1447.7409638554218,1434.4578313253012,1549.9947972849252,1437.775247176687,0.0780508291046187,-0.2778895563823287,False,False,,
745,2.0627560000000003,239049.0,1440.05421686747,1432.0060240963855,1547.6716443689163,1437.775247176687,0.0764350321150887,-0.5177547760850061,False,False,,
746,2.0655248,235199.0,1416.8614457831325,1430.078313253012,1545.8725247744876,1437.775247176687,0.0751837102565704,-0.5540885001076656,False,False,,
747,2.0682936,238369.0,1435.9578313253012,1427.3373493975903,1543.2600891349605,1437.775247176687,0.0733667116368925,-0.6010149332100063,False,False,,
748,2.0710624,239061.0,1440.1265060240964,1425.0361445783133,1541.0873495294263,1437.775247176687,0.0718555299624265,-0.3800969469499513,False,False,,
749,2.0738312,236334.0,1423.698795180723,1424.05421686747,1540.2338240610563,1437.775247176687,0.0712618867834623,-0.1357236513532065,False,False,,
750,2.0766,236312.0,1423.566265060241,1423.698795180723,1540.0067416763804,1437.775247176687,0.0711039466706931,-0.0290556669641031,False,False,,
751,2.0793688,236393.0,1424.05421686747,1423.566265060241,1540.0024879484197,1437.775247176687,0.0711009881220819,0.0049765525350711,False,False,,
752,2.0821376000000003,236938.0,1427.3373493975903,1423.4819277108434,1540.0463641128304,1437.775247176687,0.0711315048280113,-0.0283306344379354,False,False,,
753,2.0849064,233516.0,1406.7228915662652,1423.0843373493976,1539.776924417302,1437.775247176687,0.0709441044008184,-0.0177537010348967,False,False,,
754,2.0876752,236298.0,1423.4819277108434,1423.0843373493976,1539.9050122661356,1437.775247176687,0.0710331919331605,-0.305286076763803,False,False,,
755,2.090444,236232.0,1423.0843373493976,1420.3975903614455,1537.3462903407249,1437.775247176687,0.0692535522221311,-0.6813432926624223,False,False,,
756,2.0932128,234896.0,1415.0361445783133,1417.4036144578313,1534.480276744136,1437.775247176687,0.0672601853157132,-0.4422663013033077,False,False,,
757,2.0959816,235786.0,1420.3975903614455,1416.620481927711,1533.8250437962874,1437.775247176687,0.0668044583520343,-0.2652323580137832,False,False,,
758,2.0987504,234485.0,1412.5602409638554,1415.0361445783133,1532.3685433351538,1437.775247176687,0.065791434609976,-0.2947563854421773,False,False,,
759,2.1015192000000003,234635.0,1413.4638554216867,1414.0180722891566,1531.4782452709856,1437.775247176687,0.0651722153920096,-0.1653896525070006,False,False,,
760,2.104288,234727.0,1414.0180722891566,1413.4638554216867,1531.0517399959442,1437.775247176687,0.0648755728702532,-0.037536157121135,False,False,,
761,2.1070568,234464.0,1412.433734939759,1413.4638554216867,1531.1793889865146,1437.775247176687,0.0649643551683357,-0.0814359914086946,False,False,,
762,2.1098256,235289.0,1417.4036144578313,1412.5602409638554,1530.4033609480816,1437.775247176687,0.0644246129242284,-0.0973407806189303,False,False,,
763,2.1125944,233014.0,1403.698795180723,1412.433734939759,1530.4043788028823,1437.775247176687,0.0644253208615802,-1.0809659080020797,False,False,,
764,2.1153632,235159.0,1416.620481927711,1403.698795180723,1521.7969004128993,1437.775247176687,0.0584386561120754,-1.4365942434199717,False,False,,
765,2.118132,231601.0,1395.186746987952,1400.7409638554218,1518.9664679774476,1437.775247176687,0.0564700365792174,-1.0371131847596224,False,False,,
766,2.1209008000000003,231480.0,1394.4578313253012,1395.186746987952,1513.5395875512495,1437.775247176687,0.0526955381401502,-0.7571784942079756,False,False,,
767,2.1236696,230753.0,1390.078313253012,1394.4578313253012,1512.9379459119052,1437.775247176687,0.0522770849496909,-0.4636245885991723,False,False,,
768,2.1264384,229695.0,1383.7048192771083,1391.2409638554218,1509.8482900779616,1437.775247176687,0.0501281706183233,-0.5181170858638797,False,False,,
769,2.1292072,232523.0,1400.7409638554218,1390.078313253012,1508.8127887546989,1437.775247176687,0.0494079597750109,-0.4507933317534824,False,False,,
770,2.131976,230946.0,1391.2409638554218,1387.3975903614455,1506.259152816057,1437.775247176687,0.0476318574644054,-0.5786782089314713,False,False,,
771,2.1347448,229946.0,1385.2168674698796,1385.2168674698796,1504.2054545817434,1437.775247176687,0.0462034713252322,-0.3206855362972618,False,False,,
772,2.1375136,229572.0,1382.9638554216867,1384.5903614457832,1503.7059109497643,1437.775247176687,0.0458560292386056,-0.1580273075817739,False,False,,
773,2.1402824000000003,228615.0,1377.198795180723,1383.7048192771083,1502.9472689385927,1437.775247176687,0.0453283793067673,-0.080867428577303,False,False,,
774,2.1430512,229693.0,1383.6927710843374,1383.6927710843374,1503.0620586992168,1437.775247176687,0.0454082177661159,-0.0453217866521367,False,False,,
775,2.14582,227621.0,1371.210843373494,1383.0903614457832,1502.5864248404412,1437.775247176687,0.0450774053810024,-0.0597132307581453,False,False,,
776,2.1485888,229842.0,1384.5903614457832,1382.9638554216867,1502.586632452983,1437.775247176687,0.0450775497794695,-0.1232851382674429,False,False,,
777,2.1513576,230308.0,1387.3975903614455,1381.855421686747,1501.6048502420026,1437.775247176687,0.0443947015993327,-0.4660507892041439,False,False,,
778,2.1541264,228807.0,1378.355421686747,1379.0,1498.876017996983,1437.775247176687,0.0424967469291726,-0.4078064377221198,False,False,,
779,2.1568952,227944.0,1373.1566265060242,1378.355421686747,1498.357967073656,1437.775247176687,0.0421364326698026,-0.1944544391100917,False,False,,
780,2.1596640000000003,227488.0,1370.4096385542168,1377.198795180723,1497.3278059361742,1437.775247176687,0.0414199360271565,-0.5538657650156713,False,False,,
781,2.1624328,229593.0,1383.0903614457832,1373.6927710843374,1493.9481852173485,1437.775247176687,0.0390693456094522,-0.4759492021945997,False,False,,
782,2.1652016,229388.0,1381.855421686747,1373.1566265060242,1493.5383820559991,1437.775247176687,0.0387843197250841,-0.0356103911835585,False,False,,
783,2.1679704,228033.0,1373.6927710843374,1373.1566265060242,1493.6646615427394,1437.775247176687,0.0388721495072341,-0.0515150194278692,False,False,,
784,2.1707392,228914.0,1379.0,1372.4939759036145,1493.1282285272034,1437.775247176687,0.0384990501535004,-0.1695636953205594,False,False,,
785,2.173508,225815.0,1360.3313253012047,1371.55421686747,1492.3146252084084,1437.775247176687,0.037933173588027,-0.0863507435753003,False,False,,
786,2.1762768,225673.0,1359.4759036144578,1371.55421686747,1492.4407190865606,1437.775247176687,0.0380208742758778,0.0127512910507743,False,False,,
787,2.1790456,225012.0,1355.4939759036145,1371.4036144578313,1492.4161487461895,1437.775247176687,0.0380037851373498,0.0127357685437825,False,False,,
788,2.1818144,226572.0,1364.8915662650602,1371.4036144578313,1492.5421190368695,1437.775247176687,0.0380913998677658,0.0316358194367962,False,False,,
789,2.1845832,227653.0,1371.4036144578313,1371.4036144578313,1492.6680275792455,1437.775247176687,0.038178971651063,-0.4329459836870351,False,False,,
790,2.187352,227834.0,1372.4939759036145,1367.7048192771083,1489.0950792228623,1437.775247176687,0.0356939181885004,-0.4329614833786159,False,False,,
791,2.1901208,226333.0,1363.4518072289156,1367.7048192771083,1489.220864359418,1437.775247176687,0.0357814041407052,0.0315893203581927,False,False,,
792,2.1928896,227678.0,1371.55421686747,1367.7048192771083,1489.3465878384286,1437.775247176687,0.0358688472089159,0.031573835858162,False,False,,
793,2.1956584,228246.0,1374.9759036144578,1367.7048192771083,1489.4722496901172,1437.775247176687,0.0359562474141534,0.0315583589483603,False,False,,
794,2.1984272,226335.0,1363.4638554216867,1367.7048192771083,1489.5978499446926,1437.775247176687,0.0360436047774284,0.0315428896250509,False,False,,
795,2.201196,225926.0,1361.0,1367.7048192771083,1489.7233886323484,1437.775247176687,0.0361309193197411,0.0315274278844794,False,False,,
796,2.2039648,228044.0,1373.7590361445782,1367.7048192771083,1489.8488657832634,1437.775247176687,0.0362181910620815,-0.247681777354547,False,False,,
797,2.2067336,227039.0,1367.7048192771083,1365.4819277108434,1487.7513898613367,1437.775247176687,0.0347593567094625,-0.5011658055422412,False,False,,
798,2.2095024,228770.0,1378.132530120482,1363.4638554216867,1485.8586717400915,1437.775247176687,0.0334429352973108,-0.2219874934792418,False,False,,
799,2.2122712,227229.0,1368.8493975903614,1363.4638554216867,1485.983964461711,1437.775247176687,0.0335300787655721,0.020872939832695,False,False,,
800,2.21504,226670.0,1365.4819277108434,1363.379518072289,1486.0248584177598,1437.775247176687,0.0335585212889283,-0.2719554424968216,False,False,,
801,2.2178088,226321.0,1363.379518072289,1361.0481927710844,1483.818703035934,1437.775247176687,0.0320240983072016,-0.267431123028806,False,False,,
802,2.2205776,225934.0,1361.0481927710844,1361.0,1483.8956188282514,1437.775247176687,0.0320775947020438,0.0253664266531963,False,False,,
803,2.2233464,225098.0,1356.012048192771,1361.0,1484.0206660657514,1437.775247176687,0.0321645674314364,0.031404006494399,False,False,,
804,2.2261152,225197.0,1356.6084337349398,1361.0,1484.1456520074107,1437.775247176687,0.0322514975284072,0.0313886128317912,False,False,,
805,2.228884,224839.0,1354.4518072289156,1361.0,1484.270576683275,1437.775247176687,0.0323383850138537,0.031373226714856,False,False,,
806,2.2316528,224848.0,1354.5060240963855,1361.0,1484.395440123376,1437.775247176687,0.0324252299086634,-0.4657432208517091,False,False,,
807,2.2344216,225269.0,1357.0421686746988,1357.0421686746988,1480.5624110324293,1437.775247176687,0.0297592853540651,-0.5202354213668752,False,False,,
808,2.2371904,225926.0,1361.0,1356.6084337349398,1480.2534171512798,1437.775247176687,0.0295443742393021,-0.0662772058811507,False,False,,
809,2.2399592,223610.0,1347.0481927710844,1356.2650602409635,1480.0347235701554,1437.775247176687,0.0293922686987777,-0.0118157323737451,False,False,,
810,2.242728,224831.0,1354.4036144578313,1356.2650602409635,1480.1593423672225,1437.775247176687,0.0294789434397093,0.0744238991900658,False,False,,
811,2.2454968,226305.0,1363.2831325301204,1356.6084337349398,1480.6272735724376,1437.775247176687,0.0298043984829326,0.0312810682657875,False,False,,
812,2.2482656,226164.0,1362.433734939759,1356.2650602409635,1480.408396733817,1437.775247176687,0.029652165483338,-0.011861755138617,False,False,,
813,2.2510344,226805.0,1366.2951807228917,1356.2650602409635,1480.5328323632166,1437.775247176687,0.029738712827677,0.1288547284632226,False,False,,
814,2.2538032,225136.0,1356.2409638554218,1357.0421686746988,1481.4343154303094,1437.775247176687,0.0303657114276759,0.0312350906088658,False,False,,
815,2.256572,225140.0,1356.2650602409635,1356.2650602409635,1480.7815206637893,1437.775247176687,0.0299116802654327,-0.0663845397366715,False,False,,
816,2.2593408,224832.0,1354.4096385542168,1356.2650602409635,1480.905773394746,1437.775247176687,0.0299981004004301,0.4314578485285585,False,False,,
817,2.2621096,227140.0,1368.313253012048,1359.4518072289156,1484.2167122072665,1437.775247176687,0.0323009212474447,0.4314425526719168,False,False,,
818,2.2648784,225680.0,1359.5180722891566,1359.4518072289156,1484.3408431553012,1437.775247176687,0.0323872566801062,-0.3690794799689287,False,False,,
819,2.2676472,223680.0,1347.4698795180725,1356.2650602409635,1481.2781662686916,1437.775247176687,0.0302571067191692,-0.3721212513603031,False,False,,
820,2.270416,224523.0,1352.5481927710844,1356.2409638554218,1481.3780791676252,1437.775247176687,0.0303265980385738,0.0281168474062978,False,False,,
821,2.2731848,227033.0,1367.6686746987953,1356.2409638554218,1481.5020276650453,1437.775247176687,0.0304128065733663,0.0341545625717216,False,False,,
822,2.2759536,224951.0,1355.1265060240964,1356.2650602409635,1481.6500117907483,1437.775247176687,0.030515732344271,0.4343926763080814,False,False,,
823,2.2787224,225669.0,1359.4518072289156,1359.4518072289156,1484.9605857913848,1437.775247176687,0.0328182994576895,0.4396737838043565,False,False,,
824,2.2814912,227641.0,1371.3313253012047,1359.5180722891566,1485.150617166601,1437.775247176687,0.0329504698894655,0.0394051682138174,False,False,,
825,2.28426,222511.0,1340.4277108433737,1359.5180722891566,1485.27432281362,1437.775247176687,0.0330365095171904,0.0825174222401843,False,False,,
826,2.2870288,224475.0,1352.2590361445782,1359.9277108433737,1485.8076063766378,1437.775247176687,0.0334074183668627,0.0825021937310674,False,False,,
827,2.2897976,222777.0,1342.0301204819275,1359.9277108433737,1485.9311907769445,1437.775247176687,0.0334933736651955,0.0310366337347645,False,False,,
828,2.2925664,225748.0,1359.9277108433737,1359.9277108433737,1486.0547145984658,1437.775247176687,0.0335792868298324,-0.028751767748548,False,False,,
829,2.2953352,226090.0,1361.987951807229,1359.4518072289156,1485.702274256439,1437.775247176687,0.0333341578761111,-0.0287669738744167,False,False,,
830,2.298104,226297.0,1363.2349397590365,1359.4518072289156,1485.8256770094597,1437.775247176687,0.0334199868353053,-0.0582904551807379,False,False,,
831,2.3008728,226168.0,1362.4578313253012,1358.7409638554218,1485.238175899241,1437.775247176687,0.0330113686515022,-0.3564149632714075,False,False,,
832,2.3036416,226235.0,1362.8614457831325,1356.367469879518,1482.9879637265187,1437.775247176687,0.0314463033346935,-0.2671486765126669,False,False,,
833,2.3064104,226550.0,1364.7590361445782,1356.367469879518,1483.1111850992424,1437.775247176687,0.0315320061404454,0.3290547808918962,False,False,,
834,2.3091792,224313.0,1351.2831325301204,1358.7409638554218,1485.6078400470342,1437.775247176687,0.0332684770893607,0.3290396119983461,False,False,,
835,2.311948,225157.0,1356.367469879518,1358.7409638554218,1485.7309406476938,1437.775247176687,0.0333540958958475,-0.2671941831970681,False,False,,
836,2.3147168,225157.0,1356.367469879518,1356.367469879518,1483.4804869308143,1437.775247176687,0.0317888625804885,-0.267209337223238,False,False,,
837,2.3174856,223010.0,1343.433734939759,1356.367469879518,1483.603466877781,1437.775247176687,0.0318743974700399,0.0308848330474411,False,False,,
838,2.3202544,225551.0,1358.7409638554218,1356.367469879518,1483.726386542255,1437.775247176687,0.031959890431972,-0.0364697203425068,False,False,,
839,2.3230232,225068.0,1355.8313253012047,1355.8313253012047,1483.3131013754714,1437.775247176687,0.0316724427466712,-0.2672547547471362,False,False,,
840,2.325792,222871.0,1342.5963855421687,1353.9939759036145,1481.598551166002,1437.775247176687,0.0304799405020845,-0.5404106491065743,False,False,,
841,2.3285608,225860.0,1360.6024096385545,1351.2831325301204,1479.01044678674,1437.775247176687,0.0286798647361787,-0.3081426181126172,False,False,,
842,2.3313296,224763.0,1353.9939759036145,1351.2951807228917,1479.1451738093604,1437.775247176687,0.028773569940024,0.0323224566168178,False,False,,
843,2.3340984,223985.0,1349.3072289156626,1351.2951807228917,1479.2677925043183,1437.775247176687,0.02885885357194,-0.102371473921301,False,False,,
844,2.3368672,226169.0,1362.4638554216867,1350.2349397590365,1478.330110130007,1437.775247176687,0.0282066776660375,-0.1023865686235652,False,False,,
845,2.339636,223660.0,1347.3493975903614,1350.2349397590365,1478.4526086435992,1437.775247176687,0.0282918777095303,0.0307639272431092,False,False,,
846,2.3424048,222790.0,1342.1084337349398,1350.2349397590365,1478.5750471106878,1437.775247176687,0.0283770359895389,0.0307488473354577,False,False,,
847,2.3451736,222806.0,1342.2048192771083,1350.2349397590365,1478.6974255607065,1437.775247176687,0.0284621525265351,0.030733774819752,False,False,,
848,2.3479424,224139.0,1350.2349397590365,1350.2349397590365,1478.8197440230745,1437.775247176687,0.0285472273409808,-0.0858011755812242,False,False,,
849,2.3507112,224315.0,1351.2951807228917,1349.3072289156626,1478.014291683823,1437.775247176687,0.0279870199366365,-0.3317185886091174,False,False,,
850,2.35348,226766.0,1366.0602409638554,1347.3493975903614,1476.1786589337887,1437.775247176687,0.0267103024846989,-0.2152137536973208,False,False,,
851,2.3562488,222451.0,1340.066265060241,1347.3493975903614,1476.3007976095762,1437.775247176687,0.026795252254162,0.0306735586033735,False,False,,
852,2.3590176,221171.0,1332.355421686747,1347.3493975903614,1476.422876415246,1437.775247176687,0.0268801603828209,-0.1668199838669197,False,False,,
853,2.3617864,225004.0,1355.44578313253,1345.7771084337348,1474.9726062235186,1437.775247176687,0.0258714699115005,-0.1668350121073016,False,False,,
854,2.3645552,224937.0,1355.0421686746988,1345.7771084337348,1475.0945653769802,1437.775247176687,0.0259562948197754,0.030628473878572,False,False,,
855,2.367324,222167.0,1338.355421686747,1345.7771084337348,1475.2164647483226,1437.775247176687,0.0260410781484505,-0.661696247588722,False,False,,
856,2.3700928,221782.0,1336.0361445783133,1340.2650602409635,1469.8262561740787,1437.775247176687,0.0222920856791279,-0.686679800584546,False,False,,
857,2.3728616,223399.0,1345.7771084337348,1340.066265060241,1469.749240888358,1437.775247176687,0.0222385200847333,0.0056149085760708,False,False,,
858,2.3756304,225941.0,1361.0903614457832,1340.066265060241,1469.8709610891096,1437.775247176687,0.0223231787968587,-0.053416648136058,False,False,,
859,2.3783992,223707.0,1347.632530120482,1339.3975903614455,1469.323946926077,1437.775247176687,0.021942720054015,-0.0534316322311885,False,False,,
860,2.381168,222484.0,1340.2650602409635,1339.3975903614455,1469.4455478260977,1437.775247176687,0.0220272957902153,0.0146494278667774,False,False,,
861,2.3839368,222319.0,1339.2710843373493,1339.2710843373493,1469.440583095511,1437.775247176687,0.0220238427257701,-0.1003721815523177,False,False,,
862,2.3867056,220042.0,1325.55421686747,1338.355421686747,1468.6464021611275,1437.775247176687,0.0214714747976511,-0.3757977815427247,False,False,,
863,2.3894744,222340.0,1339.3975903614455,1336.0361445783133,1466.448547220824,1437.775247176687,0.019942824930699,-1.035587671075413,False,False,,
864,2.3922432,220394.0,1327.6746987951808,1329.867469879518,1460.4012351712595,1437.775247176687,0.0157368045103036,-0.94329465742106,False,False,,
865,2.395012,224470.0,1352.2289156626507,1328.2831325301204,1458.9382009813692,1437.775247176687,0.0147192364357638,-0.1685280226947707,False,False,,
866,2.3977808,220758.0,1329.867469879518,1328.2831325301204,1459.0594446803134,1437.775247176687,0.0148035637318293,0.0304487966720716,False,False,,
867,2.4005496,219934.0,1324.9036144578313,1328.2831325301204,1459.180628947841,1437.775247176687,0.0148878496922151,0.0304338712356302,False,False,,
868,2.4033184,219978.0,1325.1686746987953,1328.2831325301204,1459.3017538130837,1437.775247176687,0.0149720943371837,0.0304189531153706,False,False,,
869,2.4060872,220362.0,1327.4819277108434,1328.2831325301204,1459.42281930516,1437.775247176687,0.0150562976869868,0.0304040423076963,False,False,,
870,2.408856,220495.0,1328.2831325301204,1328.2831325301204,1459.5438254531734,1437.775247176687,0.0151404597618668,-0.0460297469872186,False,False,,
871,2.4116248,220167.0,1326.3072289156626,1327.6746987951808,1459.0563385512737,1437.775247176687,0.0148014033600703,-0.0702565673931747,False,False,,
872,2.4143936,219550.0,1322.5903614457832,1327.4819277108434,1458.9844550140776,1437.775247176687,0.0147514069942703,0.0061474295116332,False,False,,
873,2.4171624,221455.0,1334.066265060241,1327.4819277108434,1459.1052833043811,1437.775247176687,0.014835445365734,-0.1171969410398543,False,False,,
874,2.4199312,221099.0,1331.921686746988,1326.3072289156626,1458.0513535717132,1437.775247176687,0.014102417213568,0.0303295978327597,False,False,,
875,2.4227,223019.0,1343.487951807229,1327.4819277108434,1459.3467622306478,1437.775247176687,0.0150033985466924,0.2784869540053405,False,False,,
876,2.4254688,221327.0,1333.2951807228917,1328.2831325301204,1460.2686177439382,1437.775247176687,0.0156445665700679,0.1309306811144592,False,False,,
877,2.4282376,219331.0,1321.2710843373493,1328.2831325301204,1460.389209297215,1437.775247176687,0.0157284402864319,0.0219621697215601,False,False,,
878,2.4310064,219747.0,1323.7771084337348,1328.2168674698796,1460.4434766785043,1437.775247176687,0.015766184281118,0.0219473245660477,False,False,,
879,2.4337752,219869.0,1324.512048192771,1328.2168674698796,1460.5639500372629,1437.775247176687,0.0158499757909488,0.0302553356354491,False,False,,
880,2.436544,220873.0,1330.5602409638554,1328.2168674698796,1460.684364342211,1437.775247176687,0.0159337262277328,-2.4400235812294113e-05,False,False,,
881,2.4393128,219657.0,1323.2349397590365,1327.9759036144578,1460.5637557668745,1437.775247176687,0.015849840672203,-0.3427892757074002,False,False,,
882,2.4420816,221546.0,1334.6144578313254,1325.2469879518071,1457.955136388379,1437.775247176687,0.0140354963345759,-0.4048471475720299,False,False,,
883,2.4448504,221557.0,1334.6807228915663,1324.512048192771,1457.3404339464862,1437.775247176687,0.0136079591078084,-0.1544198653040944,False,False,,
884,2.4476192,217409.0,1309.6927710843374,1323.7771084337348,1456.7256725664863,1437.775247176687,0.0131803808884679,0.0301812552696314,False,False,,
885,2.450388,220484.0,1328.2168674698796,1324.512048192771,1457.580731795343,1437.775247176687,0.0137750908269895,0.2147823830988176,False,False,,
886,2.4531568,219991.0,1325.2469879518071,1325.2469879518071,1458.435732143859,1437.775247176687,0.0143697598131159,0.1224596349972308,False,False,,
887,2.4559256,219487.0,1322.210843373494,1325.2469879518071,1458.5557338818603,1437.775247176687,0.0144532233017501,-0.2225750648259383,False,False,,
888,2.4586944,220444.0,1327.9759036144578,1323.2349397590365,1456.6636286044602,1437.775247176687,0.0131372281341357,-0.3512156847534027,False,False,,
889,2.4614632,218511.0,1316.3313253012047,1322.210843373494,1455.7594163404924,1437.775247176687,0.0125083313258596,-0.2173082442583882,False,False,,
890,2.464232,217933.0,1312.8493975903614,1321.2650602409635,1454.9334585645595,1437.775247176687,0.0119338620007305,-0.4465796597159077,False,False,,
891,2.4670008,218852.0,1318.3855421686746,1318.4156626506024,1452.2038275946238,1437.775247176687,0.0100353518022167,-0.3278046573819417,False,False,,
892,2.4697696,220093.0,1325.8614457831325,1318.4156626506024,1452.3235355076697,1437.775247176687,0.0101186109300122,0.0262799906245745,False,False,,
893,2.4725384,221774.0,1335.987951807229,1318.3855421686746,1452.413064260185,1437.775247176687,0.0101808798782993,0.0262652542476606,False,False,,
894,2.4753072,219330.0,1321.2650602409635,1318.3855421686746,1452.532654844788,1437.775247176687,0.010264057401934,-0.0887561149159801,False,False,,
895,2.478076,218857.0,1318.4156626506024,1317.4397590361446,1451.7064036757706,1437.775247176687,0.0096893840163406,-0.1402211758014384,False,False,,
896,2.4808448,218695.0,1317.4397590361446,1317.0301204819275,1451.4162384927106,1437.775247176687,0.0094875686188159,-0.0214461373500245,False,False,,
897,2.4836136,218609.0,1316.921686746988,1317.0301204819275,1451.5356533002328,1437.775247176687,0.0095706238861511,0.0299894940978018,False,False,,
898,2.4863824,218627.0,1317.0301204819275,1317.0301204819275,1451.655009572827,1437.775247176687,0.0096536384413319,0.0163555864333511,False,False,,
899,2.4891512,215266.0,1296.7831325301204,1316.921686746988,1451.6658736042464,1437.775247176687,0.0096611945815844,-0.4346061951170159,False,False,,
900,2.49192,215182.0,1296.2771084337348,1313.3313253012047,1448.1947514472656,1437.775247176687,0.0072469631752524,-0.4800182389024914,False,False,,
901,2.4946888,221390.0,1333.6746987951808,1312.8614457831325,1447.844052769104,1437.775247176687,0.0070030455818384,-0.0290858291291373,False,False,,
902,2.4974576,217935.0,1312.8614457831325,1312.8614457831325,1447.9631751887732,1437.775247176687,0.0070858974878669,0.0299160646465104,False,False,,
903,2.5002264000000003,218013.0,1313.3313253012047,1312.8614457831325,1448.0822392168377,1437.775247176687,0.007168708781425,0.0299014003454767,False,False,,
904,2.5029952,217774.0,1311.8915662650602,1312.8614457831325,1448.2012448819198,1437.775247176687,0.00725147948242,-0.0919295004624805,False,False,,
905,2.505764,215261.0,1296.7530120481929,1311.8915662650602,1447.3503126945557,1437.775247176687,0.0066596399796638,-0.0919441503907512,False,False,,
906,2.5085328,215891.0,1300.5481927710844,1311.8915662650602,1447.4692017194843,1437.775247176687,0.0067423295552162,0.0298574505572171,False,False,,
907,2.5113016,214963.0,1294.9578313253012,1311.8915662650602,1447.588032467214,1437.775247176687,0.0068249785978695,0.0298428149876861,False,False,,
908,2.5140704,216250.0,1302.710843373494,1311.8915662650602,1447.706804966311,1437.775247176687,0.006907587127492,-0.0148125486748931,False,False,,
909,2.5168392,217989.0,1313.186746987952,1311.5361445783133,1447.4700975585808,1437.775247176687,0.0067429526283274,-1.0377809678855971,False,False,,
910,2.5196080000000003,219115.0,1319.9698795180725,1303.3915662650602,1439.4441753328028,1437.775247176687,0.0011607712397284,-1.0778965814206063,False,False,,
911,2.5223768,219170.0,1320.301204819277,1302.7168674698796,1438.8880744620797,1437.775247176687,0.000773992519052,-0.0557140129607406,False,False,,
912,2.5251456,215737.0,1299.620481927711,1302.710843373494,1439.0005901556449,1437.775247176687,0.0008522493215571,0.0290131220494246,False,False,,
913,2.5279144,218371.0,1315.487951807229,1302.710843373494,1439.1190718395846,1437.775247176687,0.0009346555837129,0.0297551521033654,False,False,,
914,2.5306832,217715.0,1311.5361445783133,1302.710843373494,1439.2374954459967,1437.775247176687,0.0010170214518447,0.0304971893102798,False,False,,
915,2.533452,214595.0,1292.7409638554218,1302.7168674698796,1439.3618850997343,1437.775247176687,0.0011035368192375,0.0304826110350661,False,False,,
916,2.5362208,216363.0,1303.3915662650602,1302.7168674698796,1439.480192636482,1437.775247176687,0.0011858219587125,-0.1072372790537505,False,False,,
917,2.5389896000000003,216251.0,1302.7168674698796,1301.6265060240964,1438.5080807352822,1437.775247176687,0.0005096996627494,-0.3387783683243046,False,False,,
918,2.5417584,214775.0,1293.8253012048192,1299.7831325301204,1436.7828988221518,1437.775247176687,-0.0006901971337199,-0.2222730398984761,False,False,,
919,2.5445272,216070.0,1301.6265060240964,1299.620481927711,1436.738381865263,1437.775247176687,-0.000721159522992,-0.010433252749661,False,False,,
920,2.547296,215216.0,1296.4819277108434,1299.4638554216867,1436.699831097833,1437.775247176687,-0.0007479723141465,-0.0437391911223078,False,False,,
921,2.5500648,215064.0,1295.566265060241,1299.0361445783133,1436.3901381145135,1437.775247176687,-0.0009633696677509,-0.0475368397322506,False,False,,
922,2.5528336,216626.0,1304.9759036144578,1298.8493975903614,1436.321351136445,1437.775247176687,-0.0010112123178477,0.0061688387879246,False,False,,
923,2.5556024,215764.0,1299.7831325301204,1298.8493975903614,1436.4392533245152,1437.775247176687,-0.0009292091060789,-0.267743075073195,False,False,,
924,2.5583712000000003,215711.0,1299.4638554216867,1296.4819277108434,1434.1896278395975,1437.775247176687,-0.0024938663703731,-0.3827642291706027,False,False,,
925,2.56114,215640.0,1299.0361445783133,1295.566265060241,1433.391751818455,1437.775247176687,-0.0030488043015341,-0.0854260419062449,False,False,,
926,2.5639088,215609.0,1298.8493975903614,1295.566265060241,1433.5094807110895,1437.775247176687,-0.002966921620033,-0.0264239764993807,False,False,,
927,2.5666776,214548.0,1292.4578313253012,1295.120481927711,1433.1813687626704,1437.775247176687,-0.0031951297137971,-0.2821769187499109,False,False,,
928,2.5694464,214086.0,1289.6746987951808,1293.0843373493976,1431.262837688232,1437.775247176687,-0.0045295045253023,-0.2814347817681851,False,False,,
929,2.5722152,213639.0,1286.9819277108434,1292.644578313253,1430.9406345040002,1437.775247176687,-0.0047536029613163,-0.0257108108209807,False,False,,
930,2.574984,213851.0,1288.2590361445782,1292.644578313253,1431.0581327322109,1437.775247176687,-0.0046718807113046,0.0060528682559202,False,False,,
931,2.5777528000000003,214579.0,1292.644578313253,1292.4578313253012,1430.9888263770126,1437.775247176687,-0.0047200845980623,-0.1142645945344718,False,False,,
932,2.5805216,212520.0,1280.2409638554218,1291.5,1430.1483781172417,1437.775247176687,-0.0053046323299986,-0.2542542386573785,False,False,,
933,2.5832904,214652.0,1293.0843373493976,1290.198795180723,1428.964498824489,1437.775247176687,-0.0061280428700514,-0.1997918593605601,False,False,,
934,2.5860592,214990.0,1295.120481927711,1289.6746987951808,1428.5576704546702,1437.775247176687,-0.0064109997303937,-0.0363758140234997,False,False,,
935,2.588828,213113.0,1283.813253012048,1289.6746987951808,1428.6748809877831,1437.775247176687,-0.006329477577788,0.0952620878641923,False,False,,
936,2.5915968,212471.0,1279.94578313253,1290.198795180723,1429.316130452005,1437.775247176687,-0.0058834763926369,0.0952476589216984,False,False,,
937,2.5943656,215260.0,1296.7469879518071,1290.198795180723,1429.4332261044142,1437.775247176687,-0.0058020341417432,0.0294070680987528,False,False,,
938,2.5971344000000003,213121.0,1283.8614457831325,1290.198795180723,1429.5502643587024,1437.775247176687,-0.0057206318123332,-0.7559816383507454,False,False,,
939,2.5999032,214389.0,1291.5,1283.94578313253,1423.414233194812,1437.775247176687,-0.0099883580622734,-0.6311533118636139,False,False,,
940,2.602672,214173.0,1290.198795180723,1284.9397590361446,1424.5251326408654,1437.775247176687,-0.0092157063921082,0.0293638448917472,False,False,,
941,2.6054408,212759.0,1281.6807228915663,1283.94578313253,1423.6480229659337,1437.775247176687,-0.0098257528348009,-0.0954932829430421,False,False,,
942,2.6082096,215387.0,1297.512048192771,1283.94578313253,1423.7648319089549,1437.775247176687,-0.0097445099957337,0.0293350647209225,False,False,,
943,2.6109784,214635.0,1292.9819277108434,1283.94578313253,1423.8815835943944,1437.775247176687,-0.0096633069804023,0.0293206852152694,False,False,,
944,2.6137472,213135.0,1283.94578313253,1283.94578313253,1423.9982780503194,1437.775247176687,-0.0095821437692856,0.018713595915162,False,False,,
945,2.6165160000000003,212083.0,1277.6084337349398,1283.8614457831325,1424.0305779553848,1437.775247176687,-0.0095596785716625,-0.2551981621528609,False,False,,
946,2.6192848,211848.0,1276.1927710843374,1281.6807228915663,1421.966435144859,1437.775247176687,-0.010995329112023,-0.2446198036801201,False,False,,
947,2.6220536,213300.0,1284.9397590361446,1281.6807228915663,1422.0829580805014,1437.775247176687,-0.0109142851965213,-0.1424900997399205,False,False,,
948,2.6248224,212532.0,1280.313253012048,1280.313253012048,1420.83195401924,1437.775247176687,-0.0117843822883428,-0.4822280056465471,False,False,,
949,2.6275912,213608.0,1286.7951807228917,1277.6084337349398,1418.2435434710003,1437.775247176687,-0.0135846710005893,-0.3104890055288618,False,False,,
950,2.63036,210147.0,1265.94578313253,1277.6084337349398,1418.3598951384652,1437.775247176687,-0.0135037462053591,0.0103046600510641,False,False,,
951,2.6331288,212058.0,1277.4578313253012,1277.4578313253012,1418.325587362858,1437.775247176687,-0.0135276079150906,0.0102903368372904,False,False,,
952,2.6358976000000003,211522.0,1274.2289156626507,1277.4578313253012,1418.441824991413,1437.775247176687,-0.0134467624360889,-0.129699166210063,False,False,,
953,2.6386664,210712.0,1269.3493975903614,1276.1927710843374,1417.2929454014702,1437.775247176687,-0.0142458300178952,-0.3763724533019892,False,False,,
954,2.6414352,213916.0,1288.6506024096386,1274.2289156626507,1415.4452136812004,1437.775247176687,-0.015530962533494,-0.3370423786175713,False,False,,
955,2.644204,211169.0,1272.1024096385545,1273.2771084337348,1414.6094732320128,1437.775247176687,-0.016112235893728,-0.0903976958513745,False,False,,
956,2.6469728,210955.0,1270.813253012048,1273.2771084337348,1414.725483117954,1437.775247176687,-0.0160315488140407,0.0291343918054867,False,False,,
957,2.6497416,213339.0,1285.1746987951808,1273.2771084337348,1414.841436137997,1437.775247176687,-0.0159509012856659,0.029120110665993,False,False,,
958,2.6525104,210307.0,1266.9096385542168,1273.2771084337348,1414.9573323200166,1437.775247176687,-0.0158702932892167,-0.0064554271605299,False,False,,
959,2.6552792000000003,212751.0,1281.632530120482,1272.9939759036145,1414.7900391617527,1437.775247176687,-0.0159866488591101,-0.1184498437864567,False,False,,
960,2.658048,211364.0,1273.2771084337348,1272.1024096385545,1414.0142554862332,1437.775247176687,-0.0165262211441685,-0.0829028402478333,False,False,,
961,2.6608168,210036.0,1265.2771084337348,1272.1024096385545,1414.1299813212922,1437.775247176687,-0.0164457316272664,-0.1328541870951514,False,False,,
962,2.6635856,210145.0,1265.933734939759,1270.813253012048,1412.956493803183,1437.775247176687,-0.0172619144906266,-0.2826797143331956,False,False,,
963,2.6663544,212652.0,1281.0361445783133,1269.620481927711,1411.8793351283873,1437.775247176687,-0.0180110988133578,-0.2350267277283206,False,False,,
964,2.6691232,212061.0,1277.4759036144578,1268.710843373494,1411.085252312649,1437.775247176687,-0.0185633984980949,-0.0852296788713706,False,False,,
965,2.671892,210757.0,1269.620481927711,1268.710843373494,1411.200751407844,1437.775247176687,-0.018483066683076,0.029006113274534,False,False,,
966,2.6746608000000003,211317.0,1272.9939759036145,1268.710843373494,1411.3161938875205,1437.775247176687,-0.0184027742452258,0.028991895014764,False,False,,
967,2.6774296,209055.0,1259.367469879518,1268.710843373494,1411.4315797794304,1437.775247176687,-0.0183225211652422,0.0289776837245705,False,False,,
968,2.6801984,210437.0,1267.6927710843374,1268.710843373494,1411.5469091113123,1437.775247176687,-0.0182423074238326,0.1432134967790896,False,False,,
969,2.6829672,209873.0,1264.2951807228917,1269.620481927711,1412.5718204651082,1437.775247176687,-0.0175294621054783,0.566907973139728,False,False,,
970,2.685736,210606.0,1268.710843373494,1272.9939759036145,1416.060530735998,1437.775247176687,-0.0151029978317745,0.4526437653590029,False,False,,
971,2.6885048,208598.0,1256.6144578313254,1272.9939759036145,1416.1756905540897,1437.775247176687,-0.0150229019904267,0.0289209081906762,False,False,,
972,2.6912736,211945.0,1276.7771084337348,1272.9939759036145,1416.29079392297,1437.775247176687,-0.0149428454105778,0.5040657443708021,False,False,,
973,2.6940424000000003,208647.0,1256.9096385542168,1276.7771084337348,1420.1889734004308,1437.775247176687,-0.0122315875243988,0.6886674969478195,False,False,,
974,2.6968112,212189.0,1278.2469879518071,1278.2469879518071,1421.7738434719597,1437.775247176687,-0.0111292802794794,0.9882758964806336,False,False,,
975,2.69958,213514.0,1286.2289156626507,1284.4156626506024,1428.0574523579703,1437.775247176687,-0.0067589109200473,1.0313892308276746,True,False,975.0,4.0
976,2.7023488,214286.0,1290.879518072289,1286.2289156626507,1429.9855832186238,1437.775247176687,-0.0054178592748478,0.8006051794576728,False,False,,
977,2.7051176,216524.0,1304.3614457831325,1290.5602409638554,1434.431730057439,1437.775247176687,-0.002325479678283,0.6129486250267693,False,False,,
978,2.7078864,214233.0,1290.5602409638554,1290.879518072289,1434.8657724200907,1437.775247176687,-0.0020235949689001,0.1249128927642326,False,False,,
979,2.7106552,213213.0,1284.4156626506024,1291.3253012048192,1435.4262645510362,1437.775247176687,-0.0016337620433117,0.9238922638609416,False,False,,
980,2.7134240000000003,214360.0,1291.3253012048192,1298.0060240963855,1442.2216402127904,1437.775247176687,0.0030925508314564,1.51026068239033,False,False,,
981,2.7161928,216573.0,1304.6566265060242,1303.120481927711,1447.4506946136382,1437.775247176687,0.0067294575114928,0.8270163319389231,False,False,,
982,2.7189616,216318.0,1303.120481927711,1304.3614457831325,1448.8061988654654,1437.775247176687,0.0076722364712007,0.2217041194653568,False,False,,
983,2.7217304,217573.0,1310.6807228915663,1304.6566265060242,1449.2158638391809,1437.775247176687,0.0079571662434442,0.8224483887515268,False,False,,
984,2.7244992,215469.0,1298.0060240963855,1310.6807228915663,1455.3543883574864,1437.775247176687,0.0122266266687504,1.3263449680983586,False,False,,
985,2.727268,218937.0,1318.8975903614455,1314.987951807229,1459.77598931536,1437.775247176687,0.0153019341387852,0.8148539826839696,False,False,,
986,2.7300368,218612.0,1316.9397590361446,1316.9397590361446,1461.842112523429,1437.775247176687,0.0167389620832614,0.5197570768255138,False,False,,
987,2.7328056000000003,218288.0,1314.987951807229,1318.8975903614455,1463.9142037923068,1437.775247176687,0.0181801409274143,1.055431827416455,False,False,,
988,2.7355744,220600.0,1328.9156626506024,1325.1144578313254,1470.245275197654,1437.775247176687,0.022583521370762,1.2869442869834995,False,False,,
989,2.7383432,219969.0,1325.1144578313254,1328.9156626506024,1474.160627971744,1437.775247176687,0.0253067236110136,0.9048357991799234,False,False,,
990,2.741112,221127.0,1332.0903614457832,1332.0903614457832,1477.449418768523,1437.775247176687,0.027594140092301,0.6672422409124037,False,False,,
991,2.7438808,222860.0,1342.5301204819275,1334.0,1479.473093398551,1437.775247176687,0.0290016442442901,1.219562716971608,False,False,,
992,2.7466496,222865.0,1342.5602409638554,1341.5722891566263,1487.159362732616,1437.775247176687,0.0343475905938034,1.1000023030135084,False,False,,
993,2.7494184,221444.0,1334.0,1342.5301204819275,1488.2311183643826,1437.775247176687,0.035093016997458,0.1526967369155212,False,False,,
994,2.7521872000000003,222701.0,1341.5722891566263,1342.5602409638554,1488.3751073091896,1437.775247176687,0.0351931640441468,0.4000983130650688,False,False,,
995,2.754956,223351.0,1345.487951807229,1345.487951807229,1491.4166307992298,1437.775247176687,0.0373086014158867,1.0772615508641294,False,False,,
996,2.7577248,225541.0,1358.6807228915663,1350.9096385542168,1496.952074404032,1437.775247176687,0.0411586076082121,0.8222657133460434,False,False,,
997,2.7604936,225251.0,1356.933734939759,1351.8072289156626,1497.9633658617863,1437.775247176687,0.041861980030112,0.7851772006100743,False,False,,
998,2.7632624,225449.0,1358.1265060240964,1356.933734939759,1503.2035172480194,1437.775247176687,0.0455066048743098,0.8222377126396685,False,False,,
999,2.7660312,224400.0,1351.8072289156626,1358.1265060240964,1504.5098779876405,1437.775247176687,0.0464152035876248,0.2479471451598733,False,False,,
1000,2.7688,227122.0,1368.2048192771083,1358.6807228915663,1505.1776288308477,1437.775247176687,0.0468796369853472,1.1710127725660406,False,False,,
1001,2.7715688000000003,228061.0,1373.8614457831325,1367.2228915662652,1513.8332758290308,1437.775247176687,0.0528998039169869,1.2247190030648163,False,False,,
1002,2.7743376,224251.0,1350.9096385542168,1368.2048192771083,1514.9286262383853,1437.775247176687,0.0536616409367195,0.6027612303543943,False,False,,
1003,2.7771064,227718.0,1371.7951807228917,1371.7951807228917,1518.632354784972,1437.775247176687,0.0562376545061975,0.7389393414012169,False,False,,
1004,2.7798752,228546.0,1376.7831325301204,1373.8614457831325,1520.811931375563,1437.775247176687,0.0577535914336631,0.5913839724249534,False,False,,
1005,2.782644,229040.0,1379.7590361445782,1376.2771084337348,1523.3408500133007,1437.775247176687,0.0595125023918978,0.3954047618640945,False,False,,
1006,2.7854128,226959.0,1367.2228915662652,1376.7831325301204,1523.9600745808334,1437.775247176687,0.0599431848429614,0.4657567244802578,False,False,,
1007,2.7881816,228462.0,1376.2771084337348,1379.7590361445782,1527.0491231776632,1437.775247176687,0.0620916768293798,1.0241302913425692,False,False,,
1008,2.7909504000000003,230825.0,1390.512048192771,1384.710843373494,1532.1140199273752,1437.775247176687,0.0656144087443003,1.0241163628807026,False,False,,
1009,2.7937192,231828.0,1396.55421686747,1387.686746987952,1535.2029576282398,1437.775247176687,0.067762823600468,0.7570146522750836,False,False,,
1010,2.796488,230852.0,1390.6746987951808,1390.512048192771,1538.141237512249,1437.775247176687,0.0698064530827387,0.4036579684858754,False,False,,
1011,2.7992568,229862.0,1384.710843373494,1390.6746987951808,1538.416811413792,1437.775247176687,0.0699981199667555,0.4777930783978092,False,False,,
1012,2.8020256,230356.0,1387.686746987952,1394.0903614457832,1541.9453420106167,1437.775247176687,0.0724522800336739,0.7668090225146109,False,False,,
1013,2.8047944,232260.0,1399.1566265060242,1396.55421686747,1544.5220100527483,1437.775247176687,0.0742444016098321,0.6290898091968984,False,False,,
1014,2.8075632,231419.0,1394.0903614457832,1398.8734939759036,1546.9540444829686,1437.775247176687,0.0759359277610828,0.3551785289936813,False,False,,
1015,2.8103320000000003,232588.0,1401.132530120482,1399.1566265060242,1547.349879063324,1437.775247176687,0.0762112382319877,0.3120371582500816,False,False,,
1016,2.8131008,232213.0,1398.8734939759036,1401.132530120482,1549.438429483558,1437.775247176687,0.0776638647286082,0.3528809064232518,False,False,,
1017,2.8158696,232689.0,1401.7409638554218,1401.7409638554218,1550.1594548068956,1437.775247176687,0.0781653515393968,0.6275210545758281,False,False,,
1018,2.8186384,234153.0,1410.5602409638554,1405.9036144578313,1554.4346418073903,1437.775247176687,0.0811388253204275,0.83103868215116,False,False,,
1019,2.8214072,233890.0,1408.9759036144578,1408.132530120482,1556.7760387048677,1437.775247176687,0.0827673113456771,0.4141257585705737,False,False,,
1020,2.824176,233380.0,1405.9036144578313,1408.9759036144578,1557.7318382974506,1437.775247176687,0.0834320881210877,0.3331532902316052,False,False,,
1021,2.8269448,234425.0,1412.198795180723,1410.5602409638554,1559.4285466362635,1437.775247176687,0.0846121810056638,0.4330136376436027,False,False,,
1022,2.8297136000000003,233750.0,1408.132530120482,1412.198795180723,1561.1794167603673,1437.775247176687,0.085829944440903,0.4889898792042668,False,False,,
1023,2.8324824,235607.0,1419.3192771084337,1414.2289156626507,1563.3217980943532,1437.775247176687,0.0873200113607452,0.3020902627871695,False,False,,
1024,2.8352512,236035.0,1421.8975903614455,1414.379518072289,1563.5846063278582,1437.775247176687,0.087502799480113,0.1832866899956098,False,False,,
1025,2.83802,235137.0,1416.487951807229,1415.4638554216867,1564.7810944999048,1437.775247176687,0.0883349797352649,0.2929831587354812,False,False,,
1026,2.8407888,234762.0,1414.2289156626507,1416.487951807229,1565.9172867338389,1437.775247176687,0.0891252230199265,0.1870421842269198,False,False,,
1027,2.8435576,237227.0,1429.078313253012,1416.7289156626507,1566.270291490343,1437.775247176687,0.0893707445346398,0.2036740828125047,False,False,,
1028,2.8463264,234787.0,1414.379518072289,1417.8855421686746,1567.5389039770737,1437.775247176687,0.0902530886209091,0.3534715713320118,False,False,,
1029,2.8490952000000003,235969.0,1421.5,1419.3192771084337,1569.0845700040848,1437.775247176687,0.091328128708048,0.482083632926404,False,True,975.0,4.0
1030,2.851864,235369.0,1417.8855421686746,1421.5,1571.3771691163563,1437.775247176687,0.0929226749466021,0.3519307612552182,False,False,,
1031,2.8546328,235177.0,1416.7289156626507,1421.8975903614455,1571.8865808588555,1437.775247176687,0.0932769804915747,0.865663755869214,False,False,,
1032,2.8574016,234967.0,1415.4638554216867,1428.1686746987953,1578.2694317644873,1437.775247176687,0.0977163745611037,0.9299629140361816,False,False,,
1033,2.8601704,237283.0,1429.4156626506024,1429.078313253012,1579.2907821010836,1437.775247176687,0.0984267431243418,0.1846758630892608,False,False,,
1034,2.8629392,237669.0,1431.7409638554218,1429.4156626506024,1579.739788522006,1437.775247176687,0.0987390356205467,0.0704120936796606,False,False,,
1035,2.865708,238945.0,1439.4277108433737,1429.4156626506024,1579.8513908131322,1437.775247176687,0.0988166571343023,0.2118867805074984,False,False,,
1036,2.8684768000000003,237076.0,1428.1686746987953,1430.879518072289,1581.426793820568,1437.775247176687,0.0999123798562851,0.3200700782806436,False,False,,
1037,2.8712456,238572.0,1437.1807228915663,1431.7409638554218,1582.3997325108885,1437.775247176687,0.1005890771997892,0.2020232159258412,False,False,,
1038,2.8740144,237526.0,1430.879518072289,1432.2650602409635,1583.035267151859,1437.775247176687,0.101031103616796,0.2595128108440825,False,False,,
1039,2.8767832,238177.0,1434.801204819277,1433.5843373493976,1584.4659278907518,1437.775247176687,0.1020261553411195,0.1936729235318068,False,False,,
1040,2.879552,239420.0,1442.289156626506,1433.5843373493976,1584.577256923017,1437.775247176687,0.1021035867981458,0.065033364517312,False,False,,
1041,2.8823208,237756.0,1432.2650602409635,1433.879518072289,1584.9837121067433,1437.775247176687,0.1023862841004706,0.0650196596039016,False,False,,
1042,2.8850896,236315.0,1423.5843373493976,1433.879518072289,1585.0949320228972,1437.775247176687,0.1024636396651684,0.0279314524577287,False,False,,
1043,2.8878584000000003,238024.0,1433.879518072289,1433.879518072289,1585.2060974211072,1437.775247176687,0.1025409573116005,0.1436810236187433,False,False,,
1044,2.8906272,237975.0,1433.5843373493976,1434.801204819277,1586.2388950750849,1437.775247176687,0.1032592877015594,0.1436673388491556,False,False,,
1045,2.893396,238374.0,1435.987951807229,1434.801204819277,1586.3499515175652,1437.775247176687,0.1033365295672115,0.1338175665761802,False,False,,
1046,2.8961648,238663.0,1437.7289156626507,1435.644578313253,1587.3043270162093,1437.775247176687,0.1040003158582317,0.1338038952193194,False,False,,
1047,2.8989336,237501.0,1430.7289156626507,1435.644578313253,1587.4152746097495,1437.775247176687,0.104077482017378,0.0278630621334201,False,False,,
1048,2.9017024,240364.0,1447.9759036144578,1435.644578313253,1587.5261678188335,1437.775247176687,0.1041546103511018,0.0278494041761945,False,False,,
1049,2.9044712,236073.0,1422.1265060240964,1435.644578313253,1587.6370066701193,1437.775247176687,0.1042317008779441,0.0709632429176778,False,False,,
1050,2.9072400000000003,238317.0,1435.644578313253,1435.987951807229,1588.091164684228,1437.775247176687,0.1045475764050827,0.070949598346921,False,False,,
1051,2.9100088,239001.0,1439.7650602409635,1435.987951807229,1588.20189489984,1437.775247176687,0.10462459137375,0.0278084704606129,False,False,,
1052,2.9127776,238408.0,1436.1927710843374,1435.987951807229,1588.31257083755,1437.775247176687,0.1047015685911054,-0.0153326507406141,False,False,,
1053,2.9155464,240608.0,1449.44578313253,1435.644578313253,1588.0798190299888,1437.775247176687,0.1045396852870088,-0.0652833689448968,False,False,,
1054,2.9183152,236832.0,1426.698795180723,1435.2469879518071,1587.7927961302548,1437.775247176687,0.1043400554072361,-0.0221694967782681,False,False,,
1055,2.921084,238735.0,1438.1626506024097,1435.2469879518071,1587.9033093938435,1437.775247176687,0.1044169194816495,-0.2854877837531617,False,False,,
1056,2.9238528,238251.0,1435.2469879518071,1432.7530120481929,1585.519792582262,1437.775247176687,0.1027591382559246,0.0277403812584644,False,False,,
1057,2.9266216000000003,239144.0,1440.6265060240964,1435.2469879518071,1588.1241734329076,1437.775247176687,0.1045705346169064,0.0277267834370071,False,False,,
1058,2.9293904,236733.0,1426.1024096385545,1432.7530120481929,1585.7405483578627,1437.775247176687,0.1029126780918859,-0.3861593872294584,False,False,,
1059,2.9321592,237178.0,1428.7831325301204,1431.9518072289156,1585.0496402752224,1437.775247176687,0.1024321383941848,-0.2522507659217581,False,False,,
1060,2.934928,236325.0,1423.644578313253,1430.5240963855422,1583.7321721030671,1437.775247176687,0.1015158142505175,-0.3702974742935865,False,False,,
1061,2.9376968,236471.0,1424.5240963855422,1428.7831325301204,1582.101396879947,1437.775247176687,0.1003815791005367,-0.1909914817727802,False,False,,
1062,2.9404656,237837.0,1432.7530120481929,1428.7831325301204,1582.211531499821,1437.775247176687,0.1004581798210528,-0.1546871599806891,False,False,,
1063,2.9432344,237704.0,1431.9518072289156,1427.3313253012047,1580.8698049048276,1437.775247176687,0.0995249834834276,-0.1547007178585637,False,False,,
1064,2.9460032000000003,238943.0,1439.4156626506024,1427.3313253012047,1580.9798315792611,1437.775247176687,0.0996015091258392,-0.0427341196070365,False,False,,
1065,2.948772,237467.0,1430.5240963855422,1426.7710843373493,1580.5295633568,1437.775247176687,0.0992883390226918,-0.0427476641966002,False,False,,
1066,2.9515408,236844.0,1426.7710843373493,1426.7710843373493,1580.6394821915926,1437.775247176687,0.0993647896605842,-0.0995078995202511,False,False,,
1067,2.9543096,234937.0,1415.2831325301204,1425.7590361445782,1579.7372989534365,1437.775247176687,0.0987373040783084,-0.099521430834411,False,False,,
1068,2.9570784,236065.0,1422.078313253012,1425.7590361445782,1579.847110054284,1437.775247176687,0.0988136797851954,0.0275776466007755,False,False,,
1069,2.9598472,236676.0,1425.7590361445782,1425.7590361445782,1579.9568673277631,1437.775247176687,0.0988900180541249,0.0275641285489847,False,False,,
1070,2.962616,236937.0,1427.3313253012047,1425.7590361445782,1580.066570800259,1437.775247176687,0.0989663189034483,-0.1245305318374541,False,False,,
1071,2.9653848000000003,238194.0,1434.9036144578313,1424.5481927710844,1578.9653771246492,1437.775247176687,0.0982004177810218,-0.2834347892857316,False,False,,
1072,2.9681536,234386.0,1411.9638554216867,1423.2831325301204,1577.8099128333174,1437.775247176687,0.0973967704142997,-0.2826916648367508,False,False,,
1073,2.9709224,234304.0,1411.4698795180725,1422.078313253012,1576.7146357839358,1437.775247176687,0.0966349844178219,-0.9772847322541588,False,False,,
1074,2.9736912,234078.0,1410.1084337349398,1415.2831325301204,1570.0289435931988,1437.775247176687,0.0919849584809688,-0.9122286708853196,False,False,,
1075,2.97646,236475.0,1424.5481927710844,1414.5963855421687,1569.4516314681505,1437.775247176687,0.0915834269299268,-0.0587718207310281,False,False,,
1076,2.9792288,236265.0,1423.2831325301204,1414.5963855421687,1569.5610126881097,1437.775247176687,0.0916595036464887,-0.1261247066834627,False,False,,
1077,2.9819976,237230.0,1429.0963855421687,1413.3734939759036,1568.4474487251543,1437.775247176687,0.0908849987541964,-0.2290388497196254,False,False,,
1078,2.9847664000000003,232684.0,1401.710843373494,1412.55421686747,1567.737445629664,1437.775247176687,0.0903911781122813,-0.1496069319286768,False,False,,
1079,2.9875352,234620.0,1413.3734939759036,1411.9638554216867,1567.2563046327257,1437.775247176687,0.0900565354079482,-0.1087627617546438,False,False,,
1080,2.990304,234823.0,1414.5963855421687,1411.4698795180725,1566.8714956401136,1437.775247176687,0.0897888934427888,-0.1821686023652233,False,False,,
1081,2.9930728,234484.0,1412.55421686747,1410.2951807228917,1565.805910244337,1437.775247176687,0.0890477585554905,-0.1201389853204695,False,False,,
1082,2.9958416,233419.0,1406.1385542168675,1410.2951807228917,1565.9149701583724,1437.775247176687,0.0891236117976781,0.0273889956877191,False,False,,
1083,2.9986104,236780.0,1426.3855421686746,1410.2951807228917,1566.0239766132572,1437.775247176687,0.0891994278580108,-0.0573661646352796,False,False,,
1084,3.0013792,233341.0,1405.6686746987953,1409.620481927711,1565.4582308400152,1437.775247176687,0.0888059409243937,-0.4947074647245664,False,False,,
1085,3.0041480000000003,232646.0,1401.4819277108434,1406.1385542168675,1562.085202744356,1437.775247176687,0.0864599358013519,-0.4099791424000631,False,False,,
1086,3.0069168,233053.0,1403.933734939759,1406.1385542168675,1562.194048978965,1437.775247176687,0.0865356404254388,-0.0316812324223221,False,False,,
1087,3.0096856,233997.0,1409.620481927711,1405.6686746987953,1561.8329623410923,1437.775247176687,0.08628449780869,-0.0702823859104295,False,False,,
1088,3.0124544,234109.0,1410.2951807228917,1405.3614457831325,1561.6344729773734,1437.775247176687,0.0861464446852212,-0.1905987770482458,False,False,,
1089,3.0152232,232732.0,1402.0,1403.933734939759,1560.3154483838289,1437.775247176687,0.0852290380209078,-0.1520244089754356,False,False,,
1090,3.017992,234810.0,1414.5180722891566,1403.933734939759,1560.4240813576698,1437.775247176687,0.0853045943180791,-0.0037397527522315,False,False,,
1091,3.0207608,232170.0,1398.6144578313254,1403.686746987952,1560.2856731298311,1437.775247176687,0.085208328766067,-0.0907647284127097,False,False,,
1092,3.0235296000000003,232897.0,1402.9939759036145,1402.9939759036145,1559.7014285456914,1437.775247176687,0.0848019755580208,-0.0597565669811182,False,False,,
1093,3.0262984,233290.0,1405.3614457831325,1402.9939759036145,1559.809901848208,1437.775247176687,0.0848774208007523,-0.0976010584773305,False,False,,
1094,3.0290672,233012.0,1403.686746987952,1402.0,1558.9243460755054,1437.775247176687,0.0842614999365967,-0.1286359397399863,False,False,,
1095,3.031836,231308.0,1393.421686746988,1401.7530120481929,1558.7857251090688,1437.775247176687,0.0841650864208481,-0.3980069434257114,False,False,,
1096,3.0346048,230712.0,1389.8313253012047,1398.6144578313254,1555.7554847580825,1437.775247176687,0.0820574966866828,-0.8519938626907031,False,False,,
1097,3.0373736,233777.0,1408.2951807228917,1394.7530120481929,1552.0022997473784,1437.775247176687,0.0794470852068122,-0.4578068053409403,False,False,,
1098,3.0401424,230586.0,1389.0722891566263,1394.7530120481929,1552.110507452381,1437.775247176687,0.0795223457214267,-0.140038627251517,False,False,,
1099,3.0429112000000003,230807.0,1390.4036144578313,1393.421686746988,1550.887336814765,1437.775247176687,0.0786716073045442,-0.140051947920849,False,False,,
1100,3.04568,232691.0,1401.7530120481929,1393.421686746988,1550.9954384629398,1437.775247176687,0.0787467940546201,-0.0137092825757392,False,False,,
1101,3.0484488,231254.0,1393.0963855421687,1393.0963855421687,1550.7781859168686,1437.775247176687,0.0785956907813527,-0.1468881733589402,False,False,,
1102,3.0512176,229297.0,1381.3072289156626,1392.0361445783133,1549.8259406483091,1437.775247176687,0.0779333861058276,-0.2959561328835907,False,False,,
1103,3.0539864,231078.0,1392.0361445783133,1390.5240963855422,1548.4218352133437,1437.775247176687,0.0769568040998966,-0.1628038442842179,False,False,,
1104,3.0567552,231529.0,1394.7530120481929,1390.5240963855422,1548.5297250596072,1437.775247176687,0.0770318435377195,0.011962695572544,False,False,,
1105,3.059524,231733.0,1395.9819277108434,1390.4036144578313,1548.517080092555,1437.775247176687,0.0770230487228992,0.0119494140324931,False,False,,
1106,3.0622928000000003,230827.0,1390.5240963855422,1390.4036144578313,1548.6248641935315,1437.775247176687,0.0770980146128658,-0.3247609320798794,False,False,,
1107,3.0650616,231527.0,1394.7409638554218,1387.6024096385545,1545.931390641461,1437.775247176687,0.075224652585414,-0.7598322137989921,False,False,,
1108,3.0678304,229652.0,1383.44578313253,1384.1385542168675,1542.575213679107,1437.775247176687,0.0728903677457326,-0.4950275547412666,False,False,,
1109,3.0705992,228756.0,1378.0481927710844,1383.44578313253,1541.9900682721154,1437.775247176687,0.0724833879982786,-0.0599827970623305,False,False,,
1110,3.073368,229496.0,1382.5060240963855,1383.44578313253,1542.0976411933466,1437.775247176687,0.0725582070087202,-0.0910175739799488,False,False,,
1111,3.0761368,228939.0,1379.1506024096386,1382.5060240963855,1541.265402348179,1437.775247176687,0.0719793690806072,-0.1803122870399072,False,False,,
1112,3.0789056,227838.0,1372.5180722891566,1381.7951807228917,1540.6620264612543,1437.775247176687,0.071559709688008,-0.1122294862261714,False,False,,
1113,3.0816744000000003,227281.0,1369.1626506024097,1381.3975903614455,1540.3718509078058,1437.775247176687,0.0713578870776811,-0.0229612452382905,False,False,,
1114,3.0844432,230342.0,1387.6024096385545,1381.3975903614455,1540.4792130630526,1437.775247176687,0.0714325594963763,-0.1440340893632168,False,False,,
1115,3.087212,229767.0,1384.1385542168675,1380.0361445783133,1539.225076808226,1437.775247176687,0.0705602839044232,-0.1440473059430509,False,False,,
1116,3.0899808,228762.0,1378.0843373493976,1380.0361445783133,1539.3323337353877,1437.775247176687,0.0706348831349861,0.1979329134598568,False,False,,
1117,3.0927496,229312.0,1381.3975903614455,1381.3975903614455,1540.800983870322,1437.775247176687,0.0716563572059983,0.0269229950818754,False,False,,
1118,3.0955184,229378.0,1381.7951807228917,1380.0361445783133,1539.5466898894026,1437.775247176687,0.0707839719125512,-0.1440869168240457,False,False,,
1119,3.0982872,229086.0,1380.0361445783133,1380.0361445783133,1539.6537891677858,1437.775247176687,0.0708584614953935,0.0268966072432377,False,False,,
1120,3.1010560000000003,228100.0,1374.0963855421687,1380.0361445783133,1539.7608359480855,1437.775247176687,0.0709329145648213,0.0268834230243335,False,False,,
1121,3.1038248,229665.0,1383.5240963855422,1380.0361445783133,1539.8678302560354,1437.775247176687,0.071007331138733,-0.0071777731560374,False,False,,
1122,3.1065936,227349.0,1369.5722891566263,1379.7650602409635,1539.7036877800067,1437.775247176687,0.0708931669281924,-0.2182886586821517,False,False,,
1123,3.1093624,229576.0,1382.987951807229,1378.0843373493976,1538.1298543288408,1437.775247176687,0.0697985358624147,-0.6851379872484973,False,False,,
1124,3.1121312,229509.0,1382.5843373493976,1374.0963855421687,1534.2487395667872,1437.775247176687,0.0670991468100055,-0.8667405772309387,False,False,,
1125,3.1149,227139.0,1368.3072289156626,1370.9698795180725,1531.2290182183244,1437.775247176687,0.0649988732419409,-0.3658695470182689,False,False,,
1126,3.1176688,229041.0,1379.7650602409635,1370.9698795180725,1531.335750550087,1437.775247176687,0.0650731076064371,-0.0518843003754856,False,False,,
1127,3.1204376000000003,225688.0,1359.566265060241,1370.3433734939758,1530.81592453954,1437.775247176687,0.0647115587401816,-0.1010779104792973,False,False,,
1128,3.1232064,227477.0,1370.3433734939758,1369.9518072289156,1530.5309859954614,1437.775247176687,0.0645133785693669,-0.070069515188079,False,False,,
1129,3.1259752,227581.0,1370.9698795180725,1369.5722891566263,1530.258043377219,1437.775247176687,0.0643235417928761,-0.1533111308380697,False,False,,
1130,3.128744,225365.0,1357.620481927711,1368.5180722891566,1529.3103497224815,1437.775247176687,0.063664402851238,-0.1056570247790329,False,False,,
1131,3.1315128,227174.0,1368.5180722891566,1368.5180722891566,1529.416820719507,1437.775247176687,0.0637384554524596,0.0002570303477718,False,False,,
1132,3.1342816,225658.0,1359.3855421686746,1368.3072289156626,1529.3123961529268,1437.775247176687,0.0636658261824918,-0.7109813502755564,False,False,,
1133,3.1370504,228416.0,1376.0,1362.644578313253,1523.756112192902,1437.775247176687,0.0598013251271735,-1.021209729701555,False,False,,
1134,3.1398192000000003,225010.0,1355.4819277108434,1359.9638554216867,1521.1817038047616,1437.775247176687,0.0580107751832962,0.0266995210993297,False,False,,
1135,3.142588,227412.0,1369.9518072289156,1362.644578313253,1523.9686890863522,1437.775247176687,0.0599491763952126,0.1908735445556058,False,False,,
1136,3.1453568,226199.0,1362.644578313253,1361.2710843373493,1522.7014054126166,1437.775247176687,0.0590677565236268,-0.1458366077227868,False,False,,
1137,3.1481256,224944.0,1355.0843373493976,1361.2710843373493,1522.8075636524609,1437.775247176687,0.0591415915962868,0.0932430690939991,False,False,,
1138,3.1508944,228973.0,1379.355421686747,1361.801204819277,1523.4437903374287,1437.775247176687,0.0595840993430417,0.0266472091346567,False,False,,
1139,3.1536632,224969.0,1355.2349397590365,1361.2710843373493,1523.0197240472448,1437.775247176687,0.0592891531815908,-0.0399486444188692,False,False,,
1140,3.156432,225754.0,1359.9638554216867,1361.2710843373493,1523.1257262531872,1437.775247176687,0.0593628797297077,-0.1375660194671013,False,False,,
1141,3.1592008000000003,224880.0,1354.698795180723,1359.9638554216867,1521.924447583148,1437.775247176687,0.0585273675921897,0.0266080424339527,False,False,,
1142,3.1619696,226293.0,1363.210843373494,1361.2710843373493,1523.3375748095852,1437.775247176687,0.0595102244254897,0.0265949996641499,False,False,,
1143,3.1647384,225971.0,1361.2710843373493,1359.9638554216867,1522.1361922953058,1437.775247176687,0.0586746400623296,-0.5174297088661213,False,False,,
1144,3.1675072,226059.0,1361.801204819277,1356.9397590361446,1519.2178904272002,1437.775247176687,0.0566449056696725,-0.3532556277851402,False,False,,
1145,3.170276,226961.0,1367.2349397590365,1356.9397590361446,1519.323633086123,1437.775247176687,0.0567184516979063,0.0265559097020435,False,False,,
1146,3.1730448,224419.0,1351.921686746988,1356.9397590361446,1519.4293239119518,1437.775247176687,0.0567919616752386,0.0265428924867272,False,False,,
1147,3.1758136,225252.0,1356.9397590361446,1356.9397590361446,1519.5349629300945,1437.775247176687,0.0568654356193409,0.0265298816522374,False,False,,
1148,3.1785824000000003,224881.0,1354.7048192771083,1356.9397590361446,1519.6405501659465,1437.775247176687,0.056938873547876,0.0265168771954069,False,False,,
1149,3.1813512,226639.0,1365.2951807228917,1356.9397590361446,1519.7460856448895,1437.775247176687,0.0570122754784981,-0.2542031172276768,False,False,,
1150,3.18412,224020.0,1349.5180722891566,1354.7048192771083,1517.616629633259,1437.775247176687,0.0555311983659158,-0.6037757647592201,False,False,,
1151,3.1868888,222903.0,1342.789156626506,1351.921686746988,1514.9389291443636,1437.775247176687,0.0536688068035673,-0.6249741837879039,False,False,,
1152,3.1896576000000003,223001.0,1343.379518072289,1349.5180722891566,1512.6406950469227,1437.775247176687,0.0520703413257718,-0.3125020158953102,False,False,,
1153,3.1924264,226706.0,1365.698795180723,1349.2228915662652,1512.45084302892,1437.775247176687,0.0519382956403453,-0.2111275558700818,False,False,,
1154,3.1951952,222948.0,1343.0602409638554,1347.6265060240964,1510.9597345614586,1437.775247176687,0.0509012013723855,-0.529678650049652,False,False,,
1155,3.1979640000000003,225699.0,1359.632530120482,1344.7951807228917,1508.2336347300882,1437.775247176687,0.0490051471478302,-0.3291866125639338,False,False,,
1156,3.2007328,222316.0,1339.2530120481929,1344.7951807228917,1508.3388086203452,1437.775247176687,0.0490782975866512,0.0264130707619312,False,False,,
1157,3.2035016,223971.0,1349.2228915662652,1344.7951807228917,1508.4439309563083,1437.775247176687,0.0491514121684815,-0.1514061948732568,False,False,,
1158,3.2062704,222906.0,1342.8072289156626,1343.379518072289,1507.133339112646,1437.775247176687,0.048239870641921,-0.1514191357250851,False,False,,
1159,3.2090392000000003,223706.0,1347.6265060240964,1343.379518072289,1507.238358415822,1437.775247176687,0.0483129135624902,-0.0137267512738912,False,False,,
1160,3.211808,221734.0,1335.7469879518071,1343.0602409638554,1507.024049132046,1437.775247176687,0.0481638573840668,-0.0371949810231644,False,False,,
1161,3.2145768,223236.0,1344.7951807228917,1342.8734939759036,1506.9422185154672,1437.775247176687,0.0481069426355763,0.0028930966230227,False,False,,
1162,3.2173456,222917.0,1342.8734939759036,1342.8734939759036,1507.0470834587777,1437.775247176687,0.0481798781959264,0.0180126337589392,False,False,,
1163,3.2201144,223514.0,1346.4698795180725,1342.8072289156626,1507.0856319389927,1437.775247176687,0.0482066893962798,0.0179997245928529,False,False,,
1164,3.2228832,223382.0,1345.6746987951808,1342.8072289156626,1507.190394101792,1437.775247176687,0.0482795534708318,-0.1318244593113391,False,False,,
1165,3.225652,220122.0,1326.0361445783133,1341.5481927710844,1506.0360687675402,1437.775247176687,0.0474766982703973,-0.1318373558248371,False,False,,
1166,3.2284208000000003,220856.0,1330.4578313253012,1341.5481927710844,1506.140728250566,1437.775247176687,0.0475494909292162,0.0262838839973689,False,False,,
1167,3.2311896,222325.0,1339.3072289156626,1341.5481927710844,1506.2453364314508,1437.775247176687,0.0476222479064211,0.192727979086154,False,False,,
1168,3.2339584,222697.0,1341.5481927710844,1342.8734939759036,1507.6751945401609,1437.775247176687,0.0486167413862037,0.0262581225660731,False,False,,
1169,3.2367272,223283.0,1345.078313253012,1341.5481927710844,1506.454398987374,1437.775247176687,0.047767654885943,-0.4216753466141849,False,False,,
1170,3.239496,222282.0,1339.0481927710844,1339.3072289156626,1504.3178895572487,1437.775247176687,0.0462816719867932,-0.287766005749118,False,False,,
1171,3.2422648,221446.0,1334.012048192771,1339.0481927710844,1504.1632566363414,1437.775247176687,0.046174121852507,-0.4035421270210957,False,False,,
1172,3.2450336,220881.0,1330.6084337349398,1335.8855421686746,1501.1049580810752,1437.775247176687,0.0440470171042011,-0.3710202061874392,False,False,,
1173,3.2478024000000003,224608.0,1353.0602409638554,1335.8855421686746,1501.209258976777,1437.775247176687,0.0441195603587233,0.026193829399765,False,False,,
1174,3.2505712,223047.0,1343.6566265060242,1335.8855421686746,1501.3135087461103,1437.775247176687,0.0441920680538852,-0.2091286487724488,False,False,,
1175,3.25334,222918.0,1342.879518072289,1334.012048192771,1499.5442134382338,1437.775247176687,0.0429614895532809,-0.4777425164434019,False,False,,
1176,3.2561088,220607.0,1328.9578313253012,1331.8734939759036,1497.509806813135,1437.775247176687,0.0415465210948281,-0.2469854409369949,False,False,,
1177,3.2588776,220225.0,1326.6566265060242,1331.8373493975903,1497.5777587753687,1437.775247176687,0.041593782975548,-0.1327482444164864,False,False,,
1178,3.2616464,221091.0,1331.8734939759036,1330.6084337349398,1496.4528886270682,1437.775247176687,0.0408114144165473,-0.3355359242713041,False,False,,
1179,3.2644152,221757.0,1335.8855421686746,1328.9578313253012,1494.9062807305947,1437.775247176687,0.0397357192413031,-0.247780507292421,False,False,,
1180,3.2671840000000003,220353.0,1327.4277108433737,1328.4277108433737,1494.480103785647,1437.775247176687,0.0394393050793647,-0.1660780650883158,False,False,,
1181,3.2699528,219139.0,1320.1144578313254,1327.4277108433737,1493.5839963714295,1437.775247176687,0.0388160453480701,-0.1963557660925676,False,False,,
1182,3.2727216,220009.0,1325.355421686747,1326.6566265060242,1492.9167536936409,1437.775247176687,0.0383519653890506,-0.2341996871410758,False,False,,
1183,3.2754904,221085.0,1331.8373493975903,1325.355421686747,1491.7193396326643,1437.775247176687,0.0375191411605577,-0.1721694145430685,False,False,,
1184,3.2782592,220519.0,1328.4277108433737,1325.078313253012,1491.5459710809223,1437.775247176687,0.0373985600390768,-0.0087517030383477,False,False,,
1185,3.281028,219963.0,1325.078313253012,1325.078313253012,1491.649660111546,1437.775247176687,0.0374706777298125,0.0207438089279543,False,False,,
1186,3.2837968,219447.0,1321.9698795180725,1325.0361445783133,1491.7111296410271,1437.775247176687,0.0375134309553962,0.0207310445199659,False,False,,
1187,3.2865656000000003,219434.0,1321.8915662650602,1325.0361445783133,1491.814717043678,1437.775247176687,0.0375854779619463,-0.2085383710199986,False,False,,
1188,3.2893344,219956.0,1325.0361445783133,1323.1686746987953,1490.050783790184,1437.775247176687,0.0363586288720361,-0.2085511229172469,False,False,,
1189,3.2921032,218966.0,1319.0722891566263,1323.1686746987953,1490.1542696644706,1437.775247176687,0.03643060526368,-0.1245787564509974,False,False,,
1190,3.294872,219646.0,1323.1686746987953,1321.9698795180725,1489.0589096311744,1437.775247176687,0.0356687615503131,-0.1344275900612643,False,False,,
1191,3.2976408,217566.0,1310.6385542168675,1321.8915662650602,1489.0839808235946,1437.775247176687,0.0356861990409567,-0.0474287205761436,False,False,,
1192,3.3004096,219998.0,1325.289156626506,1321.3855421686746,1488.6812904955004,1437.775247176687,0.0354061202672506,-0.0376053532774038,False,False,,
1193,3.3031784,219298.0,1321.0722891566263,1321.3855421686746,1488.7845736114914,1437.775247176687,0.0354779556366477,-0.0134061497389099,False,False,,
1194,3.3059472000000003,220470.0,1328.132530120482,1321.0722891566263,1488.5745530879628,1437.775247176687,0.0353318823724564,-0.2646175778842883,False,False,,
1195,3.308716,216048.0,1301.4939759036145,1319.0722891566263,1486.6777349738277,1437.775247176687,0.0340126093373559,-0.2411749845096276,False,False,,
1196,3.3114848,216588.0,1304.7469879518071,1318.94578313253,1486.6543602577458,1437.775247176687,0.0339963517782361,-1.0333715818203189,False,False,,
1197,3.3142536,218945.0,1318.94578313253,1310.6385542168675,1478.45021209704,1437.775247176687,0.0282902108658674,-1.017495202306411,False,False,,
1198,3.3170224,219350.0,1321.3855421686746,1310.6385542168675,1478.553242323719,1437.775247176687,0.0283618703459434,-0.0013636975329811,False,False,,
1199,3.3197912,216775.0,1305.8734939759036,1310.421686746988,1478.4393545770083,1437.775247176687,0.0282826592544088,-0.0724989082151035,False,False,,
1200,3.32256,220140.0,1326.144578313253,1309.855421686747,1477.9760187611826,1437.775247176687,0.0279604003918114,-0.1701159047877265,False,False,,
1201,3.3253288000000003,217436.0,1309.855421686747,1308.8614457831325,1477.0849216479733,1437.775247176687,0.0273406254200562,-0.3131302530450588,False,False,,
1202,3.3280976,216915.0,1306.7168674698796,1307.1566265060242,1475.4829307319917,1437.775247176687,0.0262264103025493,-0.188300183488554,False,False,,
1203,3.3308664,216515.0,1304.3072289156626,1307.1566265060242,1475.5857086885594,1437.775247176687,0.0262978943239702,0.0258113628102281,False,False,,
1204,3.3336352,216636.0,1305.0361445783133,1307.1566265060242,1475.6884362652754,1437.775247176687,0.0263693433052472,-0.0173287794458456,False,False,,
1205,3.336404,219090.0,1319.8192771084337,1306.813253012048,1475.4477399928592,1437.775247176687,0.026201934474911,-0.0294473876024579,False,False,,
1206,3.3391728,217530.0,1310.421686746988,1306.7168674698796,1475.4539813417773,1437.775247176687,0.0262062754516598,0.0136674625499715,False,False,,
1207,3.3419416,217271.0,1308.8614457831325,1306.7168674698796,1475.556557927062,1437.775247176687,0.0262776194155277,0.0257607910006472,False,False,,
1208,3.3447104000000003,216988.0,1307.1566265060242,1306.7168674698796,1475.6590842312032,1437.775247176687,0.026348928407905,-0.1853495506915869,False,False,,
1209,3.3474792,216048.0,1301.4939759036145,1305.0361445783133,1474.080837387282,1437.775247176687,0.0252512277436182,-0.1853621719646865,False,False,,
1210,3.350248,216931.0,1306.813253012048,1305.0361445783133,1474.1832632030655,1437.775247176687,0.0253224668444336,0.0257229271783243,False,False,,
1211,3.3530168,216610.0,1304.879518072289,1305.0361445783133,1474.2856388116109,1437.775247176687,0.0253936710251609,0.0272235635389286,False,False,,
1212,3.3557856,216263.0,1302.789156626506,1305.0481927710844,1474.4000124302988,1437.775247176687,0.0254732200498868,0.0060255271307623,False,False,,
1213,3.3585544,216405.0,1303.644578313253,1304.879518072289,1474.333612999391,1437.775247176687,0.0254270379842002,-0.1316923883733061,False,False,,
1214,3.3613232,215512.0,1298.2650602409635,1303.7951807228917,1473.351500784438,1437.775247176687,0.0247439602800307,-0.1294351108481812,False,False,,
1215,3.3640920000000003,217970.0,1313.0722891566263,1303.644578313253,1473.3030734003758,1437.775247176687,0.0247102781143672,-0.0394096018805507,False,False,,
1216,3.3668608,216097.0,1301.789156626506,1303.2771084337348,1473.0377284621277,1437.775247176687,0.024525725668657,-0.0205066141191219,False,False,,
1217,3.3696296,216638.0,1305.0481927710844,1303.2771084337348,1473.1398033436424,1437.775247176687,0.0245967206880212,-0.0356516386162297,False,False,,
1218,3.3723984,216430.0,1303.7951807228917,1302.789156626506,1472.7538763827108,1437.775247176687,0.0243283011546558,-0.161263561171288,False,False,,
1219,3.3751672,217493.0,1310.198795180723,1301.789156626506,1471.8558512183172,1437.775247176687,0.0237037075916792,-0.5426139270632602,False,False,,
1220,3.377936,216344.0,1303.2771084337348,1298.2650602409635,1468.433679682205,1437.775247176687,0.0213235222721501,-0.5290072730793915,False,False,,
1221,3.3807048,212620.0,1280.8433734939758,1297.3734939759036,1467.6439883049004,1437.775247176687,0.0207742769162746,-0.0901786939568536,False,False,,
1222,3.3834736000000003,214751.0,1293.6807228915663,1297.3433734939758,1467.7156927735443,1437.775247176687,0.0208241487364946,-0.3080985529530209,False,False,,
1223,3.3862424,215364.0,1297.3734939759036,1294.7168674698796,1465.190961787314,1437.775247176687,0.0190681503694423,-0.3043279747292957,False,False,,
1224,3.3890112,213970.0,1288.9759036144578,1294.7168674698796,1465.2926869369403,1437.775247176687,0.019138902143634,-0.0221202619152829,False,False,,
1225,3.39178,215359.0,1297.3433734939758,1294.3373493975903,1465.0148441504923,1437.775247176687,0.0189456572070602,-0.0221327845640511,False,False,,
1226,3.3945488,214923.0,1294.7168674698796,1294.3373493975903,1465.116469596991,1437.775247176687,0.0190163396358321,-0.0569499421300898,False,False,,
1227,3.3973176,213204.0,1284.3614457831325,1293.6807228915663,1464.5614187225533,1437.775247176687,0.0186302912075206,-0.0569624525051066,False,False,,
1228,3.4000864,213949.0,1288.8493975903614,1293.6807228915663,1464.6629445636452,1437.775247176687,0.0187009043588398,0.0254969101016317,False,False,,
1229,3.4028552000000003,214509.0,1292.2228915662652,1293.6807228915663,1464.7644206386492,1437.775247176687,0.0187714828968994,-0.1576182648701487,False,False,,
1230,3.405624,214204.0,1290.3855421686746,1292.2228915662652,1463.408015646659,1437.775247176687,0.017828077455295,-0.1576307568570971,False,False,,
1231,3.4083928,216400.0,1303.6144578313254,1292.2228915662652,1463.5093922626586,1437.775247176687,0.0178985868177277,0.0254594341377583,False,False,,
1232,3.4111616,214860.0,1294.3373493975903,1292.2228915662652,1463.6107191857182,1437.775247176687,0.0179690616177763,-0.2053229482577641,False,False,,
1233,3.4139304,215551.0,1298.5,1290.3855421686746,1461.8746470426051,1437.775247176687,0.0167615904594558,-0.3982741929535334,False,False,,
1234,3.4166992,212382.0,1279.4096385542168,1288.8493975903614,1460.4397300745345,1437.775247176687,0.0157635784468769,-0.0267849483266919,False,False,,
1235,3.419468,215428.0,1297.7590361445782,1289.9698795180725,1461.6613899925871,1437.775247176687,0.0166132661296019,0.1661413613428712,False,False,,
1236,3.4222368000000003,213641.0,1286.9939759036145,1289.9698795180725,1461.7625183873513,1437.775247176687,0.0166836028494492,-0.3483744834686764,False,False,,
1237,3.4250056,212529.0,1280.2951807228917,1286.9939759036145,1458.8876935963906,1437.775247176687,0.0146841075899461,-0.3483869326552562,False,False,,
1238,3.4277744,214616.0,1292.867469879518,1286.9939759036145,1458.9887228729197,1437.775247176687,0.0147543753711779,-0.355965602055829,False,False,,
1239,3.4305432,212486.0,1280.0361445783133,1283.9578313253012,1456.0535580484543,1437.775247176687,0.0127129124720017,-0.3741369822001568,False,False,,
1240,3.433312,213137.0,1283.9578313253012,1283.813253012048,1456.0099099906436,1437.775247176687,0.0126825544185461,0.0071883932611269,False,False,,
1241,3.4360808,212713.0,1281.4036144578313,1283.813253012048,1456.1107907719431,1437.775247176687,0.0127527189185245,0.0434938547851122,False,False,,
1242,3.4388496,214135.0,1289.9698795180725,1283.9578313253012,1456.3562004166042,1437.775247176687,0.0129234059888041,0.0253224929209228,False,False,,
1243,3.4416184000000003,212799.0,1281.921686746988,1283.813253012048,1456.3124040091072,1437.775247176687,0.0128929447553234,-0.1260144460256071,False,False,,
1244,3.4443872,212759.0,1281.6807228915663,1282.7530120481929,1455.3528955495835,1437.775247176687,0.0122255883924928,-0.1078679093989145,False,False,,
1245,3.447156,214426.0,1291.7228915662652,1282.7530120481929,1455.4535786767062,1437.775247176687,0.0122956154202361,-0.079128649847683,False,False,,
1246,3.4499248,213113.0,1283.813253012048,1281.921686746988,1454.7228871496193,1437.775247176687,0.0117874055810963,-0.079141044220508,False,False,,
1247,3.4526936,212708.0,1281.3734939759036,1281.921686746988,1454.8234715949245,1437.775247176687,0.0118573639737606,-0.0050044146165464,False,False,,
1248,3.4554624,214604.0,1292.7951807228917,1281.6807228915663,1454.6830428801743,1437.775247176687,0.0117596931347157,0.0252481084243929,False,False,,
1249,3.4582312,214078.0,1289.6265060240964,1281.921686746988,1455.0244925958032,1437.775247176687,0.0119971778989715,0.0252357322690408,False,False,,
1250,3.4610000000000003,209779.0,1263.7289156626507,1281.6807228915663,1454.88396534428,1437.775247176687,0.0118994385257287,-0.0080680336121599,False,False,,
1251,3.4637688,212937.0,1282.7530120481929,1281.6566265060242,1454.9602563304727,1437.775247176687,0.0119525003560408,-0.0133767560588626,False,False,,
1252,3.4665376,212179.0,1278.186746987952,1281.3734939759036,1454.777461964056,1437.775247176687,0.0118253634013771,-0.0103626234968503,False,False,,
1253,3.4693064,212365.0,1279.3072289156626,1281.3734939759036,1454.8777509438492,1437.775247176687,0.0118951162921646,-0.08225412541019,False,False,,
1254,3.4720752,211942.0,1276.7590361445782,1280.5180722891566,1454.1225690770943,1437.775247176687,0.0113698729565058,-0.2343476202233505,False,False,,
1255,3.474844,211714.0,1275.3855421686746,1279.3072289156626,1453.0119163878885,1437.775247176687,0.0105973929104158,-0.2676513558163136,False,False,,
1256,3.4776128,214715.0,1293.4638554216867,1278.186746987952,1451.991576032847,1437.775247176687,0.0098877268085373,-0.2949021043074185,False,False,,
1257,3.4803816000000003,210874.0,1270.3253012048192,1276.7590361445782,1450.6639576745974,1437.775247176687,0.008964343017603,-0.1541826225272142,False,False,,
1258,3.4831504,212755.0,1281.6566265060242,1276.7590361445782,1450.7640010962386,1437.775247176687,0.0090339251180305,-0.1473853405055374,False,False,,
1259,3.4859192,211044.0,1271.3493975903614,1275.3855421686746,1449.490501502543,1437.775247176687,0.0081481819560194,-0.4508033314190927,False,False,,
1260,3.488688,212812.0,1282.0,1272.9698795180725,1447.1747842187538,1437.775247176687,0.006537556589964,-0.4818371689031134,False,False,,
1261,3.4914568,212566.0,1280.5180722891566,1271.3493975903614,1445.6541986664872,1437.775247176687,0.0054799604495015,-0.1784437971655066,False,False,,
1262,3.4942256,209908.0,1264.5060240963855,1271.3493975903614,1445.7540460745777,1437.775247176687,0.0055494062187805,0.0250753932258829,False,False,,
1263,3.4969944,207834.0,1252.012048192771,1271.3493975903614,1445.8538445393174,1437.775247176687,0.0056188179470292,-0.1035627456475407,False,False,,
1264,3.4997632000000003,211313.0,1272.9698795180725,1270.3253012048192,1444.9294976991548,1437.775247176687,0.0049759171584826,-0.1709144453325641,False,False,,
1265,3.502532,209564.0,1262.433734939759,1269.789156626506,1444.4930537708408,1437.775247176687,0.0046723621145555,-0.0423008773990769,False,False,,
1266,3.5053008,210165.0,1266.05421686747,1269.789156626506,1444.592705549427,1437.775247176687,0.0047416718197976,-0.4327304287557755,False,False,,
1267,3.5080696,210785.0,1269.789156626506,1266.144578313253,1441.0477301673034,1437.775247176687,0.0022760740922774,-0.444092035641431,False,False,,
1268,3.5108384,210180.0,1266.144578313253,1266.05421686747,1441.0569228291365,1437.775247176687,0.0022824677632293,0.0136523951067917,False,False,,
1269,3.5136072,211124.0,1271.8313253012047,1266.05421686747,1441.1564281371725,1437.775247176687,0.0023516755954208,0.0249894791940714,False,False,,
1270,3.516376,211116.0,1271.7831325301204,1266.05421686747,1441.2558846695483,1437.775247176687,0.0024208495032144,0.0249772298139938,False,False,,
1271,3.5191448000000003,208607.0,1256.6686746987953,1266.05421686747,1441.3552924501732,1437.775247176687,0.0024899895032388,0.0249649864383494,False,False,,
1272,3.5219136,208579.0,1256.5,1266.05421686747,1441.454651502945,1437.775247176687,0.0025590956121154,0.0249527490641639,False,False,,
1273,3.5246824,211151.0,1271.9939759036145,1266.05421686747,1441.5539618517475,1437.775247176687,0.0026281678464565,-0.1997764039104876,False,False,,
1274,3.5274512,208998.0,1259.0240963855422,1264.2650602409635,1439.86406689395,1437.775247176687,0.0014528137978206,-0.1997886292904982,False,False,,
1275,3.53022,209868.0,1264.2650602409635,1264.2650602409635,1439.963279906426,1437.775247176687,0.0015218183328973,-0.0522594355068265,False,False,,
1276,3.5329888,210766.0,1269.6746987951808,1263.6506024096386,1439.4479864551952,1437.775247176687,0.0011634219477579,-0.0522716489045336,False,False,,
1277,3.5357576,209010.0,1259.0963855421687,1263.6506024096386,1439.547102226746,1437.775247176687,0.0012323588499235,-0.2966729663372194,False,False,,
1278,3.5385264000000003,208379.0,1255.2951807228917,1261.0903614457832,1437.085928449725,1437.775247176687,-0.000479434270631,-0.2966851677642388,False,False,,
1279,3.5412952,212557.0,1280.4638554216867,1261.0903614457832,1437.1849470756586,1437.775247176687,-0.0004105649350879,0.0248672552392911,False,False,,
1280,3.544064,209341.0,1261.0903614457832,1261.0903614457832,1437.2839171644948,1437.775247176687,-0.0003417293580179,-0.2255870253038152,False,False,,
1281,3.5468328,209766.0,1263.6506024096386,1259.0963855421687,1435.3888628364111,1437.775247176687,-0.0016597756464103,-0.2255992087968812,False,False,,
1282,3.5496016,210073.0,1265.5,1259.0963855421687,1435.4877359224172,1437.775247176687,-0.0015910075366517,-0.231664367371039,False,False,,
1283,3.5523704,206783.0,1245.6807228915663,1257.05421686747,1433.5443918679678,1437.775247176687,-0.0029426402471644,-0.3020424436659701,False,False,,
1284,3.5551392,210114.0,1265.7469879518071,1256.4939759036145,1433.0829270823626,1437.775247176687,-0.0032635977726965,-0.1961274408209773,False,False,,
1285,3.5579080000000003,206278.0,1242.6385542168675,1255.2951807228917,1431.982859661636,1437.775247176687,-0.0040287155634547,0.024794207997614,False,False,,
1286,3.5606768,206564.0,1244.3614457831325,1256.4939759036145,1433.2803342078348,1437.775247176687,-0.0031262973664892,0.1753499580334805,False,False,,
1287,3.5634456,208111.0,1253.6807228915663,1256.4939759036145,1433.3789652025127,1437.775247176687,-0.0030576976358486,-0.3285728623472483,False,False,,
1288,3.5662144,206445.0,1243.644578313253,1253.6807228915663,1430.664294838055,1437.775247176687,-0.0049458024490234,-0.3876015693653242,False,False,,
1289,3.5689832,208033.0,1253.210843373494,1253.210843373494,1430.292949644184,1437.775247176687,-0.0052040800863662,-0.0342709361845378,False,False,,
1290,3.571752,208671.0,1257.05421686747,1253.210843373494,1430.391435668684,1437.775247176687,-0.0051355811852388,0.0247334992346376,False,False,,
1291,3.5745208,208578.0,1256.4939759036145,1253.210843373494,1430.489873417158,1437.775247176687,-0.0050671158610045,-0.3452670915438756,False,False,,
1292,3.5772896000000003,206874.0,1246.2289156626507,1250.2650602409635,1427.6424797807397,1437.775247176687,-0.0070475322313723,-0.3452792095043757,False,False,,
1293,3.5800584,209319.0,1260.9578313253012,1250.2650602409635,1427.7408210481422,1437.775247176687,-0.0069791340115562,0.0246971453501598,False,False,,
1294,3.5828272,208727.0,1257.3915662650602,1250.2650602409635,1427.839114110476,1437.775247176687,-0.0069107693192812,0.0246850392666928,False,False,,
1295,3.585596,206664.0,1244.9638554216867,1250.2650602409635,1427.93735899137,1437.775247176687,-0.006842438138113,0.0246729391174369,False,False,,
1296,3.5883648,207544.0,1250.2650602409635,1250.2650602409635,1428.0355557144426,1437.775247176687,-0.0067741404516245,-0.1039650024803691,False,False,,
1297,3.5911336,208097.0,1253.5963855421687,1249.2409638554218,1427.109607917757,1437.775247176687,-0.0074181547358483,-0.1039770907700212,False,False,,
1298,3.5939024,206592.0,1244.5301204819275,1249.2409638554218,1427.2077083959928,1437.775247176687,-0.0073499239894726,-0.0722110226050882,False,False,,
1299,3.5966712000000003,207374.0,1249.2409638554218,1248.4698795180725,1426.5346764498404,1437.775247176687,-0.0078180304946263,-0.0722230990466947,False,False,,
1300,3.59944,206462.0,1243.7469879518071,1248.4698795180725,1426.6326807775706,1437.775247176687,-0.0077498666227536,-0.104769942729445,False,False,,
1301,3.6022088,204820.0,1233.855421686747,1247.4397590361446,1425.700516583466,1437.775247176687,-0.008398204529485,-0.4157539089413518,False,False,,
1302,3.6049776,208687.0,1257.1506024096386,1244.9638554216867,1423.3225212404725,1437.775247176687,-0.0100521454689074,-0.3211881386768953,False,False,,
1303,3.6077464,207246.0,1248.4698795180725,1244.686746987952,1423.1432730853796,1437.775247176687,-0.0101768159662223,-0.0299004782735203,False,False,,
1304,3.6105152,207075.0,1247.4397590361446,1244.5301204819275,1423.0844588887005,1437.775247176687,-0.0102177223573948,-0.0934688262042002,False,False,,
1305,3.613284,208456.0,1255.7590361445782,1243.7469879518071,1422.399090722142,1437.775247176687,-0.0106944089382107,-0.0738086787485845,False,False,,
1306,3.6160528,206098.0,1241.55421686747,1243.7469879518071,1422.496807163423,1437.775247176687,-0.010626445296833,-0.2508704096188954,False,False,,
1307,3.6188216,206618.0,1244.686746987952,1241.55421686747,1420.4017046215758,1437.775247176687,-0.012083628918516,-0.2508824387845334,False,False,,
1308,3.6215904,204150.0,1229.8192771084337,1241.55421686747,1420.4993252887546,1437.775247176687,-0.0120157318898459,0.0245161758656866,False,False,,
1309,3.6243592,205344.0,1237.012048192771,1241.55421686747,1420.5968981040896,1437.775247176687,-0.0119478681430422,-0.5459893057713328,False,False,,
1310,3.627128,203759.0,1227.4638554216867,1237.012048192771,1416.152254416338,1437.775247176687,-0.0150392022694847,-0.7018655793753283,False,False,,
1311,3.6298968,204941.0,1234.5843373493976,1235.7710843373493,1415.0087677429206,1437.775247176687,-0.0158345189753905,-0.2804387791452125,False,False,,
1312,3.6326656,205138.0,1235.7710843373493,1234.5843373493976,1413.919450155463,1437.775247176687,-0.0165921600528793,-0.1820898367432715,False,False,,
1313,3.6354344,206621.0,1244.7048192771083,1234.1265060240964,1413.5590004725675,1437.775247176687,-0.0168428596553401,-0.0383435305605774,False,False,,
1314,3.6382032,204214.0,1230.2048192771083,1234.0843373493976,1413.6141657055962,1437.775247176687,-0.0168044911877115,0.0009888583340686,False,False,,
1315,3.640972,206838.0,1246.012048192771,1233.9397590361446,1413.566873588791,1437.775247176687,-0.0168373837534294,0.0244321778404827,False,False,,
1316,3.6437408,204834.0,1233.9397590361446,1234.0843373493976,1413.8086904105994,1437.775247176687,-0.0166691955597021,0.0425791447987227,False,False,,
1317,3.6465096,204865.0,1234.1265060240964,1234.0843373493976,1413.905881254638,1437.775247176687,-0.016601597481192,0.0297045897299721,False,False,,
1318,3.6492784,204342.0,1230.9759036144578,1234.1265060240964,1414.045193132223,1437.775247176687,-0.0165047034236134,0.0296926252668501,False,False,,
1319,3.6520472,204858.0,1234.0843373493976,1234.1265060240964,1414.1422887173094,1437.775247176687,-0.0164371715995142,0.0243843082469568,False,False,,
1320,3.654816,203714.0,1227.1927710843374,1234.1265060240964,1414.2393367079376,1437.775247176687,-0.016369672878265,0.0243723555104615,False,False,,
1321,3.6575848,203351.0,1225.0060240963855,1234.1265060240964,1414.3363371274372,1437.775247176687,-0.0163022072436395,1.1063307718871858,False,False,,
1322,3.6603536,204555.0,1232.2590361445782,1242.7409638554218,1423.0477478304524,1437.775247176687,-0.0102432555958618,1.1063188308659742,False,False,,
1323,3.6631224,206295.0,1242.7409638554218,1242.7409638554218,1423.1446531776396,1437.775247176687,-0.0101758560858358,1.1948317436007847,False,False,,
1324,3.6658912,211285.0,1272.801204819277,1252.0602409638554,1432.560788132053,1437.775247176687,-0.0036267553324994,1.829626202234366,True,False,1324.0,5.0
1325,3.66866,207842.0,1252.0602409638554,1257.1144578313254,1437.71181536758,1437.775247176687,-4.4118028343664174e-05,0.8248194239376471,False,False,,
1326,3.6714288,208681.0,1257.1144578313254,1258.433734939759,1439.12785538942,1437.775247176687,0.0009407647094979,0.5728521699739316,False,False,,
1327,3.6741976,208900.0,1258.433734939759,1261.4819277108434,1442.2727636425225,1437.775247176687,0.0031281081481041,1.2916317582545074,False,False,,
1328,3.6769664,209406.0,1261.4819277108434,1268.5240963855422,1449.4116003911004,1437.775247176687,0.0080933047340073,1.086575119133606,False,False,,
1329,3.6797352,210575.0,1268.5240963855422,1269.9397590361446,1450.9238837306816,1437.775247176687,0.0091451265278175,0.3367501910632042,False,False,,
1330,3.682504,210988.0,1271.012048192771,1271.012048192771,1452.092746214614,1437.775247176687,0.009958092592039,0.3836488999498473,False,False,,
1331,3.6852728,211521.0,1274.2228915662652,1272.801204819277,1453.9784288299684,1437.775247176687,0.0112696206761796,0.427521124140281,False,False,,
1332,3.6880416,210810.0,1269.9397590361446,1274.2228915662652,1455.4965942505526,1437.775247176687,0.0123255335690781,0.2073320557135516,False,False,,
1333,3.6908104,211527.0,1274.2590361445782,1274.2590361445782,1455.6291702104018,1437.775247176687,0.012417742667899,0.3495652336700621,False,False,,
1334,3.6935792,211951.0,1276.813253012048,1276.813253012048,1458.2797711905298,1437.775247176687,0.0142612860070495,1.392179349107832,False,False,,
1335,3.696348,213335.0,1285.1506024096386,1285.1506024096386,1466.7134574550707,1437.775247176687,0.0201270750315177,2.126091436652464,False,False,,
1336,3.6991168,214729.0,1293.5481927710844,1293.5481927710844,1475.207337460918,1437.775247176687,0.0260347299466558,1.119771477226473,False,False,,
1337,3.7018856,215311.0,1297.05421686747,1293.8734939759036,1475.628881110738,1437.775247176687,0.0263279215638073,0.2458604841520442,False,False,,
1338,3.7046544,215022.0,1295.313253012048,1295.313253012048,1477.1648354156184,1437.775247176687,0.027396206963696,0.423654954876361,False,False,,
1339,3.7074232,214783.0,1293.8734939759036,1297.05421686747,1479.0019473866362,1437.775247176687,0.0286739532419305,0.7225090524716036,False,False,,
1340,3.710192,215945.0,1300.8734939759036,1300.8734939759036,1482.9173254806394,1437.775247176687,0.0313971730926629,1.0591942874538782,False,False,,
1341,3.7129608,216679.0,1305.2951807228917,1305.2951807228917,1487.435066106273,1437.775247176687,0.0345393475281354,1.328540114021603,False,False,,
1342,3.7157296,217669.0,1311.2590361445782,1311.2590361445782,1493.4949283227722,1437.775247176687,0.0387540968280685,1.0811126889737546,False,False,,
1343,3.7184984,218076.0,1313.710843373494,1313.710843373494,1496.0426952857472,1437.775247176687,0.0405261171545959,0.4568871991620069,False,False,,
1344,3.7212672,218241.0,1314.7048192771083,1314.7048192771083,1497.1325838857356,1437.775247176687,0.0412841553821482,0.5105955930988939,False,False,,
1345,3.724036,218719.0,1317.5843373493976,1317.5843373493976,1500.1079676397703,1437.775247176687,0.04335359131094,0.8714927812745623,False,False,,
1346,3.7268048,219952.0,1325.012048192771,1321.4518072289156,1504.0712562094518,1437.775247176687,0.0461101338077342,0.9569793373186056,False,False,,
1347,3.7295736,222304.0,1339.1807228915663,1325.012048192771,1507.7272688949226,1437.775247176687,0.0486529600892758,1.1135884265222504,False,False,,
1348,3.7323424,221957.0,1337.0903614457832,1330.1265060240964,1512.9374515023385,1437.775247176687,0.052276741078444,0.768556716726243,False,False,,
1349,3.7351112,219361.0,1321.4518072289156,1330.9397590361446,1513.8463823679635,1437.775247176687,0.0529089197638193,0.1579504690016264,False,False,,
1350,3.73788,220978.0,1331.1927710843374,1331.1927710843374,1514.1950253702212,1437.775247176687,0.0531514075955874,0.4696672150301175,False,False,,
1351,3.7406488,220801.0,1330.1265060240964,1334.487951807229,1517.585790170654,1437.775247176687,0.0555097489337702,0.7647382689359077,False,False,,
1352,3.7434176,220936.0,1330.9397590361446,1337.0903614457832,1520.2837370332045,1437.775247176687,0.0573862222336468,0.527146995933272,False,False,,
1353,3.7461864,221525.0,1334.487951807229,1338.4939759036145,1521.782841884453,1437.775247176687,0.0584288781384501,0.2865292381717701,False,False,,
1354,3.7489552,222190.0,1338.4939759036145,1339.1807228915663,1522.5650324581998,1437.775247176687,0.0589729065429468,0.8312857778242062,False,False,,
1355,3.751724,223257.0,1344.921686746988,1344.921686746988,1528.401393114737,1437.775247176687,0.0630322062617296,0.7889031610811621,False,False,,
1356,3.7544928,225713.0,1359.7168674698796,1345.2710843373493,1528.846140744468,1437.775247176687,0.0633415366877503,0.1851065574160202,False,False,,
1357,3.7572616,223315.0,1345.2710843373493,1346.2048192771083,1529.8751789847731,1437.775247176687,0.0640572523340766,0.5694591164374501,False,False,,
1358,3.7600304,223470.0,1346.2048192771083,1349.6144578313254,1533.3800741236223,1437.775247176687,0.0664949734909345,1.1633961501786525,False,False,,
1359,3.7627992,224976.0,1355.2771084337348,1355.2771084337348,1539.1379346176495,1437.775247176687,0.0704996748553054,0.7744803911620277,False,False,,
1360,3.765568,225028.0,1355.5903614457832,1355.5903614457832,1539.5463508511891,1437.775247176687,0.0707837361050326,0.1593344710310251,False,False,,
1361,3.7683368,225832.0,1360.433734939759,1356.355421686747,1540.4065276663953,1437.775247176687,0.0713820054220869,0.1267879830130756,False,False,,
1362,3.7711056,224036.0,1349.6144578313254,1356.4096385542168,1540.5558144837237,1437.775247176687,0.0714858372397658,0.0609501049451495,False,False,,
1363,3.7738744,225204.0,1356.6506024096386,1356.6506024096386,1540.8918016874743,1437.775247176687,0.0717195227232311,0.0541287978851485,False,False,,
1364,3.7766432,225155.0,1356.355421686747,1356.6506024096386,1540.9867784571168,1437.775247176687,0.0717855808709346,0.4990112076548083,False,False,,
1365,3.779412,227147.0,1368.355421686747,1360.433734939759,1544.864841201026,1437.775247176687,0.0744828471867405,0.8114846626203907,False,False,,
1366,3.7821808,228928.0,1379.0843373493976,1362.921686746988,1547.4476766890098,1437.775247176687,0.0762792583386613,0.564057375898809,False,False,,
1367,3.7849496,226889.0,1366.801204819277,1364.7349397590365,1549.3557668715896,1437.775247176687,0.0776063713115176,0.4293668670208141,False,False,,
1368,3.7877184,225164.0,1356.4096385542168,1366.1506024096386,1550.866220205298,1437.775247176687,0.0786569203014758,0.2833270243936496,False,False,,
1369,3.7904872,229090.0,1380.0602409638554,1366.801204819277,1551.6115668334046,1437.775247176687,0.0791753230417999,0.1713352059133654,False,False,,
1370,3.793256,228078.0,1373.9638554216867,1367.3253012048192,1552.230360995553,1437.775247176687,0.0796057061377417,0.2189907684303964,False,False,,
1371,3.7960248,226781.0,1366.1506024096386,1368.355421686747,1553.35513283499,1437.775247176687,0.0803880063210601,0.7372656135485531,False,False,,
1372,3.7987936,226245.0,1362.921686746988,1373.0060240963855,1558.1003402057945,1437.775247176687,0.0836883881993283,0.6078714916916965,False,False,,
1373,3.8015624,229635.0,1383.3433734939758,1373.0060240963855,1558.19489879336,1437.775247176687,0.0837541554934524,0.0237471739270009,False,False,,
1374,3.8043312,226546.0,1364.7349397590365,1373.0060240963855,1558.2894110300565,1437.775247176687,0.0838198905496665,0.1440385319337345,False,False,,
1375,3.8071,226976.0,1367.3253012048192,1373.9638554216867,1559.341708263905,1437.775247176687,0.0845517832678887,0.7031710220012979,False,False,,
1376,3.8098688,229742.0,1383.987951807229,1378.4156626506024,1563.887935095929,1437.775247176687,0.0877137704011011,0.5828563945534899,False,False,,
1377,3.8126376,228941.0,1379.1626506024097,1378.4156626506024,1563.9823084162954,1437.775247176687,0.0877794088383685,0.117521852775372,False,False,,
1378,3.8154064,227919.0,1373.0060240963855,1379.1626506024097,1564.823623428415,1437.775247176687,0.08836455941303,0.4602602872930532,False,True,1324.0,5.0
1379,3.8181752,230338.0,1387.578313253012,1381.8915662650602,1567.6468199139988,1437.775247176687,0.0903281462052826,0.3936658837847329,False,False,,
1380,3.820944,227403.0,1369.8975903614455,1382.1084337349398,1567.9579219920977,1437.775247176687,0.0905445236110766,0.0509042254175611,False,False,,
1381,3.8237128,230099.0,1386.1385542168675,1382.1084337349398,1568.0521104082568,1437.775247176687,0.0906100334439549,0.0236542101360157,False,False,,
1382,3.8264816,228817.0,1378.4156626506024,1382.1084337349398,1568.146252654998,1437.775247176687,0.0906755111651258,0.2597088763537627,False,False,,
1383,3.8292504,229394.0,1381.8915662650602,1383.987951807229,1570.1198668272416,1437.775247176687,0.0920481973176515,0.5298115666792427,False,False,,
1384,3.8320192,231366.0,1393.7710843373493,1386.1385542168675,1572.3645192126685,1437.775247176687,0.0936093956967686,0.2937337221140552,False,False,,
1385,3.834788,229430.0,1382.1084337349398,1386.1385542168675,1572.4585230868995,1437.775247176687,0.0936747771772301,0.2044406737662107,False,False,,
1386,3.8375568,231406.0,1394.012048192771,1387.578313253012,1573.9922399183167,1437.775247176687,0.0947415063718164,0.8301560179996272,False,False,,
1387,3.8403256,232666.0,1401.6024096385545,1392.5602409638554,1579.0680793680608,1437.775247176687,0.0982718491425042,0.6909258873108826,False,False,,
1388,3.8430944,232657.0,1401.5481927710844,1392.8915662650602,1579.4932703743705,1437.775247176687,0.0985675775653885,0.1756543143633955,False,False,,
1389,3.8458632,228593.0,1377.066265060241,1393.7710843373493,1580.4666081405337,1437.775247176687,0.099244552473723,0.1340285144935649,False,False,,
1390,3.848632,231165.0,1392.5602409638554,1393.7710843373493,1580.5603818457305,1437.775247176687,0.0993097738672481,0.0235500608080201,False,False,,
1391,3.8514008,232457.0,1400.3433734939758,1393.7710843373493,1580.6541095847926,1437.775247176687,0.0993749632904535,0.0538034222700538,False,False,,
1392,3.8541696,230033.0,1385.7409638554218,1394.012048192771,1580.9887552356745,1437.775247176687,0.0996077156984108,0.0537918841248306,False,False,,
1393,3.8569384,232036.0,1397.8072289156626,1394.012048192771,1581.0823911100529,1437.775247176687,0.0996728412279832,-0.1172163631167855,False,False,,
1394,3.8597072,231613.0,1395.2590361445782,1392.8915662650602,1580.055499158148,1437.775247176687,0.0989586183660155,-0.1588421346938204,False,False,,
1395,3.862476,231220.0,1392.8915662650602,1392.5602409638554,1579.8177179566758,1437.775247176687,0.0987932370229028,-0.1664198821965001,False,False,,
1396,3.8652448,232362.0,1399.7710843373493,1391.379518072289,1578.730493311256,1437.775247176687,0.0980370516263641,-0.1248171529947086,False,False,,
1397,3.8680136,229850.0,1384.6385542168675,1391.379518072289,1578.8239457262932,1437.775247176687,0.0981020495564792,-0.0143617586683681,False,False,,
1398,3.8707824,229089.0,1380.05421686747,1391.078313253012,1578.6161475134095,1437.775247176687,0.0979575219515622,-0.0249659797635786,False,False,,
1399,3.8735512,232011.0,1397.6566265060242,1390.9939759036145,1578.625170984216,1437.775247176687,0.0979637979469405,0.0234463700488412,False,False,,
1400,3.87632,229588.0,1383.0602409638554,1391.078313253012,1578.8028233900725,1437.775247176687,0.0980873585703446,0.0234348770723542,False,False,,
1401,3.8790888,230765.0,1390.1506024096386,1390.9939759036145,1578.8117553558202,1437.775247176687,0.0980935709222164,-0.093096495544092,False,False,,
1402,3.8818576,230905.0,1390.9939759036145,1390.1506024096386,1578.061605458098,1437.775247176687,0.0975718274166196,-0.0825152604130607,False,False,,
1403,3.8846264,230969.0,1391.379518072289,1390.1506024096386,1578.1547833578709,1437.775247176687,0.097636634416153,-0.2724390170402131,False,False,,
1404,3.8873952,230374.0,1387.7951807228917,1387.7951807228917,1575.8924938968148,1437.775247176687,0.0960631691158577,-0.2724504874987339,False,False,,
1405,3.890164,230919.0,1391.078313253012,1387.7951807228917,1575.9855804708131,1437.775247176687,0.0961279125965798,0.0233774966390747,False,False,,
1406,3.8929328,230122.0,1386.2771084337348,1387.7951807228917,1576.0786214154962,1437.775247176687,0.0961926243412462,0.0233660374230133,False,False,,
1407,3.8957016,231242.0,1393.0240963855422,1387.7951807228917,1576.1716167532306,1437.775247176687,0.0962573043654135,0.0233545838240551,False,False,,
1408,3.8984704,230156.0,1386.4819277108434,1387.7951807228917,1576.264566506372,1437.775247176687,0.0963219526846303,-0.141600597859469,False,False,,
1409,3.9012392,228945.0,1379.186746987952,1386.4819277108434,1575.0442176852173,1437.775247176687,0.0954731768947068,-0.167337209708517,False,False,,
1410,3.904008,232224.0,1398.9397590361446,1386.2771084337348,1574.9322570590875,1437.775247176687,0.0953953061521484,-0.0024049127738194,False,False,,
1411,3.9067768,229799.0,1384.3313253012047,1386.2771084337348,1575.0250701924747,1437.775247176687,0.0954598594497305,-0.0372209849876519,False,False,,
1412,3.9095456,228501.0,1376.512048192771,1385.7951807228917,1574.6359101197388,1437.775247176687,0.0951891912256808,-0.037232410542451,False,False,,
1413,3.9123144,230042.0,1385.7951807228917,1385.7951807228917,1574.7286322848672,1437.775247176687,0.0952536812531106,-0.1605733194549614,False,False,,
1414,3.9150832,232703.0,1401.8253012048192,1384.3313253012047,1573.3574535776204,1437.775247176687,0.094300000411867,-0.23019401592272,False,False,,
1415,3.917852,229707.0,1383.7771084337348,1383.7771084337348,1572.8958679961806,1437.775247176687,0.0939789588705369,-0.1212517657268676,False,False,,
1416,3.9206208,229608.0,1383.1807228915663,1383.1807228915663,1572.3920683339006,1437.775247176687,0.0936285566339778,-0.0516538867842832,False,False,,
1417,3.9233896,228777.0,1378.1746987951808,1383.1807228915663,1572.4846088299048,1437.775247176687,0.0936929203070804,0.0232403561694845,False,False,,
1418,3.9261584,230357.0,1387.6927710843374,1383.1807228915663,1572.5771039642711,1437.775247176687,0.093757252430302,-0.070592242147061,False,False,,
1419,3.9289272,228592.0,1377.0602409638554,1382.433734939759,1571.9225658074274,1437.775247176687,0.0933020087069669,-0.0706036285552542,False,False,,
1420,3.931696,230913.0,1391.0421686746988,1382.433734939759,1572.0149702852134,1437.775247176687,0.0933662777768145,0.0020207632560378,False,False,,
1421,3.9344648,229230.0,1380.9036144578313,1382.2650602409635,1571.9386547692395,1437.775247176687,0.0933131988855735,-0.1689873267441832,False,False,,
1422,3.9372336,229484.0,1382.433734939759,1380.9036144578313,1570.6695228961669,1437.775247176687,0.0924304935562359,-0.4845103338129597,False,False,,
1423,3.9400024,226936.0,1367.0843373493976,1378.2228915662652,1568.0810686640907,1437.775247176687,0.0906301744610511,-0.3135249831598834,False,False,,
1424,3.9427712,228146.0,1374.3734939759036,1378.2228915662652,1568.1732920951922,1437.775247176687,0.0906943176094901,0.0231607293942914,False,False,,
1425,3.94554,230379.0,1387.8253012048192,1378.2228915662652,1568.2654703200749,1437.775247176687,0.090758429316145,0.0231493764335084,False,False,,
1426,3.9483088,229456.0,1382.2650602409635,1378.2228915662652,1568.3576033608983,1437.775247176687,0.0908225095964282,0.0231380290377529,False,False,,
1427,3.9510776,228436.0,1376.120481927711,1378.2228915662652,1568.4496912398108,1437.775247176687,0.0908865584657444,-0.0426994817489614,False,False,,
1428,3.9538464,227394.0,1369.8433734939758,1377.698795180723,1568.0176375934077,1437.775247176687,0.0905860569462952,-0.2409459475142377,False,False,,
1429,3.9566152,228698.0,1377.698795180723,1376.120481927711,1566.531321961888,1437.775247176687,0.0895522961867895,-0.3945516724556093,False,False,,
1430,3.959384,228785.0,1378.2228915662652,1374.3734939759036,1564.8762865360418,1437.775247176687,0.0884011876049051,-0.1963278681272644,False,False,,
1431,3.9621528,228976.0,1379.3734939759036,1374.3734939759036,1564.9681939885772,1437.775247176687,0.0884651109842482,-0.3741455061756724,False,False,,
1432,3.9649216,227621.0,1371.210843373494,1371.210843373494,1561.897405787371,1437.775247176687,0.0863293194499066,-0.3741568202385892,False,False,,
1433,3.9676904,229313.0,1381.4036144578313,1371.210843373494,1561.9892231593265,1437.775247176687,0.0863931801764947,-0.1486945845250318,False,False,,
1434,3.9704592,226187.0,1362.5722891566263,1369.8433734939758,1560.7135256445874,1437.775247176687,0.0855059083186407,-0.175944302238042,False,False,,
1435,3.973228,227004.0,1367.4939759036145,1369.6265060240964,1560.5883855543732,1437.775247176687,0.0854188710084213,-0.0768380349256148,False,False,,
1436,3.9759968,227358.0,1369.6265060240964,1369.0481927710844,1560.1017547179626,1437.775247176687,0.0850804100164366,-0.0677698552413534,False,False,,
1437,3.9787656,226450.0,1364.1566265060242,1368.9036144578313,1560.048813880288,1437.775247176687,0.0850435886580368,-0.0133043121232194,False,False,,
1438,3.9815344,227238.0,1368.9036144578313,1368.7590361445782,1559.995828123619,1437.775247176687,0.085006736057623,-0.1540474024374418,False,False,,
1439,3.9843032,226459.0,1364.210843373494,1367.4939759036145,1558.822315542264,1437.775247176687,0.0841905357622991,-0.3409444677524913,False,False,,
1440,3.987072,227826.0,1372.44578313253,1365.8614457831325,1557.2812882064227,1437.775247176687,0.0831187219729969,-0.3893795859492783,False,False,,
1441,3.9898408,227262.0,1369.0481927710844,1364.210843373494,1555.722143728454,1437.775247176687,0.0820343073671465,-0.1843461170202776,False,False,,
1442,3.9926096,227214.0,1368.7590361445782,1364.210843373494,1555.8135568291386,1437.775247176687,0.0820978869153854,0.0161476216402984,False,False,,
1443,3.9953784,225915.0,1360.933734939759,1364.1566265060242,1555.8507082533438,1437.775247176687,0.0821237264367418,0.0161363684334787,False,False,,
1444,3.9981472,226733.0,1365.8614457831325,1364.1566265060242,1555.9420317579738,1437.775247176687,0.0821872436692226,-0.1253633113751515,False,False,,
1445,4.000916,224555.0,1352.7409638554218,1362.9759036144578,1554.852587605946,1437.775247176687,0.0814295145636707,-0.1253745535524952,False,False,,
1446,4.0036848,226254.0,1362.9759036144578,1362.9759036144578,1554.9438216023364,1437.775247176687,0.0814929695414703,-0.2335828265445254,False,False,,
1447,4.0064536,225763.0,1360.0180722891566,1360.933734939759,1552.9928422028115,1437.775247176687,0.0801360263033977,-0.3486006977133655,False,False,,
1448,4.0092224000000005,224067.0,1349.801204819277,1360.0180722891566,1552.1683241280894,1437.775247176687,0.0795625583178127,-0.5468470528582241,False,False,,
1449,4.0119912,223074.0,1343.8192771084337,1356.3975903614455,1548.6389420988744,1437.775247176687,0.0771078060634909,-0.4318516329987218,False,False,,
1450,4.01476,224962.0,1355.1927710843374,1356.3975903614455,1548.7299973418867,1437.775247176687,0.07717113671492,0.0175709955486578,False,False,,
1451,4.0175288,227700.0,1371.686746987952,1356.355421686747,1548.7788392766058,1437.775247176687,0.0772051072084412,-0.1284683815126577,False,False,,
1452,4.0202976,225155.0,1356.355421686747,1355.1927710843374,1547.7071546718985,1437.775247176687,0.0764597302054555,-0.1231832267501875,False,False,,
1453,4.0230664,227240.0,1368.9156626506024,1355.1927710843374,1547.7980760797525,1437.775247176687,0.0765229677719893,-0.0233202375401244,False,False,,
1454,4.0258352,225162.0,1356.3975903614455,1354.8253012048192,1547.521483040097,1437.775247176687,0.0763305920580533,-0.6543547050113006,False,False,,
1455,4.0286040000000005,223154.0,1344.301204819277,1349.801204819277,1542.5882189482734,1437.775247176687,0.0728994131575186,-0.6490695337813275,False,False,,
1456,4.0313728,223200.0,1344.578313253012,1349.4759036144578,1542.3537055128638,1437.775247176687,0.0727363046077852,-0.0180574406962392,False,False,,
1457,4.0341416,227158.0,1368.421686746988,1349.4759036144578,1542.4444487797898,1437.775247176687,0.0727994182739191,-0.1376149927231758,False,False,,
1458,4.0369104,224013.0,1349.4759036144578,1348.198795180723,1541.2580391323113,1437.775247176687,0.0719742478240813,-0.5893298745645179,False,False,,
1459,4.0396792,222497.0,1340.3433734939758,1344.6024096385545,1537.752307917533,1437.775247176687,0.0695359451605305,-0.4319635324548709,False,False,,
1460,4.042448,224901.0,1354.8253012048192,1344.578313253012,1537.818821422308,1437.775247176687,0.0695822065667591,-0.0150756222174734,False,False,,
1461,4.0452168,221922.0,1336.879518072289,1344.301204819277,1537.6322784635995,1437.775247176687,0.069452462394939,-0.0120602860202758,False,False,,
1462,4.0479856000000005,221348.0,1333.421686746988,1344.301204819277,1537.7227995451071,1437.775247176687,0.0695154215268932,-0.2791592238533855,False,False,,
1463,4.0507544,223204.0,1344.6024096385545,1341.8975903614455,1535.409661797025,1437.775247176687,0.0679065902769293,-0.4743790062149049,False,False,,
1464,4.0535232,223801.0,1348.198795180723,1340.3433734939758,1533.9458772892958,1437.775247176687,0.066888500342078,-0.1724977141224126,False,False,,
1465,4.056292,221640.0,1335.1807228915663,1340.3433734939758,1534.036265320768,1437.775247176687,0.0669513669352049,-0.4123582208292369,False,False,,
1466,4.0590608,221906.0,1336.7831325301204,1336.879518072289,1530.662753624014,1437.775247176687,0.0646050254584139,-0.4123693478472248,False,False,,
1467,4.0618296,222755.0,1341.8975903614455,1336.879518072289,1530.753053064125,1437.775247176687,0.064667830434566,0.0105715816793523,False,False,,
1468,4.0645984,220196.0,1326.4819277108434,1336.7831325301204,1530.7469226989535,1437.775247176687,0.0646635666491215,0.0105604655672273,False,False,,
1469,4.0673672000000005,223292.0,1345.132530120482,1336.7831325301204,1530.837133634534,1437.775247176687,0.0647263100686911,0.0226553170103507,False,False,,
1470,4.070136,221660.0,1335.301204819277,1336.7831325301204,1530.9273003503838,1437.775247176687,0.064789022732598,0.0188610986351314,False,False,,
1471,4.0729048,221277.0,1332.9939759036145,1336.7530120481929,1530.987302386251,1437.775247176687,0.064830755288493,-0.1634960553650586,False,False,,
1472,4.0756736,222525.0,1340.512048192771,1335.301204819277,1529.6255734987406,1437.775247176687,0.0638836469764084,-0.1597240365393375,False,False,,
1473,4.0784424,220617.0,1329.0180722891566,1335.301204819277,1529.7156076854103,1437.775247176687,0.0639462674637527,0.0188278156349515,False,False,,
1474,4.0812112,223336.0,1345.3975903614455,1335.2710843373493,1529.775477257061,1437.775247176687,0.0639879078882685,-0.2671866225860775,False,False,,
1475,4.08398,221901.0,1336.7530120481929,1332.9939759036145,1527.588314765446,1437.775247176687,0.06246669482252,0.0225887673086475,False,False,,
1476,4.0867488000000005,222212.0,1338.6265060240964,1335.2710843373493,1529.9553250514653,1437.775247176687,0.0641129954461169,0.022577694712945,False,False,,
1477,4.0895176,221655.0,1335.2710843373493,1332.9939759036145,1527.7680744017912,1437.775247176687,0.0625917210647634,-0.3905493293338651,False,False,,
1478,4.0922864,220921.0,1330.8493975903614,1331.9819277108434,1526.8458399464585,1437.775247176687,0.0619502894799982,-0.1045570363144978,False,False,,
1479,4.0950552,219738.0,1323.7228915662652,1331.9819277108434,1526.9356096588656,1437.775247176687,0.0620127260204682,0.0225445094813139,False,False,,
1480,4.097824,220957.0,1331.066265060241,1331.9819277108434,1527.0253353678215,1437.775247176687,0.0620751319557019,0.0225334585800993,False,False,,
1481,4.1005928,221109.0,1331.9819277108434,1331.9819277108434,1527.1150170948958,1437.775247176687,0.0621375073007014,-0.0924842269143635,False,False,,
1482,4.1033616,220550.0,1328.6144578313254,1331.066265060241,1526.2889922110458,1437.775247176687,0.0615629913007409,-0.1197336817235843,False,False,,
1483,4.1061304000000005,223172.0,1344.4096385542168,1330.8493975903614,1526.1617185691443,1437.775247176687,0.0614744700647888,-0.2854450727125694,False,False,,
1484,4.1088992,219812.0,1324.1686746987953,1328.6144578313254,1524.0163287208509,1437.775247176687,0.0599823106660885,-0.2582176872226061,False,False,,
1485,4.111668,219774.0,1323.9397590361446,1328.6144578313254,1524.1058347358849,1437.775247176687,0.0600445638000256,0.0171819268537714,False,False,,
1486,4.1144368,222296.0,1339.132530120482,1328.5722891566263,1524.1531282020285,1437.775247176687,0.0600774573042339,0.0171709084144779,False,False,,
1487,4.1172056,221625.0,1335.0903614457832,1328.5722891566263,1524.2425464901858,1437.775247176687,0.0601396494224616,-0.5306348899357367,False,False,,
1488,4.1199744,220543.0,1328.5722891566263,1324.1686746987953,1519.9283064893225,1437.775247176687,0.0571390135377256,-0.5306458975756243,False,False,,
1489,4.1227432,217478.0,1310.1084337349398,1324.1686746987953,1520.0176371365858,1437.775247176687,0.0572011447000467,-0.0063174160888639,False,False,,
1490,4.1255120000000005,218697.0,1317.4518072289156,1323.9397590361446,1519.878008332969,1437.775247176687,0.057104030214392,-0.8212109872234237,False,False,,
1491,4.1282808,218611.0,1316.933734939759,1317.4518072289156,1513.4792996180088,1437.775247176687,0.0526536067372002,-0.8575398650030195,False,False,,
1492,4.1310496,220983.0,1331.2228915662652,1316.933734939759,1513.0504266758091,1437.775247176687,0.0523553174579531,-0.0426682767923018,False,False,,
1493,4.1338184,218500.0,1316.2650602409635,1316.933734939759,1513.1395822988975,1437.775247176687,0.0524173268876351,0.0223902888416542,False,False,,
1494,4.1365872,218475.0,1316.1144578313254,1316.933734939759,1513.22869421955,1437.775247176687,0.0524793059214426,0.0223793135366001,False,False,,
1495,4.139356,216272.0,1302.8433734939758,1316.933734939759,1513.3177624591888,1437.775247176687,0.0525412545742754,-0.061616768501338,False,False,,
1496,4.1421248,220452.0,1328.0240963855422,1316.2650602409635,1512.73811234043,1437.775247176687,0.0521380969041896,-0.061627733049308,False,False,,
1497,4.1448936000000005,216425.0,1303.7650602409635,1316.2650602409635,1512.8270932822654,1437.775247176687,0.0521999848397415,0.0034308540989993,False,False,,
1498,4.1476624,217343.0,1309.2951807228917,1316.1144578313254,1512.7654281976522,1437.775247176687,0.0521570956018483,-0.128989060240432,False,False,,
1499,4.1504312,217608.0,1310.8915662650602,1315.0602409638554,1511.800105059777,1437.775247176687,0.051485695019754,-0.3582566660613011,False,False,,
1500,4.1532,218886.0,1318.5903614457832,1313.0843373493976,1509.9130516008536,1437.775247176687,0.0501732134878671,-0.3302725717556551,False,False,,
1501,4.1559688,220063.0,1325.6807228915663,1312.2530120481929,1509.1705329024817,1437.775247176687,0.0496567776263998,-0.2531080010289255,False,False,,
1502,4.1587376,219527.0,1322.4518072289156,1310.8915662650602,1507.897850190829,1437.775247176687,0.0487716026213693,-0.1063341428291977,False,False,,
1503,4.1615064,218300.0,1315.0602409638554,1311.2289156626507,1508.3239191498856,1437.775247176687,0.0490679416770688,0.0222807775698026,False,False,,
1504,4.1642752000000005,217972.0,1313.0843373493976,1310.8915662650602,1508.0752458250745,1437.775247176687,0.0488949846552398,-0.0201010114271209,False,False,,
1505,4.167044,217834.0,1312.2530120481929,1310.8915662650602,1508.1638784304844,1437.775247176687,0.0489566303161899,0.0222589396739696,False,False,,
1506,4.1698128,217479.0,1310.1144578313254,1310.8915662650602,1508.252467589832,1437.775247176687,0.0490182457595784,-0.0753562907285285,False,False,,
1507,4.1725816,216981.0,1307.1144578313254,1310.1144578313254,1507.5639048906792,1437.775247176687,0.0485393373206516,-0.437789436858969,False,False,,
1508,4.1753504,215536.0,1298.4096385542168,1307.2289156626507,1504.7668650531064,1437.775247176687,0.0465939429740281,-0.3545718476039905,False,False,,
1509,4.1781192,216967.0,1307.0301204819275,1307.1144578313254,1504.7408661706788,1437.775247176687,0.0465758602573597,-0.0027532187714651,False,False,,
1510,4.180888,217664.0,1311.2289156626507,1307.0301204819275,1504.7449444092397,1437.775247176687,0.0465786967497592,-0.071616767793845,False,False,,
1511,4.1836568000000005,216213.0,1302.487951807229,1306.367469879518,1504.1706660551042,1437.775247176687,0.0461792752440244,-0.1510730283214201,False,False,,
1512,4.1864256,217000.0,1307.2289156626507,1305.6506024096386,1503.5421275150588,1437.775247176687,0.0457421147481266,-0.4650822993240702,False,False,,
1513,4.1891944,216857.0,1306.367469879518,1302.487951807229,1500.467762545277,1437.775247176687,0.0436038355032872,-0.4204524375938039,False,False,,
1514,4.1919632,216738.0,1305.6506024096386,1302.1265060240964,1500.1945591187898,1437.775247176687,0.0434138173297071,-0.1700212147257218,False,False,,
1515,4.194732,215846.0,1300.2771084337348,1300.9578313253012,1499.11408352187,1437.775247176687,0.042662326024622,-0.1246347197063695,False,False,,
1516,4.1975008,214452.0,1291.879518072289,1300.9578313253012,1499.2022393901789,1437.775247176687,0.042723640105861,-0.0255280125153234,False,False,,
1517,4.2002696,215959.0,1300.9578313253012,1300.578313253012,1498.910833973824,1437.775247176687,0.0425209621025172,-0.0331050910643107,False,False,,
1518,4.2030384000000005,214996.0,1295.1566265060242,1300.5180722891566,1498.9386624747096,1437.775247176687,0.0425403173535833,-0.0157136174494132,False,False,,
1519,4.2058072,216153.0,1302.1265060240964,1300.2771084337348,1498.785724914008,1437.775247176687,0.0424339463745293,-0.0081582327289275,False,False,,
1520,4.208576,215583.0,1298.6927710843374,1300.2771084337348,1498.8737080598678,1437.775247176687,0.0424951403240236,-0.0240581442750702,False,False,,
1521,4.2113448,215886.0,1300.5180722891566,1299.9096385542168,1498.594178198501,1437.775247176687,0.0423007219947917,-0.1769067468374876,False,False,,
1522,4.2141136,213779.0,1287.8253012048192,1298.6927710843374,1497.465207640203,1437.775247176687,0.0415155015227363,-0.5605252467429587,False,False,,
1523,4.2168824,215015.0,1295.2710843373493,1295.2710843373493,1494.131374719358,1437.775247176687,0.0391967573884278,-0.4076982955045913,False,False,,
1524,4.2196512,215896.0,1300.578313253012,1295.2710843373493,1494.219185481182,1437.775247176687,0.03925783144155,0.0220525442202825,False,False,,
1525,4.2224200000000005,215785.0,1299.9096385542168,1295.2710843373493,1494.306953199796,1437.775247176687,0.039318875557302,0.0220417344713412,False,False,,
1526,4.2251888,214263.0,1290.7409638554218,1295.2710843373493,1494.394677896299,1437.775247176687,0.0393798897503585,-0.490959214234957,False,False,,
1527,4.2279576,215892.0,1300.55421686747,1291.186746987952,1490.3980222423827,1437.775247176687,0.0366001398125539,-0.5469600881308869,False,False,,
1528,4.2307264,213953.0,1288.8734939759036,1290.7409638554218,1490.0398778253898,1437.775247176687,0.0363510435663247,-0.1610933398517504,False,False,,
1529,4.2334952,214337.0,1291.186746987952,1289.7289156626507,1489.11542538928,1437.775247176687,0.0357080693337908,-0.1051140536794923,False,False,,
1530,4.236264,213506.0,1286.1807228915663,1289.7289156626507,1489.2029782081229,1437.775247176687,0.0357689639826692,0.0219877651558952,False,False,,
1531,4.2390328,213015.0,1283.2228915662652,1289.7289156626507,1489.290488110195,1437.775247176687,0.0358298287821181,-0.0854634265333116,False,False,,
1532,4.2418016000000005,215175.0,1296.2349397590365,1288.8734939759036,1488.522533429786,1437.775247176687,0.0352957017118983,-0.1286016892494057,False,False,,
1533,4.2445704,213802.0,1287.9638554216867,1288.5301204819275,1488.2665840674408,1437.775247176687,0.0351176840677306,-0.0922945703620561,False,False,,
1534,4.2473392,213257.0,1284.6807228915663,1287.9638554216867,1487.7877002851396,1437.775247176687,0.0347846112990614,-0.2731381414791878,False,False,,
1535,4.250108,213162.0,1284.1084337349398,1286.1807228915663,1486.0919062002745,1437.775247176687,0.0336051542954753,-0.3904254062625956,False,False,,
1536,4.2528768,214095.0,1289.7289156626507,1284.6807228915663,1484.6792018338408,1437.775247176687,0.0326225915693415,-0.2383550089071473,False,False,,
1537,4.2556456,213896.0,1288.5301204819275,1284.1084337349398,1484.194165520077,1437.775247176687,0.0322852395981511,-0.1226024926004782,False,False,,
1538,4.2584144,215046.0,1295.4578313253012,1283.5301204819275,1483.7030623401993,1437.775247176687,0.0319436680063171,-0.0507340836615961,False,False,,
1539,4.2611832000000005,212063.0,1277.487951807229,1283.5301204819275,1483.7902296645705,1437.775247176687,0.0320042945364666,0.021890953173969,False,False,,
1540,4.263952,211697.0,1275.2831325301204,1283.5301204819275,1483.8773542611327,1437.775247176687,0.0320648913486132,-0.6908582963767849,False,False,,
1541,4.2667208,213066.0,1283.5301204819275,1277.855421686747,1478.28973735565,1437.775247176687,0.0281785976344497,-0.6908690216569466,False,False,,
1542,4.2694896,210643.0,1268.933734939759,1277.855421686747,1478.376776559418,1437.775247176687,0.0282391350542856,-0.0242952031992365,False,False,,
1543,4.2722584,210643.0,1268.933734939759,1277.487951807229,1478.0963032186614,1437.775247176687,0.0280440605172136,-0.0243059179672266,False,False,,
1544,4.2750272,211855.0,1276.2349397590365,1277.487951807229,1478.1832571133302,1437.775247176687,0.0281045386029502,0.0218373530473883,False,False,,
1545,4.277796,211360.0,1273.2530120481929,1277.487951807229,1478.2701683848095,1437.775247176687,0.0281649870434488,-0.0152478601694623,False,False,,
1546,4.2805648000000005,212014.0,1277.1927710843374,1277.1927710843374,1478.0618563311011,1437.775247176687,0.0280201020524758,-0.1355615576204254,False,False,,
1547,4.2833336,213318.0,1285.0481927710844,1276.2349397590365,1477.1908510935696,1437.775247176687,0.0274143013619702,-0.0984977424444686,False,False,,
1548,4.2861024,212124.0,1277.855421686747,1276.2349397590365,1477.2776346207984,1437.775247176687,0.0274746609539156,-0.352733635210444,False,False,,
1549,4.2888712,212757.0,1281.6686746987953,1273.2530120481929,1474.382447897505,1437.775247176687,0.0254610035836287,0.0217838841610387,False,False,,
1550,4.29164,211097.0,1271.6686746987953,1276.2349397590365,1477.4510740770727,1437.775247176687,0.0275952913908458,0.3963014087692844,False,False,,
1551,4.2944088,212711.0,1281.3915662650602,1276.2349397590365,1477.5377300478124,1437.775247176687,0.0276555622648296,-0.3527656693831931,False,False,,
1552,4.2971776,213526.0,1286.301204819277,1273.2530120481929,1474.642415830556,1437.775247176687,0.0256418162200693,-0.5517680890970977,False,False,,
1553,4.2999464000000005,211083.0,1271.5843373493976,1271.6686746987953,1473.1446495184146,1437.775247176687,0.0246000912946454,-0.1878432656370341,False,False,,
1554,4.3027152,209405.0,1261.4759036144578,1271.5843373493976,1473.1468407707532,1437.775247176687,0.0246016153522775,-0.0312330380216492,False,False,,
1555,4.305484,210777.0,1269.7409638554218,1271.2469879518071,1472.8959775601804,1437.775247176687,0.0244271352232967,-0.0206509730900625,False,False,,
1556,4.3082528,211027.0,1271.2469879518071,1271.2469879518071,1472.9824213532702,1437.775247176687,0.0244872585236939,-0.167446410319525,False,False,,
1557,4.3110216,213616.0,1286.8433734939758,1269.7409638554218,1471.5627986768277,1437.775247176687,0.0234998839815112,-0.1674570517908131,False,False,,
1558,4.3137904,210514.0,1268.1566265060242,1269.7409638554218,1471.6491577443935,1437.775247176687,0.0235599483536971,-0.121313707515422,False,False,,
1559,4.3165592,208742.0,1257.4819277108434,1268.6024096385545,1470.596920263476,1437.775247176687,0.0228280971947738,-0.1213243385567057,False,False,,
1560,4.3193280000000005,210339.0,1267.1024096385545,1268.6024096385545,1470.6831946885602,1437.775247176687,0.0228881026965054,-0.007084947008316,False,False,,
1561,4.3220968,209838.0,1264.0843373493976,1268.3734939759036,1470.5405111608677,1437.775247176687,0.0227888635922206,0.0216560923726412,False,False,,
1562,4.3248656,210550.0,1268.3734939759036,1268.6024096385545,1470.85561668908,1437.775247176687,0.0230080254736282,0.0216454769570733,False,False,,
1563,4.3276344,211430.0,1273.6746987951808,1268.3734939759036,1470.7128486433146,1437.775247176687,0.0229087275854181,-0.0343552079968398,False,False,,
1564,4.3304032,207735.0,1251.4156626506024,1268.1566265060242,1470.5820865623537,1437.775247176687,0.0228177800738249,-0.1380231135435141,False,False,,
1565,4.333172,210956.0,1270.8192771084337,1267.1024096385545,1469.6139328765346,1437.775247176687,0.0221444107918595,-0.1107952986170142,False,False,,
1566,4.3359408,210588.0,1268.6024096385545,1267.1024096385545,1469.6999538716072,1437.775247176687,0.0222042400282033,0.1812504425814984,False,False,,
1567,4.3387096000000005,212201.0,1278.3192771084337,1268.3734939759036,1471.0570170381295,1437.775247176687,0.0231481032426988,0.2099915131603937,False,False,,
1568,4.3414784,208883.0,1258.3313253012047,1268.6024096385545,1471.3718693847231,1437.775247176687,0.0233670890314804,0.0503335536501392,False,False,,
1569,4.3442472,211629.0,1274.8734939759036,1268.6024096385545,1471.4577639440945,1437.775247176687,0.0234268303293918,0.0215713146028191,False,False,,
1570,4.347016,210091.0,1265.6084337349398,1268.6024096385545,1471.5436163995428,1437.775247176687,0.023486542343225,-0.3544807071844733,False,False,,
1571,4.3497848,209646.0,1262.9277108433737,1265.6084337349398,1468.6354508680924,1437.775247176687,0.0214638579652869,-0.3544912758604512,False,False,,
1572,4.3525536,209745.0,1263.5240963855422,1265.6084337349398,1468.7212191776007,1437.775247176687,0.0215235114540201,-0.2402518219772456,False,False,,
1573,4.3553224,211152.0,1272.0,1263.5240963855422,1466.722608095674,1437.775247176687,0.0201334394759057,-0.3151680208275809,False,False,,
1574,4.3580912000000005,211197.0,1272.2710843373493,1262.9277108433737,1466.2119067995468,1437.775247176687,0.0197782370218852,-0.0738159544742824,False,False,,
1575,4.36086,210833.0,1270.078313253012,1262.7650602409635,1466.134898442347,1437.775247176687,0.0197246762464088,0.0010791380897763,False,False,,
1576,4.3636288,208910.0,1258.4939759036145,1262.7650602409635,1466.2204987073146,1437.775247176687,0.0197842128569712,-0.4400423989585169,False,False,,
1577,4.3663976,208164.0,1254.0,1259.0903614457832,1462.631358217436,1437.775247176687,0.017287897457936,-0.5066357281740168,False,False,,
1578,4.3691664,209619.0,1262.7650602409635,1258.5602409638554,1462.186754101713,1437.775247176687,0.0169786668486346,-0.0534293042831239,False,False,,
1579,4.3719352,208921.0,1258.5602409638554,1258.4939759036145,1462.205963489137,1437.775247176687,0.0169920273425378,0.013142959999334,False,False,,
1580,4.374704,208609.0,1256.6807228915663,1258.4939759036145,1462.2913960388105,1437.775247176687,0.0170514473039269,-0.2062881253202602,False,False,,
1581,4.3774728000000005,208127.0,1253.7771084337348,1256.6807228915663,1460.5635336989812,1437.775247176687,0.0158496862197643,-0.25623573599335,False,False,,
1582,4.3802416,207710.0,1251.2650602409635,1256.2831325301204,1460.2512921528275,1437.775247176687,0.01563251629229,-0.0285028356969778,False,False,,
1583,4.3830104,207182.0,1248.0843373493976,1256.2831325301204,1460.3365991317107,1437.775247176687,0.0156918489168088,-0.1299007750139749,False,False,,
1584,4.3857792,209009.0,1259.0903614457832,1255.078313253012,1459.2170450175838,1437.775247176687,0.0149131777605726,0.0214132497889805,False,False,,
1585,4.388548,207862.0,1252.1807228915663,1256.2831325301204,1460.507087662269,1437.775247176687,0.0158104269288403,0.0214027534103453,False,False,,
1586,4.3913168,208343.0,1255.078313253012,1255.078313253012,1459.3874499778206,1437.775247176687,0.0150316976478577,-0.2933627525880231,False,False,,
1587,4.3940856,209142.0,1259.8915662650602,1253.7771084337348,1458.1713849967634,1437.775247176687,0.0141859013501088,-0.2714311823611464,False,False,,
1588,4.3968544000000005,208543.0,1256.2831325301204,1252.7469879518071,1457.2263626190836,1437.775247176687,0.0135286203324145,-0.1791337022510988,False,False,,
1589,4.3996232,207956.0,1252.7469879518071,1252.1807228915663,1456.7451539495748,1437.775247176687,0.0131939305605231,-0.049761708052876,False,False,,
1590,4.402392,209510.0,1262.1084337349398,1252.1807228915663,1456.830168647239,1437.775247176687,0.0132530598979011,0.0213503486437263,False,False,,
1591,4.4051608,206006.0,1241.0,1252.1807228915663,1456.915141672272,1437.775247176687,0.0133121602511726,-0.5718522601126605,False,False,,
1592,4.4079296,209573.0,1262.487951807229,1247.4578313253012,1452.2771814788364,1437.775247176687,0.0100863708223011,-0.5718627205282794,False,False,,
1593,4.4106984,205558.0,1238.301204819277,1247.4578313253012,1452.3620712198792,1437.775247176687,0.010145413249975,0.021318967394357,False,False,,
1594,4.4134672,207078.0,1247.4578313253012,1247.4578313253012,1452.446919349543,1437.775247176687,0.0102044267361441,-0.0445176517220353,False,False,,
1595,4.4162360000000005,205984.0,1240.867469879518,1246.933734939759,1452.0076295026813,1437.775247176687,0.0098988923017991,-0.1080843978210304,False,False,,
1596,4.4190048,206991.0,1246.933734939759,1246.4277108433737,1451.5863703743814,1437.775247176687,0.0096058985747704,-0.0589143666847242,False,False,,
1597,4.4217736,205946.0,1240.6385542168675,1246.2951807228917,1451.538563671767,1437.775247176687,0.0095726481048459,-0.2526201951893854,False,False,,
1598,4.4245424,206545.0,1244.2469879518071,1244.2469879518071,1449.5750527886994,1437.775247176687,0.0082069889818896,-0.2359849269814389,False,False,,
1599,4.4273112,206907.0,1246.4277108433737,1244.2469879518071,1449.6596931672225,1437.775247176687,0.0082658579731934,-0.4032089531511891,False,False,,
1600,4.43008,207693.0,1251.1626506024097,1240.867469879518,1446.364773984309,1437.775247176687,0.0059741790829195,-0.4032193726171384,False,False,,
1601,4.4328488,208487.0,1255.94578313253,1240.867469879518,1446.4493314048757,1437.775247176687,0.0060329903753886,0.0212355093780201,False,False,,
1602,4.4356176000000005,206885.0,1246.2951807228917,1240.867469879518,1446.5338473769605,1437.775247176687,0.0060917728396512,-0.007526559878092,False,False,,
1603,4.4383864,205270.0,1236.566265060241,1240.6385542168675,1446.3894062582297,1437.775247176687,0.0059913112974078,-0.1467555282521907,False,False,,
1604,4.4411552,205595.0,1238.5240963855422,1239.5301204819275,1445.3654056593518,1437.775247176687,0.0052790994264018,-0.1180142673008719,False,False,,
1605,4.443924,205429.0,1237.5240963855422,1239.5301204819275,1445.4497974078538,1437.775247176687,0.0053377954908024,-0.1051620765166636,False,False,,
1606,4.4466928,205097.0,1235.5240963855422,1238.5240963855422,1444.5281236926974,1437.775247176687,0.0046967539114831,-0.1051724653755328,False,False,,
1607,4.4494616,204883.0,1234.2349397590365,1238.5240963855422,1444.6124327269313,1437.775247176687,0.0047553924465388,-0.104426226510352,False,False,,
1608,4.4522304,204234.0,1230.3253012048192,1237.5240963855422,1443.6967004344372,1437.775247176687,0.0041184832395593,-0.1044366051868709,False,False,,
1609,4.4549992000000005,207531.0,1250.186746987952,1237.5240963855422,1443.780926835473,1437.775247176687,0.004177064301656,-0.0991506203544833,False,False,,
1610,4.457768,203682.0,1227.0,1236.566265060241,1442.907280624985,1437.775247176687,0.0035694267642846,-0.2300567041334188,False,False,,
1611,4.4605368,205762.0,1239.5301204819275,1235.5240963855422,1441.949255799115,1437.775247176687,0.0029031022968469,-0.1097640691233163,False,False,,
1612,4.4633056,207202.0,1248.2048192771083,1235.5240963855422,1442.0333584021864,1437.775247176687,0.0029615972551073,0.0211212878097585,False,False,,
1613,4.4660744,204415.0,1231.4156626506024,1235.5240963855422,1442.117419779719,1437.775247176687,0.0030200635402222,-0.1408063086268,False,False,,
1614,4.4688432,206364.0,1243.1566265060242,1234.2349397590365,1440.9122833254146,1437.775247176687,0.0021818682404555,0.2783522811159742,False,False,,
1615,4.471612,203931.0,1228.5,1237.5722891566263,1444.3336117100737,1437.775247176687,0.0045614671321301,0.4402591811714836,False,False,,
1616,4.4743808000000005,206874.0,1246.2289156626507,1237.5722891566263,1444.4175495321972,1437.775247176687,0.0046198474821108,-0.644748010656526,False,False,,
1617,4.4771496,204126.0,1229.6746987951808,1232.2710843373493,1439.2002413902771,1437.775247176687,0.0009911105483201,-0.6447583436358097,False,False,,
1618,4.4799184,203855.0,1228.0421686746988,1232.2710843373493,1439.2840969430365,1437.775247176687,0.0010494336783947,-0.0440103020225109,False,False,,
1619,4.4826872,205437.0,1237.5722891566263,1231.7530120481929,1438.8498391021992,1437.775247176687,0.0007473990998403,-0.0863914922463766,False,False,,
1620,4.485456,207288.0,1248.7228915662652,1231.4156626506024,1438.5962630686377,1437.775247176687,0.0005710321509312,-0.0387345842442668,False,False,,
1621,4.4882248,203980.0,1228.7951807228917,1231.2771084337348,1438.5414411516467,1437.775247176687,0.0005329024661292,-0.1976356496240289,False,False,,
1622,4.4909936,206094.0,1241.5301204819275,1229.6746987951808,1437.022722768946,1437.775247176687,-0.0005233950224268,-0.180243636775061,False,False,,
1623,4.4937624000000005,204557.0,1232.2710843373493,1229.6746987951808,1437.106373000895,1437.775247176687,-0.0004652146968763,-0.0221198093873169,False,False,,
1624,4.4965312,203597.0,1226.487951807229,1229.3313253012047,1436.8466087350728,1437.775247176687,-0.0006458856788899,-0.0894695211799806,False,False,,
1625,4.4993,204471.0,1231.7530120481929,1228.7951807228917,1436.3940324012176,1437.775247176687,-0.0009606611173626,0.0209870905119784,False,False,,
1626,4.5020688,204069.0,1229.3313253012047,1229.3313253012047,1437.0137042603826,1437.775247176687,-0.0005296675664708,0.0209768030287383,False,False,,
1627,4.5048376,204392.0,1231.2771084337348,1228.7951807228917,1436.5610460193943,1437.775247176687,-0.0008444999729106,-0.0796642894207145,False,False,,
1628,4.5076064,203197.0,1224.078313253012,1228.5301204819275,1436.3794311922986,1437.775247176687,-0.0009708165355669,-0.0123351526044298,False,False,,
1629,4.5103752,201042.0,1211.0963855421687,1228.5301204819275,1436.4628357027696,1437.775247176687,-0.0009128071139729,-0.2355491013025912,False,False,,
1630,4.5131440000000005,202394.0,1219.2409638554218,1226.487951807229,1434.5040306551946,1437.775247176687,-0.0022751932389402,-0.2355593686296734,False,False,,
1631,4.5159128,201887.0,1216.186746987952,1226.487951807229,1434.5873534190118,1437.775247176687,-0.0022172406736969,-0.2817236114543247,False,False,,
1632,4.5186816,203936.0,1228.5301204819275,1224.078313253012,1432.260996785336,1437.775247176687,-0.0038352659097301,-0.4247355460994655,False,False,,
1633,4.5214504,204703.0,1233.1506024096386,1222.9397590361446,1431.2056836657537,1437.775247176687,-0.0045692562337774,-0.3831315535948982,False,False,,
1634,4.5242192,202003.0,1216.8855421686746,1220.8614457831325,1429.2105707067822,1437.775247176687,-0.0059568952009173,-0.2401401234242101,False,False,,
1635,4.526988,202244.0,1218.3373493975903,1220.8614457831325,1429.2937302175787,1437.775247176687,-0.0058990561812514,0.0208844423062275,False,False,,
1636,4.5297568,204499.0,1231.921686746988,1220.8614457831325,1429.3768489651225,1437.775247176687,-0.0058412455132023,0.2819090130572449,False,False,,
1637,4.5325256000000005,202501.0,1219.8855421686746,1222.9397590361446,1431.5382402224072,1437.775247176687,-0.0043379568305455,0.3212431577539126,False,False,,
1638,4.5352944,204620.0,1232.6506024096386,1223.2530120481929,1431.9345305154282,1437.775247176687,-0.004062329402824,0.0601981227026562,False,False,,
1639,4.5380632,201866.0,1216.0602409638554,1223.2530120481929,1432.017527093063,1437.775247176687,-0.0040046037062674,-0.0185008531087121,False,False,,
1640,4.540832,203008.0,1222.9397590361446,1222.9397590361446,1431.7872299752644,1437.775247176687,-0.0041647797269988,-0.2795458781361856,False,False,,
1641,4.5436008,202663.0,1220.8614457831325,1220.8614457831325,1429.791831953058,1437.775247176687,-0.0055526169610344,-0.2402117133918196,False,False,,
1642,4.5463696,203643.0,1226.7650602409635,1220.8614457831325,1429.8747065403522,1437.775247176687,-0.0054949761110774,0.091935414805491,False,False,,
1643,4.5491384,203155.0,1223.8253012048192,1221.4277108433737,1430.5238055642992,1437.775247176687,-0.0050435154080075,0.0919252127133747,False,False,,
1644,4.5519072000000005,203218.0,1224.2048192771083,1221.4277108433737,1430.6065989243295,1437.775247176687,-0.0049859310531558,0.0207924882473761,False,False,,
1645,4.554676,203060.0,1223.2530120481929,1221.4277108433737,1430.6893517005876,1437.775247176687,-0.0049283749250888,-0.0503402312201678,False,False,,
1646,4.5574448,201205.0,1212.078313253012,1220.8614457831325,1430.2057988527258,1437.775247176687,-0.0052646951175607,-0.0503504183170134,False,False,,
1647,4.5602136,201835.0,1215.8734939759036,1220.8614457831325,1430.2884705211095,1437.775247176687,-0.0052071954015611,0.0026029837949311,False,False,,
1648,4.5629824,202611.0,1220.5481927710844,1220.7168674698796,1430.226523352119,1437.775247176687,-0.0052502808344979,-0.018592627003421,False,False,,
1649,4.5657512,201686.0,1214.9759036144578,1220.5481927710844,1430.140439293329,1437.775247176687,-0.0053101539328553,-0.3189819838906386,False,False,,
1650,4.56852,202757.0,1221.4277108433737,1218.012048192771,1427.6868448706186,1437.775247176687,-0.0070166754684908,-0.3401775847141141,False,False,,
1651,4.5712888000000005,203097.0,1223.4759036144578,1217.6746987951808,1427.432005164073,1437.775247176687,-0.0071939213259682,-0.2478797858070287,False,False,,
1652,4.5740576,200131.0,1205.6084337349398,1215.8734939759036,1425.7132695911173,1437.775247176687,-0.0083893345703753,-0.3182558477225048,False,False,,
1653,4.5768264,202639.0,1220.7168674698796,1214.9759036144578,1424.8981080510953,1437.775247176687,-0.008956294908316,-0.0920358330536847,False,False,,
1654,4.5795952,202134.0,1217.6746987951808,1214.9759036144578,1424.9804964674363,1437.775247176687,-0.0088989921994934,-0.103395319745472,False,False,,
1655,4.582364,201522.0,1213.987951807229,1213.987951807229,1424.074892691273,1437.775247176687,-0.0095288568309385,-0.3508210625369414,False,False,,
1656,4.5851328,200702.0,1209.0481927710844,1212.0180722891566,1422.187320838785,1437.775247176687,-0.0108416989153981,-0.245660654009675,False,False,,
1657,4.5879016,202190.0,1218.012048192771,1211.867469879518,1422.1189857490372,1437.775247176687,-0.0108892272685826,-0.1858975984120923,False,False,,
1658,4.5906704000000005,200922.0,1210.3734939759036,1210.3734939759036,1420.707236839396,1437.775247176687,-0.0118711254563649,-0.2668663473340613,False,False,,
1659,4.5934392,201195.0,1212.0180722891566,1209.578313253012,1419.994242804328,1437.775247176687,-0.0123670263535797,-0.0792340570573775,False,False,,
1660,4.596208,200790.0,1209.578313253012,1209.578313253012,1420.0763892057582,1437.775247176687,-0.0123098919707256,-0.0459527786746791,False,False,,
1661,4.5989768,200587.0,1208.355421686747,1209.0481927710844,1419.628374858616,1437.775247176687,-0.0126214944607686,-0.1329744937644137,False,False,,
1662,4.6017456,199154.0,1199.7228915662652,1208.355421686747,1419.0176696621563,1437.775247176687,-0.0130462515273955,-0.0853173754641685,False,False,,
1663,4.6045144,201170.0,1211.867469879518,1208.2048192771083,1418.9490929132169,1437.775247176687,-0.013093947959139,-0.0656552895802984,False,False,,
1664,4.6072832,200562.0,1208.2048192771083,1207.6686746987953,1418.4949337881424,1437.775247176687,-0.0134098242589754,-0.049776311902649,False,False,,
1665,4.6100520000000005,200325.0,1206.7771084337348,1207.644578313253,1418.5527826680873,1437.775247176687,-0.0133695892639311,0.0175530096766505,False,False,,
1666,4.6128208,199835.0,1203.8253012048192,1207.644578313253,1418.6346877655226,1437.775247176687,-0.01331262271259,0.0205694125132169,False,False,,
1667,4.6155896,199870.0,1204.0361445783133,1207.644578313253,1418.716552714595,1437.775247176687,-0.0132556840851979,0.0205593297679835,False,False,,
1668,4.6183584,200384.0,1207.132530120482,1207.644578313253,1418.798377534985,1437.775247176687,-0.0131987733680668,-0.0437636717247715,False,False,,
1669,4.6211272,199569.0,1202.2228915662652,1207.132530120482,1418.3681140535923,1437.775247176687,-0.013498029793741,0.0205391791022582,False,False,,
1670,4.623896,199312.0,1200.6746987951808,1207.644578313253,1418.96190686839,1437.775247176687,-0.0130850356098701,0.0848420348668499,False,False,,
1671,4.6266648,200473.0,1207.6686746987953,1207.644578313253,1419.0436114207162,1437.775247176687,-0.0130282085414623,0.0205190481866655,False,False,,
1672,4.6294336000000005,200469.0,1207.644578313253,1207.644578313253,1419.1252759229833,1437.775247176687,-0.0129714093286316,0.0235354806556924,False,False,,
1673,4.6322024,202648.0,1220.7710843373493,1207.6686746987953,1419.2309967803656,1437.775247176687,-0.0128978784637834,1.1660256013141947,False,False,,
1674,4.6349712,204724.0,1233.2771084337348,1216.7650602409635,1428.408966783569,1437.775247176687,-0.0065144259587928,1.666143112633208,True,False,1674.0,6.0
1675,4.63774,201983.0,1216.7650602409635,1220.7710843373493,1432.496535349797,1437.775247176687,-0.0036714443632653,0.6053481397910709,False,False,,
1676,4.6405088,200020.0,1204.9397590361446,1221.421686746988,1433.228642257689,1437.775247176687,-0.0031622500998857,0.994998756737966,False,False,,
1677,4.6432776,202756.0,1221.421686746988,1228.5301204819275,1440.4185405388855,1437.775247176687,0.001838460752047,1.5094921128271364,False,False,,
1678,4.6460464,203936.0,1228.5301204819275,1233.2771084337348,1445.2469531045374,1437.775247176687,0.0051967134241062,1.72814602486079,False,False,,
1679,4.6488152000000005,206595.0,1244.5481927710844,1242.1265060240964,1454.177735395905,1437.775247176687,0.0114082421793165,1.3021574596474492,False,False,,
1680,4.651584,206193.0,1242.1265060240964,1243.4819277108434,1455.6145018903844,1437.775247176687,0.0124075405726507,0.2905429824534513,False,False,,
1681,4.6543528,207147.0,1247.8734939759036,1244.2771084337348,1456.4909875472897,1437.775247176687,0.0130171529989505,0.1543408949850815,False,False,,
1682,4.6571216,207979.0,1252.8855421686746,1244.5481927710844,1456.8433369644792,1437.775247176687,0.0132622187127202,0.4721123914131189,False,False,,
1683,4.6598904,208585.0,1256.5361445783133,1247.8734939759036,1460.2498634145009,1437.775247176687,0.0156315225776399,1.0675643985614998,False,False,,
1684,4.6626592,206550.0,1244.2771084337348,1252.8855421686746,1465.343097037363,1437.775247176687,0.0191739633261946,1.1084120216168856,False,False,,
1685,4.665428,206418.0,1243.4819277108434,1256.5361445783133,1469.0748450814974,1437.775247176687,0.0217694649885458,0.9442149163974808,False,False,,
1686,4.6681968000000005,209200.0,1260.2409638554218,1260.2409638554218,1472.8607702170143,1437.775247176687,0.0244026478472375,0.8140658345011573,False,False,,
1687,4.6709656,211579.0,1274.5722891566263,1262.855421686747,1475.556294150157,1437.775247176687,0.0262774359536792,1.68417187653764,False,False,,
1688,4.6737344,209634.0,1262.855421686747,1273.487951807229,1486.269850635355,1437.775247176687,0.0337289180307531,1.3557876749406983,False,False,,
1689,4.6765032,212943.0,1282.789156626506,1273.487951807229,1486.3508372824467,1437.775247176687,0.0337852457824311,0.1565308292104497,False,False,,
1690,4.679272,212560.0,1280.4819277108434,1274.5722891566263,1487.516121580781,1437.775247176687,0.0345957231505889,0.5212129679825406,False,False,,
1691,4.6820408,212061.0,1277.4759036144578,1277.4759036144578,1490.500643308853,1437.775247176687,0.0366715147139314,0.7625656226832636,False,False,,
1692,4.6848096,211399.0,1273.487951807229,1280.4819277108434,1493.5875350162332,1437.775247176687,0.0388185065427599,0.6876500222403665,False,False,,
1693,4.6875784000000005,214446.0,1291.8433734939758,1282.789156626506,1495.9755919030847,1437.775247176687,0.0404794454770898,1.1401004009374764,False,False,,
1694,4.6903472,214638.0,1293.0,1289.3975903614455,1502.6648139888382,1437.775247176687,0.0451319265229896,1.1574927713173675,False,False,,
1695,4.693116,214040.0,1289.3975903614455,1291.8433734939758,1505.191345871228,1437.775247176687,0.0468891774475352,0.472739344406472,False,False,,
1696,4.6958848,211326.0,1273.0481927710844,1293.0,1506.4286815455698,1437.775247176687,0.047749767916575,0.2555787087283541,False,False,,
1697,4.6986536,214757.0,1293.7168674698796,1293.7168674698796,1507.226218621627,1437.775247176687,0.0483044701049894,1.0144612727466136,False,False,,
1698,4.7014224,215952.0,1300.9156626506024,1300.9156626506024,1514.5056438657791,1437.775247176687,0.0533674486605369,1.2656500558003874,False,False,,
1699,4.7041912,218077.0,1313.7168674698796,1303.632530120482,1517.3031018757242,1437.775247176687,0.0553131338539899,0.361476085198019,False,False,,
1700,4.7069600000000005,217743.0,1311.7048192771083,1303.632530120482,1517.383652911799,1437.775247176687,0.0553691586299296,0.1435588463644048,False,False,,
1701,4.7097288,216926.0,1306.7831325301204,1304.6144578313254,1518.4460921740904,1437.775247176687,0.0561081053216171,0.4159330777005205,False,False,,
1702,4.7124976,216566.0,1304.6144578313254,1306.7831325301204,1520.6952389590613,1437.775247176687,0.057672429641004,0.3970076007135006,False,False,,
1703,4.7152664,217853.0,1312.367469879518,1307.6144578313254,1521.6069969005152,1437.775247176687,0.0583065746113283,0.1571483201440955,False,False,,
1704,4.7180352,217107.0,1307.8734939759036,1307.8734939759036,1521.9464262587514,1437.775247176687,0.0585426541786339,0.2638222097245943,False,False,,
1705,4.720804,217386.0,1309.55421686747,1309.55421686747,1523.7075029567106,1437.775247176687,0.0597675164798993,0.3001301994154914,False,False,,
1706,4.7235728,216403.0,1303.632530120482,1310.1024096385545,1524.3360101462397,1437.775247176687,0.0602046551709172,0.0890225934091475,False,False,,
1707,4.7263416000000005,214927.0,1294.7409638554218,1310.1024096385545,1524.4162851960427,1437.775247176687,0.0602604879931618,0.020160047001136,False,False,,
1708,4.7291104,217477.0,1310.1024096385545,1310.1024096385545,1524.496520896503,1437.775247176687,0.0603162934471907,0.0814365980826927,False,False,,
1709,4.7318792,217064.0,1307.6144578313254,1310.5903614457832,1525.064669074137,1437.775247176687,0.0607114512987046,0.3046303971805439,False,False,,
1710,4.734648,217558.0,1310.5903614457832,1312.367469879518,1526.921934567501,1437.775247176687,0.0620032147346178,0.3469913921565855,False,False,,
1711,4.7374168,219161.0,1320.2469879518071,1313.1927710843374,1527.8273535404428,1437.775247176687,0.062632950831911,0.661736539364556,False,False,,
1712,4.7401856,219302.0,1321.0963855421687,1317.4759036144578,1532.1905645664388,1437.775247176687,0.0656676469950031,0.9061157866663052,False,False,,
1713,4.7429544,219858.0,1324.44578313253,1320.2469879518071,1535.0416881466676,1437.775247176687,0.0676506576121546,0.4748310287423969,False,False,,
1714,4.7457232000000005,219926.0,1324.855421686747,1321.0963855421687,1535.9710857461532,1437.775247176687,0.0682970712997671,0.5474569483272997,False,False,,
1715,4.748492,220447.0,1327.9939759036145,1324.44578313253,1539.4004441311156,1437.775247176687,0.0706822552092109,0.4922136479935783,False,False,,
1716,4.7512608,217990.0,1313.1927710843374,1324.855421686747,1539.890004284632,1437.775247176687,0.0710227535968954,0.4657220124896302,False,False,,
1717,4.7540296,220668.0,1329.3253012048192,1327.9939759036145,1543.1084409247107,1437.775247176687,0.0732612374255736,0.4770615133932629,False,False,,
1718,4.7567984,220530.0,1328.4939759036145,1328.4939759036145,1543.688284191037,1437.775247176687,0.073664529433462,0.1872652117242967,False,False,,
1719,4.7595672,218701.0,1317.4759036144578,1329.3253012048192,1544.599413620877,1437.775247176687,0.0742982372620181,0.3597653428116185,False,False,,
1720,4.762336,221558.0,1334.686746987952,1331.198795180723,1546.5526726069097,1437.775247176687,0.0756567659958158,0.284849878168492,False,False,,
1721,4.7651048000000005,221018.0,1331.433734939759,1331.433734939759,1546.8673382767429,1437.775247176687,0.075875621947364,0.4581066415211818,False,False,,
1722,4.7678736,222028.0,1337.5180722891566,1334.686746987952,1550.2000371555678,1437.775247176687,0.0781935773339025,0.4739859023045021,False,False,,
1723,4.7706424,223696.0,1347.566265060241,1335.0481927710844,1550.641130708323,1437.775247176687,0.0785003662799645,0.1947823415563743,False,False,,
1724,4.7734112,221944.0,1337.012048192771,1336.078313253012,1551.7508599180114,1437.775247176687,0.0792722040285051,0.2477361209097051,False,False,,
1725,4.77618,220979.0,1331.198795180723,1336.8614457831325,1552.6135621531678,1437.775247176687,0.0798722298231141,0.1372594166336345,False,False,,
1726,4.7789488,221919.0,1336.8614457831325,1337.012048192771,1552.8436952642462,1437.775247176687,0.0800322917740556,0.1024449803260036,False,False,,
1727,4.7817176,221618.0,1335.0481927710844,1337.5180722891566,1553.429211077594,1437.775247176687,0.0804395291461674,0.2030659998844655,False,False,,
1728,4.7844864000000005,222557.0,1340.7048192771083,1338.4698795180725,1554.4604710581036,1437.775247176687,0.0811567900550159,0.2181886668660695,False,True,1674.0,6.0
1729,4.7872552,221789.0,1336.078313253012,1339.0963855421687,1555.1663908875264,1437.775247176687,0.0816477707078049,0.2015331881152171,False,False,,
1730,4.790024,222290.0,1339.0963855421687,1339.9156626506024,1556.065042874109,1437.775247176687,0.0822728002375226,0.1228346583637307,False,False,,
1731,4.7927928,222585.0,1340.8734939759036,1339.9156626506024,1556.1443788441622,1437.775247176687,0.08232797991196,0.1190417739373508,False,False,,
1732,4.7955616,222426.0,1339.9156626506024,1340.7048192771083,1557.0128325516978,1437.775247176687,0.0829320059648781,0.1258416111436258,False,False,,
1733,4.7983304,224601.0,1353.0180722891566,1340.7590361445782,1557.1463076302357,1437.775247176687,0.0830248404178289,0.0410901147080871,False,False,,
1734,4.8010992,222186.0,1338.4698795180725,1340.8734939759036,1557.3399848217216,1437.775247176687,0.0831595465840856,0.1757591862350374,False,False,,
1735,4.8038680000000005,222772.0,1342.0,1342.0,1558.5456713741148,1437.775247176687,0.0839981244875241,0.2067709620090223,False,False,,
1736,4.8066368,224689.0,1353.5481927710844,1342.3614457831325,1558.9862588727149,1437.775247176687,0.0843045614633068,0.2430791009848576,False,False,,
1737,4.8094056,222566.0,1340.7590361445782,1343.7771084337348,1560.4810244449811,1437.775247176687,0.0853441993171379,0.2112912078905289,False,False,,
1738,4.8121744,222832.0,1342.3614457831325,1343.8855421686746,1560.668522326797,1437.775247176687,0.0854746076561215,0.4095165995922869,False,False,,
1739,4.8149432,223582.0,1346.879518072289,1346.879518072289,1563.7415236215063,1437.775247176687,0.0876119384390403,0.7893314276624341,False,False,,
1740,4.817712,225264.0,1357.012048192771,1350.012048192771,1566.9530403962997,1437.775247176687,0.0898456093699452,0.4132802514888336,False,False,,
1741,4.8204808,223085.0,1343.8855421686746,1350.012048192771,1567.0319883328152,1437.775247176687,0.089900519159685,0.0198267595559684,False,False,,
1742,4.8232496000000005,223067.0,1343.7771084337348,1350.012048192771,1567.1108975705138,1437.775247176687,0.0899554020336623,0.1945968687558732,False,False,,
1743,4.8260184,224406.0,1351.8433734939758,1351.4036144578313,1568.581334393425,1437.775247176687,0.090978118780107,0.1945871548093514,False,False,,
1744,4.8287872,224102.0,1350.012048192771,1351.4036144578313,1568.660166290389,1437.775247176687,0.0910329478621341,0.075031069824174,False,False,,
1745,4.831556,224900.0,1354.8192771084337,1351.8433734939758,1569.1787185815608,1437.775247176687,0.0913936108323654,0.1960809864618653,False,False,,
1746,4.8343248,224566.0,1352.8072289156626,1352.8072289156626,1570.22132863528,1437.775247176687,0.0921187659327654,0.1408378346829302,False,False,,
1747,4.8370936,224730.0,1353.7951807228917,1352.8072289156626,1570.3000446632495,1437.775247176687,0.0921735144257056,-0.10129110235804,False,False,,
1748,4.8398624,224333.0,1351.4036144578313,1351.8433734939758,1569.414866684393,1437.775247176687,0.0915578563243475,0.0197588285434839,False,False,,
1749,4.8426312000000005,222110.0,1338.012048192771,1352.8072289156626,1570.457360982684,1437.775247176687,0.092282930914648,0.1408087641948974,False,False,,
1750,4.8454,225391.0,1357.7771084337348,1352.8072289156626,1570.5359613119665,1437.775247176687,0.0923375989369533,0.0197394624671432,False,False,,
1751,4.8481688,225446.0,1358.1084337349398,1352.8072289156626,1570.6145231128228,1437.775247176687,0.0923922401620061,0.0197297865480585,False,False,,
1752,4.8509376,224630.0,1353.1927710843374,1352.8072289156626,1570.6930464041386,1437.775247176687,0.0924468546029418,0.0197201153719746,False,False,,
1753,4.8537064,225714.0,1359.7228915662652,1352.8072289156626,1570.771531204791,1437.775247176687,0.0925014422728899,0.0681342973618761,False,False,,
1754,4.8564752,223718.0,1347.698795180723,1353.1927710843374,1571.2355197023217,1437.775247176687,0.092824155088013,-0.1565922859342841,False,False,,
1755,4.859244,222224.0,1338.698795180723,1351.4036144578313,1569.5247709517334,1437.775247176687,0.0916342968303002,0.0196911302781366,False,False,,
1756,4.8620128000000005,224912.0,1354.8915662650602,1353.1927710843374,1571.392297020068,1437.775247176687,0.0929331966910412,0.2443983996495404,False,False,,
1757,4.8647816,223173.0,1344.4156626506024,1353.1927710843374,1571.470628046647,1437.775247176687,0.0929876774081997,0.018915207922781,False,False,,
1758,4.8675504,223819.0,1348.3072289156626,1353.186746987952,1571.5428965804217,1437.775247176687,0.0930379415464343,-0.3003891853991298,False,False,,
1759,4.8703192,224207.0,1350.644578313253,1350.644578313253,1569.0789821582848,1437.775247176687,0.0913242422551334,-0.5205760092486855,False,False,,
1760,4.873088,225150.0,1356.3253012048192,1348.8855421686746,1567.3981619074823,1437.775247176687,0.0901551998376187,-0.2012908920099967,False,False,,
1761,4.8758568,224968.0,1355.2289156626507,1348.8855421686746,1567.4763394612755,1437.775247176687,0.0902095738115388,0.0196332878367435,False,False,,
1762,4.8786256,222813.0,1342.2469879518071,1348.8855421686746,1567.5544786938788,1437.775247176687,0.0902639211323434,0.189863756082989,False,False,,
1763,4.8813944000000005,225060.0,1355.7831325301204,1350.2409638554218,1568.9880013108243,1437.775247176687,0.091260963347224,0.0196140448056603,False,False,,
1764,4.8841632,224629.0,1353.186746987952,1348.8855421686746,1567.7106422706452,1437.775247176687,0.0903725358668599,-0.150635661756457,False,False,,
1765,4.886932,223915.0,1348.8855421686746,1348.8855421686746,1567.7886666523489,1437.775247176687,0.0904268033066819,0.117199140117659,False,False,,
1766,4.8897008,221913.0,1336.8253012048192,1349.6626506024097,1568.6437612216805,1437.775247176687,0.0910215378251755,0.0195852156169564,False,False,,
1767,4.8924696,223189.0,1344.512048192771,1348.8855421686746,1567.944600696182,1437.775247176687,0.0905352583966823,-0.6250668668558674,False,False,,
1768,4.8952384,224420.0,1351.9277108433737,1344.5301204819275,1563.66708870905,1437.775247176687,0.0875601675432743,-0.5274721429776985,False,False,,
1769,4.8980072,222337.0,1339.379518072289,1344.5301204819275,1563.7449602187723,1437.775247176687,0.0876143286577289,0.0195564288019394,False,False,,
1770,4.9007760000000005,224140.0,1350.2409638554218,1344.5301204819275,1563.8227935573225,1437.775247176687,0.0876684632234079,0.0172769747076664,False,False,,
1771,4.9035448,222892.0,1342.7228915662652,1344.512048192771,1563.882516454254,1437.775247176687,0.0877100016328701,-0.0251034741648563,False,False,,
1772,4.9063136,223192.0,1344.5301204819275,1344.1746987951808,1563.6229241089925,1437.775247176687,0.0875294502248725,-0.2051892373004289,False,False,,
1773,4.9090824,224044.0,1349.6626506024097,1342.7228915662652,1562.2488358173373,1437.775247176687,0.0865737457123952,-0.1628279420375822,False,False,,
1774,4.9118512,221940.0,1336.987951807229,1342.7228915662652,1562.326516658214,1437.775247176687,0.0866277742130451,0.019508544771952,False,False,,
1775,4.91462,223133.0,1344.1746987951808,1342.7228915662652,1562.4041594213804,1437.775247176687,0.0866817762299243,-0.1038305069138978,False,False,,
1776,4.9173888,223597.0,1346.9698795180725,1341.7409638554218,1561.4998364146584,1437.775247176687,0.0860528023979587,-0.1038400649539177,False,False,,
1777,4.9201576000000005,221910.0,1336.8072289156626,1341.7409638554218,1561.5774030783905,1437.775247176687,0.0861067514862355,-0.5774953857196916,False,False,,
1778,4.9229264,221465.0,1334.1265060240964,1336.987951807229,1556.901919672187,1437.775247176687,0.0828548639499988,-0.6002036133410495,False,False,,
1779,4.9256952,220755.0,1329.8493975903614,1336.8072289156626,1556.798687419505,1437.775247176687,0.0827830639569995,-0.3399349720457714,False,False,,
1780,4.928464,222729.0,1341.7409638554218,1334.1265060240964,1554.1954171823468,1437.775247176687,0.080972440048798,-0.3172458324094585,False,False,,
1781,4.9312328,220145.0,1326.1746987951808,1334.1265060240964,1554.272831870897,1437.775247176687,0.0810262834354488,0.0194417040360601,False,False,,
1782,4.9340016,223162.0,1344.3493975903614,1334.1265060240964,1554.3502086122007,1437.775247176687,0.0810801004290681,-0.113733409097108,False,False,,
1783,4.9367704,220955.0,1331.05421686747,1333.066265060241,1553.3673064610025,1437.775247176687,0.0803964733092326,-0.3664548933589664,False,False,,
1784,4.9395392000000005,221289.0,1333.066265060241,1331.05421686747,1551.4325591708346,1437.775247176687,0.0790508198116034,-0.3135008297666104,False,False,,
1785,4.942308,220246.0,1326.7831325301204,1330.4156626506024,1550.8712679650985,1437.775247176687,0.0786604311143169,-0.1319209141275639,False,False,,
1786,4.9450768,220849.0,1330.4156626506024,1329.8493975903614,1550.3822280430911,1437.775247176687,0.0783202945575307,-0.0925860485733665,False,False,,
1787,4.9478456,220138.0,1326.132530120482,1329.5240963855422,1550.134114122173,1437.775247176687,0.078147726611737,-0.3657363252269263,False,False,,
1788,4.9506144,221905.0,1336.7771084337348,1326.7831325301204,1547.4702997148745,1437.775247176687,0.076294993082954,-0.3248882050872996,False,False,,
1789,4.9533832,221951.0,1337.05421686747,1326.7831325301204,1547.5474113457665,1437.775247176687,0.0763486256872455,-0.0623496492175537,False,False,,
1790,4.956152,219638.0,1323.120481927711,1326.132530120482,1546.973882768326,1437.775247176687,0.0759497256654469,-0.2795098371562332,False,False,,
1791,4.9589208000000005,218461.0,1316.0301204819275,1324.4036144578313,1545.3220031577075,1437.775247176687,0.0748008120130091,-0.1978040809414238,False,False,,
1792,4.9616896,220701.0,1329.5240963855422,1324.4036144578313,1545.3990014480937,1437.775247176687,0.0748543657868254,-0.0843201695466575,False,False,,
1793,4.9644584,219714.0,1323.578313253012,1323.578313253012,1544.6506607905235,1437.775247176687,0.0743338806421274,-0.0843296482503284,False,False,,
1794,4.9672272,219851.0,1324.4036144578313,1323.578313253012,1544.7275836131375,1437.775247176687,0.0743873819266743,-0.0381851417772249,False,False,,
1795,4.969996,219571.0,1322.7168674698796,1323.120481927711,1544.3466374043066,1437.775247176687,0.0741224266010218,-0.0381946111905548,False,False,,
1796,4.9727648,219182.0,1320.3734939759036,1323.120481927711,1544.4234848331162,1437.775247176687,0.0741758754477455,0.0192992440429602,False,False,,
1797,4.9755336,218523.0,1316.4036144578313,1323.120481927711,1544.5002945927388,1437.775247176687,0.0742292980948341,0.076793103915925,False,False,,
1798,4.9783024000000005,219405.0,1321.7168674698796,1323.578313253012,1545.0348980269405,1437.775247176687,0.0746011249399904,0.0767836484209585,False,False,,
1799,4.981071200000001,220725.0,1329.6686746987953,1323.578313253012,1545.111632503574,1437.775247176687,0.07465449522633,-0.0397456877126707,False,False,,
1800,4.98384,218399.0,1315.6566265060242,1323.1084337349398,1544.7184498483157,1437.775247176687,0.0743810292197128,-0.088935604997081,False,False,,
1801,4.9866088,220298.0,1327.0963855421687,1322.7168674698796,1544.4035428506872,1437.775247176687,0.0741620054200982,-0.1555278381789708,False,False,,
1802,4.9893776,218206.0,1314.4939759036145,1321.7168674698796,1543.480164541165,1437.775247176687,0.0735197782630129,-0.1827756898872241,False,False,,
1803,4.9921464,222054.0,1337.6746987951808,1321.1084337349398,1542.9483149381692,1437.775247176687,0.0731498667597787,0.0192331204192068,False,False,,
1804,4.9949152,220283.0,1327.0060240963855,1321.7168674698796,1543.633295264929,1437.775247176687,0.0736262835906463,0.0956425784959389,False,False,,
1805,4.9976840000000005,220301.0,1327.1144578313254,1321.7168674698796,1543.709804335027,1437.775247176687,0.0736794971024578,-0.0572046161948822,False,False,,
1806,5.000452800000001,217834.0,1312.2530120481929,1321.1084337349398,1543.1778421668555,1437.775247176687,0.0733095073080055,-0.0594839025690845,False,False,,
1807,5.0032216,219636.0,1323.1084337349398,1321.0903614457832,1543.2362039595205,1437.775247176687,0.0733500990435912,0.0169255693646892,False,False,,
1808,5.0059904,215840.0,1300.2409638554218,1321.0903614457832,1543.3126005747704,1437.775247176687,0.0734032343409194,-0.0542063672580415,False,False,,
1809,5.0087592,219304.0,1321.1084337349398,1320.5060240963855,1542.804622392416,1437.775247176687,0.073049925864263,-0.0542157718937765,False,False,,
1810,5.011528,219301.0,1321.0903614457832,1320.5060240963855,1542.8809441296096,1437.775247176687,0.0731030090824804,-1.0174057820053566,False,False,,
1811,5.0142968,219502.0,1322.301204819277,1312.2530120481929,1534.7042164071074,1437.775247176687,0.0674159396058299,-1.161173477436213,False,False,,
1812,5.0170656000000005,216470.0,1304.0361445783133,1311.1084337349398,1533.635885026381,1437.775247176687,0.0666728948338293,-0.4287721608151074,False,False,,
1813,5.019834400000001,219204.0,1320.5060240963855,1308.686746987952,1531.2904078370848,1437.775247176687,0.0650415708881001,-0.869135918642927,False,False,,
1814,5.0226032,216303.0,1303.0301204819275,1304.0361445783133,1526.7159776286237,1437.775247176687,0.0618599677707533,-0.5649830023295692,False,False,,
1815,5.025372,216405.0,1303.644578313253,1304.0361445783133,1526.792112491598,1437.775247176687,0.0619129210144012,0.0191202922919622,False,False,,
1816,5.0281408,215983.0,1301.1024096385545,1304.0361445783133,1526.8682100346723,1437.775247176687,0.0619658483013493,-0.0300695511783732,False,False,,
1817,5.0309096,216174.0,1302.2530120481929,1303.644578313253,1526.5527040110794,1437.775247176687,0.0617464078677958,-0.1072544274254578,False,False,,
1818,5.0336784,217242.0,1308.686746987952,1303.0301204819275,1526.014269137899,1437.775247176687,0.0613719161840381,-0.1556876390780139,False,False,,
1819,5.0364472000000005,217644.0,1311.1084337349398,1302.2530120481929,1525.3131463972625,1437.775247176687,0.0608842719976374,-0.2048774687724872,False,False,,
1820,5.039216000000001,216007.0,1301.2469879518071,1301.2469879518071,1524.3830707471957,1437.775247176687,0.0602373867129635,-0.1072825033401869,False,False,,
1821,5.0419848,215173.0,1296.2228915662652,1301.2469879518071,1524.4589819649914,1437.775247176687,0.0602901844071406,0.0190641266798063,False,False,,
1822,5.0447536,218643.0,1317.1265060240964,1301.2469879518071,1524.5348559725137,1437.775247176687,0.0603429562208656,0.0008958386383088,False,False,,
1823,5.0475224,215742.0,1299.6506024096386,1301.1024096385545,1524.466114474749,1437.775247176687,0.0602951452031841,-0.1814595558897309,False,False,,
1824,5.0502912,213110.0,1283.7951807228917,1299.6506024096386,1523.090106887519,1437.775247176687,0.0593381057841705,-0.1633099484530351,False,False,,
1825,5.05306,215557.0,1298.5361445783133,1299.6506024096386,1523.1658693736233,1437.775247176687,0.0593908000326306,-0.1209484122274862,False,False,,
1826,5.0558288000000005,214467.0,1291.9698795180725,1298.5361445783133,1522.1271368910343,1437.775247176687,0.0586683418566196,-0.4092309614574407,False,False,,
1827,5.058597600000001,215176.0,1296.2409638554218,1296.2409638554218,1519.9076443977149,1437.775247176687,0.0571246426604637,-0.2715349644987235,False,False,,
1828,5.0613664,217383.0,1309.5361445783133,1296.2228915662652,1519.9652232371616,1437.775247176687,0.0571646898372111,-0.1580508871833128,False,False,,
1829,5.0641352,216231.0,1302.5963855421687,1294.8313253012047,1518.6492710179216,1437.775247176687,0.0562494200675972,-0.5151860821846839,False,False,,
1830,5.066904,213845.0,1288.2228915662652,1291.9698795180725,1515.8634022160045,1437.775247176687,0.0543117953885051,-0.3729503357343837,False,False,,
1831,5.0696728,214942.0,1294.8313253012047,1291.710843373494,1515.6799060062042,1437.775247176687,0.0541841702884344,-0.0135638894388812,False,False,,
1832,5.0724416,215903.0,1300.620481927711,1291.710843373494,1515.7554089127048,1437.775247176687,0.0542366839943483,-0.4191229191773384,False,False,,
1833,5.0752104000000005,212889.0,1282.4638554216867,1288.2228915662652,1512.3429230018494,1437.775247176687,0.0518632352111979,-0.8609998306765565,False,False,,
1834,5.077979200000001,214424.0,1291.710843373494,1284.7048192771083,1508.9002796170807,1437.775247176687,0.0494688113319936,-0.4804279370200515,False,False,,
1835,5.080748,212404.0,1279.5421686746988,1284.2469879518071,1508.5178402223153,1437.775247176687,0.0492028174671553,-0.0385696056464812,False,False,,
1836,5.0835168,211480.0,1273.9759036144578,1284.2469879518071,1508.5931951971222,1437.775247176687,0.0492552282837658,-0.205035865564934,False,False,,
1837,5.0862856,210615.0,1268.7650602409635,1282.4638554216867,1506.885380704195,1437.775247176687,0.0480674108580028,-0.5720071183202986,False,False,,
1838,5.0890544,212092.0,1277.6626506024097,1279.5421686746988,1504.0389750748932,1437.775247176687,0.0460876816653552,-0.3609186759507548,False,False,,
1839,5.0918232,213261.0,1284.7048192771083,1279.4397590361446,1504.0118096526146,1437.775247176687,0.0460687875980578,-0.1816083795654819,False,False,,
1840,5.0945920000000005,212387.0,1279.4397590361446,1277.94578313253,1502.593041081954,1437.775247176687,0.0450820071026733,-0.2043163212870737,False,False,,
1841,5.097360800000001,213185.0,1284.2469879518071,1277.6626506024097,1502.3850790195452,1437.775247176687,0.0449373655372985,-0.479736217438357,False,False,,
1842,5.1001296,211112.0,1271.7590361445782,1273.9759036144578,1498.7734656521332,1437.775247176687,0.0424254198249877,-0.5092537537661466,False,False,,
1843,5.1028984,215454.0,1297.9156626506024,1273.4578313253012,1498.3304901544066,1437.775247176687,0.0421173219504441,-0.0984169139395527,False,False,,
1844,5.1056672,211325.0,1273.0421686746988,1273.0421686746988,1497.9898874841772,1437.775247176687,0.041880426322356,0.0188503493418101,False,False,,
1845,5.108436,212139.0,1277.94578313253,1273.4578313253012,1498.48057332214,1437.775247176687,0.0422217076449593,0.0188411092495748,False,False,,
1846,5.1112048,210547.0,1268.355421686747,1273.0421686746988,1498.1398970839205,1437.775247176687,0.0419847608489365,-0.1945357084376766,False,False,,
1847,5.1139736000000005,209709.0,1263.3072289156626,1271.7590361445782,1496.9317142092314,1437.775247176687,0.0411444467059148,-0.1423379778899525,False,False,,
1848,5.116742400000001,211075.0,1271.5361445783133,1271.7590361445782,1497.0066271257294,1437.775247176687,0.041196550062573,-0.0091816212311464,False,False,,
1849,5.1195112,209418.0,1261.55421686747,1271.5361445783133,1496.8586117550376,1437.775247176687,0.0410936025601852,-0.408687592728663,False,False,,
1850,5.12228,211394.0,1273.4578313253012,1268.355421686747,1493.7527283561196,1437.775247176687,0.0389334016490784,-0.4798193375713078,False,False,,
1851,5.1250488,210245.0,1266.5361445783133,1267.566265060241,1493.0383745373283,1437.775247176687,0.0384365549964503,-0.0803318010116331,False,False,,
1852,5.1278176,211972.0,1276.9397590361446,1267.566265060241,1493.1131406780914,1437.775247176687,0.0384885562677963,-0.0697482926022292,False,False,,
1853,5.1305864,210042.0,1265.313253012048,1266.8614457831325,1492.4830508927678,1437.775247176687,0.0380503168513361,-0.1106151186309549,False,False,,
1854,5.1333552000000005,208652.0,1256.9397590361446,1266.5361445783133,1492.23244254872,1437.775247176687,0.0378760139868655,-0.0220994701365055,False,False,,
1855,5.136124000000001,211486.0,1274.012048192771,1266.5361445783133,1492.307098796434,1437.775247176687,0.0379279388255082,-0.0379977402999331,False,False,,
1856,5.1388928,210416.0,1267.566265060241,1266.0843373493976,1491.9299112201218,1437.775247176687,0.0376655977001808,0.0187397666818487,False,False,,
1857,5.1416616,209636.0,1262.867469879518,1266.5361445783133,1492.4563015244685,1437.775247176687,0.0380317121574858,0.0187305807951885,False,False,,
1858,5.1444304,210170.0,1266.0843373493976,1266.0843373493976,1492.0790408117412,1437.775247176687,0.0377693201643922,-0.1348729948129881,False,False,,
1859,5.1471992,210860.0,1270.2409638554218,1265.313253012048,1491.3824664492577,1437.775247176687,0.0372848394614094,-0.1817927748584678,False,False,,
1860,5.149968,210299.0,1266.8614457831325,1264.487951807229,1490.6316386958945,1437.775247176687,0.0367626244943359,-0.2884857383056411,False,False,,
1861,5.1527368,209905.0,1264.487951807229,1262.867469879518,1489.085593714132,1437.775247176687,0.035687320836968,-0.1848376056590366,False,False,,
1862,5.155505600000001,209275.0,1260.6927710843374,1262.867469879518,1489.1599941724678,1437.775247176687,0.0357390677692384,-0.2310007495845942,False,False,,
1863,5.1582744,208641.0,1256.8734939759036,1260.879518072289,1487.2464063538473,1437.775247176687,0.0344081310860689,-0.2544652100688545,False,False,,
1864,5.1610432,210787.0,1269.801204819277,1260.6927710843374,1487.1339869026538,1437.775247176687,0.0343299412219616,-0.1107160644697184,False,False,,
1865,5.163812,208804.0,1257.855421686747,1259.8493975903614,1486.364904511453,1437.775247176687,0.0337950298074614,-0.2537268917773323,False,False,,
1866,5.1665808,208729.0,1257.4036144578313,1258.5240963855422,1485.113857993286,1437.775247176687,0.0329249031860554,-0.2317939809008775,False,False,,
1867,5.1693496,209135.0,1259.8493975903614,1257.855421686747,1484.5194015828702,1437.775247176687,0.0325114474588246,-0.06534614289707,False,False,,
1868,5.1721184,208384.0,1255.3253012048192,1257.855421686747,1484.593583490819,1437.775247176687,0.0325630423851486,-0.038116864635449,False,False,,
1869,5.174887200000001,209306.0,1260.879518072289,1257.4036144578313,1484.2159218072534,1437.775247176687,0.0323003715092193,-0.1047087882194635,False,False,,
1870,5.177656,207394.0,1249.3614457831325,1256.8734939759036,1483.7599105259026,1437.775247176687,0.0319832069995046,-0.0842891046877634,False,False,,
1871,5.1804248,208915.0,1258.5240963855422,1256.5843373493976,1483.5448267730153,1437.775247176687,0.0318336121631005,-0.1758495661656036,False,False,,
1872,5.1831936,208593.0,1256.5843373493976,1255.3253012048192,1482.3598271929045,1437.775247176687,0.0310094224419059,-0.6782561121554966,False,False,,
1873,5.1859624,207368.0,1249.2048192771083,1251.0361445783133,1478.1446708395122,1437.775247176687,0.028077701116428,-0.5201310962483259,False,False,,
1874,5.1887312,206919.0,1246.5,1251.0361445783133,1478.2186348390624,1437.775247176687,0.028129144483321,-0.0086633068947374,False,False,,
1875,5.1915,208911.0,1258.5,1250.8192771084337,1478.0756951129497,1437.775247176687,0.0280297271881677,-0.1917750889271747,False,False,,
1876,5.194268800000001,207672.0,1251.0361445783133,1249.3614457831325,1476.6917552934035,1437.775247176687,0.0270671707508779,-0.1842179633214664,False,False,,
1877,5.1970376,207636.0,1250.8192771084337,1249.2048192771083,1476.608984072887,1437.775247176687,0.0270096017944786,-0.3408479443220154,False,False,,
1878,5.1998064,206416.0,1243.4698795180725,1246.5,1473.9779838787922,1437.775247176687,0.0251796911743999,-0.3211848476902856,False,False,,
1879,5.2025752,205840.0,1240.0,1246.5,1474.0517667770578,1437.775247176687,0.0252310085819088,-0.0018991844698836,False,False,,
1880,5.205344,206545.0,1244.2469879518071,1246.3373493975903,1473.962862905903,1437.775247176687,0.0251691742504795,-0.0019082673498003,False,False,,
1881,5.2081128,210358.0,1267.2168674698796,1246.3373493975903,1474.036573487875,1437.775247176687,0.0252204413606326,-0.0321822510433085,False,False,,
1882,5.2108816,205584.0,1238.4578313253012,1245.933734939759,1473.7066334804538,1437.775247176687,0.0249909618171021,-0.2440456618818318,False,False,,
1883,5.213650400000001,206825.0,1245.933734939759,1244.2469879518071,1472.0935248290602,1437.775247176687,0.0238690141033957,-0.1933610150911811,False,False,,
1884,5.2164192,205660.0,1238.9156626506024,1244.2469879518071,1472.167127069469,1437.775247176687,0.0239202058599329,-0.0791200627966093,False,False,,
1885,5.219188,206892.0,1246.3373493975903,1243.4698795180725,1471.463584797687,1437.775247176687,0.023430878843653,0.0184751960453555,False,False,,
1886,5.2219568,207945.0,1252.6807228915663,1244.2469879518071,1472.3142233326046,1437.775247176687,0.0240225141055536,0.1977857035464643,False,False,,
1887,5.2247256,205834.0,1239.9638554216867,1244.8975903614455,1473.038319800331,1437.775247176687,0.024526136955612,0.1001723323041625,False,False,,
1888,5.2274944,207070.0,1247.4096385542168,1244.8975903614455,1473.1117778329924,1437.775247176687,0.0245772284129212,-0.3583500297963882,False,False,,
1889,5.2302632,206155.0,1241.8975903614455,1241.8975903614455,1470.185199857886,1437.775247176687,0.0225417378306114,-0.3583590726844399,False,False,,
1890,5.233032000000001,205795.0,1239.7289156626507,1241.8975903614455,1470.2585858926625,1437.775247176687,0.0225927792120238,-0.224445905338571,False,False,,
1891,5.2358008,207232.0,1248.3855421686746,1239.9638554216867,1468.398201015204,1437.775247176687,0.0212988461852091,-0.2244549393634805,False,False,,
1892,5.2385696,205098.0,1235.5301204819275,1239.9638554216867,1468.471515122662,1437.775247176687,0.0213498375398051,-0.0110963868356779,False,False,,
1893,5.2413384,207506.0,1250.0361445783133,1239.7289156626507,1468.309853533866,1437.775247176687,0.0212373988334679,-0.1374613914910964,False,False,,
1894,5.2441072,206653.0,1244.8975903614455,1238.7228915662652,1467.3770716881177,1437.775247176687,0.020588631338284,-0.1079621296033783,False,False,,
1895,5.246876,201854.0,1215.987951807229,1238.7228915662652,1467.4502780367598,1437.775247176687,0.0206395477445762,-0.3826251612157132,False,False,,
1896,5.2496448,204405.0,1231.355421686747,1235.5301204819275,1464.3306774166674,1437.775247176687,0.0184698062455358,-0.38414741838407,False,False,,
1897,5.252413600000001,204839.0,1233.9698795180725,1235.5180722891566,1464.3917638213345,1437.775247176687,0.0185122930005324,-0.1775984474322705,False,False,,
1898,5.2551824,203653.0,1226.8253012048192,1233.9698795180725,1462.9166697984626,1437.775247176687,0.0174863370830353,-0.3599535047313149,False,False,,
1899,5.2579512,205096.0,1235.5180722891566,1232.5060240963855,1461.525877293335,1437.775247176687,0.0165190144727326,-0.1655104870572659,False,False,,
1900,5.26072,205628.0,1238.7228915662652,1232.5060240963855,1461.5989043958054,1437.775247176687,0.0165698062099069,-0.1261751044598118,False,False,,
1901,5.2634888,203911.0,1228.379518072289,1231.355421686747,1460.521293292103,1437.775247176687,0.0158203072142759,-0.1261840942992038,False,False,,
1902,5.2662576,205682.0,1239.0481927710844,1231.355421686747,1460.5942488190528,1437.775247176687,0.0158710491693156,0.0183218429125635,False,False,,
1903,5.2690264,204596.0,1232.5060240963855,1231.355421686747,1460.6671685845538,1437.775247176687,0.0159217662515885,0.1113774455769109,False,False,,
1904,5.271795200000001,202111.0,1217.5361445783133,1232.0963855421687,1461.4810164615576,1437.775247176687,0.0164878129119423,-0.2752656958204755,False,False,,
1905,5.274564,203394.0,1225.2650602409635,1229.0180722891566,1458.475551503729,1437.775247176687,0.014397454934414,-0.3683392517386861,False,False,,
1906,5.2773328,202763.0,1221.4638554216867,1229.0180722891566,1458.5483640900272,1437.775247176687,0.0144480974715151,0.0182859452051209,False,False,,
1907,5.2801016,205858.0,1240.1084337349398,1229.0180722891566,1458.6211409849434,1437.775247176687,0.0144987151845819,-0.0619250171812217,False,False,,
1908,5.2828704,203147.0,1223.7771084337348,1228.379518072289,1458.0553279891055,1437.775247176687,0.0141051814963724,0.0182680227352105,False,False,,
1909,5.2856392,204528.0,1232.0963855421687,1229.0180722891566,1458.7665877706029,1437.775247176687,0.0145998761872804,-0.0975041945532328,False,False,,
1910,5.288408,204017.0,1229.0180722891566,1227.4578313253012,1457.2790167324554,1437.775247176687,0.0135652422686144,-0.4039453106271677,False,False,,
1911,5.291176800000001,204959.0,1234.6927710843374,1225.6566265060242,1455.550446217434,1437.775247176687,0.0123629886351513,-0.207988994900607,False,False,,
1912,5.2939456,203459.0,1225.6566265060242,1225.6566265060242,1455.6230449176985,1437.775247176687,0.0124134824104525,0.0182322304767978,False,False,,
1913,5.2967144,201827.0,1215.8253012048192,1225.6566265060242,1455.695608031424,1437.775247176687,0.0124639514346396,0.0182232933749522,False,False,,
1914,5.2994832,204641.0,1232.7771084337348,1225.6566265060242,1455.7681355760546,1437.775247176687,0.0125143957198456,0.0030819080209707,False,False,,
1915,5.302252,203758.0,1227.4578313253012,1225.5361445783133,1455.7201456413145,1437.775247176687,0.0124810178084966,0.0030729796785773,False,False,,
1916,5.3050208,204883.0,1234.2349397590365,1225.5361445783133,1455.7926021000526,1437.775247176687,0.0125314126521137,0.0181965083456296,False,False,,
1917,5.3077896,202706.0,1221.120481927711,1225.5361445783133,1455.8650230419755,1437.775247176687,0.0125817827931113,-0.0067809580902529,False,False,,
1918,5.310558400000001,203439.0,1225.5361445783133,1225.3373493975903,1455.738613303771,1437.775247176687,0.0124938624185931,-0.5364257154622456,False,False,,
1919,5.3133272,201652.0,1214.7710843373493,1221.120481927711,1451.5940957944058,1437.775247176687,0.0096112717511688,-0.6408485494786138,False,False,,
1920,5.316096,201277.0,1212.512048192771,1220.0903614457832,1450.6362898083814,1437.775247176687,0.0089450994910015,-0.1112216138072341,False,False,,
1921,5.3188648,202535.0,1220.0903614457832,1220.0903614457832,1450.7085688570571,1437.775247176687,0.0089953709425499,-0.1097172706594786,False,False,,
1922,5.3216336,200891.0,1210.186746987952,1219.0722891566263,1449.762740186725,1437.775247176687,0.0083375291329975,-0.4017825042268099,False,False,,
1923,5.3244024,203406.0,1225.3373493975903,1216.7469879518071,1447.5096471882457,1437.775247176687,0.0067704601471434,-0.5220943960489361,False,False,,
1924,5.3271712,204343.0,1230.9819277108434,1214.7710843373493,1445.6059163850016,1437.775247176687,0.0054463792054368,-0.5137804361317758,False,False,,
1925,5.329940000000001,200402.0,1207.2409638554218,1212.512048192771,1443.4190176738614,1437.775247176687,0.0039253496040199,-0.3420359834217678,False,False,,
1926,5.3327088,200846.0,1209.9156626506024,1211.9036144578313,1442.882686011925,1437.775247176687,0.0035523207436403,-0.0583113768730693,False,False,,
1927,5.3354776,199832.0,1203.8072289156626,1211.9036144578313,1442.9547527418272,1437.775247176687,0.0036024445234478,0.0180986329576354,False,False,,
1928,5.3382464,202366.0,1219.0722891566263,1211.9036144578313,1443.026784145953,1437.775247176687,0.0036525437335065,0.0180897613427993,False,False,,
1929,5.3410152,201094.0,1211.4096385542168,1211.9036144578313,1443.098780241617,1437.775247176687,0.0037026183858597,0.018080894076688,False,False,,
1930,5.343784,201980.0,1216.7469879518071,1211.9036144578313,1443.1707410461286,1437.775247176687,0.0037526684925455,0.0180720311571594,False,False,,
1931,5.3465528,200025.0,1204.9698795180725,1211.9036144578313,1443.2426665767855,1437.775247176687,0.0038026940655956,0.0180631725820147,False,False,,
1932,5.349321600000001,200475.0,1207.6807228915663,1211.9036144578313,1443.3145568508792,1437.775247176687,0.0038526951170357,0.0180543183492288,False,False,,
1933,5.3520904,201176.0,1211.9036144578313,1211.9036144578313,1443.3864118856914,1437.775247176687,0.0039026716588862,0.0921944863579337,False,False,,
1934,5.3548592,202610.0,1220.5421686746988,1212.4939759036145,1444.0485931442786,1437.775247176687,0.0043632313046915,0.0921856408033837,False,False,,
1935,5.357628,203000.0,1222.8915662650602,1212.4939759036145,1444.1203777523403,1437.775247176687,0.0044131588633991,-0.05612123621794,False,False,,
1936,5.3603968,202328.0,1218.8433734939758,1211.9036144578313,1443.6017657271327,1437.775247176687,0.004052454347011,0.0180189447985685,False,False,,
1937,5.3631656,200067.0,1205.2228915662652,1212.4939759036145,1444.263841423254,1437.775247176687,0.0045129405721156,0.0921591301467812,False,False,,
1938,5.3659344,201274.0,1212.4939759036145,1212.4939759036145,1444.3355205205942,1437.775247176687,0.0045627947461118,0.0180012840218032,False,False,,
1939,5.368703200000001,202585.0,1220.3915662650602,1212.4939759036145,1444.4071644821677,1437.775247176687,0.0046126244825148,0.0179924601256248,False,False,,
1940,5.371472,200089.0,1205.355421686747,1212.4939759036145,1444.4787733251976,1437.775247176687,0.0046624297933035,0.0179836405547511,False,False,,
1941,5.3742408,202743.0,1221.3433734939758,1212.4939759036145,1444.5503470668982,1437.775247176687,0.0047122106904508,0.0179748253070964,False,False,,
1942,5.3770096,200641.0,1208.6807228915663,1212.4939759036145,1444.621885724476,1437.775247176687,0.0047619671859241,-0.0576962487841444,False,False,,
1943,5.3797784,198823.0,1197.7289156626507,1211.8915662650602,1444.0909796765736,1437.775247176687,0.0043927119431837,-0.4027249754225286,False,False,,
1944,5.3825472,201313.0,1212.7289156626507,1209.144578313253,1441.4154602656822,1437.775247176687,0.0025318373620242,-0.3270715145486945,False,False,,
1945,5.385316,201741.0,1215.3072289156626,1209.144578313253,1441.486893774042,1437.775247176687,0.0025815207242187,-0.0403203351308337,False,False,,
1946,5.388084800000001,201174.0,1211.8915662650602,1208.6807228915663,1441.094436845332,1437.775247176687,0.0023085594742037,-0.0403291287942893,False,False,,
1947,5.3908536,199666.0,1202.8072289156626,1208.6807228915663,1441.1658003400892,1437.775247176687,0.0023581941406074,0.017922024489458,False,False,,
1948,5.3936224,198826.0,1197.7469879518071,1208.6807228915663,1441.2371288537822,1437.775247176687,0.0024078044770165,-0.0448864389818023,False,False,,
1949,5.3963912,201701.0,1215.066265060241,1208.1807228915663,1440.8084224035586,1437.775247176687,0.0021096309961018,-0.5419962887118055,False,False,,
1950,5.39916,199901.0,1204.2228915662652,1204.2228915662652,1436.9218496812553,1437.775247176687,-0.0005935541713541,-0.4648295567181048,False,False,,
1951,5.4019288,200718.0,1209.144578313253,1204.3373493975903,1437.1075311859304,1437.775247176687,-0.0004644091571804,0.017886910140144,False,False,,
1952,5.4046976,199593.0,1202.367469879518,1204.2228915662652,1437.064262115429,1437.775247176687,-0.000494503617762,-0.0313023287490596,False,False,,
1953,5.407466400000001,199809.0,1203.6686746987953,1203.94578313253,1436.8583075471054,1437.775247176687,-0.0006377489328612,-0.05173990333792,False,False,,
1954,5.4102352,200892.0,1210.1927710843374,1203.6686746987953,1436.652318100474,1437.775247176687,-0.000781018506486,-0.0169440215208761,False,False,,
1955,5.413004,200558.0,1208.1807228915663,1203.6686746987953,1436.7234022263667,1437.775247176687,-0.0007315781464352,0.0178518645898234,False,False,,
1956,5.4157728,199490.0,1201.7469879518071,1203.6686746987953,1436.794451508137,1437.775247176687,-0.0006821620211334,-0.1455873744993171,False,False,,
1957,5.4185416,199855.0,1203.94578313253,1202.367469879518,1435.5642611435874,1437.775247176687,-0.0015377827914626,-0.2235282519229996,False,False,,
1958,5.4213104,199920.0,1204.3373493975903,1201.7469879518071,1435.0147588606333,1437.775247176687,-0.0019199720689823,-0.4800320661279493,False,False,,
1959,5.4240792,198646.0,1196.6626506024097,1198.4036144578313,1431.742330218506,1437.775247176687,-0.0041960083608529,-0.6207726134057711,False,False,,
1960,5.426848000000001,198935.0,1198.4036144578313,1196.6626506024097,1430.0722764390805,1437.775247176687,-0.0053575624929782,-0.4671869526901615,False,False,,
1961,5.4296168,198294.0,1194.5421686746988,1194.5421686746988,1428.0226698285585,1437.775247176687,-0.0067831028300695,-0.6480284908811462,False,False,,
1962,5.4323856,197223.0,1188.0903614457832,1191.3614457831325,1424.9127875124132,1437.775247176687,-0.0089460850640815,-0.4051613510711611,False,False,,
1963,5.4351544,197735.0,1191.1746987951808,1191.1746987951808,1424.7968463751438,1437.775247176687,-0.0090267243277613,-0.0291286238147459,False,False,,
1964,5.4379232,197497.0,1189.7409638554218,1190.987951807229,1424.6808705301569,1437.775247176687,-0.009107387731318,-0.1623029233815986,False,False,,
1965,5.440692,197766.0,1191.3614457831325,1189.7409638554218,1423.504619030611,1437.775247176687,-0.0099254929962793,-0.2046825028782299,False,False,,
1966,5.4434608,196779.0,1185.4156626506024,1189.2168674698796,1423.0512244236302,1437.775247176687,-0.0102408375592566,-0.0480703259813901,False,False,,
1967,5.446229600000001,196584.0,1184.2409638554218,1189.2168674698796,1423.1218915454888,1437.775247176687,-0.0101916872334338,0.0177471393863264,False,False,,
1968,5.4489984,197704.0,1190.987951807229,1189.2168674698796,1423.1925240276323,1437.775247176687,-0.0101425610001909,0.0177384400671392,False,False,,
1969,5.4517672,197395.0,1189.1265060240964,1189.2168674698796,1423.263121887041,1437.775247176687,-0.0100934588477181,0.0177297450122004,False,False,,
1970,5.454536,197397.0,1189.1385542168675,1189.2168674698796,1423.333685140686,1437.775247176687,-0.0100443807642113,0.0078849600080226,False,False,,
1971,5.4573048,195444.0,1177.3734939759036,1189.1385542168675,1423.325900552518,1437.775247176687,-0.0100497950931776,0.006363028212039,False,False,,
1972,5.4600736,196104.0,1181.3493975903614,1189.1265060240964,1423.3843464527456,1437.775247176687,-0.0100091448591843,-0.2978079519845422,False,False,,
1973,5.4628424,197410.0,1189.2168674698796,1186.6265060240964,1420.9548059908443,1437.775247176687,-0.0116989364080873,-0.112444085250027,False,False,,
1974,5.465611200000001,198444.0,1195.44578313253,1188.0903614457832,1422.4890864126694,1437.775247176687,-0.0106318152256649,0.2015456331181702,False,False,,
1975,5.46838,198648.0,1196.6746987951808,1188.0903614457832,1422.559476891776,1437.775247176687,-0.0105828573101319,-0.1661816353752532,False,False,,
1976,5.4711488,197960.0,1192.5301204819275,1186.6265060240964,1421.165977445086,1437.775247176687,-0.0115520626497191,-0.1661903006389855,False,False,,
1977,5.4739176,195433.0,1177.3072289156626,1186.6265060240964,1421.2362989328865,1437.775247176687,-0.0115031527189504,0.0070676209919224,False,False,,
1978,5.4766864,196966.0,1186.5421686746988,1186.5421686746988,1421.222248600998,1437.775247176687,-0.0115129249917142,0.0070589642212532,False,False,,
1979,5.4794552,195536.0,1177.9277108433737,1186.5421686746988,1421.292501165112,1437.775247176687,-0.0114640629986788,0.0176430285370119,False,False,,
1980,5.482224,196980.0,1186.6265060240964,1186.5421686746988,1421.36271929272,1437.775247176687,-0.0114152249568877,-0.6353309508597516,False,False,,
1981,5.484992800000001,197223.0,1188.0903614457832,1181.3433734939758,1416.2341078199786,1437.775247176687,-0.0149822716721599,-0.9553909680929517,False,False,,
1982,5.4877616,194567.0,1172.0903614457832,1178.7951807228917,1413.7560643541217,1437.775247176687,-0.0167057979817992,-0.4113879357488881,False,False,,
1983,5.4905304,195680.0,1178.7951807228917,1177.9277108433737,1412.95870939394,1437.775247176687,-0.0172603735051623,-0.1692773291964266,False,False,,
1984,5.4932992,197913.0,1192.2469879518071,1177.3072289156626,1412.40830801653,1437.775247176687,-0.0176431881199574,-0.2494879594924439,False,False,,
1985,5.496068,195183.0,1175.801204819277,1175.801204819277,1410.972330118257,1437.775247176687,-0.0186419380296477,-0.2290677755485841,False,False,,
1986,5.4988368,196103.0,1181.3433734939758,1175.3433734939758,1410.5845106557192,1437.775247176687,-0.0189116738338353,-0.0482435894668422,False,False,,
1987,5.5016056,194591.0,1172.2349397590365,1175.2771084337348,1410.5882231397225,1437.775247176687,-0.0189090917306793,-0.0633846607546995,False,False,,
1988,5.5043744000000006,194630.0,1172.4698795180725,1174.698795180723,1410.079853129258,1437.775247176687,-0.0192626727312305,-0.1920191225649152,False,False,,
1989,5.5071432,195107.0,1175.3433734939758,1173.6084337349398,1409.0594006411395,1437.775247176687,-0.0199724168237946,0.0175567361934576,False,False,,
1990,5.509912,193421.0,1165.186746987952,1174.698795180723,1410.2196367765107,1437.775247176687,-0.0191654505488851,0.1544968265344817,False,False,,
1991,5.5126808,195096.0,1175.2771084337348,1174.698795180723,1410.2894772148193,1437.775247176687,-0.0191168751971772,-0.1194091678900659,False,False,,
1992,5.5154496,194819.0,1173.6084337349398,1173.6084337349398,1409.268921972855,1437.775247176687,-0.0198266907569932,-0.1194177654421788,False,False,,
1993,5.5182184,195000.0,1174.698795180723,1173.6084337349398,1409.338693958965,1437.775247176687,-0.0197781630150898,-0.1254793398331628,False,False,,
1994,5.5209872,193551.0,1165.9698795180725,1172.4698795180725,1408.269877527271,1437.775247176687,-0.0205215451492534,-0.1254879289586417,False,False,,
1995,5.5237560000000006,192985.0,1162.5602409638554,1172.4698795180725,1408.3395811282742,1437.775247176687,-0.0204730649704912,-0.122470023347351,False,False,,
1996,5.5265248,193989.0,1168.6084337349398,1171.355421686747,1407.2947927305368,1437.775247176687,-0.0211997351505413,-0.1262617172126834,False,False,,
1997,5.5292936,195158.0,1175.6506024096386,1171.3253012048192,1407.3343075315304,1437.775247176687,-0.0211722518557279,0.0137048931410004,False,False,,
1998,5.5320624,196691.0,1184.8855421686746,1171.3253012048192,1407.403908680525,1437.775247176687,-0.0211238429342837,0.0174794340023192,False,False,,
1999,5.5348312,194440.0,1171.3253012048192,1171.3253012048192,1407.4734757123256,1437.775247176687,-0.0210754577419966,-0.2102725462181998,False,False,,
2000,5.5376,195529.0,1177.8855421686746,1169.512048192771,1405.7297556316064,1437.775247176687,-0.0222882481862217,-0.2102811101132387,False,False,,
2001,5.5403688,194031.0,1168.8614457831325,1169.512048192771,1405.7992544791798,1437.775247176687,-0.0222399104173597,0.017453742315145,False,False,,
2002,5.5431376000000006,194445.0,1171.355421686747,1169.512048192771,1405.868719259705,1437.775247176687,-0.0221915963427773,0.2451885989394377,False,False,,
2003,5.5459064,193955.0,1168.4036144578313,1171.3253012048192,1407.7514030019283,1437.775247176687,-0.0208821540318733,0.2451800476318149,False,False,,
2004,5.5486752,194017.0,1168.7771084337348,1171.3253012048192,1407.8207996984452,1437.775247176687,-0.0208338873110119,-0.2103153237353172,False,False,,
2005,5.551444,194139.0,1169.512048192771,1169.512048192771,1406.076909365938,1437.775247176687,-0.02204679616859,-0.2920391108794122,False,False,,
2006,5.5542128,194572.0,1172.120481927711,1168.8614457831325,1405.495635635539,1437.775247176687,-0.0224510830914178,-0.0748969543356037,False,False,,
2007,5.5569816,193228.0,1164.0240963855422,1168.7771084337348,1405.480592981746,1437.775247176687,-0.0224615455429189,0.0068097553290185,False,False,,
2008,5.5597504,194751.0,1173.198795180723,1168.7771084337348,1405.549853710373,1437.775247176687,-0.0224133733903079,-0.0295166613596986,False,False,,
2009,5.5625192000000006,192541.0,1159.8855421686746,1168.4036144578313,1405.2455865127704,1437.775247176687,-0.0226249970068644,-0.066599696498609,False,False,,
2010,5.565288,194738.0,1173.120481927711,1168.1084337349398,1405.0195986344943,1437.775247176687,-0.0227821758696385,-0.375310252219168,False,False,,
2011,5.5680568,192218.0,1157.9397590361446,1165.2771084337348,1402.2574322608534,1437.775247176687,-0.0247033150595535,-0.3382442611000984,False,False,,
2012,5.5708256,191523.0,1153.7530120481929,1165.2771084337348,1402.3265572879914,1437.775247176687,-0.0246552372899065,0.0173598621174217,False,False,,
2013,5.5735944,192890.0,1161.987951807229,1165.2771084337348,1402.3956484313208,1437.775247176687,-0.0246071830870921,0.0173513526344013,False,False,,
2014,5.5763632,193436.0,1165.2771084337348,1165.2771084337348,1402.4647057074508,1437.775247176687,-0.0245591524395583,0.3729554841963649,False,False,,
2015,5.579132,194356.0,1170.8192771084337,1168.1084337349398,1405.3650544341874,1437.775247176687,-0.0225419047978062,0.3729469830536764,False,False,,
2016,5.5819008000000006,193906.0,1168.1084337349398,1168.1084337349398,1405.4340440257138,1437.775247176687,-0.0224939212262001,0.0861785086841364,False,False,,
2017,5.5846696,193177.0,1163.7168674698796,1168.6566265060242,1406.0511925709038,1437.775247176687,-0.0220646826881171,0.0861700158736096,False,False,,
2018,5.5874384,191588.0,1154.144578313253,1168.6566265060242,1406.1201145441655,1437.775247176687,-0.0220167461462986,0.2889363925072619,False,False,,
2019,5.5902072,193997.0,1168.6566265060242,1170.8192771084337,1408.3516533355617,1437.775247176687,-0.0204646685209688,0.4167971327689397,False,False,,
2020,5.592976,194838.0,1173.7228915662652,1171.8373493975903,1409.4385800459895,1437.775247176687,-0.0197086903438772,0.2874061824298684,False,False,,
2021,5.5957448,194525.0,1171.8373493975903,1172.9698795180725,1410.6399308365808,1437.775247176687,-0.0188731280451451,0.2541063104667422,False,False,,
2022,5.5985136,194713.0,1172.9698795180725,1173.7228915662652,1411.461729820264,1437.775247176687,-0.0183015512390365,0.3577551389864557,False,False,,
2023,5.6012824000000005,196214.0,1182.012048192771,1175.6807228915663,1413.4883143629736,1437.775247176687,-0.0168920231874936,1.0583792280282929,False,False,,
2024,5.6040512,196640.0,1184.578313253012,1182.012048192771,1419.888359180032,1437.775247176687,-0.0124406704259087,0.8268442390323045,False,False,,
2025,5.60682,195163.0,1175.6807228915663,1182.1265060240964,1420.0715028421766,1437.775247176687,-0.0123132905294303,0.3395708046882464,False,False,,
2026,5.6095888,197973.0,1192.6084337349398,1184.578313253012,1422.591962233389,1437.775247176687,-0.010560263137867,1.1695773761875212,False,False,,
2027,5.6123576,197923.0,1192.3072289156626,1191.301204819277,1429.3834723099314,1437.775247176687,-0.0058366388510539,0.9365291543684054,True,False,2027.0,7.0
2028,5.6151264,196233.0,1182.1265060240964,1191.8975903614455,1430.0484427268543,1437.775247176687,-0.0053741392926363,0.1435801892736402,False,False,,
2029,5.6178952,197855.0,1191.8975903614455,1192.3072289156626,1430.5266325367895,1437.775247176687,-0.0050415491949322,0.106497237334178,False,False,,
2030,5.6206640000000005,197756.0,1191.301204819277,1192.6084337349398,1430.8963550092285,1437.775247176687,-0.0047844001911745,0.996277013300594,False,False,,
2031,5.6234328,199217.0,1200.1024096385545,1200.1024096385545,1438.4588149799197,1437.775247176687,0.0004754343939188,1.6454507965394591,False,False,,
2032,5.6262016,200125.0,1205.5722891566263,1205.5722891566263,1443.997144995447,1437.775247176687,0.0043274481397408,0.9743180916897348,False,False,,
2033,5.6289704,201660.0,1214.8192771084337,1207.7228915662652,1446.2161643493737,1437.775247176687,0.0058708182584602,1.1785977757876689,False,False,,
2034,5.6317392,200482.0,1207.7228915662652,1214.8192771084337,1453.380933299111,1437.775247176687,0.0108540511829429,1.4207085955984509,False,False,,
2035,5.634508,202337.0,1218.8975903614455,1218.8975903614455,1457.5275964394114,1437.775247176687,0.0137381341774465,1.1021620494877438,False,False,,
2036,5.6372768,203586.0,1226.421686746988,1223.4578313253012,1462.1561537867055,1437.775247176687,0.0169573837481865,0.9621784485720012,False,False,,
2037,5.6400456000000005,203781.0,1227.5963855421687,1226.421686746988,1465.1882921044048,1437.775247176687,0.0190662935542591,0.5369481196500394,False,False,,
2038,5.6428144,203094.0,1223.4578313253012,1227.5963855421687,1466.4312403245865,1437.775247176687,0.0199307876555606,0.5354264685723917,False,False,,
2039,5.6455832,204830.0,1233.9156626506024,1230.5481927710844,1469.4512635238984,1437.775247176687,0.0220312711666256,0.8108287047976503,False,False,,
2040,5.648352,204271.0,1230.5481927710844,1233.9156626506024,1472.8869159356068,1437.775247176687,0.0244208326912483,1.185348509886989,False,False,,
2041,5.6511208,206208.0,1242.2168674698796,1239.8493975903614,1478.8887999857411,1437.775247176687,0.0285952570749761,1.0597407595744643,False,False,,
2042,5.6538896,206977.0,1246.8493975903614,1242.2168674698796,1481.3243855702028,1437.775247176687,0.0302892531214681,0.6655319791417131,False,False,,
2043,5.6566584,206672.0,1245.012048192771,1245.012048192771,1484.1876486089798,1437.775247176687,0.0322807069626714,0.4279440875720643,False,False,,
2044,5.6594272000000005,205815.0,1239.8493975903614,1245.487951807229,1484.7316011666323,1437.775247176687,0.0326590363008073,0.2455896522230176,False,False,,
2045,5.662196,208518.0,1256.132530120482,1246.8313253012047,1486.1429902474708,1437.775247176687,0.0336406842208212,0.1880779552037976,False,False,,
2046,5.6649648,206974.0,1246.8313253012047,1246.8493975903614,1486.2290447835085,1437.775247176687,0.0337005367855434,0.9666342702599772,False,False,,
2047,5.6677336,208229.0,1254.3915662650602,1254.3915662650602,1493.8391623814496,1437.775247176687,0.0389935181558131,1.1830199741072436,False,False,,
2048,5.6705024,208941.0,1258.6807228915663,1256.132530120482,1495.6480418528092,1437.775247176687,0.04025162819416,0.5557714477710238,False,False,,
2049,5.6732712,210271.0,1266.6927710843374,1258.6807228915663,1498.2641169488538,1437.775247176687,0.0420711581249901,0.7736704050840348,False,False,,
2050,5.67604,206751.0,1245.487951807229,1262.1566265060242,1501.807869613613,1437.775247176687,0.0445359054293536,0.9590345933344552,False,False,,
2051,5.6788088000000005,210186.0,1266.1807228915663,1266.1807228915663,1505.899781791108,1437.775247176687,0.0473819080890392,0.563312604576593,False,False,,
2052,5.6815776,210588.0,1268.6024096385545,1266.5060240963855,1506.2928655458345,1437.775247176687,0.0476553053084574,0.0813356399054185,False,False,,
2053,5.6843464,209518.0,1262.1566265060242,1266.6927710843374,1506.5473618579424,1437.775247176687,0.0478323123285794,0.2803190478080495,False,False,,
2054,5.6871152,211611.0,1274.7650602409635,1268.6024096385545,1508.5247165268509,1437.775247176687,0.0492076000675993,1.0308803582710446,False,False,,
2055,5.689884,210240.0,1266.5060240963855,1274.7650602409635,1514.7550500507662,1437.775247176687,0.0535409154005414,1.1655508506621306,False,False,,
2056,5.6926528,212355.0,1279.2469879518071,1277.7469879518071,1517.8046275062004,1437.775247176687,0.0556619544582262,0.5140904328588061,False,False,,
2057,5.6954216,213356.0,1285.2771084337348,1278.7228915662652,1518.8481477045964,1437.775247176687,0.0563877425815404,0.1660356944297998,False,False,,
2058,5.6981904000000005,212953.0,1282.8493975903614,1278.933734939759,1519.1265745176308,1437.775247176687,0.0565813937197007,0.0827988811592579,False,False,,
2059,5.7009592,212303.0,1278.933734939759,1279.2469879518071,1519.5073778410688,1437.775247176687,0.0568462496658479,0.0706845993436058,False,False,,
2060,5.703728,212106.0,1277.7469879518071,1279.3614457831325,1519.6893528718715,1437.775247176687,0.0569728167570258,0.1955190179340853,False,False,,
2061,5.7064968,212268.0,1278.7228915662652,1280.6686746987953,1521.0640658913303,1437.775247176687,0.0579289557795597,0.4550322690338113,False,False,,
2062,5.7092656,212374.0,1279.3614457831325,1282.8493975903614,1523.3122398072346,1437.775247176687,0.0594926034500275,0.4156795847074015,False,False,,
2063,5.7120344,212591.0,1280.6686746987953,1283.8433734939758,1524.3736336719437,1437.775247176687,0.0602308230478355,0.1606894544339656,False,False,,
2064,5.7148032,213118.0,1283.8433734939758,1283.9939759036145,1524.5916209956404,1437.775247176687,0.0603824373729011,0.0358384208738478,False,False,,
2065,5.7175720000000005,214043.0,1289.4156626506024,1283.9939759036145,1524.658972878861,1437.775247176687,0.0604292818872665,0.0918202003454684,False,False,,
2066,5.7203408,213143.0,1283.9939759036145,1284.5903614457832,1525.3226772896044,1437.775247176687,0.060890900914334,0.6085851665557538,False,False,,
2067,5.7231096,214778.0,1293.8433734939758,1288.7048192771083,1529.504420991041,1437.775247176687,0.0637993831055861,0.6229527094171612,False,False,,
2068,5.7258784,215151.0,1296.0903614457832,1289.4156626506024,1530.2825172523585,1437.775247176687,0.0643405638380026,0.5760338231774274,False,False,,
2069,5.7286472,215028.0,1295.3493975903614,1293.1566265060242,1534.090701029483,1437.775247176687,0.0669892280048135,0.572999053633346,False,False,,
2070,5.731416,216451.0,1303.921686746988,1293.8433734939758,1534.8446349891765,1437.775247176687,0.0675136033974028,0.2922837823332749,False,False,,
2071,5.7341848,213925.0,1288.7048192771083,1295.3493975903614,1536.4178131234935,1437.775247176687,0.0686077786778624,0.2990851151150995,False,False,,
2072,5.7369536000000005,215271.0,1296.813253012048,1296.0903614457832,1537.2258980991812,1437.775247176687,0.0691698171308642,0.2007159061523271,False,False,,
2073,5.7397224,213242.0,1284.5903614457832,1296.813253012048,1538.0158778841817,1437.775247176687,0.0697192630797714,0.1689294928266456,False,False,,
2074,5.7424912,215352.0,1297.301204819277,1297.301204819277,1538.570885024743,1437.775247176687,0.0701052810903409,0.4435752493680081,False,False,,
2075,5.74526,214664.0,1293.1566265060242,1300.210843373494,1541.547546043009,1437.775247176687,0.0721756053806718,0.526038861519508,False,False,,
2076,5.7480288,219146.0,1320.1566265060242,1301.355421686747,1542.7591139671404,1437.775247176687,0.0730182738898914,0.4829031208639467,False,False,,
2077,5.7507976,217560.0,1310.6024096385545,1303.921686746988,1545.3923358011923,1437.775247176687,0.0748497297027681,0.5714197221592325,False,False,,
2078,5.7535664,217118.0,1307.9397590361446,1305.7710843373493,1547.308657344394,1437.775247176687,0.0761825677433205,0.2490902385128901,False,False,,
2079,5.7563352000000005,215835.0,1300.210843373494,1305.7710843373493,1547.3755484923515,1437.775247176687,0.0762290918075571,0.0167988520727728,False,False,,
2080,5.759104,216025.0,1301.355421686747,1305.7710843373493,1547.4424068515066,1437.775247176687,0.0762755930665587,0.1930836907600959,False,False,,
2081,5.7618728,217902.0,1312.6626506024097,1307.1746987951808,1548.912846895763,1437.775247176687,0.0772983120535104,0.2891665345292988,False,True,2027.0,7.0
2082,5.7646416,218049.0,1313.5481927710844,1307.9397590361446,1549.744699966487,1437.775247176687,0.0778768816681683,0.1128652349401662,False,False,,
2083,5.7674104,216758.0,1305.7710843373493,1307.9397590361446,1549.811460055638,1437.775247176687,0.0779233145785151,0.0167659383380591,False,False,,
2084,5.7701792,218909.0,1318.7289156626507,1307.9397590361446,1549.8781874202296,1437.775247176687,0.0779697247283091,-0.0793333542336007,False,False,,
2085,5.772948,216991.0,1307.1746987951808,1307.1746987951808,1549.1798218353383,1437.775247176687,0.0774839981961111,-0.0793415685577123,False,False,,
2086,5.7757168000000005,216479.0,1304.0903614457832,1307.1746987951808,1549.2464837989253,1437.775247176687,0.0775303628582639,0.4843340817214372,False,False,,
2087,5.7784856,215472.0,1298.0240963855422,1310.8975903614455,1553.0360046523167,1437.775247176687,0.0801660466070506,0.7052596838890857,False,False,,
2088,5.7812544,217901.0,1312.6566265060242,1312.6566265060242,1554.8616374235785,1437.775247176687,0.0814358088837672,0.2376586952809471,False,False,,
2089,5.7840232,217609.0,1310.8975903614455,1312.6566265060242,1554.9282014058283,1437.775247176687,0.0814821053980385,0.0167166886103125,False,False,,
2090,5.786792,216861.0,1306.3915662650602,1312.6566265060242,1554.9947327596465,1437.775247176687,0.0815283792186156,0.0167084943990474,False,False,,
2091,5.7895608,218595.0,1316.8373493975903,1312.6566265060242,1555.061231501027,1437.775247176687,0.0815746303566226,0.0167003042044058,False,False,,
2092,5.7923296,216913.0,1306.7048192771083,1312.6566265060242,1555.1276976459549,1437.775247176687,0.081620858823178,0.0658725890814242,False,False,,
2093,5.7950984000000005,219045.0,1319.5481927710844,1313.0481927710844,1555.5856974754693,1437.775247176687,0.0819394064059199,0.1763313111345859,False,False,,
2094,5.7978672,217966.0,1313.0481927710844,1313.9277108433737,1556.5316165477093,1437.775247176687,0.0825973110917166,0.3374837535188071,False,False,,
2095,5.800636,218566.0,1316.6626506024097,1315.6024096385545,1558.2726837943003,1437.775247176687,0.0838082564394056,0.2270086751507118,False,False,,
2096,5.8034048,218390.0,1315.6024096385545,1315.6024096385545,1558.339019713124,1437.775247176687,0.0838543943312313,0.0166594134121069,False,False,,
2097,5.8061736,220242.0,1326.7590361445782,1315.6024096385545,1558.4053231153086,1437.775247176687,0.0839005096071165,0.0272439641191368,False,False,,
2098,5.8089424,216362.0,1303.3855421686746,1315.686746987952,1558.5559313661906,1437.775247176687,0.0840052605069374,0.0166430851429222,False,False,,
2099,5.8117112,218436.0,1315.879518072289,1315.6024096385545,1558.537832433508,1437.775247176687,0.083992672355404,0.0060422101676262,False,False,,
2100,5.8144800000000005,218404.0,1315.686746987952,1315.6024096385545,1558.6040383813777,1437.775247176687,0.0840387198499617,-0.1937143187203904,False,False,,
2101,5.8172488,218112.0,1313.9277108433737,1313.9277108433737,1556.9955130811363,1437.775247176687,0.0829199599440585,-0.1937224688566221,False,False,,
2102,5.8200176,219010.0,1319.3373493975903,1313.9277108433737,1557.061654139054,1437.775247176687,0.0829659623064217,0.0166104765999666,False,False,,
2103,5.8227864,216444.0,1303.879518072289,1313.9277108433737,1557.127762775849,1437.775247176687,0.0830119421192784,-0.069652645555811,False,False,,
2104,5.8255552,217998.0,1313.2409638554218,1313.2409638554218,1556.507092019463,1437.775247176687,0.0825802538163918,-0.069660783712802,False,False,,
2105,5.828324,218418.0,1315.7710843373493,1313.2409638554218,1556.5731358616829,1437.775247176687,0.0826261885633904,0.0165860621269988,False,False,,
2106,5.8310928,217998.0,1313.2409638554218,1313.2409638554218,1556.6391473304338,1437.775247176687,0.0826721007940263,0.0165779319464256,False,False,,
2107,5.8338616000000005,217674.0,1311.289156626506,1313.2409638554218,1556.7051264415852,1437.775247176687,0.0827179905193369,-0.1476173053162348,False,False,,
2108,5.8366304,217155.0,1308.1626506024097,1311.933734939759,1555.4638442953349,1437.775247176687,0.0818546552041075,-0.1476254275282968,False,False,,
2109,5.8393992,216929.0,1306.801204819277,1311.933734939759,1555.5297587388616,1437.775247176687,0.0819004999518566,-0.0644050562777973,False,False,,
2110,5.842168,218281.0,1314.94578313253,1311.289156626506,1554.9510625590954,1437.775247176687,0.0814980057644636,0.0165454510571567,False,False,,
2111,5.8449368,217781.0,1311.933734939759,1311.933734939759,1555.6614907116334,1437.775247176687,0.0819921220416307,0.01653734078333,False,False,,
2112,5.8477056,217584.0,1310.7469879518071,1311.289156626506,1555.0827299592927,1437.775247176687,0.0815895829427853,-0.1325254239493105,False,False,,
2113,5.8504744,219962.0,1325.0722891566263,1310.7469879518071,1554.6063465829568,1437.775247176687,0.081258249253969,-0.2838580526033052,False,False,,
2114,5.8532432000000005,215436.0,1297.8072289156626,1308.8975903614455,1552.8227020442223,1437.775247176687,0.0800176905906892,-0.3080780751691314,False,False,,
2115,5.856012,215894.0,1300.566265060241,1308.1626506024097,1552.1534831058852,1437.775247176687,0.0795522361049124,-0.2467997363892617,False,False,,
2116,5.8587808,218181.0,1314.3433734939758,1306.801204819277,1550.8577259283215,1437.775247176687,0.07865101237046,-0.5116257478812241,False,False,,
2117,5.8615496,217277.0,1308.8975903614455,1303.9578313253012,1548.0800088405765,1437.775247176687,0.0767190573634452,-0.3413937422107587,False,False,,
2118,5.8643184,217818.0,1312.1566265060242,1303.9518072289156,1548.1396089668667,1437.775247176687,0.0767605103835937,0.0066445858603909,False,False,,
2119,5.8670872,216105.0,1301.8373493975903,1303.879518072289,1548.132911865137,1437.775247176687,0.0767558524221057,0.0073931299677756,False,False,,
2120,5.869856,216457.0,1303.9578313253012,1303.879518072289,1548.1984717680227,1437.775247176687,0.0768014505801032,-0.0024510388079228,False,False,,
2121,5.8726248000000005,216456.0,1303.9518072289156,1303.7289156626507,1548.1133971250194,1437.775247176687,0.0767422795496029,-0.0024591094142429,False,False,,
2122,5.8753936,215981.0,1301.0903614457832,1303.7289156626507,1548.1788927711564,1437.775247176687,0.0767878330158109,0.0164483897266229,False,False,,
2123,5.8781624,216419.0,1303.7289156626507,1303.7289156626507,1548.24435631254,1437.775247176687,0.076833364152553,-0.1764984440393409,False,False,,
2124,5.8809312,215619.0,1298.9096385542168,1302.1927710843374,1546.7736431865944,1437.775247176687,0.0758104552320986,-0.2211472380504329,False,False,,
2125,5.8837,216444.0,1303.879518072289,1301.8373493975903,1546.4836208789284,1437.775247176687,0.0756087392071249,-0.0282165217743202,False,False,,
2126,5.8864688,214846.0,1294.2530120481929,1301.8373493975903,1546.5489882004445,1437.775247176687,0.0756542034211211,-0.0774050436766984,False,False,,
2127,5.8892376,217498.0,1310.2289156626507,1301.0903614457832,1545.8673355283026,1437.775247176687,0.0751801010372608,-0.0774130905757282,False,False,,
2128,5.8920064000000005,214970.0,1295.0,1301.0903614457832,1545.9326387818232,1437.775247176687,0.0752255206907489,0.0164000727938375,False,False,,
2129,5.8947752,216164.0,1302.1927710843374,1301.0903614457832,1545.997910024898,1437.775247176687,0.075270918080364,-0.0010102867461121,False,False,,
2130,5.897544,215958.0,1300.9518072289156,1300.9518072289156,1545.9245950563502,1437.775247176687,0.0752199261268636,-0.257513393945743,False,False,,
2131,5.9003128,215279.0,1296.8614457831325,1298.9096385542168,1543.9476336508994,1437.775247176687,0.0738449119100499,-0.3725280650888027,False,False,,
2132,5.9030816,214049.0,1289.4518072289156,1297.855421686747,1542.9585920892814,1437.775247176687,0.0731570147136278,-0.2371006412202625,False,False,,
2133,5.9058504,217535.0,1310.4518072289156,1296.8915662650602,1542.059880025718,1437.775247176687,0.0725319433992286,-0.1046997039435257,False,False,,
2134,5.9086192,214204.0,1290.3855421686746,1296.8915662650602,1542.1249914517732,1437.775247176687,0.0725772296330701,0.0125687846331672,False,False,,
2135,5.9113880000000005,216275.0,1302.8614457831325,1296.8614457831325,1542.1599504794851,1437.775247176687,0.0726015443010132,0.0125607692355984,False,False,,
2136,5.9141568,216744.0,1305.686746987952,1296.8614457831325,1542.224998088354,1437.775247176687,0.0726467861487891,-0.440664198589058,False,False,,
2137,5.9169256,215284.0,1296.8915662650602,1293.2228915662652,1538.6514595952217,1437.775247176687,0.0701613222349059,-0.5980497135130864,False,False,,
2138,5.9196944,215444.0,1297.855421686747,1291.9698795180725,1537.46343140126,1437.775247176687,0.0693350260552389,-0.2848159476278642,False,False,,
2139,5.9224632,214467.0,1291.9698795180725,1290.8253012048192,1536.3838050883555,1437.775247176687,0.0685841254433217,-0.1274464399385397,False,False,,
2140,5.925232,212692.0,1281.2771084337348,1290.8253012048192,1536.4487252504362,1437.775247176687,0.0686292786494352,-0.0389295878077682,False,False,,
2141,5.9280008,214277.0,1290.8253012048192,1290.3855421686746,1536.0738545537104,1437.775247176687,0.0683685489578774,-0.3854707449542349,False,False,,
2142,5.9307696000000005,212385.0,1279.4277108433737,1287.6265060240964,1533.3796749414885,1437.775247176687,0.0664946958521766,-0.6064125413300445,False,False,,
2143,5.9335384,212591.0,1280.6686746987953,1285.4277108433737,1531.2457045016502,1437.775247176687,0.0650104788690085,-0.2984751142694737,False,False,,
2144,5.9363072,214675.0,1293.2228915662652,1285.120481927711,1531.0032685509846,1437.775247176687,0.0648418600593985,-0.2076883785776111,False,False,,
2145,5.939076,213381.0,1285.4277108433737,1283.644578313253,1529.5921261412116,1437.775247176687,0.063860383703797,-0.4664612947948292,False,False,,
2146,5.9418448,212440.0,1279.7590361445782,1281.2771084337348,1527.2893857216347,1437.775247176687,0.0622587839933425,-0.295472552327082,False,False,,
2147,5.9446136,213746.0,1287.6265060240964,1281.1626506024097,1527.239625621068,1437.775247176687,0.0622241748980305,0.0018721735334583,False,False,,
2148,5.9473824,213085.0,1283.644578313253,1281.1626506024097,1527.3042916381964,1437.775247176687,0.0622691513415014,-0.0458030167308187,False,False,,
2149,5.9501512000000005,211591.0,1274.644578313253,1280.6686746987953,1526.874950053626,1437.775247176687,0.0619705361125819,-0.0458109772973305,False,False,,
2150,5.95292,213330.0,1285.120481927711,1280.6686746987953,1526.9395526901233,1437.775247176687,0.0620154684736197,0.0343830649928005,False,False,,
2151,5.9556888,212050.0,1277.4096385542168,1280.813253012048,1527.1487019728572,1437.775247176687,0.062160935773286,-0.020858339881542,False,False,,
2152,5.9584576,212122.0,1277.8433734939758,1280.3734939759036,1526.7734822546995,1437.775247176687,0.0618999633306916,-0.0390252319069457,False,False,,
2153,5.9612264,212673.0,1281.1626506024097,1280.3734939759036,1526.8379899367078,1437.775247176687,0.0619448296490781,0.0714337273439564,False,False,,
2154,5.9639952,212024.0,1277.2530120481929,1280.813253012048,1527.3422250343892,1437.775247176687,0.0622955347392315,0.0161923341587684,False,False,,
2155,5.966764,212932.0,1282.7228915662652,1280.3734939759036,1526.9669104548095,1437.775247176687,0.0620344963187157,-0.2244215998872043,False,False,,
2156,5.9695328000000005,212542.0,1280.3734939759036,1278.8975903614455,1525.5554197074373,1437.775247176687,0.0610527776876961,-0.1691960810687476,False,False,,
2157,5.9723016,212069.0,1277.5240963855422,1278.8975903614455,1525.6198010005278,1437.775247176687,0.0610975561001892,-0.116240426256585,False,False,,
2158,5.9750704,212615.0,1280.813253012048,1277.8433734939758,1524.62993386763,1437.775247176687,0.0604090847032575,-0.1162483517727679,False,False,,
2159,5.9778392,211169.0,1272.1024096385545,1277.8433734939758,1524.6942520591542,1437.775247176687,0.0604538192274123,0.1485616476722189,False,False,,
2160,5.980608,214170.0,1290.1807228915663,1278.8975903614455,1525.812755590561,1437.775247176687,0.0612317596834072,0.1485537299240071,False,False,,
2161,5.9833768,214353.0,1291.2831325301204,1278.8975903614455,1525.8770107423657,1437.775247176687,0.0612764503622395,0.0161368555188516,False,False,,
2162,5.9861456,210752.0,1269.5903614457832,1278.8975903614455,1525.9412343974843,1437.775247176687,0.0613211191345284,-0.1563810144843493,False,False,,
2163,5.9889144000000005,212297.0,1278.8975903614455,1277.5240963855422,1524.6319325954528,1437.775247176687,0.060410474856431,-0.4915727464143469,False,False,,
2164,5.9916832,208982.0,1258.9277108433737,1274.855421686747,1522.027418604714,1437.775247176687,0.0585989858939849,-0.6648472312964078,False,False,,
2165,5.994452,210589.0,1268.6084337349398,1272.1024096385545,1519.3385358141868,1437.775247176687,0.0567288168284044,-0.6451829412350332,False,False,,
2166,5.9972208,211626.0,1274.855421686747,1269.5903614457832,1516.890585444106,1437.775247176687,0.0550262208386016,-0.3357321793816368,False,False,,
2167,5.9999896,212566.0,1280.5180722891566,1269.301204819277,1516.6654952207243,1437.775247176687,0.0548696663118605,-0.1072400352445708,False,False,,
2168,6.0027584,212708.0,1281.3734939759036,1268.6084337349398,1516.036759135347,1437.775247176687,0.0544323684194313,-0.1027081862070371,False,False,,
2169,6.0055272,210199.0,1266.2590361445782,1268.355421686747,1515.8477506973427,1437.775247176687,0.0543009094599204,-0.2790091422671121,False,False,,
2170,6.0082960000000005,209128.0,1259.8072289156626,1266.2590361445782,1513.8153373919777,1437.775247176687,0.0528873273932128,-0.8986909566080676,False,False,,
2171,6.0110648,208505.0,1256.05421686747,1261.0722891566263,1508.6925312828237,1437.775247176687,0.0493243184186088,0.0160579298920175,False,False,,
2172,6.0138336,207602.0,1250.6144578313254,1266.2590361445782,1513.943187806938,1437.775247176687,0.0529762497857852,0.3845252802042402,False,False,,
2173,6.0166024,210704.0,1269.301204819277,1264.0060240963855,1511.7540539676363,1437.775247176687,0.0514536656102679,-0.5347790846876759,False,False,,
2174,6.0193712,209338.0,1261.0722891566263,1261.8734939759036,1509.6853707441298,1437.775247176687,0.0500148571264186,-0.2518100840370589,False,False,,
2175,6.02214,210547.0,1268.355421686747,1261.8734939759036,1509.7491863445389,1437.775247176687,0.0500592420889043,0.0160264678352373,False,False,,
2176,6.0249088,208176.0,1254.0722891566263,1261.8734939759036,1509.8129706637214,1437.775247176687,0.050103605294703,-0.0846121980515643,False,False,,
2177,6.0276776000000005,208396.0,1255.3975903614455,1261.0722891566263,1509.0755188977348,1437.775247176687,0.0495906935809739,-0.0846200500785787,False,False,,
2178,6.0304464,208624.0,1256.7710843373493,1261.0722891566263,1509.139240700459,1437.775247176687,0.0496350133053877,0.1166337217611985,False,False,,
2179,6.0332152,210888.0,1270.4096385542168,1261.8734939759036,1510.0041360872117,1437.775247176687,0.0502365644785988,0.1748858200668959,False,False,,
2180,6.035984,209825.0,1264.0060240963855,1262.3373493975903,1510.5316508564372,1437.775247176687,0.0506034610225902,0.0159872269352252,False,False,,
2181,6.0387528,209471.0,1261.8734939759036,1261.8734939759036,1510.1314235776556,1437.775247176687,0.0503250953464753,-0.0422805523442164,False,False,,
2182,6.0415216,210455.0,1267.801204819277,1261.8734939759036,1510.195020531223,1437.775247176687,0.0503693282359289,0.0159715574912695,False,False,,
2183,6.0442904,209548.0,1262.3373493975903,1261.8734939759036,1510.2585863107413,1437.775247176687,0.050413539443239,0.0159637285294689,False,False,,
2184,6.0470592000000005,208237.0,1254.4397590361446,1261.8734939759036,1510.322120931491,1437.775247176687,0.0504577289790336,0.0742158460420281,False,False,,
2185,6.049828,208485.0,1255.933734939759,1262.3373493975903,1510.8494798304323,1437.775247176687,0.0508245171122812,0.0742080247535899,False,False,,
2186,6.0525968,210104.0,1265.686746987952,1262.3373493975903,1510.912952179459,1437.775247176687,0.050868663336909,-0.042319677974568,False,False,,
2187,6.0553656,209998.0,1265.0481927710844,1261.8734939759036,1510.5125379938274,1437.775247176687,0.0505901676635292,-0.2352662626670394,False,False,,
2188,6.0581344,208085.0,1253.5240963855422,1260.3373493975903,1509.0398035538503,1437.775247176687,0.0495658528807639,-0.1770141298228118,False,False,,
2189,6.0609032,208552.0,1256.3373493975903,1260.3373493975903,1509.1031826097103,1437.775247176687,0.0496099342182223,0.0159168352826686,False,False,,
2190,6.063672,210069.0,1265.4759036144578,1260.3373493975903,1509.1665305983308,1437.775247176687,0.0496539939478252,-0.4864883942684788,False,False,,
2191,6.0664408000000005,209216.0,1260.3373493975903,1256.3373493975903,1505.22984753494,1437.775247176687,0.0469159560861211,-0.4864961925819386,False,False,,
2192,6.0692096,209684.0,1263.1566265060242,1256.3373493975903,1505.2931334347588,1437.775247176687,0.0469599726317829,0.0158934403402231,False,False,,
2193,6.0719784,207713.0,1251.2831325301204,1256.3373493975903,1505.3563883130014,1437.775247176687,0.0470039676013491,0.0158856496699932,False,False,,
2194,6.0747472,206283.0,1242.6686746987953,1256.3373493975903,1505.4196121848734,1437.775247176687,0.0470479410053955,0.0158778628186002,False,False,,
2195,6.077516,208235.0,1254.4277108433737,1256.3373493975903,1505.482805065574,1437.775247176687,0.0470918928544934,0.015870079784209,False,False,,
2196,6.0802848,210031.0,1265.2469879518071,1256.3373493975903,1505.5459669702943,1437.775247176687,0.0471358231592085,-0.2239870736669793,False,False,,
2197,6.0830536,210290.0,1266.8072289156626,1254.4277108433737,1503.6994593600016,1437.775247176687,0.0458515420353551,-0.2981438669743923,False,False,,
2198,6.0858224000000005,208137.0,1253.8373493975903,1253.8373493975903,1503.1721979125225,1437.775247176687,0.045484821681451,-0.1846582438222395,False,False,,
2199,6.0885912,204896.0,1234.313253012048,1252.8313253012047,1502.22924288399,1437.775247176687,0.0448289785443652,-0.1241362010757605,False,False,,
2200,6.09136,207807.0,1251.8493975903614,1252.7228915662652,1502.1838473016137,1437.775247176687,0.0447974050543742,0.0022120144316453,False,False,,
2201,6.0941288,208958.0,1258.7831325301204,1252.7228915662652,1502.246854554042,1437.775247176687,0.0448412277954819,0.0158234616294219,False,False,,
2202,6.0968976,208614.0,1256.710843373494,1252.7228915662652,1502.3098309214813,1437.775247176687,0.0448850290554933,-0.0938945763272602,False,False,,
2203,6.0996664,207970.0,1252.8313253012047,1251.8493975903614,1501.4992824431677,1437.775247176687,0.0443212771896121,-0.2444702325907997,False,False,,
2204,6.1024352,207224.0,1248.3373493975903,1250.6506024096386,1500.3634019053172,1437.775247176687,0.0435312506954984,-0.1347676997678331,False,False,,
2205,6.1052040000000005,206682.0,1245.0722891566263,1250.6506024096386,1500.4262857085964,1437.775247176687,0.0435749875753777,-0.1264525957872928,False,False,,
2206,6.1079728,205300.0,1236.7469879518071,1249.5180722891566,1499.3566085669172,1437.775247176687,0.042831006801067,-0.1264603369582975,False,False,,
2207,6.1107416,207952.0,1252.7228915662652,1249.5180722891566,1499.4194307363537,1437.775247176687,0.0428747008134377,-0.1181452253865407,False,False,,
2208,6.1135104,207420.0,1249.5180722891566,1248.4518072289156,1498.4159570512843,1437.775247176687,0.0421767658009665,-0.1325287889715785,False,False,,
2209,6.1162792,207243.0,1248.4518072289156,1248.3373493975903,1498.3642598159613,1437.775247176687,0.0421408093916287,-0.4087037793153296,False,False,,
2210,6.119048,207608.0,1250.6506024096386,1245.0722891566263,1495.1619294069176,1437.775247176687,0.0399135277526298,-0.4124946184774236,False,False,,
2211,6.1218168,206658.0,1244.9277108433737,1244.9277108433737,1495.080050176582,1437.775247176687,0.039856579192348,-0.0024128743418421,False,False,,
2212,6.1245856000000005,208502.0,1256.0361445783133,1244.9277108433737,1495.14271852557,1437.775247176687,0.0399001662196744,-1.0117551833899707,False,False,,
2213,6.1273544,203935.0,1228.5240963855422,1236.7469879518071,1487.0246332641273,1437.775247176687,0.0342538836888102,-1.0132761433012665,False,False,,
2214,6.1301232,205298.0,1236.7349397590365,1236.7349397590365,1487.0751919976728,1437.775247176687,0.0342890482485318,-0.0281611877636738,False,False,,
2215,6.132892,204566.0,1232.3253012048192,1236.3975903614455,1486.8004188376428,1437.775247176687,0.03409793829545,-0.1151804974896659,False,False,,
2216,6.1356608,205125.0,1235.6927710843374,1235.6927710843374,1486.158145124382,1437.775247176687,0.033651224725633,-0.163612049223853,False,False,,
2217,6.1384296,203986.0,1228.8313253012047,1234.9698795180725,1485.4977684632863,1437.775247176687,0.033191920211668,-0.0872008629604268,False,False,,
2218,6.1411984,203911.0,1228.379518072289,1234.8734939759036,1485.4638671826383,1437.775247176687,0.0331683412269033,0.0035861570785087,False,False,,
2219,6.1439672000000005,207581.0,1250.487951807229,1234.8734939759036,1485.5263208155309,1437.775247176687,0.0332117789151059,0.0156844271985567,False,False,,
2220,6.146736,205005.0,1234.9698795180725,1234.8734939759036,1485.5887438348084,1437.775247176687,0.033255195310958,0.0232429652991781,False,False,,
2221,6.1495048,205242.0,1236.3975903614455,1234.933734939759,1485.7113772193331,1437.775247176687,0.0333404891597467,0.0156690545354614,False,False,,
2222,6.1522736,203362.0,1225.0722891566263,1234.8734939759036,1485.7134980925373,1437.775247176687,0.0333419642673536,0.0080951475385457,False,False,,
2223,6.1550424,204989.0,1234.8734939759036,1234.8734939759036,1485.775829360979,1437.775247176687,0.0333853168487561,-0.0025052462199894,False,False,,
2224,6.1578112,204818.0,1233.8433734939758,1234.7289156626507,1485.693551762534,1437.775247176687,0.0333280912158858,-0.0025129193724389,False,False,,
2225,6.16058,204852.0,1234.0481927710844,1234.7289156626507,1485.755821938685,1437.775247176687,0.0333714013064393,0.0156383543958344,False,False,,
2226,6.1633488000000005,204999.0,1234.933734939759,1234.7289156626507,1485.818061591148,1437.775247176687,0.0334146901671882,-0.0698676686120718,False,False,,
2227,6.1661176,205286.0,1236.6626506024097,1234.0481927710844,1485.1995478433196,1437.775247176687,0.0329845021047333,-0.0956004999622983,False,False,,
2228,6.1688864,205826.0,1239.9156626506024,1233.8433734939758,1485.0569072161784,1437.775247176687,0.0328852928385971,-0.3906909844229176,False,False,,
2229,6.1716552,203617.0,1226.6084337349398,1230.813253012048,1482.0889349053946,1437.775247176687,0.0308210117093928,-0.3649734693116233,False,False,,
2230,6.174424,204315.0,1230.813253012048,1230.813253012048,1482.1510526126558,1437.775247176687,0.030864215754937,-0.2847791209697314,False,False,,
2231,6.1771928,204965.0,1234.7289156626507,1228.421686746988,1479.821573605907,1437.775247176687,0.0292440188491108,-0.2847867678322116,False,False,,
2232,6.1799616,203918.0,1228.421686746988,1228.421686746988,1479.883630430193,1437.775247176687,0.0292871805493892,-0.0003043014473265,False,False,,
2233,6.1827304000000005,203897.0,1228.2951807228917,1228.2951807228917,1479.8191508112766,1437.775247176687,0.0292423337494161,-0.2121662776759665,False,False,,
2234,6.1854992,203111.0,1223.5602409638554,1226.6084337349398,1478.1943998243096,1437.775247176687,0.0281122885701313,-0.3877103638408261,False,False,,
2235,6.188268,203084.0,1223.3975903614455,1225.0843373493976,1476.7322690504598,1437.775247176687,0.0270953488386114,-0.1758636588599014,False,False,,
2236,6.1910368,203018.0,1223.0,1225.0843373493976,1476.7942042877569,1437.775247176687,0.0271384259728286,-0.1758712869989667,False,False,,
2237,6.1938056,202000.0,1216.867469879518,1223.5602409638554,1475.3320127800046,1437.775247176687,0.0261214439997259,-0.1963077224533655,False,False,,
2238,6.1965744,200699.0,1209.0301204819275,1223.3975903614455,1475.2312367107595,1437.775247176687,0.0260513523289708,-0.0548269109980452,False,False,,
2239,6.1993432,204013.0,1228.9939759036145,1223.0,1474.8954905527285,1437.775247176687,0.0258178344973831,-0.3415945053190583,False,False,,
2240,6.2021120000000005,203364.0,1225.0843373493976,1220.55421686747,1472.511521308729,1437.775247176687,0.0241597385963159,-0.7524482074965988,False,False,,
2241,6.2048808,201246.0,1212.3253012048192,1216.8855421686746,1468.9046301984408,1437.775247176687,0.0216510773035507,-0.4452670285097708,False,False,,
2242,6.2076496,201137.0,1211.6686746987953,1216.8855421686746,1468.9663835017764,1437.775247176687,0.0216940278992413,0.0132386805365922,False,False,,
2243,6.2104184,203490.0,1225.8433734939758,1216.867469879518,1469.0100342456292,1437.775247176687,0.0217243878208901,-0.0571348262098312,False,False,,
2244,6.2131872,201820.0,1215.7831325301204,1216.3072289156626,1468.5114860592953,1437.775247176687,0.0213776380856218,-0.1206987255451017,False,False,,
2245,6.215956,202612.0,1220.55421686747,1215.7831325301204,1468.049052210617,1437.775247176687,0.0210560065583115,0.0154857535988024,False,False,,
2246,6.2187248,201907.0,1216.3072289156626,1216.3072289156626,1468.6347809071892,1437.775247176687,0.0214633919947505,0.0813043317223258,False,False,,
2247,6.2214936000000005,201472.0,1213.686746987952,1216.3072289156626,1468.6963830072011,1437.775247176687,0.0215062374256571,0.0154705756602315,False,False,,
2248,6.2242624,202003.0,1216.8855421686746,1216.3072289156626,1468.7579549110044,1437.775247176687,0.0215490618545266,0.0154629922704496,False,False,,
2249,6.2270312,203303.0,1224.7168674698796,1216.3072289156626,1468.8194966334,1437.775247176687,0.0215918652916539,0.0880911852359678,False,False,,
2250,6.2298,201189.0,1211.9819277108434,1216.8855421686746,1469.459321442195,1437.775247176687,0.0220368756018893,0.0154478366407739,False,False,,
2251,6.2325688,199301.0,1200.6084337349398,1216.3072289156626,1468.9424895931395,1437.775247176687,0.0216774092318359,-0.0571955082408246,False,False,,
2252,6.2353376,201276.0,1212.5060240963855,1216.3072289156626,1469.0039408600503,1437.775247176687,0.0217201497554549,-0.3136981489006607,False,False,,
2253,6.2381064,202725.0,1221.2349397590365,1213.686746987952,1466.4448800769774,1437.775247176687,0.0199402743624835,-0.4620037495251647,False,False,,
2254,6.2408752000000005,202363.0,1219.05421686747,1212.5060240963855,1465.3255482225404,1437.775247176687,0.0191617577920842,-0.1328804658726934,False,False,,
2255,6.243644,203117.0,1223.5963855421687,1212.5060240963855,1465.3869091669198,1437.775247176687,0.0192044354946667,-0.0451197980090736,False,False,,
2256,6.2464128,201196.0,1212.0240963855422,1212.0240963855422,1464.966312322457,1437.775247176687,0.0189119023986291,-0.0451273517119283,False,False,,
2257,6.2491816,203674.0,1226.9518072289156,1212.0240963855422,1465.0276131255823,1437.775247176687,0.0189545382718267,0.0153949088195939,False,False,,
2258,6.2519504,200200.0,1206.0240963855422,1212.0240963855422,1465.0888838801886,1437.775247176687,0.0189971532457085,0.015387362520296,False,False,,
2259,6.2547192,199946.0,1204.4939759036145,1212.0240963855422,1465.1501246010057,1437.775247176687,0.0190397473305191,-0.3220738737942272,False,False,,
2260,6.257488,199072.0,1199.2289156626507,1209.3373493975903,1462.5245883148027,1437.775247176687,0.0172136369621855,-0.4257387132327759,False,False,,
2261,6.2602568000000005,199433.0,1201.4036144578313,1208.512048192771,1461.76046780738,1437.775247176687,0.0166821766321212,-0.1321766673615485,False,False,,
2262,6.2630256,202345.0,1218.94578313253,1208.1626506024097,1461.4722209247695,1437.775247176687,0.0164816954490042,-0.2736726309933428,False,False,,
2263,6.2657944,200750.0,1209.3373493975903,1206.210843373494,1459.5815344286602,1437.775247176687,0.0151666870707322,-0.2297960461800219,False,False,,
2264,6.2685632,202606.0,1220.5180722891566,1206.210843373494,1459.6426252012147,1437.775247176687,0.0152091768636776,-0.0081131392398137,False,False,,
2265,6.271332,200613.0,1208.512048192771,1206.0240963855422,1459.5169390402516,1437.775247176687,0.0151217597508778,-0.2003028081219415,False,False,,
2266,6.2741008,199340.0,1200.8433734939758,1204.4939759036145,1458.0478494544257,1437.775247176687,0.0140999800334215,0.0387824267207848,False,False,,
2267,6.2768696,199220.0,1200.120481927711,1206.210843373494,1459.8257179041918,1437.775247176687,0.0153365213170869,0.4761027947393828,False,False,,
2268,6.2796384000000005,198929.0,1198.367469879518,1208.1626506024097,1461.8384962114428,1437.775247176687,0.0167364468695704,0.2604578353298521,False,False,,
2269,6.2824072,200555.0,1208.1626506024097,1208.1626506024097,1461.899437402884,1437.775247176687,0.0167788326260097,-0.2298411356861596,False,False,,
2270,6.285176,200231.0,1206.210843373494,1206.210843373494,1460.008541493166,1437.775247176687,0.0154636785965944,-0.234388373506158,False,False,,
2271,6.2879448,201423.0,1213.3915662650602,1206.1746987951808,1460.0332783764495,1437.775247176687,0.015480883568882,0.0016703892147749,False,False,,
2272,6.2907136,199283.0,1200.5,1206.1024096385545,1460.0218408384544,1437.775247176687,0.0154729285439102,-0.4659298918198788,False,False,,
2273,6.2934824,199263.0,1200.379518072289,1202.3433734939758,1456.3236264841703,1437.775247176687,0.0129007501999401,-0.229114499118014,False,False,,
2274,6.2962512,201193.0,1212.0060240963855,1204.1566265060242,1458.1976714727973,1437.775247176687,0.0142041840935942,0.4873996457195857,False,False,,
2275,6.2990200000000005,200679.0,1208.9096385542168,1206.1024096385545,1460.2042167828045,1437.775247176687,0.015599774478077,0.2596487499326554,False,False,,
2276,6.3017888,197936.0,1192.3855421686746,1206.1024096385545,1460.2649491757873,1437.775247176687,0.0156420150112216,-0.2291369501037663,False,False,,
2277,6.3045576,200225.0,1206.1746987951808,1204.1566265060242,1458.3798686663451,1437.775247176687,0.0143309057031821,-0.2692454259075432,False,False,,
2278,6.3073264,200213.0,1206.1024096385545,1203.8373493975903,1458.121264425697,1437.775247176687,0.0141510415407159,-0.2125062011957403,False,False,,
2279,6.3100952,197976.0,1192.6265060240964,1202.3433734939758,1456.687931649152,1437.775247176687,0.0131541313634405,-0.1724126707171747,False,False,,
2280,6.312864,199589.0,1202.3433734939758,1202.3433734939758,1456.748545050083,1437.775247176687,0.0131962891353524,0.0152222765935747,False,False,,
2281,6.3156328,199890.0,1204.1566265060242,1202.3433734939758,1456.8091287394473,1437.775247176687,0.0132384262423051,-0.3676362366976375,False,False,,
2282,6.3184016000000005,201208.0,1212.0963855421687,1199.2951807228917,1453.8214899607242,1437.775247176687,0.0111604667110155,-0.3676436947181933,False,False,,
2283,6.3211704,196387.0,1183.05421686747,1199.2951807228917,1453.8820142706393,1437.775247176687,0.0112025625184332,0.0151999025299502,False,False,,
2284,6.3239392,199837.0,1203.8373493975903,1199.2951807228917,1453.942508912658,1437.775247176687,0.0112446376912653,-0.8223888014133496,False,False,,
2285,6.326708,196632.0,1184.5301204819275,1192.6265060240964,1447.3342992025284,1437.775247176687,0.0066485022917264,-0.8223962484719565,False,False,,
2286,6.3294768,196568.0,1184.144578313253,1192.6265060240964,1447.3947345523757,1437.775247176687,0.0066905362257268,-0.3472446792062974,False,False,,
2287,6.3322456,197090.0,1187.289156626506,1189.7409638554218,1444.5695981092583,1437.775247176687,0.0047256001561535,-0.3472521189658825,False,False,,
2288,6.3350144,199083.0,1199.2951807228917,1189.7409638554218,1444.6299742250478,1437.775247176687,0.0047675928917412,0.0151626854799558,False,False,,
2289,6.3377832000000005,196853.0,1185.8614457831325,1189.7409638554218,1444.6903207455828,1437.775247176687,0.0048095650432673,0.0151552530122267,False,False,,
2290,6.340552,199673.0,1202.8493975903614,1189.7409638554218,1444.7506376853703,1437.775247176687,0.0048515166208217,0.0151478241877525,False,False,,
2291,6.3433208,197072.0,1187.1807228915663,1189.7409638554218,1444.810925058911,1437.775247176687,0.0048934476344894,0.0151403990047613,False,False,,
2292,6.3460896,197466.0,1189.55421686747,1189.7409638554218,1444.871182880697,1437.775247176687,0.0049353580943505,0.0151329774614883,False,False,,
2293,6.3488584,199229.0,1200.1746987951808,1189.7409638554218,1444.9314111652145,1437.775247176687,0.0049772480104802,0.2807001032639227,False,False,,
2294,6.3516272,197497.0,1189.7409638554218,1191.855421686747,1447.1060677582668,1437.775247176687,0.0064897629861849,0.2806926889946547,False,False,,
2295,6.354396,198073.0,1193.210843373494,1191.855421686747,1447.1662370116758,1437.775247176687,0.006531611845057,-0.2065796964204833,False,False,,
2296,6.3571648000000005,198883.0,1198.0903614457832,1190.0903614457832,1445.461316530267,1437.775247176687,0.0053458072592868,-0.2065871034228766,False,False,,
2297,6.3599336,199090.0,1199.3373493975903,1190.0903614457832,1445.5214268104244,1437.775247176687,0.0053876151011422,-0.0287881883576137,False,False,,
2298,6.3627024,196493.0,1183.6927710843374,1189.7409638554218,1445.2321100352744,1437.775247176687,0.0051863897874376,-0.0287955881002143,False,False,,
2299,6.3654712,198787.0,1197.512048192771,1189.7409638554218,1445.2921613999824,1437.775247176687,0.0052281566524785,0.015081128419853,False,False,,
2300,6.36824,195801.0,1179.5240963855422,1189.7409638554218,1445.3521833286231,1437.775247176687,0.0052699030441754,-0.5879545014922554,False,False,,
2301,6.3710088,197848.0,1191.855421686747,1184.9397590361446,1440.6109710163485,1437.775247176687,0.0019722998050148,-0.7445827751093177,False,False,,
2302,6.3737776,197555.0,1190.0903614457832,1183.6927710843374,1439.4239461643276,1437.775247176687,0.0011467014687298,-0.1415619229315711,False,False,,
2303,6.3765464000000005,196164.0,1181.710843373494,1183.6927710843374,1439.4838798713124,1437.775247176687,0.0011883865005889,0.0059721086151308,False,False,,
2304,6.379315200000001,196700.0,1184.9397590361446,1183.620481927711,1439.471495043277,1437.775247176687,0.001179772617397,-0.034136268868124,False,False,,
2305,6.382084,195142.0,1175.55421686747,1183.301204819277,1439.2120928994414,1437.775247176687,0.0009993534981049,-0.2248125464323565,False,False,,
2306,6.3848528,196428.0,1183.301204819277,1181.710843373494,1437.6815770686574,1437.775247176687,-6.5149339726941e-05,-0.4593729330173304,False,False,,
2307,6.3876216,194064.0,1169.0602409638554,1179.5240963855422,1435.554646360492,1437.775247176687,-0.0015444700557719,-0.2868703401635802,False,False,,
2308,6.3903904,196481.0,1183.620481927711,1179.3072289156626,1435.397565849566,1437.775247176687,-0.0016537225354168,-0.068970385799785,False,False,,
2309,6.3931592,194288.0,1170.4096385542168,1178.855421686747,1435.0055162731437,1437.775247176687,-0.0019264004641768,-0.1635555746964321,False,False,,
2310,6.3959280000000005,196967.0,1186.5481927710844,1177.8855421686746,1434.0953651154691,1437.775247176687,-0.0025594278858558,-0.1068162336561518,False,False,,
2311,6.398696800000001,195308.0,1176.55421686747,1177.8855421686746,1434.1550641981307,1437.775247176687,-0.0025179060396711,-0.1522209442822368,False,False,,
2312,6.4014656,194726.0,1173.0481927710844,1176.55421686747,1432.8834087162024,1437.775247176687,-0.0034023665869127,-0.1522282934052526,False,False,,
2313,6.4042344,195765.0,1179.3072289156626,1176.55421686747,1432.9430492864385,1437.775247176687,-0.0033608854372317,-0.1310502052397495,False,False,,
2314,6.4070032,194344.0,1170.7469879518071,1175.3915662650602,1431.8400100195609,1437.775247176687,-0.0041280702034484,0.0149706207479715,False,False,,
2315,6.409772,195690.0,1178.855421686747,1176.55421686747,1433.0622427371295,1437.775247176687,-0.0032779841277777,0.0149632824268148,False,False,,
2316,6.4125408,195529.0,1177.8855421686746,1175.3915662650602,1431.9591450438293,1437.775247176687,-0.0040452095306817,-0.1310722202049621,False,False,,
2317,6.4153096000000005,194405.0,1171.1144578313254,1175.3915662650602,1432.0186687612052,1437.775247176687,-0.0040038096543847,-0.1083808723842462,False,False,,
2318,6.418078400000001,195609.0,1178.367469879518,1174.4096385542168,1431.0962355903132,1437.775247176687,-0.0046453794495967,-0.2778716694081989,False,False,,
2319,6.4208472,193130.0,1163.433734939759,1173.0602409638554,1429.8063033767812,1437.775247176687,-0.0055425518108993,0.014933965095616,False,False,,
2320,6.423616,194952.0,1174.4096385542168,1174.4096385542168,1431.2151371951452,1437.775247176687,-0.0045626811244826,0.0149266447425088,False,False,,
2321,6.4263848,195115.0,1175.3915662650602,1173.0602409638554,1429.9251466982478,1437.775247176687,-0.0054598940229732,-0.1545641415111683,False,False,,
2322,6.4291536,196319.0,1182.644578313253,1173.0602409638554,1429.9845246714544,1437.775247176687,-0.0054185955145149,-0.1333860210034799,False,False,,
2323,6.4319224,192827.0,1161.6084337349398,1171.879518072289,1428.8631506471113,1437.775247176687,-0.0061985324528821,-0.2294844048161742,False,False,,
2324,6.4346912000000005,193763.0,1167.2469879518071,1171.1144578313254,1428.1574101816548,1437.775247176687,-0.006689388354625,0.0148973991950593,False,False,,
2325,6.437460000000001,194728.0,1173.0602409638554,1171.879518072289,1428.9817611206702,1437.775247176687,-0.0061160366150995,0.1109811709848416,False,False,,
2326,6.4402288,194532.0,1171.879518072289,1171.879518072289,1429.0410227555192,1437.775247176687,-0.0060748190221793,0.0148827979159913,False,False,,
2327,6.4429976,194953.0,1174.4156626506024,1171.879518072289,1429.100255341412,1437.775247176687,-0.00603362163336,-0.1485549857916301,False,False,,
2328,6.4457664,193239.0,1164.0903614457832,1170.578313253012,1427.8582540733105,1437.775247176687,-0.006897457111499,-0.148562277487646,False,False,,
2329,6.4485352,193778.0,1167.3373493975903,1170.578313253012,1427.917428604001,1437.775247176687,-0.0068563001011756,-0.290057997727277,False,False,,
2330,6.451304,194316.0,1170.578313253012,1168.1506024096386,1425.5488632850593,1437.775247176687,-0.0085036822797137,0.0148536382769628,False,False,,
2331,6.4540728000000005,193913.0,1168.1506024096386,1170.578313253012,1428.035690660823,1437.775247176687,-0.0067740465938531,0.3197652778519224,False,False,,
2332,6.456841600000001,194613.0,1172.367469879518,1170.578313253012,1428.0947782153837,1437.775247176687,-0.0067329500770808,-0.290079840664686,False,False,,
2333,6.4596104,196224.0,1182.0722891566263,1168.1506024096386,1425.7261259629452,1437.775247176687,-0.0083803927195171,-0.3279182460892347,False,False,,
2334,6.4623792,192029.0,1156.801204819277,1167.8493975903614,1425.4839507851752,1437.775247176687,-0.0085488301566238,-0.0230065958123737,False,False,,
2335,6.465148,192846.0,1161.7228915662652,1167.8493975903614,1425.542951491445,1437.775247176687,-0.0085077940444877,0.0148172690569581,False,False,,
2336,6.4679168,194716.0,1172.987951807229,1167.8493975903614,1425.6019232766607,1437.775247176687,-0.008466778047494,0.0148100059059927,False,False,,
2337,6.4706856,190865.0,1149.789156626506,1167.8493975903614,1425.6608661549992,1437.775247176687,-0.0084257821557827,-0.1024737615899147,False,False,,
2338,6.4734544000000005,196198.0,1181.9156626506024,1166.9156626506024,1424.7860452008708,1437.775247176687,-0.0090342367496744,-0.3271979392210713,False,False,,
2339,6.476223200000001,193863.0,1167.8493975903614,1165.1265060240964,1423.0557736814503,1437.775247176687,-0.0102376734640134,-0.2099286837912979,False,False,,
2340,6.478992,193708.0,1166.9156626506024,1165.1265060240964,1423.1146299241466,1437.775247176687,-0.0101967378290373,0.0147809888872145,False,False,,
2341,6.4817608,193411.0,1165.1265060240964,1165.1265060240964,1423.1734573166025,1437.775247176687,-0.0101558222599516,0.014773743520134,False,False,,
2342,6.4845296,194079.0,1169.1506024096386,1165.1265060240964,1423.2322558729593,1437.775247176687,-0.0101149267469202,0.0147665017045552,False,False,,
2343,6.4872984,191760.0,1155.1807228915663,1165.1265060240964,1423.2910256073524,1437.775247176687,-0.0100740512801124,-0.0155056418271046,False,False,,
2344,6.4900672,192711.0,1160.9096385542168,1164.8855421686746,1423.1088026784878,1437.775247176687,-0.010200790789102,-0.0155128765447947,False,False,,
2345,6.4928360000000005,192098.0,1157.2168674698796,1164.8855421686746,1423.1675148113304,1437.775247176687,-0.0101599553852669,0.0147447975497134,False,False,,
2346,6.495604800000001,192285.0,1158.3433734939758,1164.8855421686746,1423.2261981645725,1437.775247176687,-0.0101191399981907,-0.484633366963916,False,False,,
2347,6.4983736,194028.0,1168.8433734939758,1160.9096385542168,1419.3089491378632,1437.775247176687,-0.012843661118165,-0.6737962489594276,False,False,,
2348,6.5011424,193808.0,1167.5180722891566,1159.4036144578313,1417.8615508778332,1437.775247176687,-0.0138503541064275,-0.3075981157852085,False,False,,
2349,6.5039112,191481.0,1153.5,1158.3433734939758,1416.8599070130338,1437.775247176687,-0.0145470164441373,-0.2599381069949231,False,False,,
2350,6.50668,193371.0,1164.8855421686746,1157.2168674698796,1415.7919693647802,1437.775247176687,-0.0152897873677226,-0.1267797372909971,False,False,,
2351,6.5094488,192004.0,1156.6506024096386,1157.2168674698796,1415.8505090314893,1437.775247176687,-0.01524907191736,0.0147014848969497,False,False,,
2352,6.5122176000000005,192461.0,1159.4036144578313,1157.2168674698796,1415.9090200031376,1437.775247176687,-0.0152083764249573,-0.0564282488735172,False,False,,
2353,6.514986400000001,194590.0,1172.2289156626507,1156.6506024096386,1415.40123723355,1437.775247176687,-0.015561548988322,-0.0564354517367866,False,False,,
2354,6.5177552,190775.0,1149.2469879518071,1156.6506024096386,1415.4596908572669,1437.775247176687,-0.015520893382495,0.0146798763053594,False,False,,
2355,6.520524,191135.0,1151.4156626506024,1156.6506024096386,1415.5181158280996,1437.775247176687,-0.0154802577052934,-0.2910028626833707,False,False,,
2356,6.5232928,191281.0,1152.2951807228917,1154.2168674698796,1413.1427772203342,1437.775247176687,-0.0171323508348905,-0.2910100549596945,False,False,,
2357,6.5260616,191112.0,1151.2771084337348,1154.2168674698796,1413.2011449275271,1437.775247176687,-0.0170917549856383,-0.2267043200206222,False,False,,
2358,6.5288304,191130.0,1151.3855421686746,1152.2951807228917,1411.3377972769622,1437.775247176687,-0.0183877486774367,-0.2622727689350288,False,False,,
2359,6.5315992000000005,193027.0,1162.813253012048,1152.012048192771,1411.11297524652,1437.775247176687,-0.018544116670893,-0.0958229716777685,False,False,,
2360,6.534368000000001,191600.0,1154.2168674698796,1151.4156626506024,1410.5748716213022,1437.775247176687,-0.0189183779653996,-0.0602688861750286,False,False,,
2361,6.5371368,192705.0,1160.8734939759036,1151.4156626506024,1410.6331249695363,1437.775247176687,-0.0188778616549759,0.0146295796919404,False,False,,
2362,6.5399056,192974.0,1162.4939759036145,1151.4156626506024,1410.6913497630576,1437.775247176687,-0.0188373652048975,0.0108392953845526,False,False,,
2363,6.5426744,189639.0,1142.4036144578313,1151.3855421686746,1410.719425533935,1437.775247176687,-0.0188178379728544,0.0108321277505742,False,False,,
2364,6.5454432,191234.0,1152.012048192771,1151.3855421686746,1410.7775932600146,1437.775247176687,-0.0187773812142659,0.0932968304795465,False,False,,
2365,6.548212,190664.0,1148.578313253012,1152.012048192771,1411.4622384974482,1437.775247176687,-0.0183011974443908,0.3702135530533246,False,False,,
2366,6.5509808000000005,190291.0,1146.3313253012047,1154.2168674698796,1413.7251684891278,1437.775247176687,-0.0167272866428777,0.291517642263273,False,False,,
2367,6.553749600000001,190210.0,1145.8433734939758,1154.2168674698796,1413.7832507189023,1437.775247176687,-0.0166868893485937,0.1401859623435228,False,False,,
2368,6.5565184,191766.0,1155.2168674698796,1155.2168674698796,1414.841304477843,1437.775247176687,-0.0159509928578045,0.140178812259569,False,False,,
2369,6.5592872,190510.0,1147.6506024096386,1155.2168674698796,1414.899329779906,1437.775247176687,-0.0159106351578254,0.0145723088270663,False,False,,
2370,6.562056,190718.0,1148.9036144578313,1155.2168674698796,1414.95732663904,1437.775247176687,-0.0158702972404438,0.8513897963518922,False,False,,
2371,6.5648248,192872.0,1161.879518072289,1161.879518072289,1421.677945671597,1437.775247176687,-0.0111959790215469,0.8627319962519788,False,False,,
2372,6.5675936,192887.0,1161.9698795180725,1161.9698795180725,1421.826247132476,1437.775247176687,-0.0110928325379986,0.4965195064602588,False,False,,
2373,6.5703624000000005,193509.0,1165.7168674698796,1165.7168674698796,1425.6311466982568,1437.775247176687,-0.0084464526025725,0.8112673886481778,True,False,2373.0,8.0
2374,6.573131200000001,193940.0,1168.313253012048,1168.313253012048,1428.2854154671977,1437.775247176687,-0.0066003582466202,1.5376179859484955,False,False,,
2375,6.5759,195586.0,1178.2289156626507,1177.8433734939758,1437.8733908026113,1437.775247176687,6.82607564133343e-05,1.259930354548233,False,False,,
2376,6.5786688,195522.0,1177.8433734939758,1178.2289156626507,1438.3167594653942,1437.775247176687,0.0003766320847231,0.1053170965619882,False,False,,
2377,6.5814376,195642.0,1178.566265060241,1178.566265060241,1438.7119070116155,1437.775247176687,0.000651464710335,0.6198133674792585,False,False,,
2378,6.5842064,196703.0,1184.9578313253012,1183.0481927710844,1443.2516045395073,1437.775247176687,0.0038089105884764,0.7718874013274036,False,False,,
2379,6.5869752,198121.0,1193.5,1184.5963855421687,1444.8575388099457,1437.775247176687,0.0049258683839258,0.2543504096562079,False,False,,
2380,6.5897440000000005,196386.0,1183.0481927710844,1184.9578313253012,1445.2766977886176,1437.775247176687,0.0052174014169887,1.132782176858501,False,False,,
2381,6.592512800000001,196643.0,1184.5963855421687,1193.5,1453.876551368916,1437.775247176687,0.0111987629664977,1.7986029880526613,False,False,,
2382,6.5952816,199061.0,1199.1626506024097,1199.1626506024097,1459.5968586008528,1437.775247176687,0.0151773453236286,1.3128441573635006,False,False,,
2383,6.5980504,199837.0,1203.8373493975903,1203.8373493975903,1464.3291857633478,1437.775247176687,0.0184687687723128,0.6364164269800319,False,False,,
2384,6.6008192,199883.0,1204.1144578313254,1204.1144578313254,1464.6638943160387,1437.775247176687,0.0187015649296734,0.6288431064513436,False,False,,
2385,6.603588,203388.0,1225.2289156626507,1208.7289156626507,1469.3359240318075,1437.775247176687,0.0219510503585979,0.6621274115089406,False,False,,
2386,6.6063568,200761.0,1209.4036144578313,1209.2710843373493,1469.9356363702782,1437.775247176687,0.0223681616836455,0.0991930863050174,False,False,,
2387,6.6091256000000005,202628.0,1220.6506024096386,1209.4036144578313,1470.1256819476932,1437.775247176687,0.0225003419933206,1.008646405758963,False,False,,
2388,6.611894400000001,200649.0,1208.7289156626507,1217.186746987952,1477.9663017417347,1437.775247176687,0.0279536420201766,1.4270516407467913,False,False,,
2389,6.6146632,200739.0,1209.2710843373493,1220.6506024096386,1481.4876162481498,1437.775247176687,0.0304027831591201,0.5190974059292763,False,False,,
2390,6.617432,203036.0,1223.1084337349398,1221.2048192771083,1482.0992640349684,1437.775247176687,0.0308281958152495,0.3231250709595796,False,False,,
2391,6.6202008,202053.0,1217.186746987952,1223.1084337349398,1484.060281260575,1437.775247176687,0.0321921205520659,0.2936097184195256,False,False,,
2392,6.6229696,202720.0,1221.2048192771083,1223.4277108433737,1484.43693299901,1437.775247176687,0.0324540889919696,0.054509900378961,False,False,,
2393,6.6257384,203089.0,1223.4277108433737,1223.4277108433737,1484.4942795050297,1437.775247176687,0.0324939745764045,0.2005310053102231,False,False,,
2394,6.6285072000000005,205602.0,1238.566265060241,1224.9096385542168,1486.033525611697,1437.775247176687,0.0335645494869755,1.153868461670311,False,False,,
2395,6.631276000000001,205100.0,1235.5421686746988,1232.5,1493.681177356888,1437.775247176687,0.0388836365697503,1.349826667212886,False,False,,
2396,6.6340448,205231.0,1236.3313253012047,1235.5421686746988,1496.7806082483503,1437.775247176687,0.0410393496393338,0.4955926634891234,False,False,,
2397,6.6368136,203335.0,1224.9096385542168,1236.3313253012047,1497.626999022741,1437.775247176687,0.0416280305030868,0.2489266364341489,False,False,,
2398,6.6395824,204595.0,1232.5,1237.4096385542168,1498.7625183685184,1437.775247176687,0.0424178057812516,0.2950735712818781,False,False,,
2399,6.6423512,206822.0,1245.9156626506024,1238.566265060241,1499.9763229259402,1437.775247176687,0.0432620299114175,1.0365567080662128,False,False,,
2400,6.64512,205410.0,1237.4096385542168,1245.5481927710844,1507.0154006605587,1437.775247176687,0.0481578422078393,0.9374321045434096,False,False,,
2401,6.6478888000000005,208606.0,1256.6626506024097,1245.9156626506024,1507.4399925499683,1437.775247176687,0.0484531539335373,0.4441071133831968,False,False,,
2402,6.650657600000001,209475.0,1261.8975903614455,1248.9698795180725,1510.5513034271785,1437.775247176687,0.0506171297589102,1.1992094678883412,False,False,,
2403,6.6534264,207329.0,1248.9698795180725,1255.3493975903614,1516.9878875227805,1437.775247176687,0.0550938962829143,0.980538498911244,False,False,,
2404,6.6561952,209583.0,1262.5481927710844,1256.6626506024097,1518.358178585434,1437.775247176687,0.0560469597504793,0.2095330122771201,False,False,,
2405,6.658964,206761.0,1245.5481927710844,1256.9036144578313,1518.656152532464,1437.775247176687,0.0562542062917001,0.1716948591521898,False,False,,
2406,6.6617328,209970.0,1264.879518072289,1257.9156626506024,1519.7251828715523,1437.775247176687,0.0569977372025205,0.2776150094819112,False,False,,
2407,6.6645016,208646.0,1256.9036144578313,1259.0,1520.866474435674,1437.775247176687,0.0577915271682072,0.5144308785265519,False,False,,
2408,6.6672704000000005,208388.0,1255.3493975903614,1261.8975903614455,1523.820991093942,1437.775247176687,0.0598464496354493,0.4599470378258505,False,False,,
2409,6.670039200000001,208814.0,1257.9156626506024,1262.5481927710844,1524.528491896186,1437.775247176687,0.0603385298848717,0.3888175026658036,False,False,,
2410,6.672808,211989.0,1277.0421686746988,1264.879518072289,1526.9166876994575,1437.775247176687,0.0619995654382109,0.4168055356863593,False,False,,
2411,6.6755768,211310.0,1272.9518072289156,1265.7530120481929,1527.8470243005604,1437.775247176687,0.0626466322192879,0.1708961794842647,False,False,,
2412,6.6783456,210115.0,1265.7530120481929,1266.1265060240964,1528.277333038461,1437.775247176687,0.062945920121723,0.1966143514750786,False,False,,
2413,6.6811144,211303.0,1272.9096385542168,1267.2048192771083,1529.4124332039255,1437.775247176687,0.0637354038520164,0.3986256000694723,False,False,,
2414,6.6838832,208994.0,1259.0,1269.186746987952,1531.451119991328,1437.775247176687,0.0651533492446678,0.344141779964076,False,False,,
2415,6.6866520000000005,210685.0,1269.186746987952,1269.8313253012047,1532.1524295588913,1437.775247176687,0.0656411233727455,0.4818401117236153,False,False,,
2416,6.689420800000001,210356.0,1267.2048192771083,1272.9096385542168,1535.2874462576035,1437.775247176687,0.0678215870473486,0.4061708647838014,False,False,,
2417,6.6921896,210177.0,1266.1265060240964,1272.9518072289156,1535.3862905830229,1437.775247176687,0.0678903351535727,0.0195297196607366,False,False,,
2418,6.6949584,214202.0,1290.3734939759036,1272.9518072289156,1535.4429384523887,1437.775247176687,0.0679297348229418,0.462903604875331,False,False,,
2419,6.6977272,212358.0,1279.2650602409635,1276.5240963855422,1539.0718477106443,1437.775247176687,0.0704537101559305,0.4628966313650995,False,False,,
2420,6.700496,211903.0,1276.5240963855422,1276.5240963855422,1539.1284400581476,1437.775247176687,0.0704930712087893,0.2865965880995773,False,False,,
2421,6.7032648,210792.0,1269.8313253012047,1278.6927710843374,1541.3536793639253,1437.775247176687,0.0720407674221908,0.3584687714306547,False,False,,
2422,6.7060336000000005,212531.0,1280.3072289156626,1279.2650602409635,1541.9825054006108,1437.775247176687,0.0724781278774638,0.2169733760523797,False,False,,
2423,6.708802400000001,212898.0,1282.5180722891566,1280.3072289156626,1543.0811832420368,1437.775247176687,0.0732422791894185,0.4227677720131897,False,False,,
2424,6.7115712,212263.0,1278.6927710843374,1282.5180722891566,1545.3485080825103,1437.775247176687,0.0748192466917635,0.4318402871574278,False,False,,
2425,6.71434,215018.0,1295.289156626506,1283.632530120482,1546.5194196946463,1437.775247176687,0.0756336379635809,0.1541528283174731,False,False,,
2426,6.7171088,213840.0,1288.1927710843374,1283.632530120482,1546.5758458028583,1437.775247176687,0.0756728833938544,0.5869340240017937,False,False,,
2427,6.7198776,210802.0,1269.8915662650602,1288.1927710843374,1551.1924852158922,1437.775247176687,0.0788838438148934,1.07040893941301,False,True,2373.0,8.0
2428,6.7226464,213083.0,1283.632530120482,1292.0421686746988,1555.0982536099564,1437.775247176687,0.0816003799367482,0.5112578718204759,False,False,,
2429,6.7254152000000005,214497.0,1292.1506024096386,1292.1506024096386,1555.2630305166747,1437.775247176687,0.0817149854058866,0.0277690707957809,False,False,,
2430,6.728184000000001,214622.0,1292.9036144578313,1292.1506024096386,1555.3193460700732,1437.775247176687,0.0817541539431869,0.014142927425027,False,False,,
2431,6.7309528,214507.0,1292.210843373494,1292.1506024096386,1555.37563401863,1437.775247176687,0.0817933032807954,0.0217022211403268,False,False,,
2432,6.7337216,216027.0,1301.367469879518,1292.210843373494,1555.4921353397322,1437.775247176687,0.0818743321629735,0.0141290656208852,False,False,,
2433,6.7364904,214479.0,1292.0421686746988,1292.1506024096386,1555.4881271553377,1437.775247176687,0.0818715443945777,0.0065559134980208,False,False,,
2434,6.7392592,214615.0,1292.8614457831325,1292.1506024096386,1555.5443323705313,1437.775247176687,0.0819106361895602,0.021681443719471,False,False,,
2435,6.742028,214877.0,1294.4397590361446,1292.210843373494,1555.6607509988244,1437.775247176687,0.0819916075573186,0.10338976891898,False,False,,
2436,6.7447968000000005,214969.0,1294.9939759036145,1292.8614457831325,1556.3675035356491,1437.775247176687,0.082483167373926,0.1011129853973358,False,False,,
2437,6.747565600000001,214084.0,1289.6626506024097,1292.9036144578313,1556.4657948137817,1437.775247176687,0.0825515308252549,0.2123296000127084,False,False,,
2438,6.7503344,213916.0,1288.6506024096386,1294.4397590361446,1558.0580344852672,1437.775247176687,0.0836589637669559,0.2070263327426946,False,False,,
2439,6.7531032,216598.0,1304.8072289156626,1294.4397590361446,1558.1141020816635,1437.775247176687,0.0836979598454504,0.0140806562108277,False,False,,
2440,6.755872,214073.0,1289.5963855421687,1294.4397590361446,1558.170142194762,1437.775247176687,0.083736936808789,0.083683036245274,False,False,,
2441,6.7586408,214212.0,1290.433734939759,1294.9939759036145,1558.7803717055042,1437.775247176687,0.0841613630269622,0.3242821344150783,False,False,,
2442,6.7614096,215287.0,1296.9096385542168,1296.9096385542168,1560.7520195430182,1437.775247176687,0.085532681556326,0.2546659569914897,False,False,,
2443,6.7641784000000005,216122.0,1301.9397590361446,1296.9096385542168,1560.8079772870276,1437.775247176687,0.0855716012303984,0.0140530681958157,False,False,,
2444,6.766947200000001,216608.0,1304.867469879518,1296.9096385542168,1560.863907601587,1437.775247176687,0.0856105018267671,0.0140461796419373,False,False,,
2445,6.769716,215967.0,1301.0060240963855,1296.9096385542168,1560.9198105001417,1437.775247176687,0.0856493833547836,0.0140392944647071,False,False,,
2446,6.7724848,213464.0,1285.9277108433737,1296.9096385542168,1560.97568599613,1437.775247176687,0.0856882458237949,0.0140324126624822,False,False,,
2447,6.7752536,215553.0,1298.512048192771,1296.9096385542168,1561.031534102985,1437.775247176687,0.0857270892431433,0.0647192505538587,False,False,,
2448,6.7780224,217803.0,1312.066265060241,1297.313253012048,1561.490969291963,1437.775247176687,0.0860466351456619,0.2122537886676809,False,False,,
2449,6.7807912,216072.0,1301.6385542168675,1298.487951807229,1562.7214614560016,1437.775247176687,0.0869024658232695,0.1615532006601672,False,False,,
2450,6.7835600000000005,214832.0,1294.1686746987953,1298.487951807229,1562.7772274759827,1437.775247176687,0.0869412521496377,-0.1252136450526464,False,False,,
2451,6.786328800000001,214116.0,1289.855421686747,1297.379518072289,1561.7245324255537,1437.775247176687,0.086209082742426,-0.1335433589528367,False,False,,
2452,6.7890976,214463.0,1291.94578313253,1297.313253012048,1561.713978727752,1437.775247176687,0.0862017424451004,0.0056683436830304,False,False,,
2453,6.7918664,214922.0,1294.710843373494,1297.313253012048,1561.7696627815128,1437.775247176687,0.0862404717624051,0.0139843344075352,False,False,,
2454,6.7946352,215549.0,1298.487951807229,1297.313253012048,1561.8253195399814,1437.775247176687,0.0862791820953155,-0.312883497325485,False,False,,
2455,6.797404,215354.0,1297.313253012048,1294.710843373494,1559.2785393779834,1437.775247176687,0.0845078481076154,-0.3128903488271959,False,False,,
2456,6.8001728,215903.0,1300.620481927711,1294.710843373494,1559.3341415859998,1437.775247176687,0.08454652049965,0.0139637799007701,False,False,,
2457,6.8029416000000005,213940.0,1288.7951807228917,1294.710843373494,1559.3897165388432,1437.775247176687,0.0845851739351939,0.0487615761701007,False,False,,
2458,6.805710400000001,215365.0,1297.379518072289,1294.987951807229,1559.7223726836085,1437.775247176687,0.0848165426038495,0.0487547347388694,False,False,,
2459,6.8084792,214575.0,1292.620481927711,1294.987951807229,1559.7778931661792,1437.775247176687,0.084855158154284,0.0139432556054721,False,False,,
2460,6.811248,216848.0,1306.313253012048,1294.987951807229,1559.833386433637,1437.775247176687,0.0848937547760904,0.0139364208797179,False,False,,
2461,6.8140168,213583.0,1286.644578313253,1294.987951807229,1559.8888524993229,1437.775247176687,0.0849323324785475,-0.283423104732794,False,False,,
2462,6.8167856,213603.0,1286.7650602409635,1292.620481927711,1557.576821497052,1437.775247176687,0.083324270991322,-0.2834299327596969,False,False,,
2463,6.8195544,215559.0,1298.5481927710844,1292.620481927711,1557.6322331991878,1437.775247176687,0.0833628108828973,-0.4665394342980757,False,False,,
2464,6.8223232000000005,215568.0,1298.6024096385545,1288.7951807228917,1553.8623165347135,1437.775247176687,0.0807407622199528,-0.5376687830074083,False,False,,
2465,6.825092000000001,214968.0,1294.987951807229,1288.2289156626507,1553.3514088663417,1437.775247176687,0.0803854162301154,-0.0700828146408287,False,False,,
2466,6.8278608,213142.0,1283.987951807229,1288.1265060240964,1553.3043294844877,1437.775247176687,0.0803526716255977,0.0010328980850413,False,False,,
2467,6.8306296,213452.0,1285.855421686747,1288.1265060240964,1553.3596326193203,1437.775247176687,0.0803911360065511,-0.0141063658563513,False,False,,
2468,6.8333984,213829.0,1288.1265060240964,1287.9036144578313,1553.1920170793148,1437.775247176687,0.0802745562140316,-0.0141131738260131,False,False,,
2469,6.8361672,213267.0,1284.7409638554218,1287.9036144578313,1553.24726601029,1437.775247176687,0.0803129828951721,0.0138750589124292,False,False,,
2470,6.838936,215642.0,1299.0481927710844,1287.9036144578313,1553.302487859262,1437.775247176687,0.0803513907402651,-0.243383437144331,False,False,,
2471,6.8417048000000005,212841.0,1282.1746987951808,1285.855421686747,1551.3094898684217,1437.775247176687,0.0789652227736416,-0.3833654219620577,False,False,,
2472,6.844473600000001,213846.0,1288.2289156626507,1284.7409638554218,1550.2501997618806,1437.775247176687,0.0782284663796079,-0.1261205218331795,False,False,,
2473,6.8472424,213792.0,1287.9036144578313,1284.7409638554218,1550.3053404444677,1437.775247176687,0.0782668177719381,0.0138478737210565,False,False,,
2474,6.8500112,214691.0,1293.3192771084337,1284.7409638554218,1550.3604540981128,1437.775247176687,0.0783051503651256,0.0138410857497213,False,False,,
2475,6.85278,213246.0,1284.6144578313254,1284.7409638554218,1550.4155407360654,1437.775247176687,0.0783434641683857,0.0138343011057369,False,False,,
2476,6.8555488,211999.0,1277.1024096385545,1284.7409638554218,1550.4706003715678,1437.775247176687,0.0783817591909287,-0.0020615554771605,False,False,,
2477,6.8583176,212200.0,1278.313253012048,1284.6144578313254,1550.3991269937596,1437.775247176687,0.0783320480987754,-0.0777305966360248,False,False,,
2478,6.8610864000000005,211859.0,1276.2590361445782,1284.012048192771,1549.8517230255093,1437.775247176687,0.077951318238997,0.0138139671214378,False,False,,
2479,6.863855200000001,211094.0,1271.6506024096386,1284.6144578313254,1550.5091113716062,1437.775247176687,0.0784085443231071,0.0138071957704646,False,False,,
2480,6.866624,213510.0,1286.2048192771083,1284.012048192771,1549.96165349105,1437.775247176687,0.0780277769662959,-0.7776268449632475,False,False,,
2481,6.8693928,213146.0,1284.012048192771,1278.313253012048,1544.3177831319908,1437.775247176687,0.0741023579064379,-0.7640144023079074,False,False,,
2482,6.8721616,214691.0,1293.3192771084337,1277.8192771084337,1543.8787051269092,1437.775247176687,0.0737969708120754,-0.1382942473346098,False,False,,
2483,6.8749304,213462.0,1285.9156626506024,1277.1024096385545,1543.216708645629,1437.775247176687,0.0733365396823978,-0.1821851180540559,False,False,,
2484,6.8776992,211058.0,1271.433734939759,1276.2590361445782,1542.4281792435097,1437.775247176687,0.0727881025023392,-0.0921537796594247,False,False,,
2485,6.8804680000000005,212118.0,1277.8192771084337,1276.2590361445782,1542.4829964518074,1437.775247176687,0.0728262289121557,0.1340696357427084,False,False,,
2486,6.883236800000001,213287.0,1284.8614457831325,1277.2168674698796,1543.4956181150262,1437.775247176687,0.0735305265172281,0.1340628875919307,False,False,,
2487,6.8860056,211416.0,1273.5903614457832,1277.2168674698796,1543.550381595734,1437.775247176687,0.0735686155584849,-0.1905349662272701,False,False,,
2488,6.8887744,211748.0,1275.5903614457832,1275.5903614457832,1541.9786122083012,1437.775247176687,0.0724754200882477,-0.3456493472515216,False,False,,
2489,6.8915432,210101.0,1265.6686746987953,1274.355421686747,1540.7983822550427,1437.775247176687,0.0716545477331448,-0.2374590491582378,False,False,,
2490,6.894312,211019.0,1271.198795180723,1273.5903614457832,1540.0880050021226,1437.775247176687,0.0711604668576289,-0.3532290467293641,False,False,,
2491,6.8970808,208904.0,1258.4578313253012,1271.433734939759,1537.9860346795535,1437.775247176687,0.0696985065639762,-0.2866529867723333,False,False,,
2492,6.8998496000000005,212338.0,1279.144578313253,1271.198795180723,1537.8057243125236,1437.775247176687,0.0695730972780784,-0.613520691971706,False,False,,
2493,6.902618400000001,212018.0,1277.2168674698796,1266.4397590361446,1533.1012907816344,1437.775247176687,0.0663010743801135,-0.6808668312182196,False,False,,
2494,6.9053872,210229.0,1266.4397590361446,1265.6686746987953,1532.3847822927842,1437.775247176687,0.0658027291135239,-0.1353486355348536,False,False,,
2495,6.908156,211543.0,1274.355421686747,1265.2530120481929,1532.0236687386098,1437.775247176687,0.0655515677759759,-0.2897063708294016,False,False,,
2496,6.9109248,210032.0,1265.2530120481929,1263.2530120481929,1530.078191096081,1437.775247176687,0.064198451114419,-0.417582310723013,False,False,,
2497,6.9136936,209700.0,1263.2530120481929,1261.8192771084337,1528.6989517879429,1437.775247176687,0.063239163972116,-0.1663903088702074,False,False,,
2498,6.9164624,209062.0,1259.4096385542168,1261.8192771084337,1528.753420706814,1437.775247176687,0.0632770481400193,0.0136791688978341,False,False,,
2499,6.9192312000000005,209462.0,1261.8192771084337,1261.8192771084337,1528.8078629260294,1437.775247176687,0.0633149137378047,0.0136758154382406,False,False,,
