time_s,center_row,left_edge_px,right_edge_px,left_edge_um,right_edge_um,diameter_px,diameter_um,diameter_px_filt,diameter_um_filt,diameter_was_filtered,peak,baseline,sum_intensity,edge_strength_left,edge_strength_right,qc_score,qc_edge_violation,qc_diameter_violation,qc_center_violation
0.0,0,26.0,271.0,10.764,112.194,245.0,101.43,245.0,101.43,False,2142.8,208.6,473031.6666666666,,,0.75,False,False,False
0.0040084,1,26.0,271.0,10.764,112.194,245.0,101.43,245.0,101.43,False,2121.4,215.3,471819.75,,,0.75,False,False,False
0.0080168,2,26.0,271.0,10.764,112.194,245.0,101.43,245.0,101.43,False,2142.08,217.12,471209.0,,,0.75,False,False,False
0.0120252,3,26.0,271.0,10.764,112.194,245.0,101.43,245.0,101.43,False,2101.36,217.32,470012.0,,,0.75,False,False,False
0.0160336,4,26.0,271.0,10.764,112.194,245.0,101.43,245.0,101.43,False,2109.12,210.28,469048.4,,,0.75,False,False,False
0.020042,5,26.0,271.0,10.764,112.194,245.0,101.43,245.0,101.43,False,2095.48,207.16,466891.4000000001,,,0.75,False,False,False
0.0240504,6,26.0,271.0,10.764,112.194,245.0,101.43,245.0,101.43,False,2100.32,206.04,466636.2,,,0.75,False,False,False
0.0280588,7,26.0,271.0,10.764,112.194,245.0,101.43,245.0,101.43,False,2099.2799999999997,205.0,465638.0,,,0.75,False,False,False
0.0320672,8,26.0,271.0,10.764,112.194,245.0,101.43,245.0,101.43,False,2089.04,208.48,464504.6,,,0.75,False,False,False
0.0360756,9,26.0,271.0,10.764,112.194,245.0,101.43,245.0,101.43,False,2082.76,207.72,463555.0,,,0.75,False,False,False
0.040084,10,26.0,271.0,10.764,112.194,245.0,101.43,245.0,101.43,False,2082.16,207.92,462488.0,,,0.75,False,False,False
0.0440924,11,26.0,271.0,10.764,112.194,245.0,101.43,245.0,101.43,False,2049.56,206.0,460667.8,,,0.75,False,False,False
0.0481008,12,26.0,271.0,10.764,112.194,245.0,101.43,245.0,101.43,False,2042.92,214.8,458906.4,,,0.75,False,False,False
0.0521092,13,26.0,271.0,10.764,112.194,245.0,101.43,245.0,101.43,False,2052.8,211.12,457000.0,,,0.75,False,False,False
0.0561176,14,26.0,271.0,10.764,112.194,245.0,101.43,245.0,101.43,False,2042.92,212.88,454981.0,,,0.75,False,False,False
0.060126,15,26.0,271.0,10.764,112.194,245.0,101.43,245.0,101.43,False,2017.36,211.84,453585.2,,,0.75,False,False,False
0.0641344,16,26.0,271.0,10.764,112.194,245.0,101.43,245.0,101.43,False,2019.56,210.4,451716.0,,,0.75,False,False,False
0.0681428,17,26.0,271.0,10.764,112.194,245.0,101.43,245.0,101.43,False,2018.64,206.88,450961.6,,,0.75,False,False,False
0.0721512,18,26.0,271.0,10.764,112.194,245.0,101.43,245.0,101.43,False,2014.64,201.48,448756.6,,,0.75,False,False,False
0.0761596,19,26.0,271.0,10.764,112.194,245.0,101.43,245.0,101.43,False,2017.56,200.56,447127.2,,,0.75,False,False,False
0.080168,20,26.0,271.0,10.764,112.194,245.0,101.43,245.0,101.43,False,1996.24,207.08,445094.4,,,0.75,False,False,False
0.0841764,21,26.0,271.0,10.764,112.194,245.0,101.43,245.0,101.43,False,1975.4,201.96,443408.1999999999,,,0.75,False,False,False
0.0881848,22,26.0,271.0,10.764,112.194,245.0,101.43,245.0,101.43,False,1985.68,202.16,441116.1999999999,,,0.75,False,False,False
0.0921932,23,26.0,271.0,10.764,112.194,245.0,101.43,245.0,101.43,False,1976.84,205.76,440372.4,,,0.75,False,False,False
0.0962016,24,26.0,271.0,10.764,112.194,245.0,101.43,245.0,101.43,False,1982.0799999999997,212.32,438894.2,,,0.75,False,False,False
0.10021,25,26.0,271.0,10.764,112.194,245.0,101.43,245.0,101.43,False,1998.04,210.28,437462.8,,,0.75,False,False,False
0.1042184,26,26.0,271.0,10.764,112.194,245.0,101.43,245.0,101.43,False,1978.8799999999997,202.36,436382.4,,,0.75,False,False,False
0.1082268,27,26.0,271.0,10.764,112.194,245.0,101.43,245.0,101.43,False,1968.08,198.56,434969.6,,,0.75,False,False,False
0.1122352,28,26.0,271.0,10.764,112.194,245.0,101.43,245.0,101.43,False,1972.8,201.52,433268.6,,,0.75,False,False,False
0.1162436,29,25.0,271.0,10.35,112.194,246.0,101.844,246.0,101.844,False,1943.44,201.12,431747.8000000001,,,0.75,False,False,False
0.120252,30,25.0,271.0,10.35,112.194,246.0,101.844,246.0,101.844,False,1967.76,198.88,430760.4,,,0.75,False,False,False
0.1242604,31,25.0,271.0,10.35,112.194,246.0,101.844,246.0,101.844,False,1939.64,198.84,429500.8,,,0.75,False,False,False
0.1282688,32,25.0,271.0,10.35,112.194,246.0,101.844,246.0,101.844,False,1953.88,201.6,428212.8,,,0.75,False,False,False
0.1322772,33,25.0,271.0,10.35,112.194,246.0,101.844,246.0,101.844,False,1955.32,208.8,427059.8,,,0.75,False,False,False
0.1362856,34,25.0,271.0,10.35,112.194,246.0,101.844,246.0,101.844,False,1949.44,208.76,425806.8,,,0.75,False,False,False
0.140294,35,25.0,271.0,10.35,112.194,246.0,101.844,246.0,101.844,False,1948.28,212.12,424300.4,,,0.75,False,False,False
0.1443024,36,25.0,271.0,10.35,112.194,246.0,101.844,246.0,101.844,False,1919.16,210.44,423197.0,,,0.75,False,False,False
0.1483108,37,25.0,271.0,10.35,112.194,246.0,101.844,246.0,101.844,False,1898.2,213.04,422246.4,,,0.75,False,False,False
0.1523192,38,26.0,271.0,10.764,112.194,245.0,101.43,246.0,101.844,True,1918.32,208.68,421525.4,,,0.75,False,False,False
0.1563276,39,25.0,271.0,10.35,112.194,246.0,101.844,246.0,101.844,False,1915.76,206.76,420552.0,,,0.75,False,False,False
0.160336,40,25.0,271.0,10.35,112.194,246.0,101.844,246.0,101.844,False,1896.08,206.44,419586.4,,,0.75,False,False,False
0.1643444,41,25.0,271.0,10.35,112.194,246.0,101.844,246.0,101.844,False,1924.96,203.72,418684.0,,,0.75,False,False,False
0.1683528,42,25.0,271.0,10.35,112.194,246.0,101.844,246.0,101.844,False,1913.32,203.8,417116.8,,,0.75,False,False,False
0.1723612,43,25.0,271.0,10.35,112.194,246.0,101.844,246.0,101.844,False,1929.44,205.28,415849.6,,,0.75,False,False,False
0.1763696,44,25.0,271.0,10.35,112.194,246.0,101.844,246.0,101.844,False,1923.72,208.44,414741.4,,,0.75,False,False,False
0.180378,45,25.0,271.0,10.35,112.194,246.0,101.844,246.0,101.844,False,1911.96,210.0,413958.6,,,0.75,False,False,False
0.1843864,46,25.0,271.0,10.35,112.194,246.0,101.844,246.0,101.844,False,1869.96,211.0,412120.0,,,0.75,False,False,False
0.1883948,47,25.0,271.0,10.35,112.194,246.0,101.844,246.0,101.844,False,1857.16,215.8,410710.6,,,0.75,False,False,False
0.1924032,48,25.0,271.0,10.35,112.194,246.0,101.844,246.0,101.844,False,1844.08,211.52,409578.0,,,0.75,False,False,False
0.1964116,49,25.0,271.0,10.35,112.194,246.0,101.844,246.0,101.844,False,1863.4,205.96,408251.6,,,0.75,False,False,False
0.20042,50,25.0,271.0,10.35,112.194,246.0,101.844,246.0,101.844,False,1848.2,205.76,406276.0,,,0.75,False,False,False
0.2044284,51,25.0,271.0,10.35,112.194,246.0,101.844,246.0,101.844,False,1844.36,207.92,405279.4,,,0.75,False,False,False
0.2084368,52,25.0,271.0,10.35,112.194,246.0,101.844,246.0,101.844,False,1850.48,202.96,404510.8,,,0.75,False,False,False
0.2124452,53,25.0,271.0,10.35,112.194,246.0,101.844,246.0,101.844,False,1827.4399999999996,205.08,403631.2,,,0.75,False,False,False
0.2164536,54,25.0,271.0,10.35,112.194,246.0,101.844,246.0,101.844,False,1813.2,207.48,403022.4,,,0.75,False,False,False
0.220462,55,25.0,271.0,10.35,112.194,246.0,101.844,246.0,101.844,False,1823.64,206.32,402122.8000000001,,,0.75,False,False,False
0.2244704,56,25.0,271.0,10.35,112.194,246.0,101.844,246.0,101.844,False,1827.32,203.88,400958.4,,,0.75,False,False,False
0.2284788,57,25.0,271.0,10.35,112.194,246.0,101.844,246.0,101.844,False,1829.4,200.32,399946.6,,,0.75,False,False,False
0.2324872,58,24.0,271.0,9.936,112.194,247.0,102.258,247.0,102.258,False,1803.92,205.92,398644.8000000001,,,0.75,False,False,False
0.2364956,59,24.0,271.0,9.936,112.194,247.0,102.258,247.0,102.258,False,1810.5599999999995,204.0,397376.0,,,0.75,False,False,False
0.240504,60,24.0,271.0,9.936,112.194,247.0,102.258,247.0,102.258,False,1798.64,200.56,396120.4,,,0.75,False,False,False
0.2445124,61,24.0,272.0,9.936,112.608,248.0,102.672,248.0,102.672,False,1756.3999999999996,201.04,395107.6,,,0.75,False,False,False
0.2485208,62,24.0,272.0,9.936,112.608,248.0,102.672,248.0,102.672,False,1766.9999999999998,206.88,394189.6,,,0.75,False,False,False
0.2525292,63,24.0,272.0,9.936,112.608,248.0,102.672,248.0,102.672,False,1759.8799999999997,208.08,392605.1999999999,,,0.75,False,False,False
0.2565376,64,24.0,272.0,9.936,112.608,248.0,102.672,248.0,102.672,False,1749.32,211.76,391495.2,,,0.75,False,False,False
0.260546,65,24.0,271.0,9.936,112.194,247.0,102.258,247.0,102.258,False,1773.4,209.24,391101.4,,,0.75,False,False,False
0.2645544,66,24.0,271.0,9.936,112.194,247.0,102.258,247.0,102.258,False,1774.12,209.2,389806.8,,,0.75,False,False,False
0.2685628,67,24.0,271.0,9.936,112.194,247.0,102.258,247.0,102.258,False,1770.76,209.56,388785.4,,,0.75,False,False,False
0.2725712,68,24.0,271.0,9.936,112.194,247.0,102.258,247.0,102.258,False,1752.2799999999995,210.68,388360.4,,,0.75,False,False,False
0.2765796,69,24.0,271.0,9.936,112.194,247.0,102.258,247.0,102.258,False,1757.12,213.44,387960.2,,,0.75,False,False,False
0.280588,70,24.0,271.0,9.936,112.194,247.0,102.258,247.0,102.258,False,1742.04,217.36,386973.6,,,0.75,False,False,False
0.2845964,71,24.0,272.0,9.936,112.608,248.0,102.672,248.0,102.672,False,1739.6799999999998,219.2,386884.0,,,0.75,False,False,False
0.2886048,72,24.0,272.0,9.936,112.608,248.0,102.672,248.0,102.672,False,1725.6799999999996,219.84000000000003,385806.4,,,0.75,False,False,False
0.2926132,73,24.0,272.0,9.936,112.608,248.0,102.672,248.0,102.672,False,1729.88,214.28,384890.8,,,0.75,False,False,False
0.2966216,74,24.0,272.0,9.936,112.608,248.0,102.672,248.0,102.672,False,1722.16,204.12,383413.6,,,0.75,False,False,False
0.30063,75,24.0,272.0,9.936,112.608,248.0,102.672,248.0,102.672,False,1726.88,204.72,382373.0,,,0.75,False,False,False
0.3046384,76,23.0,272.0,9.522,112.608,249.0,103.086,249.0,103.086,False,1709.16,206.04,381414.0,,,0.75,False,False,False
0.3086468,77,23.0,272.0,9.522,112.608,249.0,103.086,249.0,103.086,False,1720.24,201.16,381398.8,,,0.75,False,False,False
0.3126552,78,23.0,272.0,9.522,112.608,249.0,103.086,249.0,103.086,False,1707.4399999999998,200.12,381414.0,,,0.75,False,False,False
0.3166636,79,23.0,272.0,9.522,112.608,249.0,103.086,249.0,103.086,False,1690.0799999999997,202.96,380962.6,,,0.75,False,False,False
0.320672,80,23.0,272.0,9.522,112.608,249.0,103.086,249.0,103.086,False,1688.9999999999998,202.32,379838.1999999999,,,0.75,False,False,False
0.3246804,81,23.0,273.0,9.522,113.022,250.0,103.5,250.0,103.5,False,1703.16,204.52,378823.8,,,0.75,False,False,False
0.3286888,82,23.0,273.0,9.522,113.022,250.0,103.5,250.0,103.5,False,1700.24,205.92,377534.0,,,0.75,False,False,False
0.3326972,83,23.0,273.0,9.522,113.022,250.0,103.5,250.0,103.5,False,1685.32,209.04,376755.2,,,0.75,False,False,False
0.3367056,84,23.0,273.0,9.522,113.022,250.0,103.5,250.0,103.5,False,1692.0,203.8,376101.4,,,0.75,False,False,False
0.340714,85,23.0,273.0,9.522,113.022,250.0,103.5,250.0,103.5,False,1679.5599999999995,212.52,376386.6,,,0.75,False,False,False
0.3447224,86,23.0,273.0,9.522,113.022,250.0,103.5,250.0,103.5,False,1693.76,210.0,376416.6,,,0.75,False,False,False
0.3487308,87,23.0,272.0,9.522,112.608,249.0,103.086,250.0,103.5,True,1694.4,210.16,375878.2,,,0.75,False,False,False
0.3527392,88,21.0,272.0,8.693999999999999,112.608,251.0,103.914,251.0,103.914,False,1678.2799999999995,217.88,375181.2,,,0.75,False,False,False
0.3567476,89,21.0,272.0,8.693999999999999,112.608,251.0,103.914,251.0,103.914,False,1696.9599999999996,214.64,374511.4,,,0.75,False,False,False
0.360756,90,21.0,272.0,8.693999999999999,112.608,251.0,103.914,251.0,103.914,False,1686.68,216.68,373467.2,,,0.75,False,False,False
0.3647644,91,21.0,272.0,8.693999999999999,112.608,251.0,103.914,251.0,103.914,False,1677.16,220.92,372681.6,,,0.75,False,False,False
0.3687728,92,22.0,272.0,9.108,112.608,250.0,103.5,250.0,103.5,False,1672.7599999999998,215.84,372344.8000000001,,,0.75,False,False,False
0.3727812,93,22.0,272.0,9.108,112.608,250.0,103.5,250.0,103.5,False,1712.1999999999998,222.56,371864.4,,,0.75,False,False,False
0.3767896,94,22.0,272.0,9.108,112.608,250.0,103.5,250.0,103.5,False,1702.6,223.92,371332.4,,,0.75,False,False,False
0.380798,95,22.0,272.0,9.108,112.608,250.0,103.5,250.0,103.5,False,1702.56,221.68,370957.4,,,0.75,False,False,False
0.3848064,96,22.0,272.0,9.108,112.608,250.0,103.5,250.0,103.5,False,1679.52,222.76,370221.8,,,0.75,False,False,False
0.3888148,97,22.0,272.0,9.108,112.608,250.0,103.5,250.0,103.5,False,1676.0799999999997,220.04,369211.8000000001,,,0.75,False,False,False
0.3928232,98,22.0,272.0,9.108,112.608,250.0,103.5,250.0,103.5,False,1676.7199999999991,227.28000000000003,368068.8000000001,,,0.75,False,False,False
0.3968316,99,21.0,272.0,8.693999999999999,112.608,251.0,103.914,251.0,103.914,False,1660.5599999999995,233.08000000000004,366995.6,,,0.75,False,False,False
0.40084,100,21.0,272.0,8.693999999999999,112.608,251.0,103.914,251.0,103.914,False,1658.28,234.24000000000004,366055.4,,,0.75,False,False,False
0.4048484,101,21.0,272.0,8.693999999999999,112.608,251.0,103.914,251.0,103.914,False,1636.6799999999998,234.04,364393.6,,,0.75,False,False,False
0.4088568000000001,102,21.0,272.0,8.693999999999999,112.608,251.0,103.914,251.0,103.914,False,1618.84,236.84000000000003,363945.20000000007,,,0.75,False,False,False
0.4128652,103,21.0,272.0,8.693999999999999,112.608,251.0,103.914,251.0,103.914,False,1620.6799999999998,228.76,363656.4,,,0.75,False,False,False
0.4168736,104,21.0,273.0,8.693999999999999,113.022,252.0,104.328,251.0,103.914,True,1613.1599999999996,216.92,363481.4,,,0.75,False,False,False
0.420882,105,22.0,273.0,9.108,113.022,251.0,103.914,251.0,103.914,False,1655.88,214.12,363335.4,,,0.75,False,False,False
0.4248904,106,22.0,273.0,9.108,113.022,251.0,103.914,251.0,103.914,False,1670.64,217.16000000000005,363207.8000000001,,,0.75,False,False,False
0.4288988000000001,107,22.0,273.0,9.108,113.022,251.0,103.914,251.0,103.914,False,1668.3599999999997,220.32,362175.6,,,0.75,False,False,False
0.4329072,108,22.0,273.0,9.108,113.022,251.0,103.914,251.0,103.914,False,1665.5599999999995,225.2,361181.6,,,0.75,False,False,False
0.4369156,109,22.0,272.0,9.108,112.608,250.0,103.5,250.0,103.5,False,1655.88,234.16,360073.80000000005,,,0.75,False,False,False
0.440924,110,22.0,272.0,9.108,112.608,250.0,103.5,250.0,103.5,False,1636.9199999999998,232.96,358906.39999999997,,,0.75,False,False,False
0.4449324,111,22.0,272.0,9.108,112.608,250.0,103.5,250.0,103.5,False,1654.9199999999998,228.68,358912.6,,,0.75,False,False,False
0.4489408,112,20.0,272.0,8.28,112.608,252.0,104.328,251.0,103.914,True,1627.88,229.24,359287.0,,,0.75,False,False,False
0.4529492,113,20.0,272.0,8.28,112.608,252.0,104.328,252.0,104.328,False,1622.88,225.8,358700.19999999995,,,0.75,False,False,False
0.4569576000000001,114,21.0,272.0,8.693999999999999,112.608,251.0,103.914,252.0,104.328,True,1627.56,228.04,359082.8,,,0.75,False,False,False
0.460966,115,21.0,273.0,8.693999999999999,113.022,252.0,104.328,252.0,104.328,False,1615.0399999999995,236.92,359453.0,,,0.75,False,False,False
0.4649744,116,21.0,273.0,8.693999999999999,113.022,252.0,104.328,252.0,104.328,False,1627.7999999999995,242.52,359021.60000000003,,,0.75,False,False,False
0.4689828,117,21.0,273.0,8.693999999999999,113.022,252.0,104.328,252.0,104.328,False,1629.4399999999996,247.68000000000004,357885.0,,,0.75,False,False,False
0.4729912,118,21.0,272.0,8.693999999999999,112.608,251.0,103.914,251.0,103.914,False,1655.32,261.52000000000004,357737.2,,,0.75,False,False,False
0.4769996000000001,119,21.0,272.0,8.693999999999999,112.608,251.0,103.914,251.0,103.914,False,1643.1599999999996,278.80000000000007,356826.0,,,0.75,False,False,False
0.481008,120,21.0,272.0,8.693999999999999,112.608,251.0,103.914,251.0,103.914,False,1663.2399999999998,285.08000000000004,355680.80000000005,,,0.75,False,False,False
0.4850164,121,21.0,273.0,8.693999999999999,113.022,252.0,104.328,251.0,103.914,True,1646.0,273.6,354962.4,,,0.75,False,False,False
0.4890248,122,20.0,272.0,8.28,112.608,252.0,104.328,252.0,104.328,False,1637.52,272.28000000000003,354468.6,,,0.75,False,False,False
0.4930332,123,21.0,272.0,8.693999999999999,112.608,251.0,103.914,252.0,104.328,True,1620.6,275.20000000000005,353156.60000000003,,,0.75,False,False,False
0.4970416000000001,124,20.0,272.0,8.28,112.608,252.0,104.328,252.0,104.328,False,1595.9199999999998,263.0400000000001,352381.0,,,0.75,False,False,False
0.5010500000000001,125,20.0,272.0,8.28,112.608,252.0,104.328,251.0,103.914,True,1590.64,259.96,351410.39999999997,,,0.75,False,False,False
0.5050584,126,21.0,272.0,8.693999999999999,112.608,251.0,103.914,251.0,103.914,False,1590.56,271.72,350870.8,,,0.75,False,False,False
0.5090668,127,21.0,272.0,8.693999999999999,112.608,251.0,103.914,251.0,103.914,False,1600.24,270.36000000000007,350083.4,,,0.75,False,False,False
0.5130752000000001,128,21.0,272.0,8.693999999999999,112.608,251.0,103.914,251.0,103.914,False,1588.08,276.68,349393.60000000003,,,0.75,False,False,False
0.5170836000000001,129,21.0,272.0,8.693999999999999,112.608,251.0,103.914,251.0,103.914,False,1600.9199999999998,286.08000000000004,349275.80000000005,,,0.75,False,False,False
0.5210920000000001,130,19.0,272.0,7.866,112.608,253.0,104.742,253.0,104.742,False,1583.1999999999998,287.88000000000005,349449.8,,,0.75,False,False,False
0.5251004,131,19.0,272.0,7.866,112.608,253.0,104.742,253.0,104.742,False,1581.16,282.56000000000006,348522.4,,,0.75,False,False,False
0.5291088,132,19.0,273.0,7.866,113.022,254.0,105.156,254.0,105.156,False,1587.32,296.52000000000004,348300.0,,,0.75,False,False,False
0.5331172000000001,133,19.0,273.0,7.866,113.022,254.0,105.156,254.0,105.156,False,1589.0399999999995,292.68000000000006,348133.60000000003,,,0.75,False,False,False
0.5371256000000001,134,19.0,273.0,7.866,113.022,254.0,105.156,254.0,105.156,False,1593.24,277.8,347090.80000000005,,,0.75,False,False,False
0.5411340000000001,135,19.0,273.0,7.866,113.022,254.0,105.156,254.0,105.156,False,1602.4399999999998,288.84000000000003,345924.0,,,0.75,False,False,False
0.5451424,136,19.0,273.0,7.866,113.022,254.0,105.156,254.0,105.156,False,1589.4799999999998,292.08000000000004,344918.0,,,0.75,False,False,False
0.5491508,137,19.0,273.0,7.866,113.022,254.0,105.156,254.0,105.156,False,1567.12,285.68,343969.2,,,0.75,False,False,False
0.5531592000000001,138,19.0,272.0,7.866,112.608,253.0,104.742,253.0,104.742,False,1562.9199999999998,288.12,343302.4,,,0.75,False,False,False
0.5571676000000001,139,19.0,272.0,7.866,112.608,253.0,104.742,253.0,104.742,False,1568.3199999999997,306.84000000000003,343436.6,,,0.75,False,False,False
0.5611760000000001,140,19.0,272.0,7.866,112.608,253.0,104.742,253.0,104.742,False,1567.52,305.56000000000006,343057.8,,,0.75,False,False,False
0.5651844,141,19.0,272.0,7.866,112.608,253.0,104.742,253.0,104.742,False,1569.4,309.00000000000006,342923.4,,,0.75,False,False,False
0.5691928,142,19.0,272.0,7.866,112.608,253.0,104.742,253.0,104.742,False,1574.1999999999998,311.6000000000001,342534.19999999995,,,0.75,False,False,False
0.5732012000000001,143,19.0,272.0,7.866,112.608,253.0,104.742,253.0,104.742,False,1561.7999999999995,314.52000000000004,342687.0,,,0.75,False,False,False
0.5772096000000001,144,19.0,272.0,7.866,112.608,253.0,104.742,253.0,104.742,False,1566.28,315.2800000000001,341547.0,,,0.75,False,False,False
0.5812180000000001,145,19.0,272.0,7.866,112.608,253.0,104.742,253.0,104.742,False,1553.8399999999997,316.36000000000007,341404.8,,,0.75,False,False,False
0.5852264,146,19.0,272.0,7.866,112.608,253.0,104.742,253.0,104.742,False,1605.72,322.44000000000005,340907.0,,,0.75,False,False,False
0.5892348000000001,147,19.0,272.0,7.866,112.608,253.0,104.742,253.0,104.742,False,1573.8,331.5200000000001,340092.19999999995,,,0.75,False,False,False
0.5932432000000001,148,19.0,272.0,7.866,112.608,253.0,104.742,253.0,104.742,False,1564.3999999999994,336.24000000000007,340086.0,,,0.75,False,False,False
0.5972516000000001,149,19.0,272.0,7.866,112.608,253.0,104.742,253.0,104.742,False,1587.12,326.28000000000003,340005.8,,,0.75,False,False,False
0.6012600000000001,150,19.0,273.0,7.866,113.022,254.0,105.156,254.0,105.156,False,1572.8,327.6,339096.0,,,0.75,False,False,False
0.6052684,151,19.0,273.0,7.866,113.022,254.0,105.156,254.0,105.156,False,1571.96,322.56000000000006,339193.0,,,0.75,False,False,False
0.6092768000000001,152,19.0,273.0,7.866,113.022,254.0,105.156,254.0,105.156,False,1587.16,336.04,339946.19999999995,,,0.75,False,False,False
0.6132852000000001,153,19.0,273.0,7.866,113.022,254.0,105.156,254.0,105.156,False,1555.72,341.24,338745.8,,,0.75,False,False,False
0.6172936000000001,154,19.0,272.0,7.866,112.608,253.0,104.742,253.0,104.742,False,1567.12,362.2,338646.0,,,0.75,False,False,False
0.6213020000000001,155,19.0,272.0,7.866,112.608,253.0,104.742,253.0,104.742,False,1551.7599999999998,374.04,338588.6,,,0.75,False,False,False
0.6253104,156,19.0,272.0,7.866,112.608,253.0,104.742,253.0,104.742,False,1542.04,395.04,337679.4,,,0.75,False,False,False
0.6293188000000001,157,19.0,272.0,7.866,112.608,253.0,104.742,253.0,104.742,False,1512.24,399.48,336879.19999999995,,,0.75,False,False,False
0.6333272000000001,158,18.0,272.0,7.452,112.608,254.0,105.156,254.0,105.156,False,1519.7599999999995,402.3200000000001,336455.80000000005,,,0.75,False,False,False
0.6373356000000001,159,18.0,272.0,7.452,112.608,254.0,105.156,254.0,105.156,False,1520.48,414.4800000000001,335999.8,,,0.75,False,False,False
0.6413440000000001,160,18.0,272.0,7.452,112.608,254.0,105.156,254.0,105.156,False,1524.08,438.6000000000001,335571.0,,,0.75,False,False,False
0.6453524,161,18.0,272.0,7.452,112.608,254.0,105.156,254.0,105.156,False,1521.4399999999998,442.4800000000001,335568.0,,,0.75,False,False,False
0.6493608000000001,162,18.0,272.0,7.452,112.608,254.0,105.156,254.0,105.156,False,1520.44,459.2000000000001,334979.0,,,0.75,False,False,False
0.6533692000000001,163,18.0,272.0,7.452,112.608,254.0,105.156,254.0,105.156,False,1539.16,474.5200000000001,334867.4,,,0.75,False,False,False
0.6573776000000001,164,18.0,272.0,7.452,112.608,254.0,105.156,254.0,105.156,False,1527.7999999999995,485.96000000000015,333809.2,,,0.75,False,False,False
0.661386,165,18.0,272.0,7.452,112.608,254.0,105.156,254.0,105.156,False,1532.64,466.9600000000001,333392.6,,,0.75,False,False,False
0.6653944,166,18.0,272.0,7.452,112.608,254.0,105.156,254.0,105.156,False,1534.0399999999995,474.6400000000001,332923.6,,,0.75,False,False,False
0.6694028000000001,167,18.0,272.0,7.452,112.608,254.0,105.156,254.0,105.156,False,1513.32,485.68000000000006,332637.4,,,0.75,False,False,False
0.6734112000000001,168,18.0,272.0,7.452,112.608,254.0,105.156,254.0,105.156,False,1504.4,521.4800000000001,331897.0,,,0.75,False,False,False
0.6774196000000001,169,18.0,272.0,7.452,112.608,254.0,105.156,254.0,105.156,False,1506.7599999999998,527.6000000000001,331791.0,,,0.75,False,False,False
0.681428,170,18.0,272.0,7.452,112.608,254.0,105.156,254.0,105.156,False,1500.64,548.8000000000002,331941.4,,,0.75,False,False,False
0.6854364000000001,171,18.0,272.0,7.452,112.608,254.0,105.156,254.0,105.156,False,1511.3199999999997,577.0000000000001,331745.4,,,0.75,False,False,False
0.6894448000000001,172,18.0,272.0,7.452,112.608,254.0,105.156,254.0,105.156,False,1514.4399999999998,583.0400000000002,331870.80000000005,,,0.75,False,False,False
0.6934532000000001,173,18.0,272.0,7.452,112.608,254.0,105.156,254.0,105.156,False,1505.4,576.5600000000002,331356.4,,,0.75,False,False,False
0.6974616000000001,174,18.0,271.0,7.452,112.194,253.0,104.742,253.0,104.742,False,1509.84,588.6400000000002,331058.6,,,0.75,False,False,False
0.70147,175,18.0,271.0,7.452,112.194,253.0,104.742,253.0,104.742,False,1497.9999999999998,608.0800000000003,330317.6,,,0.75,False,False,False
0.7054784000000001,176,18.0,271.0,7.452,112.194,253.0,104.742,253.0,104.742,False,1496.8,624.8800000000003,329793.80000000005,,,0.75,False,False,False
0.7094868000000001,177,18.0,271.0,7.452,112.194,253.0,104.742,253.0,104.742,False,1493.96,633.2400000000002,328919.0,,,0.75,False,False,False
0.7134952000000001,178,18.0,271.0,7.452,112.194,253.0,104.742,253.0,104.742,False,1508.08,643.1600000000002,329413.4,,,0.75,False,False,False
0.7175036000000001,179,18.0,271.0,7.452,112.194,253.0,104.742,253.0,104.742,False,1502.6799999999998,667.0000000000002,329085.8,,,0.75,False,False,False
0.721512,180,18.0,271.0,7.452,112.194,253.0,104.742,253.0,104.742,False,1506.88,680.4000000000003,328923.6,,,0.75,False,False,False
0.7255204000000001,181,18.0,271.0,7.452,112.194,253.0,104.742,253.0,104.742,False,1491.36,680.6800000000003,329017.8,,,0.75,False,False,False
0.7295288000000001,182,18.0,271.0,7.452,112.194,253.0,104.742,253.0,104.742,False,1496.12,665.6400000000003,328804.4,,,0.75,False,False,False
0.7335372000000001,183,18.0,271.0,7.452,112.194,253.0,104.742,253.0,104.742,False,1505.8399999999997,675.3200000000003,328646.2,,,0.75,False,False,False
0.7375456000000001,184,18.0,271.0,7.452,112.194,253.0,104.742,253.0,104.742,False,1516.16,673.9200000000003,328635.8,,,0.75,False,False,False
0.741554,185,18.0,271.0,7.452,112.194,253.0,104.742,253.0,104.742,False,1509.4399999999998,665.2400000000002,328602.8,,,0.75,False,False,False
0.7455624000000001,186,18.0,272.0,7.452,112.608,254.0,105.156,254.0,105.156,False,1501.5199999999998,670.3600000000002,328385.0,,,0.75,False,False,False
0.7495708000000001,187,18.0,272.0,7.452,112.608,254.0,105.156,254.0,105.156,False,1499.36,667.9600000000003,327875.6,,,0.75,False,False,False
0.7535792000000001,188,18.0,272.0,7.452,112.608,254.0,105.156,254.0,105.156,False,1502.08,666.1200000000002,327917.4,,,0.75,False,False,False
0.7575876000000001,189,18.0,272.0,7.452,112.608,254.0,105.156,254.0,105.156,False,1506.64,651.2000000000003,328031.0,,,0.75,False,False,False
0.761596,190,18.0,271.0,7.452,112.194,253.0,104.742,253.0,104.742,False,1516.9999999999998,653.6000000000003,327873.39999999997,,,0.75,False,False,False
0.7656044000000001,191,18.0,271.0,7.452,112.194,253.0,104.742,253.0,104.742,False,1500.9199999999998,673.6800000000003,327344.0,,,0.75,False,False,False
0.7696128000000001,192,18.0,271.0,7.452,112.194,253.0,104.742,253.0,104.742,False,1490.4,680.3200000000003,327925.0,,,0.75,False,False,False
0.7736212000000001,193,18.0,271.0,7.452,112.194,253.0,104.742,253.0,104.742,False,1493.7199999999998,676.6800000000003,327546.8,,,0.75,False,False,False
0.7776296000000001,194,18.0,271.0,7.452,112.194,253.0,104.742,253.0,104.742,False,1497.7999999999995,686.1200000000002,327339.6,,,0.75,False,False,False
0.781638,195,18.0,272.0,7.452,112.608,254.0,105.156,254.0,105.156,False,1520.88,652.5600000000002,327002.6,,,0.75,False,False,False
0.7856464000000001,196,18.0,272.0,7.452,112.608,254.0,105.156,254.0,105.156,False,1502.2799999999995,652.0000000000001,327438.0,,,0.75,False,False,False
0.7896548000000001,197,18.0,272.0,7.452,112.608,254.0,105.156,254.0,105.156,False,1498.8399999999997,668.5200000000002,327472.0,,,0.75,False,False,False
0.7936632000000001,198,18.0,272.0,7.452,112.608,254.0,105.156,254.0,105.156,False,1510.6799999999998,651.0400000000002,327096.0,,,0.75,False,False,False
0.7976716000000001,199,18.0,272.0,7.452,112.608,254.0,105.156,254.0,105.156,False,1497.36,638.7200000000003,327198.0,,,0.75,False,False,False
0.8016800000000001,200,18.0,272.0,7.452,112.608,254.0,105.156,254.0,105.156,False,1489.7199999999998,654.7200000000003,326950.8,,,0.75,False,False,False
0.8056884000000001,201,18.0,272.0,7.452,112.608,254.0,105.156,254.0,105.156,False,1477.52,637.9600000000003,326508.4,,,0.75,False,False,False
0.8096968000000001,202,18.0,272.0,7.452,112.608,254.0,105.156,254.0,105.156,False,1473.04,634.2000000000002,325842.39999999997,,,0.75,False,False,False
0.8137052000000001,203,18.0,272.0,7.452,112.608,254.0,105.156,254.0,105.156,False,1464.76,642.2400000000002,325455.80000000005,,,0.75,False,False,False
0.8177136000000002,204,18.0,272.0,7.452,112.608,254.0,105.156,254.0,105.156,False,1455.56,643.2800000000002,324678.0,,,0.75,False,False,False
0.8217220000000001,205,18.0,272.0,7.452,112.608,254.0,105.156,254.0,105.156,False,1456.88,652.6400000000002,324212.4,,,0.75,False,False,False
0.8257304000000001,206,18.0,272.0,7.452,112.608,254.0,105.156,254.0,105.156,False,1451.84,678.5200000000002,324103.6,,,0.75,False,False,False
0.8297388000000001,207,18.0,272.0,7.452,112.608,254.0,105.156,254.0,105.156,False,1446.4,674.7200000000001,324083.2,,,0.75,False,False,False
0.8337472000000001,208,18.0,272.0,7.452,112.608,254.0,105.156,254.0,105.156,False,1436.88,672.8800000000002,324141.4,,,0.75,False,False,False
0.8377556000000002,209,18.0,272.0,7.452,112.608,254.0,105.156,254.0,105.156,False,1469.6,680.3600000000002,323697.80000000005,,,0.75,False,False,False
0.8417640000000001,210,17.0,272.0,7.037999999999999,112.608,255.0,105.57,254.0,105.156,True,1468.8799999999997,659.3600000000001,323709.4,,,0.75,False,False,False
0.8457724000000001,211,18.0,272.0,7.452,112.608,254.0,105.156,254.0,105.156,False,1481.32,656.5600000000002,322939.60000000003,,,0.75,False,False,False
0.8497808000000001,212,17.0,272.0,7.037999999999999,112.608,255.0,105.57,254.0,105.156,True,1470.7199999999996,644.6400000000002,322926.39999999997,,,0.75,False,False,False
0.8537892000000001,213,18.0,272.0,7.452,112.608,254.0,105.156,254.0,105.156,False,1504.8,664.8400000000001,323874.19999999995,,,0.75,False,False,False
0.8577976000000002,214,18.0,272.0,7.452,112.608,254.0,105.156,254.0,105.156,False,1486.7599999999993,688.5200000000002,325478.20000000007,,,0.75,False,False,False
0.8618060000000001,215,18.0,272.0,7.452,112.608,254.0,105.156,254.0,105.156,False,1503.8,730.2000000000002,328665.0,,,0.75,False,False,False
0.8658144000000001,216,18.0,272.0,7.452,112.608,254.0,105.156,254.0,105.156,False,1518.08,747.9200000000002,336246.4,,,0.75,False,False,False
0.8698228000000001,217,19.0,272.0,7.866,112.608,253.0,104.742,253.0,104.742,False,1586.12,762.7200000000001,347837.80000000005,,,0.75,False,False,False
0.8738312000000001,218,28.0,272.0,11.592,112.608,244.0,101.016,244.0,101.016,False,1663.32,797.8400000000003,364669.6,,,0.75,False,False,False
0.8778396000000002,219,31.0,272.0,12.834,112.608,241.0,99.774,241.0,99.774,False,1760.2,830.3200000000003,386892.20000000007,,,0.75,False,False,False
0.8818480000000001,220,31.0,272.0,12.834,112.608,241.0,99.774,241.0,99.774,False,1877.36,836.1600000000003,412322.6,,,0.75,False,False,False
0.8858564000000001,221,31.0,272.0,12.834,112.608,241.0,99.774,241.0,99.774,False,1972.08,855.9200000000003,437299.0,,,0.75,False,False,False
0.8898648000000001,222,31.0,272.0,12.834,112.608,241.0,99.774,241.0,99.774,False,2106.32,885.9200000000003,462491.2,,,0.75,False,False,False
0.8938732000000001,223,31.0,272.0,12.834,112.608,241.0,99.774,241.0,99.774,False,2188.6,930.0800000000004,485545.0,,,0.75,False,False,False
0.8978816000000001,224,31.0,272.0,12.834,112.608,241.0,99.774,241.0,99.774,False,2313.12,955.8400000000004,507142.6,,,0.75,False,False,False
0.90189,225,31.0,272.0,12.834,112.608,241.0,99.774,241.0,99.774,False,2380.5999999999995,968.2800000000004,525826.4,,,0.75,False,False,False
0.9058984,226,31.0,272.0,12.834,112.608,241.0,99.774,241.0,99.774,False,2445.7999999999997,1049.0800000000004,544315.3999999999,,,0.75,False,False,False
0.9099068,227,31.0,272.0,12.834,112.608,241.0,99.774,241.0,99.774,False,2503.32,1059.4800000000005,559234.8,,,0.75,False,False,False
0.9139152,228,31.0,272.0,12.834,112.608,241.0,99.774,241.0,99.774,False,2571.0,1090.1600000000003,573235.0,,,0.75,False,False,False
0.9179236,229,32.0,272.0,13.248,112.608,240.0,99.36,241.0,99.774,True,2639.48,1067.6800000000003,584923.6000000001,,,0.75,False,False,False
0.921932,230,31.0,272.0,12.834,112.608,241.0,99.774,241.0,99.774,False,2687.92,1063.2800000000004,595777.6,,,0.75,False,False,False
0.9259404,231,32.0,272.0,13.248,112.608,240.0,99.36,241.0,99.774,True,2735.24,1052.7600000000004,606451.0,,,0.75,False,False,False
0.9299488,232,32.0,273.0,13.248,113.022,241.0,99.774,241.0,99.774,False,2786.8,1014.8800000000005,616800.0,,,0.75,False,False,False
0.9339572000000002,233,32.0,273.0,13.248,113.022,241.0,99.774,241.0,99.774,False,2810.16,998.3600000000004,625988.7999999999,,,0.75,False,False,False
0.9379656,234,32.0,273.0,13.248,113.022,241.0,99.774,241.0,99.774,False,2859.2799999999997,1011.9600000000004,635079.5999999999,,,0.75,False,False,False
0.941974,235,32.0,273.0,13.248,113.022,241.0,99.774,241.0,99.774,False,2921.04,986.6400000000004,643730.8,,,0.75,False,False,False
0.9459824,236,32.0,273.0,13.248,113.022,241.0,99.774,241.0,99.774,False,2950.96,926.6400000000004,650142.2,,,0.75,False,False,False
0.9499908,237,32.0,273.0,13.248,113.022,241.0,99.774,241.0,99.774,False,2994.76,889.2000000000003,656817.6000000001,,,0.75,False,False,False
0.9539992000000002,238,31.0,273.0,12.834,113.022,242.0,100.188,242.0,100.188,False,3047.92,840.2400000000004,662614.8,,,0.75,False,False,False
0.9580076,239,31.0,273.0,12.834,113.022,242.0,100.188,242.0,100.188,False,3033.36,781.2000000000003,667725.6000000001,,,0.75,False,False,False
0.962016,240,30.0,273.0,12.42,113.022,243.0,100.602,243.0,100.602,False,3043.68,712.2000000000003,672390.6,,,0.75,False,False,False
0.9660244,241,30.0,273.0,12.42,113.022,243.0,100.602,243.0,100.602,False,3031.2399999999993,675.8000000000002,677189.4,,,0.75,False,False,False
0.9700328,242,30.0,273.0,12.42,113.022,243.0,100.602,243.0,100.602,False,3055.36,607.4400000000002,681261.4,,,0.75,False,False,False
0.9740412000000002,243,30.0,273.0,12.42,113.022,243.0,100.602,243.0,100.602,False,3070.24,541.2,684950.2,,,0.75,False,False,False
0.9780496,244,30.0,274.0,12.42,113.436,244.0,101.016,244.0,101.016,False,3095.0,466.4800000000001,688730.6,,,0.75,False,False,False
0.982058,245,25.0,274.0,10.35,113.436,249.0,103.086,249.0,103.086,False,3097.12,406.4,691635.6,,,0.75,False,False,False
0.9860664,246,24.0,274.0,9.936,113.436,250.0,103.5,249.0,103.086,True,3103.96,375.92,693666.4,,,0.75,False,False,False
0.9900748,247,25.0,274.0,10.35,113.436,249.0,103.086,249.0,103.086,False,3133.3599999999997,366.88000000000005,695063.6000000001,,,0.75,False,False,False
0.9940832000000002,248,25.0,274.0,10.35,113.436,249.0,103.086,249.0,103.086,False,3122.44,359.40000000000003,697938.2,,,0.75,False,False,False
0.9980916,249,25.0,273.0,10.35,113.022,248.0,102.672,249.0,103.086,True,3150.119999999999,365.24000000000007,699375.2,,,0.75,False,False,False
1.0021000000000002,250,25.0,273.0,10.35,113.022,248.0,102.672,249.0,103.086,True,3188.68,344.20000000000005,702536.2000000001,,,0.75,False,False,False
1.0061084000000002,251,24.0,273.0,9.936,113.022,249.0,103.086,249.0,103.086,False,3199.04,342.04,705663.6000000001,,,0.75,False,False,False
1.0101168,252,24.0,273.0,9.936,113.022,249.0,103.086,249.0,103.086,False,3202.88,331.84000000000003,708980.0,,,0.75,False,False,False
1.0141252,253,22.0,273.0,9.108,113.022,251.0,103.914,251.0,103.914,False,3229.2,319.4,709719.0,,,0.75,False,False,False
1.0181336,254,22.0,273.0,9.108,113.022,251.0,103.914,251.0,103.914,False,3239.44,296.15999999999997,712114.0,,,0.75,False,False,False
1.022142,255,22.0,273.0,9.108,113.022,251.0,103.914,251.0,103.914,False,3225.7999999999997,308.76,713723.8,,,0.75,False,False,False
1.0261504,256,21.0,273.0,8.693999999999999,113.022,252.0,104.328,252.0,104.328,False,3204.9599999999996,296.96000000000004,715149.2,,,0.75,False,False,False
1.0301588000000002,257,21.0,273.0,8.693999999999999,113.022,252.0,104.328,252.0,104.328,False,3210.92,297.32,717489.7999999999,,,0.75,False,False,False
1.0341672000000002,258,21.0,273.0,8.693999999999999,113.022,252.0,104.328,252.0,104.328,False,3204.5199999999995,290.08,720004.6,,,0.75,False,False,False
1.0381756000000002,259,21.0,273.0,8.693999999999999,113.022,252.0,104.328,252.0,104.328,False,3207.76,279.8,721574.0,,,0.75,False,False,False
1.0421840000000002,260,22.0,273.0,9.108,113.022,251.0,103.914,251.0,103.914,False,3239.72,265.72,723747.0,,,0.75,False,False,False
1.0461924,261,22.0,272.0,9.108,112.608,250.0,103.5,250.0,103.5,False,3255.32,267.15999999999997,726687.6,,,0.75,False,False,False
1.0502008,262,22.0,272.0,9.108,112.608,250.0,103.5,250.0,103.5,False,3261.72,256.88,728466.0,,,0.75,False,False,False
1.0542092,263,22.0,272.0,9.108,112.608,250.0,103.5,250.0,103.5,False,3272.08,254.96,730609.2000000001,,,0.75,False,False,False
1.0582176,264,22.0,272.0,9.108,112.608,250.0,103.5,250.0,103.5,False,3266.8399999999997,256.64,733031.4,,,0.75,False,False,False
1.062226,265,22.0,272.0,9.108,112.608,250.0,103.5,250.0,103.5,False,3244.3999999999996,255.2,734326.8,,,0.75,False,False,False
1.0662344,266,22.0,272.0,9.108,112.608,250.0,103.5,250.0,103.5,False,3255.3999999999996,261.16,734769.8,,,0.75,False,False,False
1.0702428000000002,267,22.0,272.0,9.108,112.608,250.0,103.5,250.0,103.5,False,3241.119999999999,265.8,735867.8,,,0.75,False,False,False
1.0742512000000002,268,22.0,272.0,9.108,112.608,250.0,103.5,250.0,103.5,False,3255.52,264.68,736301.4,,,0.75,False,False,False
1.0782596000000002,269,22.0,271.0,9.108,112.194,249.0,103.086,249.0,103.086,False,3278.8,267.24,735548.6,,,0.75,False,False,False
1.0822680000000002,270,22.0,271.0,9.108,112.194,249.0,103.086,249.0,103.086,False,3289.3599999999997,271.24,735096.6,,,0.75,False,False,False
1.0862764,271,22.0,271.0,9.108,112.194,249.0,103.086,249.0,103.086,False,3290.24,254.52,734841.6,,,0.75,False,False,False
1.0902848,272,23.0,271.0,9.522,112.194,248.0,102.672,248.0,102.672,False,3305.2,253.36,733965.0,,,0.75,False,False,False
1.0942932,273,23.0,271.0,9.522,112.194,248.0,102.672,248.0,102.672,False,3290.12,249.2,733805.2,,,0.75,False,False,False
1.0983016,274,23.0,271.0,9.522,112.194,248.0,102.672,248.0,102.672,False,3289.24,253.48,733854.6,,,0.75,False,False,False
1.10231,275,23.0,271.0,9.522,112.194,248.0,102.672,248.0,102.672,False,3293.2,253.76,733929.6,,,0.75,False,False,False
1.1063184,276,23.0,271.0,9.522,112.194,248.0,102.672,248.0,102.672,False,3272.04,254.0,733569.8,,,0.75,False,False,False
1.1103268000000002,277,23.0,271.0,9.522,112.194,248.0,102.672,248.0,102.672,False,3280.48,252.12,734015.4,,,0.75,False,False,False
1.1143352000000002,278,24.0,271.0,9.936,112.194,247.0,102.258,247.0,102.258,False,3281.04,256.4,733517.2,,,0.75,False,False,False
1.1183436000000002,279,24.0,271.0,9.936,112.194,247.0,102.258,247.0,102.258,False,3279.3999999999996,254.4,733040.8,,,0.75,False,False,False
1.1223520000000002,280,24.0,271.0,9.936,112.194,247.0,102.258,247.0,102.258,False,3310.96,254.4,732506.8,,,0.75,False,False,False
1.1263604,281,24.0,271.0,9.936,112.194,247.0,102.258,247.0,102.258,False,3287.88,254.28,732200.2,,,0.75,False,False,False
1.1303688,282,24.0,271.0,9.936,112.194,247.0,102.258,247.0,102.258,False,3288.4799999999996,254.76,730362.6,,,0.75,False,False,False
1.1343772,283,25.0,271.0,10.35,112.194,246.0,101.844,246.0,101.844,False,3288.2799999999997,249.52,729629.0,,,0.75,False,False,False
1.1383856,284,25.0,271.0,10.35,112.194,246.0,101.844,246.0,101.844,False,3261.96,251.0,728969.0,,,0.75,False,False,False
1.142394,285,25.0,270.0,10.35,111.78,245.0,101.43,246.0,101.844,True,3257.3999999999996,250.68,727718.6000000001,,,0.75,False,False,False
1.1464024000000002,286,25.0,271.0,10.35,112.194,246.0,101.844,246.0,101.844,False,3248.84,243.32,726714.6,,,0.75,False,False,False
1.1504108000000002,287,25.0,271.0,10.35,112.194,246.0,101.844,245.0,101.43,True,3267.9599999999996,248.24,726529.0,,,0.75,False,False,False
1.1544192000000002,288,25.0,270.0,10.35,111.78,245.0,101.43,245.0,101.43,False,3265.0399999999995,242.44,725482.8,,,0.75,False,False,False
1.1584276000000002,289,26.0,270.0,10.764,111.78,244.0,101.016,244.0,101.016,False,3279.12,239.28,726018.0,,,0.75,False,False,False
1.1624360000000002,290,26.0,270.0,10.764,111.78,244.0,101.016,244.0,101.016,False,3285.7999999999997,240.96,726698.7999999999,,,0.75,False,False,False
1.1664444,291,26.0,270.0,10.764,111.78,244.0,101.016,244.0,101.016,False,3281.4399999999996,239.0,725429.8,,,0.75,False,False,False
1.1704528,292,26.0,270.0,10.764,111.78,244.0,101.016,244.0,101.016,False,3300.68,237.24,725051.7999999999,,,0.75,False,False,False
1.1744612,293,26.0,270.0,10.764,111.78,244.0,101.016,244.0,101.016,False,3275.72,236.64,724783.4,,,0.75,False,False,False
1.1784696,294,26.0,270.0,10.764,111.78,244.0,101.016,244.0,101.016,False,3258.6,238.44,723021.2000000001,,,0.75,False,False,False
1.182478,295,26.0,270.0,10.764,111.78,244.0,101.016,244.0,101.016,False,3242.0,236.8,721877.8,,,0.75,False,False,False
1.1864864000000002,296,26.0,270.0,10.764,111.78,244.0,101.016,244.0,101.016,False,3271.4,238.32,722377.6,,,0.75,False,False,False
1.1904948000000002,297,26.0,270.0,10.764,111.78,244.0,101.016,244.0,101.016,False,3279.3599999999997,237.72,721829.8,,,0.75,False,False,False
1.1945032000000002,298,26.0,270.0,10.764,111.78,244.0,101.016,244.0,101.016,False,3275.7200000000003,236.12,720585.0,,,0.75,False,False,False
1.1985116000000002,299,26.0,270.0,10.764,111.78,244.0,101.016,244.0,101.016,False,3271.8,232.52,720179.6000000001,,,0.75,False,False,False
1.2025200000000005,300,26.0,270.0,10.764,111.78,244.0,101.016,244.0,101.016,False,3258.68,230.32,720463.2,,,0.75,False,False,False
1.2065284,301,26.0,270.0,10.764,111.78,244.0,101.016,244.0,101.016,False,3250.76,231.48,719647.2000000001,,,0.75,False,False,False
1.2105368,302,26.0,270.0,10.764,111.78,244.0,101.016,244.0,101.016,False,3269.8,237.36,719101.2,,,0.75,False,False,False
1.2145452,303,26.0,270.0,10.764,111.78,244.0,101.016,244.0,101.016,False,3265.08,235.16,719567.6000000001,,,0.75,False,False,False
1.2185536,304,27.0,270.0,11.178,111.78,243.0,100.602,243.0,100.602,False,3273.96,237.2,718893.4000000001,,,0.75,False,False,False
1.222562,305,27.0,270.0,11.178,111.78,243.0,100.602,243.0,100.602,False,3260.84,238.68,716892.6,,,0.75,False,False,False
1.2265704000000002,306,27.0,269.0,11.178,111.366,242.0,100.188,242.0,100.188,False,3268.48,235.2,717312.8,,,0.75,False,False,False
1.2305788000000002,307,27.0,269.0,11.178,111.366,242.0,100.188,242.0,100.188,False,3247.3599999999997,233.92,715212.8,,,0.75,False,False,False
1.2345872000000002,308,27.0,269.0,11.178,111.366,242.0,100.188,242.0,100.188,False,3234.6,233.16,713967.0,,,0.75,False,False,False
1.2385956000000002,309,27.0,269.0,11.178,111.366,242.0,100.188,242.0,100.188,False,3235.2,236.36,712282.0,,,0.75,False,False,False
1.2426040000000005,310,27.0,269.0,11.178,111.366,242.0,100.188,242.0,100.188,False,3230.76,232.36,710449.2000000001,,,0.75,False,False,False
1.2466124,311,27.0,269.0,11.178,111.366,242.0,100.188,242.0,100.188,False,3218.52,230.92,707887.4000000001,,,0.75,False,False,False
1.2506208,312,27.0,269.0,11.178,111.366,242.0,100.188,242.0,100.188,False,3213.4399999999996,229.92,707502.8,,,0.75,False,False,False
1.2546292,313,27.0,269.0,11.178,111.366,242.0,100.188,242.0,100.188,False,3208.76,222.16,706481.4,,,0.75,False,False,False
1.2586376,314,27.0,269.0,11.178,111.366,242.0,100.188,242.0,100.188,False,3220.68,230.68,706092.6,,,0.75,False,False,False
1.2626460000000002,315,28.0,269.0,11.592,111.366,241.0,99.774,241.0,99.774,False,3234.0,231.48,705454.4000000001,,,0.75,False,False,False
1.2666544000000002,316,28.0,269.0,11.592,111.366,241.0,99.774,241.0,99.774,False,3215.08,224.88,704639.8,,,0.75,False,False,False
1.2706628000000002,317,28.0,269.0,11.592,111.366,241.0,99.774,241.0,99.774,False,3215.12,221.08,703314.2000000001,,,0.75,False,False,False
1.2746712000000002,318,28.0,269.0,11.592,111.366,241.0,99.774,241.0,99.774,False,3232.48,221.76,702247.0,,,0.75,False,False,False
1.2786796000000002,319,28.0,269.0,11.592,111.366,241.0,99.774,241.0,99.774,False,3181.6800000000003,220.84,700387.3999999999,,,0.75,False,False,False
1.2826880000000005,320,28.0,269.0,11.592,111.366,241.0,99.774,241.0,99.774,False,3190.72,225.88,698554.0,,,0.75,False,False,False
1.2866964,321,28.0,269.0,11.592,111.366,241.0,99.774,241.0,99.774,False,3176.48,216.6,697608.3999999999,,,0.75,False,False,False
1.2907048,322,28.0,269.0,11.592,111.366,241.0,99.774,241.0,99.774,False,3174.44,228.68,696298.0,,,0.75,False,False,False
1.2947132,323,28.0,269.0,11.592,111.366,241.0,99.774,241.0,99.774,False,3153.12,229.88,695332.0,,,0.75,False,False,False
1.2987216,324,28.0,269.0,11.592,111.366,241.0,99.774,241.0,99.774,False,3172.8399999999997,225.52,694640.4,,,0.75,False,False,False
1.3027300000000002,325,28.0,269.0,11.592,111.366,241.0,99.774,241.0,99.774,False,3159.76,223.08,693563.6,,,0.75,False,False,False
1.3067384000000002,326,28.0,269.0,11.592,111.366,241.0,99.774,241.0,99.774,False,3167.16,229.16,691134.0,,,0.75,False,False,False
1.3107468000000002,327,28.0,269.0,11.592,111.366,241.0,99.774,241.0,99.774,False,3170.24,224.68,689786.5999999999,,,0.75,False,False,False
1.3147552000000002,328,28.0,269.0,11.592,111.366,241.0,99.774,241.0,99.774,False,3160.88,219.36,687686.2000000001,,,0.75,False,False,False
1.3187636000000005,329,28.0,269.0,11.592,111.366,241.0,99.774,241.0,99.774,False,3152.12,216.72,685996.2,,,0.75,False,False,False
1.322772,330,28.0,269.0,11.592,111.366,241.0,99.774,241.0,99.774,False,3150.9199999999996,216.48,684944.4,,,0.75,False,False,False
1.3267804,331,28.0,269.0,11.592,111.366,241.0,99.774,241.0,99.774,False,3135.1600000000003,216.36,683557.0,,,0.75,False,False,False
1.3307888,332,28.0,269.0,11.592,111.366,241.0,99.774,241.0,99.774,False,3121.3999999999996,214.08,681310.0,,,0.75,False,False,False
1.3347972,333,28.0,269.0,11.592,111.366,241.0,99.774,241.0,99.774,False,3104.9999999999995,210.44,679007.3999999999,,,0.75,False,False,False
1.3388056000000002,334,28.0,269.0,11.592,111.366,241.0,99.774,241.0,99.774,False,3099.36,215.96,677308.0,,,0.75,False,False,False
1.3428140000000002,335,28.0,269.0,11.592,111.366,241.0,99.774,241.0,99.774,False,3054.4399999999996,216.8,675882.3999999999,,,0.75,False,False,False
1.3468224000000002,336,28.0,269.0,11.592,111.366,241.0,99.774,241.0,99.774,False,3072.4,222.6,675026.0,,,0.75,False,False,False
1.3508308000000002,337,29.0,269.0,12.006,111.366,240.0,99.36,240.0,99.36,False,3073.2799999999997,222.12,674098.6,,,0.75,False,False,False
1.3548392000000002,338,29.0,269.0,12.006,111.366,240.0,99.36,240.0,99.36,False,3066.52,226.28,673221.5999999999,,,0.75,False,False,False
1.3588476000000005,339,29.0,268.0,12.006,110.952,239.0,98.946,239.0,98.946,False,3085.8,219.64,671480.2,,,0.75,False,False,False
1.362856,340,29.0,268.0,12.006,110.952,239.0,98.946,239.0,98.946,False,3079.0,217.32,669616.2,,,0.75,False,False,False
1.3668644,341,29.0,268.0,12.006,110.952,239.0,98.946,239.0,98.946,False,3089.24,217.36,667104.8,,,0.75,False,False,False
1.3708728,342,29.0,268.0,12.006,110.952,239.0,98.946,239.0,98.946,False,3064.84,217.16,665459.0,,,0.75,False,False,False
1.3748812,343,29.0,268.0,12.006,110.952,239.0,98.946,239.0,98.946,False,3059.2,214.72,663614.4,,,0.75,False,False,False
1.3788896000000002,344,29.0,268.0,12.006,110.952,239.0,98.946,239.0,98.946,False,3036.72,216.88,661339.6,,,0.75,False,False,False
1.3828980000000002,345,29.0,268.0,12.006,110.952,239.0,98.946,239.0,98.946,False,3038.48,213.68,659443.8,,,0.75,False,False,False
1.3869064000000002,346,29.0,268.0,12.006,110.952,239.0,98.946,239.0,98.946,False,3022.64,212.8,657095.3999999999,,,0.75,False,False,False
1.3909148000000002,347,29.0,268.0,12.006,110.952,239.0,98.946,239.0,98.946,False,3006.92,208.32,655227.8,,,0.75,False,False,False
1.3949232000000005,348,29.0,269.0,12.006,111.366,240.0,99.36,239.0,98.946,True,2999.4,209.04,653180.6,,,0.75,False,False,False
1.3989316000000005,349,29.0,269.0,12.006,111.366,240.0,99.36,239.0,98.946,True,2991.52,210.56,651516.6,,,0.75,False,False,False
1.40294,350,30.0,269.0,12.42,111.366,239.0,98.946,239.0,98.946,False,3001.6,212.96,650372.8,,,0.75,False,False,False
1.4069484,351,30.0,269.0,12.42,111.366,239.0,98.946,239.0,98.946,False,2990.8,214.08,648133.3999999999,,,0.75,False,False,False
1.4109568,352,30.0,269.0,12.42,111.366,239.0,98.946,239.0,98.946,False,2976.64,213.84,645826.0,,,0.75,False,False,False
1.4149652,353,30.0,269.0,12.42,111.366,239.0,98.946,239.0,98.946,False,2973.88,209.6,643329.0,,,0.75,False,False,False
1.4189736000000002,354,30.0,269.0,12.42,111.366,239.0,98.946,239.0,98.946,False,2964.96,206.24,641473.0,,,0.75,False,False,False
1.4229820000000002,355,30.0,269.0,12.42,111.366,239.0,98.946,239.0,98.946,False,2942.4,206.32,638172.3999999999,,,0.75,False,False,False
1.4269904000000002,356,30.0,269.0,12.42,111.366,239.0,98.946,239.0,98.946,False,2942.4,203.72000000000003,636504.3999999999,,,0.75,False,False,False
1.4309988000000002,357,30.0,269.0,12.42,111.366,239.0,98.946,239.0,98.946,False,2934.72,206.2,634729.2,,,0.75,False,False,False
1.4350072000000005,358,30.0,269.0,12.42,111.366,239.0,98.946,239.0,98.946,False,2940.7999999999997,201.56,632848.0,,,0.75,False,False,False
1.4390156000000005,359,31.0,269.0,12.834,111.366,238.0,98.532,238.0,98.532,False,2948.96,199.64,630744.8,,,0.75,False,False,False
1.443024,360,31.0,269.0,12.834,111.366,238.0,98.532,238.0,98.532,False,2934.96,197.8,628213.0,,,0.75,False,False,False
1.4470324,361,31.0,269.0,12.834,111.366,238.0,98.532,238.0,98.532,False,2930.16,198.88,625987.4,,,0.75,False,False,False
1.4510408,362,31.0,269.0,12.834,111.366,238.0,98.532,238.0,98.532,False,2939.9599999999996,193.08,623212.3999999999,,,0.75,False,False,False
1.4550492000000002,363,31.0,269.0,12.834,111.366,238.0,98.532,238.0,98.532,False,2938.04,193.72,620580.2,,,0.75,False,False,False
1.4590576000000002,364,31.0,269.0,12.834,111.366,238.0,98.532,238.0,98.532,False,2917.68,193.52,618859.2,,,0.75,False,False,False
1.4630660000000002,365,31.0,269.0,12.834,111.366,238.0,98.532,238.0,98.532,False,2901.76,192.0,617535.3999999999,,,0.75,False,False,False
1.4670744000000002,366,31.0,269.0,12.834,111.366,238.0,98.532,238.0,98.532,False,2884.7999999999997,197.48,615661.8,,,0.75,False,False,False
1.4710828000000002,367,31.0,269.0,12.834,111.366,238.0,98.532,238.0,98.532,False,2887.8,198.16,614184.2,,,0.75,False,False,False
1.4750912000000005,368,31.0,269.0,12.834,111.366,238.0,98.532,238.0,98.532,False,2872.08,198.6,612014.2000000001,,,0.75,False,False,False
1.4790996000000003,369,31.0,269.0,12.834,111.366,238.0,98.532,238.0,98.532,False,2878.2000000000003,197.96,609563.8,,,0.75,False,False,False
1.483108,370,31.0,269.0,12.834,111.366,238.0,98.532,238.0,98.532,False,2872.92,201.84,607369.8,,,0.75,False,False,False
1.4871164,371,31.0,269.0,12.834,111.366,238.0,98.532,238.0,98.532,False,2863.0,203.32,604795.2,,,0.75,False,False,False
1.4911248,372,31.0,269.0,12.834,111.366,238.0,98.532,238.0,98.532,False,2884.52,204.12,602587.6,,,0.75,False,False,False
1.4951332000000002,373,31.0,269.0,12.834,111.366,238.0,98.532,238.0,98.532,False,2868.16,201.28,600463.2,,,0.75,False,False,False
1.4991416000000002,374,31.0,269.0,12.834,111.366,238.0,98.532,238.0,98.532,False,2812.68,198.2,597514.0,,,0.75,False,False,False
1.5031500000000002,375,31.0,269.0,12.834,111.366,238.0,98.532,238.0,98.532,False,2795.3999999999996,200.8,594878.0,,,0.75,False,False,False
1.5071584000000002,376,31.0,269.0,12.834,111.366,238.0,98.532,238.0,98.532,False,2809.76,199.8,593465.2,,,0.75,False,False,False
1.5111668000000005,377,31.0,269.0,12.834,111.366,238.0,98.532,238.0,98.532,False,2790.36,197.08,590539.2,,,0.75,False,False,False
1.5151752000000005,378,31.0,269.0,12.834,111.366,238.0,98.532,238.0,98.532,False,2768.32,196.84,588862.8,,,0.75,False,False,False
1.5191836000000003,379,31.0,269.0,12.834,111.366,238.0,98.532,238.0,98.532,False,2756.4399999999996,197.56,586221.4,,,0.75,False,False,False
1.523192,380,31.0,269.0,12.834,111.366,238.0,98.532,238.0,98.532,False,2745.6,197.4,583787.6,,,0.75,False,False,False
1.5272004,381,31.0,269.0,12.834,111.366,238.0,98.532,238.0,98.532,False,2725.8399999999997,197.96,580906.8,,,0.75,False,False,False
1.5312088,382,31.0,269.0,12.834,111.366,238.0,98.532,238.0,98.532,False,2719.3999999999996,195.6,578627.3999999999,,,0.75,False,False,False
1.5352172000000002,383,31.0,269.0,12.834,111.366,238.0,98.532,238.0,98.532,False,2709.48,193.16,575854.6000000001,,,0.75,False,False,False
1.5392256000000002,384,31.0,269.0,12.834,111.366,238.0,98.532,238.0,98.532,False,2695.24,196.6,573447.4,,,0.75,False,False,False
1.5432340000000002,385,31.0,269.0,12.834,111.366,238.0,98.532,238.0,98.532,False,2681.92,195.84,570552.0,,,0.75,False,False,False
1.5472424000000002,386,31.0,269.0,12.834,111.366,238.0,98.532,238.0,98.532,False,2646.04,194.24,567929.2,,,0.75,False,False,False
1.5512508000000005,387,31.0,269.0,12.834,111.366,238.0,98.532,238.0,98.532,False,2635.2799999999997,192.32,565227.0,,,0.75,False,False,False
1.5552592000000005,388,31.0,269.0,12.834,111.366,238.0,98.532,238.0,98.532,False,2629.72,192.24,563047.8,,,0.75,False,False,False
1.5592676,389,31.0,269.0,12.834,111.366,238.0,98.532,238.0,98.532,False,2629.0,189.76,561400.6,,,0.75,False,False,False
1.563276,390,31.0,269.0,12.834,111.366,238.0,98.532,238.0,98.532,False,2650.52,194.08,559986.8,,,0.75,False,False,False
1.5672844,391,31.0,269.0,12.834,111.366,238.0,98.532,238.0,98.532,False,2621.12,190.96,557593.6,,,0.75,False,False,False
1.5712928000000002,392,31.0,269.0,12.834,111.366,238.0,98.532,238.0,98.532,False,2600.08,190.52,555537.0,,,0.75,False,False,False
1.5753012000000002,393,31.0,269.0,12.834,111.366,238.0,98.532,238.0,98.532,False,2598.24,190.04,553292.4,,,0.75,False,False,False
1.5793096000000002,394,31.0,269.0,12.834,111.366,238.0,98.532,238.0,98.532,False,2588.72,191.4,551177.3999999999,,,0.75,False,False,False
1.5833180000000002,395,31.0,269.0,12.834,111.366,238.0,98.532,238.0,98.532,False,2576.72,187.72,548545.0,,,0.75,False,False,False
1.5873264000000002,396,31.0,269.0,12.834,111.366,238.0,98.532,238.0,98.532,False,2546.64,191.56,546757.4,,,0.75,False,False,False
1.5913348000000005,397,31.0,269.0,12.834,111.366,238.0,98.532,238.0,98.532,False,2553.44,188.28,544737.3999999999,,,0.75,False,False,False
1.5953432000000003,398,31.0,269.0,12.834,111.366,238.0,98.532,238.0,98.532,False,2537.16,190.12,542685.8,,,0.75,False,False,False
1.5993516,399,31.0,269.0,12.834,111.366,238.0,98.532,238.0,98.532,False,2512.16,185.64,539909.2,,,0.75,False,False,False
1.60336,400,31.0,268.0,12.834,110.952,237.0,98.118,238.0,98.532,True,2515.6,186.2,537471.0,,,0.75,False,False,False
1.6073684,401,31.0,268.0,12.834,110.952,237.0,98.118,238.0,98.532,True,2502.3199999999997,186.52,535057.8,,,0.75,False,False,False
1.6113768000000002,402,31.0,269.0,12.834,111.366,238.0,98.532,238.0,98.532,False,2500.24,188.4,532297.2,,,0.75,False,False,False
1.6153852000000002,403,31.0,269.0,12.834,111.366,238.0,98.532,238.0,98.532,False,2485.48,186.4,529424.2,,,0.75,False,False,False
1.6193936000000002,404,31.0,269.0,12.834,111.366,238.0,98.532,238.0,98.532,False,2457.24,188.08,527910.2,,,0.75,False,False,False
1.6234020000000002,405,31.0,269.0,12.834,111.366,238.0,98.532,238.0,98.532,False,2463.64,185.84,526441.2000000001,,,0.75,False,False,False
1.6274104000000005,406,31.0,269.0,12.834,111.366,238.0,98.532,238.0,98.532,False,2463.76,185.0,524696.0,,,0.75,False,False,False
1.6314188000000005,407,31.0,269.0,12.834,111.366,238.0,98.532,238.0,98.532,False,2441.76,188.0,523470.6,,,0.75,False,False,False
1.6354272000000003,408,32.0,269.0,13.248,111.366,237.0,98.118,237.0,98.118,False,2453.52,193.68,522021.4,,,0.75,False,False,False
1.6394356,409,32.0,269.0,13.248,111.366,237.0,98.118,237.0,98.118,False,2462.2,192.88,520556.8,,,0.75,False,False,False
1.643444,410,32.0,269.0,13.248,111.366,237.0,98.118,237.0,98.118,False,2442.16,189.16,519103.8000000001,,,0.75,False,False,False
1.6474524000000002,411,32.0,269.0,13.248,111.366,237.0,98.118,237.0,98.118,False,2433.8,190.64,517827.0,,,0.75,False,False,False
1.6514608000000002,412,32.0,269.0,13.248,111.366,237.0,98.118,237.0,98.118,False,2424.68,188.08,516399.6,,,0.75,False,False,False
1.6554692000000002,413,32.0,269.0,13.248,111.366,237.0,98.118,237.0,98.118,False,2406.28,188.36,514622.4,,,0.75,False,False,False
1.6594776000000002,414,32.0,270.0,13.248,111.78,238.0,98.532,237.0,98.118,True,2402.6,186.88,512149.0,,,0.75,False,False,False
1.6634860000000002,415,32.0,269.0,13.248,111.366,237.0,98.118,238.0,98.532,True,2400.64,185.84,509710.4,,,0.75,False,False,False
1.6674944000000005,416,32.0,270.0,13.248,111.78,238.0,98.532,238.0,98.532,False,2370.6,184.64,507738.2,,,0.75,False,False,False
1.6715028000000005,417,32.0,270.0,13.248,111.78,238.0,98.532,237.0,98.118,True,2378.68,182.8,505485.8000000001,,,0.75,False,False,False
1.6755112000000003,418,32.0,269.0,13.248,111.366,237.0,98.118,238.0,98.532,True,2363.96,184.84,503789.6,,,0.75,False,False,False
1.6795196,419,32.0,269.0,13.248,111.366,237.0,98.118,238.0,98.532,True,2336.24,185.16,502035.00000000006,,,0.75,False,False,False
1.683528,420,32.0,270.0,13.248,111.78,238.0,98.532,237.0,98.118,True,2343.08,186.52,499837.79999999993,,,0.75,False,False,False
1.6875364000000002,421,32.0,270.0,13.248,111.78,238.0,98.532,237.0,98.118,True,2326.08,187.84,497457.6,,,0.75,False,False,False
1.6915448000000002,422,32.0,269.0,13.248,111.366,237.0,98.118,237.0,98.118,False,2318.12,184.4,495686.0,,,0.75,False,False,False
1.6955532000000002,423,32.0,269.0,13.248,111.366,237.0,98.118,237.0,98.118,False,2305.2799999999997,186.76,493563.6,,,0.75,False,False,False
1.6995616000000002,424,32.0,269.0,13.248,111.366,237.0,98.118,237.0,98.118,False,2309.24,188.92,492712.0,,,0.75,False,False,False
1.7035700000000005,425,32.0,269.0,13.248,111.366,237.0,98.118,237.0,98.118,False,2317.08,186.28,491179.4,,,0.75,False,False,False
1.7075784000000005,426,32.0,269.0,13.248,111.366,237.0,98.118,237.0,98.118,False,2285.76,185.8,489660.8,,,0.75,False,False,False
1.7115868000000003,427,32.0,269.0,13.248,111.366,237.0,98.118,237.0,98.118,False,2284.36,183.48,488041.0,,,0.75,False,False,False
1.7155952000000003,428,32.0,270.0,13.248,111.78,238.0,98.532,238.0,98.532,False,2293.92,183.36,486762.1999999999,,,0.75,False,False,False
1.7196036,429,32.0,270.0,13.248,111.78,238.0,98.532,238.0,98.532,False,2296.0,181.96,484682.8000000001,,,0.75,False,False,False
1.723612,430,32.0,270.0,13.248,111.78,238.0,98.532,238.0,98.532,False,2278.08,182.24,483967.4,,,0.75,False,False,False
1.7276204000000002,431,32.0,270.0,13.248,111.78,238.0,98.532,238.0,98.532,False,2272.0,186.04,481784.8,,,0.75,False,False,False
1.7316288000000002,432,32.0,270.0,13.248,111.78,238.0,98.532,238.0,98.532,False,2252.76,186.32,479824.4,,,0.75,False,False,False
1.7356372000000002,433,32.0,270.0,13.248,111.78,238.0,98.532,238.0,98.532,False,2234.72,187.36,477565.6,,,0.75,False,False,False
1.7396456000000002,434,32.0,270.0,13.248,111.78,238.0,98.532,238.0,98.532,False,2231.0,190.48,475142.2,,,0.75,False,False,False
1.7436540000000005,435,32.0,270.0,13.248,111.78,238.0,98.532,238.0,98.532,False,2193.96,187.12,472561.8000000001,,,0.75,False,False,False
1.7476624000000005,436,32.0,270.0,13.248,111.78,238.0,98.532,238.0,98.532,False,2179.3999999999996,185.48,471380.79999999993,,,0.75,False,False,False
1.7516708000000003,437,32.0,270.0,13.248,111.78,238.0,98.532,238.0,98.532,False,2174.4,184.08,469949.2,,,0.75,False,False,False
1.7556792000000003,438,32.0,270.0,13.248,111.78,238.0,98.532,238.0,98.532,False,2183.7999999999997,184.64,468222.4,,,0.75,False,False,False
1.7596876,439,32.0,270.0,13.248,111.78,238.0,98.532,238.0,98.532,False,2171.96,183.24,467380.6,,,0.75,False,False,False
1.7636960000000002,440,32.0,270.0,13.248,111.78,238.0,98.532,238.0,98.532,False,2173.36,184.72,466181.2,,,0.75,False,False,False
1.7677044000000002,441,32.0,270.0,13.248,111.78,238.0,98.532,238.0,98.532,False,2167.7999999999997,185.16,464575.2,,,0.75,False,False,False
1.7717128000000002,442,32.0,270.0,13.248,111.78,238.0,98.532,238.0,98.532,False,2154.56,189.36,462767.4,,,0.75,False,False,False
1.7757212000000002,443,32.0,270.0,13.248,111.78,238.0,98.532,238.0,98.532,False,2145.92,186.56,462292.0,,,0.75,False,False,False
1.7797296000000002,444,32.0,270.0,13.248,111.78,238.0,98.532,238.0,98.532,False,2128.84,185.72,460841.4,,,0.75,False,False,False
1.7837380000000005,445,32.0,270.0,13.248,111.78,238.0,98.532,238.0,98.532,False,2128.1600000000003,183.96,460046.4,,,0.75,False,False,False
1.7877464000000003,446,32.0,270.0,13.248,111.78,238.0,98.532,238.0,98.532,False,2115.08,186.6,459662.2,,,0.75,False,False,False
1.7917548000000003,447,31.0,270.0,12.834,111.78,239.0,98.946,239.0,98.946,False,2130.5199999999995,185.88,458878.2,,,0.75,False,False,False
1.7957632,448,31.0,270.0,12.834,111.78,239.0,98.946,239.0,98.946,False,2119.16,184.32,457499.4,,,0.75,False,False,False
1.7997716,449,31.0,270.0,12.834,111.78,239.0,98.946,239.0,98.946,False,2116.48,185.36,456925.8000000001,,,0.75,False,False,False
1.80378,450,31.0,270.0,12.834,111.78,239.0,98.946,239.0,98.946,False,2104.2799999999997,185.64,455677.6,,,0.75,False,False,False
1.8077884,451,31.0,270.0,12.834,111.78,239.0,98.946,239.0,98.946,False,2121.8,182.2,455021.6,,,0.75,False,False,False
1.8117968,452,31.0,270.0,12.834,111.78,239.0,98.946,239.0,98.946,False,2104.8,181.6,455324.6,,,0.75,False,False,False
1.8158052,453,31.0,270.0,12.834,111.78,239.0,98.946,239.0,98.946,False,2126.3199999999997,185.36,454868.99999999994,,,0.75,False,False,False
1.8198136000000005,454,31.0,270.0,12.834,111.78,239.0,98.946,239.0,98.946,False,2117.6,182.12,453898.1999999999,,,0.75,False,False,False
1.8238220000000005,455,31.0,270.0,12.834,111.78,239.0,98.946,239.0,98.946,False,2115.76,186.36,452974.6,,,0.75,False,False,False
1.8278304000000003,456,31.0,270.0,12.834,111.78,239.0,98.946,239.0,98.946,False,2087.6000000000004,187.76,451433.4,,,0.75,False,False,False
1.8318388000000003,457,31.0,270.0,12.834,111.78,239.0,98.946,239.0,98.946,False,2069.52,186.8,449592.2,,,0.75,False,False,False
1.8358472,458,31.0,270.0,12.834,111.78,239.0,98.946,239.0,98.946,False,2050.24,186.28,448116.4,,,0.75,False,False,False
1.8398556,459,31.0,270.0,12.834,111.78,239.0,98.946,239.0,98.946,False,2052.48,187.8,446505.6,,,0.75,False,False,False
1.843864,460,31.0,270.0,12.834,111.78,239.0,98.946,239.0,98.946,False,2073.24,189.64,445339.0,,,0.75,False,False,False
1.8478724,461,31.0,270.0,12.834,111.78,239.0,98.946,239.0,98.946,False,2062.3599999999997,187.44,445422.8000000001,,,0.75,False,False,False
1.8518808,462,31.0,270.0,12.834,111.78,239.0,98.946,239.0,98.946,False,2065.48,188.52,444839.8000000001,,,0.75,False,False,False
1.8558892,463,31.0,270.0,12.834,111.78,239.0,98.946,239.0,98.946,False,2052.52,185.48,444409.1999999999,,,0.75,False,False,False
1.8598976000000005,464,31.0,270.0,12.834,111.78,239.0,98.946,239.0,98.946,False,2039.1999999999996,186.08,444783.0,,,0.75,False,False,False
1.8639060000000005,465,31.0,270.0,12.834,111.78,239.0,98.946,239.0,98.946,False,2039.88,186.08,445500.4,,,0.75,False,False,False
1.8679144000000003,466,31.0,270.0,12.834,111.78,239.0,98.946,239.0,98.946,False,2080.64,185.2,444900.1999999999,,,0.75,False,False,False
1.8719228000000003,467,31.0,270.0,12.834,111.78,239.0,98.946,239.0,98.946,False,2077.2,183.96,444717.1999999999,,,0.75,False,False,False
1.8759312,468,31.0,270.0,12.834,111.78,239.0,98.946,239.0,98.946,False,2079.2799999999997,185.88,444973.8,,,0.75,False,False,False
1.8799396,469,31.0,270.0,12.834,111.78,239.0,98.946,239.0,98.946,False,2054.44,187.16,443669.3999999999,,,0.75,False,False,False
1.883948,470,31.0,270.0,12.834,111.78,239.0,98.946,239.0,98.946,False,2046.24,186.88,442678.6,,,0.75,False,False,False
1.8879564,471,31.0,270.0,12.834,111.78,239.0,98.946,239.0,98.946,False,2029.76,187.48,441170.8,,,0.75,False,False,False
1.8919648,472,31.0,270.0,12.834,111.78,239.0,98.946,239.0,98.946,False,2023.48,190.32,440674.8,,,0.75,False,False,False
1.8959732,473,31.0,270.0,12.834,111.78,239.0,98.946,239.0,98.946,False,2019.36,189.28,439699.0,,,0.75,False,False,False
1.8999816000000005,474,31.0,270.0,12.834,111.78,239.0,98.946,239.0,98.946,False,2032.44,189.56,439142.6,,,0.75,False,False,False
1.9039900000000003,475,31.0,271.0,12.834,112.194,240.0,99.36,240.0,99.36,False,2008.96,189.28,438376.0,,,0.75,False,False,False
1.9079984000000003,476,31.0,271.0,12.834,112.194,240.0,99.36,240.0,99.36,False,2030.96,191.88,438166.0,,,0.75,False,False,False
1.9120068000000003,477,31.0,271.0,12.834,112.194,240.0,99.36,240.0,99.36,False,2022.68,189.56,436746.2,,,0.75,False,False,False
1.9160152,478,31.0,271.0,12.834,112.194,240.0,99.36,240.0,99.36,False,1988.0,188.84,436093.4,,,0.75,False,False,False
1.9200236,479,31.0,271.0,12.834,112.194,240.0,99.36,240.0,99.36,False,1988.3199999999997,190.0,436289.4,,,0.75,False,False,False
1.924032,480,31.0,271.0,12.834,112.194,240.0,99.36,240.0,99.36,False,1984.8,190.32,435395.6,,,0.75,False,False,False
1.9280404,481,31.0,271.0,12.834,112.194,240.0,99.36,240.0,99.36,False,1970.72,189.92,434154.4,,,0.75,False,False,False
1.9320488,482,30.0,271.0,12.42,112.194,241.0,99.774,241.0,99.774,False,1984.56,193.92,433812.2,,,0.75,False,False,False
1.9360572000000005,483,30.0,271.0,12.42,112.194,241.0,99.774,241.0,99.774,False,1992.12,194.56,433640.6,,,0.75,False,False,False
1.9400656000000005,484,30.0,271.0,12.42,112.194,241.0,99.774,241.0,99.774,False,1990.16,192.08,432560.1999999999,,,0.75,False,False,False
1.9440740000000003,485,30.0,271.0,12.42,112.194,241.0,99.774,241.0,99.774,False,1988.4,194.8,431636.0,,,0.75,False,False,False
1.9480824000000003,486,30.0,271.0,12.42,112.194,241.0,99.774,241.0,99.774,False,1994.0399999999995,198.0,430983.8,,,0.75,False,False,False
1.9520908000000003,487,30.0,271.0,12.42,112.194,241.0,99.774,241.0,99.774,False,1977.8799999999997,196.32,430407.6,,,0.75,False,False,False
1.9560992,488,30.0,271.0,12.42,112.194,241.0,99.774,241.0,99.774,False,1951.12,199.48,429039.4,,,0.75,False,False,False
1.9601076,489,29.0,271.0,12.006,112.194,242.0,100.188,242.0,100.188,False,1953.72,198.56,427961.0,,,0.75,False,False,False
1.964116,490,29.0,271.0,12.006,112.194,242.0,100.188,242.0,100.188,False,1959.96,195.36,427095.0,,,0.75,False,False,False
1.9681244,491,29.0,271.0,12.006,112.194,242.0,100.188,242.0,100.188,False,1953.0799999999997,194.08,427003.8000000001,,,0.75,False,False,False
1.9721328,492,29.0,271.0,12.006,112.194,242.0,100.188,242.0,100.188,False,1953.48,197.0,425842.0,,,0.75,False,False,False
1.9761412000000005,493,29.0,271.0,12.006,112.194,242.0,100.188,242.0,100.188,False,1949.24,193.0,424593.6,,,0.75,False,False,False
1.9801496000000005,494,29.0,271.0,12.006,112.194,242.0,100.188,242.0,100.188,False,1947.72,192.96,424289.2,,,0.75,False,False,False
1.9841580000000003,495,28.0,271.0,11.592,112.194,243.0,100.602,243.0,100.602,False,1932.32,195.56,424129.4,,,0.75,False,False,False
1.9881664000000003,496,28.0,271.0,11.592,112.194,243.0,100.602,243.0,100.602,False,1932.16,195.16,423342.0,,,0.75,False,False,False
1.9921748000000004,497,28.0,271.0,11.592,112.194,243.0,100.602,243.0,100.602,False,1936.04,192.28,422488.4,,,0.75,False,False,False
1.9961832,498,28.0,271.0,11.592,112.194,243.0,100.602,243.0,100.602,False,1933.4,201.04,422477.2,,,0.75,False,False,False
2.0001916000000004,499,28.0,272.0,11.592,112.608,244.0,101.016,244.0,101.016,False,1930.0,200.64,421166.4,,,0.75,False,False,False
2.0042000000000004,500,28.0,272.0,11.592,112.608,244.0,101.016,244.0,101.016,False,1920.0,201.88,419267.6,,,0.75,False,False,False
2.0082084000000004,501,28.0,272.0,11.592,112.608,244.0,101.016,244.0,101.016,False,1906.64,195.2,417444.2,,,0.75,False,False,False
2.0122168000000005,502,28.0,272.0,11.592,112.608,244.0,101.016,244.0,101.016,False,1919.08,196.84,416406.6,,,0.75,False,False,False
2.0162252,503,28.0,272.0,11.592,112.608,244.0,101.016,244.0,101.016,False,1911.16,190.68,414900.2,,,0.75,False,False,False
2.0202336,504,28.0,272.0,11.592,112.608,244.0,101.016,244.0,101.016,False,1929.64,197.04,413939.8,,,0.75,False,False,False
2.024242,505,28.0,272.0,11.592,112.608,244.0,101.016,244.0,101.016,False,1938.24,197.88,413293.4,,,0.75,False,False,False
2.0282504,506,27.0,272.0,11.178,112.608,245.0,101.43,244.0,101.016,True,1943.96,198.64,412990.0,,,0.75,False,False,False
2.0322588,507,27.0,272.0,11.178,112.608,245.0,101.43,245.0,101.43,False,1945.56,203.76,412015.0,,,0.75,False,False,False
2.0362672,508,27.0,271.0,11.178,112.194,244.0,101.016,245.0,101.43,True,1923.64,200.16,410482.6,,,0.75,False,False,False
2.0402756,509,27.0,272.0,11.178,112.608,245.0,101.43,245.0,101.43,False,1899.3199999999997,200.44,408161.4,,,0.75,False,False,False
2.044284,510,27.0,272.0,11.178,112.608,245.0,101.43,245.0,101.43,False,1904.2,197.52,406869.8,,,0.75,False,False,False
2.0482924,511,27.0,272.0,11.178,112.608,245.0,101.43,245.0,101.43,False,1896.56,198.84,404506.2,,,0.75,False,False,False
2.0523008000000003,512,27.0,272.0,11.178,112.608,245.0,101.43,245.0,101.43,False,1873.88,192.48,403008.1999999999,,,0.75,False,False,False
2.0563092000000003,513,27.0,272.0,11.178,112.608,245.0,101.43,245.0,101.43,False,1869.16,195.16,400835.1999999999,,,0.75,False,False,False
2.0603176000000003,514,27.0,272.0,11.178,112.608,245.0,101.43,245.0,101.43,False,1863.24,195.36,399783.4,,,0.75,False,False,False
2.0643260000000003,515,27.0,272.0,11.178,112.608,245.0,101.43,245.0,101.43,False,1845.88,198.52,398003.4,,,0.75,False,False,False
2.0683344000000004,516,27.0,272.0,11.178,112.608,245.0,101.43,245.0,101.43,False,1838.72,198.56,396145.4,,,0.75,False,False,False
2.0723428000000004,517,27.0,272.0,11.178,112.608,245.0,101.43,245.0,101.43,False,1836.68,199.8,394402.4,,,0.75,False,False,False
2.0763512000000004,518,26.0,272.0,10.764,112.608,246.0,101.844,246.0,101.844,False,1843.36,200.36,393392.1999999999,,,0.75,False,False,False
2.0803596000000004,519,26.0,272.0,10.764,112.608,246.0,101.844,246.0,101.844,False,1835.88,204.72,391436.0,,,0.75,False,False,False
2.0843680000000004,520,26.0,272.0,10.764,112.608,246.0,101.844,246.0,101.844,False,1830.56,202.28,389723.0,,,0.75,False,False,False
2.0883764000000005,521,26.0,272.0,10.764,112.608,246.0,101.844,246.0,101.844,False,1824.12,205.04,388661.4,,,0.75,False,False,False
2.0923848,522,26.0,272.0,10.764,112.608,246.0,101.844,246.0,101.844,False,1808.96,202.8,386513.4,,,0.75,False,False,False
2.0963932,523,26.0,272.0,10.764,112.608,246.0,101.844,246.0,101.844,False,1790.64,204.88,384457.6,,,0.75,False,False,False
2.1004016,524,26.0,273.0,10.764,113.022,247.0,102.258,247.0,102.258,False,1784.36,202.0,382889.0,,,0.75,False,False,False
2.10441,525,26.0,273.0,10.764,113.022,247.0,102.258,247.0,102.258,False,1772.28,206.84,381031.6,,,0.75,False,False,False
2.1084184,526,26.0,273.0,10.764,113.022,247.0,102.258,247.0,102.258,False,1779.8799999999997,201.24,379339.6,,,0.75,False,False,False
2.1124268,527,26.0,273.0,10.764,113.022,247.0,102.258,247.0,102.258,False,1793.08,200.28,377826.2,,,0.75,False,False,False
2.1164352,528,26.0,273.0,10.764,113.022,247.0,102.258,247.0,102.258,False,1760.7999999999995,198.32,376590.1999999999,,,0.75,False,False,False
2.1204436,529,26.0,273.0,10.764,113.022,247.0,102.258,247.0,102.258,False,1754.5199999999998,200.96,375406.6,,,0.75,False,False,False
2.124452,530,26.0,273.0,10.764,113.022,247.0,102.258,247.0,102.258,False,1743.32,200.2,373569.8,,,0.75,False,False,False
2.1284604000000003,531,26.0,273.0,10.764,113.022,247.0,102.258,247.0,102.258,False,1727.9199999999998,204.4,371609.4,,,0.75,False,False,False
2.1324688000000003,532,26.0,273.0,10.764,113.022,247.0,102.258,247.0,102.258,False,1705.64,205.6,369472.79999999993,,,0.75,False,False,False
2.1364772000000003,533,26.0,273.0,10.764,113.022,247.0,102.258,247.0,102.258,False,1720.44,208.08,367764.8,,,0.75,False,False,False
2.1404856000000003,534,26.0,273.0,10.764,113.022,247.0,102.258,247.0,102.258,False,1736.08,212.48,365675.2,,,0.75,False,False,False
2.1444940000000003,535,25.0,273.0,10.35,113.022,248.0,102.672,248.0,102.672,False,1705.24,206.04,364871.8,,,0.75,False,False,False
2.1485024000000004,536,25.0,274.0,10.35,113.436,249.0,103.086,249.0,103.086,False,1705.04,205.24,363235.0,,,0.75,False,False,False
2.1525108000000004,537,25.0,274.0,10.35,113.436,249.0,103.086,249.0,103.086,False,1722.32,208.44,362370.4,,,0.75,False,False,False
2.1565192000000004,538,25.0,274.0,10.35,113.436,249.0,103.086,249.0,103.086,False,1705.6799999999998,203.96,361266.1999999999,,,0.75,False,False,False
2.1605276000000004,539,25.0,274.0,10.35,113.436,249.0,103.086,249.0,103.086,False,1664.6,205.76,360398.6,,,0.75,False,False,False
2.1645360000000005,540,25.0,274.0,10.35,113.436,249.0,103.086,249.0,103.086,False,1674.64,207.32,358733.19999999995,,,0.75,False,False,False
2.1685444000000005,541,25.0,274.0,10.35,113.436,249.0,103.086,249.0,103.086,False,1667.5199999999995,201.24,357809.0,,,0.75,False,False,False
2.1725528,542,25.0,274.0,10.35,113.436,249.0,103.086,249.0,103.086,False,1675.64,205.08,356759.0,,,0.75,False,False,False
2.1765612,543,25.0,274.0,10.35,113.436,249.0,103.086,249.0,103.086,False,1646.88,203.24,355377.8,,,0.75,False,False,False
2.1805696,544,24.0,273.0,9.936,113.022,249.0,103.086,249.0,103.086,False,1658.68,204.88,353610.80000000005,,,0.75,False,False,False
2.184578,545,24.0,273.0,9.936,113.022,249.0,103.086,249.0,103.086,False,1629.6799999999998,205.4,352814.0,,,0.75,False,False,False
2.1885864,546,24.0,273.0,9.936,113.022,249.0,103.086,249.0,103.086,False,1648.72,211.52,351906.6,,,0.75,False,False,False
2.1925948,547,24.0,273.0,9.936,113.022,249.0,103.086,249.0,103.086,False,1643.1999999999998,211.6,351218.0,,,0.75,False,False,False
2.1966032,548,24.0,273.0,9.936,113.022,249.0,103.086,249.0,103.086,False,1636.12,208.32,350717.6,,,0.75,False,False,False
2.2006116,549,24.0,273.0,9.936,113.022,249.0,103.086,249.0,103.086,False,1641.36,205.56,350670.2,,,0.75,False,False,False
2.20462,550,24.0,273.0,9.936,113.022,249.0,103.086,249.0,103.086,False,1652.9199999999998,209.68,350019.8,,,0.75,False,False,False
2.2086284000000003,551,24.0,273.0,9.936,113.022,249.0,103.086,249.0,103.086,False,1610.56,202.96,349067.2,,,0.75,False,False,False
2.2126368000000003,552,24.0,275.0,9.936,113.85,251.0,103.914,249.0,103.086,True,1620.5599999999995,208.16,347932.2,,,0.75,False,False,False
2.2166452000000003,553,24.0,273.0,9.936,113.022,249.0,103.086,250.0,103.5,True,1639.12,207.72,346469.2,,,0.75,False,False,False
2.2206536000000003,554,23.0,273.0,9.522,113.022,250.0,103.5,250.0,103.5,False,1621.84,211.6,345817.0,,,0.75,False,False,False
2.2246620000000004,555,23.0,273.0,9.522,113.022,250.0,103.5,250.0,103.5,False,1597.4,213.96,344834.0,,,0.75,False,False,False
2.2286704000000004,556,23.0,274.0,9.522,113.436,251.0,103.914,251.0,103.914,False,1606.76,212.12,344077.80000000005,,,0.75,False,False,False
2.2326788000000004,557,23.0,274.0,9.522,113.436,251.0,103.914,251.0,103.914,False,1591.48,218.88,343530.0,,,0.75,False,False,False
2.2366872000000004,558,23.0,274.0,9.522,113.436,251.0,103.914,251.0,103.914,False,1576.52,212.4,342915.2,,,0.75,False,False,False
2.2406956000000005,559,23.0,272.0,9.522,112.608,249.0,103.086,251.0,103.914,True,1597.32,212.44000000000003,342152.19999999995,,,0.75,False,False,False
2.2447040000000005,560,23.0,273.0,9.522,113.022,250.0,103.5,251.0,103.914,True,1597.6799999999998,208.36,341804.80000000005,,,0.75,False,False,False
2.2487124000000005,561,23.0,275.0,9.522,113.85,252.0,104.328,252.0,104.328,False,1590.6399999999996,204.36,341106.19999999995,,,0.75,False,False,False
2.2527208,562,23.0,275.0,9.522,113.85,252.0,104.328,252.0,104.328,False,1584.5199999999998,209.04,340512.0,,,0.75,False,False,False
2.2567292,563,23.0,275.0,9.522,113.85,252.0,104.328,252.0,104.328,False,1592.36,210.4,340813.4,,,0.75,False,False,False
2.2607376,564,23.0,275.0,9.522,113.85,252.0,104.328,252.0,104.328,False,1590.7599999999998,216.16,340087.39999999997,,,0.75,False,False,False
2.264746,565,23.0,275.0,9.522,113.85,252.0,104.328,252.0,104.328,False,1557.0399999999995,212.72,338901.6,,,0.75,False,False,False
2.2687544,566,23.0,275.0,9.522,113.85,252.0,104.328,252.0,104.328,False,1546.56,209.08,338966.2,,,0.75,False,False,False
2.2727628,567,23.0,275.0,9.522,113.85,252.0,104.328,252.0,104.328,False,1540.12,220.68,338326.6,,,0.75,False,False,False
2.2767712,568,23.0,275.0,9.522,113.85,252.0,104.328,252.0,104.328,False,1546.36,219.12,337324.39999999997,,,0.75,False,False,False
2.2807796,569,22.0,275.0,9.108,113.85,253.0,104.742,252.0,104.328,True,1558.28,234.12,336960.19999999995,,,0.75,False,False,False
2.2847880000000003,570,22.0,273.0,9.108,113.022,251.0,103.914,251.0,103.914,False,1569.0399999999995,227.0,336950.80000000005,,,0.75,False,False,False
2.2887964000000003,571,22.0,273.0,9.108,113.022,251.0,103.914,251.0,103.914,False,1561.7199999999998,223.36,336761.6,,,0.75,False,False,False
2.2928048000000003,572,22.0,272.0,9.108,112.608,250.0,103.5,251.0,103.914,True,1584.28,227.36,336185.2,,,0.75,False,False,False
2.2968132000000003,573,22.0,275.0,9.108,113.85,253.0,104.742,253.0,104.742,False,1557.6799999999998,226.96,335623.80000000005,,,0.75,False,False,False
2.3008216000000004,574,22.0,275.0,9.108,113.85,253.0,104.742,253.0,104.742,False,1554.4399999999998,223.32,334837.60000000003,,,0.75,False,False,False
2.3048300000000004,575,22.0,275.0,9.108,113.85,253.0,104.742,253.0,104.742,False,1556.84,229.44000000000003,334528.4,,,0.75,False,False,False
2.3088384000000004,576,22.0,275.0,9.108,113.85,253.0,104.742,253.0,104.742,False,1548.88,228.12,333839.0,,,0.75,False,False,False
2.3128468000000004,577,22.0,275.0,9.108,113.85,253.0,104.742,253.0,104.742,False,1549.72,231.12000000000003,333531.0,,,0.75,False,False,False
2.3168552000000004,578,22.0,275.0,9.108,113.85,253.0,104.742,253.0,104.742,False,1547.9999999999998,238.44000000000003,333773.80000000005,,,0.75,False,False,False
2.3208636000000005,579,22.0,275.0,9.108,113.85,253.0,104.742,253.0,104.742,False,1548.04,237.04,333516.4,,,0.75,False,False,False
2.3248720000000005,580,21.0,275.0,8.693999999999999,113.85,254.0,105.156,253.0,104.742,True,1515.52,239.24,332120.0,,,0.75,False,False,False
2.3288804,581,21.0,275.0,8.693999999999999,113.85,254.0,105.156,253.0,104.742,True,1503.24,242.76,331094.6,,,0.75,False,False,False
2.3328888,582,21.0,274.0,8.693999999999999,113.436,253.0,104.742,253.0,104.742,False,1509.0799999999997,241.92,330553.6,,,0.75,False,False,False
2.3368972,583,21.0,272.0,8.693999999999999,112.608,251.0,103.914,253.0,104.742,True,1514.8,244.12000000000003,330040.4,,,0.75,False,False,False
2.3409056,584,21.0,272.0,8.693999999999999,112.608,251.0,103.914,252.0,104.328,True,1529.52,258.16,329668.4,,,0.75,False,False,False
2.344914,585,21.0,275.0,8.693999999999999,113.85,254.0,105.156,252.0,104.328,True,1515.96,271.08000000000004,329997.39999999997,,,0.75,False,False,False
2.3489224,586,21.0,273.0,8.693999999999999,113.022,252.0,104.328,254.0,105.156,True,1530.16,277.48,330325.6,,,0.75,False,False,False
2.3529308,587,19.0,273.0,7.866,113.022,254.0,105.156,254.0,105.156,False,1534.72,277.64000000000004,329879.39999999997,,,0.75,False,False,False
2.3569392,588,19.0,273.0,7.866,113.022,254.0,105.156,254.0,105.156,False,1535.7199999999996,273.28000000000003,329088.80000000005,,,0.75,False,False,False
2.3609476000000003,589,19.0,273.0,7.866,113.022,254.0,105.156,254.0,105.156,False,1515.6799999999994,266.6,328733.6,,,0.75,False,False,False
2.3649560000000003,590,19.0,272.0,7.866,112.608,253.0,104.742,254.0,105.156,True,1520.32,261.36000000000007,328644.0,,,0.75,False,False,False
2.3689644000000003,591,19.0,275.0,7.866,113.85,256.0,105.984,254.0,105.156,True,1513.72,262.64000000000004,328086.99999999994,,,0.75,False,False,False
2.3729728000000003,592,19.0,275.0,7.866,113.85,256.0,105.984,253.0,104.742,True,1522.7199999999996,265.4800000000001,328027.0,,,0.75,False,False,False
2.3769812000000003,593,19.0,272.0,7.866,112.608,253.0,104.742,253.0,104.742,False,1516.2399999999998,271.08000000000004,327095.6,,,0.75,False,False,False
2.3809896000000004,594,19.0,272.0,7.866,112.608,253.0,104.742,253.0,104.742,False,1487.4399999999998,276.9200000000001,326652.4,,,0.75,False,False,False
2.3849980000000004,595,19.0,272.0,7.866,112.608,253.0,104.742,253.0,104.742,False,1486.52,275.92,325966.4,,,0.75,False,False,False
2.3890064000000004,596,19.0,274.0,7.866,113.436,255.0,105.57,255.0,105.57,False,1492.2799999999995,272.52000000000004,325055.0,,,0.75,False,False,False
2.3930148000000004,597,19.0,274.0,7.866,113.436,255.0,105.57,255.0,105.57,False,1460.0399999999995,275.44,324549.6,,,0.75,False,False,False
2.3970232000000005,598,19.0,274.0,7.866,113.436,255.0,105.57,255.0,105.57,False,1471.6,280.00000000000006,324924.80000000005,,,0.75,False,False,False
2.4010316000000005,599,19.0,272.0,7.866,112.608,253.0,104.742,253.0,104.742,False,1479.0399999999995,286.2,325330.8,,,0.75,False,False,False
2.4050400000000005,600,19.0,272.0,7.866,112.608,253.0,104.742,253.0,104.742,False,1465.7999999999995,280.72,325047.4,,,0.75,False,False,False
2.4090484,601,19.0,272.0,7.866,112.608,253.0,104.742,253.0,104.742,False,1453.8399999999997,302.96000000000004,325625.2,,,0.75,False,False,False
2.4130568,602,19.0,272.0,7.866,112.608,253.0,104.742,253.0,104.742,False,1448.12,296.44,326050.0,,,0.75,False,False,False
2.4170652,603,18.0,272.0,7.452,112.608,254.0,105.156,253.0,104.742,True,1464.08,296.36,325514.4,,,0.75,False,False,False
2.4210736,604,18.0,272.0,7.452,112.608,254.0,105.156,254.0,105.156,False,1463.16,299.12,324641.19999999995,,,0.75,False,False,False
2.425082,605,19.0,272.0,7.866,112.608,253.0,104.742,254.0,105.156,True,1469.6799999999998,307.72,324459.2,,,0.75,False,False,False
2.4290904,606,18.0,272.0,7.452,112.608,254.0,105.156,254.0,105.156,False,1448.72,310.64000000000004,323733.0,,,0.75,False,False,False
2.4330988,607,18.0,272.0,7.452,112.608,254.0,105.156,254.0,105.156,False,1451.04,324.84000000000003,322957.4,,,0.75,False,False,False
2.4371072000000003,608,18.0,272.0,7.452,112.608,254.0,105.156,254.0,105.156,False,1410.9599999999998,340.56000000000006,322727.2,,,0.75,False,False,False
2.4411156000000003,609,18.0,272.0,7.452,112.608,254.0,105.156,254.0,105.156,False,1412.8399999999997,359.6000000000001,321724.19999999995,,,0.75,False,False,False
2.4451240000000003,610,18.0,272.0,7.452,112.608,254.0,105.156,254.0,105.156,False,1438.0399999999995,357.9600000000001,321267.6,,,0.75,False,False,False
2.4491324000000003,611,18.0,272.0,7.452,112.608,254.0,105.156,254.0,105.156,False,1447.64,368.68000000000006,320692.2,,,0.75,False,False,False
2.4531408000000003,612,18.0,272.0,7.452,112.608,254.0,105.156,254.0,105.156,False,1440.5599999999995,375.7600000000001,320125.6,,,0.75,False,False,False
2.4571492000000004,613,18.0,272.0,7.452,112.608,254.0,105.156,254.0,105.156,False,1448.6799999999998,372.0000000000001,319231.80000000005,,,0.75,False,False,False
2.4611576000000004,614,18.0,272.0,7.452,112.608,254.0,105.156,254.0,105.156,False,1453.7599999999998,362.56000000000006,319702.2,,,0.75,False,False,False
2.4651660000000004,615,18.0,272.0,7.452,112.608,254.0,105.156,254.0,105.156,False,1438.8,387.6000000000001,319542.4,,,0.75,False,False,False
2.4691744000000004,616,18.0,272.0,7.452,112.608,254.0,105.156,254.0,105.156,False,1430.6799999999996,385.24000000000007,319332.19999999995,,,0.75,False,False,False
2.4731828000000005,617,18.0,272.0,7.452,112.608,254.0,105.156,254.0,105.156,False,1446.5599999999995,387.7600000000001,319207.4,,,0.75,False,False,False
2.4771912000000005,618,18.0,272.0,7.452,112.608,254.0,105.156,254.0,105.156,False,1446.12,406.7600000000001,318779.8,,,0.75,False,False,False
2.4811996000000005,619,18.0,272.0,7.452,112.608,254.0,105.156,254.0,105.156,False,1444.6,427.76000000000016,318127.19999999995,,,0.75,False,False,False
2.4852080000000005,620,18.0,272.0,7.452,112.608,254.0,105.156,254.0,105.156,False,1445.1199999999997,427.76000000000016,317024.0,,,0.75,False,False,False
2.4892164,621,18.0,272.0,7.452,112.608,254.0,105.156,254.0,105.156,False,1444.48,441.52000000000015,316923.80000000005,,,0.75,False,False,False
2.4932248,622,18.0,272.0,7.452,112.608,254.0,105.156,254.0,105.156,False,1435.9999999999998,445.4000000000002,316150.6,,,0.75,False,False,False
2.4972332,623,18.0,272.0,7.452,112.608,254.0,105.156,254.0,105.156,False,1438.4,449.96000000000015,316273.4,,,0.75,False,False,False
2.5012416,624,22.0,272.0,9.108,112.608,250.0,103.5,254.0,105.156,True,1470.48,447.4800000000002,315744.80000000005,,,0.75,False,False,False
2.50525,625,18.0,272.0,7.452,112.608,254.0,105.156,251.0,103.914,True,1448.9999999999998,466.08000000000015,316116.39999999997,,,0.75,False,False,False
2.5092584,626,22.0,271.0,9.108,112.194,249.0,103.086,251.0,103.914,True,1456.16,471.5200000000002,315259.4,,,0.75,False,False,False
2.5132668,627,21.0,272.0,8.693999999999999,112.608,251.0,103.914,254.0,105.156,True,1448.92,460.1600000000002,314673.0,,,0.75,False,False,False
2.5172752000000003,628,18.0,272.0,7.452,112.608,254.0,105.156,254.0,105.156,False,1460.6799999999998,468.28000000000014,314184.0,,,0.75,False,False,False
2.5212836000000003,629,18.0,272.0,7.452,112.608,254.0,105.156,254.0,105.156,False,1416.8399999999997,472.0000000000002,313791.6,,,0.75,False,False,False
2.5252920000000003,630,18.0,272.0,7.452,112.608,254.0,105.156,254.0,105.156,False,1413.2399999999998,457.4000000000002,313092.19999999995,,,0.75,False,False,False
2.5293004000000003,631,18.0,272.0,7.452,112.608,254.0,105.156,254.0,105.156,False,1415.32,440.3600000000002,312865.19999999995,,,0.75,False,False,False
2.5333088000000004,632,20.0,272.0,8.28,112.608,252.0,104.328,252.0,104.328,False,1423.96,434.28000000000014,313119.60000000003,,,0.75,False,False,False
2.5373172000000004,633,20.0,272.0,8.28,112.608,252.0,104.328,252.0,104.328,False,1428.88,420.6800000000001,313125.4,,,0.75,False,False,False
2.5413256000000004,634,20.0,272.0,8.28,112.608,252.0,104.328,252.0,104.328,False,1428.2399999999998,418.8000000000001,312411.4,,,0.75,False,False,False
2.5453340000000004,635,18.0,272.0,7.452,112.608,254.0,105.156,252.0,104.328,True,1430.3199999999997,417.1200000000001,312126.0,,,0.75,False,False,False
2.5493424000000005,636,20.0,272.0,8.28,112.608,252.0,104.328,252.0,104.328,False,1434.6399999999996,432.28000000000014,311255.8,,,0.75,False,False,False
2.5533508000000005,637,20.0,272.0,8.28,112.608,252.0,104.328,252.0,104.328,False,1448.64,431.88000000000017,310376.6,,,0.75,False,False,False
2.5573592000000005,638,20.0,272.0,8.28,112.608,252.0,104.328,252.0,104.328,False,1425.52,437.6800000000002,309789.80000000005,,,0.75,False,False,False
2.5613676000000005,639,20.0,272.0,8.28,112.608,252.0,104.328,252.0,104.328,False,1414.96,438.5600000000002,310192.0,,,0.75,False,False,False
2.5653760000000005,640,21.0,272.0,8.693999999999999,112.608,251.0,103.914,252.0,104.328,True,1409.36,467.00000000000017,309659.4,,,0.75,False,False,False
2.5693844,641,18.0,272.0,7.452,112.608,254.0,105.156,252.0,104.328,True,1408.84,453.20000000000016,309795.19999999995,,,0.75,False,False,False
2.5733928,642,18.0,271.0,7.452,112.194,253.0,104.742,251.0,103.914,True,1409.5199999999998,456.32000000000016,309718.6,,,0.75,False,False,False
2.5774012,643,21.0,271.0,8.693999999999999,112.194,250.0,103.5,252.0,104.328,True,1416.7999999999995,447.1600000000002,309465.2,,,0.75,False,False,False
2.5814096,644,21.0,271.0,8.693999999999999,112.194,250.0,103.5,252.0,104.328,True,1424.4799999999998,443.3600000000001,308860.4,,,0.75,False,False,False
2.585418,645,20.0,272.0,8.28,112.608,252.0,104.328,252.0,104.328,False,1414.9599999999998,422.44000000000017,308774.2,,,0.75,False,False,False
2.5894264,646,20.0,272.0,8.28,112.608,252.0,104.328,252.0,104.328,False,1400.56,429.6800000000001,308524.19999999995,,,0.75,False,False,False
2.5934348000000003,647,20.0,272.0,8.28,112.608,252.0,104.328,252.0,104.328,False,1393.84,427.40000000000015,308494.8,,,0.75,False,False,False
2.5974432000000003,648,20.0,272.0,8.28,112.608,252.0,104.328,252.0,104.328,False,1403.3199999999997,424.04000000000013,307579.0,,,0.75,False,False,False
2.6014516000000003,649,20.0,272.0,8.28,112.608,252.0,104.328,252.0,104.328,False,1381.08,427.96000000000015,306806.4,,,0.75,False,False,False
2.6054600000000003,650,20.0,272.0,8.28,112.608,252.0,104.328,252.0,104.328,False,1378.2399999999998,429.32000000000016,306284.2,,,0.75,False,False,False
2.6094684000000004,651,20.0,272.0,8.28,112.608,252.0,104.328,252.0,104.328,False,1387.28,430.9200000000002,305754.60000000003,,,0.75,False,False,False
2.6134768000000004,652,20.0,272.0,8.28,112.608,252.0,104.328,252.0,104.328,False,1390.5199999999998,429.2400000000001,305359.2,,,0.75,False,False,False
2.6174852000000004,653,20.0,272.0,8.28,112.608,252.0,104.328,252.0,104.328,False,1382.5199999999995,430.96000000000015,305303.0,,,0.75,False,False,False
2.6214936000000004,654,18.0,272.0,7.452,112.608,254.0,105.156,252.0,104.328,True,1361.8399999999997,431.84000000000015,305594.4,,,0.75,False,False,False
2.6255020000000004,655,20.0,271.0,8.28,112.194,251.0,103.914,251.0,103.914,False,1376.08,428.60000000000014,305904.19999999995,,,0.75,False,False,False
2.6295104000000005,656,20.0,271.0,8.28,112.194,251.0,103.914,251.0,103.914,False,1364.9999999999998,424.8000000000001,306338.6,,,0.75,False,False,False
2.6335188000000005,657,20.0,271.0,8.28,112.194,251.0,103.914,251.0,103.914,False,1357.4,427.96000000000015,305516.4,,,0.75,False,False,False
2.6375272000000005,658,20.0,271.0,8.28,112.194,251.0,103.914,251.0,103.914,False,1358.0799999999997,432.52000000000015,305322.2,,,0.75,False,False,False
2.6415356000000005,659,20.0,271.0,8.28,112.194,251.0,103.914,251.0,103.914,False,1366.44,417.8000000000001,304864.0,,,0.75,False,False,False
2.645544,660,19.0,272.0,7.866,112.608,253.0,104.742,251.0,103.914,True,1366.16,415.44000000000017,304207.4,,,0.75,False,False,False
2.6495524,661,20.0,271.0,8.28,112.194,251.0,103.914,252.0,104.328,True,1368.4799999999998,413.2400000000001,303261.0,,,0.75,False,False,False
2.6535608,662,19.0,271.0,7.866,112.194,252.0,104.328,252.0,104.328,False,1372.64,402.7600000000001,303552.8,,,0.75,False,False,False
2.6575692,663,20.0,272.0,8.28,112.608,252.0,104.328,252.0,104.328,False,1383.6,403.9200000000002,303918.80000000005,,,0.75,False,False,False
2.6615776,664,20.0,272.0,8.28,112.608,252.0,104.328,252.0,104.328,False,1382.28,415.8000000000001,303647.2,,,0.75,False,False,False
2.665586,665,19.0,272.0,7.866,112.608,253.0,104.742,252.0,104.328,True,1375.8399999999997,411.8800000000001,303817.80000000005,,,0.75,False,False,False
2.6695944000000003,666,19.0,272.0,7.866,112.608,253.0,104.742,252.0,104.328,True,1359.04,405.0800000000001,303964.6,,,0.75,False,False,False
2.6736028000000003,667,21.0,272.0,8.693999999999999,112.608,251.0,103.914,252.0,104.328,True,1385.2,445.32000000000016,303890.6,,,0.75,False,False,False
2.6776112000000003,668,21.0,272.0,8.693999999999999,112.608,251.0,103.914,252.0,104.328,True,1374.9599999999998,435.1600000000001,303074.6,,,0.75,False,False,False
2.6816196000000003,669,20.0,272.0,8.28,112.608,252.0,104.328,252.0,104.328,False,1359.24,436.44000000000017,302886.8,,,0.75,False,False,False
2.6856280000000003,670,20.0,272.0,8.28,112.608,252.0,104.328,252.0,104.328,False,1361.7999999999995,443.72000000000014,302267.19999999995,,,0.75,False,False,False
2.6896364000000004,671,20.0,272.0,8.28,112.608,252.0,104.328,252.0,104.328,False,1348.7999999999995,439.2400000000001,301413.00000000006,,,0.75,False,False,False
2.6936448000000004,672,19.0,272.0,7.866,112.608,253.0,104.742,252.0,104.328,True,1346.6,419.40000000000015,300170.8,,,0.75,False,False,False
2.6976532000000004,673,20.0,272.0,8.28,112.608,252.0,104.328,252.0,104.328,False,1320.0399999999995,434.7600000000001,299820.4,,,0.75,False,False,False
2.7016616000000004,674,20.0,272.0,8.28,112.608,252.0,104.328,252.0,104.328,False,1346.6799999999998,440.5600000000001,299954.60000000003,,,0.75,False,False,False
2.7056700000000005,675,20.0,272.0,8.28,112.608,252.0,104.328,252.0,104.328,False,1357.6799999999998,430.3200000000001,299596.4,,,0.75,False,False,False
2.7096784000000005,676,20.0,272.0,8.28,112.608,252.0,104.328,252.0,104.328,False,1345.28,449.6800000000001,299774.2,,,0.75,False,False,False
2.7136868000000005,677,20.0,272.0,8.28,112.608,252.0,104.328,252.0,104.328,False,1339.4799999999996,442.1600000000001,300045.0,,,0.75,False,False,False
2.7176952000000005,678,20.0,272.0,8.28,112.608,252.0,104.328,252.0,104.328,False,1336.4799999999998,440.80000000000007,300598.19999999995,,,0.75,False,False,False
2.721703600000001,679,20.0,272.0,8.28,112.608,252.0,104.328,252.0,104.328,False,1341.16,428.80000000000007,300231.8,,,0.75,False,False,False
2.725712,680,20.0,272.0,8.28,112.608,252.0,104.328,252.0,104.328,False,1346.36,434.12000000000006,300185.8,,,0.75,False,False,False
2.7297204,681,19.0,272.0,7.866,112.608,253.0,104.742,253.0,104.742,False,1347.12,426.08,299693.79999999993,,,0.75,False,False,False
2.7337288,682,18.0,272.0,7.452,112.608,254.0,105.156,253.0,104.742,True,1349.7199999999998,427.1600000000001,299831.80000000005,,,0.75,False,False,False
2.7377372,683,19.0,272.0,7.866,112.608,253.0,104.742,253.0,104.742,False,1337.7599999999998,421.44000000000005,298855.0,,,0.75,False,False,False
2.7417456,684,20.0,272.0,8.28,112.608,252.0,104.328,252.0,104.328,False,1346.08,423.3200000000001,298713.0,,,0.75,False,False,False
2.7457540000000003,685,20.0,272.0,8.28,112.608,252.0,104.328,252.0,104.328,False,1363.84,437.8800000000001,298313.8,,,0.75,False,False,False
2.7497624000000003,686,20.0,272.0,8.28,112.608,252.0,104.328,252.0,104.328,False,1349.96,438.6400000000001,298637.19999999995,,,0.75,False,False,False
2.7537708000000003,687,20.0,272.0,8.28,112.608,252.0,104.328,252.0,104.328,False,1356.8,430.80000000000007,298317.80000000005,,,0.75,False,False,False
2.7577792000000003,688,20.0,272.0,8.28,112.608,252.0,104.328,252.0,104.328,False,1345.5600000000002,436.5200000000001,298550.0,,,0.75,False,False,False
2.7617876000000003,689,19.0,272.0,7.866,112.608,253.0,104.742,252.0,104.328,True,1316.9599999999998,439.24000000000007,298206.2,,,0.75,False,False,False
2.7657960000000004,690,20.0,272.0,8.28,112.608,252.0,104.328,252.0,104.328,False,1337.68,436.12000000000006,299201.0,,,0.75,False,False,False
2.7698044000000004,691,21.0,272.0,8.693999999999999,112.608,251.0,103.914,251.0,103.914,False,1350.08,445.36000000000007,299334.19999999995,,,0.75,False,False,False
2.7738128000000004,692,21.0,272.0,8.693999999999999,112.608,251.0,103.914,251.0,103.914,False,1361.5599999999995,449.6000000000001,299533.8,,,0.75,False,False,False
2.7778212000000004,693,21.0,272.0,8.693999999999999,112.608,251.0,103.914,251.0,103.914,False,1362.76,437.3200000000001,299438.0,,,0.75,False,False,False
2.7818296000000005,694,20.0,272.0,8.28,112.608,252.0,104.328,252.0,104.328,False,1356.4,437.7200000000001,299066.8,,,0.75,False,False,False
2.7858380000000005,695,20.0,272.0,8.28,112.608,252.0,104.328,252.0,104.328,False,1350.0,430.44000000000005,298128.4,,,0.75,False,False,False
2.7898464000000005,696,20.0,272.0,8.28,112.608,252.0,104.328,252.0,104.328,False,1335.8399999999997,427.2000000000001,297030.2,,,0.75,False,False,False
2.7938548000000005,697,20.0,272.0,8.28,112.608,252.0,104.328,252.0,104.328,False,1369.2399999999998,419.9600000000001,296258.4,,,0.75,False,False,False
2.7978632000000005,698,20.0,271.0,8.28,112.194,251.0,103.914,252.0,104.328,True,1347.2799999999995,419.0800000000001,295801.8,,,0.75,False,False,False
2.801871600000001,699,20.0,272.0,8.28,112.608,252.0,104.328,252.0,104.328,False,1320.0,422.80000000000007,296064.80000000005,,,0.75,False,False,False
2.80588,700,20.0,272.0,8.28,112.608,252.0,104.328,252.0,104.328,False,1315.64,420.8800000000001,295954.80000000005,,,0.75,False,False,False
2.8098884,701,19.0,272.0,7.866,112.608,253.0,104.742,253.0,104.742,False,1338.4399999999998,408.12000000000006,296537.6,,,0.75,False,False,False
2.8138968,702,19.0,272.0,7.866,112.608,253.0,104.742,253.0,104.742,False,1309.5599999999995,421.1600000000001,296278.6,,,0.75,False,False,False
2.8179052,703,19.0,272.0,7.866,112.608,253.0,104.742,253.0,104.742,False,1324.9199999999996,433.3200000000001,296337.6,,,0.75,False,False,False
2.8219136,704,19.0,272.0,7.866,112.608,253.0,104.742,253.0,104.742,False,1334.3599999999997,433.7600000000001,296170.8,,,0.75,False,False,False
2.8259220000000003,705,20.0,272.0,8.28,112.608,252.0,104.328,252.0,104.328,False,1348.2399999999998,434.8000000000001,296025.4,,,0.75,False,False,False
2.8299304000000003,706,20.0,272.0,8.28,112.608,252.0,104.328,252.0,104.328,False,1342.16,442.56000000000006,296109.8,,,0.75,False,False,False
2.8339388000000003,707,20.0,272.0,8.28,112.608,252.0,104.328,252.0,104.328,False,1334.7599999999998,435.9200000000001,296891.4,,,0.75,False,False,False
2.8379472000000003,708,20.0,272.0,8.28,112.608,252.0,104.328,252.0,104.328,False,1321.2399999999996,427.0000000000001,298600.6,,,0.75,False,False,False
2.8419556000000004,709,20.0,272.0,8.28,112.608,252.0,104.328,252.0,104.328,False,1333.0399999999995,420.68000000000006,303121.60000000003,,,0.75,False,False,False
2.8459640000000004,710,20.0,272.0,8.28,112.608,252.0,104.328,252.0,104.328,False,1374.9199999999996,423.4,312598.19999999995,,,0.75,False,False,False
2.8499724000000004,711,22.0,272.0,9.108,112.608,250.0,103.5,250.0,103.5,False,1480.44,431.7200000000001,326532.8,,,0.75,False,False,False
2.8539808000000004,712,22.0,272.0,9.108,112.608,250.0,103.5,250.0,103.5,False,1556.64,448.0000000000001,344911.4,,,0.75,False,False,False
2.8579892000000005,713,24.0,272.0,9.936,112.608,248.0,102.672,248.0,102.672,False,1663.04,474.2000000000001,366815.20000000007,,,0.75,False,False,False
2.8619976000000005,714,26.0,272.0,10.764,112.608,246.0,101.844,246.0,101.844,False,1763.56,499.88000000000005,389040.8,,,0.75,False,False,False
2.8660060000000005,715,30.0,272.0,12.42,112.608,242.0,100.188,242.0,100.188,False,1869.56,539.6000000000001,409385.8000000001,,,0.75,False,False,False
2.8700144000000005,716,30.0,272.0,12.42,112.608,242.0,100.188,242.0,100.188,False,1945.44,555.6800000000002,427452.2,,,0.75,False,False,False
2.8740228000000005,717,30.0,272.0,12.42,112.608,242.0,100.188,242.0,100.188,False,2029.84,565.3200000000002,444974.1999999999,,,0.75,False,False,False
2.878031200000001,718,30.0,272.0,12.42,112.608,242.0,100.188,242.0,100.188,False,2044.28,580.2400000000002,459810.4,,,0.75,False,False,False
2.8820396,719,30.0,273.0,12.42,113.022,243.0,100.602,243.0,100.602,False,2119.56,589.6800000000003,473472.6,,,0.75,False,False,False
2.886048,720,30.0,273.0,12.42,113.022,243.0,100.602,243.0,100.602,False,2171.76,606.4800000000002,487014.8,,,0.75,False,False,False
2.8900564,721,29.0,273.0,12.006,113.022,244.0,101.016,243.0,100.602,True,2195.6,606.1200000000002,500203.2,,,0.75,False,False,False
2.8940648,722,31.0,272.0,12.834,112.608,241.0,99.774,243.0,100.602,True,2272.8,620.6400000000002,511045.8,,,0.75,False,False,False
2.8980732,723,30.0,273.0,12.42,113.022,243.0,100.602,243.0,100.602,False,2288.52,608.5200000000002,521222.20000000007,,,0.75,False,False,False
2.9020816000000003,724,30.0,274.0,12.42,113.436,244.0,101.016,243.0,100.602,True,2327.48,613.4000000000002,530487.2,,,0.75,False,False,False
2.9060900000000003,725,30.0,273.0,12.42,113.022,243.0,100.602,243.0,100.602,False,2349.7999999999997,593.4000000000002,537947.8,,,0.75,False,False,False
2.9100984000000003,726,31.0,274.0,12.834,113.436,243.0,100.602,243.0,100.602,False,2411.92,602.6800000000002,545503.2,,,0.75,False,False,False
2.9141068000000003,727,31.0,274.0,12.834,113.436,243.0,100.602,243.0,100.602,False,2434.24,604.4800000000002,552713.0,,,0.75,False,False,False
2.9181152000000004,728,31.0,274.0,12.834,113.436,243.0,100.602,243.0,100.602,False,2493.36,624.8400000000003,561002.8,,,0.75,False,False,False
2.9221236000000004,729,31.0,274.0,12.834,113.436,243.0,100.602,243.0,100.602,False,2520.52,603.8800000000002,568888.0,,,0.75,False,False,False
2.9261320000000004,730,30.0,274.0,12.42,113.436,244.0,101.016,243.0,100.602,True,2572.52,595.9200000000003,576305.8,,,0.75,False,False,False
2.9301404000000004,731,30.0,274.0,12.42,113.436,244.0,101.016,244.0,101.016,False,2598.6,583.6000000000003,582438.0,,,0.75,False,False,False
2.9341488000000004,732,30.0,273.0,12.42,113.022,243.0,100.602,244.0,101.016,True,2618.6000000000004,567.8800000000002,587624.4,,,0.75,False,False,False
2.9381572000000005,733,27.0,273.0,11.178,113.022,246.0,101.844,246.0,101.844,False,2629.72,546.0800000000002,591394.4,,,0.75,False,False,False
2.9421656000000005,734,27.0,273.0,11.178,113.022,246.0,101.844,246.0,101.844,False,2645.84,537.7200000000001,594921.4,,,0.75,False,False,False
2.9461740000000005,735,26.0,273.0,10.764,113.022,247.0,102.258,247.0,102.258,False,2670.2799999999997,475.60000000000014,598700.4000000001,,,0.75,False,False,False
2.9501824000000005,736,24.0,273.0,9.936,113.022,249.0,103.086,249.0,103.086,False,2689.96,416.9200000000001,601948.2,,,0.75,False,False,False
2.954190800000001,737,24.0,274.0,9.936,113.436,250.0,103.5,250.0,103.5,False,2707.24,360.3200000000001,605597.2,,,0.75,False,False,False
2.9581992000000006,738,24.0,274.0,9.936,113.436,250.0,103.5,250.0,103.5,False,2709.6,344.36,608816.0,,,0.75,False,False,False
2.9622076,739,24.0,274.0,9.936,113.436,250.0,103.5,250.0,103.5,False,2743.0799999999995,332.2,611761.2,,,0.75,False,False,False
2.966216,740,24.0,273.0,9.936,113.022,249.0,103.086,249.0,103.086,False,2753.48,341.76000000000005,613931.8,,,0.75,False,False,False
2.9702244,741,24.0,273.0,9.936,113.022,249.0,103.086,249.0,103.086,False,2767.08,339.71999999999997,616716.2000000001,,,0.75,False,False,False
2.9742328,742,24.0,273.0,9.936,113.022,249.0,103.086,249.0,103.086,False,2764.68,334.44,618434.4,,,0.75,False,False,False
2.9782412000000003,743,24.0,273.0,9.936,113.022,249.0,103.086,249.0,103.086,False,2767.72,339.44,620163.0,,,0.75,False,False,False
2.9822496000000003,744,24.0,273.0,9.936,113.022,249.0,103.086,249.0,103.086,False,2774.08,339.04,622259.0,,,0.75,False,False,False
2.9862580000000003,745,24.0,273.0,9.936,113.022,249.0,103.086,249.0,103.086,False,2790.64,328.6,624346.8,,,0.75,False,False,False
2.9902664000000003,746,23.0,273.0,9.522,113.022,250.0,103.5,250.0,103.5,False,2780.3999999999996,320.12,627095.2,,,0.75,False,False,False
2.9942748000000003,747,21.0,273.0,8.693999999999999,113.022,252.0,104.328,252.0,104.328,False,2797.56,310.44000000000005,629850.2,,,0.75,False,False,False
2.9982832000000004,748,21.0,273.0,8.693999999999999,113.022,252.0,104.328,252.0,104.328,False,2817.72,280.88,632455.5999999999,,,0.75,False,False,False
3.0022916000000004,749,21.0,273.0,8.693999999999999,113.022,252.0,104.328,252.0,104.328,False,2842.64,271.71999999999997,634754.8,,,0.75,False,False,False
3.0063000000000004,750,21.0,273.0,8.693999999999999,113.022,252.0,104.328,252.0,104.328,False,2860.68,276.32,637512.8,,,0.75,False,False,False
3.0103084000000004,751,21.0,273.0,8.693999999999999,113.022,252.0,104.328,252.0,104.328,False,2858.8799999999997,273.44,639338.7999999999,,,0.75,False,False,False
3.0143168000000005,752,21.0,273.0,8.693999999999999,113.022,252.0,104.328,252.0,104.328,False,2851.4,277.8,641401.3999999999,,,0.75,False,False,False
3.0183252000000005,753,21.0,273.0,8.693999999999999,113.022,252.0,104.328,252.0,104.328,False,2864.44,265.76000000000005,643949.8,,,0.75,False,False,False
3.0223336000000005,754,21.0,273.0,8.693999999999999,113.022,252.0,104.328,252.0,104.328,False,2884.52,273.24,645705.8,,,0.75,False,False,False
3.0263420000000005,755,21.0,273.0,8.693999999999999,113.022,252.0,104.328,252.0,104.328,False,2880.44,269.28000000000003,646988.2,,,0.75,False,False,False
3.030350400000001,756,21.0,273.0,8.693999999999999,113.022,252.0,104.328,252.0,104.328,False,2887.72,268.08,647962.3999999999,,,0.75,False,False,False
3.034358800000001,757,21.0,273.0,8.693999999999999,113.022,252.0,104.328,252.0,104.328,False,2902.6,258.24,649167.4,,,0.75,False,False,False
3.0383672000000006,758,21.0,273.0,8.693999999999999,113.022,252.0,104.328,252.0,104.328,False,2899.12,262.48,648937.6000000001,,,0.75,False,False,False
3.0423756,759,21.0,273.0,8.693999999999999,113.022,252.0,104.328,252.0,104.328,False,2899.24,255.55999999999997,649596.6000000001,,,0.75,False,False,False
3.046384,760,21.0,273.0,8.693999999999999,113.022,252.0,104.328,252.0,104.328,False,2902.12,250.08,650947.4,,,0.75,False,False,False
3.0503924,761,21.0,272.0,8.693999999999999,112.608,251.0,103.914,251.0,103.914,False,2942.72,244.16,651716.3999999999,,,0.75,False,False,False
3.0544008,762,21.0,272.0,8.693999999999999,112.608,251.0,103.914,251.0,103.914,False,2927.56,253.12,652480.4,,,0.75,False,False,False
3.0584092000000003,763,22.0,272.0,9.108,112.608,250.0,103.5,250.0,103.5,False,2940.0,251.56,653899.6,,,0.75,False,False,False
3.0624176000000003,764,22.0,272.0,9.108,112.608,250.0,103.5,250.0,103.5,False,2942.3199999999997,243.96,655079.4,,,0.75,False,False,False
3.0664260000000003,765,22.0,272.0,9.108,112.608,250.0,103.5,250.0,103.5,False,2920.7999999999997,246.52,655305.2,,,0.75,False,False,False
3.0704344000000003,766,22.0,272.0,9.108,112.608,250.0,103.5,250.0,103.5,False,2927.64,240.2,655585.8,,,0.75,False,False,False
3.0744428000000004,767,22.0,272.0,9.108,112.608,250.0,103.5,250.0,103.5,False,2942.52,239.88,655572.6,,,0.75,False,False,False
3.0784512000000004,768,22.0,272.0,9.108,112.608,250.0,103.5,250.0,103.5,False,2943.8399999999997,240.96,654945.3999999999,,,0.75,False,False,False
3.0824596000000004,769,22.0,272.0,9.108,112.608,250.0,103.5,250.0,103.5,False,2964.04,239.36,654606.2000000001,,,0.75,False,False,False
3.0864680000000004,770,22.0,272.0,9.108,112.608,250.0,103.5,250.0,103.5,False,2980.44,245.8,655352.4,,,0.75,False,False,False
3.0904764000000005,771,23.0,272.0,9.522,112.608,249.0,103.086,249.0,103.086,False,2981.44,244.24,654916.6,,,0.75,False,False,False
3.0944848000000005,772,23.0,272.0,9.522,112.608,249.0,103.086,249.0,103.086,False,2980.88,247.4,655395.8,,,0.75,False,False,False
3.0984932000000005,773,23.0,272.0,9.522,112.608,249.0,103.086,249.0,103.086,False,2968.8399999999997,247.12,656139.0,,,0.75,False,False,False
3.1025016000000005,774,23.0,272.0,9.522,112.608,249.0,103.086,249.0,103.086,False,2976.92,242.56,656187.0,,,0.75,False,False,False
3.1065100000000005,775,23.0,271.0,9.522,112.194,248.0,102.672,248.0,102.672,False,2958.08,242.72,653928.4,,,0.75,False,False,False
3.110518400000001,776,23.0,271.0,9.522,112.194,248.0,102.672,248.0,102.672,False,2989.24,230.84,653910.2000000001,,,0.75,False,False,False
3.1145268000000006,777,23.0,271.0,9.522,112.194,248.0,102.672,248.0,102.672,False,2977.96,229.88,653705.7999999999,,,0.75,False,False,False
3.1185352,778,23.0,271.0,9.522,112.194,248.0,102.672,248.0,102.672,False,2974.6,231.76,652473.0,,,0.75,False,False,False
3.1225436,779,23.0,271.0,9.522,112.194,248.0,102.672,248.0,102.672,False,2983.4799999999996,226.28,652228.8,,,0.75,False,False,False
3.126552,780,23.0,271.0,9.522,112.194,248.0,102.672,248.0,102.672,False,2974.2,228.24,653078.6,,,0.75,False,False,False
3.1305604,781,23.0,271.0,9.522,112.194,248.0,102.672,248.0,102.672,False,2970.92,235.36,652997.6,,,0.75,False,False,False
3.1345688000000003,782,24.0,271.0,9.936,112.194,247.0,102.258,247.0,102.258,False,2957.3199999999997,234.72,651142.8,,,0.75,False,False,False
3.1385772000000003,783,24.0,271.0,9.936,112.194,247.0,102.258,247.0,102.258,False,2958.6,237.28,650353.8,,,0.75,False,False,False
3.1425856000000003,784,24.0,271.0,9.936,112.194,247.0,102.258,247.0,102.258,False,2955.64,245.12,648935.8,,,0.75,False,False,False
3.1465940000000003,785,24.0,271.0,9.936,112.194,247.0,102.258,247.0,102.258,False,2950.64,242.88,647736.3999999999,,,0.75,False,False,False
3.1506024000000004,786,25.0,271.0,10.35,112.194,246.0,101.844,246.0,101.844,False,2930.6,235.76,646052.0,,,0.75,False,False,False
3.1546108000000004,787,25.0,271.0,10.35,112.194,246.0,101.844,246.0,101.844,False,2946.68,230.76,646273.2,,,0.75,False,False,False
3.1586192000000004,788,25.0,271.0,10.35,112.194,246.0,101.844,246.0,101.844,False,2933.96,235.6,646101.2,,,0.75,False,False,False
3.1626276000000004,789,25.0,271.0,10.35,112.194,246.0,101.844,246.0,101.844,False,2923.3999999999996,234.36,645905.6000000001,,,0.75,False,False,False
3.1666360000000005,790,25.0,271.0,10.35,112.194,246.0,101.844,246.0,101.844,False,2928.36,228.24,644799.4,,,0.75,False,False,False
3.1706444000000005,791,25.0,271.0,10.35,112.194,246.0,101.844,246.0,101.844,False,2959.8799999999997,219.32,644991.0,,,0.75,False,False,False
3.1746528000000005,792,25.0,271.0,10.35,112.194,246.0,101.844,246.0,101.844,False,2946.04,227.6,644285.2,,,0.75,False,False,False
3.1786612000000005,793,25.0,271.0,10.35,112.194,246.0,101.844,246.0,101.844,False,2944.7199999999993,222.36,643783.0,,,0.75,False,False,False
3.1826696000000005,794,25.0,271.0,10.35,112.194,246.0,101.844,246.0,101.844,False,2943.92,222.04,643555.0,,,0.75,False,False,False
3.186678000000001,795,25.0,271.0,10.35,112.194,246.0,101.844,246.0,101.844,False,2927.08,222.96,644299.8,,,0.75,False,False,False
3.1906864000000006,796,25.0,271.0,10.35,112.194,246.0,101.844,246.0,101.844,False,2908.3199999999997,228.96,643055.4,,,0.75,False,False,False
3.1946948000000006,797,25.0,271.0,10.35,112.194,246.0,101.844,246.0,101.844,False,2910.7200000000003,232.24,642511.0,,,0.75,False,False,False
3.1987032,798,25.0,271.0,10.35,112.194,246.0,101.844,246.0,101.844,False,2902.2,230.32,642235.0,,,0.75,False,False,False
3.2027116,799,25.0,271.0,10.35,112.194,246.0,101.844,246.0,101.844,False,2900.7999999999997,229.32,640600.8,,,0.75,False,False,False
3.20672,800,25.0,271.0,10.35,112.194,246.0,101.844,246.0,101.844,False,2890.72,226.2,640040.0,,,0.75,False,False,False
3.2107284000000003,801,26.0,271.0,10.764,112.194,245.0,101.43,245.0,101.43,False,2908.76,222.32,640732.3999999999,,,0.75,False,False,False
3.2147368000000003,802,26.0,271.0,10.764,112.194,245.0,101.43,245.0,101.43,False,2904.72,226.04,640420.8,,,0.75,False,False,False
3.2187452000000003,803,26.0,271.0,10.764,112.194,245.0,101.43,245.0,101.43,False,2918.96,220.88,640176.6000000001,,,0.75,False,False,False
3.2227536000000003,804,26.0,271.0,10.764,112.194,245.0,101.43,245.0,101.43,False,2914.44,219.84,639735.0,,,0.75,False,False,False
3.2267620000000004,805,26.0,271.0,10.764,112.194,245.0,101.43,245.0,101.43,False,2898.48,225.52,637510.8,,,0.75,False,False,False
3.2307704000000004,806,26.0,271.0,10.764,112.194,245.0,101.43,245.0,101.43,False,2912.76,220.96,635987.0,,,0.75,False,False,False
3.2347788000000004,807,26.0,271.0,10.764,112.194,245.0,101.43,245.0,101.43,False,2883.88,216.64,635314.4,,,0.75,False,False,False
3.2387872000000004,808,26.0,271.0,10.764,112.194,245.0,101.43,245.0,101.43,False,2883.52,220.88,633611.6000000001,,,0.75,False,False,False
3.2427956000000004,809,26.0,271.0,10.764,112.194,245.0,101.43,245.0,101.43,False,2890.04,220.24,633919.2,,,0.75,False,False,False
3.2468040000000005,810,26.0,271.0,10.764,112.194,245.0,101.43,245.0,101.43,False,2906.04,225.36,634831.0,,,0.75,False,False,False
3.2508124000000005,811,26.0,271.0,10.764,112.194,245.0,101.43,245.0,101.43,False,2905.0,223.0,634702.9999999999,,,0.75,False,False,False
3.2548208000000005,812,26.0,271.0,10.764,112.194,245.0,101.43,245.0,101.43,False,2917.08,222.88,633397.2,,,0.75,False,False,False
3.2588292000000005,813,26.0,271.0,10.764,112.194,245.0,101.43,245.0,101.43,False,2920.16,223.56,632809.6000000001,,,0.75,False,False,False
3.262837600000001,814,26.0,271.0,10.764,112.194,245.0,101.43,245.0,101.43,False,2888.08,218.96,631569.4,,,0.75,False,False,False
3.2668460000000006,815,27.0,271.0,11.178,112.194,244.0,101.016,244.0,101.016,False,2905.56,215.4,629549.4,,,0.75,False,False,False
3.2708544000000006,816,27.0,271.0,11.178,112.194,244.0,101.016,244.0,101.016,False,2877.88,218.72,627858.0,,,0.75,False,False,False
3.2748628000000006,817,27.0,271.0,11.178,112.194,244.0,101.016,244.0,101.016,False,2883.08,218.4,627392.0,,,0.75,False,False,False
3.2788712,818,27.0,271.0,11.178,112.194,244.0,101.016,244.0,101.016,False,2865.52,217.32,626824.6000000001,,,0.75,False,False,False
3.2828796,819,27.0,271.0,11.178,112.194,244.0,101.016,244.0,101.016,False,2870.6,220.52,626509.0,,,0.75,False,False,False
3.2868880000000003,820,27.0,271.0,11.178,112.194,244.0,101.016,244.0,101.016,False,2861.68,212.72,626627.0,,,0.75,False,False,False
3.2908964000000003,821,27.0,271.0,11.178,112.194,244.0,101.016,244.0,101.016,False,2858.52,212.88,626232.0,,,0.75,False,False,False
3.2949048000000003,822,27.0,271.0,11.178,112.194,244.0,101.016,244.0,101.016,False,2860.08,207.2,625625.6,,,0.75,False,False,False
3.2989132000000003,823,27.0,271.0,11.178,112.194,244.0,101.016,244.0,101.016,False,2836.88,212.28,624559.2,,,0.75,False,False,False
3.3029216000000003,824,27.0,271.0,11.178,112.194,244.0,101.016,244.0,101.016,False,2832.8,214.68,623318.8,,,0.75,False,False,False
3.3069300000000004,825,27.0,271.0,11.178,112.194,244.0,101.016,244.0,101.016,False,2842.08,218.48,621087.6000000001,,,0.75,False,False,False
3.3109384000000004,826,27.0,271.0,11.178,112.194,244.0,101.016,244.0,101.016,False,2834.64,218.8,619882.7999999999,,,0.75,False,False,False
3.3149468000000004,827,27.0,271.0,11.178,112.194,244.0,101.016,244.0,101.016,False,2842.56,218.84,619382.0,,,0.75,False,False,False
3.3189552000000004,828,27.0,271.0,11.178,112.194,244.0,101.016,244.0,101.016,False,2863.24,218.36,620019.6,,,0.75,False,False,False
3.3229636000000005,829,27.0,271.0,11.178,112.194,244.0,101.016,244.0,101.016,False,2870.52,216.8,618684.6000000001,,,0.75,False,False,False
3.3269720000000005,830,27.0,271.0,11.178,112.194,244.0,101.016,244.0,101.016,False,2845.8799999999997,216.56,618721.3999999999,,,0.75,False,False,False
3.3309804000000005,831,27.0,271.0,11.178,112.194,244.0,101.016,244.0,101.016,False,2837.08,214.04,618177.3999999999,,,0.75,False,False,False
3.3349888000000005,832,27.0,271.0,11.178,112.194,244.0,101.016,244.0,101.016,False,2854.9999999999995,211.44,616622.4,,,0.75,False,False,False
3.338997200000001,833,27.0,271.0,11.178,112.194,244.0,101.016,244.0,101.016,False,2830.84,211.2,614485.6,,,0.75,False,False,False
3.343005600000001,834,27.0,271.0,11.178,112.194,244.0,101.016,244.0,101.016,False,2840.44,217.52,613789.2,,,0.75,False,False,False
3.3470140000000006,835,27.0,271.0,11.178,112.194,244.0,101.016,244.0,101.016,False,2838.88,211.76,613261.0,,,0.75,False,False,False
3.3510224000000006,836,27.0,271.0,11.178,112.194,244.0,101.016,244.0,101.016,False,2851.6800000000003,210.84,611904.8,,,0.75,False,False,False
3.3550308,837,27.0,271.0,11.178,112.194,244.0,101.016,244.0,101.016,False,2816.72,212.64,610810.3999999999,,,0.75,False,False,False
3.3590392,838,27.0,271.0,11.178,112.194,244.0,101.016,244.0,101.016,False,2804.64,207.04,609818.3999999999,,,0.75,False,False,False
3.3630476,839,28.0,271.0,11.592,112.194,243.0,100.602,244.0,101.016,True,2806.24,204.84,608887.6,,,0.75,False,False,False
3.3670560000000003,840,27.0,271.0,11.178,112.194,244.0,101.016,244.0,101.016,False,2799.24,203.4,607937.6,,,0.75,False,False,False
3.3710644000000003,841,27.0,271.0,11.178,112.194,244.0,101.016,243.0,100.602,True,2804.12,206.04,607825.2000000001,,,0.75,False,False,False
3.3750728000000003,842,27.0,270.0,11.178,111.78,243.0,100.602,243.0,100.602,False,2795.6,208.08,607537.0,,,0.75,False,False,False
3.3790812000000003,843,28.0,270.0,11.592,111.78,242.0,100.188,243.0,100.602,True,2793.08,213.76,606931.8,,,0.75,False,False,False
3.3830896000000004,844,28.0,271.0,11.592,112.194,243.0,100.602,243.0,100.602,False,2764.64,215.0,605963.2,,,0.75,False,False,False
3.3870980000000004,845,28.0,271.0,11.592,112.194,243.0,100.602,243.0,100.602,False,2740.8399999999997,213.64,605119.4,,,0.75,False,False,False
3.3911064000000004,846,28.0,271.0,11.592,112.194,243.0,100.602,243.0,100.602,False,2731.7999999999997,208.12,603542.3999999999,,,0.75,False,False,False
3.3951148000000004,847,28.0,271.0,11.592,112.194,243.0,100.602,243.0,100.602,False,2722.7999999999997,205.68,601403.2,,,0.75,False,False,False
3.3991232000000005,848,28.0,271.0,11.592,112.194,243.0,100.602,243.0,100.602,False,2699.48,208.08,599674.6,,,0.75,False,False,False
3.4031316000000005,849,28.0,270.0,11.592,111.78,242.0,100.188,242.0,100.188,False,2709.96,205.8,598311.2,,,0.75,False,False,False
3.4071400000000005,850,28.0,270.0,11.592,111.78,242.0,100.188,242.0,100.188,False,2713.56,205.48,596798.4,,,0.75,False,False,False
3.4111484000000005,851,28.0,270.0,11.592,111.78,242.0,100.188,242.0,100.188,False,2726.48,210.04,596316.6000000001,,,0.75,False,False,False
3.4151568000000005,852,28.0,270.0,11.592,111.78,242.0,100.188,242.0,100.188,False,2701.32,207.84,595859.3999999999,,,0.75,False,False,False
3.419165200000001,853,28.0,270.0,11.592,111.78,242.0,100.188,242.0,100.188,False,2695.9199999999996,210.52,595003.8,,,0.75,False,False,False
3.4231736000000006,854,28.0,270.0,11.592,111.78,242.0,100.188,242.0,100.188,False,2720.08,208.6,594234.8,,,0.75,False,False,False
3.4271820000000006,855,28.0,270.0,11.592,111.78,242.0,100.188,242.0,100.188,False,2702.52,210.68,592105.6000000001,,,0.75,False,False,False
3.4311904000000006,856,28.0,270.0,11.592,111.78,242.0,100.188,242.0,100.188,False,2683.3599999999997,207.72,589908.2,,,0.75,False,False,False
3.4351988,857,28.0,270.0,11.592,111.78,242.0,100.188,242.0,100.188,False,2671.96,207.44,588153.0,,,0.75,False,False,False
3.4392072,858,28.0,270.0,11.592,111.78,242.0,100.188,242.0,100.188,False,2666.76,206.64,586141.2,,,0.75,False,False,False
3.4432156000000003,859,28.0,270.0,11.592,111.78,242.0,100.188,242.0,100.188,False,2643.04,205.88,584375.2,,,0.75,False,False,False
3.4472240000000003,860,28.0,270.0,11.592,111.78,242.0,100.188,242.0,100.188,False,2650.64,206.36,583795.0,,,0.75,False,False,False
3.4512324000000003,861,28.0,270.0,11.592,111.78,242.0,100.188,242.0,100.188,False,2648.0,208.56,582036.2,,,0.75,False,False,False
3.4552408000000003,862,28.0,270.0,11.592,111.78,242.0,100.188,242.0,100.188,False,2636.8,207.16,580038.0,,,0.75,False,False,False
3.4592492000000004,863,28.0,270.0,11.592,111.78,242.0,100.188,242.0,100.188,False,2676.2799999999997,204.8,579048.8,,,0.75,False,False,False
3.4632576000000004,864,28.0,270.0,11.592,111.78,242.0,100.188,242.0,100.188,False,2657.2799999999997,204.36,577473.0,,,0.75,False,False,False
3.4672660000000004,865,28.0,270.0,11.592,111.78,242.0,100.188,242.0,100.188,False,2648.16,201.12,574954.8,,,0.75,False,False,False
3.4712744000000004,866,28.0,270.0,11.592,111.78,242.0,100.188,242.0,100.188,False,2617.88,200.88,573307.8,,,0.75,False,False,False
3.4752828000000004,867,28.0,270.0,11.592,111.78,242.0,100.188,242.0,100.188,False,2614.4,204.48,572140.7999999999,,,0.75,False,False,False
3.4792912000000005,868,28.0,270.0,11.592,111.78,242.0,100.188,242.0,100.188,False,2611.44,203.0,570386.0,,,0.75,False,False,False
3.4832996000000005,869,28.0,270.0,11.592,111.78,242.0,100.188,242.0,100.188,False,2594.12,204.92,568350.8,,,0.75,False,False,False
3.4873080000000005,870,28.0,270.0,11.592,111.78,242.0,100.188,242.0,100.188,False,2589.16,207.04,566935.6,,,0.75,False,False,False
3.4913164000000005,871,28.0,270.0,11.592,111.78,242.0,100.188,242.0,100.188,False,2597.32,210.44,566060.2,,,0.75,False,False,False
3.495324800000001,872,28.0,270.0,11.592,111.78,242.0,100.188,242.0,100.188,False,2583.96,203.88,564873.0,,,0.75,False,False,False
3.4993332000000006,873,28.0,270.0,11.592,111.78,242.0,100.188,242.0,100.188,False,2565.44,201.96,562625.3999999999,,,0.75,False,False,False
3.5033416000000006,874,28.0,270.0,11.592,111.78,242.0,100.188,242.0,100.188,False,2593.4,200.24,561863.0,,,0.75,False,False,False
3.5073500000000006,875,28.0,270.0,11.592,111.78,242.0,100.188,242.0,100.188,False,2573.24,205.8,560017.2,,,0.75,False,False,False
3.5113584000000007,876,28.0,270.0,11.592,111.78,242.0,100.188,242.0,100.188,False,2561.24,203.96,557805.3999999999,,,0.75,False,False,False
3.5153668,877,29.0,270.0,12.006,111.78,241.0,99.774,241.0,99.774,False,2573.5199999999995,205.6,555434.2,,,0.75,False,False,False
3.5193752000000003,878,29.0,270.0,12.006,111.78,241.0,99.774,241.0,99.774,False,2542.56,205.16,554861.8,,,0.75,False,False,False
3.5233836000000003,879,29.0,270.0,12.006,111.78,241.0,99.774,241.0,99.774,False,2531.32,205.44,552361.2,,,0.75,False,False,False
3.5273920000000003,880,29.0,270.0,12.006,111.78,241.0,99.774,241.0,99.774,False,2535.24,204.48,551726.2000000001,,,0.75,False,False,False
3.5314004000000003,881,28.0,270.0,11.592,111.78,242.0,100.188,242.0,100.188,False,2554.52,201.2,550413.2,,,0.75,False,False,False
3.5354088000000004,882,28.0,270.0,11.592,111.78,242.0,100.188,242.0,100.188,False,2531.64,199.2,548713.6,,,0.75,False,False,False
3.5394172000000004,883,28.0,270.0,11.592,111.78,242.0,100.188,242.0,100.188,False,2509.8399999999997,197.12,545382.6000000001,,,0.75,False,False,False
3.5434256000000004,884,28.0,270.0,11.592,111.78,242.0,100.188,242.0,100.188,False,2481.92,205.88,544306.6,,,0.75,False,False,False
3.5474340000000004,885,28.0,270.0,11.592,111.78,242.0,100.188,242.0,100.188,False,2470.8799999999997,205.48,542245.4,,,0.75,False,False,False
3.5514424000000004,886,29.0,270.0,12.006,111.78,241.0,99.774,241.0,99.774,False,2464.0,206.24,540541.3999999999,,,0.75,False,False,False
3.5554508000000005,887,29.0,270.0,12.006,111.78,241.0,99.774,241.0,99.774,False,2461.64,207.16,538892.3999999999,,,0.75,False,False,False
3.5594592000000005,888,29.0,270.0,12.006,111.78,241.0,99.774,241.0,99.774,False,2441.44,210.44,538002.7999999999,,,0.75,False,False,False
3.5634676000000005,889,29.0,270.0,12.006,111.78,241.0,99.774,241.0,99.774,False,2437.32,205.6,536638.0,,,0.75,False,False,False
3.5674760000000005,890,29.0,270.0,12.006,111.78,241.0,99.774,241.0,99.774,False,2434.56,208.96,535360.2,,,0.75,False,False,False
3.571484400000001,891,29.0,270.0,12.006,111.78,241.0,99.774,241.0,99.774,False,2437.2000000000003,205.28,533657.8,,,0.75,False,False,False
3.5754928000000006,892,29.0,270.0,12.006,111.78,241.0,99.774,241.0,99.774,False,2427.6,203.04,532675.8,,,0.75,False,False,False
3.5795012000000006,893,29.0,270.0,12.006,111.78,241.0,99.774,241.0,99.774,False,2448.84,204.92,531533.8,,,0.75,False,False,False
3.5835096000000006,894,29.0,270.0,12.006,111.78,241.0,99.774,241.0,99.774,False,2436.08,204.6,529782.2000000001,,,0.75,False,False,False
3.5875180000000007,895,29.0,270.0,12.006,111.78,241.0,99.774,241.0,99.774,False,2438.96,206.08,528208.6000000001,,,0.75,False,False,False
3.5915264,896,29.0,270.0,12.006,111.78,241.0,99.774,241.0,99.774,False,2433.8399999999997,205.52,527007.8,,,0.75,False,False,False
3.5955348000000003,897,29.0,270.0,12.006,111.78,241.0,99.774,241.0,99.774,False,2406.6,206.96,525346.4,,,0.75,False,False,False
3.5995432000000003,898,29.0,270.0,12.006,111.78,241.0,99.774,241.0,99.774,False,2417.24,203.0,524300.0,,,0.75,False,False,False
3.6035516,899,29.0,270.0,12.006,111.78,241.0,99.774,241.0,99.774,False,2412.84,205.8,522958.0,,,0.75,False,False,False
3.60756,900,29.0,270.0,12.006,111.78,241.0,99.774,241.0,99.774,False,2411.3599999999997,199.8,521352.79999999993,,,0.75,False,False,False
3.6115684,901,29.0,270.0,12.006,111.78,241.0,99.774,241.0,99.774,False,2427.4,201.8,519713.0,,,0.75,False,False,False
3.6155768,902,29.0,270.0,12.006,111.78,241.0,99.774,241.0,99.774,False,2400.12,201.76,517731.20000000007,,,0.75,False,False,False
3.6195852,903,29.0,270.0,12.006,111.78,241.0,99.774,241.0,99.774,False,2417.96,202.44,515958.8000000001,,,0.75,False,False,False
3.6235936,904,29.0,270.0,12.006,111.78,241.0,99.774,241.0,99.774,False,2388.88,199.8,513957.6,,,0.75,False,False,False
3.627602,905,29.0,270.0,12.006,111.78,241.0,99.774,241.0,99.774,False,2365.7200000000003,201.24,512617.8000000001,,,0.75,False,False,False
3.631610400000001,906,29.0,270.0,12.006,111.78,241.0,99.774,241.0,99.774,False,2343.2,200.6,511026.0,,,0.75,False,False,False
3.635618800000001,907,29.0,270.0,12.006,111.78,241.0,99.774,241.0,99.774,False,2332.64,197.68,510268.2,,,0.75,False,False,False
3.639627200000001,908,29.0,270.0,12.006,111.78,241.0,99.774,241.0,99.774,False,2343.04,203.48,509040.4,,,0.75,False,False,False
3.643635600000001,909,29.0,270.0,12.006,111.78,241.0,99.774,241.0,99.774,False,2311.28,201.88,508420.8,,,0.75,False,False,False
3.647644000000001,910,29.0,270.0,12.006,111.78,241.0,99.774,241.0,99.774,False,2325.56,195.32,507159.8,,,0.75,False,False,False
3.651652400000001,911,29.0,270.0,12.006,111.78,241.0,99.774,241.0,99.774,False,2325.56,194.6,505887.0,,,0.75,False,False,False
3.6556608000000006,912,29.0,270.0,12.006,111.78,241.0,99.774,241.0,99.774,False,2324.2,196.52,504636.8000000001,,,0.75,False,False,False
3.6596692000000006,913,29.0,270.0,12.006,111.78,241.0,99.774,241.0,99.774,False,2324.36,198.84,502783.4,,,0.75,False,False,False
3.6636776000000006,914,29.0,270.0,12.006,111.78,241.0,99.774,241.0,99.774,False,2288.88,201.4,500689.1999999999,,,0.75,False,False,False
3.6676860000000007,915,29.0,270.0,12.006,111.78,241.0,99.774,241.0,99.774,False,2263.56,201.92,498703.6,,,0.75,False,False,False
3.6716944,916,29.0,270.0,12.006,111.78,241.0,99.774,241.0,99.774,False,2262.64,202.52,497336.99999999994,,,0.75,False,False,False
3.6757028,917,29.0,270.0,12.006,111.78,241.0,99.774,241.0,99.774,False,2250.08,203.76,495285.1999999999,,,0.75,False,False,False
3.6797112,918,29.0,270.0,12.006,111.78,241.0,99.774,241.0,99.774,False,2237.8,200.48,493831.20000000007,,,0.75,False,False,False
3.6837196,919,29.0,270.0,12.006,111.78,241.0,99.774,241.0,99.774,False,2256.52,197.52,492900.1999999999,,,0.75,False,False,False
3.687728,920,29.0,270.0,12.006,111.78,241.0,99.774,241.0,99.774,False,2254.08,200.6,491854.20000000007,,,0.75,False,False,False
3.6917364,921,29.0,270.0,12.006,111.78,241.0,99.774,241.0,99.774,False,2248.28,201.24,491050.6,,,0.75,False,False,False
3.6957448,922,29.0,270.0,12.006,111.78,241.0,99.774,241.0,99.774,False,2228.96,201.64,490187.20000000007,,,0.75,False,False,False
3.6997532,923,29.0,270.0,12.006,111.78,241.0,99.774,241.0,99.774,False,2216.4,201.92,488829.6,,,0.75,False,False,False
3.7037616,924,29.0,270.0,12.006,111.78,241.0,99.774,241.0,99.774,False,2205.72,202.04,486928.2,,,0.75,False,False,False
3.707770000000001,925,29.0,270.0,12.006,111.78,241.0,99.774,241.0,99.774,False,2206.0,200.16,485867.4,,,0.75,False,False,False
3.711778400000001,926,29.0,270.0,12.006,111.78,241.0,99.774,241.0,99.774,False,2189.48,199.92,483636.2,,,0.75,False,False,False
3.715786800000001,927,29.0,270.0,12.006,111.78,241.0,99.774,241.0,99.774,False,2176.04,199.04,482918.0,,,0.75,False,False,False
3.719795200000001,928,29.0,270.0,12.006,111.78,241.0,99.774,241.0,99.774,False,2161.48,200.48,481986.6,,,0.75,False,False,False
3.723803600000001,929,29.0,270.0,12.006,111.78,241.0,99.774,241.0,99.774,False,2168.32,197.48,481475.8,,,0.75,False,False,False
3.727812000000001,930,29.0,270.0,12.006,111.78,241.0,99.774,241.0,99.774,False,2165.64,197.92,480043.8000000001,,,0.75,False,False,False
3.7318204000000006,931,29.0,270.0,12.006,111.78,241.0,99.774,241.0,99.774,False,2176.92,197.84,479147.1999999999,,,0.75,False,False,False
3.7358288000000006,932,29.0,270.0,12.006,111.78,241.0,99.774,241.0,99.774,False,2157.2799999999997,198.92,477889.4,,,0.75,False,False,False
3.7398372000000006,933,29.0,270.0,12.006,111.78,241.0,99.774,241.0,99.774,False,2167.64,195.36,477012.4,,,0.75,False,False,False
3.7438456000000007,934,29.0,270.0,12.006,111.78,241.0,99.774,241.0,99.774,False,2152.8399999999997,196.72,476009.0,,,0.75,False,False,False
3.7478540000000007,935,29.0,270.0,12.006,111.78,241.0,99.774,241.0,99.774,False,2151.0,194.44,475394.6,,,0.75,False,False,False
3.7518624,936,29.0,270.0,12.006,111.78,241.0,99.774,241.0,99.774,False,2155.72,196.52,474417.6,,,0.75,False,False,False
3.7558708,937,29.0,270.0,12.006,111.78,241.0,99.774,241.0,99.774,False,2161.88,194.68,473945.1999999999,,,0.75,False,False,False
3.7598792,938,29.0,270.0,12.006,111.78,241.0,99.774,241.0,99.774,False,2135.6,191.12,472794.8,,,0.75,False,False,False
3.7638876,939,29.0,270.0,12.006,111.78,241.0,99.774,241.0,99.774,False,2169.04,191.0,471573.1999999999,,,0.75,False,False,False
3.767896,940,29.0,270.0,12.006,111.78,241.0,99.774,241.0,99.774,False,2156.2000000000003,193.2,470956.0,,,0.75,False,False,False
3.7719044,941,29.0,270.0,12.006,111.78,241.0,99.774,241.0,99.774,False,2144.4799999999996,196.56,470243.6,,,0.75,False,False,False
3.7759128,942,29.0,270.0,12.006,111.78,241.0,99.774,241.0,99.774,False,2156.08,193.24,468900.8000000001,,,0.75,False,False,False
3.7799212,943,29.0,270.0,12.006,111.78,241.0,99.774,241.0,99.774,False,2162.64,195.04,468339.8000000001,,,0.75,False,False,False
3.7839296,944,29.0,270.0,12.006,111.78,241.0,99.774,241.0,99.774,False,2158.7999999999997,193.44,468117.6,,,0.75,False,False,False
3.787938000000001,945,29.0,270.0,12.006,111.78,241.0,99.774,241.0,99.774,False,2151.52,192.56,466871.1999999999,,,0.75,False,False,False
3.791946400000001,946,29.0,270.0,12.006,111.78,241.0,99.774,241.0,99.774,False,2187.0,192.32,467152.0,,,0.75,False,False,False
3.795954800000001,947,29.0,270.0,12.006,111.78,241.0,99.774,241.0,99.774,False,2187.92,196.24,467116.0,,,0.75,False,False,False
3.799963200000001,948,29.0,270.0,12.006,111.78,241.0,99.774,241.0,99.774,False,2179.44,195.4,467179.79999999993,,,0.75,False,False,False
3.803971600000001,949,29.0,270.0,12.006,111.78,241.0,99.774,241.0,99.774,False,2205.24,195.72,466486.6,,,0.75,False,False,False
3.8079800000000006,950,29.0,270.0,12.006,111.78,241.0,99.774,241.0,99.774,False,2199.2,197.08,466642.6,,,0.75,False,False,False
3.8119884000000006,951,29.0,270.0,12.006,111.78,241.0,99.774,241.0,99.774,False,2192.2799999999997,193.76,466027.0,,,0.75,False,False,False
3.8159968000000006,952,29.0,270.0,12.006,111.78,241.0,99.774,241.0,99.774,False,2144.4,191.36,464967.4,,,0.75,False,False,False
3.8200052000000007,953,29.0,270.0,12.006,111.78,241.0,99.774,241.0,99.774,False,2138.64,194.44,463572.79999999993,,,0.75,False,False,False
3.8240136000000007,954,29.0,270.0,12.006,111.78,241.0,99.774,241.0,99.774,False,2123.4,196.32,463036.2,,,0.75,False,False,False
3.8280220000000007,955,29.0,270.0,12.006,111.78,241.0,99.774,241.0,99.774,False,2123.0,195.12,461872.0,,,0.75,False,False,False
3.8320304,956,29.0,270.0,12.006,111.78,241.0,99.774,241.0,99.774,False,2105.08,200.96,460620.6,,,0.75,False,False,False
3.8360388,957,29.0,270.0,12.006,111.78,241.0,99.774,241.0,99.774,False,2105.2,200.88,459500.2,,,0.75,False,False,False
3.8400472,958,29.0,270.0,12.006,111.78,241.0,99.774,241.0,99.774,False,2096.52,195.16,459087.0,,,0.75,False,False,False
3.8440556,959,29.0,270.0,12.006,111.78,241.0,99.774,241.0,99.774,False,2103.8799999999997,192.96,458430.6,,,0.75,False,False,False
3.848064,960,29.0,271.0,12.006,112.194,242.0,100.188,242.0,100.188,False,2109.9199999999996,195.56,457358.6,,,0.75,False,False,False
3.8520724,961,29.0,271.0,12.006,112.194,242.0,100.188,242.0,100.188,False,2122.08,194.0,456733.2,,,0.75,False,False,False
3.8560808,962,29.0,271.0,12.006,112.194,242.0,100.188,242.0,100.188,False,2110.2,196.52,456625.6,,,0.75,False,False,False
3.8600892,963,29.0,271.0,12.006,112.194,242.0,100.188,242.0,100.188,False,2105.88,197.36,456112.0,,,0.75,False,False,False
3.864097600000001,964,29.0,271.0,12.006,112.194,242.0,100.188,242.0,100.188,False,2101.52,200.32,455466.4,,,0.75,False,False,False
3.868106000000001,965,29.0,271.0,12.006,112.194,242.0,100.188,242.0,100.188,False,2116.16,199.8,455222.6,,,0.75,False,False,False
3.872114400000001,966,28.0,271.0,11.592,112.194,243.0,100.602,243.0,100.602,False,2099.12,198.44,454524.6,,,0.75,False,False,False
3.876122800000001,967,28.0,271.0,11.592,112.194,243.0,100.602,243.0,100.602,False,2093.96,198.52,453895.6,,,0.75,False,False,False
3.880131200000001,968,28.0,271.0,11.592,112.194,243.0,100.602,243.0,100.602,False,2084.24,198.76,452856.0,,,0.75,False,False,False
3.8841396000000006,969,28.0,270.0,11.592,111.78,242.0,100.188,243.0,100.602,True,2093.9199999999996,199.4,451998.4,,,0.75,False,False,False
3.8881480000000006,970,28.0,271.0,11.592,112.194,243.0,100.602,243.0,100.602,False,2095.48,198.16,451561.6,,,0.75,False,False,False
3.8921564000000006,971,28.0,271.0,11.592,112.194,243.0,100.602,243.0,100.602,False,2087.16,196.52,451398.4,,,0.75,False,False,False
3.8961648000000006,972,28.0,271.0,11.592,112.194,243.0,100.602,243.0,100.602,False,2074.28,196.04,450340.1999999999,,,0.75,False,False,False
3.9001732000000007,973,28.0,271.0,11.592,112.194,243.0,100.602,243.0,100.602,False,2077.12,195.92,450408.1999999999,,,0.75,False,False,False
3.9041816000000007,974,28.0,271.0,11.592,112.194,243.0,100.602,243.0,100.602,False,2071.3199999999997,194.48,449538.4,,,0.75,False,False,False
3.90819,975,28.0,271.0,11.592,112.194,243.0,100.602,243.0,100.602,False,2047.88,196.48,448875.0,,,0.75,False,False,False
3.9121984,976,28.0,271.0,11.592,112.194,243.0,100.602,243.0,100.602,False,2046.48,194.84,447640.3999999999,,,0.75,False,False,False
3.9162068,977,28.0,271.0,11.592,112.194,243.0,100.602,243.0,100.602,False,2036.96,196.32,447281.79999999993,,,0.75,False,False,False
3.9202152,978,28.0,271.0,11.592,112.194,243.0,100.602,243.0,100.602,False,2028.24,195.68,446352.4,,,0.75,False,False,False
3.9242236,979,28.0,271.0,11.592,112.194,243.0,100.602,243.0,100.602,False,2044.88,199.28,445968.8,,,0.75,False,False,False
3.928232,980,28.0,271.0,11.592,112.194,243.0,100.602,243.0,100.602,False,2040.88,201.2,445316.2,,,0.75,False,False,False
3.9322404,981,28.0,271.0,11.592,112.194,243.0,100.602,243.0,100.602,False,2049.2,204.88,445747.4,,,0.75,False,False,False
3.9362488,982,28.0,271.0,11.592,112.194,243.0,100.602,243.0,100.602,False,2062.3999999999996,209.08,445391.0,,,0.75,False,False,False
3.940257200000001,983,28.0,271.0,11.592,112.194,243.0,100.602,243.0,100.602,False,2059.68,206.04,445106.0,,,0.75,False,False,False
3.944265600000001,984,28.0,271.0,11.592,112.194,243.0,100.602,243.0,100.602,False,2051.88,202.76,445002.8,,,0.75,False,False,False
3.948274000000001,985,28.0,271.0,11.592,112.194,243.0,100.602,243.0,100.602,False,2038.88,199.48,445087.8,,,0.75,False,False,False
3.952282400000001,986,28.0,271.0,11.592,112.194,243.0,100.602,243.0,100.602,False,2032.96,203.56,444200.2,,,0.75,False,False,False
3.956290800000001,987,28.0,271.0,11.592,112.194,243.0,100.602,243.0,100.602,False,2019.16,201.72,444086.6,,,0.75,False,False,False
3.960299200000001,988,28.0,271.0,11.592,112.194,243.0,100.602,243.0,100.602,False,2017.76,199.72,443000.1999999999,,,0.75,False,False,False
3.9643076000000006,989,28.0,271.0,11.592,112.194,243.0,100.602,243.0,100.602,False,1990.96,199.4,442122.8000000001,,,0.75,False,False,False
3.9683160000000006,990,28.0,271.0,11.592,112.194,243.0,100.602,243.0,100.602,False,2004.88,201.4,440155.4,,,0.75,False,False,False
3.9723244000000006,991,28.0,271.0,11.592,112.194,243.0,100.602,243.0,100.602,False,2002.48,198.56,439567.4,,,0.75,False,False,False
3.9763328000000007,992,28.0,271.0,11.592,112.194,243.0,100.602,243.0,100.602,False,1993.12,202.68,437879.4,,,0.75,False,False,False
3.9803412000000007,993,27.0,271.0,11.178,112.194,244.0,101.016,244.0,101.016,False,2005.08,203.16,437539.0,,,0.75,False,False,False
3.9843496000000007,994,27.0,271.0,11.178,112.194,244.0,101.016,244.0,101.016,False,2014.28,197.84,436559.6,,,0.75,False,False,False
3.988358,995,27.0,271.0,11.178,112.194,244.0,101.016,244.0,101.016,False,2019.84,199.04,436333.8000000001,,,0.75,False,False,False
3.9923664,996,27.0,271.0,11.178,112.194,244.0,101.016,244.0,101.016,False,2020.32,195.04,435612.00000000006,,,0.75,False,False,False
3.9963748,997,27.0,271.0,11.178,112.194,244.0,101.016,244.0,101.016,False,1979.96,196.16,434976.8,,,0.75,False,False,False
4.000383200000001,998,27.0,271.0,11.178,112.194,244.0,101.016,244.0,101.016,False,1987.44,197.88,433967.0,,,0.75,False,False,False
4.004391600000001,999,27.0,271.0,11.178,112.194,244.0,101.016,244.0,101.016,False,1965.12,197.48,433977.0,,,0.75,False,False,False
4.008400000000001,1000,27.0,271.0,11.178,112.194,244.0,101.016,244.0,101.016,False,1964.24,192.92,433647.4,,,0.75,False,False,False
4.012408400000001,1001,27.0,271.0,11.178,112.194,244.0,101.016,244.0,101.016,False,1960.64,197.84,432291.8000000001,,,0.75,False,False,False
4.016416800000001,1002,27.0,271.0,11.178,112.194,244.0,101.016,244.0,101.016,False,1960.12,195.96,431941.6,,,0.75,False,False,False
4.020425200000001,1003,27.0,271.0,11.178,112.194,244.0,101.016,244.0,101.016,False,1963.32,197.2,432362.2,,,0.75,False,False,False
4.024433600000001,1004,27.0,271.0,11.178,112.194,244.0,101.016,244.0,101.016,False,1972.28,197.4,432173.1999999999,,,0.75,False,False,False
4.028442,1005,27.0,271.0,11.178,112.194,244.0,101.016,244.0,101.016,False,1978.32,200.48,432848.0,,,0.75,False,False,False
4.0324504,1006,27.0,271.0,11.178,112.194,244.0,101.016,244.0,101.016,False,1972.16,196.2,433173.8,,,0.75,False,False,False
4.0364588,1007,27.0,271.0,11.178,112.194,244.0,101.016,244.0,101.016,False,1982.48,199.0,432280.0,,,0.75,False,False,False
4.0404672,1008,27.0,271.0,11.178,112.194,244.0,101.016,244.0,101.016,False,1957.16,202.8,431694.0,,,0.75,False,False,False
4.0444756,1009,27.0,271.0,11.178,112.194,244.0,101.016,244.0,101.016,False,1942.24,204.88,430527.2,,,0.75,False,False,False
4.048484,1010,27.0,271.0,11.178,112.194,244.0,101.016,244.0,101.016,False,1958.76,205.68,429204.8,,,0.75,False,False,False
4.0524924,1011,27.0,271.0,11.178,112.194,244.0,101.016,244.0,101.016,False,1961.76,204.4,428090.6,,,0.75,False,False,False
4.0565008,1012,27.0,271.0,11.178,112.194,244.0,101.016,244.0,101.016,False,1971.12,203.24,428194.0,,,0.75,False,False,False
4.0605092,1013,27.0,271.0,11.178,112.194,244.0,101.016,244.0,101.016,False,1957.88,200.32,427896.0,,,0.75,False,False,False
4.0645176,1014,26.0,271.0,10.764,112.194,245.0,101.43,245.0,101.43,False,1978.56,200.32,427935.6,,,0.75,False,False,False
4.068526,1015,26.0,271.0,10.764,112.194,245.0,101.43,245.0,101.43,False,1966.4,201.68,427743.1999999999,,,0.75,False,False,False
4.0725344,1016,26.0,271.0,10.764,112.194,245.0,101.43,245.0,101.43,False,1966.88,204.16,428191.2,,,0.75,False,False,False
4.0765428,1017,26.0,271.0,10.764,112.194,245.0,101.43,245.0,101.43,False,1958.24,205.68,427871.6,,,0.75,False,False,False
4.0805512,1018,26.0,271.0,10.764,112.194,245.0,101.43,245.0,101.43,False,1950.16,203.76,426039.6,,,0.75,False,False,False
4.0845596,1019,26.0,271.0,10.764,112.194,245.0,101.43,245.0,101.43,False,1956.0,203.92,425388.6,,,0.75,False,False,False
4.088568,1020,26.0,271.0,10.764,112.194,245.0,101.43,245.0,101.43,False,1960.36,205.88,424689.8000000001,,,0.75,False,False,False
4.0925764,1021,26.0,271.0,10.764,112.194,245.0,101.43,245.0,101.43,False,1956.92,200.2,423699.2,,,0.75,False,False,False
4.0965848000000005,1022,26.0,271.0,10.764,112.194,245.0,101.43,245.0,101.43,False,1955.96,203.32,423147.0,,,0.75,False,False,False
4.1005932000000005,1023,26.0,271.0,10.764,112.194,245.0,101.43,245.0,101.43,False,1934.88,204.72,423713.79999999993,,,0.75,False,False,False
4.1046016000000005,1024,26.0,271.0,10.764,112.194,245.0,101.43,245.0,101.43,False,1920.4,206.24,422746.8,,,0.75,False,False,False
4.1086100000000005,1025,26.0,271.0,10.764,112.194,245.0,101.43,245.0,101.43,False,1947.72,205.88,422486.8000000001,,,0.75,False,False,False
4.112618400000001,1026,26.0,271.0,10.764,112.194,245.0,101.43,245.0,101.43,False,1965.08,209.44,421796.8,,,0.75,False,False,False
4.116626800000001,1027,26.0,271.0,10.764,112.194,245.0,101.43,245.0,101.43,False,1940.2,210.2,420876.6,,,0.75,False,False,False
4.120635200000001,1028,26.0,271.0,10.764,112.194,245.0,101.43,245.0,101.43,False,1914.08,208.84,419118.6,,,0.75,False,False,False
4.124643600000001,1029,26.0,271.0,10.764,112.194,245.0,101.43,245.0,101.43,False,1936.48,209.68,418122.8000000001,,,0.75,False,False,False
4.128652000000001,1030,26.0,272.0,10.764,112.608,246.0,101.844,245.0,101.43,True,1906.12,206.76,416744.99999999994,,,0.75,False,False,False
4.132660400000001,1031,26.0,271.0,10.764,112.194,245.0,101.43,246.0,101.844,True,1923.36,205.92,416027.1999999999,,,0.75,False,False,False
4.136668800000001,1032,26.0,272.0,10.764,112.608,246.0,101.844,246.0,101.844,False,1911.6,203.04,415675.2,,,0.75,False,False,False
4.140677200000001,1033,26.0,272.0,10.764,112.608,246.0,101.844,246.0,101.844,False,1897.2,199.16,415437.6,,,0.75,False,False,False
4.144685600000001,1034,26.0,272.0,10.764,112.608,246.0,101.844,246.0,101.844,False,1909.92,201.6,415097.0,,,0.75,False,False,False
4.148694000000001,1035,26.0,272.0,10.764,112.608,246.0,101.844,246.0,101.844,False,1877.1599999999996,203.76,414537.6,,,0.75,False,False,False
4.152702400000001,1036,26.0,272.0,10.764,112.608,246.0,101.844,246.0,101.844,False,1891.48,198.84,413582.4,,,0.75,False,False,False
4.156710800000001,1037,25.0,271.0,10.35,112.194,246.0,101.844,246.0,101.844,False,1889.84,200.64,412898.6,,,0.75,False,False,False
4.160719200000001,1038,26.0,272.0,10.764,112.608,246.0,101.844,246.0,101.844,False,1900.28,200.96,412248.1999999999,,,0.75,False,False,False
4.164727600000001,1039,25.0,272.0,10.35,112.608,247.0,102.258,246.0,101.844,True,1879.88,203.96,411542.6,,,0.75,False,False,False
4.168736000000001,1040,25.0,271.0,10.35,112.194,246.0,101.844,246.0,101.844,False,1889.6,201.28,410653.4,,,0.75,False,False,False
4.172744400000001,1041,25.0,271.0,10.35,112.194,246.0,101.844,246.0,101.844,False,1891.6,200.6,410138.8000000001,,,0.75,False,False,False
4.176752800000001,1042,25.0,271.0,10.35,112.194,246.0,101.844,246.0,101.844,False,1884.16,199.28,409403.4,,,0.75,False,False,False
4.180761200000001,1043,25.0,272.0,10.35,112.608,247.0,102.258,247.0,102.258,False,1876.3999999999996,202.8,408765.8000000001,,,0.75,False,False,False
4.1847696,1044,25.0,272.0,10.35,112.608,247.0,102.258,247.0,102.258,False,1868.12,203.52,407765.6,,,0.75,False,False,False
4.188778,1045,25.0,272.0,10.35,112.608,247.0,102.258,247.0,102.258,False,1855.52,204.8,407306.0,,,0.75,False,False,False
4.1927864,1046,25.0,272.0,10.35,112.608,247.0,102.258,247.0,102.258,False,1860.4,205.56,406471.0,,,0.75,False,False,False
4.1967948,1047,25.0,272.0,10.35,112.608,247.0,102.258,247.0,102.258,False,1866.96,211.68,405321.0,,,0.75,False,False,False
4.2008032,1048,25.0,272.0,10.35,112.608,247.0,102.258,247.0,102.258,False,1866.68,208.8,405181.2,,,0.75,False,False,False
4.2048116,1049,25.0,272.0,10.35,112.608,247.0,102.258,247.0,102.258,False,1851.48,209.04,404673.6,,,0.75,False,False,False
4.20882,1050,25.0,272.0,10.35,112.608,247.0,102.258,247.0,102.258,False,1843.96,207.8,403099.6,,,0.75,False,False,False
4.2128284,1051,25.0,272.0,10.35,112.608,247.0,102.258,247.0,102.258,False,1837.76,209.8,402916.4,,,0.75,False,False,False
4.2168368,1052,25.0,272.0,10.35,112.608,247.0,102.258,247.0,102.258,False,1849.84,213.4,402833.0,,,0.75,False,False,False
4.2208452,1053,25.0,272.0,10.35,112.608,247.0,102.258,247.0,102.258,False,1832.48,211.12,402115.8,,,0.75,False,False,False
4.2248536,1054,25.0,272.0,10.35,112.608,247.0,102.258,247.0,102.258,False,1836.56,209.44,402953.6,,,0.75,False,False,False
4.228862,1055,25.0,272.0,10.35,112.608,247.0,102.258,247.0,102.258,False,1867.32,202.36,404017.6,,,0.75,False,False,False
4.2328704,1056,25.0,272.0,10.35,112.608,247.0,102.258,247.0,102.258,False,1869.36,202.4,403358.2,,,0.75,False,False,False
4.2368788,1057,25.0,272.0,10.35,112.608,247.0,102.258,247.0,102.258,False,1865.0399999999995,205.24,402825.6,,,0.75,False,False,False
4.2408872,1058,25.0,272.0,10.35,112.608,247.0,102.258,247.0,102.258,False,1845.6,211.04,402330.4,,,0.75,False,False,False
4.2448956,1059,25.0,272.0,10.35,112.608,247.0,102.258,247.0,102.258,False,1855.28,209.72,401488.6,,,0.75,False,False,False
4.2489040000000005,1060,25.0,272.0,10.35,112.608,247.0,102.258,247.0,102.258,False,1853.2,213.2,400618.8,,,0.75,False,False,False
4.2529124000000005,1061,25.0,272.0,10.35,112.608,247.0,102.258,247.0,102.258,False,1837.52,211.8,400411.4,,,0.75,False,False,False
4.2569208000000005,1062,25.0,272.0,10.35,112.608,247.0,102.258,247.0,102.258,False,1853.76,208.52,400196.0,,,0.75,False,False,False
4.2609292000000005,1063,25.0,272.0,10.35,112.608,247.0,102.258,247.0,102.258,False,1856.32,207.68,400521.4,,,0.75,False,False,False
4.2649376000000006,1064,25.0,272.0,10.35,112.608,247.0,102.258,247.0,102.258,False,1857.8799999999997,203.28,400341.8000000001,,,0.75,False,False,False
4.268946000000001,1065,25.0,272.0,10.35,112.608,247.0,102.258,247.0,102.258,False,1850.88,208.32,400801.1999999999,,,0.75,False,False,False
4.272954400000001,1066,25.0,272.0,10.35,112.608,247.0,102.258,247.0,102.258,False,1856.5599999999995,208.8,401103.4,,,0.75,False,False,False
4.276962800000001,1067,25.0,272.0,10.35,112.608,247.0,102.258,247.0,102.258,False,1856.72,213.48,401342.4,,,0.75,False,False,False
4.280971200000001,1068,25.0,272.0,10.35,112.608,247.0,102.258,247.0,102.258,False,1862.56,216.84,401278.4,,,0.75,False,False,False
4.284979600000001,1069,25.0,272.0,10.35,112.608,247.0,102.258,247.0,102.258,False,1854.32,215.76,400982.4,,,0.75,False,False,False
4.288988000000001,1070,25.0,272.0,10.35,112.608,247.0,102.258,247.0,102.258,False,1853.16,213.68,400131.2,,,0.75,False,False,False
4.292996400000001,1071,25.0,272.0,10.35,112.608,247.0,102.258,247.0,102.258,False,1864.2,208.32,399765.8,,,0.75,False,False,False
4.297004800000001,1072,25.0,272.0,10.35,112.608,247.0,102.258,247.0,102.258,False,1858.72,209.72,399969.1999999999,,,0.75,False,False,False
4.301013200000001,1073,25.0,272.0,10.35,112.608,247.0,102.258,247.0,102.258,False,1843.04,210.32,399190.6,,,0.75,False,False,False
4.305021600000001,1074,25.0,272.0,10.35,112.608,247.0,102.258,247.0,102.258,False,1838.7999999999995,211.48,398801.6,,,0.75,False,False,False
4.309030000000001,1075,25.0,272.0,10.35,112.608,247.0,102.258,247.0,102.258,False,1852.28,208.68,398523.8000000001,,,0.75,False,False,False
4.313038400000001,1076,25.0,272.0,10.35,112.608,247.0,102.258,247.0,102.258,False,1860.72,211.2,397846.0,,,0.75,False,False,False
4.317046800000001,1077,25.0,272.0,10.35,112.608,247.0,102.258,247.0,102.258,False,1873.84,210.4,397732.8,,,0.75,False,False,False
4.321055200000001,1078,25.0,272.0,10.35,112.608,247.0,102.258,247.0,102.258,False,1860.36,214.24,398184.8000000001,,,0.75,False,False,False
4.325063600000001,1079,25.0,272.0,10.35,112.608,247.0,102.258,247.0,102.258,False,1864.72,214.12,398627.8000000001,,,0.75,False,False,False
4.329072000000001,1080,25.0,272.0,10.35,112.608,247.0,102.258,247.0,102.258,False,1868.6,212.32,399084.8000000001,,,0.75,False,False,False
4.333080400000001,1081,25.0,272.0,10.35,112.608,247.0,102.258,247.0,102.258,False,1880.6,211.76,400073.4,,,0.75,False,False,False
4.337088800000001,1082,24.0,273.0,9.936,113.022,249.0,103.086,249.0,103.086,False,1877.72,217.8,399130.4,,,0.75,False,False,False
4.341097200000001,1083,24.0,273.0,9.936,113.022,249.0,103.086,249.0,103.086,False,1862.76,214.56,399439.6,,,0.75,False,False,False
4.3451056,1084,24.0,273.0,9.936,113.022,249.0,103.086,249.0,103.086,False,1855.0,214.56,398901.4,,,0.75,False,False,False
4.349114,1085,24.0,272.0,9.936,112.608,248.0,102.672,248.0,102.672,False,1872.7999999999995,216.68,398259.4,,,0.75,False,False,False
4.3531224,1086,25.0,272.0,10.35,112.608,247.0,102.258,247.0,102.258,False,1849.88,218.08,397150.1999999999,,,0.75,False,False,False
4.3571308,1087,25.0,272.0,10.35,112.608,247.0,102.258,247.0,102.258,False,1852.44,208.64,397139.2,,,0.75,False,False,False
4.3611392,1088,25.0,272.0,10.35,112.608,247.0,102.258,247.0,102.258,False,1832.44,206.4,395881.2,,,0.75,False,False,False
4.3651476,1089,25.0,272.0,10.35,112.608,247.0,102.258,247.0,102.258,False,1818.12,204.16,395351.0,,,0.75,False,False,False
4.369156,1090,25.0,272.0,10.35,112.608,247.0,102.258,247.0,102.258,False,1817.12,210.08,395510.2,,,0.75,False,False,False
4.3731644,1091,24.0,272.0,9.936,112.608,248.0,102.672,248.0,102.672,False,1830.52,210.36,395182.6,,,0.75,False,False,False
4.3771728,1092,24.0,272.0,9.936,112.608,248.0,102.672,248.0,102.672,False,1822.2,210.52,394066.8,,,0.75,False,False,False
4.3811812,1093,24.0,273.0,9.936,113.022,249.0,103.086,248.0,102.672,True,1826.88,209.44,393177.6,,,0.75,False,False,False
4.3851896,1094,24.0,272.0,9.936,112.608,248.0,102.672,249.0,103.086,True,1835.4,211.0,392610.6,,,0.75,False,False,False
4.389198,1095,24.0,273.0,9.936,113.022,249.0,103.086,249.0,103.086,False,1808.36,210.48,391561.0,,,0.75,False,False,False
4.3932064,1096,24.0,273.0,9.936,113.022,249.0,103.086,249.0,103.086,False,1814.52,213.92,390800.2,,,0.75,False,False,False
4.3972148,1097,24.0,273.0,9.936,113.022,249.0,103.086,249.0,103.086,False,1792.9999999999998,209.96,390835.6,,,0.75,False,False,False
4.4012232,1098,24.0,273.0,9.936,113.022,249.0,103.086,249.0,103.086,False,1801.56,209.12,390706.1999999999,,,0.75,False,False,False
4.4052316000000005,1099,24.0,273.0,9.936,113.022,249.0,103.086,249.0,103.086,False,1778.2799999999995,215.08,390570.1999999999,,,0.75,False,False,False
4.4092400000000005,1100,24.0,273.0,9.936,113.022,249.0,103.086,249.0,103.086,False,1795.04,209.52,390322.4,,,0.75,False,False,False
4.4132484000000005,1101,24.0,273.0,9.936,113.022,249.0,103.086,249.0,103.086,False,1780.16,207.0,389429.4,,,0.75,False,False,False
4.4172568000000005,1102,24.0,273.0,9.936,113.022,249.0,103.086,249.0,103.086,False,1777.8000000000002,203.16,389270.6,,,0.75,False,False,False
4.421265200000001,1103,24.0,273.0,9.936,113.022,249.0,103.086,249.0,103.086,False,1767.52,209.16,388290.8,,,0.75,False,False,False
4.425273600000001,1104,24.0,273.0,9.936,113.022,249.0,103.086,249.0,103.086,False,1756.24,207.56,387195.2,,,0.75,False,False,False
4.429282000000001,1105,24.0,273.0,9.936,113.022,249.0,103.086,249.0,103.086,False,1757.84,210.2,386059.0,,,0.75,False,False,False
4.433290400000001,1106,24.0,273.0,9.936,113.022,249.0,103.086,249.0,103.086,False,1748.52,211.6,386368.4,,,0.75,False,False,False
4.437298800000001,1107,24.0,273.0,9.936,113.022,249.0,103.086,249.0,103.086,False,1747.56,211.68,385267.4,,,0.75,False,False,False
4.441307200000001,1108,24.0,273.0,9.936,113.022,249.0,103.086,249.0,103.086,False,1757.4,211.72,385093.4,,,0.75,False,False,False
4.445315600000001,1109,24.0,273.0,9.936,113.022,249.0,103.086,249.0,103.086,False,1740.4,210.2,384039.0,,,0.75,False,False,False
4.449324000000001,1110,24.0,273.0,9.936,113.022,249.0,103.086,249.0,103.086,False,1748.9599999999998,210.92,383552.4,,,0.75,False,False,False
4.453332400000001,1111,24.0,273.0,9.936,113.022,249.0,103.086,249.0,103.086,False,1748.7199999999998,208.04,382770.0,,,0.75,False,False,False
4.457340800000001,1112,24.0,273.0,9.936,113.022,249.0,103.086,249.0,103.086,False,1754.56,208.08,382198.8000000001,,,0.75,False,False,False
4.461349200000001,1113,24.0,273.0,9.936,113.022,249.0,103.086,249.0,103.086,False,1735.36,212.36,380888.8000000001,,,0.75,False,False,False
4.465357600000001,1114,24.0,273.0,9.936,113.022,249.0,103.086,249.0,103.086,False,1735.88,218.32,380993.0,,,0.75,False,False,False
4.469366000000001,1115,24.0,274.0,9.936,113.436,250.0,103.5,249.0,103.086,True,1737.12,214.8,380560.8,,,0.75,False,False,False
4.473374400000001,1116,24.0,273.0,9.936,113.022,249.0,103.086,249.0,103.086,False,1730.76,217.0,379350.0,,,0.75,False,False,False
4.477382800000001,1117,24.0,273.0,9.936,113.022,249.0,103.086,249.0,103.086,False,1732.12,221.48,378253.6,,,0.75,False,False,False
4.481391200000001,1118,24.0,273.0,9.936,113.022,249.0,103.086,249.0,103.086,False,1720.8,219.2,377745.4,,,0.75,False,False,False
4.485399600000001,1119,24.0,273.0,9.936,113.022,249.0,103.086,249.0,103.086,False,1723.48,214.16,376235.4,,,0.75,False,False,False
4.489408000000001,1120,24.0,273.0,9.936,113.022,249.0,103.086,249.0,103.086,False,1717.4399999999998,211.4,375186.6,,,0.75,False,False,False
4.493416400000001,1121,24.0,273.0,9.936,113.022,249.0,103.086,249.0,103.086,False,1726.56,212.92,373894.20000000007,,,0.75,False,False,False
4.497424800000001,1122,24.0,273.0,9.936,113.022,249.0,103.086,249.0,103.086,False,1721.84,211.36,372519.4,,,0.75,False,False,False
4.5014332,1123,24.0,273.0,9.936,113.022,249.0,103.086,249.0,103.086,False,1734.64,206.56,372277.0,,,0.75,False,False,False
4.5054416,1124,24.0,273.0,9.936,113.022,249.0,103.086,249.0,103.086,False,1719.64,208.92,371655.79999999993,,,0.75,False,False,False
4.50945,1125,24.0,273.0,9.936,113.022,249.0,103.086,249.0,103.086,False,1721.28,214.76,370406.8000000001,,,0.75,False,False,False
4.5134584,1126,24.0,273.0,9.936,113.022,249.0,103.086,249.0,103.086,False,1731.6799999999998,208.0,369882.4,,,0.75,False,False,False
4.5174668,1127,24.0,273.0,9.936,113.022,249.0,103.086,249.0,103.086,False,1731.4,205.92,369484.8,,,0.75,False,False,False
4.5214752,1128,24.0,273.0,9.936,113.022,249.0,103.086,249.0,103.086,False,1737.52,203.44,366995.8,,,0.75,False,False,False
4.5254836,1129,24.0,273.0,9.936,113.022,249.0,103.086,249.0,103.086,False,1716.4,205.6,365722.0,,,0.75,False,False,False
4.529492,1130,23.0,273.0,9.522,113.022,250.0,103.5,250.0,103.5,False,1703.6799999999998,204.68,365020.4,,,0.75,False,False,False
4.5335004,1131,23.0,273.0,9.522,113.022,250.0,103.5,250.0,103.5,False,1693.4,213.2,364697.0,,,0.75,False,False,False
4.5375088,1132,23.0,273.0,9.522,113.022,250.0,103.5,250.0,103.5,False,1692.9599999999998,209.88,363874.2,,,0.75,False,False,False
4.5415172,1133,23.0,273.0,9.522,113.022,250.0,103.5,250.0,103.5,False,1709.92,215.88,364273.0,,,0.75,False,False,False
4.5455256,1134,23.0,273.0,9.522,113.022,250.0,103.5,250.0,103.5,False,1700.6,216.56,363599.8,,,0.75,False,False,False
4.549534,1135,24.0,273.0,9.936,113.022,249.0,103.086,249.0,103.086,False,1699.12,211.24,362749.2,,,0.75,False,False,False
4.5535424,1136,24.0,273.0,9.936,113.022,249.0,103.086,249.0,103.086,False,1719.52,206.44,361495.8,,,0.75,False,False,False
4.5575508000000005,1137,24.0,272.0,9.936,112.608,248.0,102.672,248.0,102.672,False,1711.2399999999998,210.32,360833.4,,,0.75,False,False,False
4.5615592000000005,1138,24.0,272.0,9.936,112.608,248.0,102.672,248.0,102.672,False,1717.96,212.36,359768.4,,,0.75,False,False,False
4.5655676000000005,1139,24.0,272.0,9.936,112.608,248.0,102.672,248.0,102.672,False,1692.76,210.72,358905.2,,,0.75,False,False,False
4.5695760000000005,1140,23.0,272.0,9.522,112.608,249.0,103.086,249.0,103.086,False,1687.64,208.92,358335.4,,,0.75,False,False,False
4.5735844000000005,1141,23.0,272.0,9.522,112.608,249.0,103.086,249.0,103.086,False,1693.04,209.0,357247.19999999995,,,0.75,False,False,False
4.577592800000001,1142,23.0,272.0,9.522,112.608,249.0,103.086,249.0,103.086,False,1675.52,204.56,355940.4,,,0.75,False,False,False
4.581601200000001,1143,23.0,272.0,9.522,112.608,249.0,103.086,249.0,103.086,False,1665.28,204.48,354511.4,,,0.75,False,False,False
4.585609600000001,1144,23.0,272.0,9.522,112.608,249.0,103.086,249.0,103.086,False,1666.88,202.16,353665.2,,,0.75,False,False,False
4.589618000000001,1145,23.0,272.0,9.522,112.608,249.0,103.086,249.0,103.086,False,1656.4399999999998,203.52,352691.6,,,0.75,False,False,False
4.593626400000001,1146,23.0,272.0,9.522,112.608,249.0,103.086,249.0,103.086,False,1685.32,207.68,352212.19999999995,,,0.75,False,False,False
4.597634800000001,1147,23.0,272.0,9.522,112.608,249.0,103.086,249.0,103.086,False,1655.2399999999998,210.12,351441.0,,,0.75,False,False,False
4.601643200000001,1148,23.0,272.0,9.522,112.608,249.0,103.086,249.0,103.086,False,1663.1199999999997,214.48,351871.0,,,0.75,False,False,False
4.605651600000001,1149,23.0,272.0,9.522,112.608,249.0,103.086,249.0,103.086,False,1644.68,212.2,351377.6,,,0.75,False,False,False
4.609660000000001,1150,23.0,272.0,9.522,112.608,249.0,103.086,249.0,103.086,False,1640.8,212.76,350421.2,,,0.75,False,False,False
4.613668400000001,1151,23.0,272.0,9.522,112.608,249.0,103.086,249.0,103.086,False,1633.56,209.52,349034.0,,,0.75,False,False,False
4.617676800000001,1152,23.0,272.0,9.522,112.608,249.0,103.086,249.0,103.086,False,1635.9999999999998,208.92,348187.19999999995,,,0.75,False,False,False
4.621685200000001,1153,23.0,272.0,9.522,112.608,249.0,103.086,249.0,103.086,False,1646.24,210.12,346179.4,,,0.75,False,False,False
4.625693600000001,1154,23.0,272.0,9.522,112.608,249.0,103.086,249.0,103.086,False,1642.28,208.16,345512.39999999997,,,0.75,False,False,False
4.629702000000001,1155,23.0,272.0,9.522,112.608,249.0,103.086,249.0,103.086,False,1622.12,209.24,343994.0,,,0.75,False,False,False
4.633710400000001,1156,23.0,273.0,9.522,113.022,250.0,103.5,250.0,103.5,False,1607.0799999999997,201.44,343538.0,,,0.75,False,False,False
4.637718800000001,1157,23.0,273.0,9.522,113.022,250.0,103.5,250.0,103.5,False,1615.28,205.92,342983.80000000005,,,0.75,False,False,False
4.641727200000001,1158,23.0,273.0,9.522,113.022,250.0,103.5,250.0,103.5,False,1598.6,207.6,342554.6,,,0.75,False,False,False
4.645735600000001,1159,23.0,272.0,9.522,112.608,249.0,103.086,249.0,103.086,False,1586.56,207.92,342077.0,,,0.75,False,False,False
4.649744000000001,1160,23.0,272.0,9.522,112.608,249.0,103.086,249.0,103.086,False,1572.6399999999996,204.84,342075.4,,,0.75,False,False,False
4.653752400000001,1161,23.0,272.0,9.522,112.608,249.0,103.086,249.0,103.086,False,1570.28,209.32,341976.8,,,0.75,False,False,False
4.6577608,1162,23.0,272.0,9.522,112.608,249.0,103.086,249.0,103.086,False,1572.08,213.64,341376.80000000005,,,0.75,False,False,False
4.6617692,1163,23.0,272.0,9.522,112.608,249.0,103.086,249.0,103.086,False,1563.88,206.84,340084.8,,,0.75,False,False,False
4.6657776,1164,23.0,272.0,9.522,112.608,249.0,103.086,249.0,103.086,False,1571.64,216.96,338907.80000000005,,,0.75,False,False,False
4.669786,1165,23.0,272.0,9.522,112.608,249.0,103.086,249.0,103.086,False,1576.6,213.68,338540.8,,,0.75,False,False,False
4.6737944,1166,23.0,272.0,9.522,112.608,249.0,103.086,249.0,103.086,False,1560.88,217.16000000000005,337195.8,,,0.75,False,False,False
4.6778028,1167,23.0,272.0,9.522,112.608,249.0,103.086,249.0,103.086,False,1547.28,216.6,336276.39999999997,,,0.75,False,False,False
4.6818112,1168,23.0,272.0,9.522,112.608,249.0,103.086,249.0,103.086,False,1533.08,222.24,336375.4,,,0.75,False,False,False
4.6858196,1169,23.0,272.0,9.522,112.608,249.0,103.086,249.0,103.086,False,1526.04,206.16,335349.0,,,0.75,False,False,False
4.689828,1170,23.0,272.0,9.522,112.608,249.0,103.086,249.0,103.086,False,1528.76,205.2,334472.4,,,0.75,False,False,False
4.6938364,1171,23.0,273.0,9.522,113.022,250.0,103.5,250.0,103.5,False,1536.0,203.72000000000003,334192.6,,,0.75,False,False,False
4.6978448,1172,23.0,273.0,9.522,113.022,250.0,103.5,250.0,103.5,False,1539.52,202.88,333827.6,,,0.75,False,False,False
4.7018532,1173,23.0,273.0,9.522,113.022,250.0,103.5,250.0,103.5,False,1538.76,198.24,333315.6,,,0.75,False,False,False
4.7058616,1174,23.0,273.0,9.522,113.022,250.0,103.5,250.0,103.5,False,1526.52,200.0,333115.80000000005,,,0.75,False,False,False
4.70987,1175,23.0,273.0,9.522,113.022,250.0,103.5,250.0,103.5,False,1515.4,205.00000000000003,332078.4,,,0.75,False,False,False
4.7138784000000005,1176,23.0,272.0,9.522,112.608,249.0,103.086,249.0,103.086,False,1518.48,201.24,330928.4,,,0.75,False,False,False
4.7178868000000005,1177,23.0,272.0,9.522,112.608,249.0,103.086,249.0,103.086,False,1529.8,205.64,330657.4,,,0.75,False,False,False
4.7218952000000005,1178,23.0,272.0,9.522,112.608,249.0,103.086,249.0,103.086,False,1507.9199999999998,206.36,330351.4,,,0.75,False,False,False
4.7259036000000005,1179,23.0,272.0,9.522,112.608,249.0,103.086,249.0,103.086,False,1502.9999999999998,208.76,329244.39999999997,,,0.75,False,False,False
4.729912000000001,1180,23.0,272.0,9.522,112.608,249.0,103.086,249.0,103.086,False,1489.12,205.4,328863.0,,,0.75,False,False,False
4.733920400000001,1181,23.0,272.0,9.522,112.608,249.0,103.086,249.0,103.086,False,1490.28,211.04,327827.4,,,0.75,False,False,False
4.737928800000001,1182,23.0,272.0,9.522,112.608,249.0,103.086,249.0,103.086,False,1497.96,211.72,326541.4,,,0.75,False,False,False
4.741937200000001,1183,23.0,272.0,9.522,112.608,249.0,103.086,249.0,103.086,False,1494.0399999999995,211.0,325558.19999999995,,,0.75,False,False,False
4.745945600000001,1184,23.0,272.0,9.522,112.608,249.0,103.086,249.0,103.086,False,1494.32,211.32,325252.0,,,0.75,False,False,False
4.749954000000001,1185,23.0,272.0,9.522,112.608,249.0,103.086,249.0,103.086,False,1503.6,218.2,324819.4,,,0.75,False,False,False
4.753962400000001,1186,23.0,272.0,9.522,112.608,249.0,103.086,249.0,103.086,False,1526.3199999999997,210.68,325255.39999999997,,,0.75,False,False,False
4.757970800000001,1187,23.0,271.0,9.522,112.194,248.0,102.672,249.0,103.086,True,1524.4,209.56,325582.0,,,0.75,False,False,False
4.761979200000001,1188,23.0,271.0,9.522,112.194,248.0,102.672,249.0,103.086,True,1531.6,212.92,325492.8,,,0.75,False,False,False
4.765987600000001,1189,22.0,271.0,9.108,112.194,249.0,103.086,249.0,103.086,False,1526.2399999999998,207.84,324997.39999999997,,,0.75,False,False,False
4.769996000000001,1190,22.0,272.0,9.108,112.608,250.0,103.5,249.0,103.086,True,1512.24,198.28,324798.8,,,0.75,False,False,False
4.774004400000001,1191,22.0,271.0,9.108,112.194,249.0,103.086,250.0,103.5,True,1511.6,203.88,324620.19999999995,,,0.75,False,False,False
4.778012800000001,1192,22.0,272.0,9.108,112.608,250.0,103.5,250.0,103.5,False,1500.0,208.96,324149.2,,,0.75,False,False,False
4.782021200000001,1193,22.0,272.0,9.108,112.608,250.0,103.5,250.0,103.5,False,1481.32,214.08,324259.80000000005,,,0.75,False,False,False
4.786029600000001,1194,22.0,272.0,9.108,112.608,250.0,103.5,250.0,103.5,False,1482.64,206.52,324767.6,,,0.75,False,False,False
4.790038000000001,1195,22.0,271.0,9.108,112.194,249.0,103.086,250.0,103.5,True,1495.32,204.72,324465.8,,,0.75,False,False,False
4.794046400000001,1196,22.0,271.0,9.108,112.194,249.0,103.086,250.0,103.5,True,1481.8,201.76,323673.19999999995,,,0.75,False,False,False
4.798054800000001,1197,22.0,272.0,9.108,112.608,250.0,103.5,250.0,103.5,False,1475.32,204.76,323314.6,,,0.75,False,False,False
4.802063200000001,1198,22.0,272.0,9.108,112.608,250.0,103.5,250.0,103.5,False,1465.84,205.68,322428.4,,,0.75,False,False,False
4.806071600000001,1199,22.0,272.0,9.108,112.608,250.0,103.5,250.0,103.5,False,1474.08,197.16,321802.6,,,0.75,False,False,False
4.810080000000001,1200,22.0,272.0,9.108,112.608,250.0,103.5,250.0,103.5,False,1468.1999999999998,202.6,321789.4,,,0.75,False,False,False
4.814088400000001,1201,22.0,272.0,9.108,112.608,250.0,103.5,250.0,103.5,False,1464.7199999999998,202.16,322774.4,,,0.75,False,False,False
4.8180968,1202,22.0,272.0,9.108,112.608,250.0,103.5,250.0,103.5,False,1457.84,201.68,324092.2,,,0.75,False,False,False
4.8221052,1203,22.0,271.0,9.108,112.194,249.0,103.086,250.0,103.5,True,1486.76,207.24,326957.4,,,0.75,False,False,False
4.8261136,1204,22.0,271.0,9.108,112.194,249.0,103.086,250.0,103.5,True,1519.08,214.24,333579.0,,,0.75,False,False,False
4.830122,1205,22.0,272.0,9.108,112.608,250.0,103.5,250.0,103.5,False,1553.28,217.0,343817.80000000005,,,0.75,False,False,False
4.8341304,1206,22.0,272.0,9.108,112.608,250.0,103.5,250.0,103.5,False,1628.8799999999997,224.28,356664.0,,,0.75,False,False,False
4.8381388,1207,22.0,272.0,9.108,112.608,250.0,103.5,250.0,103.5,False,1725.36,228.08,371499.4,,,0.75,False,False,False
4.8421472,1208,22.0,272.0,9.108,112.608,250.0,103.5,250.0,103.5,False,1818.08,230.6,387781.6,,,0.75,False,False,False
4.8461556,1209,25.0,272.0,10.35,112.608,247.0,102.258,247.0,102.258,False,1856.56,240.4,402928.8000000001,,,0.75,False,False,False
4.850164,1210,25.0,272.0,10.35,112.608,247.0,102.258,247.0,102.258,False,1908.56,233.76,418119.6,,,0.75,False,False,False
4.8541724,1211,25.0,272.0,10.35,112.608,247.0,102.258,247.0,102.258,False,1967.64,237.56,432006.1999999999,,,0.75,False,False,False
4.8581808,1212,25.0,273.0,10.35,113.022,248.0,102.672,248.0,102.672,False,2009.44,240.08,445974.4,,,0.75,False,False,False
4.8621892,1213,25.0,273.0,10.35,113.022,248.0,102.672,248.0,102.672,False,2088.12,251.08,459285.6,,,0.75,False,False,False
4.8661976000000005,1214,25.0,273.0,10.35,113.022,248.0,102.672,248.0,102.672,False,2131.72,260.52000000000004,472310.0,,,0.75,False,False,False
4.8702060000000005,1215,25.0,273.0,10.35,113.022,248.0,102.672,248.0,102.672,False,2172.28,266.76000000000005,483817.0,,,0.75,False,False,False
4.8742144000000005,1216,25.0,273.0,10.35,113.022,248.0,102.672,248.0,102.672,False,2222.36,268.96000000000004,496219.0,,,0.75,False,False,False
4.8782228000000005,1217,25.0,273.0,10.35,113.022,248.0,102.672,248.0,102.672,False,2290.48,267.76000000000005,506550.4,,,0.75,False,False,False
4.8822312000000005,1218,25.0,273.0,10.35,113.022,248.0,102.672,248.0,102.672,False,2338.3999999999996,276.24,515831.2,,,0.75,False,False,False
4.886239600000001,1219,25.0,273.0,10.35,113.022,248.0,102.672,248.0,102.672,False,2361.08,277.92,524271.4,,,0.75,False,False,False
4.890248000000001,1220,25.0,273.0,10.35,113.022,248.0,102.672,248.0,102.672,False,2408.08,273.76000000000005,533144.0,,,0.75,False,False,False
4.894256400000001,1221,25.0,273.0,10.35,113.022,248.0,102.672,248.0,102.672,False,2449.3199999999997,282.0,540813.4,,,0.75,False,False,False
4.898264800000001,1222,25.0,272.0,10.35,112.608,247.0,102.258,248.0,102.672,True,2483.16,285.92,548399.8,,,0.75,False,False,False
4.902273200000001,1223,25.0,273.0,10.35,113.022,248.0,102.672,248.0,102.672,False,2527.04,281.76,557049.0,,,0.75,False,False,False
4.906281600000001,1224,25.0,273.0,10.35,113.022,248.0,102.672,248.0,102.672,False,2555.3999999999996,273.96000000000004,565898.2,,,0.75,False,False,False
4.910290000000001,1225,25.0,273.0,10.35,113.022,248.0,102.672,248.0,102.672,False,2569.04,273.08,573128.7999999999,,,0.75,False,False,False
4.914298400000001,1226,25.0,273.0,10.35,113.022,248.0,102.672,248.0,102.672,False,2613.2000000000003,276.2,580854.3999999999,,,0.75,False,False,False
4.918306800000001,1227,25.0,273.0,10.35,113.022,248.0,102.672,248.0,102.672,False,2681.52,274.84,588632.0,,,0.75,False,False,False
4.922315200000001,1228,25.0,272.0,10.35,112.608,247.0,102.258,248.0,102.672,True,2717.9999999999995,268.12,595047.0,,,0.75,False,False,False
4.926323600000001,1229,25.0,272.0,10.35,112.608,247.0,102.258,248.0,102.672,True,2752.92,276.08000000000004,601692.0,,,0.75,False,False,False
4.930332000000001,1230,25.0,273.0,10.35,113.022,248.0,102.672,248.0,102.672,False,2759.76,269.40000000000003,608612.6000000001,,,0.75,False,False,False
4.934340400000001,1231,23.0,272.0,9.522,112.608,249.0,103.086,248.0,102.672,True,2779.44,268.84000000000003,614230.8,,,0.75,False,False,False
4.938348800000001,1232,23.0,272.0,9.522,112.608,249.0,103.086,248.0,102.672,True,2804.32,272.4,620093.0,,,0.75,False,False,False
4.942357200000001,1233,24.0,272.0,9.936,112.608,248.0,102.672,248.0,102.672,False,2826.4799999999996,269.52,625410.6000000001,,,0.75,False,False,False
4.946365600000001,1234,24.0,272.0,9.936,112.608,248.0,102.672,248.0,102.672,False,2860.52,270.76,630182.6000000001,,,0.75,False,False,False
4.950374000000001,1235,24.0,272.0,9.936,112.608,248.0,102.672,248.0,102.672,False,2885.96,276.0,635195.4,,,0.75,False,False,False
4.954382400000001,1236,24.0,272.0,9.936,112.608,248.0,102.672,248.0,102.672,False,2923.04,274.44000000000005,640231.0,,,0.75,False,False,False
4.958390800000001,1237,24.0,272.0,9.936,112.608,248.0,102.672,248.0,102.672,False,2961.0,276.76,645371.2,,,0.75,False,False,False
4.962399200000001,1238,24.0,272.0,9.936,112.608,248.0,102.672,248.0,102.672,False,2974.4,270.0,651206.0,,,0.75,False,False,False
4.966407600000001,1239,24.0,272.0,9.936,112.608,248.0,102.672,248.0,102.672,False,3011.08,266.12,655136.8,,,0.75,False,False,False
4.970416000000001,1240,24.0,272.0,9.936,112.608,248.0,102.672,248.0,102.672,False,3024.16,267.12,658934.6,,,0.75,False,False,False
4.9744244,1241,24.0,272.0,9.936,112.608,248.0,102.672,248.0,102.672,False,3018.04,261.68,662408.2,,,0.75,False,False,False
4.9784328,1242,24.0,272.0,9.936,112.608,248.0,102.672,248.0,102.672,False,3013.4399999999996,252.8,665976.8,,,0.75,False,False,False
4.9824412,1243,24.0,272.0,9.936,112.608,248.0,102.672,248.0,102.672,False,3036.8399999999997,257.2,669129.4,,,0.75,False,False,False
4.9864496,1244,25.0,272.0,10.35,112.608,247.0,102.258,247.0,102.258,False,3044.64,264.56,673223.6000000001,,,0.75,False,False,False
4.990458,1245,25.0,272.0,10.35,112.608,247.0,102.258,247.0,102.258,False,3043.7999999999997,263.4,676041.6000000001,,,0.75,False,False,False
4.9944664,1246,25.0,272.0,10.35,112.608,247.0,102.258,247.0,102.258,False,3060.12,257.92,679108.2,,,0.75,False,False,False
4.9984748,1247,25.0,271.0,10.35,112.194,246.0,101.844,246.0,101.844,False,3073.8,251.52,681395.8,,,0.75,False,False,False
5.0024832,1248,25.0,271.0,10.35,112.194,246.0,101.844,246.0,101.844,False,3078.48,254.36,683798.2,,,0.75,False,False,False
5.0064916,1249,25.0,271.0,10.35,112.194,246.0,101.844,246.0,101.844,False,3093.36,255.64,686324.9999999999,,,0.75,False,False,False
5.0105,1250,26.0,271.0,10.764,112.194,245.0,101.43,245.0,101.43,False,3103.68,256.44,689098.7999999999,,,0.75,False,False,False
5.0145084,1251,26.0,271.0,10.764,112.194,245.0,101.43,245.0,101.43,False,3126.44,260.16,691178.3999999999,,,0.75,False,False,False
5.0185168,1252,26.0,271.0,10.764,112.194,245.0,101.43,245.0,101.43,False,3153.36,251.92,693613.6,,,0.75,False,False,False
5.0225252000000005,1253,26.0,271.0,10.764,112.194,245.0,101.43,245.0,101.43,False,3141.64,253.72,694759.0,,,0.75,False,False,False
5.0265336000000005,1254,26.0,271.0,10.764,112.194,245.0,101.43,245.0,101.43,False,3150.64,249.16,696433.2,,,0.75,False,False,False
5.0305420000000005,1255,26.0,271.0,10.764,112.194,245.0,101.43,245.0,101.43,False,3140.52,248.6,696597.8,,,0.75,False,False,False
5.0345504000000005,1256,26.0,271.0,10.764,112.194,245.0,101.43,245.0,101.43,False,3164.44,248.68,697326.8,,,0.75,False,False,False
5.038558800000001,1257,26.0,271.0,10.764,112.194,245.0,101.43,245.0,101.43,False,3157.2,253.76,697985.4,,,0.75,False,False,False
5.042567200000001,1258,27.0,271.0,11.178,112.194,244.0,101.016,244.0,101.016,False,3148.28,253.68,698737.3999999999,,,0.75,False,False,False
5.046575600000001,1259,27.0,271.0,11.178,112.194,244.0,101.016,244.0,101.016,False,3163.16,259.71999999999997,699548.6,,,0.75,False,False,False
5.050584000000001,1260,27.0,271.0,11.178,112.194,244.0,101.016,244.0,101.016,False,3172.36,255.88,700731.0,,,0.75,False,False,False
5.054592400000001,1261,27.0,271.0,11.178,112.194,244.0,101.016,244.0,101.016,False,3184.08,254.72,701850.8,,,0.75,False,False,False
5.058600800000001,1262,27.0,271.0,11.178,112.194,244.0,101.016,244.0,101.016,False,3172.24,248.36,701676.0,,,0.75,False,False,False
5.062609200000001,1263,27.0,270.0,11.178,111.78,243.0,100.602,243.0,100.602,False,3197.12,248.92,702025.4,,,0.75,False,False,False
5.066617600000001,1264,27.0,270.0,11.178,111.78,243.0,100.602,243.0,100.602,False,3200.04,244.48,701636.7999999999,,,0.75,False,False,False
5.070626000000001,1265,27.0,270.0,11.178,111.78,243.0,100.602,243.0,100.602,False,3219.1600000000003,243.92,702059.2,,,0.75,False,False,False
5.074634400000001,1266,27.0,270.0,11.178,111.78,243.0,100.602,243.0,100.602,False,3218.84,241.4,702103.6,,,0.75,False,False,False
5.078642800000001,1267,28.0,270.0,11.592,111.78,242.0,100.188,242.0,100.188,False,3229.68,242.08,703006.8,,,0.75,False,False,False
5.082651200000001,1268,28.0,270.0,11.592,111.78,242.0,100.188,242.0,100.188,False,3233.0,245.08,703205.8,,,0.75,False,False,False
5.086659600000001,1269,28.0,270.0,11.592,111.78,242.0,100.188,242.0,100.188,False,3230.12,237.12,703178.6,,,0.75,False,False,False
5.090668000000001,1270,28.0,270.0,11.592,111.78,242.0,100.188,242.0,100.188,False,3221.0,244.68,702815.4,,,0.75,False,False,False
5.094676400000001,1271,28.0,270.0,11.592,111.78,242.0,100.188,242.0,100.188,False,3233.48,239.72,702055.8,,,0.75,False,False,False
5.098684800000001,1272,28.0,270.0,11.592,111.78,242.0,100.188,242.0,100.188,False,3229.56,236.08,700885.4,,,0.75,False,False,False
5.102693200000001,1273,28.0,270.0,11.592,111.78,242.0,100.188,242.0,100.188,False,3230.64,234.84,700949.4,,,0.75,False,False,False
5.106701600000001,1274,28.0,270.0,11.592,111.78,242.0,100.188,242.0,100.188,False,3237.24,235.56,700496.8,,,0.75,False,False,False
5.110710000000001,1275,28.0,270.0,11.592,111.78,242.0,100.188,242.0,100.188,False,3272.48,242.12,701276.2000000001,,,0.75,False,False,False
5.114718400000001,1276,28.0,270.0,11.592,111.78,242.0,100.188,242.0,100.188,False,3247.08,242.04,701955.8,,,0.75,False,False,False
5.118726800000001,1277,28.0,270.0,11.592,111.78,242.0,100.188,242.0,100.188,False,3268.56,240.16000000000005,702773.0,,,0.75,False,False,False
5.122735200000001,1278,28.0,270.0,11.592,111.78,242.0,100.188,242.0,100.188,False,3282.36,231.16,702790.6000000001,,,0.75,False,False,False
5.126743600000001,1279,28.0,270.0,11.592,111.78,242.0,100.188,242.0,100.188,False,3280.4,234.72,702022.7999999999,,,0.75,False,False,False
5.130752000000001,1280,28.0,270.0,11.592,111.78,242.0,100.188,242.0,100.188,False,3256.12,231.72,701357.8,,,0.75,False,False,False
5.1347604,1281,28.0,270.0,11.592,111.78,242.0,100.188,242.0,100.188,False,3266.4799999999996,232.64,700913.6000000001,,,0.75,False,False,False
5.1387688,1282,28.0,270.0,11.592,111.78,242.0,100.188,242.0,100.188,False,3258.92,232.4,700240.8,,,0.75,False,False,False
5.1427772,1283,29.0,270.0,12.006,111.78,241.0,99.774,241.0,99.774,False,3229.48,226.16,699603.3999999999,,,0.75,False,False,False
5.1467856,1284,29.0,269.0,12.006,111.366,240.0,99.36,240.0,99.36,False,3260.68,234.8,699245.3999999999,,,0.75,False,False,False
5.150794,1285,29.0,269.0,12.006,111.366,240.0,99.36,240.0,99.36,False,3251.12,232.96,697726.6,,,0.75,False,False,False
5.1548024,1286,29.0,269.0,12.006,111.366,240.0,99.36,240.0,99.36,False,3267.72,231.28,696126.0,,,0.75,False,False,False
5.1588108,1287,29.0,269.0,12.006,111.366,240.0,99.36,240.0,99.36,False,3254.2,235.68,694661.6,,,0.75,False,False,False
5.1628192,1288,29.0,269.0,12.006,111.366,240.0,99.36,240.0,99.36,False,3241.52,235.48,693908.8,,,0.75,False,False,False
5.1668276,1289,29.0,269.0,12.006,111.366,240.0,99.36,240.0,99.36,False,3264.3599999999997,230.28,693426.0,,,0.75,False,False,False
5.170836,1290,29.0,269.0,12.006,111.366,240.0,99.36,240.0,99.36,False,3227.88,225.0,693344.4,,,0.75,False,False,False
5.1748444000000005,1291,29.0,269.0,12.006,111.366,240.0,99.36,240.0,99.36,False,3239.3999999999996,226.08,693004.8,,,0.75,False,False,False
5.1788528000000005,1292,29.0,269.0,12.006,111.366,240.0,99.36,240.0,99.36,False,3250.2799999999997,223.92,691891.2000000001,,,0.75,False,False,False
5.1828612000000005,1293,29.0,269.0,12.006,111.366,240.0,99.36,240.0,99.36,False,3263.0,223.88,690816.2,,,0.75,False,False,False
5.1868696000000005,1294,30.0,269.0,12.42,111.366,239.0,98.946,239.0,98.946,False,3242.0,226.92,689353.0,,,0.75,False,False,False
5.1908780000000005,1295,30.0,269.0,12.42,111.366,239.0,98.946,239.0,98.946,False,3216.48,227.2,687572.9999999999,,,0.75,False,False,False
5.194886400000001,1296,30.0,269.0,12.42,111.366,239.0,98.946,239.0,98.946,False,3240.48,223.8,686570.2,,,0.75,False,False,False
5.198894800000001,1297,30.0,269.0,12.42,111.366,239.0,98.946,239.0,98.946,False,3236.9999999999995,222.2,685990.6,,,0.75,False,False,False
5.202903200000001,1298,30.0,269.0,12.42,111.366,239.0,98.946,239.0,98.946,False,3234.72,215.76,683982.2,,,0.75,False,False,False
5.206911600000001,1299,30.0,269.0,12.42,111.366,239.0,98.946,239.0,98.946,False,3232.2799999999997,213.64,682269.4,,,0.75,False,False,False
5.210920000000001,1300,30.0,269.0,12.42,111.366,239.0,98.946,239.0,98.946,False,3243.56,217.4,680926.3999999999,,,0.75,False,False,False
5.214928400000001,1301,30.0,269.0,12.42,111.366,239.0,98.946,239.0,98.946,False,3201.52,216.52,679045.2,,,0.75,False,False,False
5.218936800000001,1302,30.0,269.0,12.42,111.366,239.0,98.946,239.0,98.946,False,3208.48,216.72,677471.3999999999,,,0.75,False,False,False
5.222945200000001,1303,31.0,269.0,12.834,111.366,238.0,98.532,238.0,98.532,False,3182.8399999999997,216.48,676023.4,,,0.75,False,False,False
5.226953600000001,1304,31.0,269.0,12.834,111.366,238.0,98.532,238.0,98.532,False,3165.64,216.6,675604.2,,,0.75,False,False,False
5.230962000000001,1305,31.0,269.0,12.834,111.366,238.0,98.532,238.0,98.532,False,3188.3599999999997,214.96,674146.8,,,0.75,False,False,False
5.234970400000001,1306,31.0,269.0,12.834,111.366,238.0,98.532,238.0,98.532,False,3157.36,215.72,672182.0,,,0.75,False,False,False
5.238978800000001,1307,31.0,269.0,12.834,111.366,238.0,98.532,238.0,98.532,False,3164.6,211.08,670300.2,,,0.75,False,False,False
5.242987200000001,1308,31.0,269.0,12.834,111.366,238.0,98.532,238.0,98.532,False,3171.08,211.32,668327.0,,,0.75,False,False,False
5.246995600000001,1309,31.0,269.0,12.834,111.366,238.0,98.532,238.0,98.532,False,3151.16,210.8,666284.0,,,0.75,False,False,False
5.251004000000001,1310,31.0,269.0,12.834,111.366,238.0,98.532,238.0,98.532,False,3158.76,209.4,664533.0,,,0.75,False,False,False
5.255012400000001,1311,32.0,269.0,13.248,111.366,237.0,98.118,237.0,98.118,False,3128.72,208.0,663554.8,,,0.75,False,False,False
5.259020800000001,1312,32.0,269.0,13.248,111.366,237.0,98.118,237.0,98.118,False,3133.0,211.16,661800.2000000001,,,0.75,False,False,False
5.263029200000001,1313,32.0,268.0,13.248,110.952,236.0,97.704,237.0,98.118,True,3146.44,211.16,661340.4,,,0.75,False,False,False
5.267037600000001,1314,32.0,269.0,13.248,111.366,237.0,98.118,237.0,98.118,False,3138.96,212.92,659645.3999999999,,,0.75,False,False,False
5.271046000000001,1315,32.0,269.0,13.248,111.366,237.0,98.118,237.0,98.118,False,3119.0,210.48,657490.3999999999,,,0.75,False,False,False
5.275054400000001,1316,32.0,269.0,13.248,111.366,237.0,98.118,237.0,98.118,False,3124.2799999999997,209.16,655740.6,,,0.75,False,False,False
5.279062800000001,1317,32.0,268.0,13.248,110.952,236.0,97.704,236.0,97.704,False,3111.16,208.4,653957.7999999999,,,0.75,False,False,False
5.283071200000001,1318,32.0,268.0,13.248,110.952,236.0,97.704,236.0,97.704,False,3124.12,205.44,651251.2,,,0.75,False,False,False
5.287079600000001,1319,32.0,268.0,13.248,110.952,236.0,97.704,236.0,97.704,False,3089.44,207.08,648590.2,,,0.75,False,False,False
5.291088,1320,33.0,268.0,13.662,110.952,235.0,97.29,235.0,97.29,False,3089.56,204.56,647421.6,,,0.75,False,False,False
5.2950964,1321,33.0,268.0,13.662,110.952,235.0,97.29,235.0,97.29,False,3086.04,205.24,646106.3999999999,,,0.75,False,False,False
5.2991048,1322,33.0,268.0,13.662,110.952,235.0,97.29,235.0,97.29,False,3083.3999999999996,203.44,645064.6,,,0.75,False,False,False
5.3031132,1323,33.0,268.0,13.662,110.952,235.0,97.29,235.0,97.29,False,3082.76,203.76,643333.6000000001,,,0.75,False,False,False
5.3071216,1324,33.0,268.0,13.662,110.952,235.0,97.29,235.0,97.29,False,3077.64,205.48,641922.4,,,0.75,False,False,False
5.31113,1325,33.0,268.0,13.662,110.952,235.0,97.29,235.0,97.29,False,3081.12,206.88,639993.8,,,0.75,False,False,False
5.3151384,1326,33.0,268.0,13.662,110.952,235.0,97.29,235.0,97.29,False,3082.56,204.44,637221.0,,,0.75,False,False,False
5.3191468,1327,33.0,268.0,13.662,110.952,235.0,97.29,235.0,97.29,False,3052.3199999999997,203.88,634901.2000000001,,,0.75,False,False,False
5.3231552,1328,33.0,268.0,13.662,110.952,235.0,97.29,235.0,97.29,False,3038.64,207.32,633361.0,,,0.75,False,False,False
5.3271636,1329,33.0,268.0,13.662,110.952,235.0,97.29,235.0,97.29,False,3022.08,207.52,631926.0,,,0.75,False,False,False
5.3311720000000005,1330,33.0,268.0,13.662,110.952,235.0,97.29,235.0,97.29,False,3034.4399999999996,205.56,630815.8,,,0.75,False,False,False
5.3351804000000005,1331,33.0,268.0,13.662,110.952,235.0,97.29,235.0,97.29,False,3008.36,205.64,628871.3999999999,,,0.75,False,False,False
5.3391888000000005,1332,34.0,268.0,14.076,110.952,234.0,96.876,234.0,96.876,False,3008.36,202.52,626925.8,,,0.75,False,False,False
5.3431972000000005,1333,34.0,268.0,14.076,110.952,234.0,96.876,234.0,96.876,False,2997.3999999999996,194.72,625012.3999999999,,,0.75,False,False,False
5.347205600000001,1334,34.0,268.0,14.076,110.952,234.0,96.876,234.0,96.876,False,3001.2,197.24,623685.0,,,0.75,False,False,False
5.351214000000001,1335,34.0,268.0,14.076,110.952,234.0,96.876,234.0,96.876,False,2991.92,196.08,621189.6000000001,,,0.75,False,False,False
5.355222400000001,1336,34.0,268.0,14.076,110.952,234.0,96.876,234.0,96.876,False,2980.64,195.72,619158.6,,,0.75,False,False,False
5.359230800000001,1337,34.0,268.0,14.076,110.952,234.0,96.876,234.0,96.876,False,2989.64,198.04,616796.6,,,0.75,False,False,False
5.363239200000001,1338,34.0,268.0,14.076,110.952,234.0,96.876,234.0,96.876,False,2997.7999999999997,199.72,614635.6,,,0.75,False,False,False
5.367247600000001,1339,34.0,268.0,14.076,110.952,234.0,96.876,234.0,96.876,False,2950.0,198.2,612340.6000000001,,,0.75,False,False,False
5.371256000000001,1340,34.0,268.0,14.076,110.952,234.0,96.876,234.0,96.876,False,2959.2799999999997,198.64,610454.6000000001,,,0.75,False,False,False
5.375264400000001,1341,34.0,268.0,14.076,110.952,234.0,96.876,234.0,96.876,False,2953.4799999999996,196.88,609093.8,,,0.75,False,False,False
5.379272800000001,1342,34.0,268.0,14.076,110.952,234.0,96.876,234.0,96.876,False,2944.8,198.96,607089.6,,,0.75,False,False,False
5.383281200000001,1343,34.0,268.0,14.076,110.952,234.0,96.876,234.0,96.876,False,2940.88,193.52,605425.2,,,0.75,False,False,False
5.387289600000001,1344,34.0,268.0,14.076,110.952,234.0,96.876,234.0,96.876,False,2933.2,196.28,603384.8,,,0.75,False,False,False
5.391298000000001,1345,34.0,268.0,14.076,110.952,234.0,96.876,234.0,96.876,False,2941.52,196.92,601275.3999999999,,,0.75,False,False,False
5.395306400000001,1346,34.0,268.0,14.076,110.952,234.0,96.876,234.0,96.876,False,2924.8399999999997,197.72,598891.0,,,0.75,False,False,False
5.399314800000001,1347,34.0,268.0,14.076,110.952,234.0,96.876,234.0,96.876,False,2926.1200000000003,196.08,597386.6000000001,,,0.75,False,False,False
5.403323200000001,1348,34.0,268.0,14.076,110.952,234.0,96.876,234.0,96.876,False,2896.04,196.52,594607.3999999999,,,0.75,False,False,False
5.407331600000001,1349,34.0,268.0,14.076,110.952,234.0,96.876,234.0,96.876,False,2875.0,195.32,591770.4,,,0.75,False,False,False
5.411340000000001,1350,34.0,268.0,14.076,110.952,234.0,96.876,234.0,96.876,False,2869.96,194.72000000000003,588826.0,,,0.75,False,False,False
5.415348400000001,1351,35.0,268.0,14.489999999999998,110.952,233.0,96.462,233.0,96.462,False,2859.32,195.04,586281.2,,,0.75,False,False,False
5.419356800000001,1352,35.0,268.0,14.489999999999998,110.952,233.0,96.462,233.0,96.462,False,2837.04,193.8,583151.4,,,0.75,False,False,False
5.423365200000001,1353,35.0,268.0,14.489999999999998,110.952,233.0,96.462,233.0,96.462,False,2821.76,190.76,581318.7999999999,,,0.75,False,False,False
5.427373600000001,1354,35.0,268.0,14.489999999999998,110.952,233.0,96.462,233.0,96.462,False,2827.96,191.08,579188.3999999999,,,0.75,False,False,False
5.431382000000001,1355,35.0,268.0,14.489999999999998,110.952,233.0,96.462,233.0,96.462,False,2815.68,183.16,577251.8,,,0.75,False,False,False
5.435390400000001,1356,35.0,268.0,14.489999999999998,110.952,233.0,96.462,233.0,96.462,False,2809.28,183.32,574559.6,,,0.75,False,False,False
5.439398800000001,1357,35.0,268.0,14.489999999999998,110.952,233.0,96.462,233.0,96.462,False,2789.4,185.12,572984.6,,,0.75,False,False,False
5.443407200000001,1358,35.0,268.0,14.489999999999998,110.952,233.0,96.462,233.0,96.462,False,2770.16,181.72,570140.4,,,0.75,False,False,False
5.4474156,1359,35.0,268.0,14.489999999999998,110.952,233.0,96.462,233.0,96.462,False,2760.04,180.0,568182.3999999999,,,0.75,False,False,False
5.451424,1360,35.0,268.0,14.489999999999998,110.952,233.0,96.462,233.0,96.462,False,2749.4,184.56,566278.8,,,0.75,False,False,False
5.4554324,1361,35.0,268.0,14.489999999999998,110.952,233.0,96.462,233.0,96.462,False,2745.44,181.16,565060.0,,,0.75,False,False,False
5.4594408,1362,35.0,268.0,14.489999999999998,110.952,233.0,96.462,233.0,96.462,False,2732.2799999999997,181.36,562132.0,,,0.75,False,False,False
5.4634492,1363,35.0,268.0,14.489999999999998,110.952,233.0,96.462,233.0,96.462,False,2712.24,182.36,560849.2,,,0.75,False,False,False
5.4674576,1364,35.0,268.0,14.489999999999998,110.952,233.0,96.462,233.0,96.462,False,2706.64,184.36,558520.8,,,0.75,False,False,False
5.471466,1365,35.0,268.0,14.489999999999998,110.952,233.0,96.462,233.0,96.462,False,2717.76,187.36,556036.0,,,0.75,False,False,False
5.4754744,1366,35.0,268.0,14.489999999999998,110.952,233.0,96.462,233.0,96.462,False,2719.84,186.88,553813.4,,,0.75,False,False,False
5.4794828,1367,35.0,268.0,14.489999999999998,110.952,233.0,96.462,233.0,96.462,False,2692.56,188.92,552956.2,,,0.75,False,False,False
5.4834912000000005,1368,35.0,268.0,14.489999999999998,110.952,233.0,96.462,233.0,96.462,False,2685.4,189.52,550041.2000000001,,,0.75,False,False,False
5.4874996000000005,1369,35.0,268.0,14.489999999999998,110.952,233.0,96.462,233.0,96.462,False,2673.36,186.36,547924.4,,,0.75,False,False,False
5.4915080000000005,1370,35.0,268.0,14.489999999999998,110.952,233.0,96.462,233.0,96.462,False,2652.72,182.0,546324.6,,,0.75,False,False,False
5.4955164000000005,1371,35.0,268.0,14.489999999999998,110.952,233.0,96.462,233.0,96.462,False,2637.9199999999996,181.32,544761.6,,,0.75,False,False,False
5.4995248000000005,1372,35.0,268.0,14.489999999999998,110.952,233.0,96.462,233.0,96.462,False,2629.56,181.36,541210.2,,,0.75,False,False,False
5.503533200000001,1373,35.0,268.0,14.489999999999998,110.952,233.0,96.462,233.0,96.462,False,2611.1200000000003,183.72,539486.6,,,0.75,False,False,False
5.507541600000001,1374,35.0,268.0,14.489999999999998,110.952,233.0,96.462,233.0,96.462,False,2601.44,184.92,536968.2,,,0.75,False,False,False
5.511550000000001,1375,35.0,268.0,14.489999999999998,110.952,233.0,96.462,233.0,96.462,False,2601.2,180.08,534225.0,,,0.75,False,False,False
5.515558400000001,1376,35.0,268.0,14.489999999999998,110.952,233.0,96.462,233.0,96.462,False,2582.56,179.72000000000003,530766.8,,,0.75,False,False,False
5.519566800000001,1377,35.0,268.0,14.489999999999998,110.952,233.0,96.462,233.0,96.462,False,2571.96,178.6,528855.0,,,0.75,False,False,False
5.523575200000001,1378,35.0,268.0,14.489999999999998,110.952,233.0,96.462,233.0,96.462,False,2559.08,179.24,526169.8,,,0.75,False,False,False
5.527583600000001,1379,35.0,268.0,14.489999999999998,110.952,233.0,96.462,233.0,96.462,False,2556.16,175.79999999999998,524386.8,,,0.75,False,False,False
5.531592000000001,1380,35.0,268.0,14.489999999999998,110.952,233.0,96.462,233.0,96.462,False,2547.04,179.4,521878.79999999993,,,0.75,False,False,False
5.535600400000001,1381,35.0,268.0,14.489999999999998,110.952,233.0,96.462,233.0,96.462,False,2549.44,181.4,520049.1999999999,,,0.75,False,False,False
5.539608800000001,1382,35.0,268.0,14.489999999999998,110.952,233.0,96.462,233.0,96.462,False,2532.6,176.28,518039.6,,,0.75,False,False,False
5.543617200000001,1383,35.0,268.0,14.489999999999998,110.952,233.0,96.462,233.0,96.462,False,2505.64,177.16,515707.4,,,0.75,False,False,False
5.547625600000001,1384,35.0,268.0,14.489999999999998,110.952,233.0,96.462,233.0,96.462,False,2506.56,175.84,513427.6,,,0.75,False,False,False
5.551634000000001,1385,35.0,268.0,14.489999999999998,110.952,233.0,96.462,233.0,96.462,False,2493.2799999999997,172.96,511409.4,,,0.75,False,False,False
5.555642400000001,1386,35.0,268.0,14.489999999999998,110.952,233.0,96.462,233.0,96.462,False,2493.8,172.8,508903.2,,,0.75,False,False,False
5.559650800000001,1387,35.0,268.0,14.489999999999998,110.952,233.0,96.462,233.0,96.462,False,2477.7999999999997,170.6,507054.0,,,0.75,False,False,False
5.563659200000001,1388,35.0,268.0,14.489999999999998,110.952,233.0,96.462,233.0,96.462,False,2447.6000000000004,170.07999999999998,503923.1999999999,,,0.75,False,False,False
5.567667600000001,1389,35.0,268.0,14.489999999999998,110.952,233.0,96.462,233.0,96.462,False,2441.76,169.36,501008.00000000006,,,0.75,False,False,False
5.571676000000001,1390,35.0,268.0,14.489999999999998,110.952,233.0,96.462,233.0,96.462,False,2442.0,171.04,498373.4,,,0.75,False,False,False
5.575684400000001,1391,35.0,268.0,14.489999999999998,110.952,233.0,96.462,233.0,96.462,False,2430.48,167.4,495795.79999999993,,,0.75,False,False,False
5.579692800000001,1392,35.0,268.0,14.489999999999998,110.952,233.0,96.462,233.0,96.462,False,2413.96,169.4,493027.0,,,0.75,False,False,False
5.583701200000001,1393,35.0,268.0,14.489999999999998,110.952,233.0,96.462,233.0,96.462,False,2395.2,171.48000000000002,491919.4,,,0.75,False,False,False
5.587709600000001,1394,35.0,268.0,14.489999999999998,110.952,233.0,96.462,233.0,96.462,False,2392.08,170.24,490015.2,,,0.75,False,False,False
5.591718000000001,1395,35.0,268.0,14.489999999999998,110.952,233.0,96.462,233.0,96.462,False,2380.08,172.07999999999998,487877.0,,,0.75,False,False,False
5.595726400000001,1396,35.0,268.0,14.489999999999998,110.952,233.0,96.462,233.0,96.462,False,2355.64,172.68,485589.6,,,0.75,False,False,False
5.599734800000001,1397,35.0,268.0,14.489999999999998,110.952,233.0,96.462,233.0,96.462,False,2343.24,172.00000000000003,483509.4,,,0.75,False,False,False
5.603743200000001,1398,35.0,268.0,14.489999999999998,110.952,233.0,96.462,233.0,96.462,False,2332.76,176.88,481420.6,,,0.75,False,False,False
5.6077516,1399,35.0,268.0,14.489999999999998,110.952,233.0,96.462,233.0,96.462,False,2318.7200000000003,174.88,479274.0,,,0.75,False,False,False
5.61176,1400,35.0,268.0,14.489999999999998,110.952,233.0,96.462,233.0,96.462,False,2313.36,174.36,476932.6,,,0.75,False,False,False
5.6157684,1401,35.0,268.0,14.489999999999998,110.952,233.0,96.462,233.0,96.462,False,2303.9199999999996,176.72,474830.0,,,0.75,False,False,False
5.6197768,1402,35.0,268.0,14.489999999999998,110.952,233.0,96.462,233.0,96.462,False,2282.8399999999997,177.76,473090.1999999999,,,0.75,False,False,False
5.6237852,1403,35.0,268.0,14.489999999999998,110.952,233.0,96.462,233.0,96.462,False,2263.9999999999995,176.68,471321.8000000001,,,0.75,False,False,False
5.6277936,1404,35.0,268.0,14.489999999999998,110.952,233.0,96.462,233.0,96.462,False,2252.64,177.48000000000002,469070.6,,,0.75,False,False,False
5.631802,1405,35.0,268.0,14.489999999999998,110.952,233.0,96.462,233.0,96.462,False,2235.12,174.84,466559.4,,,0.75,False,False,False
5.6358104,1406,35.0,268.0,14.489999999999998,110.952,233.0,96.462,233.0,96.462,False,2245.4399999999996,171.76,464938.8000000001,,,0.75,False,False,False
5.6398188000000005,1407,35.0,268.0,14.489999999999998,110.952,233.0,96.462,233.0,96.462,False,2244.68,175.48,462467.8,,,0.75,False,False,False
5.6438272000000005,1408,35.0,268.0,14.489999999999998,110.952,233.0,96.462,233.0,96.462,False,2234.6,171.24,460072.2,,,0.75,False,False,False
5.6478356000000005,1409,35.0,268.0,14.489999999999998,110.952,233.0,96.462,233.0,96.462,False,2223.9199999999996,169.32,458638.0,,,0.75,False,False,False
5.6518440000000005,1410,35.0,268.0,14.489999999999998,110.952,233.0,96.462,233.0,96.462,False,2222.44,171.64,458331.8,,,0.75,False,False,False
5.655852400000001,1411,35.0,268.0,14.489999999999998,110.952,233.0,96.462,233.0,96.462,False,2193.52,172.48,456241.6,,,0.75,False,False,False
5.659860800000001,1412,35.0,269.0,14.489999999999998,111.366,234.0,96.876,233.0,96.462,True,2192.04,174.64,454100.6,,,0.75,False,False,False
5.663869200000001,1413,35.0,268.0,14.489999999999998,110.952,233.0,96.462,234.0,96.876,True,2187.32,175.72,452298.4,,,0.75,False,False,False
5.667877600000001,1414,35.0,269.0,14.489999999999998,111.366,234.0,96.876,234.0,96.876,False,2158.8,177.36,449981.6,,,0.75,False,False,False
5.671886000000001,1415,35.0,269.0,14.489999999999998,111.366,234.0,96.876,233.0,96.462,True,2137.6,175.76,447025.6,,,0.75,False,False,False
5.675894400000001,1416,35.0,268.0,14.489999999999998,110.952,233.0,96.462,233.0,96.462,False,2135.7999999999997,173.56,445669.79999999993,,,0.75,False,False,False
5.679902800000001,1417,35.0,268.0,14.489999999999998,110.952,233.0,96.462,233.0,96.462,False,2125.6,170.92000000000002,444203.6,,,0.75,False,False,False
5.683911200000001,1418,35.0,268.0,14.489999999999998,110.952,233.0,96.462,233.0,96.462,False,2120.28,170.96,443079.1999999999,,,0.75,False,False,False
5.687919600000001,1419,35.0,268.0,14.489999999999998,110.952,233.0,96.462,233.0,96.462,False,2123.48,170.72000000000003,441818.1999999999,,,0.75,False,False,False
5.691928000000001,1420,35.0,268.0,14.489999999999998,110.952,233.0,96.462,233.0,96.462,False,2117.36,169.96,440685.4,,,0.75,False,False,False
5.695936400000001,1421,35.0,269.0,14.489999999999998,111.366,234.0,96.876,234.0,96.876,False,2095.04,171.76000000000002,438787.8000000001,,,0.75,False,False,False
5.699944800000001,1422,35.0,269.0,14.489999999999998,111.366,234.0,96.876,234.0,96.876,False,2091.6800000000003,174.28,437326.1999999999,,,0.75,False,False,False
5.703953200000001,1423,35.0,269.0,14.489999999999998,111.366,234.0,96.876,234.0,96.876,False,2078.08,173.28,434308.4,,,0.75,False,False,False
5.707961600000001,1424,35.0,269.0,14.489999999999998,111.366,234.0,96.876,234.0,96.876,False,2076.08,173.56,432249.6,,,0.75,False,False,False
5.711970000000001,1425,35.0,269.0,14.489999999999998,111.366,234.0,96.876,234.0,96.876,False,2059.16,171.04,431191.8000000001,,,0.75,False,False,False
5.715978400000001,1426,35.0,269.0,14.489999999999998,111.366,234.0,96.876,234.0,96.876,False,2056.4,174.32,430030.4,,,0.75,False,False,False
5.719986800000001,1427,35.0,269.0,14.489999999999998,111.366,234.0,96.876,234.0,96.876,False,2051.84,173.48,428510.2,,,0.75,False,False,False
5.723995200000001,1428,35.0,269.0,14.489999999999998,111.366,234.0,96.876,234.0,96.876,False,2050.8399999999997,177.68,427777.99999999994,,,0.75,False,False,False
5.728003600000001,1429,35.0,269.0,14.489999999999998,111.366,234.0,96.876,234.0,96.876,False,2055.04,177.8,427103.0,,,0.75,False,False,False
5.732012000000001,1430,35.0,269.0,14.489999999999998,111.366,234.0,96.876,234.0,96.876,False,2041.52,177.44,424909.8000000001,,,0.75,False,False,False
5.736020400000001,1431,35.0,269.0,14.489999999999998,111.366,234.0,96.876,234.0,96.876,False,2030.28,175.84,423224.4,,,0.75,False,False,False
5.740028800000001,1432,35.0,268.0,14.489999999999998,110.952,233.0,96.462,233.0,96.462,False,2015.16,173.08,421589.4,,,0.75,False,False,False
5.744037200000001,1433,35.0,268.0,14.489999999999998,110.952,233.0,96.462,233.0,96.462,False,2024.16,174.72000000000003,420853.0,,,0.75,False,False,False
5.748045600000001,1434,35.0,268.0,14.489999999999998,110.952,233.0,96.462,233.0,96.462,False,1995.2799999999995,173.36,419007.20000000007,,,0.75,False,False,False
5.752054000000001,1435,35.0,269.0,14.489999999999998,111.366,234.0,96.876,234.0,96.876,False,1988.52,173.64,418225.8000000001,,,0.75,False,False,False
5.756062400000001,1436,35.0,269.0,14.489999999999998,111.366,234.0,96.876,234.0,96.876,False,1987.72,174.32,417127.6,,,0.75,False,False,False
5.760070800000001,1437,35.0,270.0,14.489999999999998,111.78,235.0,97.29,235.0,97.29,False,1980.0399999999995,168.04,415865.4,,,0.75,False,False,False
5.7640792,1438,35.0,270.0,14.489999999999998,111.78,235.0,97.29,235.0,97.29,False,1962.28,168.32,413462.0,,,0.75,False,False,False
5.7680876,1439,34.0,270.0,14.076,111.78,236.0,97.704,235.0,97.29,True,1960.32,169.32,412426.4,,,0.75,False,False,False
5.772096,1440,34.0,269.0,14.076,111.366,235.0,97.29,236.0,97.704,True,1955.68,173.56,411171.8000000001,,,0.75,False,False,False
5.7761044,1441,34.0,270.0,14.076,111.78,236.0,97.704,236.0,97.704,False,1937.36,175.36,409785.8000000001,,,0.75,False,False,False
5.7801128,1442,34.0,270.0,14.076,111.78,236.0,97.704,236.0,97.704,False,1944.0,178.92000000000002,409229.8,,,0.75,False,False,False
5.7841212,1443,34.0,270.0,14.076,111.78,236.0,97.704,236.0,97.704,False,1939.48,176.0,408385.2,,,0.75,False,False,False
5.7881296,1444,34.0,270.0,14.076,111.78,236.0,97.704,236.0,97.704,False,1932.64,177.0,406983.4,,,0.75,False,False,False
5.7921380000000005,1445,34.0,270.0,14.076,111.78,236.0,97.704,236.0,97.704,False,1909.12,182.24,404856.0,,,0.75,False,False,False
5.7961464000000005,1446,34.0,270.0,14.076,111.78,236.0,97.704,236.0,97.704,False,1893.72,180.96,403665.4,,,0.75,False,False,False
5.8001548000000005,1447,34.0,270.0,14.076,111.78,236.0,97.704,236.0,97.704,False,1871.28,178.79999999999998,402272.0,,,0.75,False,False,False
5.8041632000000005,1448,34.0,270.0,14.076,111.78,236.0,97.704,236.0,97.704,False,1866.68,176.32000000000002,401644.2,,,0.75,False,False,False
5.8081716000000005,1449,34.0,270.0,14.076,111.78,236.0,97.704,236.0,97.704,False,1864.64,177.36,401118.4,,,0.75,False,False,False
5.812180000000001,1450,33.0,270.0,13.662,111.78,237.0,98.118,237.0,98.118,False,1872.32,177.04,401497.0,,,0.75,False,False,False
5.816188400000001,1451,33.0,270.0,13.662,111.78,237.0,98.118,237.0,98.118,False,1867.2,177.76,401072.8,,,0.75,False,False,False
5.820196800000001,1452,33.0,270.0,13.662,111.78,237.0,98.118,237.0,98.118,False,1872.88,174.76,399812.2,,,0.75,False,False,False
5.824205200000001,1453,33.0,270.0,13.662,111.78,237.0,98.118,237.0,98.118,False,1855.84,176.28,398025.0,,,0.75,False,False,False
5.828213600000001,1454,33.0,270.0,13.662,111.78,237.0,98.118,237.0,98.118,False,1843.3199999999997,172.04,396525.8,,,0.75,False,False,False
5.832222000000001,1455,33.0,270.0,13.662,111.78,237.0,98.118,237.0,98.118,False,1838.88,175.92000000000002,395322.1999999999,,,0.75,False,False,False
5.836230400000001,1456,33.0,270.0,13.662,111.78,237.0,98.118,237.0,98.118,False,1825.24,174.96,394345.0,,,0.75,False,False,False
5.840238800000001,1457,33.0,270.0,13.662,111.78,237.0,98.118,237.0,98.118,False,1826.24,178.32,393994.8,,,0.75,False,False,False
5.844247200000001,1458,33.0,270.0,13.662,111.78,237.0,98.118,237.0,98.118,False,1828.04,174.12,393704.8,,,0.75,False,False,False
5.848255600000001,1459,33.0,271.0,13.662,112.194,238.0,98.532,238.0,98.532,False,1820.68,178.32000000000002,392600.8,,,0.75,False,False,False
5.852264000000001,1460,33.0,271.0,13.662,112.194,238.0,98.532,238.0,98.532,False,1825.48,177.24,391763.0,,,0.75,False,False,False
5.856272400000001,1461,33.0,271.0,13.662,112.194,238.0,98.532,238.0,98.532,False,1813.2,179.12,390021.1999999999,,,0.75,False,False,False
5.860280800000001,1462,32.0,271.0,13.248,112.194,239.0,98.946,239.0,98.946,False,1803.68,179.12,387728.8,,,0.75,False,False,False
5.864289200000001,1463,32.0,271.0,13.248,112.194,239.0,98.946,239.0,98.946,False,1794.9199999999998,179.28,386474.4,,,0.75,False,False,False
5.868297600000001,1464,32.0,271.0,13.248,112.194,239.0,98.946,239.0,98.946,False,1769.28,175.28,384159.6,,,0.75,False,False,False
5.872306000000001,1465,32.0,271.0,13.248,112.194,239.0,98.946,239.0,98.946,False,1758.52,177.32,381335.2,,,0.75,False,False,False
5.876314400000001,1466,32.0,271.0,13.248,112.194,239.0,98.946,239.0,98.946,False,1759.6,179.20000000000002,379963.6,,,0.75,False,False,False
5.880322800000001,1467,32.0,271.0,13.248,112.194,239.0,98.946,239.0,98.946,False,1745.6799999999998,179.72,379041.79999999993,,,0.75,False,False,False
5.884331200000001,1468,32.0,271.0,13.248,112.194,239.0,98.946,239.0,98.946,False,1750.4399999999998,179.32,377736.6,,,0.75,False,False,False
5.888339600000001,1469,32.0,271.0,13.248,112.194,239.0,98.946,239.0,98.946,False,1770.0,180.36,377896.2,,,0.75,False,False,False
5.892348000000001,1470,32.0,271.0,13.248,112.194,239.0,98.946,239.0,98.946,False,1761.32,179.36,377012.79999999993,,,0.75,False,False,False
5.896356400000001,1471,32.0,271.0,13.248,112.194,239.0,98.946,239.0,98.946,False,1744.6799999999998,178.68,376155.0,,,0.75,False,False,False
5.900364800000001,1472,32.0,271.0,13.248,112.194,239.0,98.946,239.0,98.946,False,1756.12,180.08,374871.4,,,0.75,False,False,False
5.904373200000001,1473,32.0,271.0,13.248,112.194,239.0,98.946,239.0,98.946,False,1764.12,179.8,373528.6,,,0.75,False,False,False
5.908381600000001,1474,32.0,271.0,13.248,112.194,239.0,98.946,239.0,98.946,False,1758.96,185.52,371810.4,,,0.75,False,False,False
5.912390000000001,1475,32.0,271.0,13.248,112.194,239.0,98.946,239.0,98.946,False,1761.9199999999998,181.4,370913.0,,,0.75,False,False,False
5.916398400000001,1476,32.0,271.0,13.248,112.194,239.0,98.946,239.0,98.946,False,1756.4,184.44,369500.0,,,0.75,False,False,False
5.9204068,1477,32.0,271.0,13.248,112.194,239.0,98.946,239.0,98.946,False,1738.9199999999998,181.52,368324.4,,,0.75,False,False,False
5.9244152,1478,32.0,271.0,13.248,112.194,239.0,98.946,239.0,98.946,False,1725.68,181.72,367009.2,,,0.75,False,False,False
5.9284236,1479,32.0,271.0,13.248,112.194,239.0,98.946,239.0,98.946,False,1723.8399999999997,182.0,365437.8000000001,,,0.75,False,False,False
5.932432,1480,32.0,271.0,13.248,112.194,239.0,98.946,239.0,98.946,False,1732.48,178.48,364290.4,,,0.75,False,False,False
5.9364404,1481,32.0,271.0,13.248,112.194,239.0,98.946,239.0,98.946,False,1703.8,182.88,363306.8,,,0.75,False,False,False
5.9404488,1482,32.0,271.0,13.248,112.194,239.0,98.946,239.0,98.946,False,1702.28,183.48,362505.0,,,0.75,False,False,False
5.9444572,1483,32.0,271.0,13.248,112.194,239.0,98.946,239.0,98.946,False,1705.96,184.96,361182.8000000001,,,0.75,False,False,False
5.9484656000000005,1484,31.0,271.0,12.834,112.194,240.0,99.36,240.0,99.36,False,1703.0,183.32,359973.80000000005,,,0.75,False,False,False
5.9524740000000005,1485,31.0,271.0,12.834,112.194,240.0,99.36,240.0,99.36,False,1664.8,185.12,359121.2,,,0.75,False,False,False
5.9564824000000005,1486,31.0,272.0,12.834,112.608,241.0,99.774,241.0,99.774,False,1670.1999999999998,185.12,357803.6,,,0.75,False,False,False
5.9604908000000005,1487,31.0,272.0,12.834,112.608,241.0,99.774,241.0,99.774,False,1661.08,185.6,356615.0,,,0.75,False,False,False
5.964499200000001,1488,31.0,272.0,12.834,112.608,241.0,99.774,241.0,99.774,False,1666.48,183.2,355201.0,,,0.75,False,False,False
5.968507600000001,1489,31.0,272.0,12.834,112.608,241.0,99.774,241.0,99.774,False,1672.2,177.4,354891.60000000003,,,0.75,False,False,False
5.972516000000001,1490,31.0,272.0,12.834,112.608,241.0,99.774,241.0,99.774,False,1673.4,179.52,353423.4,,,0.75,False,False,False
5.976524400000001,1491,31.0,272.0,12.834,112.608,241.0,99.774,241.0,99.774,False,1663.76,179.51999999999998,352412.0,,,0.75,False,False,False
5.980532800000001,1492,31.0,272.0,12.834,112.608,241.0,99.774,241.0,99.774,False,1645.5999999999997,182.84,350476.0,,,0.75,False,False,False
5.984541200000001,1493,31.0,272.0,12.834,112.608,241.0,99.774,241.0,99.774,False,1623.3199999999997,184.76,350245.0,,,0.75,False,False,False
5.988549600000001,1494,30.0,272.0,12.42,112.608,242.0,100.188,242.0,100.188,False,1624.8000000000002,185.48,348292.8,,,0.75,False,False,False
5.992558000000001,1495,30.0,272.0,12.42,112.608,242.0,100.188,242.0,100.188,False,1611.6799999999996,182.28,347337.0,,,0.75,False,False,False
5.996566400000001,1496,30.0,272.0,12.42,112.608,242.0,100.188,242.0,100.188,False,1612.3999999999996,186.88,345721.0,,,0.75,False,False,False
6.000574800000001,1497,30.0,272.0,12.42,112.608,242.0,100.188,242.0,100.188,False,1593.6799999999998,182.96,345247.2,,,0.75,False,False,False
6.004583200000001,1498,30.0,272.0,12.42,112.608,242.0,100.188,242.0,100.188,False,1591.0399999999995,183.84,343684.2,,,0.75,False,False,False
6.008591600000001,1499,30.0,272.0,12.42,112.608,242.0,100.188,242.0,100.188,False,1592.28,184.28,344029.80000000005,,,0.75,False,False,False
6.012600000000001,1500,30.0,272.0,12.42,112.608,242.0,100.188,242.0,100.188,False,1609.12,186.04,343386.0,,,0.75,False,False,False
6.016608400000001,1501,30.0,273.0,12.42,113.022,243.0,100.602,243.0,100.602,False,1608.16,187.36,343335.0,,,0.75,False,False,False
6.020616800000001,1502,29.0,273.0,12.006,113.022,244.0,101.016,244.0,101.016,False,1610.84,188.0,343524.6,,,0.75,False,False,False
6.024625200000001,1503,29.0,273.0,12.006,113.022,244.0,101.016,244.0,101.016,False,1621.64,188.0,343733.4,,,0.75,False,False,False
6.028633600000001,1504,29.0,273.0,12.006,113.022,244.0,101.016,244.0,101.016,False,1628.12,190.68,342470.4,,,0.75,False,False,False
6.032642000000001,1505,29.0,273.0,12.006,113.022,244.0,101.016,244.0,101.016,False,1601.76,193.68,342093.60000000003,,,0.75,False,False,False
6.036650400000001,1506,29.0,273.0,12.006,113.022,244.0,101.016,244.0,101.016,False,1597.8,192.52,341590.6,,,0.75,False,False,False
6.040658800000001,1507,29.0,273.0,12.006,113.022,244.0,101.016,244.0,101.016,False,1589.08,190.0,339994.4,,,0.75,False,False,False
6.044667200000001,1508,29.0,273.0,12.006,113.022,244.0,101.016,244.0,101.016,False,1567.16,192.2,338781.2,,,0.75,False,False,False
6.048675600000001,1509,28.0,273.0,11.592,113.022,245.0,101.43,244.0,101.016,True,1564.72,191.0,338363.0,,,0.75,False,False,False
6.052684000000001,1510,28.0,273.0,11.592,113.022,245.0,101.43,244.0,101.016,True,1572.36,187.76,337471.6,,,0.75,False,False,False
6.056692400000001,1511,28.0,272.0,11.592,112.608,244.0,101.016,245.0,101.43,True,1584.36,192.6,336241.2,,,0.75,False,False,False
6.060700800000001,1512,28.0,272.0,11.592,112.608,244.0,101.016,245.0,101.43,True,1583.36,191.76,335878.80000000005,,,0.75,False,False,False
6.064709200000001,1513,27.0,272.0,11.178,112.608,245.0,101.43,245.0,101.43,False,1573.9599999999998,195.12,335287.2,,,0.75,False,False,False
6.068717600000001,1514,27.0,272.0,11.178,112.608,245.0,101.43,245.0,101.43,False,1573.44,194.96,334311.2,,,0.75,False,False,False
6.072726000000001,1515,27.0,272.0,11.178,112.608,245.0,101.43,245.0,101.43,False,1550.32,196.96,333436.6,,,0.75,False,False,False
6.076734400000001,1516,27.0,272.0,11.178,112.608,245.0,101.43,245.0,101.43,False,1556.88,194.28,332753.0,,,0.75,False,False,False
6.0807428,1517,27.0,272.0,11.178,112.608,245.0,101.43,245.0,101.43,False,1533.6,195.96,332012.6,,,0.75,False,False,False
6.0847512,1518,26.0,272.0,10.764,112.608,246.0,101.844,246.0,101.844,False,1535.84,194.96,331683.4,,,0.75,False,False,False
6.0887596,1519,26.0,272.0,10.764,112.608,246.0,101.844,246.0,101.844,False,1520.4399999999998,199.12,331210.6,,,0.75,False,False,False
6.092768,1520,26.0,272.0,10.764,112.608,246.0,101.844,246.0,101.844,False,1519.6,194.72,330191.6,,,0.75,False,False,False
6.0967764,1521,26.0,272.0,10.764,112.608,246.0,101.844,246.0,101.844,False,1506.8399999999997,194.92,329699.0,,,0.75,False,False,False
6.1007848000000005,1522,26.0,274.0,10.764,113.436,248.0,102.672,248.0,102.672,False,1507.64,195.96,328986.6,,,0.75,False,False,False
6.1047932000000005,1523,26.0,274.0,10.764,113.436,248.0,102.672,248.0,102.672,False,1512.84,193.0,327766.19999999995,,,0.75,False,False,False
6.1088016000000005,1524,26.0,274.0,10.764,113.436,248.0,102.672,248.0,102.672,False,1506.6,199.16,326860.80000000005,,,0.75,False,False,False
6.1128100000000005,1525,26.0,274.0,10.764,113.436,248.0,102.672,248.0,102.672,False,1507.0,198.24,326603.6,,,0.75,False,False,False
6.1168184000000005,1526,26.0,273.0,10.764,113.022,247.0,102.258,248.0,102.672,True,1495.1999999999996,196.16,325870.4,,,0.75,False,False,False
6.120826800000001,1527,25.0,273.0,10.35,113.022,248.0,102.672,248.0,102.672,False,1496.48,193.24,325645.4,,,0.75,False,False,False
6.124835200000001,1528,25.0,273.0,10.35,113.022,248.0,102.672,248.0,102.672,False,1497.7199999999998,198.52,325630.8,,,0.75,False,False,False
6.128843600000001,1529,25.0,273.0,10.35,113.022,248.0,102.672,248.0,102.672,False,1509.2399999999998,198.04,325917.0,,,0.75,False,False,False
6.132852000000001,1530,25.0,273.0,10.35,113.022,248.0,102.672,248.0,102.672,False,1515.64,192.68,325097.8,,,0.75,False,False,False
6.136860400000001,1531,25.0,273.0,10.35,113.022,248.0,102.672,248.0,102.672,False,1517.36,195.92,324933.8,,,0.75,False,False,False
6.140868800000001,1532,25.0,273.0,10.35,113.022,248.0,102.672,248.0,102.672,False,1507.08,193.96,323985.4,,,0.75,False,False,False
6.144877200000001,1533,25.0,273.0,10.35,113.022,248.0,102.672,248.0,102.672,False,1501.2,192.4,323272.60000000003,,,0.75,False,False,False
6.148885600000001,1534,25.0,273.0,10.35,113.022,248.0,102.672,248.0,102.672,False,1493.72,194.64,322542.4,,,0.75,False,False,False
6.152894000000001,1535,25.0,273.0,10.35,113.022,248.0,102.672,248.0,102.672,False,1497.84,196.8,322682.80000000005,,,0.75,False,False,False
6.156902400000001,1536,25.0,273.0,10.35,113.022,248.0,102.672,248.0,102.672,False,1491.84,197.88,321730.4,,,0.75,False,False,False
6.160910800000001,1537,25.0,273.0,10.35,113.022,248.0,102.672,248.0,102.672,False,1498.48,195.0,321594.2,,,0.75,False,False,False
6.164919200000001,1538,25.0,273.0,10.35,113.022,248.0,102.672,248.0,102.672,False,1498.6,196.52,320989.8,,,0.75,False,False,False
6.168927600000001,1539,24.0,273.0,9.936,113.022,249.0,103.086,249.0,103.086,False,1479.5599999999995,194.32,319758.0,,,0.75,False,False,False
6.172936000000001,1540,24.0,273.0,9.936,113.022,249.0,103.086,249.0,103.086,False,1480.76,192.56,318661.0,,,0.75,False,False,False
6.176944400000001,1541,24.0,273.0,9.936,113.022,249.0,103.086,249.0,103.086,False,1486.8399999999997,190.32,318316.0,,,0.75,False,False,False
6.180952800000001,1542,24.0,273.0,9.936,113.022,249.0,103.086,249.0,103.086,False,1474.4399999999996,193.24,317261.4,,,0.75,False,False,False
6.184961200000001,1543,24.0,273.0,9.936,113.022,249.0,103.086,249.0,103.086,False,1490.8,194.16,316733.2,,,0.75,False,False,False
6.188969600000001,1544,24.0,273.0,9.936,113.022,249.0,103.086,249.0,103.086,False,1508.5600000000002,195.56,317175.4,,,0.75,False,False,False
6.192978000000001,1545,24.0,273.0,9.936,113.022,249.0,103.086,249.0,103.086,False,1522.92,194.24,317211.0,,,0.75,False,False,False
6.196986400000001,1546,24.0,273.0,9.936,113.022,249.0,103.086,249.0,103.086,False,1500.12,196.72,317209.8,,,0.75,False,False,False
6.200994800000001,1547,24.0,273.0,9.936,113.022,249.0,103.086,249.0,103.086,False,1505.32,194.56,317429.19999999995,,,0.75,False,False,False
6.205003200000001,1548,24.0,273.0,9.936,113.022,249.0,103.086,249.0,103.086,False,1493.52,196.0,317195.6,,,0.75,False,False,False
6.209011600000001,1549,24.0,273.0,9.936,113.022,249.0,103.086,249.0,103.086,False,1479.4,194.64,316931.39999999997,,,0.75,False,False,False
6.213020000000001,1550,24.0,273.0,9.936,113.022,249.0,103.086,249.0,103.086,False,1476.28,197.12,316689.0,,,0.75,False,False,False
6.217028400000001,1551,23.0,273.0,9.522,113.022,250.0,103.5,249.0,103.086,True,1488.0399999999995,198.0,316619.0,,,0.75,False,False,False
6.221036800000001,1552,23.0,272.0,9.522,112.608,249.0,103.086,249.0,103.086,False,1491.72,195.96,316566.19999999995,,,0.75,False,False,False
6.225045200000001,1553,23.0,272.0,9.522,112.608,249.0,103.086,249.0,103.086,False,1486.9599999999998,198.48,316684.0,,,0.75,False,False,False
6.229053600000001,1554,23.0,272.0,9.522,112.608,249.0,103.086,249.0,103.086,False,1477.76,201.16,315970.80000000005,,,0.75,False,False,False
6.233062000000001,1555,23.0,272.0,9.522,112.608,249.0,103.086,249.0,103.086,False,1500.4,202.48,314906.8,,,0.75,False,False,False
6.2370704,1556,23.0,274.0,9.522,113.436,251.0,103.914,251.0,103.914,False,1460.4399999999998,198.92,313919.60000000003,,,0.75,False,False,False
6.2410788,1557,23.0,275.0,9.522,113.85,252.0,104.328,251.0,103.914,True,1470.28,202.08,313312.6,,,0.75,False,False,False
6.2450872,1558,23.0,275.0,9.522,113.85,252.0,104.328,251.0,103.914,True,1455.04,198.12,312710.4,,,0.75,False,False,False
6.2490956,1559,23.0,272.0,9.522,112.608,249.0,103.086,250.0,103.5,True,1459.1999999999998,194.44,312473.8,,,0.75,False,False,False
6.253104,1560,22.0,272.0,9.108,112.608,250.0,103.5,250.0,103.5,False,1464.04,195.4,312421.6,,,0.75,False,False,False
6.2571124000000005,1561,22.0,272.0,9.108,112.608,250.0,103.5,250.0,103.5,False,1445.6,200.48,311973.2,,,0.75,False,False,False
6.2611208000000005,1562,22.0,272.0,9.108,112.608,250.0,103.5,250.0,103.5,False,1474.2,200.24,311467.4,,,0.75,False,False,False
6.2651292000000005,1563,22.0,272.0,9.108,112.608,250.0,103.5,250.0,103.5,False,1465.4399999999998,201.8,311011.0,,,0.75,False,False,False
6.2691376000000005,1564,22.0,272.0,9.108,112.608,250.0,103.5,250.0,103.5,False,1458.68,199.28,310487.4,,,0.75,False,False,False
6.2731460000000006,1565,22.0,272.0,9.108,112.608,250.0,103.5,250.0,103.5,False,1451.24,199.96,310707.0,,,0.75,False,False,False
6.277154400000001,1566,22.0,272.0,9.108,112.608,250.0,103.5,250.0,103.5,False,1463.6799999999998,198.76,310331.6,,,0.75,False,False,False
6.281162800000001,1567,22.0,272.0,9.108,112.608,250.0,103.5,250.0,103.5,False,1453.04,204.4,309964.6,,,0.75,False,False,False
6.285171200000001,1568,22.0,272.0,9.108,112.608,250.0,103.5,250.0,103.5,False,1445.9199999999998,202.2,309680.8,,,0.75,False,False,False
6.289179600000001,1569,22.0,272.0,9.108,112.608,250.0,103.5,250.0,103.5,False,1436.9199999999998,206.44000000000003,309028.2,,,0.75,False,False,False
6.293188000000001,1570,22.0,272.0,9.108,112.608,250.0,103.5,250.0,103.5,False,1463.12,210.04,308717.19999999995,,,0.75,False,False,False
6.297196400000001,1571,22.0,272.0,9.108,112.608,250.0,103.5,250.0,103.5,False,1467.44,210.96,308836.2,,,0.75,False,False,False
6.301204800000001,1572,22.0,272.0,9.108,112.608,250.0,103.5,250.0,103.5,False,1453.24,207.56,308675.6,,,0.75,False,False,False
6.305213200000001,1573,22.0,272.0,9.108,112.608,250.0,103.5,250.0,103.5,False,1458.4799999999998,208.8,308298.0,,,0.75,False,False,False
6.309221600000001,1574,22.0,272.0,9.108,112.608,250.0,103.5,250.0,103.5,False,1455.6799999999998,203.12,308552.8,,,0.75,False,False,False
6.313230000000001,1575,22.0,272.0,9.108,112.608,250.0,103.5,250.0,103.5,False,1485.96,203.36,308515.2,,,0.75,False,False,False
6.317238400000001,1576,22.0,272.0,9.108,112.608,250.0,103.5,250.0,103.5,False,1472.9599999999998,210.96,308225.4,,,0.75,False,False,False
6.321246800000001,1577,22.0,272.0,9.108,112.608,250.0,103.5,250.0,103.5,False,1455.4,206.16000000000005,308221.4,,,0.75,False,False,False
6.325255200000001,1578,22.0,272.0,9.108,112.608,250.0,103.5,250.0,103.5,False,1440.8399999999997,204.68,308034.0,,,0.75,False,False,False
6.329263600000001,1579,22.0,272.0,9.108,112.608,250.0,103.5,250.0,103.5,False,1441.64,204.72,307422.0,,,0.75,False,False,False
6.333272000000001,1580,22.0,272.0,9.108,112.608,250.0,103.5,250.0,103.5,False,1432.0399999999995,206.48,306292.0,,,0.75,False,False,False
6.337280400000001,1581,22.0,272.0,9.108,112.608,250.0,103.5,250.0,103.5,False,1418.6799999999998,206.76,305631.4,,,0.75,False,False,False
6.341288800000001,1582,22.0,272.0,9.108,112.608,250.0,103.5,250.0,103.5,False,1426.48,205.56,305250.4,,,0.75,False,False,False
6.345297200000001,1583,22.0,272.0,9.108,112.608,250.0,103.5,250.0,103.5,False,1422.44,207.8,304744.0,,,0.75,False,False,False
6.349305600000001,1584,21.0,272.0,8.693999999999999,112.608,251.0,103.914,251.0,103.914,False,1425.36,202.72,304618.6,,,0.75,False,False,False
6.353314000000001,1585,21.0,272.0,8.693999999999999,112.608,251.0,103.914,251.0,103.914,False,1434.4399999999998,203.48,304646.0,,,0.75,False,False,False
6.357322400000001,1586,21.0,272.0,8.693999999999999,112.608,251.0,103.914,251.0,103.914,False,1440.5599999999995,200.28,304432.8,,,0.75,False,False,False
6.361330800000001,1587,21.0,272.0,8.693999999999999,112.608,251.0,103.914,251.0,103.914,False,1451.68,200.2,304175.8,,,0.75,False,False,False
6.365339200000001,1588,21.0,272.0,8.693999999999999,112.608,251.0,103.914,251.0,103.914,False,1444.9999999999998,196.84,303821.6,,,0.75,False,False,False
6.369347600000001,1589,21.0,272.0,8.693999999999999,112.608,251.0,103.914,251.0,103.914,False,1429.16,195.8,303898.6,,,0.75,False,False,False
6.373356000000001,1590,21.0,272.0,8.693999999999999,112.608,251.0,103.914,251.0,103.914,False,1423.28,195.8,303314.0,,,0.75,False,False,False
6.377364400000001,1591,21.0,272.0,8.693999999999999,112.608,251.0,103.914,251.0,103.914,False,1432.52,200.0,303250.19999999995,,,0.75,False,False,False
6.381372800000001,1592,21.0,272.0,8.693999999999999,112.608,251.0,103.914,251.0,103.914,False,1428.04,194.48,302635.80000000005,,,0.75,False,False,False
6.385381200000001,1593,21.0,271.0,8.693999999999999,112.194,250.0,103.5,251.0,103.914,True,1444.12,196.88,302341.8,,,0.75,False,False,False
6.389389600000001,1594,21.0,272.0,8.693999999999999,112.608,251.0,103.914,251.0,103.914,False,1443.92,197.12,302128.80000000005,,,0.75,False,False,False
6.393398000000001,1595,21.0,272.0,8.693999999999999,112.608,251.0,103.914,251.0,103.914,False,1454.32,199.88,303009.80000000005,,,0.75,False,False,False
6.3974064,1596,21.0,272.0,8.693999999999999,112.608,251.0,103.914,251.0,103.914,False,1443.7199999999998,201.32,302965.19999999995,,,0.75,False,False,False
6.4014148,1597,21.0,272.0,8.693999999999999,112.608,251.0,103.914,251.0,103.914,False,1455.76,202.44,303102.4,,,0.75,False,False,False
6.4054232,1598,21.0,272.0,8.693999999999999,112.608,251.0,103.914,251.0,103.914,False,1452.36,197.6,303292.8,,,0.75,False,False,False
6.4094316000000005,1599,21.0,272.0,8.693999999999999,112.608,251.0,103.914,251.0,103.914,False,1449.4,199.32,302922.2,,,0.75,False,False,False
6.4134400000000005,1600,21.0,272.0,8.693999999999999,112.608,251.0,103.914,251.0,103.914,False,1443.36,202.76,302073.6,,,0.75,False,False,False
6.4174484000000005,1601,21.0,272.0,8.693999999999999,112.608,251.0,103.914,251.0,103.914,False,1452.52,200.92,302051.80000000005,,,0.75,False,False,False
6.4214568000000005,1602,21.0,272.0,8.693999999999999,112.608,251.0,103.914,251.0,103.914,False,1447.56,205.52,301627.2,,,0.75,False,False,False
6.4254652000000005,1603,21.0,272.0,8.693999999999999,112.608,251.0,103.914,251.0,103.914,False,1439.28,207.04,301397.0,,,0.75,False,False,False
6.429473600000001,1604,21.0,272.0,8.693999999999999,112.608,251.0,103.914,251.0,103.914,False,1450.24,204.48,301383.8,,,0.75,False,False,False
6.433482000000001,1605,21.0,271.0,8.693999999999999,112.194,250.0,103.5,251.0,103.914,True,1454.6,210.88,301031.4,,,0.75,False,False,False
6.437490400000001,1606,21.0,271.0,8.693999999999999,112.194,250.0,103.5,250.0,103.5,False,1458.88,208.04,300222.19999999995,,,0.75,False,False,False
6.441498800000001,1607,21.0,272.0,8.693999999999999,112.608,251.0,103.914,250.0,103.5,True,1455.56,208.6,300148.6,,,0.75,False,False,False
6.445507200000001,1608,21.0,271.0,8.693999999999999,112.194,250.0,103.5,251.0,103.914,True,1447.7599999999998,208.84,299684.6,,,0.75,False,False,False
6.449515600000001,1609,21.0,272.0,8.693999999999999,112.608,251.0,103.914,251.0,103.914,False,1443.5999999999997,208.36,298717.2,,,0.75,False,False,False
6.453524000000001,1610,21.0,272.0,8.693999999999999,112.608,251.0,103.914,251.0,103.914,False,1459.9999999999998,202.6,298470.19999999995,,,0.75,False,False,False
6.457532400000001,1611,21.0,272.0,8.693999999999999,112.608,251.0,103.914,251.0,103.914,False,1444.4799999999996,202.96,298009.4,,,0.75,False,False,False
6.461540800000001,1612,21.0,272.0,8.693999999999999,112.608,251.0,103.914,251.0,103.914,False,1439.7199999999998,198.64,297953.6,,,0.75,False,False,False
6.465549200000001,1613,21.0,272.0,8.693999999999999,112.608,251.0,103.914,251.0,103.914,False,1449.0,195.8,297217.0,,,0.75,False,False,False
6.469557600000001,1614,21.0,271.0,8.693999999999999,112.194,250.0,103.5,250.0,103.5,False,1435.0,197.76,296833.6,,,0.75,False,False,False
6.473566000000001,1615,21.0,271.0,8.693999999999999,112.194,250.0,103.5,250.0,103.5,False,1444.6799999999998,195.76,296877.6,,,0.75,False,False,False
6.477574400000001,1616,21.0,271.0,8.693999999999999,112.194,250.0,103.5,250.0,103.5,False,1441.08,196.36,296513.4,,,0.75,False,False,False
6.481582800000001,1617,21.0,271.0,8.693999999999999,112.194,250.0,103.5,250.0,103.5,False,1429.48,196.92,295529.6,,,0.75,False,False,False
6.485591200000001,1618,21.0,271.0,8.693999999999999,112.194,250.0,103.5,250.0,103.5,False,1418.9999999999998,197.96,295846.6,,,0.75,False,False,False
6.489599600000001,1619,21.0,271.0,8.693999999999999,112.194,250.0,103.5,250.0,103.5,False,1415.6799999999998,198.16,295751.6,,,0.75,False,False,False
6.493608000000001,1620,21.0,271.0,8.693999999999999,112.194,250.0,103.5,250.0,103.5,False,1414.64,201.4,295016.2,,,0.75,False,False,False
6.497616400000001,1621,21.0,271.0,8.693999999999999,112.194,250.0,103.5,250.0,103.5,False,1415.48,198.96,295776.2,,,0.75,False,False,False
6.501624800000001,1622,21.0,271.0,8.693999999999999,112.194,250.0,103.5,250.0,103.5,False,1405.0,206.96,296002.6,,,0.75,False,False,False
6.505633200000001,1623,21.0,271.0,8.693999999999999,112.194,250.0,103.5,250.0,103.5,False,1417.28,203.28,295723.2,,,0.75,False,False,False
6.509641600000001,1624,21.0,271.0,8.693999999999999,112.194,250.0,103.5,250.0,103.5,False,1410.12,208.28,295740.8,,,0.75,False,False,False
6.513650000000001,1625,21.0,272.0,8.693999999999999,112.608,251.0,103.914,250.0,103.5,True,1414.6799999999998,202.04,295867.6,,,0.75,False,False,False
6.517658400000001,1626,21.0,271.0,8.693999999999999,112.194,250.0,103.5,250.0,103.5,False,1409.12,197.36,296270.2,,,0.75,False,False,False
6.521666800000001,1627,21.0,272.0,8.693999999999999,112.608,251.0,103.914,250.0,103.5,True,1404.36,190.8,297458.2,,,0.75,False,False,False
6.525675200000001,1628,21.0,271.0,8.693999999999999,112.194,250.0,103.5,250.0,103.5,False,1408.84,193.88,298601.4,,,0.75,False,False,False
6.529683600000001,1629,21.0,271.0,8.693999999999999,112.194,250.0,103.5,250.0,103.5,False,1422.84,188.96,299961.4,,,0.75,False,False,False
6.533692000000001,1630,21.0,271.0,8.693999999999999,112.194,250.0,103.5,250.0,103.5,False,1431.32,194.64,301024.6,,,0.75,False,False,False
6.537700400000001,1631,21.0,271.0,8.693999999999999,112.194,250.0,103.5,250.0,103.5,False,1424.36,199.68,300970.6,,,0.75,False,False,False
6.541708800000001,1632,21.0,271.0,8.693999999999999,112.194,250.0,103.5,250.0,103.5,False,1432.16,193.64,300375.4,,,0.75,False,False,False
6.545717200000001,1633,21.0,271.0,8.693999999999999,112.194,250.0,103.5,250.0,103.5,False,1444.04,194.44,300059.0,,,0.75,False,False,False
6.549725600000001,1634,21.0,271.0,8.693999999999999,112.194,250.0,103.5,250.0,103.5,False,1424.04,199.72,299324.2,,,0.75,False,False,False
6.553734,1635,21.0,271.0,8.693999999999999,112.194,250.0,103.5,250.0,103.5,False,1427.2399999999998,203.12,298519.0,,,0.75,False,False,False
6.5577424,1636,21.0,271.0,8.693999999999999,112.194,250.0,103.5,250.0,103.5,False,1431.16,203.2,297695.6,,,0.75,False,False,False
6.5617508,1637,21.0,271.0,8.693999999999999,112.194,250.0,103.5,250.0,103.5,False,1433.08,207.76,297150.8,,,0.75,False,False,False
6.5657592000000005,1638,21.0,272.0,8.693999999999999,112.608,251.0,103.914,251.0,103.914,False,1415.36,202.68,296314.0,,,0.75,False,False,False
6.5697676000000005,1639,21.0,272.0,8.693999999999999,112.608,251.0,103.914,251.0,103.914,False,1413.6,203.28,295819.8,,,0.75,False,False,False
6.5737760000000005,1640,21.0,272.0,8.693999999999999,112.608,251.0,103.914,251.0,103.914,False,1412.64,204.72000000000003,295292.4,,,0.75,False,False,False
6.5777844000000005,1641,21.0,272.0,8.693999999999999,112.608,251.0,103.914,251.0,103.914,False,1404.12,204.76,295031.4,,,0.75,False,False,False
6.5817928000000006,1642,21.0,271.0,8.693999999999999,112.194,250.0,103.5,251.0,103.914,True,1398.2399999999998,204.32,294583.19999999995,,,0.75,False,False,False
6.585801200000001,1643,21.0,272.0,8.693999999999999,112.608,251.0,103.914,250.0,103.5,True,1397.6,199.88,294215.8,,,0.75,False,False,False
6.589809600000001,1644,21.0,271.0,8.693999999999999,112.194,250.0,103.5,250.0,103.5,False,1387.16,202.8,293756.2,,,0.75,False,False,False
6.593818000000001,1645,21.0,271.0,8.693999999999999,112.194,250.0,103.5,250.0,103.5,False,1382.4,200.36,293224.8,,,0.75,False,False,False
6.597826400000001,1646,21.0,271.0,8.693999999999999,112.194,250.0,103.5,250.0,103.5,False,1384.1999999999998,202.96,293159.19999999995,,,0.75,False,False,False
6.601834800000001,1647,21.0,271.0,8.693999999999999,112.194,250.0,103.5,250.0,103.5,False,1388.96,211.96,292796.6,,,0.75,False,False,False
6.605843200000001,1648,21.0,271.0,8.693999999999999,112.194,250.0,103.5,250.0,103.5,False,1377.0,209.56,292389.8,,,0.75,False,False,False
6.609851600000001,1649,21.0,271.0,8.693999999999999,112.194,250.0,103.5,250.0,103.5,False,1377.0,209.48,291828.8,,,0.75,False,False,False
6.613860000000001,1650,21.0,271.0,8.693999999999999,112.194,250.0,103.5,250.0,103.5,False,1377.28,208.84,291832.8,,,0.75,False,False,False
6.617868400000001,1651,20.0,271.0,8.28,112.194,251.0,103.914,251.0,103.914,False,1373.64,204.8,291076.19999999995,,,0.75,False,False,False
6.621876800000001,1652,20.0,272.0,8.28,112.608,252.0,104.328,251.0,103.914,True,1364.9599999999998,205.28,290571.4,,,0.75,False,False,False
6.625885200000001,1653,21.0,272.0,8.693999999999999,112.608,251.0,103.914,251.0,103.914,False,1357.7999999999995,201.8,290105.8,,,0.75,False,False,False
6.629893600000001,1654,21.0,272.0,8.693999999999999,112.608,251.0,103.914,251.0,103.914,False,1372.72,199.36,290633.8,,,0.75,False,False,False
6.633902000000001,1655,21.0,272.0,8.693999999999999,112.608,251.0,103.914,251.0,103.914,False,1381.08,192.88,290056.0,,,0.75,False,False,False
6.637910400000001,1656,21.0,271.0,8.693999999999999,112.194,250.0,103.5,250.0,103.5,False,1368.48,196.32,289970.2,,,0.75,False,False,False
6.641918800000001,1657,21.0,271.0,8.693999999999999,112.194,250.0,103.5,250.0,103.5,False,1369.8399999999997,206.24,290676.4,,,0.75,False,False,False
6.645927200000001,1658,21.0,271.0,8.693999999999999,112.194,250.0,103.5,250.0,103.5,False,1369.44,213.76,291009.0,,,0.75,False,False,False
6.649935600000001,1659,21.0,271.0,8.693999999999999,112.194,250.0,103.5,250.0,103.5,False,1361.7199999999998,218.56,290098.8,,,0.75,False,False,False
6.653944000000001,1660,21.0,271.0,8.693999999999999,112.194,250.0,103.5,250.0,103.5,False,1371.16,215.92,290438.2,,,0.75,False,False,False
6.657952400000001,1661,21.0,271.0,8.693999999999999,112.194,250.0,103.5,250.0,103.5,False,1353.84,218.16000000000005,290006.80000000005,,,0.75,False,False,False
6.661960800000001,1662,21.0,271.0,8.693999999999999,112.194,250.0,103.5,250.0,103.5,False,1355.48,206.92,288650.2,,,0.75,False,False,False
6.665969200000001,1663,21.0,271.0,8.693999999999999,112.194,250.0,103.5,250.0,103.5,False,1355.76,199.24,288448.8,,,0.75,False,False,False
6.669977600000001,1664,21.0,271.0,8.693999999999999,112.194,250.0,103.5,250.0,103.5,False,1361.0399999999995,195.72,288463.2,,,0.75,False,False,False
6.673986000000001,1665,21.0,271.0,8.693999999999999,112.194,250.0,103.5,250.0,103.5,False,1354.84,201.00000000000003,288213.4,,,0.75,False,False,False
6.677994400000001,1666,21.0,271.0,8.693999999999999,112.194,250.0,103.5,250.0,103.5,False,1356.44,204.08,288535.6,,,0.75,False,False,False
6.682002800000001,1667,21.0,271.0,8.693999999999999,112.194,250.0,103.5,250.0,103.5,False,1356.16,205.96,288618.4,,,0.75,False,False,False
6.686011200000001,1668,21.0,271.0,8.693999999999999,112.194,250.0,103.5,250.0,103.5,False,1359.32,203.24,288599.6,,,0.75,False,False,False
6.690019600000001,1669,20.0,271.0,8.28,112.194,251.0,103.914,251.0,103.914,False,1353.4399999999998,206.52,288481.4,,,0.75,False,False,False
6.694028000000001,1670,20.0,271.0,8.28,112.194,251.0,103.914,251.0,103.914,False,1342.76,199.92,288180.8,,,0.75,False,False,False
6.698036400000001,1671,20.0,271.0,8.28,112.194,251.0,103.914,251.0,103.914,False,1356.44,204.52,287876.6,,,0.75,False,False,False
6.702044800000001,1672,20.0,271.0,8.28,112.194,251.0,103.914,251.0,103.914,False,1331.6,203.92,287949.6,,,0.75,False,False,False
6.706053200000001,1673,20.0,271.0,8.28,112.194,251.0,103.914,251.0,103.914,False,1336.9599999999998,203.36,287439.4,,,0.75,False,False,False
6.7100616,1674,20.0,271.0,8.28,112.194,251.0,103.914,251.0,103.914,False,1359.4399999999998,202.04,287505.19999999995,,,0.75,False,False,False
6.71407,1675,20.0,271.0,8.28,112.194,251.0,103.914,251.0,103.914,False,1372.4399999999996,202.28,287883.60000000003,,,0.75,False,False,False
6.7180784,1676,20.0,271.0,8.28,112.194,251.0,103.914,251.0,103.914,False,1386.08,198.16,288149.8,,,0.75,False,False,False
6.7220868000000005,1677,20.0,271.0,8.28,112.194,251.0,103.914,251.0,103.914,False,1387.4,199.76,288532.0,,,0.75,False,False,False
6.7260952000000005,1678,21.0,271.0,8.693999999999999,112.194,250.0,103.5,251.0,103.914,True,1383.24,199.12,288941.4,,,0.75,False,False,False
6.7301036000000005,1679,20.0,271.0,8.28,112.194,251.0,103.914,250.0,103.5,True,1378.08,199.16,289064.6,,,0.75,False,False,False
6.7341120000000005,1680,21.0,271.0,8.693999999999999,112.194,250.0,103.5,250.0,103.5,False,1371.0399999999995,195.52,288691.39999999997,,,0.75,False,False,False
6.738120400000001,1681,21.0,271.0,8.693999999999999,112.194,250.0,103.5,250.0,103.5,False,1357.4,197.92,287995.0,,,0.75,False,False,False
6.742128800000001,1682,20.0,271.0,8.28,112.194,251.0,103.914,250.0,103.5,True,1355.9199999999998,194.44,287473.19999999995,,,0.75,False,False,False
6.746137200000001,1683,21.0,271.0,8.693999999999999,112.194,250.0,103.5,250.0,103.5,False,1355.12,201.6,287258.6,,,0.75,False,False,False
6.750145600000001,1684,21.0,271.0,8.693999999999999,112.194,250.0,103.5,250.0,103.5,False,1353.08,204.4,286868.4,,,0.75,False,False,False
6.754154000000001,1685,21.0,271.0,8.693999999999999,112.194,250.0,103.5,250.0,103.5,False,1353.96,212.72000000000003,287011.4,,,0.75,False,False,False
6.758162400000001,1686,21.0,271.0,8.693999999999999,112.194,250.0,103.5,250.0,103.5,False,1373.64,212.96,287064.0,,,0.75,False,False,False
6.762170800000001,1687,21.0,271.0,8.693999999999999,112.194,250.0,103.5,250.0,103.5,False,1355.84,208.64,286584.80000000005,,,0.75,False,False,False
6.766179200000001,1688,21.0,271.0,8.693999999999999,112.194,250.0,103.5,250.0,103.5,False,1358.64,201.96,286610.0,,,0.75,False,False,False
6.770187600000001,1689,21.0,271.0,8.693999999999999,112.194,250.0,103.5,250.0,103.5,False,1378.56,197.04,286569.2,,,0.75,False,False,False
6.774196000000001,1690,21.0,271.0,8.693999999999999,112.194,250.0,103.5,250.0,103.5,False,1386.04,194.84,286157.19999999995,,,0.75,False,False,False
6.778204400000001,1691,20.0,271.0,8.28,112.194,251.0,103.914,250.0,103.5,True,1382.12,196.32,286364.0,,,0.75,False,False,False
6.782212800000001,1692,20.0,271.0,8.28,112.194,251.0,103.914,250.0,103.5,True,1358.76,196.24,286190.4,,,0.75,False,False,False
6.786221200000001,1693,21.0,271.0,8.693999999999999,112.194,250.0,103.5,251.0,103.914,True,1361.32,198.12,286004.4,,,0.75,False,False,False
6.790229600000001,1694,21.0,271.0,8.693999999999999,112.194,250.0,103.5,251.0,103.914,True,1342.16,205.88,285105.0,,,0.75,False,False,False
6.794238000000001,1695,21.0,272.0,8.693999999999999,112.608,251.0,103.914,251.0,103.914,False,1336.68,207.52,285648.19999999995,,,0.75,False,False,False
6.798246400000001,1696,21.0,272.0,8.693999999999999,112.608,251.0,103.914,251.0,103.914,False,1338.24,203.44,287551.0,,,0.75,False,False,False
6.802254800000001,1697,21.0,272.0,8.693999999999999,112.608,251.0,103.914,251.0,103.914,False,1347.7599999999998,205.64,293833.6,,,0.75,False,False,False
6.806263200000001,1698,21.0,272.0,8.693999999999999,112.608,251.0,103.914,251.0,103.914,False,1392.84,202.92,303266.8,,,0.75,False,False,False
6.810271600000001,1699,21.0,272.0,8.693999999999999,112.608,251.0,103.914,251.0,103.914,False,1429.52,205.0,317493.0,,,0.75,False,False,False
6.814280000000001,1700,21.0,272.0,8.693999999999999,112.608,251.0,103.914,251.0,103.914,False,1513.96,211.32,334676.4,,,0.75,False,False,False
6.818288400000001,1701,21.0,272.0,8.693999999999999,112.608,251.0,103.914,251.0,103.914,False,1637.6799999999998,218.16,354483.80000000005,,,0.75,False,False,False
6.822296800000001,1702,21.0,273.0,8.693999999999999,113.022,252.0,104.328,252.0,104.328,False,1744.52,221.48,374767.6,,,0.75,False,False,False
6.826305200000001,1703,21.0,273.0,8.693999999999999,113.022,252.0,104.328,252.0,104.328,False,1835.52,229.12,394040.4,,,0.75,False,False,False
6.830313600000001,1704,21.0,273.0,8.693999999999999,113.022,252.0,104.328,252.0,104.328,False,1918.68,232.44000000000003,412169.8,,,0.75,False,False,False
6.834322000000001,1705,21.0,273.0,8.693999999999999,113.022,252.0,104.328,252.0,104.328,False,2008.04,233.8,428408.20000000007,,,0.75,False,False,False
6.838330400000001,1706,22.0,272.0,9.108,112.608,250.0,103.5,250.0,103.5,False,2092.16,241.72,442999.6,,,0.75,False,False,False
6.842338800000001,1707,22.0,272.0,9.108,112.608,250.0,103.5,250.0,103.5,False,2147.84,244.96,455590.6,,,0.75,False,False,False
6.846347200000001,1708,22.0,272.0,9.108,112.608,250.0,103.5,250.0,103.5,False,2182.08,251.8,467176.6,,,0.75,False,False,False
6.850355600000001,1709,22.0,272.0,9.108,112.608,250.0,103.5,250.0,103.5,False,2206.56,259.96,477903.1999999999,,,0.75,False,False,False
6.854364000000001,1710,22.0,272.0,9.108,112.608,250.0,103.5,250.0,103.5,False,2251.04,254.88,488388.0,,,0.75,False,False,False
6.858372400000001,1711,22.0,272.0,9.108,112.608,250.0,103.5,250.0,103.5,False,2272.76,256.96,497357.8,,,0.75,False,False,False
6.862380800000001,1712,22.0,272.0,9.108,112.608,250.0,103.5,250.0,103.5,False,2312.28,257.72,506740.4,,,0.75,False,False,False
6.866389200000001,1713,22.0,272.0,9.108,112.608,250.0,103.5,250.0,103.5,False,2352.96,263.88,515647.0,,,0.75,False,False,False
6.8703976,1714,22.0,272.0,9.108,112.608,250.0,103.5,250.0,103.5,False,2357.92,253.76,523328.0,,,0.75,False,False,False
6.8744060000000005,1715,22.0,272.0,9.108,112.608,250.0,103.5,250.0,103.5,False,2421.4799999999996,246.96,531394.6,,,0.75,False,False,False
6.8784144000000005,1716,22.0,272.0,9.108,112.608,250.0,103.5,250.0,103.5,False,2464.0,250.96,539092.0,,,0.75,False,False,False
6.8824228000000005,1717,22.0,272.0,9.108,112.608,250.0,103.5,250.0,103.5,False,2500.2000000000003,254.96000000000004,544872.4,,,0.75,False,False,False
6.8864312000000005,1718,22.0,272.0,9.108,112.608,250.0,103.5,250.0,103.5,False,2505.12,254.08,551289.4,,,0.75,False,False,False
6.8904396000000006,1719,22.0,272.0,9.108,112.608,250.0,103.5,250.0,103.5,False,2517.2,248.68,557547.2,,,0.75,False,False,False
6.894448000000001,1720,22.0,272.0,9.108,112.608,250.0,103.5,250.0,103.5,False,2546.44,253.48,561759.2,,,0.75,False,False,False
6.898456400000001,1721,22.0,272.0,9.108,112.608,250.0,103.5,250.0,103.5,False,2575.7999999999997,252.12,566761.2,,,0.75,False,False,False
6.902464800000001,1722,23.0,272.0,9.522,112.608,249.0,103.086,249.0,103.086,False,2608.04,249.2,571876.3999999999,,,0.75,False,False,False
6.906473200000001,1723,23.0,272.0,9.522,112.608,249.0,103.086,249.0,103.086,False,2625.6,253.0,575760.0,,,0.75,False,False,False
6.910481600000001,1724,23.0,272.0,9.522,112.608,249.0,103.086,249.0,103.086,False,2663.56,249.12,580145.4,,,0.75,False,False,False
6.914490000000001,1725,24.0,272.0,9.936,112.608,248.0,102.672,248.0,102.672,False,2695.84,252.6,584774.4,,,0.75,False,False,False
6.918498400000001,1726,24.0,272.0,9.936,112.608,248.0,102.672,248.0,102.672,False,2709.08,251.28,589152.6000000001,,,0.75,False,False,False
6.922506800000001,1727,24.0,272.0,9.936,112.608,248.0,102.672,248.0,102.672,False,2747.48,246.24,594376.4,,,0.75,False,False,False
6.926515200000001,1728,25.0,272.0,10.35,112.608,247.0,102.258,247.0,102.258,False,2749.24,244.72,598124.2,,,0.75,False,False,False
6.930523600000001,1729,25.0,272.0,10.35,112.608,247.0,102.258,247.0,102.258,False,2765.52,248.72,602442.8,,,0.75,False,False,False
6.934532000000001,1730,26.0,271.0,10.764,112.194,245.0,101.43,245.0,101.43,False,2750.6,246.24,606355.8,,,0.75,False,False,False
6.938540400000001,1731,26.0,271.0,10.764,112.194,245.0,101.43,245.0,101.43,False,2792.12,246.36,610357.2,,,0.75,False,False,False
6.942548800000001,1732,26.0,271.0,10.764,112.194,245.0,101.43,245.0,101.43,False,2781.44,243.88,613539.2000000001,,,0.75,False,False,False
6.946557200000001,1733,23.0,271.0,9.522,112.194,248.0,102.672,248.0,102.672,False,2810.8399999999997,242.84,618887.6,,,0.75,False,False,False
6.950565600000001,1734,23.0,271.0,9.522,112.194,248.0,102.672,248.0,102.672,False,2844.72,241.96,622750.0,,,0.75,False,False,False
6.954574000000001,1735,23.0,271.0,9.522,112.194,248.0,102.672,248.0,102.672,False,2863.44,246.04,625949.8,,,0.75,False,False,False
6.958582400000001,1736,23.0,271.0,9.522,112.194,248.0,102.672,248.0,102.672,False,2854.04,250.48,628337.6,,,0.75,False,False,False
6.962590800000001,1737,23.0,271.0,9.522,112.194,248.0,102.672,248.0,102.672,False,2871.2000000000003,256.0,631559.6000000001,,,0.75,False,False,False
6.966599200000001,1738,23.0,271.0,9.522,112.194,248.0,102.672,248.0,102.672,False,2881.52,252.0,633592.0,,,0.75,False,False,False
6.970607600000001,1739,23.0,271.0,9.522,112.194,248.0,102.672,248.0,102.672,False,2919.2000000000003,248.08,636457.3999999999,,,0.75,False,False,False
6.974616000000001,1740,23.0,271.0,9.522,112.194,248.0,102.672,248.0,102.672,False,2928.9199999999996,254.4,639736.0,,,0.75,False,False,False
6.978624400000001,1741,24.0,271.0,9.936,112.194,247.0,102.258,247.0,102.258,False,2975.04,249.72,644243.3999999999,,,0.75,False,False,False
6.982632800000001,1742,24.0,271.0,9.936,112.194,247.0,102.258,247.0,102.258,False,2980.56,249.68,646748.2,,,0.75,False,False,False
6.986641200000001,1743,24.0,271.0,9.936,112.194,247.0,102.258,247.0,102.258,False,3000.96,244.24,648884.2000000001,,,0.75,False,False,False
6.990649600000001,1744,24.0,271.0,9.936,112.194,247.0,102.258,247.0,102.258,False,2998.5199999999995,242.88,650243.8,,,0.75,False,False,False
6.994658000000001,1745,24.0,271.0,9.936,112.194,247.0,102.258,247.0,102.258,False,3032.3199999999997,240.08,652126.7999999999,,,0.75,False,False,False
6.998666400000001,1746,24.0,271.0,9.936,112.194,247.0,102.258,247.0,102.258,False,3033.76,242.92,652474.7999999999,,,0.75,False,False,False
7.002674800000001,1747,25.0,271.0,10.35,112.194,246.0,101.844,246.0,101.844,False,3034.48,237.4,652846.3999999999,,,0.75,False,False,False
7.006683200000001,1748,25.0,271.0,10.35,112.194,246.0,101.844,246.0,101.844,False,3048.32,246.16000000000005,654516.8,,,0.75,False,False,False
7.010691600000001,1749,25.0,271.0,10.35,112.194,246.0,101.844,246.0,101.844,False,3038.24,245.68,656171.6000000001,,,0.75,False,False,False
7.014700000000001,1750,25.0,271.0,10.35,112.194,246.0,101.844,246.0,101.844,False,3039.48,246.28,657450.8,,,0.75,False,False,False
7.018708400000001,1751,25.0,271.0,10.35,112.194,246.0,101.844,246.0,101.844,False,3020.7999999999997,243.84,658151.2,,,0.75,False,False,False
7.022716800000001,1752,25.0,271.0,10.35,112.194,246.0,101.844,246.0,101.844,False,3038.6,235.24,660169.0,,,0.75,False,False,False
7.0267252,1753,26.0,271.0,10.764,112.194,245.0,101.43,245.0,101.43,False,3044.0,230.84,660722.2000000001,,,0.75,False,False,False
7.0307336000000005,1754,26.0,271.0,10.764,112.194,245.0,101.43,245.0,101.43,False,3053.56,234.16,661418.0,,,0.75,False,False,False
7.0347420000000005,1755,27.0,271.0,11.178,112.194,244.0,101.016,244.0,101.016,False,3079.92,236.24,660871.2,,,0.75,False,False,False
7.0387504000000005,1756,28.0,271.0,11.592,112.194,243.0,100.602,243.0,100.602,False,3070.36,237.64,661065.6,,,0.75,False,False,False
7.0427588000000005,1757,28.0,271.0,11.592,112.194,243.0,100.602,243.0,100.602,False,3047.3599999999997,235.6,660630.2,,,0.75,False,False,False
7.046767200000001,1758,28.0,271.0,11.592,112.194,243.0,100.602,243.0,100.602,False,3065.92,230.56,660785.8,,,0.75,False,False,False
7.050775600000001,1759,28.0,271.0,11.592,112.194,243.0,100.602,243.0,100.602,False,3075.04,230.44000000000003,660041.2,,,0.75,False,False,False
7.054784000000001,1760,29.0,270.0,12.006,111.78,241.0,99.774,241.0,99.774,False,3085.8,229.48,660549.2,,,0.75,False,False,False
7.058792400000001,1761,29.0,270.0,12.006,111.78,241.0,99.774,241.0,99.774,False,3092.6,226.76,660662.8,,,0.75,False,False,False
7.062800800000001,1762,29.0,270.0,12.006,111.78,241.0,99.774,241.0,99.774,False,3101.56,225.08,662120.4,,,0.75,False,False,False
7.066809200000001,1763,29.0,270.0,12.006,111.78,241.0,99.774,241.0,99.774,False,3118.84,225.84,661857.6000000001,,,0.75,False,False,False
7.070817600000001,1764,29.0,270.0,12.006,111.78,241.0,99.774,241.0,99.774,False,3111.16,222.16,662786.0,,,0.75,False,False,False
7.074826000000001,1765,29.0,270.0,12.006,111.78,241.0,99.774,241.0,99.774,False,3119.52,223.16,663142.2000000001,,,0.75,False,False,False
7.078834400000001,1766,29.0,270.0,12.006,111.78,241.0,99.774,241.0,99.774,False,3142.6,227.28,663857.6,,,0.75,False,False,False
7.082842800000001,1767,29.0,270.0,12.006,111.78,241.0,99.774,241.0,99.774,False,3127.64,227.8,662657.2,,,0.75,False,False,False
7.086851200000001,1768,29.0,270.0,12.006,111.78,241.0,99.774,241.0,99.774,False,3130.04,225.2,662898.0,,,0.75,False,False,False
7.090859600000001,1769,29.0,270.0,12.006,111.78,241.0,99.774,241.0,99.774,False,3159.84,218.92,662507.0,,,0.75,False,False,False
7.094868000000001,1770,29.0,270.0,12.006,111.78,241.0,99.774,241.0,99.774,False,3137.68,220.08,661173.8,,,0.75,False,False,False
7.098876400000001,1771,30.0,270.0,12.42,111.78,240.0,99.36,240.0,99.36,False,3144.7999999999997,218.2,661318.2000000001,,,0.75,False,False,False
7.102884800000001,1772,30.0,270.0,12.42,111.78,240.0,99.36,240.0,99.36,False,3151.3599999999997,220.88,660902.0,,,0.75,False,False,False
7.106893200000001,1773,30.0,270.0,12.42,111.78,240.0,99.36,240.0,99.36,False,3111.36,220.96,660219.4,,,0.75,False,False,False
7.110901600000001,1774,30.0,270.0,12.42,111.78,240.0,99.36,240.0,99.36,False,3108.44,219.04,660205.6,,,0.75,False,False,False
7.114910000000001,1775,30.0,270.0,12.42,111.78,240.0,99.36,240.0,99.36,False,3137.3599999999997,222.12,660728.8,,,0.75,False,False,False
7.118918400000001,1776,30.0,270.0,12.42,111.78,240.0,99.36,240.0,99.36,False,3170.8799999999997,217.72,659671.6000000001,,,0.75,False,False,False
7.122926800000001,1777,30.0,270.0,12.42,111.78,240.0,99.36,240.0,99.36,False,3179.12,219.72,659143.2000000001,,,0.75,False,False,False
7.126935200000001,1778,30.0,270.0,12.42,111.78,240.0,99.36,240.0,99.36,False,3162.56,220.48,658632.9999999999,,,0.75,False,False,False
7.130943600000001,1779,30.0,270.0,12.42,111.78,240.0,99.36,240.0,99.36,False,3142.16,222.88,657158.8,,,0.75,False,False,False
7.134952000000001,1780,30.0,270.0,12.42,111.78,240.0,99.36,240.0,99.36,False,3144.2,218.84,656894.8,,,0.75,False,False,False
7.138960400000001,1781,31.0,270.0,12.834,111.78,239.0,98.946,239.0,98.946,False,3127.04,212.88,656134.8,,,0.75,False,False,False
7.142968800000001,1782,31.0,270.0,12.834,111.78,239.0,98.946,239.0,98.946,False,3153.44,212.24,655375.8,,,0.75,False,False,False
7.146977200000001,1783,31.0,270.0,12.834,111.78,239.0,98.946,239.0,98.946,False,3128.6399999999994,211.16,654293.0,,,0.75,False,False,False
7.150985600000001,1784,31.0,270.0,12.834,111.78,239.0,98.946,239.0,98.946,False,3120.0,213.12,652819.8,,,0.75,False,False,False
7.154994000000001,1785,31.0,270.0,12.834,111.78,239.0,98.946,239.0,98.946,False,3109.1600000000003,211.4,650585.8,,,0.75,False,False,False
7.159002400000001,1786,31.0,269.0,12.834,111.366,238.0,98.532,239.0,98.946,True,3115.6,210.64,650361.6000000001,,,0.75,False,False,False
7.163010800000001,1787,31.0,270.0,12.834,111.78,239.0,98.946,238.0,98.532,True,3121.96,212.24,649753.2000000001,,,0.75,False,False,False
7.167019200000001,1788,31.0,269.0,12.834,111.366,238.0,98.532,238.0,98.532,False,3117.2799999999997,216.72,648648.6000000001,,,0.75,False,False,False
7.171027600000001,1789,31.0,269.0,12.834,111.366,238.0,98.532,238.0,98.532,False,3110.32,215.96,647421.3999999999,,,0.75,False,False,False
7.175036000000001,1790,31.0,269.0,12.834,111.366,238.0,98.532,238.0,98.532,False,3120.3199999999997,217.6,647333.3999999999,,,0.75,False,False,False
7.179044400000001,1791,31.0,270.0,12.834,111.78,239.0,98.946,238.0,98.532,True,3098.6,214.12,644441.7999999999,,,0.75,False,False,False
7.1830528000000005,1792,32.0,269.0,13.248,111.366,237.0,98.118,237.0,98.118,False,3096.16,215.64,642723.8,,,0.75,False,False,False
7.1870612000000005,1793,32.0,269.0,13.248,111.366,237.0,98.118,237.0,98.118,False,3090.0,210.44,641261.6000000001,,,0.75,False,False,False
7.1910696000000005,1794,32.0,269.0,13.248,111.366,237.0,98.118,237.0,98.118,False,3070.72,209.68,639940.6,,,0.75,False,False,False
7.1950780000000005,1795,32.0,269.0,13.248,111.366,237.0,98.118,237.0,98.118,False,3048.3599999999997,209.64,638796.0,,,0.75,False,False,False
7.1990864000000006,1796,32.0,269.0,13.248,111.366,237.0,98.118,237.0,98.118,False,3042.96,205.04,638192.8,,,0.75,False,False,False
7.203094800000001,1797,32.0,269.0,13.248,111.366,237.0,98.118,237.0,98.118,False,3053.88,202.52,636898.2,,,0.75,False,False,False
7.207103200000001,1798,32.0,269.0,13.248,111.366,237.0,98.118,237.0,98.118,False,3057.88,204.72,635385.0,,,0.75,False,False,False
7.211111600000001,1799,32.0,269.0,13.248,111.366,237.0,98.118,237.0,98.118,False,3058.08,205.72,634999.2000000001,,,0.75,False,False,False
7.215120000000001,1800,32.0,269.0,13.248,111.366,237.0,98.118,237.0,98.118,False,3059.48,200.76,633326.3999999999,,,0.75,False,False,False
7.219128400000001,1801,32.0,269.0,13.248,111.366,237.0,98.118,237.0,98.118,False,3029.12,208.68,632160.6,,,0.75,False,False,False
7.223136800000001,1802,32.0,269.0,13.248,111.366,237.0,98.118,237.0,98.118,False,3013.24,208.96,630613.3999999999,,,0.75,False,False,False
7.227145200000001,1803,32.0,269.0,13.248,111.366,237.0,98.118,237.0,98.118,False,3034.8799999999997,204.6,629883.0,,,0.75,False,False,False
7.231153600000001,1804,32.0,269.0,13.248,111.366,237.0,98.118,237.0,98.118,False,3043.64,203.96,629510.0,,,0.75,False,False,False
7.235162000000001,1805,32.0,269.0,13.248,111.366,237.0,98.118,237.0,98.118,False,3050.2,200.52,628135.6,,,0.75,False,False,False
7.239170400000001,1806,32.0,269.0,13.248,111.366,237.0,98.118,237.0,98.118,False,3049.48,197.48,627196.0,,,0.75,False,False,False
7.243178800000001,1807,32.0,269.0,13.248,111.366,237.0,98.118,237.0,98.118,False,3043.16,198.92,626293.2,,,0.75,False,False,False
7.247187200000001,1808,32.0,269.0,13.248,111.366,237.0,98.118,237.0,98.118,False,3013.32,203.08,624686.4,,,0.75,False,False,False
7.251195600000001,1809,33.0,269.0,13.662,111.366,236.0,97.704,236.0,97.704,False,3010.28,204.84,623028.6,,,0.75,False,False,False
7.255204000000001,1810,33.0,269.0,13.662,111.366,236.0,97.704,236.0,97.704,False,2998.76,202.48,621696.6,,,0.75,False,False,False
7.259212400000001,1811,33.0,269.0,13.662,111.366,236.0,97.704,236.0,97.704,False,2981.0,198.16,619617.6,,,0.75,False,False,False
7.263220800000001,1812,33.0,269.0,13.662,111.366,236.0,97.704,236.0,97.704,False,2979.5199999999995,204.24,618153.0,,,0.75,False,False,False
7.267229200000001,1813,33.0,269.0,13.662,111.366,236.0,97.704,236.0,97.704,False,2978.36,205.04,617043.8,,,0.75,False,False,False
7.271237600000001,1814,33.0,268.0,13.662,110.952,235.0,97.29,235.0,97.29,False,3004.6000000000004,205.88,615395.3999999999,,,0.75,False,False,False
7.275246000000001,1815,33.0,268.0,13.662,110.952,235.0,97.29,235.0,97.29,False,2994.08,202.68,613780.4,,,0.75,False,False,False
7.279254400000001,1816,33.0,268.0,13.662,110.952,235.0,97.29,235.0,97.29,False,2997.24,199.0,612492.8,,,0.75,False,False,False
7.283262800000001,1817,33.0,268.0,13.662,110.952,235.0,97.29,235.0,97.29,False,2979.36,192.88,611305.2,,,0.75,False,False,False
7.287271200000001,1818,33.0,268.0,13.662,110.952,235.0,97.29,235.0,97.29,False,2974.76,193.88,609230.2,,,0.75,False,False,False
7.291279600000001,1819,33.0,268.0,13.662,110.952,235.0,97.29,235.0,97.29,False,2939.2799999999997,195.52,607480.3999999999,,,0.75,False,False,False
7.295288000000001,1820,33.0,268.0,13.662,110.952,235.0,97.29,235.0,97.29,False,2948.32,194.4,606116.2,,,0.75,False,False,False
7.299296400000001,1821,34.0,269.0,14.076,111.366,235.0,97.29,235.0,97.29,False,2932.8399999999997,191.28,605113.0,,,0.75,False,False,False
7.303304800000001,1822,34.0,269.0,14.076,111.366,235.0,97.29,235.0,97.29,False,2943.08,193.76,603278.3999999999,,,0.75,False,False,False
7.307313200000001,1823,34.0,269.0,14.076,111.366,235.0,97.29,235.0,97.29,False,2962.04,191.24,602293.3999999999,,,0.75,False,False,False
7.311321600000001,1824,34.0,269.0,14.076,111.366,235.0,97.29,235.0,97.29,False,2928.68,191.16,600518.7999999999,,,0.75,False,False,False
7.315330000000001,1825,34.0,269.0,14.076,111.366,235.0,97.29,235.0,97.29,False,2928.44,192.6,598795.4000000001,,,0.75,False,False,False
7.319338400000001,1826,35.0,269.0,14.489999999999998,111.366,234.0,96.876,234.0,96.876,False,2913.68,194.84,595972.8,,,0.75,False,False,False
7.323346800000001,1827,35.0,269.0,14.489999999999998,111.366,234.0,96.876,234.0,96.876,False,2909.6,190.28,593159.6,,,0.75,False,False,False
7.327355200000001,1828,35.0,269.0,14.489999999999998,111.366,234.0,96.876,234.0,96.876,False,2919.1200000000003,192.68,591472.3999999999,,,0.75,False,False,False
7.331363600000001,1829,35.0,269.0,14.489999999999998,111.366,234.0,96.876,234.0,96.876,False,2898.48,193.16,589785.6,,,0.75,False,False,False
7.335372000000001,1830,35.0,269.0,14.489999999999998,111.366,234.0,96.876,234.0,96.876,False,2888.28,193.92,588384.4,,,0.75,False,False,False
7.339380400000001,1831,36.0,269.0,14.904,111.366,233.0,96.462,233.0,96.462,False,2867.3599999999997,191.84,587591.2000000001,,,0.75,False,False,False
7.3433888,1832,36.0,269.0,14.904,111.366,233.0,96.462,233.0,96.462,False,2857.6,194.88,586261.0,,,0.75,False,False,False
7.3473972,1833,36.0,269.0,14.904,111.366,233.0,96.462,233.0,96.462,False,2860.88,192.04,584667.3999999999,,,0.75,False,False,False
7.3514056,1834,36.0,269.0,14.904,111.366,233.0,96.462,233.0,96.462,False,2850.08,194.8,582927.0,,,0.75,False,False,False
7.355414000000001,1835,36.0,268.0,14.904,110.952,232.0,96.048,232.0,96.048,False,2840.76,195.12,580263.3999999999,,,0.75,False,False,False
7.359422400000001,1836,36.0,268.0,14.904,110.952,232.0,96.048,232.0,96.048,False,2829.04,197.88,578068.8,,,0.75,False,False,False
7.363430800000001,1837,36.0,268.0,14.904,110.952,232.0,96.048,232.0,96.048,False,2837.32,197.8,576841.6000000001,,,0.75,False,False,False
7.367439200000001,1838,36.0,268.0,14.904,110.952,232.0,96.048,232.0,96.048,False,2828.76,196.56,574650.2,,,0.75,False,False,False
7.371447600000001,1839,36.0,268.0,14.904,110.952,232.0,96.048,232.0,96.048,False,2816.64,195.24,572349.2,,,0.75,False,False,False
7.375456000000001,1840,36.0,268.0,14.904,110.952,232.0,96.048,232.0,96.048,False,2818.68,189.96,571495.6,,,0.75,False,False,False
7.379464400000001,1841,36.0,268.0,14.904,110.952,232.0,96.048,232.0,96.048,False,2804.64,185.84,569437.6,,,0.75,False,False,False
7.383472800000001,1842,36.0,268.0,14.904,110.952,232.0,96.048,232.0,96.048,False,2807.4,184.88,568080.6,,,0.75,False,False,False
7.387481200000001,1843,36.0,268.0,14.904,110.952,232.0,96.048,232.0,96.048,False,2817.7200000000003,188.76,566686.0,,,0.75,False,False,False
7.391489600000001,1844,36.0,268.0,14.904,110.952,232.0,96.048,232.0,96.048,False,2788.64,187.32,564957.2,,,0.75,False,False,False
7.395498000000001,1845,36.0,268.0,14.904,110.952,232.0,96.048,232.0,96.048,False,2766.56,185.24,563069.7999999999,,,0.75,False,False,False
7.399506400000001,1846,36.0,268.0,14.904,110.952,232.0,96.048,232.0,96.048,False,2761.0799999999995,187.4,562219.8,,,0.75,False,False,False
7.403514800000001,1847,36.0,268.0,14.904,110.952,232.0,96.048,232.0,96.048,False,2744.8799999999997,183.08,559589.2,,,0.75,False,False,False
7.407523200000001,1848,35.0,268.0,14.489999999999998,110.952,233.0,96.462,233.0,96.462,False,2742.08,185.64,557678.2,,,0.75,False,False,False
7.411531600000001,1849,35.0,268.0,14.489999999999998,110.952,233.0,96.462,233.0,96.462,False,2736.0,185.64,555955.2,,,0.75,False,False,False
7.415540000000001,1850,35.0,269.0,14.489999999999998,111.366,234.0,96.876,233.0,96.462,True,2723.64,187.24,554719.0,,,0.75,False,False,False
7.419548400000001,1851,35.0,268.0,14.489999999999998,110.952,233.0,96.462,233.0,96.462,False,2704.4799999999996,183.6,552472.6,,,0.75,False,False,False
7.423556800000001,1852,35.0,268.0,14.489999999999998,110.952,233.0,96.462,233.0,96.462,False,2711.64,186.32,551498.0,,,0.75,False,False,False
7.427565200000001,1853,35.0,268.0,14.489999999999998,110.952,233.0,96.462,233.0,96.462,False,2688.24,186.72,549795.6000000001,,,0.75,False,False,False
7.431573600000001,1854,36.0,268.0,14.904,110.952,232.0,96.048,233.0,96.462,True,2695.68,184.84,548127.8,,,0.75,False,False,False
7.435582000000001,1855,35.0,268.0,14.489999999999998,110.952,233.0,96.462,233.0,96.462,False,2672.44,187.24,545883.0,,,0.75,False,False,False
7.439590400000001,1856,35.0,268.0,14.489999999999998,110.952,233.0,96.462,233.0,96.462,False,2648.6800000000003,185.88,543657.0,,,0.75,False,False,False
7.443598800000001,1857,35.0,268.0,14.489999999999998,110.952,233.0,96.462,233.0,96.462,False,2648.2799999999997,190.12,542052.8,,,0.75,False,False,False
7.447607200000001,1858,35.0,268.0,14.489999999999998,110.952,233.0,96.462,233.0,96.462,False,2638.76,190.84,539922.6,,,0.75,False,False,False
7.451615600000001,1859,35.0,268.0,14.489999999999998,110.952,233.0,96.462,233.0,96.462,False,2635.8799999999997,191.36,538135.8,,,0.75,False,False,False
7.455624000000001,1860,35.0,268.0,14.489999999999998,110.952,233.0,96.462,233.0,96.462,False,2610.04,188.72,535941.6,,,0.75,False,False,False
7.459632400000001,1861,35.0,268.0,14.489999999999998,110.952,233.0,96.462,233.0,96.462,False,2600.0,184.16,534156.3999999999,,,0.75,False,False,False
7.463640800000001,1862,35.0,268.0,14.489999999999998,110.952,233.0,96.462,233.0,96.462,False,2593.3599999999997,179.6,531512.6000000001,,,0.75,False,False,False
7.467649200000001,1863,35.0,269.0,14.489999999999998,111.366,234.0,96.876,233.0,96.462,True,2593.96,181.92,529532.2,,,0.75,False,False,False
7.471657600000001,1864,35.0,269.0,14.489999999999998,111.366,234.0,96.876,233.0,96.462,True,2572.4799999999996,183.76,527678.2,,,0.75,False,False,False
7.475666000000001,1865,35.0,268.0,14.489999999999998,110.952,233.0,96.462,234.0,96.876,True,2563.92,183.88,525713.2,,,0.75,False,False,False
7.479674400000001,1866,35.0,268.0,14.489999999999998,110.952,233.0,96.462,233.0,96.462,False,2562.4799999999996,181.48,523386.1999999999,,,0.75,False,False,False
7.483682800000001,1867,35.0,269.0,14.489999999999998,111.366,234.0,96.876,233.0,96.462,True,2547.44,184.76,521765.4,,,0.75,False,False,False
7.487691200000001,1868,35.0,268.0,14.489999999999998,110.952,233.0,96.462,233.0,96.462,False,2538.72,187.68,519827.2,,,0.75,False,False,False
7.491699600000001,1869,35.0,268.0,14.489999999999998,110.952,233.0,96.462,233.0,96.462,False,2539.96,189.12,516874.0,,,0.75,False,False,False
7.495708000000001,1870,35.0,268.0,14.489999999999998,110.952,233.0,96.462,233.0,96.462,False,2523.96,184.08,515038.1999999999,,,0.75,False,False,False
7.4997164,1871,35.0,268.0,14.489999999999998,110.952,233.0,96.462,233.0,96.462,False,2499.8399999999997,186.4,513396.0,,,0.75,False,False,False
7.5037248,1872,35.0,268.0,14.489999999999998,110.952,233.0,96.462,233.0,96.462,False,2477.76,186.28,510996.8,,,0.75,False,False,False
7.5077332,1873,35.0,268.0,14.489999999999998,110.952,233.0,96.462,233.0,96.462,False,2484.6,183.68,508769.8,,,0.75,False,False,False
7.511741600000001,1874,35.0,268.0,14.489999999999998,110.952,233.0,96.462,233.0,96.462,False,2479.16,183.64,507129.6,,,0.75,False,False,False
7.515750000000001,1875,35.0,268.0,14.489999999999998,110.952,233.0,96.462,233.0,96.462,False,2464.3199999999997,188.0,505046.0,,,0.75,False,False,False
7.519758400000001,1876,35.0,268.0,14.489999999999998,110.952,233.0,96.462,233.0,96.462,False,2450.44,187.24,502623.1999999999,,,0.75,False,False,False
7.523766800000001,1877,35.0,268.0,14.489999999999998,110.952,233.0,96.462,233.0,96.462,False,2470.76,187.48,500543.1999999999,,,0.75,False,False,False
7.527775200000001,1878,35.0,268.0,14.489999999999998,110.952,233.0,96.462,233.0,96.462,False,2442.96,185.48,498125.6,,,0.75,False,False,False
7.531783600000001,1879,35.0,268.0,14.489999999999998,110.952,233.0,96.462,233.0,96.462,False,2413.08,185.28,495904.1999999999,,,0.75,False,False,False
7.535792000000001,1880,35.0,268.0,14.489999999999998,110.952,233.0,96.462,233.0,96.462,False,2414.8,181.04,493181.8000000001,,,0.75,False,False,False
7.539800400000001,1881,35.0,268.0,14.489999999999998,110.952,233.0,96.462,233.0,96.462,False,2399.24,178.56,491026.0,,,0.75,False,False,False
7.543808800000001,1882,35.0,268.0,14.489999999999998,110.952,233.0,96.462,233.0,96.462,False,2377.0,179.72,489368.8000000001,,,0.75,False,False,False
7.547817200000001,1883,35.0,268.0,14.489999999999998,110.952,233.0,96.462,233.0,96.462,False,2381.84,181.96,488138.6,,,0.75,False,False,False
7.551825600000001,1884,35.0,268.0,14.489999999999998,110.952,233.0,96.462,233.0,96.462,False,2393.08,183.16,486505.99999999994,,,0.75,False,False,False
7.555834000000001,1885,35.0,268.0,14.489999999999998,110.952,233.0,96.462,233.0,96.462,False,2376.64,180.68,485451.2,,,0.75,False,False,False
7.559842400000001,1886,35.0,268.0,14.489999999999998,110.952,233.0,96.462,233.0,96.462,False,2383.92,179.68,484221.2,,,0.75,False,False,False
7.563850800000001,1887,35.0,268.0,14.489999999999998,110.952,233.0,96.462,233.0,96.462,False,2371.24,175.20000000000002,481843.2,,,0.75,False,False,False
7.567859200000001,1888,35.0,268.0,14.489999999999998,110.952,233.0,96.462,233.0,96.462,False,2345.12,172.56,479558.6,,,0.75,False,False,False
7.571867600000001,1889,35.0,268.0,14.489999999999998,110.952,233.0,96.462,233.0,96.462,False,2310.4,177.16000000000005,477770.8000000001,,,0.75,False,False,False
7.575876000000001,1890,35.0,268.0,14.489999999999998,110.952,233.0,96.462,233.0,96.462,False,2305.9599999999996,181.68,475287.2,,,0.75,False,False,False
7.579884400000001,1891,35.0,268.0,14.489999999999998,110.952,233.0,96.462,233.0,96.462,False,2291.3999999999996,181.00000000000003,472884.6,,,0.75,False,False,False
7.583892800000001,1892,35.0,268.0,14.489999999999998,110.952,233.0,96.462,233.0,96.462,False,2281.56,179.24,471219.8,,,0.75,False,False,False
7.587901200000001,1893,35.0,268.0,14.489999999999998,110.952,233.0,96.462,233.0,96.462,False,2299.08,180.44,470001.4,,,0.75,False,False,False
7.591909600000001,1894,35.0,268.0,14.489999999999998,110.952,233.0,96.462,233.0,96.462,False,2287.7999999999997,177.28,468614.4,,,0.75,False,False,False
7.595918000000001,1895,35.0,268.0,14.489999999999998,110.952,233.0,96.462,233.0,96.462,False,2270.0,178.39999999999998,467333.6,,,0.75,False,False,False
7.599926400000001,1896,35.0,268.0,14.489999999999998,110.952,233.0,96.462,233.0,96.462,False,2250.3999999999996,183.4,465909.4,,,0.75,False,False,False
7.603934800000001,1897,35.0,268.0,14.489999999999998,110.952,233.0,96.462,233.0,96.462,False,2244.76,183.6,464230.6,,,0.75,False,False,False
7.607943200000001,1898,35.0,268.0,14.489999999999998,110.952,233.0,96.462,233.0,96.462,False,2254.6,183.6,462332.0,,,0.75,False,False,False
7.611951600000001,1899,35.0,268.0,14.489999999999998,110.952,233.0,96.462,233.0,96.462,False,2219.68,180.96,460298.79999999993,,,0.75,False,False,False
7.615960000000001,1900,35.0,268.0,14.489999999999998,110.952,233.0,96.462,233.0,96.462,False,2209.28,176.92,458031.4,,,0.75,False,False,False
7.619968400000001,1901,35.0,269.0,14.489999999999998,111.366,234.0,96.876,233.0,96.462,True,2214.12,177.8,456181.20000000007,,,0.75,False,False,False
7.623976800000001,1902,35.0,268.0,14.489999999999998,110.952,233.0,96.462,234.0,96.876,True,2195.5199999999995,177.92,454083.2,,,0.75,False,False,False
7.627985200000001,1903,35.0,269.0,14.489999999999998,111.366,234.0,96.876,234.0,96.876,False,2180.52,180.24,452701.6,,,0.75,False,False,False
7.631993600000001,1904,35.0,269.0,14.489999999999998,111.366,234.0,96.876,234.0,96.876,False,2161.08,179.44,450256.4,,,0.75,False,False,False
7.636002000000001,1905,34.0,269.0,14.076,111.366,235.0,97.29,234.0,96.876,True,2144.88,182.08,449039.6,,,0.75,False,False,False
7.640010400000001,1906,34.0,268.0,14.076,110.952,234.0,96.876,234.0,96.876,False,2161.24,178.92,448745.8000000001,,,0.75,False,False,False
7.644018800000001,1907,34.0,268.0,14.076,110.952,234.0,96.876,234.0,96.876,False,2148.48,174.16,447844.8,,,0.75,False,False,False
7.648027200000001,1908,34.0,268.0,14.076,110.952,234.0,96.876,234.0,96.876,False,2141.92,177.28,445866.0,,,0.75,False,False,False
7.652035600000001,1909,34.0,268.0,14.076,110.952,234.0,96.876,234.0,96.876,False,2132.7999999999997,176.84,445184.8000000001,,,0.75,False,False,False
7.656044000000001,1910,34.0,268.0,14.076,110.952,234.0,96.876,234.0,96.876,False,2146.24,177.76,443645.0,,,0.75,False,False,False
7.6600524,1911,34.0,268.0,14.076,110.952,234.0,96.876,234.0,96.876,False,2111.12,182.04,441205.20000000007,,,0.75,False,False,False
7.664060800000001,1912,34.0,268.0,14.076,110.952,234.0,96.876,234.0,96.876,False,2101.48,177.96,439829.20000000007,,,0.75,False,False,False
7.668069200000001,1913,34.0,268.0,14.076,110.952,234.0,96.876,234.0,96.876,False,2100.3599999999997,180.4,438501.6,,,0.75,False,False,False
7.672077600000001,1914,34.0,268.0,14.076,110.952,234.0,96.876,234.0,96.876,False,2100.48,183.68,437249.0,,,0.75,False,False,False
7.676086000000001,1915,34.0,268.0,14.076,110.952,234.0,96.876,234.0,96.876,False,2107.92,181.72,436868.6,,,0.75,False,False,False
7.680094400000001,1916,34.0,268.0,14.076,110.952,234.0,96.876,234.0,96.876,False,2112.52,182.28,436057.4,,,0.75,False,False,False
7.684102800000001,1917,34.0,269.0,14.076,111.366,235.0,97.29,235.0,97.29,False,2106.48,183.28,435163.8000000001,,,0.75,False,False,False
7.688111200000001,1918,34.0,269.0,14.076,111.366,235.0,97.29,235.0,97.29,False,2080.1600000000003,179.4,434199.0,,,0.75,False,False,False
7.692119600000001,1919,34.0,269.0,14.076,111.366,235.0,97.29,235.0,97.29,False,2079.24,176.44,433935.6,,,0.75,False,False,False
7.696128000000001,1920,34.0,269.0,14.076,111.366,235.0,97.29,235.0,97.29,False,2067.12,178.07999999999998,432123.0,,,0.75,False,False,False
7.700136400000001,1921,34.0,269.0,14.076,111.366,235.0,97.29,235.0,97.29,False,2063.72,175.96,430879.1999999999,,,0.75,False,False,False
7.704144800000001,1922,34.0,269.0,14.076,111.366,235.0,97.29,235.0,97.29,False,2044.12,176.67999999999998,429910.6,,,0.75,False,False,False
7.708153200000001,1923,34.0,269.0,14.076,111.366,235.0,97.29,235.0,97.29,False,2030.24,174.52,428718.6,,,0.75,False,False,False
7.712161600000001,1924,34.0,269.0,14.076,111.366,235.0,97.29,235.0,97.29,False,2032.12,175.95999999999998,427257.20000000007,,,0.75,False,False,False
7.716170000000001,1925,34.0,268.0,14.076,110.952,234.0,96.876,235.0,97.29,True,2033.84,178.4,426311.0,,,0.75,False,False,False
7.720178400000001,1926,34.0,269.0,14.076,111.366,235.0,97.29,235.0,97.29,False,2011.2,180.72,425666.6,,,0.75,False,False,False
7.724186800000001,1927,34.0,269.0,14.076,111.366,235.0,97.29,235.0,97.29,False,1985.32,178.8,423972.8000000001,,,0.75,False,False,False
7.728195200000001,1928,34.0,269.0,14.076,111.366,235.0,97.29,235.0,97.29,False,1999.76,177.96,423339.2,,,0.75,False,False,False
7.732203600000001,1929,34.0,269.0,14.076,111.366,235.0,97.29,235.0,97.29,False,1980.2,179.88,422121.4,,,0.75,False,False,False
7.736212000000001,1930,34.0,269.0,14.076,111.366,235.0,97.29,235.0,97.29,False,1969.2,177.56,421363.2,,,0.75,False,False,False
7.740220400000001,1931,34.0,269.0,14.076,111.366,235.0,97.29,235.0,97.29,False,1972.44,181.76,420577.79999999993,,,0.75,False,False,False
7.744228800000001,1932,34.0,269.0,14.076,111.366,235.0,97.29,235.0,97.29,False,1977.3999999999996,180.2,420174.6,,,0.75,False,False,False
7.748237200000001,1933,33.0,270.0,13.662,111.78,237.0,98.118,237.0,98.118,False,1977.68,180.0,419130.8000000001,,,0.75,False,False,False
7.752245600000001,1934,33.0,270.0,13.662,111.78,237.0,98.118,237.0,98.118,False,1988.44,178.44,418133.0,,,0.75,False,False,False
7.756254000000001,1935,33.0,270.0,13.662,111.78,237.0,98.118,237.0,98.118,False,1985.4,176.36,417095.20000000007,,,0.75,False,False,False
7.760262400000001,1936,33.0,270.0,13.662,111.78,237.0,98.118,237.0,98.118,False,1985.32,177.12,415373.8000000001,,,0.75,False,False,False
7.764270800000001,1937,33.0,270.0,13.662,111.78,237.0,98.118,237.0,98.118,False,1970.92,177.44,413994.0,,,0.75,False,False,False
7.768279200000001,1938,33.0,270.0,13.662,111.78,237.0,98.118,237.0,98.118,False,1937.76,179.68,413004.8,,,0.75,False,False,False
7.772287600000001,1939,33.0,270.0,13.662,111.78,237.0,98.118,237.0,98.118,False,1936.24,178.12,411357.2,,,0.75,False,False,False
7.776296000000001,1940,32.0,270.0,13.248,111.78,238.0,98.532,238.0,98.532,False,1925.2,175.32,410242.2,,,0.75,False,False,False
7.780304400000001,1941,32.0,270.0,13.248,111.78,238.0,98.532,238.0,98.532,False,1902.84,170.36,409571.8,,,0.75,False,False,False
7.784312800000001,1942,32.0,270.0,13.248,111.78,238.0,98.532,238.0,98.532,False,1907.32,177.16,409103.0,,,0.75,False,False,False
7.788321200000001,1943,32.0,270.0,13.248,111.78,238.0,98.532,238.0,98.532,False,1901.8,177.07999999999998,408431.4,,,0.75,False,False,False
7.792329600000001,1944,32.0,270.0,13.248,111.78,238.0,98.532,238.0,98.532,False,1907.48,180.8,408328.6,,,0.75,False,False,False
7.796338000000001,1945,32.0,270.0,13.248,111.78,238.0,98.532,238.0,98.532,False,1883.0,181.0,406707.6,,,0.75,False,False,False
7.800346400000001,1946,32.0,270.0,13.248,111.78,238.0,98.532,238.0,98.532,False,1879.12,183.12,405025.0,,,0.75,False,False,False
7.804354800000001,1947,32.0,270.0,13.248,111.78,238.0,98.532,238.0,98.532,False,1872.04,181.6,403581.2,,,0.75,False,False,False
7.808363200000001,1948,32.0,270.0,13.248,111.78,238.0,98.532,238.0,98.532,False,1861.68,183.2,402353.6,,,0.75,False,False,False
7.812371600000001,1949,32.0,270.0,13.248,111.78,238.0,98.532,238.0,98.532,False,1861.12,180.96,401727.6,,,0.75,False,False,False
7.81638,1950,32.0,270.0,13.248,111.78,238.0,98.532,238.0,98.532,False,1854.12,179.96,401002.79999999993,,,0.75,False,False,False
7.820388400000001,1951,32.0,270.0,13.248,111.78,238.0,98.532,238.0,98.532,False,1867.52,180.68,401186.0,,,0.75,False,False,False
7.824396800000001,1952,32.0,270.0,13.248,111.78,238.0,98.532,238.0,98.532,False,1848.32,185.32,401135.8,,,0.75,False,False,False
7.828405200000001,1953,32.0,270.0,13.248,111.78,238.0,98.532,238.0,98.532,False,1842.84,186.68,399587.6,,,0.75,False,False,False
7.832413600000001,1954,32.0,270.0,13.248,111.78,238.0,98.532,238.0,98.532,False,1841.44,183.88,398764.8000000001,,,0.75,False,False,False
7.836422000000001,1955,32.0,270.0,13.248,111.78,238.0,98.532,238.0,98.532,False,1847.84,184.28,398568.0,,,0.75,False,False,False
7.840430400000001,1956,32.0,270.0,13.248,111.78,238.0,98.532,238.0,98.532,False,1850.32,183.0,398066.8000000001,,,0.75,False,False,False
7.844438800000001,1957,32.0,270.0,13.248,111.78,238.0,98.532,238.0,98.532,False,1821.96,182.16,396817.0,,,0.75,False,False,False
7.848447200000001,1958,32.0,270.0,13.248,111.78,238.0,98.532,238.0,98.532,False,1826.92,182.84,396577.2,,,0.75,False,False,False
7.852455600000001,1959,32.0,271.0,13.248,112.194,239.0,98.946,239.0,98.946,False,1823.6,183.64,395408.8000000001,,,0.75,False,False,False
7.856464000000001,1960,32.0,271.0,13.248,112.194,239.0,98.946,239.0,98.946,False,1833.16,185.04,394873.1999999999,,,0.75,False,False,False
7.860472400000001,1961,32.0,271.0,13.248,112.194,239.0,98.946,239.0,98.946,False,1829.16,186.92,393911.6,,,0.75,False,False,False
7.864480800000001,1962,32.0,271.0,13.248,112.194,239.0,98.946,239.0,98.946,False,1834.64,188.32,393688.6,,,0.75,False,False,False
7.868489200000001,1963,32.0,271.0,13.248,112.194,239.0,98.946,239.0,98.946,False,1841.0399999999995,189.96,392483.4,,,0.75,False,False,False
7.872497600000001,1964,32.0,271.0,13.248,112.194,239.0,98.946,239.0,98.946,False,1842.64,188.8,392192.1999999999,,,0.75,False,False,False
7.876506000000001,1965,32.0,271.0,13.248,112.194,239.0,98.946,239.0,98.946,False,1829.6399999999996,187.12,391006.0,,,0.75,False,False,False
7.880514400000001,1966,32.0,271.0,13.248,112.194,239.0,98.946,239.0,98.946,False,1815.32,188.6,390449.4,,,0.75,False,False,False
7.884522800000001,1967,32.0,271.0,13.248,112.194,239.0,98.946,239.0,98.946,False,1811.68,189.16,389249.4,,,0.75,False,False,False
7.888531200000001,1968,31.0,271.0,12.834,112.194,240.0,99.36,240.0,99.36,False,1806.84,190.08,389366.4,,,0.75,False,False,False
7.892539600000001,1969,31.0,271.0,12.834,112.194,240.0,99.36,240.0,99.36,False,1805.44,186.68,388675.1999999999,,,0.75,False,False,False
7.896548000000001,1970,31.0,271.0,12.834,112.194,240.0,99.36,240.0,99.36,False,1811.24,184.44,388203.4,,,0.75,False,False,False
7.900556400000001,1971,31.0,271.0,12.834,112.194,240.0,99.36,240.0,99.36,False,1808.52,184.24,386698.8,,,0.75,False,False,False
7.904564800000001,1972,31.0,271.0,12.834,112.194,240.0,99.36,240.0,99.36,False,1809.28,183.32,386231.6,,,0.75,False,False,False
7.908573200000001,1973,31.0,271.0,12.834,112.194,240.0,99.36,240.0,99.36,False,1799.6,187.08,385435.0,,,0.75,False,False,False
7.912581600000001,1974,31.0,271.0,12.834,112.194,240.0,99.36,240.0,99.36,False,1777.4399999999998,188.16,383735.8000000001,,,0.75,False,False,False
7.916590000000001,1975,31.0,271.0,12.834,112.194,240.0,99.36,240.0,99.36,False,1778.68,189.0,382897.4,,,0.75,False,False,False
7.920598400000001,1976,31.0,271.0,12.834,112.194,240.0,99.36,240.0,99.36,False,1762.0,189.68,382915.2,,,0.75,False,False,False
7.924606800000001,1977,31.0,271.0,12.834,112.194,240.0,99.36,240.0,99.36,False,1765.12,186.76,381947.4,,,0.75,False,False,False
7.928615200000001,1978,31.0,271.0,12.834,112.194,240.0,99.36,240.0,99.36,False,1775.8,186.04,381630.1999999999,,,0.75,False,False,False
7.932623600000001,1979,31.0,271.0,12.834,112.194,240.0,99.36,240.0,99.36,False,1769.72,184.24,381698.6,,,0.75,False,False,False
7.936632000000001,1980,31.0,271.0,12.834,112.194,240.0,99.36,240.0,99.36,False,1770.6,187.52,381349.8,,,0.75,False,False,False
7.940640400000001,1981,31.0,271.0,12.834,112.194,240.0,99.36,240.0,99.36,False,1758.9999999999998,184.96,379975.1999999999,,,0.75,False,False,False
7.944648800000001,1982,31.0,271.0,12.834,112.194,240.0,99.36,240.0,99.36,False,1746.4,185.12,379600.1999999999,,,0.75,False,False,False
7.948657200000001,1983,31.0,271.0,12.834,112.194,240.0,99.36,240.0,99.36,False,1748.96,186.2,379121.0,,,0.75,False,False,False
7.952665600000001,1984,31.0,272.0,12.834,112.608,241.0,99.774,241.0,99.774,False,1755.28,189.68,378891.4,,,0.75,False,False,False
7.956674000000001,1985,31.0,272.0,12.834,112.608,241.0,99.774,241.0,99.774,False,1762.2,188.28,378670.6,,,0.75,False,False,False
7.960682400000001,1986,31.0,272.0,12.834,112.608,241.0,99.774,241.0,99.774,False,1760.24,192.76,379139.1999999999,,,0.75,False,False,False
7.964690800000001,1987,31.0,272.0,12.834,112.608,241.0,99.774,241.0,99.774,False,1761.44,192.0,378568.2,,,0.75,False,False,False
7.968699200000001,1988,31.0,272.0,12.834,112.608,241.0,99.774,241.0,99.774,False,1748.64,189.4,377459.4,,,0.75,False,False,False
7.972707600000001,1989,30.0,272.0,12.42,112.608,242.0,100.188,242.0,100.188,False,1740.32,191.92,376926.4,,,0.75,False,False,False
7.976716000000001,1990,30.0,272.0,12.42,112.608,242.0,100.188,242.0,100.188,False,1743.1999999999998,193.2,376406.6,,,0.75,False,False,False
7.980724400000001,1991,30.0,272.0,12.42,112.608,242.0,100.188,242.0,100.188,False,1716.48,197.84,375415.0,,,0.75,False,False,False
7.984732800000001,1992,30.0,272.0,12.42,112.608,242.0,100.188,242.0,100.188,False,1709.9599999999998,199.6,374265.6,,,0.75,False,False,False
7.988741200000001,1993,30.0,272.0,12.42,112.608,242.0,100.188,242.0,100.188,False,1714.8,201.08,374144.79999999993,,,0.75,False,False,False
7.992749600000001,1994,30.0,272.0,12.42,112.608,242.0,100.188,242.0,100.188,False,1708.12,199.04,374150.0,,,0.75,False,False,False
7.996758000000001,1995,30.0,272.0,12.42,112.608,242.0,100.188,242.0,100.188,False,1702.0,204.32,373302.0,,,0.75,False,False,False
8.000766400000002,1996,30.0,272.0,12.42,112.608,242.0,100.188,242.0,100.188,False,1698.04,202.48,372636.0,,,0.75,False,False,False
8.004774800000002,1997,30.0,272.0,12.42,112.608,242.0,100.188,242.0,100.188,False,1697.2,203.8,372815.79999999993,,,0.75,False,False,False
8.008783200000002,1998,30.0,272.0,12.42,112.608,242.0,100.188,242.0,100.188,False,1690.76,204.36,372395.6,,,0.75,False,False,False
8.012791600000002,1999,30.0,272.0,12.42,112.608,242.0,100.188,242.0,100.188,False,1707.76,198.52,371353.6,,,0.75,False,False,False
8.016800000000002,2000,30.0,272.0,12.42,112.608,242.0,100.188,242.0,100.188,False,1692.72,197.52,370986.4,,,0.75,False,False,False
8.020808400000002,2001,30.0,272.0,12.42,112.608,242.0,100.188,242.0,100.188,False,1685.52,196.72,371258.2,,,0.75,False,False,False
8.024816800000002,2002,30.0,272.0,12.42,112.608,242.0,100.188,242.0,100.188,False,1697.52,198.72000000000003,371072.0,,,0.75,False,False,False
8.028825200000002,2003,30.0,272.0,12.42,112.608,242.0,100.188,242.0,100.188,False,1712.04,194.28,371659.2,,,0.75,False,False,False
8.032833600000002,2004,30.0,272.0,12.42,112.608,242.0,100.188,242.0,100.188,False,1695.88,190.68,372318.8000000001,,,0.75,False,False,False
8.036842000000002,2005,30.0,273.0,12.42,113.022,243.0,100.602,243.0,100.602,False,1713.4399999999998,195.48,372318.8,,,0.75,False,False,False
8.040850400000002,2006,30.0,273.0,12.42,113.022,243.0,100.602,243.0,100.602,False,1705.28,196.16,371918.8,,,0.75,False,False,False
8.044858800000002,2007,30.0,273.0,12.42,113.022,243.0,100.602,243.0,100.602,False,1702.4799999999998,197.72,370951.0,,,0.75,False,False,False
8.048867200000002,2008,29.0,272.0,12.006,112.608,243.0,100.602,243.0,100.602,False,1677.8,200.4,369652.4,,,0.75,False,False,False
8.0528756,2009,29.0,272.0,12.006,112.608,243.0,100.602,243.0,100.602,False,1659.72,198.0,368876.0,,,0.75,False,False,False
8.056884,2010,29.0,272.0,12.006,112.608,243.0,100.602,243.0,100.602,False,1682.72,201.4,368994.4,,,0.75,False,False,False
8.0608924,2011,29.0,272.0,12.006,112.608,243.0,100.602,243.0,100.602,False,1678.92,203.16,368445.2,,,0.75,False,False,False
8.0649008,2012,29.0,272.0,12.006,112.608,243.0,100.602,243.0,100.602,False,1680.9599999999998,204.52,368894.6,,,0.75,False,False,False
8.0689092,2013,29.0,272.0,12.006,112.608,243.0,100.602,243.0,100.602,False,1670.88,207.52,368870.0,,,0.75,False,False,False
8.0729176,2014,29.0,273.0,12.006,113.022,244.0,101.016,244.0,101.016,False,1676.88,202.28,368649.0,,,0.75,False,False,False
8.076926,2015,29.0,273.0,12.006,113.022,244.0,101.016,244.0,101.016,False,1650.88,205.68,368339.6,,,0.75,False,False,False
8.0809344,2016,29.0,274.0,12.006,113.436,245.0,101.43,245.0,101.43,False,1655.24,206.64,368516.0,,,0.75,False,False,False
8.0849428,2017,29.0,274.0,12.006,113.436,245.0,101.43,245.0,101.43,False,1654.04,202.32,368329.2,,,0.75,False,False,False
8.0889512,2018,29.0,274.0,12.006,113.436,245.0,101.43,245.0,101.43,False,1665.5600000000002,202.8,368863.8,,,0.75,False,False,False
8.0929596,2019,29.0,274.0,12.006,113.436,245.0,101.43,245.0,101.43,False,1654.52,196.92,368560.0,,,0.75,False,False,False
8.096968,2020,29.0,273.0,12.006,113.022,244.0,101.016,244.0,101.016,False,1655.0,202.12,367805.0,,,0.75,False,False,False
8.1009764,2021,29.0,273.0,12.006,113.022,244.0,101.016,244.0,101.016,False,1653.5599999999995,205.0,368006.8,,,0.75,False,False,False
8.1049848,2022,29.0,273.0,12.006,113.022,244.0,101.016,244.0,101.016,False,1655.6,206.96,368037.4,,,0.75,False,False,False
8.1089932,2023,29.0,273.0,12.006,113.022,244.0,101.016,244.0,101.016,False,1665.2,206.8,367323.4,,,0.75,False,False,False
8.1130016,2024,28.0,273.0,11.592,113.022,245.0,101.43,245.0,101.43,False,1673.28,208.32,367670.6,,,0.75,False,False,False
8.11701,2025,28.0,273.0,11.592,113.022,245.0,101.43,245.0,101.43,False,1659.2,205.76,367988.4,,,0.75,False,False,False
8.1210184,2026,28.0,273.0,11.592,113.022,245.0,101.43,245.0,101.43,False,1655.52,204.32,367282.4,,,0.75,False,False,False
8.1250268,2027,28.0,273.0,11.592,113.022,245.0,101.43,245.0,101.43,False,1652.4399999999998,201.92,366289.6,,,0.75,False,False,False
8.1290352,2028,28.0,273.0,11.592,113.022,245.0,101.43,245.0,101.43,False,1667.64,197.48,366227.6,,,0.75,False,False,False
8.1330436,2029,28.0,273.0,11.592,113.022,245.0,101.43,245.0,101.43,False,1648.92,201.64,365307.8,,,0.75,False,False,False
8.137052,2030,28.0,273.0,11.592,113.022,245.0,101.43,245.0,101.43,False,1651.96,199.2,365545.1999999999,,,0.75,False,False,False
8.1410604,2031,28.0,273.0,11.592,113.022,245.0,101.43,245.0,101.43,False,1644.32,200.04,365077.1999999999,,,0.75,False,False,False
8.1450688,2032,28.0,273.0,11.592,113.022,245.0,101.43,245.0,101.43,False,1650.6,200.32,365751.0,,,0.75,False,False,False
8.1490772,2033,28.0,273.0,11.592,113.022,245.0,101.43,245.0,101.43,False,1639.36,202.24,365303.4,,,0.75,False,False,False
8.1530856,2034,28.0,273.0,11.592,113.022,245.0,101.43,245.0,101.43,False,1654.4,199.44,365187.8,,,0.75,False,False,False
8.157094,2035,28.0,273.0,11.592,113.022,245.0,101.43,245.0,101.43,False,1645.36,205.56,364367.4,,,0.75,False,False,False
8.1611024,2036,28.0,273.0,11.592,113.022,245.0,101.43,245.0,101.43,False,1656.1999999999998,203.08,364329.0,,,0.75,False,False,False
8.1651108,2037,28.0,273.0,11.592,113.022,245.0,101.43,245.0,101.43,False,1648.6,200.76,362627.4,,,0.75,False,False,False
8.1691192,2038,27.0,273.0,11.178,113.022,246.0,101.844,246.0,101.844,False,1628.32,206.16,362265.6,,,0.75,False,False,False
8.1731276,2039,27.0,273.0,11.178,113.022,246.0,101.844,246.0,101.844,False,1627.84,205.64,361766.4,,,0.75,False,False,False
8.177136,2040,27.0,273.0,11.178,113.022,246.0,101.844,246.0,101.844,False,1626.16,202.76,361068.6,,,0.75,False,False,False
8.1811444,2041,28.0,274.0,11.592,113.436,246.0,101.844,246.0,101.844,False,1613.56,202.68,360363.4,,,0.75,False,False,False
8.185152800000001,2042,28.0,273.0,11.592,113.022,245.0,101.43,245.0,101.43,False,1630.12,207.52,360949.1999999999,,,0.75,False,False,False
8.189161200000001,2043,28.0,273.0,11.592,113.022,245.0,101.43,245.0,101.43,False,1627.12,203.96,360703.4,,,0.75,False,False,False
8.193169600000001,2044,28.0,273.0,11.592,113.022,245.0,101.43,245.0,101.43,False,1633.36,201.28,360848.6,,,0.75,False,False,False
8.197178000000001,2045,27.0,273.0,11.178,113.022,246.0,101.844,246.0,101.844,False,1655.9199999999998,202.0,361428.8,,,0.75,False,False,False
8.201186400000001,2046,27.0,273.0,11.178,113.022,246.0,101.844,246.0,101.844,False,1668.4799999999998,201.36,361170.6,,,0.75,False,False,False
8.205194800000001,2047,27.0,273.0,11.178,113.022,246.0,101.844,246.0,101.844,False,1659.44,200.32,361032.4,,,0.75,False,False,False
8.209203200000001,2048,27.0,273.0,11.178,113.022,246.0,101.844,246.0,101.844,False,1655.76,198.92,360576.1999999999,,,0.75,False,False,False
8.213211600000001,2049,27.0,274.0,11.178,113.436,247.0,102.258,247.0,102.258,False,1658.64,201.36,360251.4,,,0.75,False,False,False
8.217220000000001,2050,27.0,274.0,11.178,113.436,247.0,102.258,247.0,102.258,False,1651.52,201.56,358609.80000000005,,,0.75,False,False,False
8.221228400000001,2051,27.0,274.0,11.178,113.436,247.0,102.258,247.0,102.258,False,1652.88,201.0,358238.6,,,0.75,False,False,False
8.225236800000001,2052,27.0,274.0,11.178,113.436,247.0,102.258,247.0,102.258,False,1659.1999999999998,202.72,357543.0,,,0.75,False,False,False
8.229245200000001,2053,27.0,273.0,11.178,113.022,246.0,101.844,246.0,101.844,False,1643.24,205.96,357517.2,,,0.75,False,False,False
8.233253600000001,2054,27.0,273.0,11.178,113.022,246.0,101.844,246.0,101.844,False,1633.0,204.36,356214.2,,,0.75,False,False,False
8.237262000000001,2055,27.0,273.0,11.178,113.022,246.0,101.844,246.0,101.844,False,1618.72,199.8,356020.19999999995,,,0.75,False,False,False
8.241270400000001,2056,26.0,273.0,10.764,113.022,247.0,102.258,247.0,102.258,False,1610.32,195.6,356012.6,,,0.75,False,False,False
8.245278800000001,2057,26.0,273.0,10.764,113.022,247.0,102.258,247.0,102.258,False,1600.72,192.72,355602.19999999995,,,0.75,False,False,False
8.249287200000001,2058,26.0,273.0,10.764,113.022,247.0,102.258,247.0,102.258,False,1604.8,191.72,354213.2,,,0.75,False,False,False
8.253295600000001,2059,26.0,273.0,10.764,113.022,247.0,102.258,247.0,102.258,False,1595.2399999999998,192.28,353787.6,,,0.75,False,False,False
8.257304000000001,2060,26.0,273.0,10.764,113.022,247.0,102.258,247.0,102.258,False,1596.76,197.36,353578.0,,,0.75,False,False,False
8.261312400000001,2061,26.0,273.0,10.764,113.022,247.0,102.258,247.0,102.258,False,1589.24,194.76,352059.4,,,0.75,False,False,False
8.265320800000001,2062,26.0,273.0,10.764,113.022,247.0,102.258,247.0,102.258,False,1611.88,196.32,351088.6,,,0.75,False,False,False
8.269329200000001,2063,26.0,273.0,10.764,113.022,247.0,102.258,247.0,102.258,False,1598.88,201.32,350259.2,,,0.75,False,False,False
8.273337600000001,2064,26.0,273.0,10.764,113.022,247.0,102.258,247.0,102.258,False,1569.4,202.56,349177.0,,,0.75,False,False,False
8.277346000000001,2065,26.0,273.0,10.764,113.022,247.0,102.258,247.0,102.258,False,1576.3199999999997,199.56,347828.80000000005,,,0.75,False,False,False
8.281354400000001,2066,26.0,273.0,10.764,113.022,247.0,102.258,247.0,102.258,False,1570.7999999999995,201.16,347102.4,,,0.75,False,False,False
8.285362800000001,2067,26.0,274.0,10.764,113.436,248.0,102.672,247.0,102.258,True,1571.4399999999998,205.52,346031.0,,,0.75,False,False,False
8.289371200000001,2068,26.0,274.0,10.764,113.436,248.0,102.672,247.0,102.258,True,1565.8,201.64,345544.4,,,0.75,False,False,False
8.293379600000002,2069,26.0,273.0,10.764,113.022,247.0,102.258,248.0,102.672,True,1576.1999999999998,200.6,345161.0,,,0.75,False,False,False
8.297388000000002,2070,26.0,273.0,10.764,113.022,247.0,102.258,248.0,102.672,True,1579.12,199.12,344490.60000000003,,,0.75,False,False,False
8.301396400000002,2071,25.0,274.0,10.35,113.436,249.0,103.086,248.0,102.672,True,1558.48,195.48,344422.4,,,0.75,False,False,False
8.305404800000002,2072,25.0,273.0,10.35,113.022,248.0,102.672,248.0,102.672,False,1563.32,193.48,344381.80000000005,,,0.75,False,False,False
8.309413200000002,2073,25.0,273.0,10.35,113.022,248.0,102.672,248.0,102.672,False,1546.36,192.8,343589.0,,,0.75,False,False,False
8.313421600000002,2074,25.0,274.0,10.35,113.436,249.0,103.086,248.0,102.672,True,1534.36,197.0,342702.6,,,0.75,False,False,False
8.317430000000002,2075,25.0,273.0,10.35,113.022,248.0,102.672,248.0,102.672,False,1543.9999999999998,199.36,342519.0,,,0.75,False,False,False
8.321438400000002,2076,25.0,273.0,10.35,113.022,248.0,102.672,248.0,102.672,False,1546.72,199.4,341514.99999999994,,,0.75,False,False,False
8.325446800000002,2077,25.0,273.0,10.35,113.022,248.0,102.672,248.0,102.672,False,1530.3199999999997,202.8,340580.0,,,0.75,False,False,False
8.329455200000002,2078,25.0,272.0,10.35,112.608,247.0,102.258,247.0,102.258,False,1543.08,200.52,339994.4,,,0.75,False,False,False
8.333463600000002,2079,25.0,272.0,10.35,112.608,247.0,102.258,247.0,102.258,False,1536.12,200.12,339055.4,,,0.75,False,False,False
8.337472000000002,2080,25.0,272.0,10.35,112.608,247.0,102.258,247.0,102.258,False,1524.28,203.16,338219.60000000003,,,0.75,False,False,False
8.341480400000002,2081,25.0,272.0,10.35,112.608,247.0,102.258,247.0,102.258,False,1539.12,199.44,337628.39999999997,,,0.75,False,False,False
8.345488800000002,2082,25.0,272.0,10.35,112.608,247.0,102.258,247.0,102.258,False,1532.2,199.44,336848.80000000005,,,0.75,False,False,False
8.349497200000002,2083,25.0,272.0,10.35,112.608,247.0,102.258,247.0,102.258,False,1526.56,196.84,335854.2,,,0.75,False,False,False
8.353505600000002,2084,25.0,272.0,10.35,112.608,247.0,102.258,247.0,102.258,False,1524.76,202.4,335862.0,,,0.75,False,False,False
8.357514000000002,2085,25.0,272.0,10.35,112.608,247.0,102.258,247.0,102.258,False,1518.88,199.12,334570.8,,,0.75,False,False,False
8.361522400000002,2086,25.0,272.0,10.35,112.608,247.0,102.258,247.0,102.258,False,1503.6,200.2,333099.0,,,0.75,False,False,False
8.365530800000002,2087,25.0,272.0,10.35,112.608,247.0,102.258,247.0,102.258,False,1516.8000000000002,200.12,332327.19999999995,,,0.75,False,False,False
8.3695392,2088,25.0,272.0,10.35,112.608,247.0,102.258,247.0,102.258,False,1501.44,200.6,331263.19999999995,,,0.75,False,False,False
8.3735476,2089,25.0,272.0,10.35,112.608,247.0,102.258,247.0,102.258,False,1500.08,204.96,330409.6,,,0.75,False,False,False
8.377556,2090,25.0,272.0,10.35,112.608,247.0,102.258,247.0,102.258,False,1492.44,203.16,329813.4,,,0.75,False,False,False
8.3815644,2091,25.0,272.0,10.35,112.608,247.0,102.258,247.0,102.258,False,1478.84,199.92,328897.6,,,0.75,False,False,False
8.3855728,2092,25.0,272.0,10.35,112.608,247.0,102.258,247.0,102.258,False,1467.84,197.64,328586.6,,,0.75,False,False,False
8.3895812,2093,25.0,273.0,10.35,113.022,248.0,102.672,247.0,102.258,True,1490.84,193.44,328320.4,,,0.75,False,False,False
8.3935896,2094,25.0,272.0,10.35,112.608,247.0,102.258,247.0,102.258,False,1481.76,196.88,326792.19999999995,,,0.75,False,False,False
8.397598,2095,25.0,272.0,10.35,112.608,247.0,102.258,247.0,102.258,False,1477.88,197.8,325600.80000000005,,,0.75,False,False,False
8.4016064,2096,25.0,272.0,10.35,112.608,247.0,102.258,247.0,102.258,False,1472.16,198.68,325331.0,,,0.75,False,False,False
8.4056148,2097,25.0,273.0,10.35,113.022,248.0,102.672,247.0,102.258,True,1477.84,197.24,323712.80000000005,,,0.75,False,False,False
8.4096232,2098,25.0,272.0,10.35,112.608,247.0,102.258,247.0,102.258,False,1465.7199999999998,198.52,322827.2,,,0.75,False,False,False
8.4136316,2099,25.0,273.0,10.35,113.022,248.0,102.672,247.0,102.258,True,1466.8,199.0,322642.2,,,0.75,False,False,False
8.41764,2100,25.0,272.0,10.35,112.608,247.0,102.258,247.0,102.258,False,1467.04,199.08,322151.20000000007,,,0.75,False,False,False
8.4216484,2101,25.0,272.0,10.35,112.608,247.0,102.258,247.0,102.258,False,1455.08,193.88,320935.19999999995,,,0.75,False,False,False
8.4256568,2102,25.0,272.0,10.35,112.608,247.0,102.258,247.0,102.258,False,1457.6799999999998,202.12,320419.0,,,0.75,False,False,False
8.4296652,2103,25.0,273.0,10.35,113.022,248.0,102.672,248.0,102.672,False,1442.32,202.96,319575.0,,,0.75,False,False,False
8.4336736,2104,25.0,273.0,10.35,113.022,248.0,102.672,248.0,102.672,False,1430.7999999999995,200.04,318945.2,,,0.75,False,False,False
8.437682,2105,25.0,273.0,10.35,113.022,248.0,102.672,248.0,102.672,False,1435.96,198.2,318048.4,,,0.75,False,False,False
8.4416904,2106,25.0,273.0,10.35,113.022,248.0,102.672,248.0,102.672,False,1438.88,194.88,317208.6,,,0.75,False,False,False
8.4456988,2107,25.0,273.0,10.35,113.022,248.0,102.672,248.0,102.672,False,1430.88,192.32,316587.20000000007,,,0.75,False,False,False
8.4497072,2108,25.0,273.0,10.35,113.022,248.0,102.672,248.0,102.672,False,1436.16,195.12,316031.4,,,0.75,False,False,False
8.4537156,2109,25.0,273.0,10.35,113.022,248.0,102.672,248.0,102.672,False,1443.44,193.88,315035.8,,,0.75,False,False,False
8.457724,2110,24.0,273.0,9.936,113.022,249.0,103.086,248.0,102.672,True,1427.96,192.76,314344.8,,,0.75,False,False,False
8.4617324,2111,25.0,273.0,10.35,113.022,248.0,102.672,248.0,102.672,False,1417.6,193.12,313876.4,,,0.75,False,False,False
8.4657408,2112,25.0,273.0,10.35,113.022,248.0,102.672,248.0,102.672,False,1415.52,198.0,313542.6,,,0.75,False,False,False
8.4697492,2113,25.0,273.0,10.35,113.022,248.0,102.672,248.0,102.672,False,1415.64,195.0,312637.4,,,0.75,False,False,False
8.4737576,2114,25.0,273.0,10.35,113.022,248.0,102.672,248.0,102.672,False,1403.0,198.16,311285.60000000003,,,0.75,False,False,False
8.477766,2115,24.0,273.0,9.936,113.022,249.0,103.086,249.0,103.086,False,1402.12,189.44,310572.6,,,0.75,False,False,False
8.4817744,2116,24.0,273.0,9.936,113.022,249.0,103.086,249.0,103.086,False,1397.56,191.52,310222.19999999995,,,0.75,False,False,False
8.4857828,2117,24.0,273.0,9.936,113.022,249.0,103.086,249.0,103.086,False,1400.36,195.2,308858.80000000005,,,0.75,False,False,False
8.4897912,2118,24.0,273.0,9.936,113.022,249.0,103.086,249.0,103.086,False,1386.72,196.92,307900.0,,,0.75,False,False,False
8.493799600000001,2119,24.0,273.0,9.936,113.022,249.0,103.086,249.0,103.086,False,1394.84,198.28,307870.2,,,0.75,False,False,False
8.497808000000001,2120,24.0,273.0,9.936,113.022,249.0,103.086,249.0,103.086,False,1390.56,198.4,307354.2,,,0.75,False,False,False
8.501816400000001,2121,24.0,273.0,9.936,113.022,249.0,103.086,249.0,103.086,False,1400.52,200.2,306889.4,,,0.75,False,False,False
8.505824800000001,2122,24.0,273.0,9.936,113.022,249.0,103.086,249.0,103.086,False,1414.12,200.48,306546.19999999995,,,0.75,False,False,False
8.509833200000001,2123,24.0,273.0,9.936,113.022,249.0,103.086,249.0,103.086,False,1407.16,199.88,306139.4,,,0.75,False,False,False
8.513841600000001,2124,24.0,273.0,9.936,113.022,249.0,103.086,249.0,103.086,False,1407.84,198.92,305401.6,,,0.75,False,False,False
8.517850000000001,2125,24.0,272.0,9.936,112.608,248.0,102.672,249.0,103.086,True,1408.84,196.8,304867.6,,,0.75,False,False,False
8.521858400000001,2126,24.0,273.0,9.936,113.022,249.0,103.086,249.0,103.086,False,1386.6,197.72000000000003,304036.19999999995,,,0.75,False,False,False
8.525866800000001,2127,24.0,273.0,9.936,113.022,249.0,103.086,248.0,102.672,True,1380.6799999999996,190.96,303980.0,,,0.75,False,False,False
8.529875200000001,2128,24.0,272.0,9.936,112.608,248.0,102.672,248.0,102.672,False,1387.72,187.36,304054.60000000003,,,0.75,False,False,False
8.533883600000001,2129,24.0,272.0,9.936,112.608,248.0,102.672,248.0,102.672,False,1407.1999999999998,191.6,303676.4,,,0.75,False,False,False
8.537892000000001,2130,24.0,272.0,9.936,112.608,248.0,102.672,248.0,102.672,False,1383.08,193.56,303742.6,,,0.75,False,False,False
8.541900400000001,2131,24.0,273.0,9.936,113.022,249.0,103.086,249.0,103.086,False,1394.28,195.28,303929.4,,,0.75,False,False,False
8.545908800000001,2132,24.0,273.0,9.936,113.022,249.0,103.086,249.0,103.086,False,1388.96,201.76,302762.6,,,0.75,False,False,False
8.549917200000001,2133,24.0,273.0,9.936,113.022,249.0,103.086,249.0,103.086,False,1364.08,202.52,302098.6,,,0.75,False,False,False
8.553925600000001,2134,24.0,272.0,9.936,112.608,248.0,102.672,248.0,102.672,False,1367.84,200.0,301846.4,,,0.75,False,False,False
8.557934000000001,2135,24.0,272.0,9.936,112.608,248.0,102.672,248.0,102.672,False,1367.12,194.72,301445.4,,,0.75,False,False,False
8.561942400000001,2136,24.0,272.0,9.936,112.608,248.0,102.672,248.0,102.672,False,1366.72,194.16,301077.39999999997,,,0.75,False,False,False
8.565950800000001,2137,24.0,273.0,9.936,113.022,249.0,103.086,248.0,102.672,True,1346.2,194.96,301286.60000000003,,,0.75,False,False,False
8.569959200000001,2138,24.0,272.0,9.936,112.608,248.0,102.672,249.0,103.086,True,1352.08,197.96,301485.2,,,0.75,False,False,False
8.573967600000001,2139,24.0,273.0,9.936,113.022,249.0,103.086,249.0,103.086,False,1344.88,194.52,301017.0,,,0.75,False,False,False
8.577976000000001,2140,24.0,273.0,9.936,113.022,249.0,103.086,249.0,103.086,False,1347.6399999999996,196.28,300363.4,,,0.75,False,False,False
8.581984400000001,2141,24.0,273.0,9.936,113.022,249.0,103.086,249.0,103.086,False,1346.16,191.68,299604.4,,,0.75,False,False,False
8.585992800000001,2142,24.0,273.0,9.936,113.022,249.0,103.086,249.0,103.086,False,1349.56,194.0,298779.39999999997,,,0.75,False,False,False
8.590001200000001,2143,24.0,273.0,9.936,113.022,249.0,103.086,249.0,103.086,False,1341.36,192.8,297867.60000000003,,,0.75,False,False,False
8.594009600000001,2144,24.0,273.0,9.936,113.022,249.0,103.086,249.0,103.086,False,1347.2799999999995,193.16,297713.2,,,0.75,False,False,False
8.598018000000001,2145,24.0,273.0,9.936,113.022,249.0,103.086,249.0,103.086,False,1333.9199999999998,193.48,297322.8,,,0.75,False,False,False
8.602026400000002,2146,24.0,273.0,9.936,113.022,249.0,103.086,249.0,103.086,False,1334.6,193.48,297260.4,,,0.75,False,False,False
8.606034800000002,2147,24.0,272.0,9.936,112.608,248.0,102.672,248.0,102.672,False,1332.32,195.2,297261.60000000003,,,0.75,False,False,False
8.610043200000002,2148,24.0,272.0,9.936,112.608,248.0,102.672,248.0,102.672,False,1334.3599999999997,198.8,297090.6,,,0.75,False,False,False
8.614051600000002,2149,24.0,272.0,9.936,112.608,248.0,102.672,248.0,102.672,False,1329.52,192.36,296896.2,,,0.75,False,False,False
8.618060000000002,2150,24.0,272.0,9.936,112.608,248.0,102.672,248.0,102.672,False,1326.64,194.92,296459.80000000005,,,0.75,False,False,False
8.622068400000002,2151,24.0,272.0,9.936,112.608,248.0,102.672,248.0,102.672,False,1350.44,199.4,296110.0,,,0.75,False,False,False
8.626076800000002,2152,24.0,272.0,9.936,112.608,248.0,102.672,248.0,102.672,False,1342.32,195.56,295997.6,,,0.75,False,False,False
8.630085200000002,2153,24.0,272.0,9.936,112.608,248.0,102.672,248.0,102.672,False,1370.6,192.96,295854.4,,,0.75,False,False,False
8.634093600000002,2154,24.0,272.0,9.936,112.608,248.0,102.672,248.0,102.672,False,1341.56,190.52,295111.4,,,0.75,False,False,False
8.638102000000002,2155,24.0,273.0,9.936,113.022,249.0,103.086,249.0,103.086,False,1341.7199999999998,193.56,295239.4,,,0.75,False,False,False
8.642110400000002,2156,24.0,273.0,9.936,113.022,249.0,103.086,249.0,103.086,False,1349.52,190.88,295777.0,,,0.75,False,False,False
8.646118800000002,2157,24.0,273.0,9.936,113.022,249.0,103.086,249.0,103.086,False,1349.36,193.36,296283.6,,,0.75,False,False,False
8.650127200000002,2158,24.0,273.0,9.936,113.022,249.0,103.086,249.0,103.086,False,1351.52,198.2,295734.2,,,0.75,False,False,False
8.654135600000002,2159,24.0,273.0,9.936,113.022,249.0,103.086,249.0,103.086,False,1363.2,196.16,296574.6,,,0.75,False,False,False
8.658144000000002,2160,24.0,273.0,9.936,113.022,249.0,103.086,249.0,103.086,False,1365.6,198.12,296357.2,,,0.75,False,False,False
8.662152400000002,2161,24.0,273.0,9.936,113.022,249.0,103.086,249.0,103.086,False,1354.8,199.16,295650.2,,,0.75,False,False,False
8.666160800000002,2162,24.0,273.0,9.936,113.022,249.0,103.086,249.0,103.086,False,1345.5199999999998,195.84,294911.2,,,0.75,False,False,False
8.670169200000002,2163,24.0,273.0,9.936,113.022,249.0,103.086,249.0,103.086,False,1372.44,192.12,295109.2,,,0.75,False,False,False
8.674177600000002,2164,24.0,273.0,9.936,113.022,249.0,103.086,249.0,103.086,False,1360.12,187.68,294866.60000000003,,,0.75,False,False,False
8.678186000000002,2165,24.0,273.0,9.936,113.022,249.0,103.086,249.0,103.086,False,1358.48,191.64,294634.19999999995,,,0.75,False,False,False
8.682194400000002,2166,24.0,273.0,9.936,113.022,249.0,103.086,249.0,103.086,False,1364.8,193.0,294748.0,,,0.75,False,False,False
8.6862028,2167,24.0,273.0,9.936,113.022,249.0,103.086,249.0,103.086,False,1390.08,192.8,294680.80000000005,,,0.75,False,False,False
8.6902112,2168,24.0,273.0,9.936,113.022,249.0,103.086,249.0,103.086,False,1343.52,192.12,294501.2,,,0.75,False,False,False
8.6942196,2169,24.0,273.0,9.936,113.022,249.0,103.086,249.0,103.086,False,1367.2799999999995,193.96,293736.6,,,0.75,False,False,False
8.698228,2170,24.0,273.0,9.936,113.022,249.0,103.086,249.0,103.086,False,1379.64,191.8,293392.4,,,0.75,False,False,False
8.7022364,2171,24.0,273.0,9.936,113.022,249.0,103.086,249.0,103.086,False,1385.2,194.24,292835.19999999995,,,0.75,False,False,False
8.7062448,2172,24.0,273.0,9.936,113.022,249.0,103.086,249.0,103.086,False,1364.48,194.84,292934.0,,,0.75,False,False,False
8.7102532,2173,24.0,273.0,9.936,113.022,249.0,103.086,249.0,103.086,False,1379.88,195.52,292699.0,,,0.75,False,False,False
8.7142616,2174,24.0,273.0,9.936,113.022,249.0,103.086,249.0,103.086,False,1363.08,194.6,292180.80000000005,,,0.75,False,False,False
8.71827,2175,24.0,273.0,9.936,113.022,249.0,103.086,249.0,103.086,False,1356.0,193.68,292067.0,,,0.75,False,False,False
8.7222784,2176,24.0,273.0,9.936,113.022,249.0,103.086,249.0,103.086,False,1344.84,191.68,292052.2,,,0.75,False,False,False
8.7262868,2177,24.0,273.0,9.936,113.022,249.0,103.086,249.0,103.086,False,1365.4,188.6,291154.4,,,0.75,False,False,False
8.7302952,2178,24.0,273.0,9.936,113.022,249.0,103.086,249.0,103.086,False,1346.48,189.52,291166.2,,,0.75,False,False,False
8.7343036,2179,24.0,273.0,9.936,113.022,249.0,103.086,249.0,103.086,False,1334.5599999999995,192.92,291525.6,,,0.75,False,False,False
8.738312,2180,24.0,273.0,9.936,113.022,249.0,103.086,249.0,103.086,False,1328.7199999999996,196.4,291437.0,,,0.75,False,False,False
8.7423204,2181,24.0,273.0,9.936,113.022,249.0,103.086,249.0,103.086,False,1341.1999999999998,195.36,290617.6,,,0.75,False,False,False
8.7463288,2182,24.0,273.0,9.936,113.022,249.0,103.086,249.0,103.086,False,1345.56,194.92,290501.4,,,0.75,False,False,False
8.7503372,2183,24.0,273.0,9.936,113.022,249.0,103.086,249.0,103.086,False,1360.16,195.4,289913.2,,,0.75,False,False,False
8.7543456,2184,24.0,273.0,9.936,113.022,249.0,103.086,249.0,103.086,False,1356.1999999999998,195.04,289323.19999999995,,,0.75,False,False,False
8.758354,2185,24.0,273.0,9.936,113.022,249.0,103.086,249.0,103.086,False,1347.36,190.0,289617.6,,,0.75,False,False,False
8.7623624,2186,24.0,273.0,9.936,113.022,249.0,103.086,249.0,103.086,False,1343.4799999999998,190.96,289748.4,,,0.75,False,False,False
8.7663708,2187,24.0,273.0,9.936,113.022,249.0,103.086,249.0,103.086,False,1344.9199999999998,189.12,289689.6,,,0.75,False,False,False
8.7703792,2188,24.0,273.0,9.936,113.022,249.0,103.086,249.0,103.086,False,1345.44,190.68,289929.4,,,0.75,False,False,False
8.7743876,2189,24.0,273.0,9.936,113.022,249.0,103.086,249.0,103.086,False,1353.56,191.52,290837.0,,,0.75,False,False,False
8.778396,2190,24.0,273.0,9.936,113.022,249.0,103.086,249.0,103.086,False,1366.6799999999998,192.56,292589.80000000005,,,0.75,False,False,False
8.7824044,2191,24.0,273.0,9.936,113.022,249.0,103.086,249.0,103.086,False,1377.56,198.52,297851.4,,,0.75,False,False,False
8.7864128,2192,24.0,273.0,9.936,113.022,249.0,103.086,249.0,103.086,False,1407.64,196.16,305642.8,,,0.75,False,False,False
8.7904212,2193,24.0,273.0,9.936,113.022,249.0,103.086,249.0,103.086,False,1451.56,199.2,317510.6,,,0.75,False,False,False
8.7944296,2194,24.0,273.0,9.936,113.022,249.0,103.086,249.0,103.086,False,1557.28,205.92,330904.6,,,0.75,False,False,False
8.798438,2195,25.0,274.0,10.35,113.436,249.0,103.086,249.0,103.086,False,1618.92,204.04,347173.0,,,0.75,False,False,False
8.802446400000001,2196,25.0,274.0,10.35,113.436,249.0,103.086,249.0,103.086,False,1685.0799999999997,212.68,362527.0,,,0.75,False,False,False
8.806454800000001,2197,25.0,274.0,10.35,113.436,249.0,103.086,249.0,103.086,False,1757.64,210.6,377746.1999999999,,,0.75,False,False,False
8.810463200000001,2198,25.0,274.0,10.35,113.436,249.0,103.086,249.0,103.086,False,1838.52,209.88,392367.6,,,0.75,False,False,False
8.814471600000001,2199,26.0,274.0,10.764,113.436,248.0,102.672,248.0,102.672,False,1891.56,213.12,406736.4,,,0.75,False,False,False
8.818480000000001,2200,26.0,274.0,10.764,113.436,248.0,102.672,248.0,102.672,False,1943.76,221.4,419909.6,,,0.75,False,False,False
8.822488400000001,2201,26.0,274.0,10.764,113.436,248.0,102.672,248.0,102.672,False,1985.3999999999996,223.2,432719.1999999999,,,0.75,False,False,False
8.826496800000001,2202,26.0,275.0,10.764,113.85,249.0,103.086,248.0,102.672,True,2040.96,225.32,445020.0,,,0.75,False,False,False
8.830505200000001,2203,26.0,274.0,10.764,113.436,248.0,102.672,248.0,102.672,False,2083.32,227.8,456150.8,,,0.75,False,False,False
8.834513600000001,2204,26.0,275.0,10.764,113.85,249.0,103.086,249.0,103.086,False,2138.4399999999996,225.84,467548.8,,,0.75,False,False,False
8.838522000000001,2205,26.0,274.0,10.764,113.436,248.0,102.672,248.0,102.672,False,2178.48,235.52,477240.6,,,0.75,False,False,False
8.842530400000001,2206,26.0,275.0,10.764,113.85,249.0,103.086,249.0,103.086,False,2240.04,239.44,487168.4,,,0.75,False,False,False
8.846538800000001,2207,26.0,274.0,10.764,113.436,248.0,102.672,248.0,102.672,False,2285.7200000000003,237.44,497546.0,,,0.75,False,False,False
8.850547200000001,2208,26.0,275.0,10.764,113.85,249.0,103.086,249.0,103.086,False,2309.96,240.64,507047.0,,,0.75,False,False,False
8.854555600000001,2209,26.0,274.0,10.764,113.436,248.0,102.672,248.0,102.672,False,2336.84,241.12,517132.0,,,0.75,False,False,False
8.858564000000001,2210,26.0,275.0,10.764,113.85,249.0,103.086,248.0,102.672,True,2404.52,243.88,526446.2,,,0.75,False,False,False
8.862572400000001,2211,26.0,274.0,10.764,113.436,248.0,102.672,248.0,102.672,False,2439.3599999999997,238.88,535162.6000000001,,,0.75,False,False,False
8.866580800000001,2212,26.0,274.0,10.764,113.436,248.0,102.672,248.0,102.672,False,2496.76,239.76,542654.8,,,0.75,False,False,False
8.870589200000001,2213,27.0,274.0,11.178,113.436,247.0,102.258,247.0,102.258,False,2531.24,235.72,549100.7999999999,,,0.75,False,False,False
8.874597600000001,2214,27.0,274.0,11.178,113.436,247.0,102.258,247.0,102.258,False,2541.8,247.52,554362.4,,,0.75,False,False,False
8.878606000000001,2215,27.0,274.0,11.178,113.436,247.0,102.258,247.0,102.258,False,2574.12,250.72,558980.4,,,0.75,False,False,False
8.882614400000001,2216,27.0,274.0,11.178,113.436,247.0,102.258,247.0,102.258,False,2591.8,256.4,563372.4,,,0.75,False,False,False
8.886622800000001,2217,26.0,274.0,10.764,113.436,248.0,102.672,247.0,102.258,True,2600.92,248.4,567090.2,,,0.75,False,False,False
8.890631200000001,2218,26.0,273.0,10.764,113.022,247.0,102.258,247.0,102.258,False,2611.04,243.16,571904.6,,,0.75,False,False,False
8.894639600000001,2219,26.0,273.0,10.764,113.022,247.0,102.258,247.0,102.258,False,2634.44,238.88,576196.2,,,0.75,False,False,False
8.898648000000001,2220,26.0,273.0,10.764,113.022,247.0,102.258,247.0,102.258,False,2670.76,232.6,581609.0,,,0.75,False,False,False
8.902656400000001,2221,26.0,273.0,10.764,113.022,247.0,102.258,247.0,102.258,False,2674.16,235.8,586421.2,,,0.75,False,False,False
8.906664800000001,2222,28.0,273.0,11.592,113.022,245.0,101.43,247.0,102.258,True,2710.2,237.32,592693.2,,,0.75,False,False,False
8.910673200000002,2223,28.0,273.0,11.592,113.022,245.0,101.43,247.0,102.258,True,2734.76,234.12,596774.8,,,0.75,False,False,False
8.914681600000002,2224,26.0,273.0,10.764,113.022,247.0,102.258,247.0,102.258,False,2736.92,236.76,600963.4,,,0.75,False,False,False
8.918690000000002,2225,26.0,273.0,10.764,113.022,247.0,102.258,247.0,102.258,False,2751.08,247.56,604103.8,,,0.75,False,False,False
8.922698400000002,2226,25.0,273.0,10.35,113.022,248.0,102.672,247.0,102.258,True,2745.4,245.32,607845.3999999999,,,0.75,False,False,False
8.926706800000002,2227,25.0,272.0,10.35,112.608,247.0,102.258,247.0,102.258,False,2758.2799999999997,252.48,610961.7999999999,,,0.75,False,False,False
8.930715200000002,2228,25.0,272.0,10.35,112.608,247.0,102.258,247.0,102.258,False,2786.88,251.52,614723.4,,,0.75,False,False,False
8.934723600000002,2229,25.0,272.0,10.35,112.608,247.0,102.258,247.0,102.258,False,2801.36,246.28,617700.0,,,0.75,False,False,False
8.938732000000002,2230,26.0,272.0,10.764,112.608,246.0,101.844,246.0,101.844,False,2821.72,235.8,621962.6000000001,,,0.75,False,False,False
8.942740400000002,2231,26.0,272.0,10.764,112.608,246.0,101.844,246.0,101.844,False,2829.24,239.2,624508.8,,,0.75,False,False,False
8.946748800000002,2232,26.0,272.0,10.764,112.608,246.0,101.844,246.0,101.844,False,2860.76,236.36,626591.0,,,0.75,False,False,False
8.950757200000002,2233,26.0,272.0,10.764,112.608,246.0,101.844,246.0,101.844,False,2869.92,233.68,629042.7999999999,,,0.75,False,False,False
8.954765600000002,2234,26.0,272.0,10.764,112.608,246.0,101.844,246.0,101.844,False,2895.24,241.68,630911.6,,,0.75,False,False,False
8.958774000000002,2235,26.0,271.0,10.764,112.194,245.0,101.43,245.0,101.43,False,2899.76,243.36,632012.6000000001,,,0.75,False,False,False
8.962782400000002,2236,26.0,271.0,10.764,112.194,245.0,101.43,245.0,101.43,False,2939.28,241.04,633846.2,,,0.75,False,False,False
8.966790800000002,2237,27.0,271.0,11.178,112.194,244.0,101.016,244.0,101.016,False,2934.44,239.52,635044.4,,,0.75,False,False,False
8.970799200000002,2238,27.0,271.0,11.178,112.194,244.0,101.016,244.0,101.016,False,2928.3199999999997,236.68,636500.6000000001,,,0.75,False,False,False
8.974807600000002,2239,28.0,271.0,11.592,112.194,243.0,100.602,243.0,100.602,False,2952.3599999999997,231.0,638468.4,,,0.75,False,False,False
8.978816000000002,2240,28.0,271.0,11.592,112.194,243.0,100.602,243.0,100.602,False,2971.76,231.56,639447.8,,,0.75,False,False,False
8.982824400000002,2241,28.0,271.0,11.592,112.194,243.0,100.602,243.0,100.602,False,2968.08,225.32,640548.2000000001,,,0.75,False,False,False
8.986832800000002,2242,28.0,271.0,11.592,112.194,243.0,100.602,243.0,100.602,False,2969.24,229.76,641825.4,,,0.75,False,False,False
8.990841200000002,2243,29.0,271.0,12.006,112.194,242.0,100.188,242.0,100.188,False,2970.0,225.36,641561.0,,,0.75,False,False,False
8.994849600000002,2244,29.0,271.0,12.006,112.194,242.0,100.188,242.0,100.188,False,2995.0,228.4,642182.8,,,0.75,False,False,False
8.998858,2245,29.0,271.0,12.006,112.194,242.0,100.188,242.0,100.188,False,3008.6,233.36,643612.3999999999,,,0.75,False,False,False
9.0028664,2246,30.0,271.0,12.42,112.194,241.0,99.774,241.0,99.774,False,3013.96,227.52,644182.0,,,0.75,False,False,False
9.0068748,2247,30.0,271.0,12.42,112.194,241.0,99.774,241.0,99.774,False,3024.04,228.68,643892.4,,,0.75,False,False,False
9.0108832,2248,30.0,271.0,12.42,112.194,241.0,99.774,241.0,99.774,False,3035.3599999999997,239.44,646117.6,,,0.75,False,False,False
9.0148916,2249,30.0,271.0,12.42,112.194,241.0,99.774,241.0,99.774,False,3021.76,237.52,646277.8,,,0.75,False,False,False
9.0189,2250,30.0,271.0,12.42,112.194,241.0,99.774,241.0,99.774,False,3027.2799999999997,235.52,646108.0,,,0.75,False,False,False
9.0229084,2251,30.0,271.0,12.42,112.194,241.0,99.774,241.0,99.774,False,3036.8,236.92,646533.3999999999,,,0.75,False,False,False
9.0269168,2252,30.0,271.0,12.42,112.194,241.0,99.774,241.0,99.774,False,3052.52,229.56,646923.0,,,0.75,False,False,False
9.0309252,2253,30.0,271.0,12.42,112.194,241.0,99.774,241.0,99.774,False,3038.12,230.88,645482.2,,,0.75,False,False,False
9.0349336,2254,30.0,270.0,12.42,111.78,240.0,99.36,240.0,99.36,False,3038.92,231.32,645592.6,,,0.75,False,False,False
9.038942,2255,30.0,270.0,12.42,111.78,240.0,99.36,240.0,99.36,False,3066.0,230.84,646460.8,,,0.75,False,False,False
9.0429504,2256,31.0,270.0,12.834,111.78,239.0,98.946,239.0,98.946,False,3076.48,222.72,646912.2000000001,,,0.75,False,False,False
9.0469588,2257,31.0,270.0,12.834,111.78,239.0,98.946,239.0,98.946,False,3104.2,223.44,647516.2,,,0.75,False,False,False
9.0509672,2258,31.0,270.0,12.834,111.78,239.0,98.946,239.0,98.946,False,3097.32,223.4,648172.6,,,0.75,False,False,False
9.0549756,2259,31.0,270.0,12.834,111.78,239.0,98.946,239.0,98.946,False,3100.3999999999996,217.8,647861.6,,,0.75,False,False,False
9.058984,2260,31.0,270.0,12.834,111.78,239.0,98.946,239.0,98.946,False,3069.84,214.12,646671.8,,,0.75,False,False,False
9.0629924,2261,31.0,270.0,12.834,111.78,239.0,98.946,239.0,98.946,False,3076.3999999999996,217.84,646144.4,,,0.75,False,False,False
9.0670008,2262,31.0,270.0,12.834,111.78,239.0,98.946,239.0,98.946,False,3076.44,220.28,645936.0,,,0.75,False,False,False
9.0710092,2263,31.0,270.0,12.834,111.78,239.0,98.946,239.0,98.946,False,3093.3999999999996,217.48,646218.0,,,0.75,False,False,False
9.0750176,2264,32.0,270.0,13.248,111.78,238.0,98.532,238.0,98.532,False,3119.24,217.8,646385.2,,,0.75,False,False,False
9.079026,2265,32.0,270.0,13.248,111.78,238.0,98.532,238.0,98.532,False,3127.2,214.4,646964.2,,,0.75,False,False,False
9.0830344,2266,32.0,270.0,13.248,111.78,238.0,98.532,238.0,98.532,False,3124.44,214.28,647155.8,,,0.75,False,False,False
9.0870428,2267,32.0,270.0,13.248,111.78,238.0,98.532,238.0,98.532,False,3111.8399999999997,212.64,647368.0,,,0.75,False,False,False
9.0910512,2268,32.0,270.0,13.248,111.78,238.0,98.532,238.0,98.532,False,3117.7200000000003,219.12,647481.4000000001,,,0.75,False,False,False
9.0950596,2269,32.0,270.0,13.248,111.78,238.0,98.532,238.0,98.532,False,3124.04,216.68,647803.4,,,0.75,False,False,False
9.099068,2270,32.0,270.0,13.248,111.78,238.0,98.532,238.0,98.532,False,3104.76,218.36,646881.2,,,0.75,False,False,False
9.1030764,2271,32.0,269.0,13.248,111.366,237.0,98.118,237.0,98.118,False,3104.6,213.24,646242.3999999999,,,0.75,False,False,False
9.1070848,2272,32.0,269.0,13.248,111.366,237.0,98.118,237.0,98.118,False,3124.9599999999996,212.6,646251.2,,,0.75,False,False,False
9.1110932,2273,32.0,269.0,13.248,111.366,237.0,98.118,237.0,98.118,False,3098.6,209.56,644971.6,,,0.75,False,False,False
9.1151016,2274,32.0,269.0,13.248,111.366,237.0,98.118,237.0,98.118,False,3103.44,210.76,644520.0,,,0.75,False,False,False
9.11911,2275,32.0,269.0,13.248,111.366,237.0,98.118,237.0,98.118,False,3107.24,214.92,644706.2,,,0.75,False,False,False
9.1231184,2276,32.0,269.0,13.248,111.366,237.0,98.118,237.0,98.118,False,3131.1200000000003,220.12,644582.2,,,0.75,False,False,False
9.1271268,2277,32.0,269.0,13.248,111.366,237.0,98.118,237.0,98.118,False,3124.0,220.52,643771.0,,,0.75,False,False,False
9.1311352,2278,32.0,269.0,13.248,111.366,237.0,98.118,237.0,98.118,False,3131.84,214.56,643700.8,,,0.75,False,False,False
9.1351436,2279,32.0,269.0,13.248,111.366,237.0,98.118,237.0,98.118,False,3124.52,216.76,642653.0,,,0.75,False,False,False
9.139152,2280,32.0,269.0,13.248,111.366,237.0,98.118,237.0,98.118,False,3105.48,216.16,642074.3999999999,,,0.75,False,False,False
9.1431604,2281,32.0,269.0,13.248,111.366,237.0,98.118,237.0,98.118,False,3095.68,216.36,642498.6,,,0.75,False,False,False
9.1471688,2282,32.0,269.0,13.248,111.366,237.0,98.118,237.0,98.118,False,3113.32,211.48,641899.4000000001,,,0.75,False,False,False
9.1511772,2283,32.0,269.0,13.248,111.366,237.0,98.118,237.0,98.118,False,3114.68,207.6,641780.2000000001,,,0.75,False,False,False
9.1551856,2284,33.0,269.0,13.662,111.366,236.0,97.704,236.0,97.704,False,3098.56,210.2,641164.8,,,0.75,False,False,False
9.159194,2285,33.0,268.0,13.662,110.952,235.0,97.29,235.0,97.29,False,3109.6,210.84,640132.6000000001,,,0.75,False,False,False
9.1632024,2286,33.0,268.0,13.662,110.952,235.0,97.29,235.0,97.29,False,3086.0,209.08,638085.2,,,0.75,False,False,False
9.1672108,2287,33.0,268.0,13.662,110.952,235.0,97.29,235.0,97.29,False,3074.56,211.64,636708.3999999999,,,0.75,False,False,False
9.1712192,2288,33.0,268.0,13.662,110.952,235.0,97.29,235.0,97.29,False,3092.68,213.76,634961.6,,,0.75,False,False,False
9.1752276,2289,33.0,268.0,13.662,110.952,235.0,97.29,235.0,97.29,False,3082.68,212.0,635309.5999999999,,,0.75,False,False,False
9.179236,2290,33.0,268.0,13.662,110.952,235.0,97.29,235.0,97.29,False,3097.36,210.0,634597.6,,,0.75,False,False,False
9.1832444,2291,33.0,268.0,13.662,110.952,235.0,97.29,235.0,97.29,False,3082.92,212.4,633650.6,,,0.75,False,False,False
9.1872528,2292,33.0,268.0,13.662,110.952,235.0,97.29,235.0,97.29,False,3076.76,208.84,632826.2000000001,,,0.75,False,False,False
9.1912612,2293,33.0,268.0,13.662,110.952,235.0,97.29,235.0,97.29,False,3064.3199999999997,208.88,632150.3999999999,,,0.75,False,False,False
9.1952696,2294,33.0,268.0,13.662,110.952,235.0,97.29,235.0,97.29,False,3077.68,208.2,629920.8,,,0.75,False,False,False
9.199278,2295,33.0,268.0,13.662,110.952,235.0,97.29,235.0,97.29,False,3077.4,205.76,629249.8,,,0.75,False,False,False
9.2032864,2296,34.0,268.0,14.076,110.952,234.0,96.876,234.0,96.876,False,3082.2799999999997,203.08,627813.2,,,0.75,False,False,False
9.2072948,2297,34.0,268.0,14.076,110.952,234.0,96.876,234.0,96.876,False,3064.9599999999996,199.92,626821.6,,,0.75,False,False,False
9.2113032,2298,35.0,268.0,14.489999999999998,110.952,233.0,96.462,234.0,96.876,True,3062.04,196.08,625654.2,,,0.75,False,False,False
9.2153116,2299,34.0,268.0,14.076,110.952,234.0,96.876,234.0,96.876,False,3055.48,201.0,624613.3999999999,,,0.75,False,False,False
9.219320000000002,2300,34.0,268.0,14.076,110.952,234.0,96.876,234.0,96.876,False,3035.24,202.84,623586.0,,,0.75,False,False,False
9.223328400000002,2301,34.0,268.0,14.076,110.952,234.0,96.876,234.0,96.876,False,3041.96,203.24,622778.0,,,0.75,False,False,False
9.227336800000002,2302,34.0,268.0,14.076,110.952,234.0,96.876,234.0,96.876,False,3018.08,205.68,621993.2,,,0.75,False,False,False
9.231345200000002,2303,34.0,268.0,14.076,110.952,234.0,96.876,234.0,96.876,False,3018.24,203.44,621320.2,,,0.75,False,False,False
9.235353600000002,2304,34.0,268.0,14.076,110.952,234.0,96.876,234.0,96.876,False,2993.96,199.72000000000003,620349.0,,,0.75,False,False,False
9.239362000000002,2305,34.0,268.0,14.076,110.952,234.0,96.876,234.0,96.876,False,3015.88,204.6,618666.3999999999,,,0.75,False,False,False
9.243370400000002,2306,34.0,268.0,14.076,110.952,234.0,96.876,234.0,96.876,False,3020.92,202.88,617645.3999999999,,,0.75,False,False,False
9.247378800000002,2307,35.0,268.0,14.489999999999998,110.952,233.0,96.462,233.0,96.462,False,3025.24,203.36,616186.2,,,0.75,False,False,False
9.251387200000002,2308,35.0,268.0,14.489999999999998,110.952,233.0,96.462,233.0,96.462,False,3026.2,205.2,615513.7999999999,,,0.75,False,False,False
9.255395600000002,2309,35.0,268.0,14.489999999999998,110.952,233.0,96.462,233.0,96.462,False,3018.76,201.2,614448.0,,,0.75,False,False,False
9.259404000000002,2310,35.0,268.0,14.489999999999998,110.952,233.0,96.462,233.0,96.462,False,3017.32,201.84,613483.2,,,0.75,False,False,False
9.263412400000002,2311,35.0,268.0,14.489999999999998,110.952,233.0,96.462,233.0,96.462,False,3022.7999999999997,198.88,612638.0,,,0.75,False,False,False
9.267420800000002,2312,35.0,268.0,14.489999999999998,110.952,233.0,96.462,233.0,96.462,False,3004.04,193.96,611605.2,,,0.75,False,False,False
9.271429200000002,2313,35.0,268.0,14.489999999999998,110.952,233.0,96.462,233.0,96.462,False,3005.3599999999997,200.72,609240.2,,,0.75,False,False,False
9.275437600000002,2314,36.0,268.0,14.904,110.952,232.0,96.048,233.0,96.462,True,2994.2,193.16,607830.0,,,0.75,False,False,False
9.279446000000002,2315,36.0,268.0,14.904,110.952,232.0,96.048,232.0,96.048,False,2978.1600000000003,190.24,606426.4,,,0.75,False,False,False
9.283454400000002,2316,35.0,268.0,14.489999999999998,110.952,233.0,96.462,232.0,96.048,True,2962.4799999999996,199.48,605066.7999999999,,,0.75,False,False,False
9.287462800000002,2317,36.0,268.0,14.904,110.952,232.0,96.048,233.0,96.462,True,2965.12,203.2,603233.6000000001,,,0.75,False,False,False
9.291471200000002,2318,35.0,268.0,14.489999999999998,110.952,233.0,96.462,233.0,96.462,False,2971.16,200.4,601710.4,,,0.75,False,False,False
9.295479600000002,2319,35.0,268.0,14.489999999999998,110.952,233.0,96.462,233.0,96.462,False,2972.72,201.6,600054.6,,,0.75,False,False,False
9.299488000000002,2320,35.0,268.0,14.489999999999998,110.952,233.0,96.462,233.0,96.462,False,2953.56,199.32,598619.0,,,0.75,False,False,False
9.303496400000002,2321,35.0,268.0,14.489999999999998,110.952,233.0,96.462,233.0,96.462,False,2927.68,197.56,596256.3999999999,,,0.75,False,False,False
9.307504800000002,2322,35.0,268.0,14.489999999999998,110.952,233.0,96.462,233.0,96.462,False,2939.0,198.88,595059.6,,,0.75,False,False,False
9.311513200000002,2323,35.0,267.0,14.489999999999998,110.538,232.0,96.048,233.0,96.462,True,2937.6799999999994,195.12,592970.6000000001,,,0.75,False,False,False
9.3155216,2324,35.0,268.0,14.489999999999998,110.952,233.0,96.462,232.0,96.048,True,2937.12,190.8,590624.2,,,0.75,False,False,False
9.31953,2325,36.0,268.0,14.904,110.952,232.0,96.048,232.0,96.048,False,2921.08,193.2,588894.8,,,0.75,False,False,False
9.3235384,2326,36.0,267.0,14.904,110.538,231.0,95.634,232.0,96.048,True,2898.48,192.48,587476.8,,,0.75,False,False,False
9.3275468,2327,35.0,267.0,14.489999999999998,110.538,232.0,96.048,232.0,96.048,False,2868.96,191.8,584837.4000000001,,,0.75,False,False,False
9.3315552,2328,35.0,267.0,14.489999999999998,110.538,232.0,96.048,232.0,96.048,False,2885.64,195.04,584203.7999999999,,,0.75,False,False,False
9.3355636,2329,35.0,267.0,14.489999999999998,110.538,232.0,96.048,232.0,96.048,False,2880.48,190.96,582767.0,,,0.75,False,False,False
9.339572,2330,36.0,267.0,14.904,110.538,231.0,95.634,232.0,96.048,True,2878.7200000000003,189.28,581021.2,,,0.75,False,False,False
9.3435804,2331,35.0,267.0,14.489999999999998,110.538,232.0,96.048,231.0,95.634,True,2879.76,186.68,579422.0,,,0.75,False,False,False
9.3475888,2332,36.0,267.0,14.904,110.538,231.0,95.634,231.0,95.634,False,2885.24,188.04,578768.4,,,0.75,False,False,False
9.3515972,2333,36.0,267.0,14.904,110.538,231.0,95.634,231.0,95.634,False,2856.64,188.2,577185.7999999999,,,0.75,False,False,False
9.3556056,2334,36.0,267.0,14.904,110.538,231.0,95.634,231.0,95.634,False,2849.16,189.24,576057.3999999999,,,0.75,False,False,False
9.359614,2335,36.0,267.0,14.904,110.538,231.0,95.634,231.0,95.634,False,2823.68,189.64,573642.2,,,0.75,False,False,False
9.3636224,2336,35.0,267.0,14.489999999999998,110.538,232.0,96.048,231.0,95.634,True,2807.68,190.2,571994.2,,,0.75,False,False,False
9.3676308,2337,36.0,267.0,14.904,110.538,231.0,95.634,231.0,95.634,False,2810.3999999999996,187.96,569531.8,,,0.75,False,False,False
9.3716392,2338,36.0,267.0,14.904,110.538,231.0,95.634,231.0,95.634,False,2821.16,188.6,567214.0,,,0.75,False,False,False
9.3756476,2339,36.0,267.0,14.904,110.538,231.0,95.634,231.0,95.634,False,2820.88,188.64,564938.0,,,0.75,False,False,False
9.379656,2340,36.0,267.0,14.904,110.538,231.0,95.634,231.0,95.634,False,2804.32,189.36,562838.3999999999,,,0.75,False,False,False
9.3836644,2341,36.0,267.0,14.904,110.538,231.0,95.634,231.0,95.634,False,2793.64,188.88,560401.6000000001,,,0.75,False,False,False
9.3876728,2342,36.0,267.0,14.904,110.538,231.0,95.634,231.0,95.634,False,2779.3199999999997,190.72000000000003,559117.2,,,0.75,False,False,False
9.3916812,2343,36.0,267.0,14.904,110.538,231.0,95.634,231.0,95.634,False,2775.56,188.88,557108.6000000001,,,0.75,False,False,False
9.3956896,2344,36.0,267.0,14.904,110.538,231.0,95.634,231.0,95.634,False,2746.56,190.96,555073.6,,,0.75,False,False,False
9.399698,2345,36.0,267.0,14.904,110.538,231.0,95.634,231.0,95.634,False,2757.12,184.68,553771.2,,,0.75,False,False,False
9.4037064,2346,36.0,267.0,14.904,110.538,231.0,95.634,231.0,95.634,False,2722.24,185.0,551768.4,,,0.75,False,False,False
9.4077148,2347,36.0,267.0,14.904,110.538,231.0,95.634,231.0,95.634,False,2693.96,184.88,549985.6000000001,,,0.75,False,False,False
9.4117232,2348,36.0,267.0,14.904,110.538,231.0,95.634,231.0,95.634,False,2682.88,184.96,547264.4,,,0.75,False,False,False
9.4157316,2349,36.0,267.0,14.904,110.538,231.0,95.634,231.0,95.634,False,2687.0,183.04,545232.6000000001,,,0.75,False,False,False
9.41974,2350,36.0,267.0,14.904,110.538,231.0,95.634,231.0,95.634,False,2671.7999999999997,187.84,542316.4,,,0.75,False,False,False
9.4237484,2351,36.0,267.0,14.904,110.538,231.0,95.634,231.0,95.634,False,2671.56,185.52,539766.4,,,0.75,False,False,False
9.4277568,2352,36.0,267.0,14.904,110.538,231.0,95.634,231.0,95.634,False,2653.24,186.56,536532.0,,,0.75,False,False,False
9.4317652,2353,36.0,267.0,14.904,110.538,231.0,95.634,231.0,95.634,False,2642.88,185.12,534888.0,,,0.75,False,False,False
9.4357736,2354,36.0,267.0,14.904,110.538,231.0,95.634,231.0,95.634,False,2653.48,184.92,532712.7999999999,,,0.75,False,False,False
9.439782,2355,36.0,267.0,14.904,110.538,231.0,95.634,231.0,95.634,False,2632.4,186.92,531345.2,,,0.75,False,False,False
9.4437904,2356,36.0,267.0,14.904,110.538,231.0,95.634,231.0,95.634,False,2614.92,182.2,529335.2,,,0.75,False,False,False
9.4477988,2357,36.0,267.0,14.904,110.538,231.0,95.634,231.0,95.634,False,2619.6,185.08,526942.3999999999,,,0.75,False,False,False
9.4518072,2358,36.0,267.0,14.904,110.538,231.0,95.634,231.0,95.634,False,2595.24,183.32,524971.8,,,0.75,False,False,False
9.4558156,2359,36.0,267.0,14.904,110.538,231.0,95.634,231.0,95.634,False,2599.52,180.76,523022.4,,,0.75,False,False,False
9.459824,2360,36.0,267.0,14.904,110.538,231.0,95.634,231.0,95.634,False,2578.76,183.24,521206.4,,,0.75,False,False,False
9.4638324,2361,36.0,267.0,14.904,110.538,231.0,95.634,231.0,95.634,False,2571.64,177.6,519041.0,,,0.75,False,False,False
9.4678408,2362,36.0,267.0,14.904,110.538,231.0,95.634,231.0,95.634,False,2564.56,179.96,517872.4,,,0.75,False,False,False
9.4718492,2363,36.0,267.0,14.904,110.538,231.0,95.634,231.0,95.634,False,2552.88,181.72,515553.4,,,0.75,False,False,False
9.4758576,2364,36.0,267.0,14.904,110.538,231.0,95.634,231.0,95.634,False,2546.1600000000003,179.28000000000003,513573.0,,,0.75,False,False,False
9.479866,2365,36.0,267.0,14.904,110.538,231.0,95.634,231.0,95.634,False,2510.72,177.68,511916.99999999994,,,0.75,False,False,False
9.4838744,2366,36.0,267.0,14.904,110.538,231.0,95.634,231.0,95.634,False,2522.76,179.12,510138.6,,,0.75,False,False,False
9.4878828,2367,36.0,267.0,14.904,110.538,231.0,95.634,231.0,95.634,False,2511.88,177.28,507905.1999999999,,,0.75,False,False,False
9.4918912,2368,36.0,267.0,14.904,110.538,231.0,95.634,231.0,95.634,False,2513.24,178.52,506245.8,,,0.75,False,False,False
9.4958996,2369,36.0,267.0,14.904,110.538,231.0,95.634,231.0,95.634,False,2495.56,179.64,504536.0,,,0.75,False,False,False
9.499908,2370,36.0,267.0,14.904,110.538,231.0,95.634,231.0,95.634,False,2487.64,182.12000000000003,501375.6,,,0.75,False,False,False
9.5039164,2371,36.0,267.0,14.904,110.538,231.0,95.634,231.0,95.634,False,2482.16,183.92,499484.8,,,0.75,False,False,False
9.5079248,2372,36.0,267.0,14.904,110.538,231.0,95.634,231.0,95.634,False,2461.2799999999997,183.88,497457.0,,,0.75,False,False,False
9.5119332,2373,36.0,267.0,14.904,110.538,231.0,95.634,231.0,95.634,False,2452.84,176.16,494944.2,,,0.75,False,False,False
9.5159416,2374,36.0,267.0,14.904,110.538,231.0,95.634,231.0,95.634,False,2438.48,178.12,492080.6,,,0.75,False,False,False
9.51995,2375,36.0,267.0,14.904,110.538,231.0,95.634,231.0,95.634,False,2416.6,180.44,489677.6,,,0.75,False,False,False
9.5239584,2376,36.0,267.0,14.904,110.538,231.0,95.634,231.0,95.634,False,2401.68,180.28,487279.1999999999,,,0.75,False,False,False
9.527966800000002,2377,36.0,267.0,14.904,110.538,231.0,95.634,231.0,95.634,False,2394.96,181.72,485012.2,,,0.75,False,False,False
9.531975200000002,2378,36.0,267.0,14.904,110.538,231.0,95.634,231.0,95.634,False,2360.44,186.96,482786.0,,,0.75,False,False,False
9.535983600000002,2379,36.0,267.0,14.904,110.538,231.0,95.634,231.0,95.634,False,2378.3999999999996,181.48,480582.6,,,0.75,False,False,False
9.539992000000002,2380,36.0,267.0,14.904,110.538,231.0,95.634,231.0,95.634,False,2371.24,182.56,479465.8000000001,,,0.75,False,False,False
9.544000400000002,2381,36.0,267.0,14.904,110.538,231.0,95.634,231.0,95.634,False,2342.0,178.48000000000002,477695.6,,,0.75,False,False,False
9.548008800000002,2382,36.0,267.0,14.904,110.538,231.0,95.634,231.0,95.634,False,2346.88,178.16,475592.8,,,0.75,False,False,False
9.552017200000002,2383,36.0,267.0,14.904,110.538,231.0,95.634,231.0,95.634,False,2330.92,177.44,473801.8000000001,,,0.75,False,False,False
9.556025600000002,2384,36.0,267.0,14.904,110.538,231.0,95.634,231.0,95.634,False,2337.52,178.04,471987.8000000001,,,0.75,False,False,False
9.560034000000002,2385,36.0,267.0,14.904,110.538,231.0,95.634,231.0,95.634,False,2319.72,175.84,469329.8000000001,,,0.75,False,False,False
9.564042400000002,2386,36.0,267.0,14.904,110.538,231.0,95.634,231.0,95.634,False,2310.36,174.48000000000002,466991.6,,,0.75,False,False,False
9.568050800000002,2387,36.0,267.0,14.904,110.538,231.0,95.634,231.0,95.634,False,2317.84,173.88,465480.8,,,0.75,False,False,False
9.572059200000002,2388,36.0,267.0,14.904,110.538,231.0,95.634,231.0,95.634,False,2282.12,172.72,463626.1999999999,,,0.75,False,False,False
9.576067600000002,2389,36.0,267.0,14.904,110.538,231.0,95.634,231.0,95.634,False,2265.3999999999996,170.52,462120.6,,,0.75,False,False,False
9.580076000000002,2390,36.0,267.0,14.904,110.538,231.0,95.634,231.0,95.634,False,2261.96,169.67999999999998,460511.4,,,0.75,False,False,False
9.584084400000002,2391,35.0,267.0,14.489999999999998,110.538,232.0,96.048,232.0,96.048,False,2236.36,170.4,458384.6,,,0.75,False,False,False
9.588092800000002,2392,35.0,268.0,14.489999999999998,110.952,233.0,96.462,233.0,96.462,False,2220.8,172.72,456250.4,,,0.75,False,False,False
9.592101200000002,2393,35.0,268.0,14.489999999999998,110.952,233.0,96.462,233.0,96.462,False,2216.04,176.52,454542.6000000001,,,0.75,False,False,False
9.596109600000002,2394,35.0,268.0,14.489999999999998,110.952,233.0,96.462,233.0,96.462,False,2212.0,179.24,452836.0,,,0.75,False,False,False
9.600118000000002,2395,35.0,268.0,14.489999999999998,110.952,233.0,96.462,233.0,96.462,False,2197.8,177.28,450834.1999999999,,,0.75,False,False,False
9.604126400000002,2396,35.0,268.0,14.489999999999998,110.952,233.0,96.462,233.0,96.462,False,2193.44,173.64,449445.2,,,0.75,False,False,False
9.608134800000002,2397,35.0,268.0,14.489999999999998,110.952,233.0,96.462,233.0,96.462,False,2179.7999999999997,174.56,447589.8,,,0.75,False,False,False
9.612143200000002,2398,35.0,268.0,14.489999999999998,110.952,233.0,96.462,233.0,96.462,False,2183.8799999999997,173.76,446428.4,,,0.75,False,False,False
9.616151600000002,2399,35.0,267.0,14.489999999999998,110.538,232.0,96.048,233.0,96.462,True,2170.48,172.12,443734.4,,,0.75,False,False,False
9.620160000000002,2400,35.0,268.0,14.489999999999998,110.952,233.0,96.462,233.0,96.462,False,2156.44,177.96,442541.8,,,0.75,False,False,False
9.624168400000002,2401,35.0,268.0,14.489999999999998,110.952,233.0,96.462,233.0,96.462,False,2146.28,179.16000000000005,440799.1999999999,,,0.75,False,False,False
9.628176800000002,2402,35.0,268.0,14.489999999999998,110.952,233.0,96.462,233.0,96.462,False,2150.28,180.48,438859.0,,,0.75,False,False,False
9.6321852,2403,35.0,268.0,14.489999999999998,110.952,233.0,96.462,233.0,96.462,False,2137.04,178.28000000000003,436449.8,,,0.75,False,False,False
9.6361936,2404,35.0,268.0,14.489999999999998,110.952,233.0,96.462,233.0,96.462,False,2142.08,176.16,436134.6,,,0.75,False,False,False
9.640202,2405,35.0,268.0,14.489999999999998,110.952,233.0,96.462,233.0,96.462,False,2125.24,174.2,434050.0,,,0.75,False,False,False
9.6442104,2406,35.0,268.0,14.489999999999998,110.952,233.0,96.462,233.0,96.462,False,2109.56,176.64,433952.4,,,0.75,False,False,False
9.6482188,2407,35.0,268.0,14.489999999999998,110.952,233.0,96.462,233.0,96.462,False,2110.52,173.12,432928.0,,,0.75,False,False,False
9.6522272,2408,35.0,268.0,14.489999999999998,110.952,233.0,96.462,233.0,96.462,False,2110.44,174.44,431635.6,,,0.75,False,False,False
9.6562356,2409,35.0,268.0,14.489999999999998,110.952,233.0,96.462,233.0,96.462,False,2099.8399999999997,173.2,430251.8000000001,,,0.75,False,False,False
9.660244,2410,35.0,268.0,14.489999999999998,110.952,233.0,96.462,233.0,96.462,False,2088.76,175.64,429613.0,,,0.75,False,False,False
9.6642524,2411,35.0,268.0,14.489999999999998,110.952,233.0,96.462,233.0,96.462,False,2079.72,175.76000000000002,428318.8,,,0.75,False,False,False
9.6682608,2412,35.0,268.0,14.489999999999998,110.952,233.0,96.462,233.0,96.462,False,2077.56,177.84,427941.0,,,0.75,False,False,False
9.6722692,2413,35.0,268.0,14.489999999999998,110.952,233.0,96.462,233.0,96.462,False,2067.44,176.44,427279.0,,,0.75,False,False,False
9.6762776,2414,35.0,268.0,14.489999999999998,110.952,233.0,96.462,233.0,96.462,False,2056.12,178.4,425719.8,,,0.75,False,False,False
9.680286,2415,35.0,268.0,14.489999999999998,110.952,233.0,96.462,233.0,96.462,False,2038.08,178.12,424554.20000000007,,,0.75,False,False,False
9.6842944,2416,35.0,268.0,14.489999999999998,110.952,233.0,96.462,233.0,96.462,False,2031.76,179.64,422995.8,,,0.75,False,False,False
9.6883028,2417,35.0,268.0,14.489999999999998,110.952,233.0,96.462,233.0,96.462,False,2034.52,179.56,420627.6,,,0.75,False,False,False
9.6923112,2418,35.0,268.0,14.489999999999998,110.952,233.0,96.462,233.0,96.462,False,2028.4,178.6,418772.6,,,0.75,False,False,False
9.6963196,2419,35.0,269.0,14.489999999999998,111.366,234.0,96.876,233.0,96.462,True,2016.24,179.96,417497.0,,,0.75,False,False,False
9.700328,2420,35.0,268.0,14.489999999999998,110.952,233.0,96.462,234.0,96.876,True,2004.76,177.68,415508.4,,,0.75,False,False,False
9.7043364,2421,35.0,269.0,14.489999999999998,111.366,234.0,96.876,234.0,96.876,False,2006.48,173.76,414112.0,,,0.75,False,False,False
9.7083448,2422,35.0,269.0,14.489999999999998,111.366,234.0,96.876,234.0,96.876,False,2014.44,174.72,413318.2,,,0.75,False,False,False
9.7123532,2423,35.0,268.0,14.489999999999998,110.952,233.0,96.462,234.0,96.876,True,1995.92,179.00000000000003,412059.8,,,0.75,False,False,False
9.7163616,2424,35.0,269.0,14.489999999999998,111.366,234.0,96.876,234.0,96.876,False,1994.6,177.12,410800.4,,,0.75,False,False,False
9.72037,2425,35.0,269.0,14.489999999999998,111.366,234.0,96.876,234.0,96.876,False,1997.12,180.12,410106.8000000001,,,0.75,False,False,False
9.7243784,2426,35.0,269.0,14.489999999999998,111.366,234.0,96.876,234.0,96.876,False,1995.6,172.28,408773.2,,,0.75,False,False,False
9.7283868,2427,35.0,269.0,14.489999999999998,111.366,234.0,96.876,234.0,96.876,False,1969.84,173.92,407271.4,,,0.75,False,False,False
9.7323952,2428,35.0,269.0,14.489999999999998,111.366,234.0,96.876,234.0,96.876,False,1965.6,172.52,406126.4,,,0.75,False,False,False
9.7364036,2429,35.0,269.0,14.489999999999998,111.366,234.0,96.876,234.0,96.876,False,1946.64,170.32,404647.8,,,0.75,False,False,False
9.740412,2430,35.0,269.0,14.489999999999998,111.366,234.0,96.876,234.0,96.876,False,1946.32,173.36,403754.6,,,0.75,False,False,False
9.7444204,2431,35.0,269.0,14.489999999999998,111.366,234.0,96.876,234.0,96.876,False,1951.76,177.6,403231.3999999999,,,0.75,False,False,False
9.7484288,2432,35.0,269.0,14.489999999999998,111.366,234.0,96.876,234.0,96.876,False,1933.88,177.24,402318.6,,,0.75,False,False,False
9.7524372,2433,34.0,269.0,14.076,111.366,235.0,97.29,235.0,97.29,False,1953.84,175.28,401159.4,,,0.75,False,False,False
9.7564456,2434,34.0,269.0,14.076,111.366,235.0,97.29,235.0,97.29,False,1944.48,179.72,400831.4,,,0.75,False,False,False
9.760454,2435,34.0,269.0,14.076,111.366,235.0,97.29,235.0,97.29,False,1946.56,171.48,399568.2,,,0.75,False,False,False
9.7644624,2436,34.0,269.0,14.076,111.366,235.0,97.29,235.0,97.29,False,1923.24,175.2,398183.6,,,0.75,False,False,False
9.7684708,2437,34.0,269.0,14.076,111.366,235.0,97.29,235.0,97.29,False,1916.36,175.28,396792.6,,,0.75,False,False,False
9.7724792,2438,34.0,269.0,14.076,111.366,235.0,97.29,235.0,97.29,False,1905.64,179.92,395521.6,,,0.75,False,False,False
9.7764876,2439,34.0,269.0,14.076,111.366,235.0,97.29,235.0,97.29,False,1891.0,176.4,393511.6,,,0.75,False,False,False
9.780496,2440,34.0,269.0,14.076,111.366,235.0,97.29,235.0,97.29,False,1882.48,176.8,391636.6,,,0.75,False,False,False
9.7845044,2441,34.0,269.0,14.076,111.366,235.0,97.29,235.0,97.29,False,1873.96,177.32,390222.99999999994,,,0.75,False,False,False
9.7885128,2442,34.0,269.0,14.076,111.366,235.0,97.29,235.0,97.29,False,1881.2,176.84,389322.0,,,0.75,False,False,False
9.7925212,2443,33.0,269.0,13.662,111.366,236.0,97.704,236.0,97.704,False,1862.04,171.28,388581.0,,,0.75,False,False,False
9.7965296,2444,33.0,269.0,13.662,111.366,236.0,97.704,236.0,97.704,False,1860.84,170.16,387754.0,,,0.75,False,False,False
9.800538,2445,33.0,269.0,13.662,111.366,236.0,97.704,236.0,97.704,False,1853.04,174.68,387789.8000000001,,,0.75,False,False,False
9.8045464,2446,33.0,269.0,13.662,111.366,236.0,97.704,236.0,97.704,False,1846.04,179.72,385893.8,,,0.75,False,False,False
9.8085548,2447,33.0,269.0,13.662,111.366,236.0,97.704,236.0,97.704,False,1836.68,179.76,384780.1999999999,,,0.75,False,False,False
9.8125632,2448,33.0,269.0,13.662,111.366,236.0,97.704,236.0,97.704,False,1830.56,183.8,383376.8,,,0.75,False,False,False
9.8165716,2449,33.0,269.0,13.662,111.366,236.0,97.704,236.0,97.704,False,1817.12,186.68,382619.6,,,0.75,False,False,False
9.82058,2450,33.0,269.0,13.662,111.366,236.0,97.704,236.0,97.704,False,1815.48,186.12,381338.4,,,0.75,False,False,False
9.8245884,2451,33.0,269.0,13.662,111.366,236.0,97.704,236.0,97.704,False,1803.36,184.72000000000003,381250.1999999999,,,0.75,False,False,False
9.8285968,2452,33.0,269.0,13.662,111.366,236.0,97.704,236.0,97.704,False,1789.8,184.04,380569.4,,,0.75,False,False,False
9.8326052,2453,33.0,269.0,13.662,111.366,236.0,97.704,236.0,97.704,False,1787.36,181.0,379745.0,,,0.75,False,False,False
9.836613600000002,2454,33.0,270.0,13.662,111.78,237.0,98.118,237.0,98.118,False,1781.08,178.12,379445.8000000001,,,0.75,False,False,False
9.840622000000002,2455,33.0,270.0,13.662,111.78,237.0,98.118,237.0,98.118,False,1790.08,180.07999999999998,378810.2,,,0.75,False,False,False
9.844630400000002,2456,32.0,270.0,13.248,111.78,238.0,98.532,238.0,98.532,False,1787.92,182.76,378336.4,,,0.75,False,False,False
9.848638800000002,2457,32.0,270.0,13.248,111.78,238.0,98.532,238.0,98.532,False,1789.6,180.52,377326.6,,,0.75,False,False,False
9.852647200000002,2458,32.0,270.0,13.248,111.78,238.0,98.532,238.0,98.532,False,1778.84,182.8,376898.2,,,0.75,False,False,False
9.856655600000002,2459,32.0,270.0,13.248,111.78,238.0,98.532,238.0,98.532,False,1766.72,182.84,375999.4,,,0.75,False,False,False
9.860664000000002,2460,32.0,270.0,13.248,111.78,238.0,98.532,238.0,98.532,False,1766.12,180.32,375494.79999999993,,,0.75,False,False,False
9.864672400000002,2461,32.0,270.0,13.248,111.78,238.0,98.532,238.0,98.532,False,1763.08,180.8,374571.4,,,0.75,False,False,False
9.868680800000002,2462,32.0,270.0,13.248,111.78,238.0,98.532,238.0,98.532,False,1757.9199999999998,181.16,373770.6,,,0.75,False,False,False
9.872689200000002,2463,32.0,270.0,13.248,111.78,238.0,98.532,238.0,98.532,False,1762.0399999999995,182.2,373319.4,,,0.75,False,False,False
9.876697600000002,2464,32.0,270.0,13.248,111.78,238.0,98.532,238.0,98.532,False,1756.12,186.44,372362.8,,,0.75,False,False,False
9.880706000000002,2465,32.0,270.0,13.248,111.78,238.0,98.532,238.0,98.532,False,1753.76,189.76,371678.1999999999,,,0.75,False,False,False
9.884714400000002,2466,32.0,270.0,13.248,111.78,238.0,98.532,238.0,98.532,False,1759.2,189.76,370952.4,,,0.75,False,False,False
9.888722800000002,2467,32.0,270.0,13.248,111.78,238.0,98.532,238.0,98.532,False,1743.4,187.24,370039.6,,,0.75,False,False,False
9.892731200000002,2468,32.0,270.0,13.248,111.78,238.0,98.532,238.0,98.532,False,1739.36,181.76,369255.4,,,0.75,False,False,False
9.896739600000002,2469,32.0,270.0,13.248,111.78,238.0,98.532,238.0,98.532,False,1759.16,181.76,369347.0,,,0.75,False,False,False
9.900748000000002,2470,32.0,270.0,13.248,111.78,238.0,98.532,238.0,98.532,False,1756.96,182.08,368314.6,,,0.75,False,False,False
9.904756400000002,2471,32.0,271.0,13.248,112.194,239.0,98.946,239.0,98.946,False,1729.0399999999995,184.2,367627.1999999999,,,0.75,False,False,False
9.908764800000002,2472,32.0,271.0,13.248,112.194,239.0,98.946,239.0,98.946,False,1730.72,183.2,367925.0,,,0.75,False,False,False
9.912773200000002,2473,32.0,271.0,13.248,112.194,239.0,98.946,239.0,98.946,False,1730.5999999999997,183.56,367326.8000000001,,,0.75,False,False,False
9.916781600000002,2474,32.0,271.0,13.248,112.194,239.0,98.946,239.0,98.946,False,1726.0,183.52,366298.6,,,0.75,False,False,False
9.920790000000002,2475,32.0,271.0,13.248,112.194,239.0,98.946,239.0,98.946,False,1712.12,184.08,365799.4,,,0.75,False,False,False
9.924798400000002,2476,32.0,271.0,13.248,112.194,239.0,98.946,239.0,98.946,False,1714.72,181.72,365336.8,,,0.75,False,False,False
9.928806800000002,2477,32.0,271.0,13.248,112.194,239.0,98.946,239.0,98.946,False,1709.2,187.08,364285.0,,,0.75,False,False,False
9.932815200000002,2478,32.0,271.0,13.248,112.194,239.0,98.946,239.0,98.946,False,1714.6799999999998,185.92,363793.2,,,0.75,False,False,False
9.936823600000002,2479,32.0,271.0,13.248,112.194,239.0,98.946,239.0,98.946,False,1698.96,186.36,362468.1999999999,,,0.75,False,False,False
9.940832000000002,2480,32.0,271.0,13.248,112.194,239.0,98.946,239.0,98.946,False,1686.56,184.76,360931.2,,,0.75,False,False,False
9.944840400000002,2481,32.0,271.0,13.248,112.194,239.0,98.946,239.0,98.946,False,1675.52,180.36,359056.0,,,0.75,False,False,False
9.9488488,2482,32.0,271.0,13.248,112.194,239.0,98.946,239.0,98.946,False,1675.32,179.64,357937.4,,,0.75,False,False,False
9.9528572,2483,31.0,271.0,12.834,112.194,240.0,99.36,240.0,99.36,False,1665.04,179.56,356877.60000000003,,,0.75,False,False,False
9.9568656,2484,31.0,271.0,12.834,112.194,240.0,99.36,240.0,99.36,False,1649.36,183.72,356523.4,,,0.75,False,False,False
9.960874,2485,31.0,271.0,12.834,112.194,240.0,99.36,240.0,99.36,False,1662.7199999999998,190.36,356255.60000000003,,,0.75,False,False,False
9.9648824,2486,31.0,271.0,12.834,112.194,240.0,99.36,240.0,99.36,False,1674.8799999999997,190.0,356532.4,,,0.75,False,False,False
9.9688908,2487,31.0,271.0,12.834,112.194,240.0,99.36,240.0,99.36,False,1679.1999999999998,186.64,356400.6,,,0.75,False,False,False
9.9728992,2488,31.0,271.0,12.834,112.194,240.0,99.36,240.0,99.36,False,1676.28,187.0,355962.4,,,0.75,False,False,False
9.9769076,2489,31.0,271.0,12.834,112.194,240.0,99.36,240.0,99.36,False,1683.44,189.28,355739.39999999997,,,0.75,False,False,False
9.980916,2490,31.0,272.0,12.834,112.608,241.0,99.774,240.0,99.36,True,1671.64,187.84,355407.80000000005,,,0.75,False,False,False
9.9849244,2491,31.0,271.0,12.834,112.194,240.0,99.36,240.0,99.36,False,1671.12,191.44,354764.4,,,0.75,False,False,False
9.9889328,2492,31.0,271.0,12.834,112.194,240.0,99.36,240.0,99.36,False,1656.08,191.56,354616.4,,,0.75,False,False,False
9.9929412,2493,31.0,271.0,12.834,112.194,240.0,99.36,240.0,99.36,False,1659.32,188.88,354867.80000000005,,,0.75,False,False,False
9.9969496,2494,31.0,271.0,12.834,112.194,240.0,99.36,240.0,99.36,False,1647.1999999999998,190.88,354403.00000000006,,,0.75,False,False,False
10.000958,2495,31.0,271.0,12.834,112.194,240.0,99.36,240.0,99.36,False,1650.28,188.04,354285.4,,,0.75,False,False,False
10.0049664,2496,31.0,272.0,12.834,112.608,241.0,99.774,241.0,99.774,False,1645.12,187.8,353976.6,,,0.75,False,False,False
10.0089748,2497,31.0,272.0,12.834,112.608,241.0,99.774,241.0,99.774,False,1639.08,185.4,353028.60000000003,,,0.75,False,False,False
10.0129832,2498,31.0,272.0,12.834,112.608,241.0,99.774,241.0,99.774,False,1634.3,186.5,352186.0,,,0.75,False,False,False
10.0169916,2499,31.0,272.0,12.834,112.608,241.0,99.774,241.0,99.774,False,1640.7333333333331,185.53333333333333,351633.6666666667,,,0.75,False,False,False
