time_index,time_sec,sum_intensity,norm_sum_intensity,filtered_norm_sum_intensity,detrended_norm_sum_intensity,f0_baseline,df_f_signal,d_df_f_signal,is_onset,is_peak,onset_index,peak_id
0,0.0,659120.0,1846.2745098039215,1846.2745098039215,1846.2745098039215,1548.4499376146257,0.1923372302549816,0.0111190328639721,False,False,,
1,0.004688,658806.0,1845.3949579831933,1846.2745098039215,1846.355224345732,1548.4499376146257,0.1923893562810479,-0.0494651094897982,False,False,,
2,0.009376,662233.0,1854.9943977591035,1845.3949579831933,1845.5563621562048,1548.4499376146257,0.1918734453884052,0.0118856366154744,False,False,,
3,0.014064,652570.0,1827.9271708683473,1846.2857142857144,1846.5277831870053,1548.4499376146257,0.1925007960099545,-0.2416378841086128,False,False,,
4,0.018752,659124.0,1846.2857142857144,1841.7254901960785,1842.0481989304135,1548.4499376146257,0.1896078485870029,-0.3029954902834397,False,False,,
5,0.02344,657496.0,1841.7254901960785,1841.7254901960785,1842.128813875905,1548.4499376146257,0.189659910293057,0.0111035990304984,False,False,,
6,0.028128,655680.0,1836.638655462185,1841.7254901960785,1842.2094039415251,1548.4499376146257,0.1897119559315128,-0.0182263527796919,False,False,,
7,0.032816,657808.0,1842.5994397759105,1841.2997198879552,1841.8641988268291,1548.4499376146257,0.1894890200093946,-0.0182297785818761,False,False,,
8,0.037504,657344.0,1841.2997198879552,1841.2997198879552,1841.9447391557396,1548.4499376146257,0.1895410335275291,0.01109332162358,False,False,,
9,0.042192,653928.0,1831.731092436975,1841.2997198879552,1842.025254627807,1548.4499376146257,0.1895930309929373,0.2061498763885012,False,False,,
10,0.04688,659693.0,1847.879551820728,1844.1316526610644,1844.9376780238129,1548.4499376146257,0.1914738947685477,0.2061464537572277,False,False,,
11,0.051568,658355.0,1844.1316526610644,1844.1316526610644,1845.0181438052064,1548.4499376146257,0.191525860143365,-0.6302417418960218,False,False,,
12,0.056256,655031.0,1834.8207282913163,1834.8207282913163,1835.787660383017,1548.4499376146257,0.1855647481965306,-0.9345078587751984,False,False,,
13,0.060944,653454.0,1830.403361344538,1830.403361344538,1831.4507095576255,1548.4499376146257,0.1827639144594888,-0.3705544859361467,False,False,,
14,0.065632,650722.0,1822.750700280112,1829.280112044818,1830.407851560784,1548.4499376146257,0.1820904293363933,-0.5160329031111566,False,False,,
15,0.07032,653053.0,1829.280112044818,1822.750700280112,1823.9588062881069,1548.4499376146257,0.1779255899599186,-0.4274779326205795,False,False,,
16,0.075008,649622.0,1819.6694677871149,1822.9131652661065,1824.2016129629376,1548.4499376146257,0.1780823962401428,-0.201165468874187,False,False,,
17,0.079696,650780.0,1822.9131652661065,1819.6694677871149,1821.0382323772449,1548.4499376146257,0.1760394625237542,-0.4043322444651629,False,False,,
18,0.084384,648627.0,1816.8823529411768,1816.8823529411768,1818.3314096367208,1548.4499376146257,0.1742913771160374,-0.1809138435725685,False,False,,
19,0.089072,647570.0,1813.921568627451,1816.8823529411768,1818.4116769619004,1548.4499376146257,0.1743432143264178,0.0347870518078217,False,False,,
20,0.09376,648750.0,1817.2268907563025,1817.2268907563025,1818.8364573296192,1548.4499376146257,0.1746175405137875,0.0347836397249956,False,False,,
21,0.098448,649542.0,1819.4453781512605,1817.2268907563025,1818.9166751172704,1548.4499376146257,0.1746693457324794,-0.2422782570201889,False,False,,
22,0.103136,644832.0,1806.252100840336,1813.549019607843,1815.3189969991645,1548.4499376146257,0.1723459395759662,-0.7448842821007418,False,False,,
23,0.107824,647437.0,1813.549019607843,1806.252100840336,1808.1022465123535,1548.4499376146257,0.1676853107035028,-0.1600936309951137,False,False,,
24,0.112512,644524.0,1805.3893557422969,1811.064425770308,1812.994714981002,1548.4499376146257,0.1708449016917561,0.3425055762358795,False,False,,
25,0.1172,646550.0,1811.064425770308,1811.064425770308,1813.074833785296,1548.4499376146257,0.1708966429862904,0.0110352624101679,False,False,,
26,0.121888,647563.0,1813.9019607843136,1811.064425770308,1813.15492786284,1548.4499376146257,0.1709483683121138,-0.009419535758802,False,False,,
27,0.126576,645044.0,1806.8459383753504,1810.767507002801,1812.938078453759,1548.4499376146257,0.1708083254190159,-0.2795356702831526,False,False,,
28,0.131264,646444.0,1810.767507002801,1806.8459383753504,1809.0965544732455,1548.4499376146257,0.168327441867539,-0.5650868168885097,False,False,,
29,0.135952,640085.0,1792.955182072829,1802.403361344538,1804.733997385508,1548.4499376146257,0.1655100714238692,-0.9457562308680032,False,False,,
30,0.14064,643458.0,1802.403361344538,1792.955182072829,1795.365813360636,1548.4499376146257,0.1594600314469206,-0.8745656343645223,False,False,,
31,0.145328,637063.0,1784.4901960784314,1789.546218487395,1792.036820333422,1548.4499376146257,0.1573101440360675,-0.5720427774987051,False,False,,
32,0.150016,638868.0,1789.546218487395,1784.4901960784314,1787.0607438016818,1548.4499376146257,0.1540965583650927,-0.6507647439383533,False,False,,
33,0.154704,634361.0,1776.921568627451,1779.93837535014,1782.588844277234,1548.4499376146257,0.1512085737969015,-0.3025156585709965,False,False,,
34,0.159392,635438.0,1779.93837535014,1779.93837535014,1782.6687408153132,1548.4499376146257,0.151260171550331,0.0110046482987264,False,False,,
35,0.16408,639143.0,1790.3165266106444,1779.93837535014,1782.74861269524,1548.4499376146257,0.1513117533793503,-0.0846958294393367,False,False,,
36,0.168768,634942.0,1778.549019607843,1778.549019607843,1781.439104182328,1548.4499376146257,0.1504660634535078,-0.0846992247121818,False,False,,
37,0.173456,634274.0,1776.6778711484594,1778.549019607843,1781.5189267687786,1548.4499376146257,0.1505176134484489,-0.1178878971704726,False,False,,
38,0.178144,635011.0,1778.7422969187676,1776.6778711484594,1779.7275762605166,1548.4499376146257,0.1493607465296375,-0.1809819065240407,False,False,,
39,0.182832,633947.0,1775.7619047619048,1775.7619047619048,1778.891383197358,1548.4499376146257,0.1488207270928795,-0.0621356975395652,False,False,,
40,0.18752,633895.0,1775.6162464985994,1775.6162464985994,1778.8254736373235,1548.4499376146257,0.1487781622295065,-0.0387936312610488,False,False,,
41,0.192208,631759.0,1769.6330532212885,1775.0392156862745,1778.3281669157432,1548.4499376146257,0.1484569980061759,-0.4011339545662657,False,False,,
42,0.196896,633689.0,1775.0392156862745,1769.6330532212885,1773.0017039365712,1548.4499376146257,0.1450171302714932,-0.7273949336297303,False,False,,
43,0.201584,628514.0,1760.5434173669469,1764.3193277310925,1767.7676533348522,1548.4499376146257,0.1416369431084636,-0.6151086010405802,False,False,,
44,0.206272,629862.0,1764.3193277310925,1760.5434173669469,1764.0713932694384,1548.4499376146257,0.1392498720281367,-0.3704670298008139,False,False,,
45,0.21096,627885.0,1758.781512605042,1758.781512605042,1762.389114224109,1548.4499376146257,0.1381634442370511,-0.3666116623715165,False,False,,
46,0.215648,622366.0,1743.3221288515406,1755.06162464986,1758.748827410933,1548.4499376146257,0.1358125210817414,-0.3824359356402951,False,False,,
47,0.220336,626557.0,1755.06162464986,1753.0700280112044,1756.8368073472975,1548.4499376146257,0.1345777249044877,-0.1262181014168213,False,False,,
48,0.225024,625846.0,1753.0700280112044,1753.0700280112044,1756.916359362915,1548.4499376146257,0.1346291001628573,-0.3367164757211629,False,False,,
49,0.229712,623606.0,1746.7955182072828,1748.0224089635851,1751.9482677790895,1548.4499376146257,0.1314206712281261,-0.336719857396897,False,False,,
50,0.2344,624044.0,1748.0224089635851,1748.0224089635851,1752.027770698637,1548.4499376146257,0.1314720147799039,0.010950432764341,False,False,,
51,0.239088,625062.0,1750.873949579832,1748.0224089635851,1752.1072490815127,1548.4499376146257,0.1315233424857245,-0.2869487002676809,False,False,,
52,0.243776,622500.0,1743.6974789915969,1743.6974789915969,1747.8617729633015,1548.4499376146257,0.1287815837661942,-0.5890924608679171,False,False,,
53,0.248464,620934.0,1739.310924369748,1739.310924369748,1743.5546476737018,1548.4499376146257,0.1260000115726269,-0.291200084927592,False,False,,
54,0.253152,619624.0,1735.641456582633,1739.310924369748,1743.6340524919904,1548.4499376146257,0.1260512917699131,-0.2418114193664831,False,False,,
55,0.25784,623206.0,1745.6750700280113,1735.641456582633,1740.0439650167696,1548.4499376146257,0.1237327877046468,-0.7083380666930026,False,False,,
56,0.262528,615942.0,1725.327731092437,1728.8683473389356,1733.3502115861347,1548.4499376146257,0.1194099140565994,-0.6994663085190194,False,False,,
57,0.267216,617206.0,1728.8683473389356,1725.327731092437,1729.8889266614285,1548.4499376146257,0.1171745915959724,0.0109267975357241,False,False,,
58,0.271904,611232.0,1712.1344537815123,1728.8683473389356,1733.5088497460074,1548.4499376146257,0.1195123637102944,-0.0203324763503864,False,False,,
59,0.276592,619638.0,1735.6806722689075,1724.873949579832,1729.5937343488288,1548.4499376146257,0.1169839542977113,-0.2373907197695146,False,False,,
60,0.28128,615780.0,1724.873949579832,1725.2633053221289,1730.0623479844492,1548.4499376146257,0.1172865883217355,0.0109166837749494,False,False,,
61,0.285968,615919.0,1725.2633053221289,1724.873949579832,1729.752225674426,1548.4499376146257,0.1170863091247852,-0.1881983547979047,False,False,,
62,0.290656,614887.0,1722.3725490196075,1722.3725490196075,1727.3300340929748,1548.4499376146257,0.1155220405471504,-0.4191481069152107,False,False,,
63,0.295344,610188.0,1709.2100840336134,1718.6302521008404,1723.666921707027,1548.4499376146257,0.1131563764743482,-0.6508696086496073,False,False,,
64,0.300032,613551.0,1718.6302521008404,1712.764705882353,1717.8805355829504,1548.4499376146257,0.1094194870964516,-0.3931082554033214,False,False,,
65,0.30472,611457.0,1712.764705882353,1712.764705882353,1717.9596712464947,1548.4499376146257,0.1094705934716866,-0.1639016754119637,False,False,,
66,0.309408,610551.0,1710.2268907563025,1710.2268907563025,1715.500967360662,1548.4499376146257,0.1078827449877891,-0.4212838833614132,False,False,,
67,0.314096,606736.0,1699.5406162464983,1706.4901960784314,1711.8433595072197,1548.4499376146257,0.10552063578129,-0.7251640673321269,False,False,,
68,0.318784,609217.0,1706.4901960784314,1699.5406162464983,1704.9728420914623,1548.4499376146257,0.1010836066924831,-0.5148653753125547,False,False,,
69,0.323472,606492.0,1698.857142857143,1698.857142857143,1704.3684067175616,1548.4499376146257,0.1006932580223596,-0.0361903914266346,False,False,,
70,0.32816,605786.0,1696.8795518207282,1698.857142857143,1704.4474203398263,1548.4499376146257,0.100744285582467,-0.1253309520887704,False,False,,
71,0.332848,606838.0,1699.826330532213,1696.8795518207282,1702.5488185400156,1548.4499376146257,0.0995181550155752,-0.5683191877599825,False,False,,
72,0.337536,603490.0,1690.4481792717088,1690.4481792717088,1696.1964108494644,1548.4499376146257,0.0954157248780294,-0.5507652180751599,False,False,,
73,0.342224,602875.0,1688.7254901960785,1688.7254901960785,1694.5526622616908,1548.4499376146257,0.0943541803309026,-0.614052128631732,False,False,,
74,0.346912,598253.0,1675.778711484594,1681.375350140056,1687.2814383304349,1548.4499376146257,0.0896583721199783,-0.4953988208614905,False,False,,
75,0.3516,600251.0,1681.375350140056,1681.375350140056,1687.36033009963,1548.4499376146257,0.0897093209865053,0.0108662552162019,False,False,,
76,0.356288,601639.0,1685.2633053221289,1681.375350140056,1687.4391975207711,1548.4499376146257,0.0897602541288854,-1.1184012466468882,False,False,,
77,0.360976,594194.0,1664.408963585434,1664.9803921568628,1671.1230826181788,1548.4499376146257,0.0792231908979442,-1.1184045992212202,False,False,,
78,0.365664,594398.0,1664.9803921568628,1664.9803921568628,1671.2019013657518,1548.4499376146257,0.0792740926065874,0.0793490682651807,False,False,,
79,0.370352,594753.0,1665.9747899159663,1665.9747899159663,1672.2750935469105,1548.4499376146257,0.0799671677619986,0.0793457177599474,False,False,,
80,0.37504,596199.0,1670.0252100840337,1665.9747899159663,1672.3538636509552,1548.4499376146257,0.0800180380563046,-0.0707631344177759,False,False,,
81,0.379728,594330.0,1664.7899159663866,1664.7899159663866,1671.2477354949149,1548.4499376146257,0.0793036926136975,-0.799106165011044,False,False,,
82,0.384416,587608.0,1645.9607843137255,1654.2156862745098,1660.7522272935748,1548.4499376146257,0.072525618653161,-0.7678536108232743,False,False,,
83,0.389104,590555.0,1654.2156862745098,1653.484593837535,1660.0998320516346,1548.4499376146257,0.0721042971586184,-0.0395172750384205,False,False,,
84,0.393792,590294.0,1653.484593837535,1653.484593837535,1660.1785049586658,1548.4499376146257,0.0721551046824008,-0.0429934983312128,False,False,,
85,0.39848,590015.0,1652.703081232493,1652.703081232493,1659.475640980147,1548.4499376146257,0.071701190118265,-0.4244346046560157,False,False,,
86,0.403168,583888.0,1635.5406162464983,1647.1652661064427,1654.016450207606,1548.4499376146257,0.068175605829146,-1.171299645843555,False,False,,
87,0.407856,588038.0,1647.1652661064427,1635.5406162464983,1642.470400435648,1548.4499376146257,0.0607190846388357,-0.2585148990047372,False,False,,
88,0.412544,583499.0,1634.450980392157,1643.2549019607843,1650.2632619798858,1548.4499376146257,0.0657517701360774,0.5421730659960238,False,False,,
89,0.417232,586642.0,1643.2549019607843,1643.2549019607843,1650.3418135592906,1548.4499376146257,0.0658024993056144,0.0108193987554727,False,False,,
90,0.42192,587442.0,1645.4957983193278,1643.2549019607843,1650.4203408956323,1548.4499376146257,0.0658532128188087,-0.4593730279195442,False,False,,
91,0.426608,584205.0,1636.428571428571,1636.428571428571,1643.6725134641804,1548.4499376146257,0.0614954177958407,-1.2243742043809824,False,False,,
92,0.431296,580240.0,1625.3221288515406,1625.3221288515406,1632.6445497598097,1548.4499376146257,0.0543734802785326,-0.7914254231219999,False,False,,
93,0.435984,580047.0,1624.781512605042,1624.781512605042,1632.182388165347,1548.4499376146257,0.0540750130286489,-0.5296123489317486,False,False,,
94,0.440672,577387.0,1617.3305322128851,1617.4761904761904,1624.9554964753825,1548.4499376146257,0.0494078348949486,-0.5024114733149032,False,False,,
95,0.44536,577439.0,1617.4761904761904,1617.3305322128851,1624.8882444452888,1548.4499376146257,0.0493644030548484,-0.0046356338136357,False,False,,
96,0.450048,577177.0,1616.7422969187676,1617.2521008403362,1624.8881951077462,1548.4499376146257,0.049364371192312,-0.0297208631224865,False,False,,
97,0.454736,577359.0,1617.2521008403362,1616.7422969187676,1624.4567490304464,1548.4499376146257,0.049085740242212,-0.2450426282518512,False,False,,
98,0.459424,576033.0,1613.5378151260504,1613.5378151260504,1621.3306008987272,1548.4499376146257,0.0470668515098226,-0.3891703942825373,False,False,,
99,0.464112,573553.0,1606.591036414566,1610.9355742296918,1618.8066694875588,1548.4499376146257,0.0454368786254189,-0.1684530363828269,False,False,,
100,0.4688,575104.0,1610.9355742296918,1610.9355742296918,1618.8849548044025,1548.4499376146257,0.0454874358406972,0.0107827247529357,False,False,,
101,0.473488,577297.0,1617.078431372549,1610.9355742296918,1618.9632159603589,1548.4499376146257,0.0455379774527024,-0.5089946702893524,False,False,,
102,0.478176,572410.0,1603.3893557422969,1603.3893557422969,1611.4952344754895,1548.4499376146257,0.0407151018120642,-1.2278837337045472,False,False,,
103,0.482864,568420.0,1592.2128851540615,1592.952380952381,1601.1364725421229,1548.4499376146257,0.0340253395654886,-0.7590485356026204,False,False,,
104,0.487552,568684.0,1592.952380952381,1592.2128851540615,1600.4751654618287,1548.4499376146257,0.0335982627422541,-0.2404354191242994,False,False,,
105,0.49224,567293.0,1589.0560224089636,1589.3053221288517,1597.645767023569,1548.4499376146257,0.0317710170757792,-0.2066746516218738,False,False,,
106,0.496928,567382.0,1589.3053221288517,1589.0560224089636,1597.4746077670047,1548.4499376146257,0.0316604812086475,0.0107627731745201,False,False,,
107,0.5016160000000001,566904.0,1587.9663865546215,1589.3053221288517,1597.8020238340343,1548.4499376146257,0.0318719288370635,-0.0642932998508252,False,False,,
108,0.5063040000000001,570607.0,1598.3389355742297,1587.9663865546215,1596.5411804982075,1548.4499376146257,0.0310576672292461,-0.3619994362769234,False,False,,
109,0.510992,565450.0,1583.8935574229693,1583.8935574229693,1592.5464195036593,1548.4499376146257,0.0284778221225312,-0.2697785524366374,False,False,,
110,0.51568,562485.0,1575.5882352941176,1583.8935574229693,1592.6244635469036,1548.4499376146257,0.0285282235216003,-0.5613106815606654,False,False,,
111,0.520368,565453.0,1583.9019607843138,1575.5882352941176,1584.3971613748722,1548.4499376146257,0.0232149731722183,-0.8086600845707439,False,False,,
112,0.5250560000000001,560803.0,1570.87675070028,1571.997198879552,1580.8841208381366,1548.4499376146257,0.020946226568665,-0.3137782925825574,False,False,,
113,0.529744,561203.0,1571.997198879552,1570.87675070028,1579.8416444651357,1548.4499376146257,0.0202729879009642,-0.2557073712001472,False,False,,
114,0.534432,557403.0,1561.3529411764705,1568.1288515406163,1577.171693047613,1548.4499376146257,0.0185487142562924,-0.2072833320018277,False,False,,
115,0.53912,559822.0,1568.1288515406163,1567.7114845938374,1576.832249786272,1548.4499376146257,0.0183294993801151,-0.0180147969530972,False,False,,
116,0.5438080000000001,559673.0,1567.7114845938374,1567.7114845938374,1576.9101494224317,1548.4499376146257,0.0183798075200601,-0.3404169462001853,False,False,,
117,0.548496,557853.0,1562.6134453781513,1562.6134453781513,1571.8899858010484,1548.4499376146257,0.0151377500925423,-0.3404202576349378,False,False,,
118,0.553184,557726.0,1562.2577030812324,1562.6134453781513,1571.9678373609152,1548.4499376146257,0.015188027184475,-0.0137801026464212,False,False,,
119,0.557872,558517.0,1564.4733893557425,1562.2577030812324,1571.6899225968446,1548.4499376146257,0.0150085478501294,-0.3263424279560105,False,False,,
120,0.5625600000000001,556106.0,1557.719887955182,1557.719887955182,1567.229910984039,1548.4499376146257,0.0121282405799595,-0.3018426529790352,False,False,,
121,0.5672480000000001,555426.0,1555.81512605042,1557.719887955182,1567.3076904850934,1548.4499376146257,0.012178471135798,-0.120484556029307,False,False,,
122,0.571936,556262.0,1558.156862745098,1555.81512605042,1565.4806840766066,1548.4499376146257,0.0109985773826287,-0.2682781130940062,False,False,,
123,0.576624,554660.0,1553.6694677871149,1553.6694677871149,1563.4127573122057,1548.4499376146257,0.0096630955474286,-0.5673347978297311,False,False,,
124,0.581312,552338.0,1547.1652661064427,1547.422969187675,1557.243966221705,1548.4499376146257,0.0056792463181771,-0.4195478513803713,False,False,,
125,0.5860000000000001,552430.0,1547.422969187675,1547.422969187675,1557.3216497480837,1548.4499376146257,0.0057294148928862,0.0106998364003362,False,False,,
126,0.590688,553104.0,1549.310924369748,1547.422969187675,1557.3993092993028,1548.4499376146257,0.0057795679842667,0.1407365197874164,False,False,,
127,0.595376,551320.0,1544.313725490196,1549.310924369748,1559.364900064835,1548.4499376146257,0.007048960502413,-0.2034675742802301,False,False,,
128,0.600064,553756.0,1551.137254901961,1544.313725490196,1554.44531280838,1548.4499376146257,0.0038718560078152,-0.6285125486067059,False,False,,
129,0.6047520000000001,548787.0,1537.218487394958,1540.03081232493,1550.2399873132426,1548.4499376146257,0.0011560268466765,-0.3885013935991694,False,False,,
130,0.6094400000000001,549791.0,1540.03081232493,1538.5182072829132,1548.804945995779,1548.4499376146257,0.0002292669414294,-0.0935030032914509,False,False,,
131,0.614128,549251.0,1538.5182072829132,1538.5182072829132,1548.8824857821471,1548.4499376146257,0.0002793426878159,-0.3819481083470295,False,False,,
132,0.618816,547216.0,1532.8179271708684,1532.8179271708684,1543.2597215256733,1548.4499376146257,-0.0033518785224323,-0.3819514044849468,False,False,,
133,0.6235040000000001,547171.0,1532.6918767507002,1532.8179271708684,1543.3372134578324,1548.4499376146257,-0.0033018336806349,0.0019912520473924,False,False,,
134,0.6281920000000001,547873.0,1534.6582633053222,1532.6918767507002,1543.2886310537951,1548.4499376146257,-0.003333208543236,-0.1677971865058347,False,False,,
135,0.63288,546291.0,1530.2268907563025,1530.2268907563025,1540.901089166881,1548.4499376146257,-0.0048751001013136,-0.3618957697249509,False,False,,
136,0.637568,543740.0,1523.0812324929973,1527.282913165266,1538.0345317820606,1548.4499376146257,-0.0067263432801771,-0.481520413566925,False,False,,
137,0.642256,545240.0,1527.282913165266,1523.0812324929973,1533.9102474221156,1548.4499376146257,-0.0093898354989171,-0.442743234128032,False,False,,
138,0.6469440000000001,541485.0,1516.764705882353,1520.7002801120448,1531.6066674669694,1548.4499376146257,-0.0108775038433615,-0.1919275607755968,False,False,,
139,0.6516320000000001,542890.0,1520.7002801120448,1520.140056022409,1531.1237919239943,1548.4499376146257,-0.0111893483087491,-0.0279338352739948,False,False,,
140,0.65632,542690.0,1520.140056022409,1520.140056022409,1531.20111659888,1548.4499376146257,-0.0111394114828905,0.0106504095469395,False,False,,
141,0.661008,541313.0,1516.282913165266,1520.140056022409,1531.2784174093567,1548.4499376146257,-0.011089490068837,-0.2550280409775385,False,False,,
142,0.6656960000000001,544712.0,1525.8039215686274,1516.282913165266,1527.4985515056478,1548.4499376146257,-0.0135305543950959,-0.3464837797625966,False,False,,
143,0.6703840000000001,540839.0,1514.955182072829,1514.955182072829,1526.2480735169645,1548.4499376146257,-0.0143381219878911,-0.2127812634737202,False,False,,
144,0.675072,540155.0,1513.0392156862745,1513.0392156862745,1524.409336391844,1548.4499376146257,-0.0155255915214255,-0.1213320946192411,False,False,,
145,0.67976,539565.0,1511.3865546218487,1513.0392156862745,1524.486541818317,1548.4499376146257,-0.0154757317070411,-0.1031992371271914,False,False,,
146,0.6844480000000001,542155.0,1518.641456582633,1511.3865546218487,1522.911062352759,1548.4499376146257,-0.0164931875687301,-0.2648842816071841,False,False,,
147,0.6891360000000001,538727.0,1509.0392156862745,1509.0392156862745,1520.6408811958013,1548.4499376146257,-0.0179592867313901,-0.3484295710946672,False,False,,
148,0.693824,537704.0,1506.173669467787,1506.173669467787,1517.8524689430303,1548.4499376146257,-0.0197600632273136,-0.4495321870069513,False,False,,
149,0.698512,534058.0,1495.9607843137255,1502.358543417367,1514.1144530527768,1548.4499376146257,-0.0221741005167672,-0.2521602354711918,False,False,,
150,0.7032,536342.0,1502.358543417367,1502.358543417367,1514.1915394147395,1548.4499376146257,-0.0221243175950915,0.2816950033492564,False,False,,
151,0.7078880000000001,538349.0,1507.9803921568628,1506.2941176470588,1518.2041762155357,1548.4499376146257,-0.0195329281653646,0.3978402003025973,False,False,,
152,0.7125760000000001,537747.0,1506.2941176470588,1507.9803921568628,1519.9674895129276,1548.4499376146257,-0.0183941678770544,0.0106110325071386,False,False,,
153,0.717264,538657.0,1508.843137254902,1506.2941176470588,1518.3582300145356,1548.4499376146257,-0.0194334391245776,-0.6812667059657795,False,False,,
154,0.721952,534763.0,1497.9355742296918,1497.9355742296918,1510.0766778397426,1548.4499376146257,-0.0247817245121896,-1.0370470324835217,False,False,,
155,0.7266400000000001,532317.0,1491.0840336134454,1491.0840336134454,1503.3021047045677,1548.4499376146257,-0.0291567921011431,-0.4613243154880506,False,False,,
156,0.7313280000000001,532258.0,1490.9187675070027,1491.0840336134454,1503.3790484314702,1548.4499376146257,-0.0291071012942056,0.1265534753587744,False,False,,
157,0.736016,532918.0,1492.767507002801,1492.767507002801,1505.1394418008906,1548.4499376146257,-0.0279702267161793,0.2070052105081612,False,False,,
158,0.740704,533335.0,1493.9355742296918,1493.9355742296918,1506.384405268337,1548.4499376146257,-0.0271662204404811,0.0910464045651111,False,False,,
159,0.745392,535852.0,1500.9859943977592,1493.9355742296918,1506.4612777767109,1548.4499376146257,-0.0271165756269768,-0.4937509242465707,False,False,,
160,0.7500800000000001,530009.0,1484.6190476190477,1486.6134453781513,1499.215997708686,1548.4499376146257,-0.0317956291062169,-0.5265535949241813,False,False,,
161,0.7547680000000001,530721.0,1486.6134453781513,1486.137254901961,1498.8166322984755,1548.4499376146257,-0.032053542132986,-0.0222178076074039,False,False,,
162,0.759456,530551.0,1486.137254901961,1486.137254901961,1498.8934336542393,1548.4499376146257,-0.032003943270344,0.0105783295417709,False,False,,
163,0.764144,524675.0,1469.6778711484594,1486.137254901961,1498.970211307105,1548.4499376146257,-0.0319543597152023,-0.3318892890675347,False,False,,
164,0.7688320000000001,530615.0,1486.3165266106444,1481.1652661064427,1494.0749764688692,1548.4499376146257,-0.0351157372446412,-0.3129846617214982,False,False,,
165,0.7735200000000001,528776.0,1481.1652661064427,1481.4397759103642,1494.4262165418031,1548.4499376146257,-0.0348889039035031,0.0105685383203182,False,False,,
166,0.778208,528874.0,1481.4397759103642,1481.1652661064427,1494.2284133259352,1548.4499376146257,-0.0350166466293499,-0.737454047304642,False,False,,
167,0.782896,524997.0,1470.579831932773,1470.579831932773,1483.7196620666684,1548.4499376146257,-0.0418032730510316,-0.718549416937706,False,False,,
168,0.7875840000000001,524797.0,1470.0196078431372,1470.579831932773,1483.796321314727,1548.4499376146257,-0.0417537659625578,0.2494155843758214,False,False,,
169,0.7922720000000001,526235.0,1474.047619047619,1474.047619047619,1487.3407440185913,1548.4499376146257,-0.0394647525319238,0.2494123256687075,False,False,,
170,0.79696,526321.0,1474.2885154061626,1474.047619047619,1487.4173559558712,1548.4499376146257,-0.039415275997088,-0.2068885077408806,False,False,,
171,0.801648,525108.0,1470.890756302521,1470.890756302521,1484.3370815036142,1548.4499376146257,-0.0414045391805024,-0.2068917644368753,False,False,,
172,0.806336,523444.0,1466.2296918767506,1470.890756302521,1484.4136461593134,1548.4499376146257,-0.0413550931804482,0.1114521257152025,False,False,,
173,0.8110240000000001,525631.0,1472.3557422969188,1472.3557422969188,1485.9551731795643,1548.4499376146257,-0.0403595640497966,0.1114488710291237,False,False,,
174,0.8157120000000001,525688.0,1472.515406162465,1472.3557422969188,1486.0316905828631,1548.4499376146257,-0.0403101485656791,-0.4818376999052605,False,False,,
175,0.8204,523079.0,1465.2072829131653,1465.2072829131653,1478.9597249871456,1548.4499376146257,-0.0448772743241082,-0.4818409525826794,False,False,,
176,0.825088,522874.0,1464.6330532212885,1465.2072829131653,1479.0361951672066,1548.4499376146257,-0.0448278893370941,-0.0290195065026885,False,False,,
177,0.8297760000000001,523825.0,1467.296918767507,1464.6330532212885,1478.5384120547017,1548.4499376146257,-0.0451493612170774,-0.1040755085259794,False,False,,
178,0.8344640000000001,522485.0,1463.5434173669469,1463.5434173669469,1477.525199186327,1548.4499376146257,-0.0458037013050337,-0.4610134368651506,False,False,,
179,0.839152,520430.0,1457.7871148459385,1457.7871148459385,1471.8452960651616,1548.4499376146257,-0.049471823201125,-0.3859639341757441,False,False,,
180,0.84384,520003.0,1456.591036414566,1457.7871148459385,1471.9216718861603,1548.4499376146257,-0.0494224991518654,0.0585611963582799,False,False,,
181,0.8485280000000001,520679.0,1458.484593837535,1458.484593837535,1472.6955031271889,1548.4499376146257,-0.0489227534240698,0.0718706485255396,False,False,,
182,0.8532160000000001,520748.0,1458.6778711484594,1458.6778711484594,1472.965109123253,1548.4499376146257,-0.0487486399512899,0.0238259244959753,False,False,,
183,0.8579040000000001,522284.0,1462.9803921568628,1458.6778711484594,1473.041414251372,1548.4499376146257,-0.0486993615559955,-0.2596027487915435,False,False,,
184,0.862592,518306.0,1451.8375350140057,1454.7563025210084,1469.1961272022909,1548.4499376146257,-0.0511826753239594,-0.2596059924453939,False,False,,
185,0.86728,519348.0,1454.7563025210084,1454.7563025210084,1469.272385238179,1548.4499376146257,-0.0511334273411634,0.0105034947079927,False,False,,
186,0.8719680000000001,519536.0,1455.282913165266,1454.7563025210084,1469.3486197388515,1548.4499376146257,-0.0510841945575772,-0.2428268999692964,False,False,,
187,0.8766560000000001,518035.0,1451.078431372549,1451.078431372549,1465.7469595631126,1548.4499376146257,-0.0534101723552756,-0.3005185022008376,False,False,,
188,0.881344,517736.0,1450.2408963585435,1450.2408963585435,1464.9856120011368,1548.4499376146257,-0.0539018560342123,-0.2345370607138868,False,False,,
189,0.886032,515084.0,1442.812324929972,1447.5210084033613,1462.3418879845524,1548.4499376146257,-0.055609191836529,-0.1768519377854094,False,False,,
190,0.8907200000000001,516765.0,1447.5210084033613,1447.5210084033613,1462.4180284169756,1548.4499376146257,-0.0555600198028883,0.0104872964495612,False,False,,
191,0.8954080000000001,519158.0,1454.2240896358544,1447.5210084033613,1462.4941453504784,1548.4499376146257,-0.0555108629450179,-0.1695267808525971,False,False,,
192,0.900096,514183.0,1440.2885154061626,1444.90756302521,1459.9567934141623,1548.4499376146257,-0.0571495029001622,-0.1695300165064655,False,False,,
193,0.904784,515832.0,1444.90756302521,1444.90756302521,1460.0328633715797,1548.4499376146257,-0.0571003763797824,0.1947330587482607,False,False,,
194,0.909472,516787.0,1447.5826330532211,1447.5826330532211,1462.7839798798386,1548.4499376146257,-0.0553236857413385,0.1947298250913078,False,False,,
195,0.91416,517699.0,1450.137254901961,1447.5826330532211,1462.860002890162,1548.4499376146257,-0.0552745895397263,-0.1282510573501456,False,False,,
196,0.918848,513215.0,1437.577030812325,1445.5686274509803,1460.921996835564,1548.4499376146257,-0.0565261676550535,-0.1282542890114344,False,False,,
197,0.923536,516068.0,1445.5686274509803,1445.5686274509803,1460.9979729277673,1548.4499376146257,-0.0564771017534976,0.0104646608465079,False,False,,
198,0.928224,516571.0,1446.9775910364149,1445.5686274509803,1461.07392557177,1548.4499376146257,-0.0564280509949566,-0.0084464599067537,False,False,,
199,0.932912,515970.0,1445.2941176470588,1445.2941176470588,1460.8753449708877,1548.4499376146257,-0.0565562957615833,-0.9029086995633904,False,False,,
200,0.9376,511334.0,1432.3081232492998,1432.3081232492998,1447.965256342438,1548.4499376146257,-0.064893722962063,-0.8840040361506016,False,False,,
201,0.942288,511221.0,1431.9915966386554,1432.3081232492998,1448.0411386852506,1548.4499376146257,-0.0648447176045315,0.9460064816083492,False,False,,
202,0.946976,516183.0,1445.890756302521,1445.890756302521,1461.6996306620172,1548.4499376146257,-0.056023966190503,2.0090897853779577,True,False,202.0,1.0
203,0.951664,521693.0,1461.3249299719887,1461.3249299719887,1477.2096398429912,1548.4499376146257,-0.0460074917768276,2.349814475575878,False,False,,
204,0.956352,528308.0,1479.8543417366948,1479.8543417366948,1495.81486371439,1548.4499376146257,-0.0339921056675034,1.9010382450785184,False,False,,
205,0.96104,531492.0,1488.7731092436975,1488.7731092436975,1504.809419930495,1548.4499376146257,-0.0281833571909714,1.2651124813532393,False,False,,
206,0.965728,534811.0,1498.0700280112044,1498.0700280112044,1514.182104016735,1548.4499376146257,-0.0221304110423355,1.2332745450675755,False,False,,
207,0.970416,537830.0,1506.5266106442575,1506.5266106442575,1522.714428585371,1548.4499376146257,-0.0166201750564178,1.0891468892425038,False,False,,
208,0.975104,540402.0,1513.731092436975,1513.731092436975,1529.994628937737,1548.4499376146257,-0.0119185698087978,1.1929441328406338,False,False,,
209,0.979792,544739.0,1525.8795518207282,1523.6946778711483,1540.0339095628406,1548.4499376146257,-0.005435130866904,0.8471966199693808,False,False,,
210,0.98448,543959.0,1523.6946778711483,1525.8795518207282,1542.2944553418426,1548.4499376146257,-0.0039752542999648,0.9617983747468076,False,False,,
211,0.989168,550747.0,1542.708683473389,1537.5070028011205,1553.9975547973604,1548.4499376146257,0.0035826906947221,1.1695890223004557,False,False,,
212,0.993856,548890.0,1537.5070028011205,1542.708683473389,1559.274860597665,1548.4499376146257,0.0069908123731242,0.7285303063197159,False,False,,
213,0.998544,552612.0,1547.9327731092435,1547.9327731092435,1564.5745520216722,1548.4499376146257,0.0104133908467757,1.3916538432460466,False,False,,
214,1.003232,557906.0,1562.7619047619048,1562.7619047619048,1579.479262129805,1548.4499376146257,0.0200389588073993,1.5378973789140724,False,False,,
215,1.00792,560529.0,1570.109243697479,1570.109243697479,1586.9021561953714,1548.4499376146257,0.0248327166714742,0.7038246440418638,False,False,,
216,1.0126080000000002,561500.0,1572.829131652661,1572.829131652661,1589.6975759622649,1548.4499376146257,0.0266380186699358,0.5600828724800406,False,False,,
217,1.017296,563378.0,1578.089635854342,1578.089635854342,1595.0335886645732,1548.4499376146257,0.0300840536838469,1.251568250002769,False,False,,
218,1.021984,567933.0,1590.8487394957983,1590.8487394957983,1607.8681775027676,1548.4499376146257,0.0383727225819618,1.5386562844638334,False,False,,
219,1.026672,571299.0,1600.2773109243697,1600.2773109243697,1617.3722108313796,1548.4499376146257,0.0445104950069798,0.6598220154738348,False,False,,
220,1.03136,571596.0,1601.109243697479,1600.2773109243697,1617.4476494419127,1548.4499376146257,0.0445592137990445,0.0676931163969252,False,False,,
221,1.036048,570695.0,1598.5854341736697,1601.109243697479,1618.3549975432354,1548.4499376146257,0.0451451856663174,0.7339036638782614,False,False,,
222,1.040736,575049.0,1610.781512605042,1610.781512605042,1628.1026585038776,1548.4499376146257,0.0514402945515671,1.2338019458543945,False,False,,
223,1.045424,577937.0,1618.8711484593837,1618.8711484593837,1636.2676631433476,1548.4499376146257,0.0567133127106483,0.991469034845557,False,False,,
224,1.0501120000000002,580134.0,1625.0252100840337,1625.0252100840337,1642.4970702923565,1548.4499376146257,0.0607363082222791,0.8353792606996207,False,False,,
225,1.0548000000000002,584623.0,1637.5994397759105,1630.8487394957983,1648.3959219748888,1548.4499376146257,0.064545828658968,0.4114920097060777,False,False,,
226,1.059488,582213.0,1630.8487394957983,1630.8487394957983,1648.4712209992422,1548.4499376146257,0.0645944573052834,0.0103714040704252,False,False,,
227,1.064176,581159.0,1627.8963585434174,1630.8487394957983,1648.546496784356,1548.4499376146257,0.0646430709435323,0.9611650121026188,False,False,,
228,1.068864,588165.0,1647.5210084033613,1644.6526610644255,1662.4256709060296,1548.4499376146257,0.0736063404587576,1.1587299802918851,False,False,,
229,1.073552,587141.0,1644.6526610644255,1647.5210084033613,1665.369247573114,1548.4499376146257,0.075507323238749,0.3451086516730761,False,False,,
230,1.07824,588876.0,1649.5126050420167,1649.5126050420167,1667.4360503221883,1548.4499376146257,0.0768420791768444,0.1805296262328379,False,False,,
231,1.082928,590348.0,1653.6358543417366,1649.9915966386554,1667.990224818682,1548.4499376146257,0.0771999690143081,0.2943596511439885,False,False,,
232,1.087616,589047.0,1649.9915966386554,1653.6358543417366,1671.7096422182171,1548.4499376146257,0.0796019952659704,0.7925215040231084,False,False,,
233,1.0923040000000002,593101.0,1661.3473389355745,1661.3473389355745,1679.4962633122695,1548.4499376146257,0.0846306506360288,1.352423410415744,False,False,,
234,1.096992,597759.0,1674.3949579831933,1673.1204481792718,1691.344485867101,1548.4499376146257,0.0922823171620281,0.8212628270417781,False,False,,
235,1.10168,597304.0,1673.1204481792718,1673.1204481792718,1691.419575996311,1548.4499376146257,0.092330810902372,0.0103426316400163,False,False,,
236,1.106368,594371.0,1664.904761904762,1673.1204481792718,1691.4946429507522,1548.4499376146257,0.0923792896762848,0.1179986562286927,False,False,,
237,1.111056,599909.0,1680.4173669467789,1674.6834733893556,1693.13271194766,1548.4499376146257,0.0934371663031723,0.5029061051821131,False,False,,
238,1.115744,597862.0,1674.6834733893556,1680.2717086834734,1698.795967868135,1548.4499376146257,0.0970945373184724,0.3952436985524752,False,False,,
239,1.120432,599857.0,1680.2717086834734,1680.2717086834734,1698.8709653411731,1548.4499376146257,0.0971429712208003,0.4816765830394711,False,False,,
240,1.12512,602300.0,1687.1148459383753,1687.1148459383753,1705.7890769229402,1548.4499376146257,0.1016107369610505,0.9972028335741464,False,False,,
241,1.129808,604972.0,1694.5994397759105,1694.5994397759105,1713.348621948311,1548.4499376146257,0.1064927449883916,0.8521105230526107,False,False,,
242,1.1344960000000002,607721.0,1702.2997198879552,1699.3361344537816,1718.160244682129,1548.4499376146257,0.1096001252251918,0.3365778983520062,False,False,,
243,1.139184,606663.0,1699.3361344537816,1699.3361344537816,1718.2351496133267,1548.4499376146257,0.10964849936334,-0.2273820790662419,False,False,,
244,1.143872,604520.0,1693.3333333333333,1695.8851540616247,1714.859051034755,1548.4499376146257,0.1074681908518667,-0.2273852631991229,False,False,,
245,1.14856,605431.0,1695.8851540616247,1695.8851540616247,1714.933909737863,1548.4499376146257,0.1075165351355851,0.8584647274713344,False,False,,
246,1.153248,609827.0,1708.1988795518207,1708.1988795518207,1727.3224708278217,1548.4499376146257,0.1155171561366379,0.858461545303582,False,False,,
247,1.157936,612353.0,1715.2745098039215,1708.1988795518207,1727.3972833313694,1548.4499376146257,0.1155654705843515,0.0087608912135106,False,False,,
248,1.162624,608340.0,1704.0336134453785,1708.1764705882354,1727.449663782245,1548.4499376146257,0.1155992982526558,0.008757711009629,False,False,,
249,1.167312,609819.0,1708.1764705882354,1708.1764705882354,1727.524430114745,1548.4499376146257,0.1156475828827778,0.8106034639831456,False,False,,
250,1.1720000000000002,613967.0,1719.7955182072828,1719.7955182072828,1739.2182209914554,1548.4499376146257,0.1231995163309618,0.8511171952128844,False,False,,
251,1.1766880000000002,614177.0,1720.3837535014006,1720.3837535014006,1739.8811764755203,1548.4499376146257,0.1236276577050938,0.1339647203173459,False,False,,
252,1.181376,614608.0,1721.591036414566,1721.591036414566,1741.1631565180364,1548.4499376146257,0.1244555695486572,0.6411946630806753,False,False,,
253,1.186064,619195.0,1734.4397759103642,1729.5434173669469,1749.1902115462888,1548.4499376146257,0.1296394988661383,0.895290391463158,False,False,,
254,1.190752,617447.0,1729.5434173669469,1734.4397759103642,1754.1612211192132,1548.4499376146257,0.1328498122590158,1.0025605584095842,False,False,,
255,1.19544,622820.0,1744.593837535014,1743.9495798319329,1763.7456530310374,1548.4499376146257,0.1390395066617867,0.6653023481404432,False,False,,
256,1.200128,622590.0,1743.9495798319329,1743.9495798319329,1763.8202579891515,1548.4499376146257,0.1390876870751806,0.0102758060001875,False,False,,
257,1.204816,621627.0,1741.2521008403362,1743.9495798319329,1763.894839922233,1548.4499376146257,0.1391358526188444,0.206490239056615,False,False,,
258,1.209504,623607.0,1746.7983193277312,1746.7983193277312,1766.818138333186,1548.4499376146257,0.1410237395565755,0.2815398200073193,False,False,,
259,1.2141920000000002,623996.0,1747.8879551820728,1747.8879551820728,1767.9823100918593,1548.4499376146257,0.141775569971233,0.0853190461454982,False,False,,
260,1.2188800000000002,625486.0,1752.06162464986,1747.8879551820728,1768.0568229924702,1548.4499376146257,0.1418236909332356,0.2977402459257394,False,False,,
261,1.223568,622139.0,1742.686274509804,1752.06162464986,1772.3049823642468,1548.4499376146257,0.1445671825170326,-0.1429325464546025,False,False,,
262,1.228256,628204.0,1759.6750700280113,1745.6638655462184,1765.9816901750703,1548.4499376146257,0.140483555377677,0.53466136353995,False,False,,
263,1.232944,623202.0,1745.6638655462184,1759.6750700280113,1780.0673385888992,1548.4499376146257,0.1495801674615832,1.3623607772183668,False,False,,
264,1.237632,630210.0,1765.2941176470588,1765.2941176470588,1785.760807164647,1548.4499376146257,0.1532570500248765,0.3972834166176362,False,False,,
265,1.24232,630662.0,1766.5602240896358,1765.2941176470588,1785.835205153102,1548.4499376146257,0.1533050967757902,0.0490277692722678,False,False,,
266,1.247008,629273.0,1762.6694677871149,1765.857142857143,1786.4726053904842,1548.4499376146257,0.1537167343895733,0.0490246066890343,False,False,,
267,1.251696,630411.0,1765.857142857143,1765.857142857143,1786.5469574637125,1548.4499376146257,0.1537647514881066,0.0268336137048912,False,False,,
268,1.2563840000000002,632118.0,1770.638655462185,1766.0980392156862,1786.8621829484978,1548.4499376146257,0.1539683263516703,0.0268304530734369,False,False,,
269,1.2610720000000002,630497.0,1766.0980392156862,1766.0980392156862,1786.936489134836,1548.4499376146257,0.1540163138161231,-0.0223718109400756,False,False,,
270,1.26576,630328.0,1765.624649859944,1765.624649859944,1786.5373830326075,1548.4499376146257,0.1537585682522962,-0.0223749696209303,False,False,,
271,1.270448,629739.0,1763.9747899159663,1765.624649859944,1786.6116433603752,1548.4499376146257,0.1538065261009573,1.074086618021802,False,False,,
272,1.275136,637810.0,1786.5826330532211,1781.0700280112044,1802.1312589207323,1548.4499376146257,0.1638292043828687,1.4537847843321463,False,False,,
273,1.279824,635842.0,1781.0700280112044,1786.5826330532211,1807.7180784602483,1548.4499376146257,0.1674372122388556,0.711936309928852,False,False,,
274,1.284512,639479.0,1791.2577030812324,1791.2577030812324,1812.467340081232,1548.4499376146257,0.1705043192247617,0.3322318321038437,False,False,,
275,1.2892,640919.0,1795.291316526611,1791.2577030812324,1812.5415087767467,1548.4499376146257,0.1705522178966613,-0.3648551022696793,False,False,,
276,1.293888,637535.0,1785.812324929972,1785.812324929972,1807.1702764306103,1548.4499376146257,0.1670834377858811,-0.6874500295600825,False,False,,
277,1.2985760000000002,635863.0,1781.1288515406163,1781.1288515406163,1802.5609259630523,1548.4499376146257,0.1641066864195059,-0.3170128662606082,False,False,,
278,1.3032640000000002,635698.0,1780.6666666666667,1781.06162464986,1802.5677991178295,1548.4499376146257,0.1641111251518216,0.0055757573031272,False,False,,
279,1.307952,635839.0,1781.06162464986,1781.06162464986,1802.64187629416,1548.4499376146257,0.16415896471998,0.211244157366071,False,False,,
280,1.31264,636881.0,1783.9803921568628,1783.9803921568628,1805.6346981153472,1548.4499376146257,0.1660917503712859,0.7443277744589949,False,False,,
281,1.317328,639644.0,1791.719887955182,1791.719887955182,1813.448225372761,1548.4499376146257,0.1711377819333076,1.287444151059475,False,False,,
282,1.322016,643501.0,1802.5238095238096,1802.5238095238096,1824.3261555524473,1548.4499376146257,0.1781628267316196,1.030448035412899,False,False,,
283,1.326704,644932.0,1806.532212885154,1806.532212885154,1828.4085446838656,1548.4499376146257,0.180799262713339,0.2918795110260817,False,False,,
284,1.331392,644961.0,1806.6134453781513,1806.6134453781513,1828.5637401130016,1548.4499376146257,0.1808994890270002,0.0157825685711436,False,False,,
285,1.3360800000000002,645631.0,1808.4901960784312,1806.6134453781513,1828.637680222252,1548.4499376146257,0.180947240076262,0.1218951397624898,False,False,,
286,1.3407680000000002,644473.0,1805.2464985994395,1808.235294117647,1830.3334462511552,1548.4499376146257,0.1820423778574133,0.121891996643221,False,False,,
287,1.345456,645540.0,1808.235294117647,1808.235294117647,1830.4073407277624,1548.4499376146257,0.1820900994367889,0.1249758571203578,False,False,,
288,1.350144,646135.0,1809.9019607843136,1809.9019607843136,1832.147879065276,1548.4499376146257,0.1832141514937738,0.3757916793322913,False,False,,
289,1.354832,647435.0,1813.5434173669469,1813.5434173669469,1835.863184520035,1548.4499376146257,0.1856135222222084,0.260990628954648,False,False,,
290,1.35952,650375.0,1821.778711484594,1813.5434173669469,1835.937010600476,1548.4499376146257,0.1856611996308526,0.2760366275172607,False,False,,
291,1.364208,646059.0,1809.689075630252,1817.403361344538,1839.8707578738567,1548.4499376146257,0.1882016416418103,0.2760334892452469,False,False,,
292,1.368896,648813.0,1817.403361344538,1817.403361344538,1839.9445383920277,1548.4499376146257,0.1882492896260161,0.0472062822631684,False,False,,
293,1.373584,649005.0,1817.9411764705883,1817.9411764705883,1840.55611126566,1548.4499376146257,0.1886442477443097,0.7905919658872378,False,False,,
294,1.3782720000000002,652858.0,1828.733893557423,1828.733893557423,1851.4225633365147,1548.4499376146257,0.1956618798981748,0.7535447990036985,False,False,,
295,1.3829600000000002,653663.0,1830.988795518207,1828.733893557423,1851.4962755639983,1548.4499376146257,0.1957094837797685,-0.1144848863942975,False,False,,
296,1.387648,652212.0,1826.9243697478992,1826.9243697478992,1849.7604412324456,1548.4499376146257,0.194588469603342,-0.1144880198265525,False,False,,
297,1.392336,651782.0,1825.719887955182,1826.9243697478992,1849.8341079679249,1548.4499376146257,0.1946360441058748,-0.0728166168359401,False,False,,
298,1.397024,652852.0,1828.717086834734,1825.719887955182,1848.703270175214,1548.4499376146257,0.1939057410038882,-0.3255680883672305,False,False,,
299,1.401712,650472.0,1822.0504201680671,1822.0504201680671,1845.1074236596492,1548.4499376146257,0.1915835177093436,-0.2426080233158813,False,False,,
300,1.4064,649760.0,1820.0560224089636,1822.0504201680671,1845.1810222097577,1548.4499376146257,0.1916310481772785,0.2028819136342754,False,False,,
301,1.411088,651471.0,1824.8487394957983,1824.8487394957983,1848.052917373168,1548.4499376146257,0.1934857385315786,0.7907598476909605,False,False,,
302,1.415776,655839.0,1837.0840336134456,1833.3837535014009,1856.661484507031,1548.4499376146257,0.199045212509229,0.5980119935735146,False,False,,
303,1.4204640000000002,654518.0,1833.3837535014009,1833.3837535014009,1856.7350149348808,1548.4499376146257,0.1990926989833239,0.0101278042477837,False,False,,
304,1.4251520000000002,653859.0,1831.5378151260504,1833.3837535014009,1856.8085226693256,1548.4499376146257,0.1991401708018562,0.0614460972068293,False,False,,
305,1.42984,655828.0,1837.0532212885155,1834.1288515406163,1857.6271057565853,1548.4499376146257,0.1996688175907351,0.1270417782774338,False,False,,
306,1.434528,654784.0,1834.1288515406163,1835.0812324929973,1858.6529490776104,1548.4499376146257,0.2003313145149854,0.0757172358391784,False,False,,
307,1.439216,655124.0,1835.0812324929973,1835.0812324929973,1858.726388773855,1548.4499376146257,0.2003787423939632,0.0101153072181219,False,False,,
308,1.443904,655218.0,1835.3445378151264,1835.0812324929973,1858.7998058046967,1548.4499376146257,0.2004261556354625,0.0282483258007495,False,False,,
309,1.448592,654475.0,1833.2633053221289,1835.3445378151264,1859.13650549926,1548.4499376146257,0.2006435986966711,0.5968325011589108,False,False,,
310,1.45328,658165.0,1843.5994397759105,1843.5994397759105,1867.4647791810637,1548.4499376146257,0.2060220571663285,0.6498872388788399,False,False,,
311,1.4579680000000002,659206.0,1846.515406162465,1844.6330532212885,1868.5717417030376,1548.4499376146257,0.2067369414483991,0.0812968236792777,False,False,,
312,1.4626560000000002,658534.0,1844.6330532212885,1844.6330532212885,1868.6450681421984,1548.4499376146257,0.2067842961851454,0.0100997076138895,False,False,,
313,1.4673440000000002,655269.0,1835.4873949579833,1844.6330532212885,1868.7183719509103,1548.4499376146257,0.2068316363069869,-0.096405000028156,False,False,,
314,1.472032,660583.0,1850.3725490196075,1843.0868347338935,1867.2454346487632,1548.4499376146257,0.2058804029048815,-0.0964081160989565,False,False,,
315,1.47672,657982.0,1843.0868347338935,1843.0868347338935,1867.3186932175288,1548.4499376146257,0.2059277138104432,0.0100903594012535,False,False,,
316,1.481408,657753.0,1842.4453781512605,1843.0868347338935,1867.3919291767925,1548.4499376146257,0.2059750101146276,0.3515869107942038,False,False,,
317,1.486096,660939.0,1851.3697478991596,1848.044817927171,1872.4231257268095,1548.4499376146257,0.2092241926860497,0.3515837976076419,False,False,,
318,1.490784,659752.0,1848.044817927171,1848.044817927171,1872.4963164880007,1548.4499376146257,0.2092714598009969,0.0100810198412588,False,False,,
319,1.495472,658790.0,1845.3501400560224,1848.044817927171,1872.5694846606168,1548.4499376146257,0.2093187123280813,0.3019925944307786,False,False,,
320,1.5001600000000002,662528.0,1855.8207282913163,1852.282913165266,1876.880725489725,1548.4499376146257,0.2121029423663799,0.3019894841257695,False,False,,
321,1.5048480000000002,661265.0,1852.282913165266,1852.282913165266,1876.9538485061037,1548.4499376146257,0.2121501657312446,-0.1004815926304623,False,False,,
322,1.5095360000000002,659500.0,1847.3389355742297,1850.6778711484592,1875.4219069380083,1548.4499376146257,0.2111608269538766,-0.3304663966794656,False,False,,
323,1.514224,660692.0,1850.6778711484592,1847.3389355742297,1872.1560492517883,1548.4499376146257,0.209051712795978,-0.2272478537868423,False,False,,
324,1.518912,658587.0,1844.781512605042,1847.232492997199,1872.122662009028,1548.4499376146257,0.2090301510767714,0.002730735409564,False,False,,
325,1.5236,659462.0,1847.232492997199,1847.232492997199,1872.1956947965195,1548.4499376146257,0.2090773161711781,1.095140684302816,False,False,,
326,1.528288,666672.0,1867.428571428571,1862.9859943977592,1888.0222064447516,1548.4499376146257,0.2192981901327946,1.3048608206808971,False,False,,
327,1.532976,665086.0,1862.9859943977592,1866.03081232493,1891.1400120867304,1548.4499376146257,0.2213116912258823,0.0100530529970441,False,False,,
328,1.537664,666173.0,1866.03081232493,1862.9859943977592,1888.1681593484584,1548.4499376146257,0.2193924475576949,-0.8325088289678497,False,False,,
329,1.5423520000000002,661806.0,1853.7983193277312,1853.7983193277312,1879.0534269483712,1548.4499376146257,0.2135060884454797,-0.6227886897162165,False,False,,
330,1.5470400000000002,660637.0,1850.5238095238096,1853.7983193277312,1879.126347106305,1548.4499376146257,0.2135531808029156,-0.1535673912292843,False,False,,
331,1.5517280000000002,663721.0,1859.1624649859943,1851.422969187675,1876.823894619123,1548.4499376146257,0.2120662405853139,0.3795162750473793,False,False,,
332,1.556416,660958.0,1851.422969187675,1859.1624649859943,1884.6362655722023,1548.4499376146257,0.2171115253977595,0.4879441434926228,False,False,,
333,1.561104,665007.0,1862.764705882353,1858.361344537815,1883.9079977876129,1548.4499376146257,0.2166412048747004,0.1605258295856089,False,False,,
334,1.565792,663435.0,1858.361344537815,1861.3473389355745,1886.9668223647325,1548.4499376146257,0.2186166155759541,0.1350549610251228,False,False,,
335,1.57048,664501.0,1861.3473389355745,1860.1764705882351,1885.868761719464,1548.4499376146257,0.217907480189272,-0.062709240663068,False,False,,
336,1.575168,664083.0,1860.1764705882351,1860.291316526611,1886.056392889557,1548.4499376146257,0.2180286537354972,0.0100251637386499,False,False,,
337,1.579856,664124.0,1860.291316526611,1860.1764705882351,1886.0143097194816,1548.4499376146257,0.2180014761244855,-0.3295482191870711,False,False,,
338,1.5845440000000002,662364.0,1855.361344537815,1855.361344537815,1881.271923980876,1548.4499376146257,0.2149388096323992,-0.3216408680287408,False,False,,
339,1.5892320000000002,662132.0,1854.7114845938377,1855.361344537815,1881.344641843136,1548.4499376146257,0.214985771345848,-0.0347456535589039,False,False,,
340,1.59392,663528.0,1858.621848739496,1854.7114845938377,1880.7674773187928,1548.4499376146257,0.2146130343846309,0.2345922344278541,False,False,,
341,1.598608,660876.0,1851.1932773109245,1858.621848739496,1884.750514448386,1548.4499376146257,0.2171853081358437,0.7346835696887268,False,False,,
342,1.603296,666204.0,1866.1176470588232,1865.232492997199,1891.4338092612488,1548.4499376146257,0.2215014275340325,0.4653395012841308,False,False,,
343,1.607984,665888.0,1865.232492997199,1865.232492997199,1891.506437394555,1548.4499376146257,0.2215483312998838,-0.0532800282452825,False,False,,
344,1.612672,665560.0,1864.313725490196,1864.313725490196,1890.6602756059249,1548.4499376146257,0.2210018739892047,-0.053283115593782,False,False,,
345,1.61736,661960.0,1854.2296918767504,1864.313725490196,1890.7328589162823,1548.4499376146257,0.2210487488080765,-0.1833261876246403,False,False,,
346,1.6220480000000002,665957.0,1865.4257703081232,1861.5070028011205,1887.9986971364651,1548.4499376146257,0.2192830076540361,0.0865905190742033,False,False,,
347,1.6267360000000002,664558.0,1861.5070028011205,1865.4257703081232,1891.9900031585396,1548.4499376146257,0.2218606215149162,0.0099911819168561,False,False,,
348,1.6314240000000002,666880.0,1868.011204481793,1861.5070028011205,1888.1437517793336,1548.4499376146257,0.2193766849756885,0.1880695623858841,False,False,,
349,1.636112,663862.0,1859.5574229691877,1868.011204481793,1894.7204472074377,1548.4499376146257,0.2236239617318459,-0.1242995984557424,False,False,,
350,1.6408,667436.0,1869.5686274509803,1859.5574229691877,1886.339137068806,1548.4499376146257,0.2182112519405671,0.1172552754206499,False,False,,
351,1.645488,663189.0,1857.672268907563,1869.5686274509803,1896.4227905580187,1548.4499376146257,0.2247233471941899,0.8714455238873775,False,True,202.0,1.0
352,1.650176,669343.0,1874.910364145658,1872.064425770308,1898.9910155251164,1548.4499376146257,0.2263819251725352,0.1818832324911383,False,False,,
353,1.654864,668327.0,1872.064425770308,1872.064425770308,1899.0634198201367,1548.4499376146257,0.2264286843820268,-0.91497046696945,False,False,,
354,1.659552,662313.0,1855.218487394958,1858.6358543417368,1885.7072303407344,1548.4499376146257,0.2178031620742296,-0.9149735448028088,False,False,,
355,1.6642400000000002,663533.0,1858.6358543417368,1858.6358543417368,1885.7795899509497,1548.4499376146257,0.2178498924259557,0.5638905740022864,False,False,,
356,1.6689280000000002,666404.0,1866.6778711484592,1866.6778711484592,1893.8939440358272,1548.4499376146257,0.223090200096075,0.5638874980684285,False,False,,
357,1.6736160000000002,668321.0,1872.047619047619,1866.6778711484592,1893.9662589888144,1548.4499376146257,0.2231369016078453,-0.009140439433402,False,False,,
358,1.678304,663746.0,1859.232492997199,1866.4005602240895,1893.761240699154,1548.4499376146257,0.2230044993359474,-0.0128093290877266,False,False,,
359,1.682992,666305.0,1866.4005602240895,1866.3473389355745,1893.7802897339584,1548.4499376146257,0.2230168013383188,0.0099542421948477,False,False,,
360,1.68768,666286.0,1866.3473389355745,1866.4005602240895,1893.90575904129,1548.4499376146257,0.2230978303107663,0.3790409215701551,False,False,,
361,1.692368,668461.0,1872.439775910364,1871.7058823529412,1899.2833068913376,1548.4499376146257,0.2265706890189606,0.3753720347611669,False,False,,
362,1.697056,668199.0,1871.7058823529412,1871.7058823529412,1899.3555103217957,1548.4499376146257,0.226617318508687,-0.2703933973820156,False,False,,
363,1.701744,663028.0,1857.221288515406,1867.6358543417368,1895.3576634571896,1548.4499376146257,0.2240354805251068,-0.6842477562726295,False,False,,
364,1.7064320000000002,666746.0,1867.6358543417368,1861.6274509803925,1889.4214189654629,1548.4499376146257,0.2202018115458748,-0.4039123986142314,False,False,,
365,1.7111200000000002,664601.0,1861.6274509803925,1861.6274509803925,1889.493555564974,1548.4499376146257,0.2202483978756998,0.0099358235809887,False,False,,
366,1.7158080000000002,663384.0,1858.218487394958,1861.6274509803925,1889.565669901252,1548.4499376146257,0.2202949698277702,0.0485202899565351,False,False,,
367,1.720496,664801.0,1862.187675070028,1862.187675070028,1890.1979860708036,1548.4499376146257,0.2207033241143322,0.203060293430962,False,False,,
368,1.725184,665602.0,1864.4313725490197,1864.4313725490197,1892.513753380218,1548.4499376146257,0.2221988631389789,0.1644696960401184,False,False,,
369,1.729872,666556.0,1867.1036414565824,1864.4313725490197,1892.5858009680144,1548.4499376146257,0.2222453919844043,-0.0867382062952053,False,False,,
370,1.73456,662947.0,1856.9943977591035,1863.0280112044816,1891.254464975511,1548.4499376146257,0.221385605716755,-0.5023289975384415,False,False,,
371,1.739248,665101.0,1863.0280112044816,1856.9943977591035,1885.292854653268,1548.4499376146257,0.2175355553034839,-0.7433112017831967,False,False,,
372,1.7439360000000002,660793.0,1850.9607843137255,1852.09243697479,1880.4628747700508,1548.4499376146257,0.2144163198888357,-0.3277265339900097,False,False,,
373,1.7486240000000002,661197.0,1852.09243697479,1852.09243697479,1880.5348334559667,1548.4499376146257,0.2144627913207935,0.8123390636206729,False,False,,
374,1.7533120000000002,666675.0,1867.436974789916,1863.7422969187676,1892.256629877536,1548.4499376146257,0.2220328109493432,0.8123360047297119,False,False,,
375,1.7580000000000002,665356.0,1863.7422969187676,1863.7422969187676,1892.3285441536573,1548.4499376146257,0.2220792537011393,-0.3584127992626413,False,False,,
376,1.762688,663447.0,1858.3949579831933,1858.3949579831933,1887.053097299586,1548.4499376146257,0.2186723325434569,-0.3584158562658075,False,False,,
377,1.767376,660098.0,1849.0140056022408,1858.3949579831933,1887.1249671933203,1548.4499376146257,0.2187187466327913,0.089389406160258,False,False,,
378,1.772064,663859.0,1859.549019607843,1859.549019607843,1888.350876530784,1548.4499376146257,0.2195104476156155,0.0893863510437782,False,False,,
379,1.776752,664318.0,1860.8347338935573,1859.549019607843,1888.4227020695223,1548.4499376146257,0.2195568330601778,-0.3474275747591555,False,False,,
380,1.78144,661781.0,1853.7282913165263,1854.361344537815,1883.3068303710015,1548.4499376146257,0.2162529666746736,-0.3910345400874639,False,False,,
381,1.7861280000000002,662007.0,1854.361344537815,1853.7282913165263,1882.7455583608296,1548.4499376146257,0.2158904932123177,0.0008188035068528,False,False,,
382,1.7908160000000002,660707.0,1850.719887955182,1854.2296918767504,1883.3187179786191,1548.4499376146257,0.2162606437763538,-0.1973312289190474,False,False,,
383,1.7955040000000002,661960.0,1854.2296918767504,1850.719887955182,1879.8806509679025,1548.4499376146257,0.2140403156099727,-0.4172832164518709,False,False,,
384,1.800192,658123.0,1843.4817927170868,1848.0280112044816,1877.2604889881752,1548.4499376146257,0.2123481963389011,-0.3049965453817087,False,False,,
385,1.80488,659746.0,1848.0280112044816,1846.1484593837536,1875.4526298053745,1548.4499376146257,0.2111806680004739,0.0098746739841963,False,False,,
386,1.809568,659075.0,1846.1484593837536,1848.0280112044816,1877.4038521378147,1548.4499376146257,0.212440781282177,0.271109223658005,False,False,,
387,1.814256,660429.0,1849.9411764705883,1849.9411764705883,1879.388665796247,1548.4499376146257,0.2137225880814914,0.3259004736348423,False,False,,
388,1.818944,662506.0,1855.7591036414565,1852.6162464985991,1882.1353621040248,1548.4499376146257,0.2154964241229773,0.1941210033215838,False,False,,
389,1.823632,661384.0,1852.6162464985991,1852.6162464985991,1882.2069662780557,1548.4499376146257,0.2155426666086345,-0.7186701305196834,False,False,,
390,1.82832,657608.0,1842.0392156862745,1842.0392156862745,1871.7015175408492,1548.4499376146257,0.2087581729792247,-0.8593247315040351,False,False,,
391,1.833008,654745.0,1834.0196078431372,1839.997198879552,1869.7310607171528,1548.4499376146257,0.2074856379260527,-0.1464231053616451,False,False,,
392,1.837696,656879.0,1839.997198879552,1839.7703081232496,1869.5757078586016,1548.4499376146257,0.2073853099433539,-0.0057745901408274,False,False,,
393,1.842384,656798.0,1839.7703081232496,1839.7703081232496,1869.6472236778952,1548.4499376146257,0.2074314953688923,0.0096573819872567,False,False,,
394,1.847072,653302.0,1829.9775910364149,1839.767507002801,1869.715916305096,1548.4499376146257,0.2074758575568664,-0.6646627942724734,False,False,,
395,1.85176,656797.0,1839.767507002801,1829.9775910364149,1859.9974720215268,1548.4499376146257,0.2011996170097935,-0.6872395401045885,False,False,,
396,1.856448,652335.0,1827.268907563025,1829.6470588235295,1859.7383894334364,1548.4499376146257,0.2010322996288457,-0.0129254420989788,False,False,,
397,1.861136,653184.0,1829.6470588235295,1829.6470588235295,1859.809817007016,1548.4499376146257,0.2010784280646735,0.0098381650190866,False,False,,
398,1.865824,655488.0,1836.1008403361343,1829.6470588235295,1859.881222536187,1548.4499376146257,0.2011245422640647,-0.1132591010207662,False,False,,
399,1.870512,652220.0,1826.9467787114845,1827.859943977591,1858.165491181813,1548.4499376146257,0.2000165107335028,-0.1132621363976049,False,False,,
400,1.8752,652546.0,1827.859943977591,1827.859943977591,1858.2368526425732,1548.4499376146257,0.2000625964732008,0.1107354572373005,False,False,,
401,1.879888,653630.0,1830.8963585434176,1829.3249299719887,1859.7731780737265,1548.4499376146257,0.2010547663805597,0.1107324237337756,False,False,,
402,1.884576,653069.0,1829.3249299719887,1829.3249299719887,1859.8444954932736,1548.4499376146257,0.2011008236781286,-0.3677560159186654,False,False,,
403,1.889264,651112.0,1823.843137254902,1823.843137254902,1854.4339981853211,1548.4499376146257,0.1976066859753062,-0.6571655437708976,False,False,,
404,1.893952,648793.0,1817.3473389355745,1819.641456582633,1850.3035909185671,1548.4499376146257,0.1949392395397327,-0.4376055126670941,False,False,,
405,1.89864,649612.0,1819.641456582633,1817.3473389355745,1848.080724680194,1548.4499376146257,0.1935036966885395,-0.2695598369552527,False,False,,
406,1.903328,648164.0,1815.5854341736697,1815.5854341736697,1846.390049336935,1548.4499376146257,0.1924118465084402,-0.1356641268623946,False,False,,
407,1.908016,646607.0,1811.2240896358544,1815.235294117647,1846.1111167163044,1548.4499376146257,0.1922317098350777,-0.2905960990631726,False,False,,
408,1.912704,648039.0,1815.235294117647,1811.2240896358544,1842.1710976934348,1548.4499376146257,0.1896872174836239,-0.5622553571385467,False,False,,
409,1.917392,645074.0,1806.9299719887956,1806.9299719887956,1837.9481435356129,1548.4499376146257,0.1869600036065467,-0.2859716481015795,False,False,,
410,1.92208,641151.0,1795.9411764705883,1806.9299719887956,1838.0192850619435,1548.4499376146257,0.1870059473110235,-0.2363896935037175,False,False,,
411,1.926768,645490.0,1808.095238095238,1803.3557422969188,1834.5161749402705,1548.4499376146257,0.1847436138402559,-0.2363927176580702,False,False,,
412,1.931456,643798.0,1803.3557422969188,1803.3557422969188,1834.587272561122,1548.4499376146257,0.1847895291902616,0.0097927185728039,False,False,,
413,1.936144,642269.0,1799.0728291316527,1803.3557422969188,1834.658348239397,1548.4499376146257,0.1848354303695946,0.1284463597353955,False,False,,
414,1.940832,646778.0,1811.703081232493,1805.078431372549,1836.4520910574963,1548.4499376146257,0.1859938422591406,0.1759060037604136,False,False,,
415,1.94552,644413.0,1805.078431372549,1805.767507002801,1837.212198501183,1548.4499376146257,0.1864847250608522,0.0097836545069078,False,False,,
416,1.950208,644659.0,1805.767507002801,1805.078431372549,1836.5941327620976,1548.4499376146257,0.1860855738037974,-0.469476522725369,False,False,,
417,1.954896,642175.0,1798.809523809524,1798.809523809524,1830.3962131747376,1548.4499376146257,0.1820829131837791,-0.4220168759037896,False,False,,
418,1.959584,640777.0,1794.8935574229693,1798.809523809524,1830.4671792416652,1548.4499376146257,0.1821287435753235,-0.2599522556471854,False,False,,
419,1.964272,643130.0,1801.484593837535,1794.8935574229693,1826.6221570200616,1548.4499376146257,0.1796456008348311,-0.6992743336062084,False,False,,
420,1.96896,635823.0,1781.0168067226891,1788.515406162465,1820.314928029292,1548.4499376146257,0.1755723474234318,-0.4295504948930855,False,False,,
421,1.973648,638500.0,1788.515406162465,1788.515406162465,1820.385828410567,1548.4499376146257,0.1756181353947138,0.0097655515362262,False,False,,
422,1.978336,640151.0,1793.140056022409,1788.515406162465,1820.456706910138,1548.4499376146257,0.1756639092346355,-0.2842744625276765,False,False,,
423,1.983024,636876.0,1783.9663865546215,1784.2464985994395,1816.258655971733,1548.4499376146257,0.1729527780340543,-0.2842774755010069,False,False,,
424,1.987712,636976.0,1784.2464985994395,1784.2464985994395,1816.329490728154,1548.4499376146257,0.172998523624338,0.4075939760875187,False,False,,
425,1.9924,640230.0,1793.361344537815,1790.0224089635851,1822.17621398727,1548.4499376146257,0.1767743791538509,0.4075909649736537,False,False,,
426,1.997088,639038.0,1790.0224089635851,1790.0224089635851,1822.2470050275372,1548.4499376146257,0.176820096511931,-0.8974424055028365,False,False,,
427,2.001776,634076.0,1776.12324929972,1776.8515406162464,1809.1469058725067,1548.4499376146257,0.1683599591598568,-0.8974454147583977,False,False,,
428,2.006464,634336.0,1776.8515406162464,1776.8515406162464,1809.2176532235997,1548.4499376146257,0.1684056483031571,0.0097444737351786,False,False,,
429,2.011152,635869.0,1781.1456582633052,1776.8515406162464,1809.2883787402177,1548.4499376146257,0.1684513233455979,-0.2761921519293366,False,False,,
430,2.0158400000000003,631852.0,1769.8935574229693,1772.7002801120448,1805.207821924898,1548.4499376146257,0.1658160706866673,-0.4695186978750598,False,False,,
431,2.020528,632854.0,1772.7002801120448,1769.8935574229693,1802.4717811037049,1548.4499376146257,0.1640491160343212,-0.6273447126897942,False,False,,
432,2.0252160000000003,629552.0,1763.450980392157,1763.450980392157,1796.0998641265096,1548.4499376146257,0.1599340866604876,-0.4340241778289879,False,False,,
433,2.029904,624987.0,1750.6638655462184,1763.450980392157,1796.1705023725942,1548.4499376146257,0.1599797053429962,0.1013748364921234,False,False,,
434,2.034592,634149.0,1776.327731092437,1764.781512605042,1797.5716510307618,1548.4499376146257,0.1608845771274377,0.1013718337317257,False,False,,
435,2.03928,630027.0,1764.781512605042,1764.781512605042,1797.6422456819705,1548.4499376146257,0.1609301676560648,-0.097549899837773,False,False,,
436,2.043968,629471.0,1763.2240896358544,1763.2240896358544,1796.1553955766433,1548.4499376146257,0.1599699492665588,-0.3740325734679715,False,False,,
437,2.0486560000000003,625281.0,1751.4873949579833,1759.2100840336134,1792.2119410576397,1548.4499376146257,0.1574232382472289,-0.7986913722371156,False,False,,
438,2.053344,628038.0,1759.2100840336134,1751.4873949579833,1784.5597812913452,1548.4499376146257,0.1524814189604638,-0.67174138828344,False,False,,
439,2.0580320000000003,624506.0,1749.3165266106444,1749.3165266106444,1782.4594204861603,1548.4499376146257,0.1511249909906837,-0.1398152463591202,False,False,,
440,2.06272,623968.0,1747.809523809524,1749.3165266106444,1782.529906267851,1548.4499376146257,0.1511705112106005,-0.0940920171605377,False,False,,
441,2.0674080000000004,626975.0,1756.232492997199,1747.809523809524,1781.0933674946734,1548.4499376146257,0.1502427842377864,-0.1955802247812759,False,False,,
442,2.072096,623191.0,1745.6330532212885,1746.3361344537816,1779.6904204198402,1548.4499376146257,0.1493367510230513,-0.0917827568246405,False,False,,
443,2.076784,623442.0,1746.3361344537816,1746.3361344537816,1779.7608409604268,1548.4499376146257,0.1493822291097986,0.0096994600866775,False,False,,
444,2.081472,625169.0,1751.173669467787,1746.3361344537816,1779.8312397674008,1548.4499376146257,0.149427693160824,0.3428998125630027,False,False,,
445,2.08616,620339.0,1737.6442577030812,1751.173669467787,1784.7391518614752,1548.4499376146257,0.152597257752389,-0.5889920978501415,False,False,,
446,2.0908480000000003,625213.0,1751.296918767507,1737.6442577030812,1771.2800954566385,1548.4499376146257,0.1439053032513799,-0.710931693249691,False,False,,
447,2.095536,618376.0,1732.1456582633052,1740.7114845938374,1774.417655993768,1548.4499376146257,0.1459315621964788,-0.3690491431160119,False,False,,
448,2.1002240000000003,621434.0,1740.7114845938374,1732.1456582633052,1765.9221416028142,1548.4499376146257,0.1404450984855234,-0.3696309459206244,False,False,,
449,2.104912,617550.0,1729.8319327731092,1735.2044817927172,1769.051255371709,1548.4499376146257,0.1424659024475263,0.2203694421520996,False,False,,
450,2.1096000000000004,619468.0,1735.2044817927172,1735.2044817927172,1769.1215239177934,1548.4499376146257,0.1425112823751413,0.0395838628791196,False,False,,
451,2.114288,621310.0,1740.3641456582634,1735.638655462185,1769.6259444466425,1548.4499376146257,0.1428370407458809,0.0395808758342823,False,False,,
452,2.118976,619623.0,1735.638655462185,1735.638655462185,1769.6961696260137,1548.4499376146257,0.1428823926669636,-0.3021147134933937,False,False,,
453,2.123664,618007.0,1731.1120448179272,1731.1120448179272,1765.239762487808,1548.4499376146257,0.1400044131921666,-1.0273703782242514,False,False,,
454,2.128352,614248.0,1720.5826330532211,1720.5826330532211,1754.7805325625245,1548.4499376146257,0.1332497680007333,-1.0296886144740751,False,False,,
455,2.1330400000000003,611710.0,1713.4733893557425,1716.0224089635851,1750.290468652367,1548.4499376146257,0.130350052742858,-0.4800121926775897,False,False,,
456,2.137728,612620.0,1716.0224089635851,1713.4733893557425,1747.8115875707442,1548.4499376146257,0.1287491736821881,0.0096606164897732,False,False,,
457,2.1424160000000003,610834.0,1711.0196078431372,1716.0224089635851,1750.430724058232,1548.4499376146257,0.1304406306830664,0.0003966270928916,False,False,,
458,2.147104,613628.0,1718.8459383753502,1713.3389355742297,1747.817345908626,1548.4499376146257,0.1287528924578113,0.2041358198347129,False,False,,
459,2.1517920000000004,611662.0,1713.3389355742297,1718.8459383753502,1753.39442231628,1548.4499376146257,0.1323546081298371,0.0096516746965189,False,False,,
460,2.15648,613793.0,1719.3081232492998,1713.3389355742297,1747.9574714951532,1548.4499376146257,0.1288433865597666,-0.4038167183291108,False,False,,
461,2.161168,611485.0,1712.843137254902,1712.843137254902,1747.5317035359535,1548.4499376146257,0.1285684225787836,-0.440670790019988,False,False,,
462,2.165856,609328.0,1706.8011204481793,1706.8011204481793,1741.5596954761668,1548.4499376146257,0.1247116572325388,-0.4605463463469448,False,False,,
463,2.170544,608828.0,1705.4005602240895,1706.0168067226891,1740.8453688910895,1548.4499376146257,0.1242503400354343,-0.0868290668948397,False,False,,
464,2.1752320000000003,609048.0,1706.0168067226891,1705.4005602240895,1740.2990879330491,1548.4499376146257,0.1238975479013328,-0.1458709672064628,False,False,,
465,2.17992,608242.0,1703.7591036414565,1703.7591036414565,1738.7275752977876,1548.4499376146257,0.1228826538469065,-0.826172145153901,False,False,,
466,2.1846080000000003,604379.0,1692.93837535014,1693.266106442577,1728.304500459756,1548.4499376146257,0.1161513578683692,-0.735687353915301,False,False,,
467,2.189296,604496.0,1693.266106442577,1692.93837535014,1728.046670148305,1548.4499376146257,0.115984849216596,-0.2581696074798305,False,False,,
468,2.193984,602676.0,1688.1680672268908,1689.3781512605042,1724.556325266455,1548.4499376146257,0.1137307596286384,-0.3189479430977151,False,False,,
469,2.198672,603108.0,1689.3781512605042,1688.1680672268908,1723.4160988740832,1548.4499376146257,0.1129943933021119,-0.5267447778787613,False,False,,
470,2.20336,596677.0,1671.3641456582634,1681.591036414566,1716.908904143113,1548.4499376146257,0.1087920005912475,-0.443398676544863,False,False,,
471,2.208048,600328.0,1681.591036414566,1681.591036414566,1716.9787186712342,1548.4499376146257,0.1088370873108277,0.1761211943707685,False,False,,
472,2.212736,603100.0,1689.3557422969188,1684.0084033613446,1719.465878599553,1548.4499376146257,0.1104433129096677,0.1761182266257801,False,False,,
473,2.2174240000000003,601191.0,1684.0084033613446,1684.0084033613446,1719.5356500411613,1548.4499376146257,0.1104883718036709,-0.2643614274514654,False,False,,
474,2.222112,599771.0,1680.03081232493,1680.03081232493,1715.6278089130712,1548.4499376146257,0.107964660165883,-0.9413826568574616,False,False,,
475,2.2268000000000003,596262.0,1670.2016806722688,1670.2016806722688,1705.8684056420966,1548.4499376146257,0.1016619680129749,-0.7114039261919931,False,False,,
476,2.231488,595618.0,1668.3977591036414,1669.563025210084,1705.299457041604,1548.4499376146257,0.1012945369539062,-0.1146506950676489,False,False,,
477,2.236176,596034.0,1669.563025210084,1668.3977591036414,1704.203876283501,1548.4499376146257,0.1005870030960207,-0.93676104516714,False,False,,
478,2.240864,591129.0,1655.8235294117646,1655.8235294117646,1691.6993104332505,1548.4499376146257,0.0925114653944184,-1.0397927200754555,False,False,,
479,2.245552,590179.0,1653.1624649859943,1653.1624649859943,1689.1078883490306,1548.4499376146257,0.0908379065525925,-0.1736985070580701,False,False,,
480,2.25024,588531.0,1648.546218487395,1653.1624649859943,1689.177509197141,1548.4499376146257,0.0908828681922421,0.05763079182897,False,False,,
481,2.254928,590883.0,1655.1344537815123,1653.859943977591,1689.9445875500414,1548.4499376146257,0.0913782528567809,0.057627832317129,False,False,,
482,2.2596160000000003,590428.0,1653.859943977591,1653.859943977591,1690.01416543117,1548.4499376146257,0.0914231867480475,-0.4972638483688403,False,False,,
483,2.264304,587525.0,1645.7282913165266,1646.501400560224,1682.7251784213852,1548.4499376146257,0.0867159070144751,-0.5505176013588375,False,False,,
484,2.2689920000000003,587801.0,1646.501400560224,1645.7282913165266,1682.0216041183514,1548.4499376146257,0.0862615337177074,0.0095774808881099,False,False,,
485,2.27368,586217.0,1642.0644257703082,1646.501400560224,1682.8642268424194,1548.4499376146257,0.0868057054752819,-0.2427879396764911,False,False,,
486,2.278368,588429.0,1648.2605042016808,1642.0644257703082,1678.4967440792036,1548.4499376146257,0.0839851539953007,-0.5862199368063319,False,False,,
487,2.283056,583699.0,1635.011204481793,1637.8515406162464,1674.3533295047928,1548.4499376146257,0.0813093073477857,-0.3959863539929245,False,False,,
488,2.287744,584713.0,1637.8515406162464,1636.1764705882354,1672.747708616003,1548.4499376146257,0.0802723859402629,-0.1058110602395938,False,False,,
489,2.292432,584115.0,1636.1764705882354,1636.1764705882354,1672.8171363214108,1548.4499376146257,0.0803172228469794,-0.6473900357136007,False,False,,
490,2.29712,580710.0,1626.638655462185,1626.638655462185,1663.3487274735708,1548.4499376146257,0.0742024569654127,-0.6543387429244447,False,False,,
491,2.3018080000000003,577883.0,1618.719887955182,1626.5378151260504,1663.3172719950617,1548.4499376146257,0.0741821427933204,-0.4102755481688698,False,False,,
492,2.306496,580674.0,1626.5378151260504,1620.5434173669469,1657.3922376796097,1548.4499376146257,0.0703557134257817,-0.4033327417396934,False,False,,
493,2.3111840000000003,578534.0,1620.5434173669469,1620.5434173669469,1657.4615797158965,1548.4499376146257,0.0704004950067693,-0.1463427216654125,False,False,,
494,2.315872,577726.0,1618.280112044818,1618.280112044818,1655.2675950292958,1548.4499376146257,0.0689836040674469,-0.146345669325246,False,False,,
495,2.32056,575043.0,1610.764705882353,1618.280112044818,1655.3368942706709,1548.4499376146257,0.0690283580111759,-0.4905494089139708,False,False,,
496,2.325248,577731.0,1618.2941176470588,1611.0196078431372,1648.1456679228147,1548.4499376146257,0.0643842128094691,-0.4072032838430264,False,False,,
497,2.329936,575134.0,1611.0196078431372,1612.2296918767506,1649.425008429303,1548.4499376146257,0.0652104200218631,0.0095391257834647,False,False,,
498,2.3346240000000003,575566.0,1612.2296918767506,1611.0196078431372,1648.2841594942136,1548.4499376146257,0.0644736516528147,-0.6369979307966043,False,False,,
499,2.339312,566468.0,1586.7450980392157,1602.843137254902,1640.1769026367476,1548.4499376146257,0.0592379274227146,-0.5536518029990276,False,False,,
500,2.3440000000000003,572215.0,1602.843137254902,1602.843137254902,1640.2460950063576,1548.4499376146257,0.0592826123478963,0.0095302964411017,False,False,,
501,2.348688,574956.0,1610.5210084033613,1602.843137254902,1640.3152660214002,1548.4499376146257,0.0593272834821463,-0.3124856063182646,False,False,,
502,2.3533760000000004,570508.0,1598.06162464986,1598.1680672268908,1635.7093456604553,1548.4499376146257,0.0563527473030559,-0.3198201779457443,False,False,,
503,2.358064,570546.0,1598.1680672268908,1598.06162464986,1635.6720314091028,1548.4499376146257,0.0563286494937268,-0.2976352860512898,False,False,,
504,2.362752,568954.0,1593.708683473389,1593.708683473389,1631.3881972235088,1548.4499376146257,0.0535621188610392,-0.4394474077747263,False,False,,
505,2.36744,567760.0,1590.3641456582634,1591.5434173669469,1629.292016779726,1548.4499376146257,0.052208390598431,-0.2208519719641666,False,False,,
506,2.372128,568181.0,1591.5434173669469,1590.3641456582634,1628.181809412068,1548.4499376146257,0.0514914107719031,-0.4313499003104493,False,False,,
507,2.3768160000000003,562840.0,1576.5826330532211,1585.142857142857,1623.0295639226326,1548.4499376146257,0.04816405393312,-0.4855683197911133,False,False,,
508,2.381504,565896.0,1585.142857142857,1583.1764705882354,1621.1321990855065,1548.4499376146257,0.0469387222055413,-0.1259354487699147,False,False,,
509,2.3861920000000003,565194.0,1583.1764705882354,1583.1764705882354,1621.201199501102,1548.4499376146257,0.0469832831654534,-0.3673034006615507,False,False,,
510,2.39088,563241.0,1577.7058823529412,1577.7058823529412,1615.7995903860788,1548.4499376146257,0.043494885520939,-0.8205169068812328,False,False,,
511,2.3955680000000004,560892.0,1571.126050420168,1571.126050420168,1609.2887162848235,1548.4499376146257,0.0392901166465348,-0.4437125810343039,False,False,,
512,2.400256,560037.0,1568.731092436975,1571.126050420168,1609.3576528341591,1548.4499376146257,0.0393346363611609,-0.1554666421260684,False,False,,
513,2.404944,561403.0,1572.5574229691877,1568.731092436975,1607.0316101246872,1548.4499376146257,0.0378324614099609,-0.2397833317813953,False,False,,
514,2.409632,559600.0,1567.5070028011205,1567.5070028011205,1605.876414493506,1548.4499376146257,0.0370864278423786,-0.1747662684823692,False,False,,
515,2.41432,559082.0,1566.0560224089636,1566.0560224089636,1604.4943068435384,1548.4499376146257,0.0361938528766702,-0.5942156789528763,False,False,,
516,2.4190080000000003,553258.0,1549.7422969187676,1558.7422969187676,1597.24943283961,1548.4499376146257,0.031515061636516,-0.6326132018288111,False,False,,
517,2.423696,556471.0,1558.7422969187676,1556.733893557423,1595.3098597151711,1548.4499376146257,0.0302624714963229,-0.1288558875474841,False,False,,
518,2.4283840000000003,555754.0,1556.733893557423,1556.733893557423,1595.3786687092736,1548.4499376146257,0.0303069088348709,-0.3094484670930635,False,False,,
519,2.433072,554101.0,1552.1036414565826,1552.1036414565826,1590.8172043662885,1548.4499376146257,0.0273610826688586,-0.5620067944625449,False,False,,
520,2.4377600000000004,552792.0,1548.436974789916,1548.436974789916,1587.219304227783,1548.4499376146257,0.0250375331299902,-0.3690720544133232,False,False,,
521,2.442448,551114.0,1543.7366946778711,1546.6078431372548,1585.458917880142,1548.4499376146257,0.0239006630866791,-0.3142806809910778,False,False,,
522,2.447136,552139.0,1546.6078431372548,1543.7366946778711,1582.6564935091874,1548.4499376146257,0.0220908374650179,-0.4157688146259057,False,False,,
523,2.451824,549935.0,1540.4341736694678,1540.4341736694678,1579.4226753791695,1548.4499376146257,0.0200024146807466,-0.5577738568297792,False,False,,
524,2.456512,548174.0,1535.501400560224,1535.501400560224,1574.5585839448142,1548.4499376146257,0.016861149783382,-0.3937797627945274,False,False,,
525,2.4612000000000003,547845.0,1534.579831932773,1534.579831932773,1573.705675795298,1548.4499376146257,0.0163103356247853,-0.054019455819789,False,False,,
526,2.465888,547445.0,1533.4593837535017,1534.579831932773,1573.7743150828212,1548.4499376146257,0.0163546633656156,-0.0677209486616963,False,False,,
527,2.4705760000000003,550228.0,1541.2549019607843,1533.4593837535017,1572.7224850072016,1548.4499376146257,0.0156753840101332,-0.3249097727566701,False,False,,
528,2.475264,546096.0,1529.6806722689075,1529.7254901960785,1569.0571883760967,1548.4499376146257,0.0133083093362492,-0.2508246266103535,False,False,,
529,2.4799520000000004,546112.0,1529.7254901960785,1529.6806722689075,1569.0809462044465,1548.4499376146257,0.0133236523110347,-0.1319779414816211,False,False,,
530,2.48464,543890.0,1523.501400560224,1527.672268907563,1567.141097434358,1548.4499376146257,0.0120708841569176,-0.3498074793898655,False,False,,
531,2.489328,545379.0,1527.672268907563,1524.4649859943977,1564.0023479547172,1548.4499376146257,0.0100438573842755,-0.2114740883826322,False,False,,
532,2.494016,544234.0,1524.4649859943977,1524.4649859943977,1564.0708602370394,1548.4499376146257,0.0100881031042423,-0.415026237344946,False,False,,
533,2.498704,539266.0,1510.549019607843,1518.3025210084031,1557.9768863886925,1548.4499376146257,0.0061525713829296,-0.4522661189131963,False,False,,
534,2.5033920000000003,542034.0,1518.3025210084031,1517.7619047619048,1557.504740141693,1548.4499376146257,0.0058476559733124,-0.0278061692782324,False,False,,
535,2.50808,541841.0,1517.7619047619048,1517.7619047619048,1557.5731890095672,1548.4499376146257,0.0058918607397769,0.0019033204099903,False,False,,
536,2.5127680000000003,541802.0,1517.6526610644255,1517.6526610644255,1557.5323730548591,1548.4499376146257,0.0058655015054765,-0.4528536636772372,False,False,,
537,2.517456,539270.0,1510.5602240896358,1511.0504201680671,1550.9985387826882,1548.4499376146257,0.0016459047891395,-0.4790960947953944,False,False,,
538,2.5221440000000004,539445.0,1511.0504201680671,1510.5602240896358,1550.576728216379,1548.4499376146257,0.0013734965206752,-0.081647414548464,False,False,,
539,2.526832,538973.0,1509.7282913165266,1509.7282913165266,1549.813159849842,1548.4499376146257,0.0008803786303331,-0.2118832448468068,False,False,,
540,2.53152,538123.0,1507.3473389355745,1507.3473389355745,1547.500550776426,1548.4499376146257,-0.0006131207830082,-0.1692469271720742,False,False,,
541,2.536208,536104.0,1501.6918767507002,1507.1344537815123,1547.355987837376,1548.4499376146257,-0.000706480558832,-0.3801306992899313,False,False,,
542,2.540896,538047.0,1507.1344537815123,1501.6918767507002,1541.9817119355605,1548.4499376146257,-0.0041772262195503,0.009407540315047,False,False,,
543,2.5455840000000003,533539.0,1494.5070028011205,1507.1344537815123,1547.492569015863,1548.4499376146257,-0.0006182754608375,-0.485480471634556,False,False,,
544,2.550272,538170.0,1507.4789915966387,1494.5070028011205,1534.9333770119597,1548.4499376146257,-0.0087290911215949,-0.6506380146604431,False,False,,
545,2.5549600000000003,531265.0,1488.137254901961,1497.5518207282912,1538.0464328491212,1548.4499376146257,-0.0067186574862929,-0.4293414155036097,False,False,,
546,2.559648,534626.0,1497.5518207282912,1488.137254901961,1528.7000838727856,1548.4499376146257,-0.012754596233356,-0.8177278341564853,False,False,,
547,2.5643360000000004,530339.0,1485.5434173669469,1485.5434173669469,1526.1744421342703,1548.4499376146257,-0.0143856736593437,-0.1692672447868959,False,False,,
548,2.569024,530337.0,1485.5378151260504,1485.5434173669469,1526.24261688377,1548.4499376146257,-0.0143416459204781,0.2461246471877416,False,False,,
549,2.573712,532049.0,1490.3333333333333,1488.9803921568628,1529.747745382683,1548.4499376146257,-0.0120780089673115,0.3393106409312005,False,False,,
550,2.5784,531566.0,1488.9803921568628,1490.3333333333333,1531.168819234141,1548.4499376146257,-0.0111602693511072,0.0093843380941609,False,False,,
551,2.583088,532429.0,1491.3977591036414,1488.9803921568628,1529.8839897051405,1548.4499376146257,-0.0119900214133405,-0.6045462054733681,False,False,,
552,2.5877760000000003,528867.0,1481.420168067227,1481.420168067227,1522.3918562419462,1548.4499376146257,-0.0168284945736259,-0.5113602090474965,False,False,,
553,2.592464,526339.0,1474.3389355742297,1481.420168067227,1522.4599258538476,1548.4499376146257,-0.0167845347333703,-0.4783707629420124,False,False,,
554,2.5971520000000003,530468.0,1485.904761904762,1474.3389355742297,1515.446741964697,1548.4499376146257,-0.0213136988469707,-0.4193347312833297,False,False,,
555,2.60184,525771.0,1472.7478991596638,1475.1960784313726,1516.3719124241147,1548.4499376146257,-0.0207162171738833,-0.100218727461169,False,False,,
556,2.6065280000000004,526645.0,1475.1960784313726,1472.7478991596638,1513.9917397595916,1548.4499376146257,-0.0222533496356468,0.0093669739898989,False,False,,
557,2.611216,524212.0,1468.3809523809523,1475.1960784313726,1516.507904649876,1548.4499376146257,-0.0206283924257543,-0.1990085941812331,False,False,,
558,2.615904,526728.0,1475.428571428571,1469.7226890756303,1511.1024799305774,1548.4499376146257,-0.02411925421469,-0.3676390026458351,False,False,,
559,2.6205920000000003,524691.0,1469.7226890756303,1469.7226890756303,1511.1704235913642,1548.4499376146257,-0.0240753757145614,-0.3338778005280631,False,False,,
560,2.62528,522912.0,1464.7394957983192,1464.7394957983192,1506.255153005657,1548.4499376146257,-0.0272496924724408,-0.4463633469421966,False,False,,
561,2.6299680000000003,521530.0,1460.8683473389356,1463.1064425770307,1504.6900015132603,1548.4499376146257,-0.0282604784554912,-0.2572873234027963,False,False,,
562,2.634656,522329.0,1463.1064425770307,1460.8683473389356,1502.519787047816,1548.4499376146257,-0.0296620184166654,-0.1932349053397439,False,False,,
563,2.6393440000000004,521279.0,1460.1652661064427,1460.1652661064427,1501.8845656381995,1548.4499376146257,-0.0300722489279566,-0.1540714450608598,False,False,,
564,2.644032,520683.0,1458.4957983193278,1458.4957983193278,1500.2829367306526,1548.4499376146257,-0.031106592285556,-0.181857353350527,False,False,,
565,2.64872,520288.0,1457.3893557422969,1457.3893557422969,1499.2443120963449,1548.4499376146257,-0.031777343472971,-0.2331816557758403,False,False,,
566,2.653408,519426.0,1454.9747899159663,1454.9747899159663,1496.8975432823545,1548.4499376146257,-0.0332929034901104,-0.3504906384495001,False,False,,
567,2.658096,516895.0,1447.8851540616247,1452.1652661064427,1494.1557955612473,1548.4499376146257,-0.0350635436990736,-0.1841812539370271,False,False,,
568,2.6627840000000003,518423.0,1452.1652661064427,1452.1652661064427,1494.223550732198,1548.4499376146257,-0.0350197869270238,0.0093323421096567,False,False,,
569,2.667472,521284.0,1460.1792717086837,1452.1652661064427,1494.2912849921383,1548.4499376146257,-0.0349760436594534,0.149016330748426,False,False,,
570,2.6721600000000003,512778.0,1436.3529411764705,1454.1932773109245,1496.387009552004,1548.4499376146257,-0.0336226098099264,-0.7662828272810032,False,False,,
571,2.676848,519147.0,1454.1932773109245,1440.904761904762,1483.1661866031209,1548.4499376146257,-0.0421607114480392,-0.508906861734856,False,False,,
572,2.6815360000000004,514403.0,1440.904761904762,1446.6694677871149,1488.998564051098,1548.4499376146257,-0.0383941205455513,0.009320826626749,False,False,,
573,2.686224,516461.0,1446.6694677871149,1440.904761904762,1483.301508849162,1548.4499376146257,-0.0420733193775861,-0.3534048586198137,False,False,,
574,2.690912,511789.0,1433.5826330532211,1441.403361344538,1483.867738090593,1548.4499376146257,-0.0417076444999705,-0.0719116823909864,False,False,,
575,2.6956,514581.0,1441.403361344538,1439.7254901960785,1482.257475871471,1548.4499376146257,-0.0427475633116841,-0.1062574614836737,False,False,,
576,2.700288,513982.0,1439.7254901960785,1439.7254901960785,1482.325063934932,1548.4499376146257,-0.0427039144588415,0.0041000084213127,False,False,,
577,2.7049760000000003,513955.0,1439.6498599439776,1439.6498599439776,1482.3170008868556,1548.4499376146257,-0.0427091216327259,-0.3717454344377708,False,False,,
578,2.709664,512007.0,1434.1932773109245,1434.1932773109245,1476.927964604828,1548.4499376146257,-0.0461893996521298,-0.5542673369345303,False,False,,
579,2.7143520000000003,511034.0,1431.467787114846,1431.467787114846,1474.2699999132128,1548.4499376146257,-0.0479059321838239,-0.1784276385027468,False,False,,
580,2.71904,507382.0,1421.2380952380952,1431.467787114846,1474.3375045775467,1548.4499376146257,-0.0478623371907317,0.2450676638594648,False,False,,
581,2.7237280000000004,512256.0,1434.890756302521,1434.890756302521,1477.8279575958584,1548.4499376146257,-0.0456081777674773,0.2450647943044464,False,False,,
582,2.728416,512486.0,1435.5350140056023,1434.890756302521,1477.8954205992277,1548.4499376146257,-0.045564609679333,0.0536677628010329,False,False,,
583,2.733104,508909.0,1425.515406162465,1435.5350140056023,1478.6071204848383,1548.4499376146257,-0.0451049888234549,-0.6364731296375954,False,False,,
584,2.737792,512682.0,1436.0840336134454,1425.515406162465,1468.6549340098168,1548.4499376146257,-0.0515321817428158,-0.8442698608231733,False,False,,
585,2.74248,508062.0,1423.142857142857,1423.142857142857,1466.349785550335,1548.4499376146257,-0.0530208630385335,-0.2749136799389244,False,False,,
586,2.7471680000000003,505768.0,1416.717086834734,1421.3893557422969,1464.6636639083322,1548.4499376146257,-0.0541097724059231,-0.1114983435358407,False,False,,
587,2.751856,507436.0,1421.3893557422969,1421.3893557422969,1464.731022871742,1548.4499376146257,-0.0540662715075256,0.0092777699749202,False,False,,
588,2.7565440000000003,509459.0,1427.0560224089636,1421.3893557422969,1464.7983610464214,1548.4499376146257,-0.0540227840346383,0.2573927427068545,False,False,,
589,2.761232,507087.0,1420.4117647058824,1424.9915966386554,1468.467919335145,1548.4499376146257,-0.0516529571519063,0.13718971546544,False,False,,
590,2.7659200000000004,508722.0,1424.9915966386554,1423.2464985994395,1466.7901179123944,1548.4499376146257,-0.0527364932624346,-0.1109309822221931,False,False,,
591,2.770608,508099.0,1423.2464985994395,1423.2464985994395,1466.857393759371,1548.4499376146257,-0.0526930460412217,-0.0723463101038515,False,False,,
592,2.775296,506886.0,1419.8487394957983,1422.06162464986,1465.73977489369,1548.4499376146257,-0.0534148122659683,-0.2247699246083918,False,False,,
593,2.779984,507676.0,1422.06162464986,1419.8487394957983,1463.594124066856,1548.4499376146257,-0.0548004888543501,-0.7437751001101107,False,False,,
594,2.784672,503773.0,1411.1288515406163,1411.1288515406163,1454.941449688638,1548.4499376146257,-0.0603884476046003,-0.591357203497048,False,False,,
595,2.7893600000000003,503412.0,1410.1176470588234,1411.1288515406163,1455.0086425217416,1548.4499376146257,-0.0603450539943379,0.0314427191890809,False,False,,
596,2.794048,503888.0,1411.450980392157,1411.450980392157,1455.397943468928,1548.4499376146257,-0.0600936406694835,0.1296451339406275,False,False,,
597,2.7987360000000003,508623.0,1424.7142857142858,1412.87675070028,1456.8908651416389,1548.4499376146257,-0.0591295012185105,0.3239305063190487,False,False,,
598,2.803424,504397.0,1412.87675070028,1416.0196078431372,1460.100852924424,1548.4499376146257,-0.0570564682422362,0.2257223807315149,False,False,,
599,2.8081120000000004,505519.0,1416.0196078431372,1416.0196078431372,1460.167962846088,1548.4499376146257,-0.057013128176772,0.0092434679026887,False,False,,
600,2.8128,507558.0,1421.731092436975,1416.0196078431372,1460.235052055883,1548.4499376146257,-0.0569698014871806,-0.4474428359087383,False,False,,
601,2.817488,503152.0,1409.3893557422969,1409.3893557422969,1453.6718684593602,1548.4499376146257,-0.0612083522062522,-0.59195599824948,False,False,,
602,2.822176,499187.0,1398.282913165266,1407.291316526611,1451.6408770489047,1548.4499376146257,-0.0625199809267675,-0.5022428354352968,False,False,,
603,2.826864,502403.0,1407.291316526611,1401.9635854341736,1446.3801730689995,1548.4499376146257,-0.0659173810312933,0.0092320620845702,False,False,,
604,2.8315520000000003,500501.0,1401.9635854341736,1407.291316526611,1451.7749105876564,1548.4499376146257,-0.0624334211126619,0.0757927069606001,False,False,,
605,2.83624,504469.0,1413.078431372549,1402.9299719887956,1447.4805517961329,1548.4499376146257,-0.0652067486108302,-0.2911775786228237,False,False,,
606,2.8409280000000003,500846.0,1402.9299719887956,1402.9299719887956,1447.5475168688788,1548.4499376146257,-0.0651635020898292,-0.3895786348342538,False,False,,
607,2.845616,498779.0,1397.140056022409,1397.140056022409,1441.8245453080729,1548.4499376146257,-0.0688594378910358,-0.3895814814517671,False,False,,
608,2.8503040000000004,496697.0,1391.3081232492998,1397.140056022409,1441.8914690528668,1548.4499376146257,-0.0688162180599207,0.1452388778254318,False,False,,
609,2.854992,502355.0,1407.156862745098,1399.1148459383753,1443.9331620592166,1548.4499376146257,-0.0674976781725447,0.1452360329646955,False,False,,
610,2.85968,499484.0,1399.1148459383753,1399.1148459383753,1444.000044501564,1548.4499376146257,-0.0674544850148437,-0.1590295073781922,False,False,,
611,2.864368,498612.0,1396.672268907563,1396.672268907563,1441.6243292714355,1548.4499376146257,-0.0689887388337227,-0.1590323504831756,False,False,,
612,2.869056,497767.0,1394.3053221288517,1396.672268907563,1441.691170436827,1548.4499376146257,-0.0689455723329741,-0.1538258757787316,False,False,,
613,2.8737440000000003,498818.0,1397.249299719888,1394.3053221288517,1439.3910441945825,1548.4499376146257,-0.0704310102450243,0.048948767889696,False,False,,
614,2.878432,496020.0,1389.4117647058824,1397.249299719888,1442.4018216995285,1548.4499376146257,-0.0684866286852407,0.98315009721708,False,False,,
615,2.8831200000000003,502815.0,1408.4453781512605,1408.4453781512605,1453.6646794286175,1548.4499376146257,-0.0612129949335164,2.024817706351273,True,False,615.0,2.0
616,2.887808,509265.0,1426.5126050420167,1426.5126050420167,1471.7986650072598,1548.4499376146257,-0.0495019378704915,1.6391324770005955,False,False,,
617,2.8924960000000004,511263.0,1432.109243697479,1432.109243697479,1477.462041747139,1548.4499376146257,-0.0458444888291595,1.564655700795448,False,False,,
618,2.897184,518600.0,1452.6610644257703,1449.095238095238,1494.5147536322038,1548.4499376146257,-0.0348317260198339,1.4247730573202064,False,False,,
619,2.901872,517327.0,1449.095238095238,1452.6610644257703,1498.147276859288,1548.4499376146257,-0.0324858166437258,0.7435073291233372,False,False,,
620,2.9065600000000003,521133.0,1459.7563025210084,1459.7563025210084,1505.309191266679,1548.4499376146257,-0.0278606013019733,1.0273157978663106,False,False,,
621,2.911248,523877.0,1467.4425770308123,1467.4425770308123,1513.0621215105891,1548.4499376146257,-0.0228537037229313,0.990461869671592,False,False,,
622,2.9159360000000003,526219.0,1474.002801120448,1474.002801120448,1519.6889807626364,1548.4499376146257,-0.0185740308119325,1.020943187139019,False,False,,
623,2.920624,529121.0,1482.1316526610644,1482.1316526610644,1527.8844469003177,1548.4499376146257,-0.0132813404003159,2.0514204187559097,False,False,,
624,2.9253120000000004,536804.0,1503.6526610644255,1503.6526610644255,1549.4720493417444,1548.4499376146257,0.0006600870343238,1.5883671930833485,False,False,,
625,2.93,537306.0,1505.0588235294117,1505.0588235294117,1550.9447852921417,1548.4499376146257,0.0016111904020348,0.6807855900896543,False,False,,
626,2.9346880000000004,540285.0,1513.403361344538,1513.403361344538,1559.3558760463677,1548.4499376146257,0.0070431327270048,1.0851801041707494,False,False,,
627,2.939376,542883.0,1520.6806722689075,1520.6806722689075,1566.6997193698674,1548.4499376146257,0.0117858390587399,1.1882059877273004,False,False,,
628,2.944064,547582.0,1533.843137254902,1530.5210084033613,1576.60656736982,1548.4499376146257,0.0181837520679355,0.915775177726386,False,False,,
629,2.9487520000000003,546396.0,1530.5210084033613,1533.843137254902,1579.995187559566,1548.4499376146257,0.0203721471251021,0.9966132316519418,False,False,,
630,2.95344,551514.0,1544.857142857143,1544.857142857143,1591.0756639790536,1548.4499376146257,0.0275279977279037,0.8870218119367799,False,False,,
631,2.9581280000000003,552132.0,1546.5882352941176,1546.5882352941176,1592.87320671865,1548.4499376146257,0.0286888636338209,0.6051370590104348,False,False,,
632,2.962816,554603.0,1553.5098039215686,1553.5098039215686,1599.8612051404289,1548.4499376146257,0.0332017627931853,1.010303328984428,False,False,,
633,2.9675040000000004,557321.0,1561.12324929972,1561.12324929972,1607.5410598109436,1548.4499376146257,0.0381614676463789,0.5705955685294435,False,False,,
634,2.972192,557513.0,1561.6610644257703,1561.6610644257703,1608.1452637337202,1548.4499376146257,0.0385516668437178,0.2358458982421805,False,False,,
635,2.9768800000000004,563872.0,1579.4733893557425,1564.4145658263303,1610.9651334416956,1548.4499376146257,0.0403727587882978,1.23603192706092,False,False,,
636,2.981568,558496.0,1564.4145658263303,1579.4733893557425,1626.0903047955342,1548.4499376146257,0.0501407021918403,1.3350061275187786,False,False,,
637,2.986256,565368.0,1583.6638655462184,1583.6638655462184,1630.3471083337708,1548.4499376146257,0.0528897762399133,0.4044649529577331,False,False,,
638,2.9909440000000003,565921.0,1585.2128851540615,1585.2128851540615,1631.962434819028,1548.4499376146257,0.0539329655907719,0.706409577839703,False,False,,
639,2.995632,569547.0,1595.3697478991596,1593.7871148459385,1640.6029509242894,1548.4499376146257,0.059513072441738,0.7087220111711456,False,False,,
640,3.0003200000000003,568982.0,1593.7871148459385,1595.3697478991596,1642.251849933182,1548.4499376146257,0.0605779431675121,0.6913548036295074,False,False,,
641,3.005008,572518.0,1603.6918767507002,1603.6918767507002,1650.640224288995,1548.4499376146257,0.0659952150805679,1.310296013315031,False,False,,
642,3.0096960000000004,576291.0,1614.2605042016808,1614.2605042016808,1661.2750767991597,1548.4499376146257,0.0728632785883541,0.9089828558593372,False,False,,
643,3.014384,577182.0,1616.7563025210084,1616.7563025210084,1663.8370797388934,1548.4499376146257,0.0745178383371056,0.5645863101962423,False,False,,
644,3.0190720000000004,580468.0,1625.9607843137255,1622.3249299719887,1669.4718913778102,1548.4499376146257,0.0781568398327543,0.6431091252127414,False,False,,
645,3.02376,579170.0,1622.3249299719887,1625.9607843137255,1673.1739094813197,1548.4499376146257,0.0805476294951004,0.0172165292962436,False,False,,
646,3.028448,581788.0,1629.6582633053222,1622.4425770308123,1669.7218455403192,1548.4499376146257,0.0783182620114358,0.2637880515217219,False,False,,
647,3.0331360000000003,579212.0,1622.4425770308123,1629.6582633053222,1677.003654743184,1548.4499376146257,0.0830209062661687,1.6531293593594842,False,False,,
648,3.037824,588635.0,1648.8375350140057,1646.310924369748,1693.7224183287071,1548.4499376146257,0.0938180028847898,1.1561191256974477,False,False,,
649,3.0425120000000003,587733.0,1646.310924369748,1646.310924369748,1693.7885004488453,1548.4499376146257,0.093860679188707,-0.6021246176277675,False,False,,
650,3.0472,584260.0,1636.5826330532211,1637.436974789916,1684.980612594488,1548.4499376146257,0.0881724824699124,-0.6021274267118635,False,False,,
651,3.0518880000000004,584565.0,1637.436974789916,1637.436974789916,1685.0466539315944,1548.4499376146257,0.0882151324358571,0.1468537772906302,False,False,,
652,3.056576,585279.0,1639.436974789916,1639.436974789916,1687.112674886624,1548.4499376146257,0.0895493834857893,0.7742842537469112,False,False,,
653,3.0612640000000004,588531.0,1648.546218487395,1648.546218487395,1696.287919163347,1548.4499376146257,0.0954748215989886,0.9573792905386148,False,False,,
654,3.065952,590194.0,1653.2044817927172,1653.2044817927172,1701.0121626784153,1548.4499376146257,0.0985257717138796,0.6243660766026657,False,False,,
655,3.07064,591720.0,1657.4789915966387,1657.4789915966387,1705.3526323288722,1548.4499376146257,0.101328877933215,0.4148329685867811,False,False,,
656,3.0753280000000003,592297.0,1659.095238095238,1659.095238095238,1707.0348183170809,1548.4499376146257,0.1024152456273491,0.6579316215259396,False,False,,
657,3.080016,595083.0,1666.8991596638657,1666.8991596638657,1714.9046590246735,1548.4499376146257,0.1074976448166418,0.5905935737175412,False,False,,
658,3.0847040000000003,595637.0,1668.450980392157,1667.5378151260504,1715.6092132814613,1548.4499376146257,0.1079526509745244,0.1159641177593755,False,False,,
659,3.089392,595311.0,1667.5378151260504,1668.450980392157,1716.5882570040862,1548.4499376146257,0.1085849243847537,0.5110976526417446,False,False,,
660,3.0940800000000004,598272.0,1675.8319327731092,1674.826330532213,1723.0294652688535,1548.4499376146257,0.1127447025656938,0.5174617951320428,False,False,,
661,3.098768,597913.0,1674.826330532213,1675.8319327731092,1724.100905308929,1548.4499376146257,0.1134366461759121,0.8410154583446392,False,False,,
662,3.1034560000000004,602225.0,1686.904761904762,1686.904761904762,1735.2395519205013,1548.4499376146257,0.1206300635031338,1.3146746251278731,False,False,,
663,3.108144,605039.0,1694.7871148459385,1694.7871148459385,1743.1877020286092,1548.4499376146257,0.1257630354611113,0.9446173874590452,False,False,,
664,3.112832,607982.0,1703.03081232493,1700.4873949579833,1748.9537590008665,1548.4499376146257,0.1294867961279494,0.4016880035777106,False,False,,
665,3.1175200000000003,607074.0,1700.4873949579833,1700.4873949579833,1749.019515560627,1548.4499376146257,0.1295292621826556,0.0090570609302371,False,False,,
666,3.122208,605680.0,1696.5826330532211,1700.4873949579833,1749.0852518262006,1548.4499376146257,0.1295717151312313,0.2508051588618318,False,False,,
667,3.1268960000000003,608327.0,1703.997198879552,1703.997198879552,1752.6607717254196,1548.4499376146257,0.1318808113521443,0.5209150942858063,False,False,,
668,3.131584,609727.0,1707.9187675070027,1707.9187675070027,1756.6480360488588,1548.4499376146257,0.134455815055255,0.9365000293391468,False,False,,
669,3.1362720000000004,614659.0,1721.733893557423,1717.4621848739496,1766.2571288363913,1548.4499376146257,0.1406614356272286,0.66638450687541,False,False,,
670,3.14096,613134.0,1717.4621848739496,1717.4621848739496,1766.322783987832,1548.4499376146257,0.1407038361917195,0.0090430933301473,False,False,,
671,3.145648,612500.0,1715.686274509804,1717.4621848739496,1766.3884188763834,1548.4499376146257,0.1407462236702921,0.1822983248002554,False,False,,
672,3.150336,614613.0,1721.6050420168067,1719.9775910364149,1768.969439670764,1548.4499376146257,0.1424130652850468,0.1822955347275101,False,False,,
673,3.155024,614032.0,1719.9775910364149,1719.9775910364149,1769.0350340522953,1548.4499376146257,0.1424554266038974,0.0090347231116592,False,False,,
674,3.1597120000000003,613842.0,1719.4453781512605,1719.9775910364149,1769.1006081896924,1548.4499376146257,0.1424977748489418,0.211230606787165,False,False,,
675,3.1644,615080.0,1722.9131652661065,1722.9131652661065,1772.101736318895,1548.4499376146257,0.1444359247731337,0.3489853114979997,False,False,,
676,3.1690880000000003,615794.0,1724.9131652661065,1724.9131652661065,1774.1672699867652,1548.4499376146257,0.145769861129547,0.3134819946649134,False,False,,
677,3.173776,618595.0,1732.7591036414565,1727.3333333333333,1776.6529514964657,1548.4499376146257,0.1473751319551119,0.5494419721470152,False,False,,
678,3.1784640000000004,616658.0,1727.3333333333333,1732.7591036414565,1782.1442150279083,1548.4499376146257,0.1509214290603976,0.3891079883304762,False,False,,
679,3.183152,619103.0,1734.1820728291316,1732.8515406162464,1782.3021250131037,1548.4499376146257,0.1510234084536988,0.1070303392965676,False,False,,
680,3.18784,618628.0,1732.8515406162464,1734.1820728291316,1783.6981100297178,1548.4499376146257,0.1519249455216422,0.736197278889172,False,False,,
681,3.1925280000000003,622397.0,1743.408963585434,1743.408963585434,1792.9904333893098,1548.4499376146257,0.1579259941405642,0.6445491060867461,False,False,,
682,3.197216,623273.0,1745.862745098039,1743.408963585434,1793.055845798394,1548.4499376146257,0.1579682379403121,0.0462466280924545,False,False,,
683,3.2019040000000003,621796.0,1741.7254901960785,1743.9495798319329,1793.6618542660044,1548.4499376146257,0.1583596025255591,0.0462438474770934,False,False,,
684,3.206592,622590.0,1743.9495798319329,1743.9495798319329,1793.7272263053735,1548.4499376146257,0.1584018202542574,0.622352932863464,False,False,,
685,3.2112800000000004,625769.0,1752.8543417366948,1752.8543417366948,1802.6973400739907,1548.4499376146257,0.1641947836240875,0.6223501539641809,False,False,,
686,3.215968,626780.0,1755.686274509804,1752.8543417366948,1802.7626717685591,1548.4499376146257,0.1642369752978261,0.1120272542531388,False,False,,
687,3.2206560000000004,624580.0,1749.5238095238096,1754.3501400560224,1804.3237816193928,1548.4499376146257,0.1652451511599651,0.1120244770688856,False,False,,
688,3.225344,626303.0,1754.3501400560224,1754.3501400560224,1804.3890729940597,1548.4499376146257,0.1652873167948241,0.0126588037059356,False,False,,
689,3.230032,626322.0,1754.403361344538,1754.403361344538,1804.5075655066237,1548.4499376146257,0.1653638401035119,0.7317347025122665,False,False,,
690,3.2347200000000003,630136.0,1765.0868347338935,1764.843137254902,1815.012592496636,1548.4499376146257,0.1721480613655797,0.7448516890605426,False,False,,
691,3.239408,630049.0,1764.843137254902,1765.0868347338935,1815.3215209170944,1548.4499376146257,0.1723475695401442,0.0089846642456841,False,False,,
692,3.2440960000000003,633717.0,1775.1176470588234,1764.843137254902,1815.143034247602,1548.4499376146257,0.1722323015775473,0.2212133219063083,False,False,,
693,3.248784,629390.0,1762.997198879552,1768.1680672268908,1818.533154903336,1548.4499376146257,0.1744216656463376,0.2379961266415584,False,False,,
694,3.2534720000000004,631236.0,1768.1680672268908,1768.1680672268908,1818.5983254675389,1548.4499376146257,0.1744637532609383,0.2526566179267071,False,False,,
695,3.25816,632499.0,1771.7058823529412,1771.7058823529412,1822.201291044459,1548.4499376146257,0.1767905740960182,0.2814015595498453,False,False,,
696,3.2628480000000004,634261.0,1776.641456582633,1772.12324929972,1822.683788334981,1548.4499376146257,0.1771021742832775,0.348926972521614,False,False,,
697,3.267536,632648.0,1772.12324929972,1776.641456582633,1827.267105860718,1548.4499376146257,0.1800621133903806,0.1386221499760616,False,False,,
698,3.272224,637035.0,1784.4117647058824,1774.0056022408965,1824.6963416670883,1548.4499376146257,0.178401895561453,0.466613411255679,False,False,,
699,3.2769120000000003,633320.0,1774.0056022408965,1783.2857142857142,1834.0415237714983,1548.4499376146257,0.1844370807343145,0.5223696292778754,False,False,,
700,3.2816,636633.0,1783.2857142857142,1781.4593837535017,1832.2802432165631,1548.4499376146257,0.183299633205563,0.0089597389197138,False,False,,
701,3.2862880000000003,635981.0,1781.4593837535017,1783.2857142857142,1834.1716036499367,1548.4499376146257,0.184521087246426,0.4872494431319936,False,False,,
702,3.290976,638460.0,1788.403361344538,1788.403361344538,1839.35426054,1548.4499376146257,0.1878680839843684,0.3614513217526927,False,False,,
703,3.2956640000000004,639334.0,1790.8515406162464,1788.403361344538,1839.419250307513,1548.4499376146257,0.187910054839179,0.0419437864226601,False,False,,
704,3.300352,637335.0,1785.2521008403362,1788.8823529411766,1839.96321161413,1548.4499376146257,0.1882613489258673,-0.2081061889614339,False,False,,
705,3.3050400000000004,638631.0,1788.8823529411766,1785.2521008403362,1836.3979091719232,1548.4499376146257,0.1859588512114763,0.0089459214075482,False,False,,
706,3.309728,636706.0,1783.4901960784314,1788.8823529411766,1840.0930908862415,1548.4499376146257,0.188345225884984,0.523122035415593,False,False,,
707,3.314416,640186.0,1793.2380952380952,1792.717086834734,1843.9927343543072,1548.4499376146257,0.1908636434155327,0.2730720625885752,False,False,,
708,3.3191040000000003,640000.0,1792.717086834734,1792.717086834734,1844.0576238960305,1548.4499376146257,0.1909055495438142,0.0089376411306254,False,False,,
709,3.323792,638650.0,1788.9355742296918,1792.717086834734,1844.1224934111517,1548.4499376146257,0.1909474427387734,0.1100342187549756,False,False,,
710,3.3284800000000003,640524.0,1794.18487394958,1794.18487394958,1845.6551300206968,1548.4499376146257,0.191937230378861,0.4837517166706959,False,False,,
711,3.333168,644979.0,1806.6638655462184,1799.6106442577031,1851.1457298092764,1548.4499376146257,0.1954830988342777,0.3826496239711154,False,False,,
712,3.3378560000000004,642461.0,1799.6106442577031,1799.6106442577031,1851.210539281667,1548.4499376146257,0.1955249532532138,0.0089266126822487,False,False,,
713,3.342544,641618.0,1797.249299719888,1799.6106442577031,1851.2753287521668,1548.4499376146257,0.1955667947547864,-0.018859165940082,False,False,,
714,3.3472320000000004,643855.0,1803.515406162465,1799.2072829131653,1850.936736882411,1548.4499376146257,0.1953481297133596,-0.0188619200749471,False,False,,
715,3.35192,642317.0,1799.2072829131653,1799.2072829131653,1851.0014863676463,1548.4499376146257,0.1953899453921637,0.0089183502773764,False,False,,
716,3.356608,641377.0,1796.5742296918768,1799.2072829131653,1851.0662158695045,1548.4499376146257,0.1954317481655603,0.7623371763371019,False,False,,
717,3.3612960000000003,646222.0,1810.1456582633052,1810.1456582633052,1862.0693007442928,1548.4499376146257,0.2025376187575011,0.7623344247514368,False,False,,
718,3.365984,649465.0,1819.2296918767504,1810.1456582633052,1862.1339902978968,1548.4499376146257,0.2025793957320305,0.1464746500570832,False,False,,
719,3.3706720000000003,643440.0,1802.3529411764705,1812.142857142857,1864.1958587661716,1548.4499376146257,0.2039109650764364,-0.2851296545278039,False,False,,
720,3.37536,646935.0,1812.142857142857,1805.87675070028,1857.9944019535983,1548.4499376146257,0.1999060200911782,0.0089045965937089,False,False,,
721,3.3800480000000004,644698.0,1805.87675070028,1812.142857142857,1864.32513807362,1548.4499376146257,0.2039944545740998,0.5765244563245204,False,False,,
722,3.384736,648327.0,1816.0420168067224,1814.1176470588232,1866.3645377206296,1548.4499376146257,0.2053115133936773,0.1449201542849891,False,False,,
723,3.3894240000000004,647640.0,1814.1176470588232,1814.1176470588232,1866.429127511427,1548.4499376146257,0.2053532259406757,0.0088963545668434,False,False,,
724,3.394112,645770.0,1808.879551820728,1814.1176470588232,1866.493697368133,1548.4499376146257,0.205394925614096,0.6585147241039202,False,False,,
725,3.3988,651007.0,1823.549019607843,1823.549019607843,1875.9896198459196,1548.4499376146257,0.2115274599938738,0.6585119793046559,False,False,,
726,3.4034880000000003,652210.0,1826.9187675070027,1823.549019607843,1876.0541498528976,1548.4499376146257,0.2115691339320559,0.0661906064203954,False,False,,
727,3.408176,647100.0,1812.6050420168067,1824.3809523809523,1876.9505927173443,1548.4499376146257,0.2121480631196714,-0.5575796048728918,False,False,,
728,3.4128640000000003,651304.0,1824.3809523809523,1815.3249299719887,1867.959060490224,1548.4499376146257,0.206341267556767,0.0088826348046922,False,False,,
729,3.417552,648071.0,1815.3249299719887,1824.3809523809523,1877.0795531776816,1548.4499376146257,0.212231346703599,0.4597752145043117,False,False,,
730,3.4222400000000004,651707.0,1825.5098039215688,1821.8711484593837,1874.6341996374,1548.4499376146257,0.2106521199679588,-0.1639949942500784,False,False,,
731,3.426928,650408.0,1821.8711484593837,1821.8711484593837,1874.6986301276208,1548.4499376146257,0.2106937296375101,0.0088744131052855,False,False,,
732,3.4316160000000004,648908.0,1817.6694677871149,1821.8711484593837,1874.7630407329148,1548.4499376146257,0.210735326465234,-0.1121002411900065,False,False,,
733,3.436304,651032.0,1823.6190476190477,1820.1148459383753,1873.0711289384103,1548.4499376146257,0.2096426777761127,-0.0254739680175966,False,False,,
734,3.440992,649781.0,1820.1148459383753,1821.3725490196075,1874.3932028734912,1548.4499376146257,0.210496482541101,0.0954952102180541,False,False,,
735,3.4456800000000003,650230.0,1821.3725490196075,1821.3725490196075,1874.4575538608185,1548.4499376146257,0.2105380408671171,0.0088634626760573,False,False,,
736,3.450368,653779.0,1831.313725490196,1821.3725490196075,1874.5218849877551,1548.4499376146257,0.2105795863671516,0.6137203042821682,False,False,,
737,3.4550560000000003,648886.0,1817.6078431372548,1830.1540616246496,1883.3677088654729,1548.4499376146257,0.2162922824400673,0.6137175696310244,False,False,,
738,3.459744,653365.0,1830.1540616246496,1830.1540616246496,1883.432000290015,1548.4499376146257,0.2163338023000127,0.0088552587223489,False,False,,
739,3.4644320000000004,655007.0,1834.7535014005605,1830.1540616246496,1883.4962718725492,1548.4499376146257,0.216375309345848,-0.1891015176561765,False,False,,
740,3.46912,652339.0,1827.280112044818,1827.280112044818,1880.6865740393675,1548.4499376146257,0.2145607864704685,-0.1891042497761539,False,False,,
741,3.4738080000000005,651785.0,1825.7282913165263,1827.280112044818,1880.7508059562556,1548.4499376146257,0.214602267899947,-0.0455613589273724,False,False,,
742,3.4784960000000003,653815.0,1831.4145658263303,1826.4901960784312,1880.025102083115,1548.4499376146257,0.2141336031691656,0.096823906779452,False,False,,
743,3.483184,652057.0,1826.4901960784312,1828.5574229691877,1882.1565212495927,1548.4499376146257,0.2155100888499111,0.1512295984778404,False,False,,
744,3.4878720000000003,652795.0,1828.5574229691877,1828.5574229691877,1882.2206937139067,1548.4499376146257,0.2155515318844937,0.0088388735884592,False,False,,
745,3.49256,653026.0,1829.2044817927172,1828.5574229691877,1882.284846372927,1548.4499376146257,0.2155929621286765,0.0534047460998969,False,False,,
746,3.4972480000000004,652085.0,1826.5686274509803,1829.2044817927172,1882.9960380562952,1548.4499376146257,0.2160522547839264,-0.1281523229273382,False,False,,
747,3.501936,656698.0,1839.4901960784312,1826.5686274509803,1880.424296781327,1548.4499376146257,0.21439140594891,0.0196352015864071,False,False,,
748,3.5066240000000004,652060.0,1826.498599439776,1829.361344537815,1883.281107147968,1548.4499376146257,0.2162363544340009,0.2011868181673577,False,False,,
749,3.511312,653082.0,1829.361344537815,1829.361344537815,1883.3451806469195,1548.4499376146257,0.2162777335560473,0.0088252424720707,False,False,,
750,3.5160000000000005,655239.0,1835.403361344538,1829.361344537815,1883.4092343711204,1548.4499376146257,0.216319099907419,0.2567474172016517,False,False,,
751,3.5206880000000003,652636.0,1828.1120448179272,1832.9607843137255,1887.0727081025848,1548.4499376146257,0.2186849973397297,-0.0087375315240016,False,False,,
752,3.525376,654367.0,1832.9607843137255,1829.1064425770307,1883.282380558897,1548.4499376146257,0.21623717681185,-0.1748595823735037,False,False,,
753,3.5300640000000003,652991.0,1829.1064425770307,1830.2941176470588,1884.534050065486,1548.4499376146257,0.217045513895396,0.0906199223145094,False,False,,
754,3.534752,653415.0,1830.2941176470588,1830.2941176470588,1884.5980247516968,1548.4499376146257,0.2170868292034709,0.1020005241604238,False,False,,
755,3.5394400000000004,654847.0,1834.3053221288517,1831.6470588235295,1886.0149208701243,1548.4499376146257,0.2180018708099242,0.2850956479369309,False,False,,
756,3.544128,653898.0,1831.6470588235295,1834.3053221288517,1888.7371193792424,1548.4499376146257,0.2197598859985275,0.6470439872172022,False,False,,
757,3.5488160000000004,659512.0,1847.3725490196075,1840.9131652661065,1895.4088779882252,1548.4499376146257,0.224068555234073,0.4639434261206183,False,False,,
758,3.553504,657206.0,1840.9131652661065,1840.9131652661065,1895.4727737339736,1548.4499376146257,0.2241098195618348,-0.2171292453011268,False,False,,
759,3.5581920000000005,656035.0,1837.6330532212885,1837.6330532212885,1892.256537715013,1548.4499376146257,0.2220327514301295,-0.2171319614446609,False,False,,
760,3.5628800000000003,654412.0,1833.0868347338935,1837.6330532212885,1892.3203940270655,1548.4499376146257,0.2220739902913294,0.41570086165299,False,False,,
761,3.567568,658144.0,1843.5406162464983,1843.5406162464983,1898.2917936566073,1548.4499376146257,0.2259303627089877,0.4928732128446498,False,False,,
762,3.5722560000000003,659283.0,1846.731092436975,1844.6610644257703,1899.476058738572,1548.4499376146257,0.2266951695349606,0.2285458993334295,False,False,,
763,3.576944,658544.0,1844.6610644257703,1846.731092436975,1901.609883956912,1548.4499376146257,0.2280732090611379,0.0087871870777505,False,True,615.0,2.0
764,3.5816320000000004,661034.0,1851.6358543417368,1844.6610644257703,1899.6036334633632,1548.4499376146257,0.2267775582010014,-0.5536288158662437,False,False,,
765,3.58632,656368.0,1838.565826330532,1838.565826330532,1893.572153202378,1548.4499376146257,0.2228823852835763,-0.4110505931792119,False,False,,
766,3.5910080000000004,655721.0,1836.7535014005605,1838.565826330532,1893.6358913593033,1548.4499376146257,0.2229235478393534,0.1689173149663467,False,False,,
767,3.595696,657198.0,1840.890756302521,1840.890756302521,1896.0245398169616,1548.4499376146257,0.2244661540287006,0.1689146055217278,False,False,,
768,3.600384,660068.0,1848.9299719887956,1840.890756302521,1896.088238637448,1548.4499376146257,0.2245072911807251,0.4212743616179111,False,False,,
769,3.605072,656675.0,1839.4257703081232,1846.879551820728,1902.140713317027,1548.4499376146257,0.2284160224432305,0.2385596858980285,False,False,,
770,3.60976,659336.0,1846.879551820728,1844.2268907563025,1899.5517117609247,1548.4499376146257,0.2267440267957055,-0.1739437469854934,False,False,,
771,3.614448,658389.0,1844.2268907563025,1844.2268907563025,1899.6153516222664,1548.4499376146257,0.2267851258714946,0.008765514860638,False,False,,
772,3.619136,655547.0,1836.266106442577,1844.2268907563025,1899.67897184269,1548.4499376146257,0.2268262122630389,0.0787991816799333,False,False,,
773,3.623824,662924.0,1856.9299719887956,1845.2436974789916,1900.7593791509455,1548.4499376146257,0.2275239469989258,0.0787964772486873,False,False,,
774,3.628512,658752.0,1845.2436974789916,1845.2436974789916,1900.822960107715,1548.4499376146257,0.2275650080337226,0.008757401566676,False,False,,
775,3.6332,657398.0,1841.450980392157,1845.2436974789916,1900.8865214417456,1548.4499376146257,0.2276060563960149,-0.1959521628557219,False,False,,
776,3.637888,659373.0,1846.9831932773109,1842.2717086834737,1897.9780743635752,1548.4499376146257,0.2257277605547875,0.1285662863119228,False,False,,
777,3.642576,657691.0,1842.2717086834737,1846.9831932773109,1902.753081064132,1548.4499376146257,0.2288114938964754,0.0087492957824046,False,False,,
778,3.647264,660724.0,1850.767507002801,1842.2717086834737,1898.1050989724376,1548.4499376146257,0.2258097939520428,-0.5739251502028146,False,False,,
779,3.651952,655761.0,1836.8655462184877,1838.5238095238096,1894.4206827163907,1548.4499376146257,0.2234303716881737,-0.335263959079878,False,False,,
780,3.65664,656353.0,1838.5238095238096,1837.2773109243697,1893.237647428091,1548.4499376146257,0.22266635907171,-0.0771160630448761,False,False,,
781,3.661328,655908.0,1837.2773109243697,1837.2773109243697,1893.3010911528,1548.4499376146257,0.2227073314810649,0.0087384997394615,False,False,,
782,3.666016,655739.0,1836.8039215686272,1837.2773109243697,1893.364515297124,1548.4499376146257,0.2227482912452672,0.0199261873314284,False,False,,
783,3.670704,655966.0,1837.439775910364,1837.439775910364,1893.5903848530995,1548.4499376146257,0.2228941594134844,0.1534363548250539,False,False,,
784,3.675392,658690.0,1845.0700280112044,1839.378151260504,1895.5921452049197,1548.4499376146257,0.224186910508107,0.1790943688924891,False,False,,
785,3.68008,656658.0,1839.378151260504,1839.9131652661065,1896.1905246499396,1548.4499376146257,0.2245733482162204,0.0087277170181785,False,False,,
786,3.684768,656849.0,1839.9131652661065,1839.378151260504,1895.7188565275303,1548.4499376146257,0.2242687415828695,0.0087250234174192,False,False,,
787,3.689456,656256.0,1838.252100840336,1839.9131652661065,1896.3171968661368,1548.4499376146257,0.2246551540357822,0.193942488229343,False,False,,
788,3.694144,657618.0,1842.0672268907565,1842.0672268907565,1898.5345652796348,1548.4499376146257,0.2260871463525077,0.5178821343941316,False,False,,
789,3.698832,659734.0,1847.9943977591035,1847.3053221288517,1903.8359477684548,1548.4499376146257,0.2295108169278618,0.3695103795573367,False,False,,
790,3.70352,659488.0,1847.3053221288517,1847.3053221288517,1903.8992154870864,1548.4499376146257,0.2295516756712376,-0.4460398170699484,False,False,,
791,3.708208,656848.0,1839.910364145658,1840.703081232493,1897.3602227832937,1548.4499376146257,0.2253287476030135,-0.4460425065166937,False,False,,
792,3.712896,657131.0,1840.703081232493,1840.703081232493,1897.42345145582,1548.4499376146257,0.2253695811301367,0.087427446233633,False,False,,
793,3.717584,660376.0,1849.7927170868347,1841.8459383753504,1898.6295177571883,1548.4499376146257,0.2261484673389001,0.4619167645565092,False,False,,
794,3.722272,657539.0,1841.8459383753504,1847.282913165266,1904.1296821976237,1548.4499376146257,0.2297005127146183,0.0087035045172463,False,False,,
795,3.72696,659480.0,1847.282913165266,1841.8459383753504,1898.7558775562552,1548.4499376146257,0.2262300713972538,-0.5625876051508669,False,False,,
796,3.731648,656519.0,1838.988795518207,1838.988795518207,1895.9618853517072,1548.4499376146257,0.2244256913287239,-0.7481963233596538,False,False,,
797,3.736336,653064.0,1829.310924369748,1830.857142857143,1887.8933638533017,1548.4499376146257,0.2192149826694339,-0.5514025903998849,False,False,,
798,3.741024,653616.0,1830.857142857143,1830.857142857143,1887.9564755320396,1548.4499376146257,0.219255740641135,0.0086927649777024,False,False,,
799,3.745712,657489.0,1841.7058823529412,1830.857142857143,1888.0195677328704,1548.4499376146257,0.2192964860338649,-0.0046226166620968,False,False,,
800,3.7504,653547.0,1830.6638655462184,1830.6638655462184,1887.88936315088,1548.4499376146257,0.2192123989873112,-0.1568531156599313,False,False,,
801,3.755088,652348.0,1827.3053221288517,1828.453781512605,1885.7423323803143,1548.4499376146257,0.2178258312214375,-0.1435430979916674,False,False,,
802,3.759776000000001,652758.0,1828.453781512605,1828.453781512605,1885.805366183483,1548.4499376146257,0.2178665389005415,0.345937075619446,False,False,,
803,3.764464,655906.0,1837.2717086834737,1833.3501400560224,1890.7647390761963,1548.4499376146257,0.2210693372424451,0.3459343961161849,False,False,,
804,3.769152,654506.0,1833.3501400560224,1833.3501400560224,1890.8277339776228,1548.4499376146257,0.2211100197985267,-0.037435421220632,False,False,,
805,3.77384,654214.0,1832.532212885154,1832.6806722689075,1890.2212416500672,1548.4499376146257,0.2207183427330804,-0.0476637952699867,False,False,,
806,3.778528,654267.0,1832.6806722689075,1832.532212885154,1890.1357382900069,1548.4499376146257,0.2206631240540752,-0.4804256529752955,False,False,,
807,3.783216,651732.0,1825.579831932773,1825.579831932773,1883.24629393145,1548.4499376146257,0.2162138718107836,-0.8938937434397474,False,False,,
808,3.787904,647407.0,1813.4649859943977,1819.428571428571,1877.157950597201,1548.4499376146257,0.2122819763155841,-0.4150251363973183,False,False,,
809,3.792592,649536.0,1819.428571428571,1819.428571428571,1877.2208483492768,1548.4499376146257,0.2123225961319227,0.1410185371297956,False,False,,
810,3.79728,652632.0,1828.1008403361343,1821.3501400560224,1879.205295316919,1548.4499376146257,0.2136041661197129,0.1620460688020131,False,False,,
811,3.801968000000001,650222.0,1821.3501400560224,1821.6554621848736,1879.5734763800688,1548.4499376146257,0.2138419400730103,0.0086579529102941,False,False,,
812,3.806656,650331.0,1821.6554621848736,1821.3501400560224,1879.3309937856116,1548.4499376146257,0.2136853430861999,-0.7524838042202937,False,False,,
813,3.811344,646386.0,1810.6050420168067,1810.6050420168067,1868.648715886873,1548.4499376146257,0.2067866519246411,-0.7314562700733553,False,False,,
814,3.816032,646102.0,1809.809523809524,1810.6050420168067,1868.7115166394192,1548.4499376146257,0.2068272090979927,0.1828726498998278,False,False,,
815,3.82072,647289.0,1813.1344537815123,1813.1344537815123,1871.303709774724,1548.4499376146257,0.2085012658901017,0.1909733621975355,False,False,,
816,3.825408,647331.0,1813.252100840336,1813.252100840336,1871.4841188281805,1548.4499376146257,0.2086177753419567,0.016747982699993,False,False,,
817,3.830096,648514.0,1816.565826330532,1813.252100840336,1871.5468614528272,1548.4499376146257,0.2086582949758969,-0.1256426813895821,False,False,,
818,3.834784,646635.0,1811.3025210084031,1811.3025210084031,1869.6600048815333,1548.4499376146257,0.2074397495612478,-0.1489908058769309,False,False,,
819,3.839472,646514.0,1810.9635854341736,1810.9635854341736,1869.383773209911,1548.4499376146257,0.2072613571799947,-0.1617273580130103,False,False,,
820,3.844160000000001,645752.0,1808.829131652661,1808.829131652661,1867.3120039789485,1548.4499376146257,0.2059233938525177,-0.3695238877790991,False,False,,
821,3.848848,644554.0,1805.4733893557425,1805.4733893557425,1864.0189268864951,1548.4499376146257,0.2037967012081779,-0.570760536141524,False,False,,
822,3.853536,642749.0,1800.4173669467789,1800.4173669467789,1859.0255503418832,1548.4499376146257,0.200571943065655,-0.51886296832037,False,False,,
823,3.858224,641354.0,1796.5098039215686,1797.81512605042,1856.485935975731,1548.4499376146257,0.1989318420172063,-0.1706131475469341,False,False,,
824,3.862912,641820.0,1797.81512605042,1797.81512605042,1856.5485431777597,1548.4499376146257,0.1989722741942548,0.0086232802553638,False,False,,
825,3.8676,646579.0,1811.1456582633052,1797.81512605042,1856.611131057575,1548.4499376146257,0.1990126938928806,-0.3145499685601152,False,False,,
826,3.872288,638598.0,1788.7899159663866,1793.12324929972,1851.9818228704407,1548.4499376146257,0.1960230536890354,-0.3145526291075953,False,False,,
827,3.876976,640145.0,1793.12324929972,1793.12324929972,1852.0443721237184,1548.4499376146257,0.196063448442368,0.0086152986126855,False,False,,
828,3.881664,641234.0,1796.173669467787,1793.12324929972,1852.106902072668,1548.4499376146257,0.1961038307288279,-0.2966147449737235,False,False,,
829,3.886352000000001,638563.0,1788.6918767507002,1788.6918767507002,1847.7380401742273,1548.4499376146257,0.1932823885934941,-0.2966174030586117,False,False,,
830,3.89104,637768.0,1786.4649859943977,1788.6918767507002,1847.8005315323917,1548.4499376146257,0.1933227459577501,-0.1447781186393157,False,False,,
831,3.895728,639678.0,1791.81512605042,1786.4649859943977,1845.636112847793,1548.4499376146257,0.191924948953132,-0.6985118711862661,False,False,,
832,3.900416,632771.0,1772.467787114846,1778.4257703081232,1837.659349952714,1548.4499376146257,0.1867734986535072,-0.5451290838137801,False,False,,
833,3.905104,634898.0,1778.4257703081232,1778.4257703081232,1837.721783469352,1548.4499376146257,0.1868138186632934,0.1490579769828954,False,False,,
834,3.909792,635626.0,1780.4649859943977,1780.4649859943977,1839.8234134036556,1548.4499376146257,0.188171066245699,0.3958225954415688,False,False,,
835,3.91448,637036.0,1784.4145658263303,1784.047619047619,1843.4684414422436,1548.4499376146257,0.1905250513181535,0.2553613227758298,False,False,,
836,3.919168,636905.0,1784.047619047619,1784.047619047619,1843.530817170893,1548.4499376146257,0.1905653340080449,-0.0687766053392735,False,False,,
837,3.923856,636504.0,1782.9243697478992,1782.9243697478992,1842.4699243490484,1548.4499376146257,0.1898802018664925,-0.0901953375887707,False,False,,
838,3.928544000000001,632834.0,1772.6442577030812,1782.6134453781513,1842.2213372123424,1548.4499376146257,0.1897196625228127,-0.3113045514123236,False,False,,
839,3.933232,636393.0,1782.6134453781513,1778.280112044818,1837.9503218731584,1548.4499376146257,0.1869614103924508,-0.2898911205846985,False,False,,
840,3.93792,634846.0,1778.280112044818,1778.280112044818,1838.0126206343512,1548.4499376146257,0.1870016433762107,0.0085807967761653,False,False,,
841,3.942608,633772.0,1775.2717086834734,1778.280112044818,1838.0749001685244,1548.4499376146257,0.1870418639430241,-0.1986369027753092,False,False,,
842,3.947296,634987.0,1778.6750700280113,1775.2717086834734,1835.128757120267,1548.4499376146257,0.1851392237757895,-0.868326182470323,False,False,,
843,3.951984,630301.0,1765.549019607843,1765.549019607843,1825.4683091425695,1548.4499376146257,0.1789004376561819,-1.0485326074068055,False,False,,
844,3.956672,628293.0,1759.9243697478992,1759.9243697478992,1819.905881171335,1548.4499376146257,0.175308182048743,-0.8148877419306295,False,False,,
845,3.96136,626033.0,1753.593837535014,1753.593837535014,1813.6375516438643,1548.4499376146257,0.1712600501878402,-0.4274715573125327,False,False,,
846,3.966048,624847.0,1750.2717086834734,1753.593837535014,1813.6997351319096,1548.4499376146257,0.1713002087273803,-0.2202591501916835,False,False,,
847,3.970736000000001,627457.0,1757.5826330532211,1750.2717086834734,1810.4397705769711,1548.4499376146257,0.1691949003956428,0.0621989467626988,False,False,,
848,3.975424,621567.0,1741.0840336134454,1754.3725490196075,1814.6027560241869,1548.4499376146257,0.1718833860522269,0.2910203738998937,False,False,,
849,3.980112,626311.0,1754.3725490196075,1754.3725490196075,1814.6648819556683,1548.4499376146257,0.1719235074213281,0.0729981716877112,False,False,,
850,3.9848,626645.0,1755.3081232492998,1755.3081232492998,1815.662562943162,1548.4499376146257,0.1725678169099709,0.0729955307771845,False,False,,
851,3.989488,627106.0,1756.5994397759105,1755.3081232492998,1815.7246505332007,1548.4499376146257,0.172607913517895,0.0043070822452726,False,False,,
852,3.994176,626623.0,1755.2464985994395,1755.2464985994395,1815.725094311532,1548.4499376146257,0.1726082001131026,-0.4882654136033153,False,False,,
853,3.998864,624070.0,1748.095238095238,1748.095238095238,1808.635883079589,1548.4499376146257,0.1680299369999507,-0.4840234234581473,False,False,,
854,4.003552,620759.0,1738.8207282913163,1748.095238095238,1808.6979132018257,1548.4499376146257,0.1680699964947592,0.1248852069386892,False,False,,
855,4.008240000000001,624673.0,1749.7843137254902,1749.7843137254902,1810.448999810204,1548.4499376146257,0.1692008607002081,0.1248825701009224,False,False,,
856,4.0129280000000005,624724.0,1749.9271708683473,1749.7843137254902,1810.5109916501272,1548.4499376146257,0.1692408954720257,-0.6594116706815321,False,False,,
857,4.017616,617545.0,1729.8179271708684,1740.0868347338935,1800.8754853661578,1548.4499376146257,0.1630182168758984,-0.8868878119215644,False,False,,
858,4.022304,621211.0,1740.0868347338935,1736.7843137254902,1797.6349179389902,1548.4499376146257,0.1609254353474495,-0.2048558035581962,False,False,,
859,4.026992,620032.0,1736.7843137254902,1736.988795518207,1797.901334192455,1548.4499376146257,0.1610974888617368,0.0085306194045671,False,False,,
860,4.031680000000001,620105.0,1736.988795518207,1736.7843137254902,1797.758767745897,1548.4499376146257,0.1610054184349867,-0.1051122975494678,False,False,,
861,4.036368,619516.0,1735.3389355742297,1735.3389355742297,1796.3752858321086,1548.4499376146257,0.1601119559599131,-1.049158920180659,False,False,,
862,4.041056,612962.0,1716.9803921568628,1721.428571428571,1782.5267988211313,1548.4499376146257,0.1511685043993732,-0.9496057166271504,False,False,,
863,4.045744,614550.0,1721.428571428571,1721.428571428571,1782.5886568589171,1548.4499376146257,0.1512084527608173,0.3006277167124906,False,False,,
864,4.050432000000001,616157.0,1725.9299719887956,1725.6694677871149,1786.8913921642454,1548.4499376146257,0.1539871898712702,0.3185682899555679,False,False,,
865,4.0551200000000005,616064.0,1725.6694677871149,1725.9299719887956,1787.2137162276017,1548.4499376146257,0.1541953490474414,0.0085148349599215,False,False,,
866,4.059808,617119.0,1728.624649859944,1725.6694677871149,1787.015012808377,1548.4499376146257,0.1540670249638545,-0.0418445232823287,False,False,,
867,4.064496,610872.0,1711.126050420168,1725.1988795518207,1786.606206282208,1548.4499376146257,0.1538030147971462,-0.5415557005124487,False,False,,
868,4.069184,615896.0,1725.1988795518207,1717.6834733893556,1779.152562761424,1548.4499376146257,0.1489893987158499,-0.5091447992137113,False,False,,
869,4.073872000000001,613213.0,1717.6834733893556,1717.6834733893556,1779.2143063415456,1548.4499376146257,0.1490292731597191,-0.3827732546646896,False,False,,
870,4.07856,611185.0,1712.002801120448,1712.002801120448,1773.5953585970828,1548.4499376146257,0.1454005166801143,-0.5760994187973587,False,False,,
871,4.083248,610183.0,1709.1960784313726,1709.1960784313726,1770.8503413826563,1548.4499376146257,0.1436277650090753,-0.2558255201600339,False,False,,
872,4.087936,609815.0,1708.1652661064427,1708.1652661064427,1769.8812154884597,1548.4499376146257,0.1430018966030939,-0.0625046037218339,False,False,,
873,4.092624000000001,608128.0,1703.4397759103642,1708.1652661064427,1769.9428828811533,1548.4499376146257,0.1430417218445795,-0.3169920049598644,False,False,,
874,4.0973120000000005,610943.0,1711.3249299719887,1703.4397759103642,1765.2790410456057,1548.4499376146257,0.1400297795645907,-0.0283598808140617,False,False,,
875,4.102,605067.0,1694.8655462184877,1707.6302521008404,1769.531146570323,1548.4499376146257,0.1427758196020669,-0.1022576267919319,False,False,,
876,4.106688,609624.0,1707.6302521008404,1701.8319327731092,1763.7944375564157,1548.4499376146257,0.1390710120557896,-0.3908949921568663,False,False,,
877,4.111376,607554.0,1701.8319327731092,1701.8319327731092,1763.8560288556923,1548.4499376146257,0.1391107881556043,0.0084833536357908,False,False,,
878,4.116064000000001,604722.0,1693.8991596638657,1701.8319327731092,1763.91760114629,1548.4499376146257,0.1391505519794787,-0.5379187294130983,False,False,,
879,4.120752,609783.0,1708.0756302521008,1693.8991596638657,1756.0463813248318,1548.4499376146257,0.1340672621486278,-0.956403140324216,False,False,,
880,4.12544,602553.0,1687.8235294117646,1687.8235294117646,1750.032285363569,1548.4499376146257,0.1301833161357992,-0.410006292027246,False,False,,
881,4.130128,602456.0,1687.5518207282912,1687.8235294117646,1750.0938006633223,1548.4499376146257,0.1302230431545805,-0.0102420676746408,False,False,,
882,4.134816000000001,604017.0,1691.9243697478992,1687.5518207282912,1749.8835882943788,1548.4499376146257,0.1300872865092818,-0.5134261107238594,False,False,,
883,4.1395040000000005,598764.0,1677.2100840336134,1680.2464985994395,1742.6397435006934,1548.4499376146257,0.1254091599404342,-0.4947137714476657,False,False,,
884,4.144192,599848.0,1680.2464985994395,1680.2464985994395,1742.7012018623527,1548.4499376146257,0.1254488501881887,0.1149666339182466,False,False,,
885,4.14888,600400.0,1681.7927170868347,1681.7927170868347,1744.308859743756,1548.4499376146257,0.1264870871000516,0.1149640213854485,False,False,,
886,4.153568,602883.0,1688.7478991596638,1681.7927170868347,1744.3702801759678,1548.4499376146257,0.1265267528526986,-0.1061451534537472,False,False,,
887,4.158256000000001,599806.0,1680.1288515406163,1680.1288515406163,1742.7678161060162,1548.4499376146257,0.125491870141269,-0.7164095960719958,False,False,,
888,4.162944,594926.0,1666.4593837535017,1671.268907563025,1733.9692546545973,1548.4499376146257,0.119809696479928,-0.9330812030239884,False,False,,
889,4.167632,596643.0,1671.268907563025,1666.4593837535017,1729.2210944269998,1548.4499376146257,0.1167433007817164,-0.4291306335805132,False,False,,
890,4.17232,594078.0,1664.0840336134454,1664.9159663865546,1727.7390217035795,1548.4499376146257,0.1157861676594773,-0.1551617589952449,False,False,,
891,4.177008000000001,594375.0,1664.9159663865546,1664.0840336134454,1726.968414641443,1548.4499376146257,0.115288504129377,-0.5748037862142787,False,False,,
892,4.1816960000000005,591352.0,1656.4481792717088,1656.4481792717088,1719.3938670839673,1548.4499376146257,0.1103968073599328,-0.5175039068564597,False,False,,
893,4.186384,590167.0,1653.1288515406163,1656.4481792717088,1719.4551549473583,1548.4499376146257,0.1104363874986911,-0.2201895724949683,False,False,,
894,4.191072,593411.0,1662.2156862745098,1653.1288515406163,1716.197096164626,1548.4499376146257,0.1083323099282201,-0.2572362092963516,False,False,,
895,4.19576,587969.0,1646.9719887955182,1652.591036414566,1715.7205310777429,1548.4499376146257,0.1080245408003286,-0.4156406360421592,False,False,,
896,4.200448000000001,589975.0,1652.591036414566,1646.9719887955182,1710.1627145945056,1548.4499376146257,0.104435263324688,-0.932137366641582,False,False,,
897,4.205136,584311.0,1636.7254901960785,1638.9355742296918,1702.1875122669665,1548.4499376146257,0.0992848208506969,-0.5451070152359456,False,False,,
898,4.209824,585100.0,1638.9355742296918,1638.9355742296918,1702.2487056135628,1548.4499376146257,0.0993243399498359,0.2758401436402184,False,False,,
899,4.214512,590223.0,1653.2857142857142,1642.8179271708684,1706.1922330154755,1548.4499376146257,0.1018710980374675,0.2758375423729671,False,False,,
900,4.219200000000001,586486.0,1642.8179271708684,1642.8179271708684,1706.25338859618,1548.4499376146257,0.1019105927471245,-0.6599127292057094,False,False,,
901,4.2238880000000005,582819.0,1632.546218487395,1633.1148459383753,1696.6114440701867,1548.4499376146257,0.0956837562884356,-0.6599153288675215,False,False,,
902,4.228576,583022.0,1633.1148459383753,1633.1148459383753,1696.672561908307,1548.4499376146257,0.0957232266236629,0.0084181408789572,False,False,,
903,4.233264,584587.0,1637.498599439776,1633.1148459383753,1696.7336608838707,1548.4499376146257,0.0957626847773168,-0.5200407192778442,False,False,,
904,4.237952,580283.0,1625.4425770308123,1625.4425770308123,1689.1224720951363,1548.4499376146257,0.090847324839714,-0.8445644676291284,False,False,,
905,4.242640000000001,578601.0,1620.731092436975,1620.731092436975,1684.4720487692125,1548.4499376146257,0.087844048328826,-0.4006174988803579,False,False,,
906,4.247328,574851.0,1610.2268907563025,1619.5042016806722,1683.306200435726,1548.4499376146257,0.0870911351702112,-0.7151084870931772,False,False,,
907,4.252016,578163.0,1619.5042016806722,1610.2268907563025,1674.0899130948912,1548.4499376146257,0.0811391911538406,-0.581984093683241,False,False,,
908,4.256704,574666.0,1609.708683473389,1610.9327731092435,1674.8568001979004,1548.4499376146257,0.0816344523078373,-0.027290903310746,False,False,,
909,4.261392000000001,575103.0,1610.9327731092435,1609.708683473389,1673.6936964844592,1548.4499376146257,0.0808833116443988,-0.4451964771039307,False,False,,
910,4.2660800000000005,572752.0,1604.3473389355745,1604.3473389355745,1668.393319047214,1548.4499376146257,0.0774602901385112,-0.9204045363484434,False,False,,
911,4.270768,569852.0,1596.2240896358544,1596.2240896358544,1660.3310180320289,1548.4499376146257,0.0722535987115962,-0.551124438820433,False,False,,
912,4.275456,569026.0,1593.910364145658,1596.2240896358544,1660.3919475063358,1548.4499376146257,0.072292947400131,0.0572054253858747,False,False,,
913,4.280144,570105.0,1596.9327731092435,1596.9327731092435,1661.1615416496095,1548.4499376146257,0.0727899567800141,0.0572028353355538,False,False,,
914,4.284832000000001,571104.0,1599.731092436975,1596.9327731092435,1661.2224335208757,1548.4499376146257,0.0728292811842371,-0.2464836372832195,False,False,,
915,4.28952,568784.0,1593.232492997199,1593.232492997199,1657.583026487279,1548.4499376146257,0.070478926196847,-0.6202064811882604,False,False,,
916,4.294208,566847.0,1587.8067226890755,1587.8067226890755,1652.2181104705874,1548.4499376146257,0.0670142252166162,-0.4521603633690239,False,False,,
917,4.298896,566397.0,1586.546218487395,1586.546218487395,1651.0184417791188,1548.4499376146257,0.0662394706298992,-0.1413403732822189,False,False,,
918,4.303584000000001,565662.0,1584.4873949579833,1585.6330532212885,1650.166093247802,1548.4499376146257,0.0656890178767221,-0.1322748891233081,False,False,,
919,4.3082720000000005,566071.0,1585.6330532212885,1584.5042016806722,1649.098039672347,1548.4499376146257,0.0649992612694791,0.0083740827821454,False,False,,
920,4.31296,565668.0,1584.5042016806722,1585.6330532212885,1650.2876704142898,1548.4499376146257,0.0657675332768875,0.0083714983221376,False,False,,
921,4.317648,566670.0,1587.310924369748,1584.5042016806722,1649.2195793169556,1548.4499376146257,0.0650777524377474,-0.7840260719929706,False,False,,
922,4.322336,561964.0,1574.1288515406163,1574.1288515406163,1638.9049708679263,1548.4499376146257,0.0584165048258817,-1.3477925094961083,False,False,,
923,4.327024000000001,558238.0,1563.6918767507002,1564.81512605042,1629.6519683222896,1548.4499376146257,0.0524408498687114,-0.6331539835625088,False,False,,
924,4.3317120000000005,558639.0,1564.81512605042,1564.81512605042,1629.7126725261671,1548.4499376146257,0.0524800530759982,0.0083611684559361,False,False,,
925,4.3364,560069.0,1568.8207282913163,1564.81512605042,1629.7733579951464,1548.4499376146257,0.0525192441841542,-0.3613099765245025,False,False,,
926,4.341088,555564.0,1556.2016806722688,1559.4481792717088,1624.4670779562982,1548.4499376146257,0.0490924107361046,-0.5849273089490872,False,False,,
927,4.345776,556723.0,1559.4481792717088,1556.2016806722688,1621.2812273733855,1548.4499376146257,0.0470349657354478,-0.3871687820798932,False,False,,
928,4.3504640000000006,554673.0,1553.7058823529412,1553.7058823529412,1618.8460583530284,1548.4499376146257,0.0454623162353234,-0.4215142643839398,False,False,,
929,4.355152,553336.0,1549.9607843137255,1549.9607843137255,1615.1615709010025,1548.4499376146257,0.0430828479925839,-0.4859580214993331,False,False,,
930,4.35984,552111.0,1546.529411764706,1546.529411764706,1611.7907902331672,1548.4499376146257,0.0409059738257458,-0.3061426950088775,False,False,,
931,4.364528,551706.0,1545.3949579831933,1545.3949579831933,1610.7169096326063,1548.4499376146257,0.0402124540841808,-0.0697966321281207,False,False,,
932,4.369216000000001,550298.0,1541.450980392157,1545.3949579831933,1610.777464119097,1548.4499376146257,0.0402515606029127,-0.263315684172472,False,False,,
933,4.3739040000000005,552991.0,1548.9943977591035,1541.450980392157,1606.89402232586,1548.4499376146257,0.0377436062293801,-0.4371550936790989,False,False,,
934,4.378592,549397.0,1538.9271708683473,1538.9271708683473,1604.430729916926,1548.4499376146257,0.0361527944445776,-0.1718683787921975,False,False,,
935,4.38328,549364.0,1538.8347338935573,1538.8347338935573,1604.3987913798544,1548.4499376146257,0.0361321683098245,-0.6179428308219665,False,False,,
936,4.387968,546151.0,1529.8347338935573,1529.8347338935573,1595.4592711461792,1548.4499376146257,0.0303589624627911,-0.6115784596325735,False,False,,
937,4.392656000000001,545733.0,1528.6638655462184,1529.8347338935573,1595.5197322468732,1548.4499376146257,0.0303980086723103,-0.0723202592746656,False,False,,
938,4.397344,547079.0,1532.4341736694678,1528.6638655462184,1594.4093063403584,1548.4499376146257,0.0296808877118319,0.055401904250568,False,False,,
939,4.402032,543795.0,1523.235294117647,1530.5182072829132,1596.3240718637658,1548.4499376146257,0.0309174569265636,-0.3655906482657607,False,False,,
940,4.40672,546395.0,1530.5182072829132,1523.235294117647,1589.1015638368583,1548.4499376146257,0.0262531097936923,-0.6306895673581354,False,False,,
941,4.411408000000001,543083.0,1521.2408963585435,1521.2408963585435,1587.1675525735147,1548.4499376146257,0.025004111543014,-0.1558725436530901,False,False,,
942,4.4160960000000005,542944.0,1520.8515406162464,1520.8515406162464,1586.8385646901324,1548.4499376146257,0.0247916488244007,-0.2789693403479503,False,False,,
943,4.420784,541594.0,1517.0700280112044,1517.0700280112044,1583.117401312912,1548.4499376146257,0.0223884950079118,-0.3345379537989532,False,False,,
944,4.425472,541167.0,1515.873949579832,1515.873949579832,1581.981653484018,1548.4499376146257,0.0216550209695818,-0.0740746725848242,False,False,,
945,4.43016,540142.0,1513.002801120448,1515.873949579832,1582.041965466901,1548.4499376146257,0.0216939708777565,-0.1894539603377545,False,False,,
946,4.434848000000001,541947.0,1518.0588235294117,1513.002801120448,1579.231110376552,1548.4499376146257,0.0198787006374546,-0.6303190867156296,False,False,,
947,4.439536,537857.0,1506.6022408963586,1506.6022408963586,1572.890824913393,1548.4499376146257,0.0157840991207108,-0.457256564985685,False,False,,
948,4.444224,536747.0,1503.4929971988795,1506.2436974789916,1572.5925376545968,1548.4499376146257,0.015591463084149,-0.016396564628373,False,False,,
949,4.448912,537729.0,1506.2436974789916,1506.2436974789916,1572.6527752165473,1548.4499376146257,0.0156303649307552,0.0082968949540807,False,False,,
950,4.453600000000001,539032.0,1509.8935574229693,1506.2436974789916,1572.7129941876174,1548.4499376146257,0.0156692547712384,-0.192360836396902,False,False,,
951,4.4582880000000005,536689.0,1503.3305322128851,1503.3305322128851,1569.8600293074387,1548.4499376146257,0.0138267897286981,-0.5008707212158734,False,False,,
952,4.462976,535090.0,1498.8515406162464,1498.8515406162464,1565.4412195173209,1548.4499376146257,0.0109730908891186,-0.654451660934622,False,False,,
953,4.467664,531849.0,1489.7731092436975,1493.708683473389,1560.3585256073118,1548.4499376146257,0.0076906509557754,-0.3459468942309044,False,False,,
954,4.472352,533254.0,1493.708683473389,1493.708683473389,1560.4186702722195,1548.4499376146257,0.0077294928088098,0.0082840996652471,False,False,,
955,4.477040000000001,533431.0,1494.2044817927172,1493.708683473389,1560.4787963749177,1548.4499376146257,0.0077683226742367,-0.9245720631756278,False,False,,
956,4.481728,528101.0,1479.2745098039215,1480.1652661064427,1546.995486554188,1548.4499376146257,-0.0009392948555236,-0.92457461907535,False,False,,
957,4.486416,528419.0,1480.1652661064427,1480.1652661064427,1547.0555755496512,1548.4499376146257,-0.0009004889542133,0.0204315048067971,False,False,,
958,4.491104,529454.0,1483.0644257703082,1480.3417366946778,1547.2921165883204,1548.4499376146257,-0.0007477290664551,0.0204289504843679,False,False,,
959,4.495792000000001,528482.0,1480.3417366946778,1480.3417366946778,1547.3521684994494,1548.4499376146257,-0.0007089471144719,0.0082713241090106,False,False,,
960,4.5004800000000005,526331.0,1474.3165266106444,1480.3417366946778,1547.412201876995,1548.4499376146257,-0.000670177131609,-0.4067401442177122,False,False,,
961,4.505168,528835.0,1481.3305322128851,1474.3165266106444,1541.447006642643,1548.4499376146257,-0.004522542706657,-0.0094840456967143,False,False,,
962,4.509856,523224.0,1465.6134453781513,1480.0840336134454,1547.2745099729802,1548.4499376146257,-0.0007590995440614,-0.5911936542712216,False,False,,
963,4.514544,528390.0,1480.0840336134454,1465.6134453781513,1532.8638995487934,1548.4499376146257,-0.0100655744091037,-0.666827769000332,False,False,,
964,4.519232000000001,523005.0,1465.0,1470.282913165266,1537.593326636301,1548.4499376146257,-0.0070112767062065,-0.0089128838542804,False,False,,
965,4.52392,524891.0,1470.282913165266,1465.3641456582634,1532.7344999246895,1548.4499376146257,-0.0101491416081203,-0.2049400994369704,False,False,,
966,4.528608,523135.0,1465.3641456582634,1467.187675070028,1534.617951632555,1548.4499376146257,-0.0089327950785274,0.0082534714231483,False,False,,
967,4.533296,523786.0,1467.187675070028,1465.3641456582634,1532.8543260233107,1548.4499376146257,-0.0100717570600568,-0.1588330929645929,False,False,,
968,4.537984000000001,522920.0,1464.7619047619048,1464.7619047619048,1532.3119704415983,1548.4499376146257,-0.0104220141581634,-0.0332332200548017,False,False,,
969,4.5426720000000005,519987.0,1456.546218487395,1464.7619047619048,1532.3718372740775,1548.4499376146257,-0.0103833517312908,-0.5576403368711564,False,False,,
970,4.54736,523049.0,1465.12324929972,1456.546218487395,1524.215999355583,1548.4499376146257,-0.0156504499566671,-0.6093501757411379,False,False,,
971,4.552048,519719.0,1455.7955182072828,1455.7955182072828,1523.5251289607254,1548.4499376146257,-0.0160966189790394,-0.2553121061240369,False,False,,
972,4.556736,518621.0,1452.719887955182,1452.719887955182,1520.5093101288185,1548.4499376146257,-0.018044256263686,-0.2308115660852596,False,False,,
973,4.561424000000001,518480.0,1452.3249299719887,1452.3249299719887,1520.174145106457,1548.4499376146257,-0.0182607082226546,-0.0189685533745738,False,False,,
974,4.566112,518284.0,1451.7759103641456,1452.3249299719887,1520.233919613624,1548.4499376146257,-0.0182221054201261,-0.0295826666409579,False,False,,
975,4.5708,519522.0,1455.2436974789916,1451.7759103641456,1519.7446560649787,1548.4499376146257,-0.0185380753050802,-0.3562286729960719,False,False,,
976,4.575488,516591.0,1447.0336134453785,1447.0336134453785,1515.062096763133,1548.4499376146257,-0.0215621054581371,-0.3454267039735172,False,False,,
977,4.580176000000001,510944.0,1431.2156862745098,1446.641456582633,1514.7296590807252,1548.4499376146257,-0.0217767960815356,-0.3936636593960165,False,False,,
978,4.5848640000000005,516451.0,1446.641456582633,1441.1988795518207,1509.3467827993563,1548.4499376146257,-0.0252530959286337,-0.366654925017337,False,False,,
979,4.589552,514508.0,1441.1988795518207,1441.1988795518207,1509.4064651235935,1548.4499376146257,-0.025214552658498,0.0082204186022676,False,False,,
980,4.59424,511037.0,1431.4761904761904,1441.1988795518207,1509.4661290283116,1548.4499376146257,-0.0251760212838189,-0.5215889441812882,False,False,,
981,4.598928,516039.0,1445.4873949579833,1433.5070028011205,1501.8338977684946,1548.4499376146257,-0.0301049705991415,-0.4791451943212181,False,False,,
982,4.603616000000001,511762.0,1433.5070028011205,1434.12324929972,1502.5097713498255,1548.4499376146257,-0.0296684866257738,0.0506590959576427,False,False,,
983,4.608304,511982.0,1434.12324929972,1434.12324929972,1502.5693800300864,1548.4499376146257,-0.0296299909154426,0.0082102751582726,False,False,,
984,4.612992,512169.0,1434.6470588235295,1434.12324929972,1502.6289703135565,1548.4499376146257,-0.0295915070858899,-0.035203233179561,False,False,,
985,4.61768,509408.0,1426.9131652661065,1433.4929971988795,1502.058290105073,1548.4499376146257,-0.0299600564297341,-0.2210047368759973,False,False,,
986,4.622368000000001,511757.0,1433.4929971988795,1430.7955182072828,1499.4203646203955,1548.4499376146257,-0.0316636474988396,0.0082026757900517,False,False,,
987,4.6270560000000005,510794.0,1430.7955182072828,1433.4929971988795,1502.177378739149,1548.4499376146257,-0.0298831481415272,0.008200144230626,False,False,,
988,4.631744,512951.0,1436.8375350140057,1430.7955182072828,1499.539416500618,1548.4499376146257,-0.0315867629465333,0.1432539783556468,False,False,,
989,4.636432,508390.0,1424.06162464986,1435.453781512605,1504.2571781905865,1548.4499376146257,-0.0285399988404647,0.2424214077303568,False,False,,
990,4.64112,512457.0,1435.453781512605,1434.1960784313726,1503.058955131249,1548.4499376146257,-0.0293138198276535,-0.0784364569626911,False,False,,
991,4.645808000000001,512008.0,1434.1960784313726,1434.1960784313726,1503.1184167960605,1548.4499376146257,-0.0292754190609468,-0.3796146791321417,False,False,,
992,4.650496,507572.0,1421.7703081232494,1428.5658263305322,1497.5476080086132,1548.4499376146257,-0.032873087059196,-0.847683980008541,False,False,,
993,4.655184,509998.0,1428.5658263305322,1421.7703081232494,1490.8115147689691,1548.4499376146257,-0.0372233040575066,-0.6344903880009913,False,False,,
994,4.659872,506328.0,1418.2857142857142,1419.235294117647,1488.335907390913,1548.4499376146257,-0.038822068937093,-0.2318320090209762,False,False,,
995,4.664560000000001,506667.0,1419.235294117647,1418.2857142857142,1487.4457158520945,1548.4499376146257,-0.0393969609740872,-0.0439132494571872,False,False,,
996,4.6692480000000005,503861.0,1411.375350140056,1418.4789915966387,1487.698363127359,1548.4499376146257,-0.0392337995640038,0.0214900941524236,False,False,,
997,4.673936,506397.0,1418.4789915966387,1418.4789915966387,1487.7577147685822,1548.4499376146257,-0.0391954698513141,0.0081748715691123,False,False,,
998,4.678624,509889.0,1428.2605042016808,1418.4789915966387,1487.8170480923434,1548.4499376146257,-0.0391571519681718,-0.4421441595287962,False,False,,
999,4.683312,504063.0,1411.9411764705883,1411.9411764705883,1481.3385479782453,1548.4499376146257,-0.0433410134910559,-0.7199769181003992,False,False,,
1000,4.688000000000001,502441.0,1407.3977591036414,1407.90756302521,1477.364231238662,1548.4499376146257,-0.0459076555522812,-0.3047775862766606,False,False,,
1001,4.692688,502623.0,1407.90756302521,1407.3977591036414,1476.9137057223809,1548.4499376146257,-0.0461986081399864,0.0081647843271053,False,False,,
1002,4.697376,499395.0,1398.8655462184877,1407.90756302521,1477.4827697543774,1548.4499376146257,-0.0458311025344302,-0.3402831569878737,False,False,,
1003,4.702064,503223.0,1409.5882352941176,1402.3389355742297,1471.9733841246118,1548.4499376146257,-0.0493891030199046,-0.3754003309500691,False,False,,
1004,4.706752000000001,500635.0,1402.3389355742297,1402.3389355742297,1472.0326076622578,1548.4499376146257,-0.0493508560374176,-0.1610491043923687,False,False,,
1005,4.7114400000000005,499758.0,1399.8823529411766,1399.8823529411766,1469.6352302889247,1548.4499376146257,-0.0508990994226872,-0.4085906450259671,False,False,,
1006,4.716128,498475.0,1396.2885154061626,1396.2885154061626,1466.1005797413457,1548.4499376146257,-0.0531818019251809,-0.5093066224665632,False,False,,
1007,4.720816,496000.0,1389.3557422969188,1392.3697478991596,1462.2409809551325,1548.4499376146257,-0.0556743583149335,-0.261770115344623,False,False,,
1008,4.725504,497076.0,1392.3697478991596,1392.3697478991596,1462.3001314149135,1548.4499376146257,-0.055636158526652,0.2562649976881728,False,False,,
1009,4.730192000000001,500538.0,1402.0672268907565,1395.9719887955182,1465.9615045156816,1548.4499376146257,-0.0532716176966086,0.2562624832619491,False,False,,
1010,4.73488,498362.0,1395.9719887955182,1395.9719887955182,1466.0206184703527,1548.4499376146257,-0.0532334414835874,0.0081421335184543,False,False,,
1011,4.739568,498014.0,1394.997198879552,1395.9719887955182,1466.079714180918,1548.4499376146257,-0.0531952770527396,-0.0590026864792125,False,False,,
1012,4.744256,499614.0,1399.4789915966387,1394.997198879552,1465.164001737042,1548.4499376146257,-0.0537866506720164,-0.0734755233891739,False,False,,
1013,4.748944000000001,496778.0,1391.5350140056023,1394.7871148459385,1465.012976942672,1548.4499376146257,-0.0538841835600365,-0.2303363556644866,False,False,,
1014,4.7536320000000005,497939.0,1394.7871148459385,1391.5350140056023,1461.8199171143606,1548.4499376146257,-0.0559462843427264,-0.2027487802399283,False,False,,
1015,4.75832,496071.0,1389.5546218487395,1391.7254901960785,1462.0694160952676,1548.4499376146257,-0.0557851561235659,-0.1282773516528177,False,False,,
1016,4.763008,496846.0,1391.7254901960785,1389.5546218487395,1459.9575523223891,1548.4499376146257,-0.0571490127918232,-0.1541335076476784,False,False,,
1017,4.767696,496005.0,1389.3697478991596,1389.3697478991596,1459.831664736922,1548.4499376146257,-0.0572303118912705,-0.1558724548497592,False,False,,
1018,4.772384000000001,491774.0,1377.5182072829132,1387.173669467787,1457.6945544649338,1548.4499376146257,-0.0586104729284949,-0.1431410764667218,False,False,,
1019,4.777072,495221.0,1387.173669467787,1387.173669467787,1457.7535044252088,1548.4499376146257,-0.0585724026242228,0.0081195455478555,False,False,,
1020,4.78176,495829.0,1388.87675070028,1387.173669467787,1457.8124361919909,1548.4499376146257,-0.0585343440694382,0.0943601755184735,False,False,,
1021,4.786448,493115.0,1381.2745098039215,1388.4257703081232,1459.1234506112312,1548.4499376146257,-0.0576876816185617,-0.3982121861790908,False,False,,
1022,4.791136000000001,495668.0,1388.4257703081232,1381.2745098039215,1452.0310855036691,1548.4499376146257,-0.0622679815270545,-1.0924044061375833,False,False,,
1023,4.7958240000000005,489964.0,1372.4481792717088,1372.4481792717088,1443.2636321914429,1548.4499376146257,-0.067930065330508,-0.5998370531535206,False,False,,
1024,4.800512,487641.0,1365.9411764705883,1372.4481792717088,1443.322491240386,1548.4499376146257,-0.0678920537374217,0.3901235987748794,False,False,,
1025,4.8052,492301.0,1378.9943977591035,1377.9943977591035,1448.9275506112888,1548.4499376146257,-0.0642722664683949,0.4589998428368034,False,False,,
1026,4.809888,491944.0,1377.9943977591035,1378.9943977591035,1449.9863733349678,1548.4499376146257,-0.063588471210984,0.2048984378884064,False,False,,
1027,4.814576000000001,492964.0,1380.8515406162464,1380.8515406162464,1451.9023207615653,1548.4499376146257,-0.062351138714753,1.108037143267234,False,False,,
1028,4.819264,498002.0,1394.9635854341736,1394.9635854341736,1466.0731520003258,1548.4499376146257,-0.0531995149557114,2.364251774807091,True,False,1028.0,3.0
1029,4.823952,505176.0,1415.0588235294117,1415.0588235294117,1486.2271583733768,1548.4499376146257,-0.0401839140741626,2.1676457960897606,False,False,,
1030,4.82864,509195.0,1426.3165266106444,1426.3165266106444,1497.5436115950015,1548.4499376146257,-0.0328756679715746,1.2033408525017388,False,False,,
1031,4.833328000000001,511371.0,1432.4117647058824,1432.4117647058824,1503.6975816988083,1548.4499376146257,-0.0289013902411063,1.1064836476907378,False,False,,
1032,4.8380160000000005,514888.0,1442.2633053221289,1442.2633053221289,1513.6078361973962,1548.4499376146257,-0.0225012772908262,0.7306385812936949,False,False,,
1033,4.842704,515116.0,1442.9019607843138,1442.9019607843138,1514.3051874212897,1548.4499376146257,-0.0220509229028969,0.9685282253194774,False,False,,
1034,4.847392,519866.0,1456.2072829131653,1456.2072829131653,1527.669187196809,1548.4499376146257,-0.0134203566502312,1.3443682999808138,False,False,,
1035,4.85208,522042.0,1462.3025210084031,1462.3025210084031,1533.823084829265,1548.4499376146257,-0.0094461257222774,0.4827061975718544,False,False,,
1036,4.856768000000001,522326.0,1463.0980392156862,1463.0980392156862,1534.6772444699054,1548.4499376146257,-0.0088945033417979,1.140428201092264,False,False,,
1037,4.861456,527911.0,1478.7422969187676,1478.7422969187676,1550.3801255080707,1548.4499376146257,0.0012465290911624,1.451441222909503,False,False,,
1038,4.866144,529807.0,1484.0532212885155,1484.0532212885155,1555.7496551202148,1548.4499376146257,0.004714209564201,0.373881876628475,False,False,,
1039,4.870832,531152.0,1487.8207282913163,1484.0532212885155,1555.8082422755072,1548.4499376146257,0.0047520455664308,0.2675707324336792,False,False,,
1040,4.875520000000001,529288.0,1482.5994397759105,1487.8207282913163,1559.6343183520787,1548.4499376146257,0.0072229527514997,1.1097411459557356,False,False,,
1041,4.8802080000000005,535987.0,1501.3641456582634,1500.047619047619,1571.9197601062103,1548.4499376146257,0.0151569785509113,0.9409182001147988,False,False,,
1042,4.884896,535517.0,1500.047619047619,1501.3641456582634,1573.294819644321,1548.4499376146257,0.0160450017957757,0.3777306695252915,False,False,,
1043,4.889584,537433.0,1505.4145658263303,1505.4145658263303,1577.403754675069,1548.4499376146257,0.0186985813083803,0.3134799391887191,False,False,,
1044,4.894272,537570.0,1505.7983193277312,1505.7983193277312,1577.84600497994,1548.4499376146257,0.018984189705609,0.6036556986583768,False,False,,
1045,4.898960000000001,540520.0,1514.06162464986,1514.06162464986,1586.1677890519024,1548.4499376146257,0.0243584571390025,1.3065251225068586,False,False,,
1046,4.9036480000000005,546113.0,1529.7282913165266,1524.6498599439776,1596.8144850477884,1548.4499376146257,0.0312341692542337,1.0871525124990216,False,False,,
1047,4.908336,544300.0,1524.6498599439776,1529.7282913165266,1601.951359079611,1548.4499376146257,0.0345515990961929,0.5201062324649901,False,False,,
1048,4.913024,548835.0,1537.3529411764705,1532.0840336134454,1604.3655259988768,1548.4499376146257,0.0361106852898252,0.5332235092885567,False,False,,
1049,4.917712000000001,546954.0,1532.0840336134454,1537.3529411764705,1609.692840152889,1548.4499376146257,0.039551102719283,0.8536904858655401,False,False,,
1050,4.9224000000000006,551337.0,1544.361344537815,1544.361344537815,1616.7596320794255,1548.4499376146257,0.0441148872853008,0.8374812392721385,False,False,,
1051,4.927088,553134.0,1549.3949579831933,1549.3949579831933,1621.8516160697643,1548.4499376146257,0.0474033268186982,0.7302054159674078,False,False,,
1052,4.931776,555080.0,1554.8459383753502,1554.8459383753502,1627.3609489922117,1548.4499376146257,0.0509612932654109,0.4571961399262045,False,False,,
1053,4.936464,557610.0,1561.9327731092435,1555.9159663865546,1628.489311524596,1548.4499376146257,0.0516899978266462,0.4961670675767937,False,False,,
1054,4.941152000000001,555462.0,1555.9159663865546,1561.9327731092435,1634.564434764913,1548.4499376146257,0.0556133556910118,1.0095717121311436,False,False,,
1055,4.9458400000000005,560653.0,1570.4565826330531,1570.4565826330531,1643.1465428083536,1548.4499376146257,0.0611557421995879,0.7311601837905553,False,False,,
1056,4.950528,561358.0,1572.4313725490197,1572.4313725490197,1645.1796132515103,1548.4499376146257,0.0624687135742317,0.6424063800717255,False,False,,
1057,4.955216,563941.0,1579.6666666666667,1579.6666666666667,1652.4731699094596,1548.4499376146257,0.0671789444191402,0.799262223577097,False,False,,
1058,4.959904000000001,565459.0,1583.9187675070027,1583.9187675070027,1656.7835153087603,1548.4499376146257,0.0699625961824906,0.315950898206558,False,False,,
1059,4.964592000000001,565537.0,1584.137254901961,1584.137254901961,1657.0602292868955,1548.4499376146257,0.0701413000407255,0.5171824059949142,False,False,,
1060,4.96928,568098.0,1591.310924369748,1591.310924369748,1664.29210736762,1548.4499376146257,0.0748116984210987,0.6040018797079849,False,False,,
1061,4.973968,568626.0,1592.7899159663866,1592.7899159663866,1665.8292896125022,1548.4499376146257,0.0758044216648674,0.1326526918070261,False,False,,
1062,4.978656,568744.0,1593.1204481792718,1593.1204481792718,1666.2179945144817,1548.4499376146257,0.0760554500594813,0.7606623149804683,False,False,,
1063,4.983344000000001,572527.0,1603.717086834734,1603.717086834734,1676.872787905431,1548.4499376146257,0.0829363915301259,1.0508380889957607,False,False,,
1064,4.9880320000000005,574149.0,1608.2605042016808,1608.2605042016808,1681.4743420597997,1548.4499376146257,0.0859081079819069,0.7066348240582823,False,False,,
1065,4.99272,576927.0,1616.0420168067226,1613.859943977591,1687.1319006806052,1548.4499376146257,0.089561799640496,0.5439859018460922,False,False,,
1066,4.997408,576148.0,1613.859943977591,1616.0420168067226,1689.3720744176428,1548.4499376146257,0.0910085197976156,0.1459530301370364,False,False,,
1067,5.002096000000001,578950.0,1621.708683473389,1615.862745098039,1689.2508856854124,1548.4499376146257,0.0909302552510607,-0.0020326280747244,False,False,,
1068,5.006784000000001,576863.0,1615.862745098039,1615.8963585434174,1689.3425641813246,1548.4499376146257,0.090989461876787,0.0103129133820889,False,False,,
1069,5.011472,576875.0,1615.8963585434174,1615.8963585434174,1689.4006113114715,1548.4499376146257,0.0910269491269311,0.7720283431488095,False,False,,
1070,5.01616,582503.0,1631.6610644257703,1626.988795518207,1700.551077501553,1548.4499376146257,0.0982279996221499,0.7720258756240348,False,False,,
1071,5.020848,580835.0,1626.988795518207,1626.988795518207,1700.6090888075175,1548.4499376146257,0.0982654637367818,0.0079902588376974,False,False,,
1072,5.025536000000001,580606.0,1626.3473389355745,1626.988795518207,1700.667082209682,1548.4499376146257,0.0983029162890121,0.7812819507379434,False,False,,
1073,5.0302240000000005,584843.0,1638.2156862745098,1638.2156862745098,1711.951948469875,1548.4499376146257,0.1055907633068997,0.7812794854969862,False,False,,
1074,5.034912,585428.0,1639.8543417366948,1638.2156862745098,1712.0099060810153,1548.4499376146257,0.1056281927450316,0.1208513966409547,False,False,,
1075,5.0396,583869.0,1635.4873949579833,1639.8543417366948,1713.7065012671126,1548.4499376146257,0.1067238660018053,0.4995855676424519,False,False,,
1076,5.044288000000001,590061.0,1652.8319327731092,1645.3529411764705,1719.263022549093,1548.4499376146257,0.1103123070272479,0.3867145711572259,False,False,,
1077,5.048976000000001,587391.0,1645.3529411764705,1645.3529411764705,1719.3209265151088,1548.4499376146257,0.1103497018209763,0.0079754742373694,False,False,,
1078,5.053664,587245.0,1644.9439775910364,1645.3529411764705,1719.3788126104528,1548.4499376146257,0.1103870850736975,0.3724322603724666,False,False,,
1079,5.058352,590078.0,1652.8795518207282,1650.6442577030812,1724.727997367251,1548.4499376146257,0.1138416266942284,0.5263940556825997,False,False,,
1080,5.06304,589280.0,1650.6442577030812,1652.8795518207282,1727.021141855443,1548.4499376146257,0.1153225557397773,0.2823254506163923,False,False,,
1081,5.067728000000001,591150.0,1655.8823529411766,1654.6274509803925,1728.826873531521,1548.4499376146257,0.1164887101192077,0.2147948090040863,False,False,,
1082,5.0724160000000005,590702.0,1654.6274509803925,1655.8823529411766,1730.1395901600986,1548.4499376146257,0.1173364718689998,0.2994919851629447,False,False,,
1083,5.077104,592213.0,1658.859943977591,1658.859943977591,1733.1749780211944,1548.4499376146257,0.1192967469720954,0.2130534539819173,False,False,,
1084,5.081792,592693.0,1660.2044817927172,1658.859943977591,1733.2327570082705,1548.4499376146257,0.1193340610535342,0.1005683388995066,False,False,,
1085,5.086480000000001,589951.0,1652.5238095238096,1660.2044817927172,1734.635055978373,1548.4499376146257,0.1202396757176174,0.4887564630374772,False,False,,
1086,5.091168000000001,594705.0,1665.8403361344538,1665.8403361344538,1740.328653648489,1548.4499376146257,0.1239166416509733,0.5130641533517277,False,False,,
1087,5.095856,595311.0,1667.5378151260504,1667.5378151260504,1742.0838581473706,1548.4499376146257,0.125050165219443,0.2471935975463406,False,False,,
1088,5.100544,595945.0,1669.313725490196,1669.313725490196,1743.9174762032062,1548.4499376146257,0.1262343288215677,0.3095100092129605,False,False,,
1089,5.105232,596874.0,1671.9159663865546,1671.9159663865546,1746.5774069811584,1548.4499376146257,0.1279521310658236,0.8528200183557928,False,False,,
1090,5.109920000000001,600324.0,1681.579831932773,1681.579831932773,1756.2989446043705,1548.4499376146257,0.1342303693136729,0.8678667038207575,False,False,,
1091,5.1146080000000005,601381.0,1684.5406162464983,1684.4005602240895,1759.1773271735765,1548.4499376146257,0.1360892492808483,0.2022293109312958,False,False,,
1092,5.119296,601331.0,1684.4005602240895,1684.4005602240895,1759.2349636578538,1548.4499376146257,0.1361264713329647,0.0079386323099619,False,False,,
1093,5.123984,600537.0,1682.1764705882354,1684.4005602240895,1759.2925823540113,1548.4499376146257,0.1361636818973865,0.1458866121065511,False,False,,
1094,5.128672000000001,602046.0,1686.403361344538,1686.403361344538,1761.3529843879871,1548.4499376146257,0.137494304208076,0.2184287245134051,False,False,,
1095,5.133360000000001,603641.0,1690.8711484593837,1687.4565826330531,1762.463788812888,1548.4499376146257,0.1382116696184244,0.3156668586870506,False,False,,
1096,5.138048,602422.0,1687.4565826330531,1690.8711484593837,1765.9359200039487,1548.4499376146257,0.1404539966751257,0.5535565507797156,False,False,,
1097,5.142736,605250.0,1695.3781512605042,1695.3781512605042,1770.5004704036287,1548.4499376146257,0.1434018158385348,0.318363091138794,False,False,,
1098,5.147424,608200.0,1703.641456582633,1695.3781512605042,1770.5580002415008,1548.4499376146257,0.1434389690176429,0.5431330235799745,False,False,,
1099,5.152112000000001,600578.0,1682.291316526611,1703.1484593837536,1778.3858204474163,1548.4499376146257,0.1484942310676218,0.1777066421498219,False,False,,
1100,5.1568000000000005,608024.0,1703.1484593837536,1697.843137254902,1773.1379926515042,1548.4499376146257,0.1451051464944413,-0.1169116157833052,False,False,,
1101,5.161488,606130.0,1697.843137254902,1701.3361344537816,1776.6884664390752,1548.4499376146257,0.1473980677580376,0.2485098760856274,False,False,,
1102,5.166176,607377.0,1701.3361344537816,1701.3361344537816,1776.7459252889944,1548.4499376146257,0.14743517509262,0.2294066040633033,False,False,,
1103,5.170864000000001,608525.0,1704.5518207282912,1704.5518207282912,1780.019052680126,1548.4499376146257,0.1495489840777357,0.6743184150693011,False,False,,
1104,5.175552000000001,610831.0,1711.011204481793,1711.011204481793,1786.535859822425,1548.4499376146257,0.1537575845523097,0.4528235348645175,False,False,,
1105,5.18024,613172.0,1717.5686274509803,1711.011204481793,1786.5932654888693,1548.4499376146257,0.1537946575406252,-0.1234837089534899,False,False,,
1106,5.184928,610150.0,1709.1036414565826,1709.1036414565826,1784.74309041322,1548.4499376146257,0.1525998012971618,-0.123486149210322,False,False,,
1107,5.189616,609857.0,1708.282913165266,1709.1036414565826,1784.800460651365,1548.4499376146257,0.1526368514056293,0.1493252683901573,False,False,,
1108,5.194304000000001,611547.0,1713.0168067226891,1711.156862745098,1786.9110344720764,1548.4499376146257,0.1539998750135883,0.2774334386331354,False,False,,
1109,5.1989920000000005,610883.0,1711.156862745098,1713.0168067226891,1788.828313281378,1548.4499376146257,0.1552380673262537,0.2137615714663852,False,False,,
1110,5.20368,613534.0,1718.5826330532211,1714.1456582633052,1790.0144819586826,1548.4499376146257,0.156004103507657,0.276656812732682,False,False,,
1111,5.208368,611950.0,1714.1456582633052,1716.9187675070027,1792.8448906495078,1548.4499376146257,0.1578320016024352,0.1989004975878643,False,False,,
1112,5.213056000000001,612940.0,1716.9187675070027,1716.9187675070027,1792.902172412534,1548.4499376146257,0.1578689945730406,0.8656906291392445,False,False,,
1113,5.217744000000001,618470.0,1732.408963585434,1729.3725490196075,1805.4132180095216,1548.4499376146257,0.1659487169412437,0.8656881941493424,False,False,,
1114,5.222432,617386.0,1729.3725490196075,1729.3725490196075,1805.470464420716,1548.4499376146257,0.1659856870813845,0.007884905112391,False,False,,
1115,5.22712,616712.0,1727.484593837535,1729.3725490196075,1805.5276931641777,1548.4499376146257,0.1660226458115774,0.2969030925179083,False,False,,
1116,5.231808,618884.0,1733.5686274509803,1733.5686274509803,1809.7809826767311,1548.4499376146257,0.1687694504768323,0.2969006597819188,False,False,,
1117,5.236496000000001,622942.0,1744.9355742296918,1733.5686274509803,1809.8381761010824,1548.4499376146257,0.1688063863976923,0.2612047599294875,False,False,,
1118,5.2411840000000005,618025.0,1731.1624649859943,1737.2464985994395,1813.5732230225135,1548.4499376146257,0.1712185063059308,-0.157858277832986,False,False,,
1119,5.245872,620197.0,1737.2464985994395,1731.1624649859943,1807.5463475361069,1548.4499376146257,0.1673263071847303,-0.1800485396942122,False,False,,
1120,5.25056,617405.0,1729.4257703081232,1734.5182072829132,1810.9592303195784,1548.4499376146257,0.169530371197758,0.2390096370994605,False,False,,
1121,5.255248000000001,619223.0,1734.5182072829132,1734.5182072829132,1811.016353171089,1548.4499376146257,0.1695672615421746,0.5970995127724628,False,False,,
1122,5.259936000000001,622362.0,1743.310924369748,1743.0728291316527,1819.6280802417389,1548.4499376146257,0.1751287762295119,0.5970970845377543,False,False,,
1123,5.264624,622277.0,1743.0728291316527,1743.0728291316527,1819.6851678394912,1548.4499376146257,0.1751656438068004,0.0078630307468543,False,False,,
1124,5.269312,619086.0,1734.1344537815123,1743.0728291316527,1819.742237818524,1548.4499376146257,0.1752025000057944,-0.230803286539345,False,False,,
1125,5.274,622808.0,1744.5602240896358,1739.6078431372548,1816.3343041898777,1548.4499376146257,0.1730016321922075,-0.131442815490665,False,False,,
1126,5.278688000000001,621040.0,1739.6078431372548,1741.0504201680671,1817.8339159785955,1548.4499376146257,0.1739700921677544,0.1072186498211245,False,False,,
1127,5.2833760000000005,621555.0,1741.0504201680671,1741.0504201680671,1817.8909331340897,1548.4499376146257,0.1740069142529306,0.4938633042823497,False,False,,
1128,5.288064,624074.0,1748.1064425770307,1748.1064425770307,1825.003955101568,1548.4499376146257,0.1786005545087056,0.4938608805407369,False,False,,
1129,5.292752,624326.0,1748.812324929972,1748.1064425770307,1825.0609370685352,1548.4499376146257,0.1786373538688804,0.0549252716121912,False,False,,
1130,5.29744,622378.0,1743.3557422969188,1748.7899159663866,1825.801374838739,1548.4499376146257,0.1791155338553414,0.0292621400348203,False,False,,
1131,5.302128000000001,624318.0,1748.7899159663866,1748.4173669467789,1825.485772619288,1548.4499376146257,0.1789117156938467,0.00784363781624,False,False,,
1132,5.306816,624185.0,1748.4173669467789,1748.7899159663866,1825.9152508637872,1548.4499376146257,0.1791890758035064,0.4662611070791946,False,False,,
1133,5.311504,626561.0,1755.0728291316527,1755.0728291316527,1832.2550756841035,1548.4499376146257,0.1832833798338211,0.7506488040284367,False,False,,
1134,5.316192,628714.0,1761.1036414565826,1759.5742296918768,1836.8133703349588,1548.4499376146257,0.1862271589900767,0.3178872040893061,False,False,,
1135,5.320880000000001,628168.0,1759.5742296918768,1759.5742296918768,1836.870246866592,1548.4499376146257,0.1862638902593621,-0.1536548655968594,False,False,,
1136,5.3255680000000005,623962.0,1747.7927170868347,1757.2296918767506,1834.5825680295204,1548.4499376146257,0.1847864909702408,-0.2381639802571733,False,False,,
1137,5.330256,627331.0,1757.2296918767506,1756.002801120448,1833.4125187031111,1548.4499376146257,0.1840308647804709,0.0078291245129094,False,False,,
1138,5.334944,626893.0,1756.002801120448,1757.2296918767506,1834.6962333465617,1548.4499376146257,0.1848598968416738,0.0078267082412004,False,False,,
1139,5.339632,629711.0,1763.8963585434174,1756.002801120448,1833.5261489400757,1548.4499376146257,0.1841042479969404,0.4670159333855004,False,False,,
1140,5.344320000000001,624606.0,1749.596638655462,1763.8963585434174,1841.4764951809425,1548.4499376146257,0.1892386382330977,-0.009156636510422,False,False,,
1141,5.349008,630719.0,1766.719887955182,1755.7563025210084,1833.393210449923,1548.4499376146257,0.1840183953730207,0.1322642572745067,False,False,,
1142,5.353696,626805.0,1755.7563025210084,1765.703081232493,1843.3967429316983,1548.4499376146257,0.1904787479093034,0.2898919155926158,False,False,,
1143,5.358384,630356.0,1765.703081232493,1759.8515406162464,1837.601938570051,1548.4499376146257,0.1867364219736169,0.0078146380638202,False,False,,
1144,5.363072000000001,628267.0,1759.8515406162464,1765.703081232493,1843.5101979306112,1548.4499376146257,0.1905520179557912,0.5368473013547757,False,False,,
1145,5.3677600000000005,631009.0,1767.532212885154,1767.532212885154,1845.396030822704,1548.4499376146257,0.1917699022711201,0.5389672046040275,False,False,,
1146,5.372448,633953.0,1775.778711484594,1773.4145658263303,1851.335067503834,1548.4499376146257,0.1956053744661584,0.5405082956048943,False,False,,
1147,5.377136,633109.0,1773.4145658263303,1775.266106442577,1853.2432743659551,1548.4499376146257,0.1968377080507113,0.0078049953258947,False,False,,
1148,5.381824,633770.0,1775.266106442577,1773.4145658263303,1851.4483825069049,1548.4499376146257,0.1956785541023339,0.0078025865010218,False,False,,
1149,5.386512000000001,632937.0,1772.9327731092435,1775.266106442577,1853.356554397065,1548.4499376146257,0.1969108651017454,-0.0253850998136897,False,False,,
1150,5.3912,634507.0,1777.3305322128851,1772.9327731092435,1851.07983485976,1548.4499376146257,0.1954405434064813,-0.1218563392254274,False,False,,
1151,5.395888,631142.0,1767.904761904762,1773.3837535014006,1851.5874115754536,1548.4499376146257,0.1957683400651678,-0.1560087123747102,False,False,,
1152,5.400576,633098.0,1773.3837535014006,1770.5546218487395,1848.8148587792296,1548.4499376146257,0.1939778057192561,0.0077929586337432,False,False,,
1153,5.405264000000001,632088.0,1770.5546218487395,1773.3837535014006,1851.7005518266192,1548.4499376146257,0.1958414068453185,0.4185548404932859,False,False,,
1154,5.4099520000000005,634499.0,1777.3081232492998,1776.5182072829132,1854.8915495465417,1548.4499376146257,0.1979021759037213,0.2780938166264484,False,False,,
1155,5.41464,634217.0,1776.5182072829132,1777.3081232492998,1855.7379920004057,1548.4499376146257,0.1984488144700079,0.0077857455305192,False,False,,
1156,5.419328,637705.0,1786.2885154061626,1776.5182072829132,1855.004585075951,1548.4499376146257,0.1979751750538155,0.0390392442385518,False,False,,
1157,5.424016,627193.0,1756.843137254902,1777.7619047619048,1856.304774156712,1548.4499376146257,0.1988148464239886,0.0934452633858597,False,False,,
1158,5.428704000000001,634661.0,1777.7619047619048,1777.7619047619048,1856.3612483237025,1548.4499376146257,0.1988513178433212,0.3160929264109313,False,False,,
1159,5.433392,636259.0,1782.2380952380952,1782.2380952380952,1860.8938955374845,1548.4499376146257,0.2017785337020171,0.3270879726075719,False,False,,
1160,5.43808,636956.0,1784.190476190476,1782.3977591036414,1861.109998716603,1548.4499376146257,0.2019180946744896,0.1422512904356807,False,False,,
1161,5.442768,636316.0,1782.3977591036414,1784.190476190476,1862.959137698368,1548.4499376146257,0.203112281801142,0.3334501164274073,False,False,,
1162,5.447456000000001,638004.0,1787.126050420168,1787.126050420168,1865.9511164097244,1548.4499376146257,0.2050445229661133,0.2099676129354861,False,False,,
1163,5.4521440000000005,638422.0,1788.296918767507,1787.126050420168,1866.007503483497,1548.4499376146257,0.2050809381400256,-0.3873697929617918,False,False,,
1164,5.456832,635956.0,1781.3893557422969,1781.3893557422969,1860.327178476879,1548.4499376146257,0.2014125437873037,-0.4062800810057076,False,False,,
1165,5.46152,633954.0,1775.781512605042,1781.1148459383753,1860.1090209470624,1548.4499376146257,0.2012716561005162,-0.0111461410498918,False,False,,
1166,5.466208,635858.0,1781.1148459383753,1781.1148459383753,1860.1653558293872,1548.4499376146257,0.2013080375688199,0.0077593545583525,False,False,,
1167,5.470896000000001,642195.0,1798.8655462184877,1781.1148459383753,1860.2216733253013,1548.4499376146257,0.2013444078088553,0.8404759182790755,False,False,,
1168,5.4755840000000005,634072.0,1776.1120448179272,1793.2044817927172,1872.367609294511,1548.4499376146257,0.2091883397786035,0.7274120530889086,False,False,,
1169,5.480272,640174.0,1793.2044817927172,1791.563025210084,1870.7824354510644,1548.4499376146257,0.2081646232186166,-0.0140497834898987,False,False,,
1170,5.48496,639588.0,1791.563025210084,1792.8879551820728,1872.1636307919207,1548.4499376146257,0.2090566090086022,0.0990092951780639,False,False,,
1171,5.489648000000001,640061.0,1792.8879551820728,1792.8879551820728,1872.21987879583,1548.4499376146257,0.209092934370206,0.0077473882524827,False,False,,
1172,5.4943360000000006,640563.0,1794.2941176470588,1792.8879551820728,1872.2761094401408,1548.4499376146257,0.2091292485208575,-0.0154075224909497,False,False,,
1173,5.499024,639941.0,1792.5518207282912,1792.5518207282912,1871.9961882764287,1548.4499376146257,0.2089484734393309,-0.0557338846055515,False,False,,
1174,5.503712,639666.0,1791.781512605042,1791.9663865546215,1871.4669500439436,1548.4499376146257,0.2086066876187958,-0.0325837544779865,False,False,,
1175,5.5084,639732.0,1791.9663865546215,1791.9663865546215,1871.5231286415972,1548.4499376146257,0.2086429681573453,0.1248509906335115,False,False,,
1176,5.513088000000001,640339.0,1793.6666666666667,1793.6666666666667,1873.2795700131176,1548.4499376146257,0.2097772905069759,0.1248486025381261,False,False,,
1177,5.5177760000000005,642624.0,1800.0672268907565,1793.6666666666667,1873.3357139397656,1548.4499376146257,0.209813548654743,-0.1734354135918288,False,True,1028.0,3.0
1178,5.522464,638871.0,1789.5546218487395,1791.0364145658264,1870.7615884380955,1548.4499376146257,0.208151160069139,-0.1734378002133567,False,False,,
1179,5.527152,639400.0,1791.0364145658264,1791.0364145658264,1870.817697715136,1548.4499376146257,0.2081873958399427,0.0077282805359253,False,False,,
1180,5.531840000000001,640982.0,1795.467787114846,1791.0364145658264,1870.8737896753923,1548.4499376146257,0.2082236204274438,-0.0816042431129027,False,False,,
1181,5.536528000000001,638389.0,1788.2044817927172,1789.7394957983192,1869.6329455567015,1548.4499376146257,0.2074222744565162,-0.0816066275253888,False,False,,
1182,5.541216,638937.0,1789.7394957983192,1789.7394957983192,1869.6890028994217,1548.4499376146257,0.2074584766877658,0.725063362597627,False,False,,
1183,5.545904,643243.0,1801.8011204481793,1800.1540616246498,1880.159608767716,1548.4499376146257,0.2142204685442313,0.7250609796566678,False,False,,
1184,5.550592,642655.0,1800.1540616246498,1800.1540616246498,1880.215631514264,1548.4499376146257,0.2142566484330264,-0.5516099262109755,False,False,,
1185,5.555280000000001,639756.0,1792.0336134453785,1792.0336134453785,1872.1511887914617,1548.4499376146257,0.2090485738760759,-0.551612307681264,False,False,,
1186,5.5599680000000005,638142.0,1787.5126050420167,1792.0336134453785,1872.2071769631889,1548.4499376146257,0.2090847314362056,0.232291041013493,False,False,,
1187,5.564656,640920.0,1795.2941176470588,1795.2941176470588,1875.5236520571889,1548.4499376146257,0.2112265346766183,0.232288661012916,False,False,,
1188,5.569344,642841.0,1800.6750700280113,1795.2941176470588,1875.579605675433,1548.4499376146257,0.2112626699218626,-0.0096575490937524,False,False,,
1189,5.574032000000001,640830.0,1795.0420168067226,1795.0420168067226,1875.3834411845976,1548.4499376146257,0.2111359854963153,-0.3233765695289108,False,False,,
1190,5.578720000000001,639204.0,1790.4873949579833,1790.4873949579833,1870.8847384219448,1548.4499376146257,0.20823069120596,-0.3060145575532651,False,False,,
1191,5.583408,638050.0,1787.2549019607843,1790.4873949579833,1870.940640249945,1548.4499376146257,0.208266793004696,0.0713691364549262,False,False,,
1192,5.588096,639987.0,1792.6806722689075,1791.4117647058824,1871.9208945730848,1548.4499376146257,0.2088998482293613,0.0713667601247394,False,False,,
1193,5.592784,639534.0,1791.4117647058824,1791.4117647058824,1871.97676190089,1548.4499376146257,0.2089359277476255,-0.2984971176422171,False,False,,
1194,5.597472000000001,637947.0,1786.9663865546215,1786.9663865546215,1867.5872338353224,1548.4499376146257,0.2061011392543472,-0.4026858311453303,False,False,,
1195,5.6021600000000005,636090.0,1781.764705882353,1785.453781512605,1866.1304616422085,1548.4499376146257,0.2051603453948063,-0.0964961322743889,False,False,,
1196,5.606848,637407.0,1785.453781512605,1785.453781512605,1866.1862772596396,1548.4499376146257,0.2051963915181426,0.0076878329671643,False,False,,
1197,5.611536,637860.0,1786.7226890756303,1785.453781512605,1866.2420756509175,1548.4499376146257,0.2052324265167064,0.0406778008708776,False,False,,
1198,5.616224000000001,635563.0,1780.2885154061626,1785.9327731092435,1866.776848417998,1548.4499376146257,0.205577786579108,0.0406754289376891,False,False,,
1199,5.620912000000001,637578.0,1785.9327731092435,1785.9327731092435,1866.8326123729175,1548.4499376146257,0.2056137993384262,0.007680717167382,False,False,,
1200,5.6256,639462.0,1791.2100840336134,1785.9327731092435,1866.888359117629,1548.4499376146257,0.2056498009832693,-0.2437194296857932,False,False,,
1201,5.630288,634862.0,1778.3249299719887,1782.282913165266,1863.2942287134656,1548.4499376146257,0.2033286859656923,-0.2437217994235467,False,False,,
1202,5.634976,636275.0,1782.282913165266,1782.282913165266,1863.3499410536924,1548.4499376146257,0.2033646653918743,0.0076736079539365,False,False,,
1203,5.639664000000001,637573.0,1785.9187675070027,1782.282913165266,1863.4056361996404,1548.4499376146257,0.2034006337138685,-0.1231404966131464,False,False,,
1204,5.6443520000000005,635597.0,1780.3837535014006,1780.3837535014006,1861.5621544927503,1548.4499376146257,0.2022101000956296,-0.1231428641574687,False,False,,
1205,5.64904,633488.0,1774.4761904761904,1780.3837535014006,1861.6178152660584,1548.4499376146257,0.2022460462195281,0.1340406753371432,False,False,,
1206,5.653728,636252.0,1782.218487394958,1782.218487394958,1863.5081927545596,1548.4499376146257,0.2034668654675906,0.184009164268101,False,False,,
1207,5.658416000000001,636825.0,1783.8235294117646,1782.9439775910364,1864.2893093725197,1548.4499376146257,0.2039713161437057,0.1182150554409489,False,False,,
1208,5.663104000000001,636511.0,1782.9439775910364,1783.8235294117646,1865.2244704473671,1548.4499376146257,0.204575249827405,0.0076594092616382,False,False,,
1209,5.667792,637098.0,1784.5882352941176,1782.9439775910364,1864.400510718294,1548.4499376146257,0.2040431307649428,-0.1536388418586156,False,False,,
1210,5.67248,635989.0,1781.4817927170868,1781.4817927170868,1862.9939007788323,1548.4499376146257,0.2031347320461386,-0.0930587784799712,False,False,,
1211,5.677168,634862.0,1778.3249299719887,1781.4817927170868,1863.0494585614488,1548.4499376146257,0.2031706116579147,-0.2097884277232644,False,False,,
1212,5.681856000000001,636280.0,1782.296918767507,1778.3249299719887,1859.948136452388,1548.4499376146257,0.2011677557478048,-0.7868673428928759,False,False,,
1213,5.6865440000000005,631871.0,1769.9467787114845,1769.9467787114845,1851.625508686635,1548.4499376146257,0.1957929434509513,-0.569428956375198,False,False,,
1214,5.691232,628772.0,1761.266106442577,1769.9467787114845,1851.6810150453896,1548.4499376146257,0.1958287898528312,-0.022838914093672,False,False,,
1215,5.69592,634034.0,1776.0056022408965,1769.5042016806722,1851.293927242624,1548.4499376146257,0.195578805792409,-0.022841273612844,False,False,,
1216,5.700608000000001,631713.0,1769.5042016806722,1769.5042016806722,1851.3493993452505,1548.4499376146257,0.1956146300714372,-0.2782930997347996,False,False,,
1217,5.705296000000001,628892.0,1761.6022408963586,1765.3529411764705,1847.2535938235392,1548.4499376146257,0.1929695296892959,-0.2782954577977605,False,False,,
1218,5.709984,630231.0,1765.3529411764705,1765.3529411764705,1847.3090316911785,1548.4499376146257,0.1930053318591255,0.0076358031332333,False,False,,
1219,5.714672,631428.0,1768.7058823529412,1765.3529411764705,1847.364452449248,1548.4499376146257,0.1930411229794731,0.2385798305097992,False,False,,
1220,5.71936,629957.0,1764.5854341736697,1768.7058823529412,1850.772797279499,1548.4499376146257,0.1952422563499853,0.3292581767786089,False,False,,
1221,5.724048000000001,632084.0,1770.5434173669469,1770.0224089635851,1852.144710444913,1548.4499376146257,0.1961282476449493,0.0983094376410349,False,False,,
1222,5.7287360000000005,631898.0,1770.0224089635851,1770.0224089635851,1852.20007990595,1548.4499376146257,0.1961640056373078,-0.3919475213834964,False,False,,
1223,5.733424,629827.0,1764.221288515406,1764.221288515406,1846.45431183035,1548.4499376146257,0.1924533476844578,-0.6524157216820647,False,False,,
1224,5.738112,623073.0,1745.3025210084031,1760.4397759103642,1842.7281345147037,1548.4499376146257,0.1900469558308171,-0.6213551107276558,False,False,,
1225,5.742800000000001,628477.0,1760.4397759103642,1755.089635854342,1837.4333126701656,1548.4499376146257,0.1866275221662748,-0.1467308091726025,False,False,,
1226,5.747488000000001,626567.0,1755.089635854342,1758.1988795518207,1840.5978575064885,1548.4499376146257,0.1886712077640136,0.2096227049859784,False,False,,
1227,5.752176,627677.0,1758.1988795518207,1758.0224089635851,1840.476670989725,1548.4499376146257,0.1885929446482233,-0.0045404530129324,False,False,,
1228,5.756864,627614.0,1758.0224089635851,1758.0224089635851,1840.5319379990935,1548.4499376146257,0.1886286364765644,-0.0548995334253135,False,False,,
1229,5.761552,624595.0,1749.5658263305322,1757.1148459383753,1839.6796249264137,1548.4499376146257,0.1880782066228275,-0.0549018827699967,False,False,,
1230,5.766240000000001,627290.0,1757.1148459383753,1757.1148459383753,1839.7348578273693,1548.4499376146257,0.188113876423713,0.0076075717940895,False,False,,
1231,5.7709280000000005,628240.0,1759.7759103641456,1757.1148459383753,1839.7900736820136,1548.4499376146257,0.1881495352159689,-0.0489255116958133,False,False,,
1232,5.775616,626997.0,1756.2941176470588,1756.2941176470588,1839.0245442042904,1548.4499376146257,0.1876551508260531,-0.0589606174015919,False,False,,
1233,5.780304,626945.0,1756.1484593837536,1756.1484593837536,1838.9340677187877,1548.4499376146257,0.1875967204672116,-0.2713873320733846,False,False,,
1234,5.784992000000001,625551.0,1752.2436974789916,1752.2436974789916,1835.0844705612944,1548.4499376146257,0.1851106232005324,-1.0066751158601797,False,False,,
1235,5.789680000000001,620590.0,1738.3473389355745,1741.422969187675,1824.318889991969,1548.4499376146257,0.1781581345809069,-0.7377223570365317,False,False,,
1236,5.794368,621688.0,1741.422969187675,1741.422969187675,1824.3740206939372,1548.4499376146257,0.1781937383809582,0.0486892177537292,False,False,,
1237,5.799056,622391.0,1743.3921568627452,1742.0196078431372,1825.025773036597,1548.4499376146257,0.1786146446865659,0.0486868742033266,False,False,,
1238,5.803744,621901.0,1742.0196078431372,1742.0196078431372,1825.0808697142757,1548.4499376146257,0.1786502265134886,-0.35667750099703,False,False,,
1239,5.808432000000001,616371.0,1726.529411764706,1736.731092436975,1819.8474339815225,1548.4499376146257,0.175270436437217,-0.3566798431010731,False,False,,
1240,5.8131200000000005,620013.0,1736.731092436975,1736.731092436975,1819.90249665591,1548.4499376146257,0.1753059963045721,0.1933830960014013,False,False,,
1241,5.817808,620976.0,1739.428571428571,1739.428571428571,1822.6550213281191,1548.4499376146257,0.177083596345326,0.1933807553427939,False,False,,
1242,5.822496,622656.0,1744.1344537815123,1739.428571428571,1822.7100500202012,1548.4499376146257,0.1771191342666661,-0.5471163395903673,False,False,,
1243,5.827184000000001,618101.0,1731.375350140056,1731.375350140056,1814.7118404404805,1548.4499376146257,0.1719538335453255,-0.7273224571179604,False,False,,
1244,5.831872000000001,617167.0,1728.7591036414565,1728.7591036414565,1812.1505886726295,1548.4499376146257,0.1702997589087271,-0.1869063983338001,False,False,,
1245,5.83656,614793.0,1722.109243697479,1728.5518207282912,1811.9982835174071,1548.4499376146257,0.1702013991545478,-0.0067049577906637,False,False,,
1246,5.841248,617093.0,1728.5518207282912,1728.5518207282912,1812.053244307782,1548.4499376146257,0.1702368932244818,0.0546468823592825,False,False,,
1247,5.845936,618675.0,1732.9831932773109,1729.235294117647,1812.7916615251816,1548.4499376146257,0.1707137683235485,0.1785105264141648,False,False,,
1248,5.850624000000001,617337.0,1729.235294117647,1731.0336134453785,1814.6449077238608,1548.4499376146257,0.1719106079201413,0.0075654203731119,False,False,,
1249,5.8553120000000005,617979.0,1731.0336134453785,1729.235294117647,1812.9014983152144,1548.4499376146257,0.1707847017049672,-0.1193898975214615,False,False,,
1250,5.86,617321.0,1729.190476190476,1729.190476190476,1812.9115733604976,1548.4499376146257,0.1707912082409801,-0.3188897764148279,False,False,,
1251,5.864688,615645.0,1724.4957983193278,1724.4957983193278,1808.2717715204024,1548.4499376146257,0.1677947911613019,-0.4915713192713511,False,False,,
1252,5.869376000000001,614734.0,1721.9439775910364,1721.9439775910364,1805.774809886992,1548.4499376146257,0.1661822355514919,-0.168210126885139,False,False,,
1253,5.874064000000001,614230.0,1720.532212885154,1721.9439775910364,1805.829652050928,1548.4499376146257,0.1662176530116264,0.3197268937385438,False,False,,
1254,5.878752,616352.0,1726.4761904761904,1726.4761904761904,1810.416690174298,1548.4499376146257,0.1691799949071844,0.3197245624536293,False,False,,
1255,5.88344,616837.0,1727.8347338935573,1726.4761904761904,1810.4714984920176,1548.4499376146257,0.1692153905091915,-0.7321739130425584,False,False,,
1256,5.888128,612518.0,1715.7366946778711,1715.7366946778711,1799.786794096144,1548.4499376146257,0.1623151322984977,-0.7425948767527437,False,False,,
1257,5.892816000000001,612098.0,1714.5602240896358,1715.5854341736697,1799.6903080843342,1548.4499376146257,0.1622528209447588,-0.0734893866171582,False,False,,
1258,5.8975040000000005,612464.0,1715.5854341736697,1714.5602240896358,1798.719855587858,1548.4499376146257,0.1616260958095753,0.0075421039163998,False,False,,
1259,5.902192,610843.0,1711.044817927171,1715.5854341736697,1799.799806359831,1548.4499376146257,0.1623235357110789,-0.0131045538370067,False,False,,
1260,5.90688,613715.0,1719.089635854342,1714.2605042016808,1798.5296001813806,1548.4499376146257,0.1615032275127995,-0.0837220658861852,False,False,,
1261,5.911568000000001,611991.0,1714.2605042016808,1714.2605042016808,1798.5843070857309,1548.4499376146257,0.1615385576213302,-0.0017258848767554,False,False,,
1262,5.916256000000001,611943.0,1714.126050420168,1714.126050420168,1798.504543324593,1548.4499376146257,0.1614870456161951,-0.0017282104119331,False,False,,
1263,5.920944,609999.0,1708.6806722689075,1714.126050420168,1798.5592164662037,1548.4499376146257,0.1615223539205079,0.137377520620781,False,False,,
1264,5.925632,613893.0,1719.5882352941176,1716.011204481793,1800.4990267958833,1548.4499376146257,0.1627750972495355,0.1373751965208214,False,False,,
1265,5.93032,612616.0,1716.011204481793,1716.011204481793,1800.553666195591,1548.4499376146257,0.1628103837630871,-0.7381782467618159,False,False,,
1266,5.935008000000001,607686.0,1702.2016806722688,1705.18487394958,1789.7819581999445,1548.4499376146257,0.155853938007895,-0.7381805694274419,False,False,,
1267,5.9396960000000005,608751.0,1705.18487394958,1705.18487394958,1789.836563878573,1548.4499376146257,0.1558892027441337,0.0075211805526294,False,False,,
1268,5.944384,609414.0,1707.0420168067226,1705.18487394958,1789.8911527044677,1548.4499376146257,0.1559244565967565,-0.3829869729135566,False,False,,
1269,5.949072,602994.0,1689.0588235294117,1699.515406162465,1784.276256895714,1548.4499376146257,0.1522983168860964,-0.5431275546715497,False,False,,
1270,5.953760000000001,606727.0,1699.515406162465,1697.190476190476,1782.0058820597526,1548.4499376146257,0.1508320926441562,-0.1526240422371181,False,False,,
1271,5.958448000000001,605897.0,1697.190476190476,1697.190476190476,1782.0604203586445,1548.4499376146257,0.1508673138660808,-0.4306495353569914,False,False,,
1272,5.963136,601510.0,1684.9019607843138,1690.829131652661,1775.753597287782,1548.4499376146257,0.1467943226006492,-0.430651853724914,False,False,,
1273,5.967824,603626.0,1690.829131652661,1690.829131652661,1775.8081019279905,1548.4499376146257,0.1468295220855562,0.007507263901056,False,False,,
1274,5.972512,604506.0,1693.2941176470588,1690.829131652661,1775.8625897466472,1548.4499376146257,0.1468647107069855,-0.2267213773107812,False,False,,
1275,5.977200000000001,602412.0,1687.428571428571,1687.428571428571,1772.5165005248546,1548.4499376146257,0.1447037824518898,-0.2267236935328664,False,False,,
1276,5.9818880000000005,601181.0,1683.9803921568628,1687.428571428571,1772.5709547159818,1548.4499376146257,0.1447389493564208,-0.2300059493306339,False,False,,
1277,5.986576,603485.0,1690.4341736694678,1683.9803921568628,1769.1772128294192,1548.4499376146257,0.1425472466709658,-1.197011836829196,False,False,,
1278,5.991264,596169.0,1669.9411764705883,1669.9411764705883,1755.192417727496,1548.4499376146257,0.1335157663743107,-0.959507886342232,False,False,,
1279,5.995952000000001,595810.0,1668.9355742296918,1669.9411764705883,1755.2468215162378,1548.4499376146257,0.1335509007286223,-0.06177124842905,False,False,,
1280,6.000640000000001,597611.0,1673.9803921568628,1668.9355742296918,1754.295606273657,1548.4499376146257,0.1329365991490401,-0.2763202436108187,False,False,,
1281,6.005328,594698.0,1665.8207282913163,1665.8207282913163,1751.2351305483537,1548.4499376146257,0.1309601221245274,-0.3378696704100612,False,False,,
1282,6.010016,593679.0,1662.9663865546215,1663.921568627451,1749.3903243174966,1548.4499376146257,0.1297687331192755,-0.1891170425753259,False,False,,
1283,6.014704,594020.0,1663.921568627451,1662.9663865546215,1748.4894789027908,1548.4499376146257,0.1291869607333412,-0.2641721044380318,False,False,,
1284,6.019392000000001,592612.0,1659.9775910364149,1659.9775910364149,1745.555003272999,1548.4499376146257,0.1272918554680641,-0.1983826707601856,False,False,,
1285,6.0240800000000005,590468.0,1653.9719887955182,1659.9775910364149,1745.609306396883,1548.4499376146257,0.1273269248122932,-0.4061788441303573,False,False,,
1286,6.028768,593297.0,1661.8963585434174,1653.9719887955182,1739.6579905205122,1548.4499376146257,0.123483522625498,-0.5155768080727228,False,False,,
1287,6.033456,588783.0,1649.2521008403362,1652.3837535014006,1738.1240248367344,1548.4499376146257,0.1224928766598036,-0.1019207637994981,False,False,,
1288,6.038144000000001,589901.0,1652.3837535014006,1652.3837535014006,1738.1782776980592,1548.4499376146257,0.1225279135441141,0.0074725848257308,False,False,,
1289,6.042832000000001,590860.0,1655.0700280112044,1652.3837535014006,1738.232513815538,1548.4499376146257,0.1225629396151296,-0.4000140680875095,False,False,,
1290,6.0475200000000005,584835.0,1638.1932773109245,1646.467787114846,1732.3707668077843,1548.4499376146257,0.1187773816417257,-0.5279340449396344,False,False,,
1291,6.052208,587789.0,1646.467787114846,1644.6106442577031,1730.56782659593,1548.4499376146257,0.1176130300097758,-0.1204520030716143,False,False,,
1292,6.056896,587126.0,1644.6106442577031,1644.6106442577031,1730.622012512871,1548.4499376146257,0.1176480236609263,-0.3575746964081201,False,False,,
1293,6.061584000000001,585234.0,1639.310924369748,1639.310924369748,1725.3764618186713,1548.4499376146257,0.1142604096562525,-0.3575769997966542,False,False,,
1294,6.0662720000000006,582779.0,1632.4341736694678,1639.310924369748,1725.4306142944033,1548.4499376146257,0.1142953817108321,-0.2771242965249776,False,False,,
1295,6.07096,585684.0,1640.571428571429,1635.1792717086837,1721.3530973962067,1548.4499376146257,0.1116620922520344,-0.2771265984919768,False,False,,
1296,6.075648,583759.0,1635.1792717086837,1635.1792717086837,1721.4072164513682,1548.4499376146257,0.1116970427233714,-0.5572743880901534,False,False,,
1297,6.080336000000001,580832.0,1626.9803921568628,1626.9803921568628,1713.2624392521593,1548.4499376146257,0.1064370875892998,-0.8949176008941535,False,False,,
1298,6.085024000000001,579082.0,1622.078431372549,1622.078431372549,1708.4145641230623,1548.4499376146257,0.103306295297387,-0.4474974575731121,False,False,,
1299,6.0897120000000005,578474.0,1620.375350140056,1620.375350140056,1706.765551853545,1548.4499376146257,0.1022413514270945,-0.1098588444419412,False,False,,
1300,6.0944,574746.0,1609.9327731092435,1620.375350140056,1706.8196041294304,1548.4499376146257,0.1022762587718994,-0.7118266549982888,False,False,,
1301,6.099088,581792.0,1629.6694677871149,1609.9327731092435,1696.4310626925635,1548.4499376146257,0.0955672647098308,-0.244340992477321,False,False,,
1302,6.103776000000001,570999.0,1599.436974789916,1616.719887955182,1703.2721964556558,1548.4499376146257,0.099985317626434,0.1058385709514944,False,False,,
1303,6.108464000000001,577169.0,1616.719887955182,1611.361344537815,1697.9676552837982,1548.4499376146257,0.0965596071510736,-0.3616516855666365,False,False,,
1304,6.113152,575256.0,1611.361344537815,1611.361344537815,1698.0216408628085,1548.4499376146257,0.0965944714225614,-0.30493030788816,False,False,,
1305,6.11784,573089.0,1605.291316526611,1606.826330532213,1693.5405957748612,1548.4499376146257,0.0937005805843143,-0.4106624427132281,False,False,,
1306,6.122528000000001,573637.0,1606.826330532213,1605.291316526611,1692.0595340307002,1548.4499376146257,0.0927441003596823,-0.4959431844304411,False,False,,
1307,6.127216000000001,571028.0,1599.5182072829132,1599.5182072829132,1686.3403603973711,1548.4499376146257,0.0890506172870948,-0.3902156379338066,False,False,,
1308,6.1319040000000005,569565.0,1595.420168067227,1599.5182072829132,1686.394279361806,1548.4499376146257,0.0890854385384151,-0.2748412075220106,False,False,,
1309,6.136592,573314.0,1605.921568627451,1595.420168067227,1682.350142469758,1548.4499376146257,0.0864737061253685,-0.53202940587094,False,False,,
1310,6.14128,568232.0,1591.686274509804,1591.686274509804,1678.6701346003122,1548.4499376146257,0.0840971308289694,-0.5546054039093811,False,False,,
1311,6.145968000000001,566652.0,1587.2605042016808,1587.2605042016808,1674.2982333496398,1548.4499376146257,0.0812737258583138,-0.3400610120037317,False,False,,
1312,6.150656000000001,566151.0,1585.857142857143,1586.641456582633,1673.7330381626489,1548.4499376146257,0.0809087187804218,-0.0892443385315537,False,False,,
1313,6.155344,566431.0,1586.641456582633,1585.857142857143,1673.0025602489527,1548.4499376146257,0.080436970940242,-0.1538807452332857,False,False,,
1314,6.160032,565595.0,1584.2997198879552,1584.2997198879552,1671.4989564764255,1548.4499376146257,0.0794659329131145,-0.4739666185593876,False,False,,
1315,6.164720000000001,562729.0,1576.2717086834734,1578.8683473389356,1666.121386514061,1548.4499376146257,0.0759930599246285,-0.545548779757647,False,False,,
1316,6.169408000000001,563656.0,1578.8683473389356,1576.2717086834734,1663.5785338403746,1548.4499376146257,0.0743508675541062,-0.921393636610114,False,False,,
1317,6.1740960000000005,558842.0,1565.3837535014006,1565.3837535014006,1652.7443480403226,1548.4499376146257,0.0673540731877724,-0.7425427083333194,False,False,,
1318,6.178784,558362.0,1564.0392156862745,1565.3837535014006,1652.7981008277122,1548.4499376146257,0.0673887871207733,-0.0852063722657234,False,False,,
1319,6.183472,559956.0,1568.5042016806722,1564.0392156862745,1651.5072992104656,1548.4499376146257,0.066555178241409,-0.1317066343018291,False,False,,
1320,6.188160000000001,557393.0,1561.3249299719887,1563.3641456582634,1650.8859487959442,1548.4499376146257,0.0661539057175594,-0.1019965182945714,False,False,,
1321,6.192848000000001,558121.0,1563.3641456582634,1562.450980392157,1650.0264865640556,1548.4499376146257,0.0655988588858791,-0.0555008248015518,False,False,,
1322,6.197536,557795.0,1562.450980392157,1562.450980392157,1650.0801730241187,1548.4499376146257,0.06563352998422,-0.4753354648476096,False,False,,
1323,6.202224,555293.0,1555.4425770308123,1555.4425770308123,1643.1254395537978,1548.4499376146257,0.0611421135674681,-0.4753377470047857,False,False,,
1324,6.206912000000001,554955.0,1554.4957983193278,1555.4425770308123,1643.1790928808953,1548.4499376146257,0.0611767632683038,-0.0578229232429228,False,False,,
1325,6.211600000000001,555305.0,1555.4761904761904,1554.4957983193278,1642.2859509376942,1548.4499376146257,0.0605999658391425,-0.2814399567382342,False,False,,
1326,6.2162880000000005,553796.0,1551.249299719888,1551.249299719888,1639.0930725528349,1548.4499376146257,0.0585379822339262,-1.076924226062081,False,False,,
1327,6.220976,548890.0,1537.5070028011205,1538.7535014005605,1626.6508778994926,1548.4499376146257,0.0505027242955849,-0.8533117526565333,False,False,,
1328,6.225664,549335.0,1538.7535014005605,1538.7535014005605,1626.704465021991,1548.4499376146257,0.0505373312410189,0.0073808884666846,False,False,,
1329,6.230352000000001,550225.0,1541.2464985994395,1538.7535014005605,1626.758035606108,1548.4499376146257,0.0505719275058485,-0.7450782796420228,False,False,,
1330,6.235040000000001,545435.0,1527.829131652661,1527.829131652661,1615.8872199090483,1548.4499376146257,0.0435514772910963,-0.7450805568733143,False,False,,
1331,6.239728,545408.0,1527.7535014005605,1527.829131652661,1615.940757431713,1548.4499376146257,0.0435860522046046,0.0947748186310963,False,False,,
1332,6.244416,546596.0,1531.0812324929973,1529.0980392156862,1617.26318599433,1548.4499376146257,0.0444400859905814,0.0947725428051393,False,False,,
1333,6.249104,545888.0,1529.0980392156862,1529.0980392156862,1617.3166904759469,1548.4499376146257,0.0444746395659455,-0.5012141768690945,False,False,,
1334,6.253792000000001,541285.0,1516.2044817927172,1521.7142857142858,1609.9864249432874,1548.4499376146257,0.0397407018682556,-0.5012164512904915,False,False,,
1335,6.2584800000000005,543252.0,1521.7142857142858,1521.7142857142858,1610.039896404248,1548.4499376146257,0.0397752341186447,0.3147146566685741,False,False,,
1336,6.263168,544845.0,1526.1764705882354,1526.1764705882354,1614.5555362364732,1548.4499376146257,0.04269146648918,0.3147123836508436,False,False,,
1337,6.267856,545118.0,1526.9411764705883,1526.1764705882354,1614.6089746971566,1548.4499376146257,0.0427259774277549,-0.58650171789697,False,False,,
1338,6.272544000000001,540742.0,1514.6834733893556,1517.5546218487395,1606.0405479258436,1548.4499376146257,0.0371924263821767,-0.7842650952628447,False,False,,
1339,6.277232000000001,541767.0,1517.5546218487395,1514.6834733893556,1603.222804947232,1548.4499376146257,0.0353727078945694,-0.5365354054117741,False,False,,
1340,6.28192,538948.0,1509.6582633053222,1509.6582633053222,1598.2509838616486,1548.4499376146257,0.0321618704210361,-0.3387765698738207,False,False,,
1341,6.286608,536148.0,1501.81512605042,1509.6582633053222,1598.3043563828635,1548.4499376146257,0.0321963387754326,-0.0150294389470975,False,False,,
1342,6.291296,540813.0,1514.8823529411766,1509.3333333333333,1598.0327824599397,1548.4499376146257,0.0320209544014681,-0.0150317077590114,False,False,,
1343,6.295984000000001,538832.0,1509.3333333333333,1509.3333333333333,1598.0861220419383,1548.4499376146257,0.0320554014834841,-0.8593291941790797,False,False,,
1344,6.3006720000000005,534340.0,1496.750700280112,1496.750700280112,1585.5568121087322,1548.4499376146257,0.0239638838768462,-1.0374129255985731,False,False,,
1345,6.30536,533417.0,1494.1652661064427,1494.1652661064427,1583.0246845981742,1548.4499376146257,0.0223286178930723,-0.1707392049611087,False,False,,
1346,6.310048,533302.0,1493.843137254902,1494.1652661064427,1583.077974809461,1548.4499376146257,0.0223630330911309,-0.0148478383424901,False,False,,
1347,6.314736000000001,535135.0,1498.9775910364149,1493.843137254902,1582.8091197224603,1548.4499376146257,0.0221894045607731,0.1506904121828847,False,False,,
1348,6.319424000000001,531641.0,1489.190476190476,1496.2464985994395,1585.2657383898672,1548.4499376146257,0.0237759063957574,-0.3131339970409361,False,False,,
1349,6.324112,534160.0,1496.2464985994395,1489.190476190476,1578.2629568671762,1548.4499376146257,0.0192534602045174,-0.687049454073229,False,False,,
1350,6.3288,530561.0,1486.1652661064427,1486.1652661064427,1575.290971237891,1548.4499376146257,0.0173341307143671,-0.4933423024856387,False,False,,
1351,6.333488,529046.0,1481.921568627451,1481.921568627451,1571.1004817871951,1548.4499376146257,0.0146278827764122,-0.4344985774384573,False,False,,
1352,6.338176000000001,528271.0,1479.750700280112,1479.750700280112,1568.9828050467688,1548.4499376146257,0.0132602720523041,-0.6914938079021068,False,False,,
1353,6.3428640000000005,524918.0,1470.358543417367,1471.7759103641456,1561.0611903213996,1548.4499376146257,0.0081444368335224,-0.5419693793094119,False,False,,
1354,6.347552,525424.0,1471.7759103641456,1471.7759103641456,1561.1143491007483,1548.4499376146257,0.0081787671518993,0.0073218900942323,False,False,,
1355,6.35224,525990.0,1473.361344537815,1471.7759103641456,1561.167491473914,1548.4499376146257,0.008213086875046,-0.2108928677821872,False,False,,
1356,6.356928000000001,524293.0,1468.6078431372548,1468.6078431372548,1558.0525502190685,1548.4499376146257,0.006201435623573,-0.2375205244630484,False,False,,
1357,6.361616000000001,524155.0,1468.221288515406,1468.221288515406,1557.7191051732063,1548.4499376146257,0.00598609443768,-0.0193102846439233,False,False,,
1358,6.366304,523165.0,1465.4481792717088,1468.221288515406,1557.7721983581948,1548.4499376146257,0.0060203823947516,-0.1836954321317352,False,False,,
1359,6.370992,524910.0,1470.3361344537816,1465.4481792717088,1555.0521659135466,1548.4499376146257,0.0042637660660129,-0.5190233493572496,False,False,,
1360,6.37568,521427.0,1460.579831932773,1460.579831932773,1550.2368789927775,1548.4499376146257,0.0011540194711782,-0.442429352931855,False,False,,
1361,6.380368000000001,520834.0,1458.9187675070027,1458.9187675070027,1548.6288586093472,1548.4499376146257,0.000115548452924,-0.1072988858527637,False,False,,
1362,6.3850560000000005,520833.0,1458.9159663865546,1458.9159663865546,1548.6790851604662,1548.4499376146257,0.0001479851174224,0.0071108941379092,False,False,,
1363,6.389744,519280.0,1454.5658263305322,1458.9159663865546,1548.732096466313,1548.4499376146257,0.000182220196361,-0.2923306147712979,False,False,,
1364,6.394432,520854.0,1458.9747899159663,1454.5658263305322,1544.434951355468,1548.4499376146257,-0.002592906726673,-0.576530047517126,False,False,,
1365,6.399120000000001,516795.0,1447.6050420168067,1450.4397759103642,1540.3618795248572,1548.4499376146257,-0.0052233255291597,-0.4534380705527134,False,False,,
1366,6.403808000000001,517807.0,1450.4397759103642,1447.87675070028,1537.851816553758,1548.4499376146257,-0.0068443420761757,-0.0179800146387243,False,False,,
1367,6.408496,516892.0,1447.87675070028,1450.0728291316527,1540.1008408785892,1548.4499376146257,-0.0053919061464124,0.0072925679933424,False,False,,
1368,6.413184,517676.0,1450.0728291316527,1447.87675070028,1537.957692000194,1548.4499376146257,-0.0067759669586701,-0.3768485720001939,False,False,,
1369,6.417872,515685.0,1444.4957983193278,1444.4957983193278,1534.6296528367805,1548.4499376146257,-0.0089252383574861,-0.2255876932905369,False,False,,
1370,6.422560000000001,513122.0,1437.3165266106444,1444.4957983193278,1534.6825497239226,1548.4499376146257,-0.0088910771709619,-0.4872134151616004,False,False,,
1371,6.4272480000000005,515881.0,1445.044817927171,1437.3165266106444,1527.5561585770242,1548.4499376146257,-0.0134933513380406,-0.3129929530297707,False,False,,
1372,6.431936,512332.0,1435.1036414565826,1439.8459383753502,1530.138434583197,1548.4499376146257,-0.0118256990985689,-0.1451394331208708,False,False,,
1373,6.436624,514025.0,1439.8459383753502,1435.1036414565826,1525.4489855906147,1548.4499376146257,-0.0148541786629818,-0.6431137914903,False,False,,
1374,6.441312000000001,510654.0,1430.403361344538,1430.403361344538,1520.8015370945088,1548.4499376146257,-0.0178555340075823,-0.3164725726008786,False,False,,
1375,6.446000000000001,510301.0,1429.4145658263303,1430.403361344538,1520.8543524052354,1548.4499376146257,-0.0178214255036884,-0.0608324134244375,False,False,,
1376,6.450688,511448.0,1432.6274509803925,1429.4145658263303,1519.9183558975744,1548.4499376146257,-0.0184258987158498,-0.0509948376783837,False,False,,
1377,6.455376,509612.0,1427.484593837535,1429.5574229691877,1520.1139957558282,1548.4499376146257,-0.0182995531017609,-0.1256639581359055,False,False,,
1378,6.460064,510352.0,1429.5574229691877,1427.484593837535,1518.0939330494518,1548.4499376146257,-0.019604123987332,-0.5188731614077449,False,False,,
1379,6.464752000000001,507625.0,1421.9187675070027,1421.9187675070027,1512.5808568591028,1548.4499376146257,-0.0231645078631206,-0.5713544491031706,False,False,,
1380,6.4694400000000005,506613.0,1419.0840336134454,1419.0840336134454,1509.798856825662,1548.4499376146257,-0.0249611433021239,-0.2728821250225928,False,False,,
1381,6.474128,506173.0,1417.8515406162464,1417.8515406162464,1508.6190814135368,1548.4499376146257,-0.0257230506673323,-0.1522983265936477,False,False,,
1382,6.478816,505786.0,1416.767507002801,1416.767507002801,1507.5877491151457,1548.4499376146257,-0.0263890924122659,-0.2090242408241218,False,False,,
1383,6.483504000000001,505052.0,1414.7114845938374,1414.7114845938374,1505.5844117562383,1548.4499376146257,-0.0276828619492995,-0.1343596050787234,False,False,,
1384,6.488192000000001,504382.0,1412.8347338935573,1414.7114845938374,1505.6370805463162,1548.4499376146257,-0.0276488480694843,-0.1220138341615508,False,False,,
1385,6.49288,505359.0,1415.571428571429,1412.8347338935573,1503.8129823811537,1548.4499376146257,-0.0288268636583982,-0.3230571190999738,False,False,,
1386,6.497568,503340.0,1409.9159663865546,1409.9159663865546,1500.946851159325,1548.4499376146257,-0.0306778316181655,-0.4403654571075042,False,False,,
1387,6.502256,501872.0,1405.8039215686274,1406.3361344537816,1497.4196392667975,1548.4499376146257,-0.0329557301842379,-0.275984804769346,False,False,,
1388,6.506944000000001,502062.0,1406.3361344537816,1405.8039215686274,1496.9400301819746,1548.4499376146257,-0.0332654651476827,0.0072454493741362,False,False,,
1389,6.5116320000000005,500607.0,1402.2605042016808,1406.3361344537816,1497.5248306325573,1548.4499376146257,-0.0328877968509062,0.2871957639174223,False,False,,
1390,6.51632,503323.0,1409.8683473389356,1409.8683473389356,1501.1096148532476,1548.4499376146257,-0.0305727176651931,0.250535372285213,False,False,,
1391,6.521008,505105.0,1414.859943977591,1409.8683473389356,1501.1621699639009,1548.4499376146257,-0.0305387772003601,0.2644246493494515,False,False,,
1392,6.525696000000001,497066.0,1392.3417366946778,1413.6022408963586,1504.9486024121015,1548.4499376146257,-0.028093472152892,-1.1999744555928644,False,False,,
1393,6.530384000000001,504656.0,1413.6022408963586,1392.3417366946778,1483.7406208863283,1548.4499376146257,-0.0417897376959963,-1.4114363688731473,False,False,,
1394,6.535072,496267.0,1390.1036414565826,1393.0056022408965,1484.456992898589,1548.4499376146257,-0.0413270995474461,0.0529582693185881,False,False,,
1395,6.53976,497303.0,1393.0056022408965,1393.0056022408965,1484.5094831597685,1548.4499376146257,-0.0412932009628653,0.255154709348095,False,False,,
1396,6.544448,500491.0,1401.9355742296918,1396.6050420168067,1488.1613969969965,1548.4499376146257,-0.0389347689925985,0.6223128529123043,False,False,,
1397,6.549136000000001,498588.0,1396.6050420168067,1401.9355742296918,1493.544387076338,1548.4499376146257,-0.035458395653959,0.0072253489915654,False,False,,
1398,6.5538240000000005,500855.0,1402.955182072829,1396.6050420168067,1488.266296540045,1548.4499376146257,-0.0388670241204522,-0.8395802888813986,False,False,,
1399,6.558512,496102.0,1389.641456582633,1389.641456582633,1481.3551365975968,1548.4499376146257,-0.0433303004425106,-0.4724221432518165,False,False,,
1400,6.5632,495669.0,1388.428571428571,1389.641456582633,1481.4075459094504,1548.4499376146257,-0.0432964541355811,-0.0763233473121527,False,False,,
1401,6.567888000000001,500955.0,1403.235294117647,1388.428571428571,1480.2470538923635,1548.4499376146257,-0.0440459081469096,-0.1191577366196883,False,False,,
1402,6.572576000000001,495447.0,1387.8067226890755,1387.8067226890755,1479.6775821199567,1548.4499376146257,-0.0444136770741274,-0.0356179552232136,False,False,,
1403,6.577264,494064.0,1383.9327731092435,1387.8067226890755,1479.7299429221491,1548.4499376146257,-0.0443798620950824,0.2373866130532329,False,False,,
1404,6.581952,497735.0,1394.2156862745098,1391.1484593837536,1483.124024259113,1548.4499376146257,-0.0421879401901404,0.2373843872484693,False,False,,
1405,6.58664,496640.0,1391.1484593837536,1391.1484593837536,1483.1763527464786,1548.4499376146257,-0.0421541460802409,-0.1166584515794992,False,False,,
1406,6.591328000000001,495998.0,1389.3501400560224,1389.3501400560224,1481.4303457561796,1548.4499376146257,-0.0432817298321501,-0.7288518843498206,False,False,,
1407,6.5960160000000005,492612.0,1379.8655462184877,1380.4621848739496,1472.5946867665891,1548.4499376146257,-0.0489878613479043,-0.604988127711839,False,False,,
1408,6.600704,492825.0,1380.4621848739496,1380.4621848739496,1472.6469668191046,1548.4499376146257,-0.048954098517576,0.3886386195881952,False,False,,
1409,6.605392,498036.0,1395.0588235294117,1386.0,1478.237045862685,1548.4499376146257,-0.0453439856506455,0.3886363972160787,False,False,,
1410,6.610080000000001,494802.0,1386.0,1386.0,1478.289293650209,1548.4499376146257,-0.0453102436572786,-0.2881911502987986,False,False,,
1411,6.614768000000001,492017.0,1378.1988795518207,1381.7114845938374,1474.0530099065425,1548.4499376146257,-0.0480460658758467,-0.5301372021400113,False,False,,
1412,6.6194560000000005,493271.0,1381.7114845938374,1378.1988795518207,1470.5926204069708,1548.4499376146257,-0.0502808100645431,-0.5453814979227838,False,False,,
1413,6.624144,490407.0,1373.689075630252,1373.689075630252,1466.135015912771,1548.4499376146257,-0.0531595628003705,-0.303439886712054,False,False,,
1414,6.628832,488298.0,1367.781512605042,1373.689075630252,1466.187199230037,1548.4499376146257,-0.0531258624423552,0.1827608079940708,False,False,,
1415,6.633520000000001,494260.0,1384.4817927170868,1376.2380952380952,1468.788386050016,1548.4499376146257,-0.0514459974646177,0.1827585897340036,False,False,,
1416,6.6382080000000006,491317.0,1376.2380952380952,1376.2380952380952,1468.8405371619913,1548.4499376146257,-0.0514123179050088,-0.0431736325577745,False,False,,
1417,6.642896,487997.0,1366.93837535014,1375.5070028011205,1468.161579741801,1548.4499376146257,-0.0518507934434793,-0.6333721640752206,False,False,,
1418,6.647584,491056.0,1375.5070028011205,1366.93837535014,1459.6450712173807,1548.4499376146257,-0.0573508153153778,-0.4898287581566052,False,False,,
1419,6.652272000000001,487267.0,1364.8935574229693,1368.291316526611,1461.050115235154,1548.4499376146257,-0.0564434278799547,-0.1336680456635974,False,False,,
1420,6.656960000000001,488480.0,1368.291316526611,1364.8935574229693,1457.7044428925217,1548.4499376146257,-0.0586040869115192,-0.1120612421181705,False,False,,
1421,6.6616480000000005,485283.0,1359.3361344537816,1366.5602240896358,1459.423180244866,1548.4499376146257,-0.0574941140860546,-0.3026858684511815,False,False,,
1422,6.666336,487862.0,1366.5602240896358,1360.3949579831933,1453.309968753732,1548.4499376146257,-0.0614420696141173,-0.4174859920909632,False,False,,
1423,6.671024,485661.0,1360.3949579831933,1360.3949579831933,1453.362007303631,1548.4499376146257,-0.0614084627478993,-0.2108519665782795,False,False,,
1424,6.675712000000001,481239.0,1348.0084033613446,1357.2296918767506,1450.248763686635,1548.4499376146257,-0.0634190176527558,-0.2141341189749139,False,False,,
1425,6.680400000000001,484531.0,1357.2296918767506,1357.1820728291316,1450.253151072968,1548.4499376146257,-0.0634161842474086,0.0038832300880002,False,False,,
1426,6.685088,484514.0,1357.1820728291316,1357.1820728291316,1450.3051414563802,1548.4499376146257,-0.0633826084874507,-0.3252706356880983,False,False,,
1427,6.689776,482791.0,1352.3557422969188,1352.3557422969188,1445.5307852619935,1548.4499376146257,-0.0664659217276201,-0.3654038798893806,False,False,,
1428,6.694464000000001,482583.0,1351.7731092436975,1351.7731092436975,1445.000110505964,1548.4499376146257,-0.0668086352652932,-0.4103605650122484,False,False,,
1429,6.699152000000001,480627.0,1346.2941176470588,1346.2941176470588,1439.5730611708336,1548.4499376146257,-0.0703134623851745,-0.3702317395642422,False,False,,
1430,6.7038400000000005,480320.0,1345.4341736694678,1346.2941176470588,1439.6249874016075,1548.4499376146257,-0.0702799280554474,0.4974067280929004,False,False,,
1431,6.708528,483730.0,1354.9859943977592,1353.4117647058824,1446.794544665418,1548.4499376146257,-0.0656497769025757,0.6058354880120733,False,False,,
1432,6.713216,483168.0,1353.4117647058824,1354.9859943977592,1448.4206685414404,1548.4499376146257,-0.0645996145198464,0.0729394529870859,False,False,,
1433,6.717904000000001,485039.0,1358.6526610644255,1354.3669467787115,1447.853499090642,1548.4499376146257,-0.064965896591369,-0.0354937202329468,False,False,,
1434,6.722592000000001,483509.0,1354.3669467787115,1354.3669467787115,1447.9053612479374,1548.4499376146257,-0.0649324036407506,-0.0123434058237599,False,False,,
1435,6.72728,477978.0,1338.873949579832,1354.0840336134454,1447.6742942339545,1548.4499376146257,-0.0650816283643726,-0.895807174561841,False,False,,
1436,6.731968,483408.0,1354.0840336134454,1341.2577030812324,1434.8997938519524,1548.4499376146257,-0.0733314917094421,-0.8763226744105106,False,False,,
1437,6.736656000000001,478829.0,1341.2577030812324,1341.2577030812324,1434.9516080060291,1548.4499376146257,-0.0732980297596444,-0.1147999172685345,False,False,,
1438,6.741344000000001,476941.0,1335.96918767507,1339.4873949579833,1433.2330980456595,1548.4499376146257,-0.0744078557337517,-0.1148021198358177,False,False,,
1439,6.7460320000000005,478197.0,1339.4873949579833,1339.4873949579833,1433.284880222277,1548.4499376146257,-0.074374414435225,0.7038301872533914,False,False,,
1440,6.75072,481808.0,1349.6022408963586,1349.6022408963586,1443.4514923559418,1548.4499376146257,-0.0678087438980642,2.1446864618970336,True,False,1440.0,4.0
1441,6.755408,490855.0,1374.9439775910364,1370.5210084033613,1464.4220100818382,1548.4499376146257,-0.0542658341684792,1.7526349278212825,False,False,,
1442,6.760096000000001,489276.0,1370.5210084033613,1374.9439775910364,1468.8967135169416,1548.4499376146257,-0.051376038814813,1.2191600866046306,False,False,,
1443,6.764784000000001,495558.0,1388.1176470588234,1388.1176470588234,1482.122101265621,1548.4499376146257,-0.0428349891964747,1.5461872281636655,False,False,,
1444,6.769472,498832.0,1397.2885154061626,1397.2885154061626,1491.3446719322442,1548.4499376146257,-0.0368789873635511,1.1006919631558705,False,False,,
1445,6.77416,501226.0,1403.9943977591035,1403.9943977591035,1498.1022406477873,1548.4499376146257,-0.0325149013499257,1.688377890334754,False,False,,
1446,6.778848000000001,507546.0,1421.6974789915969,1421.6974789915969,1515.856992291125,1548.4499376146257,-0.0210487562637702,1.2264829252312133,False,False,,
1447,6.783536000000001,508722.0,1424.9915966386554,1421.6974789915969,1515.9086467551351,1548.4499376146257,-0.021015397442955,0.2340093844012423,False,False,,
1448,6.7882240000000005,507292.0,1420.9859943977592,1424.9915966386554,1519.2544029242915,1548.4499376146257,-0.0188546842756243,0.7898605990304162,False,False,,
1449,6.792912,511603.0,1433.06162464986,1433.06162464986,1527.3760535206009,1548.4499376146257,-0.0136096644664462,0.961379987355954,False,False,,
1450,6.7976,513668.0,1438.8459383753502,1438.8459383753502,1533.211973899122,1548.4499376146257,-0.0098407855141752,1.0669146952204664,False,False,,
1451,6.802288000000001,517280.0,1448.9635854341736,1448.4481792717088,1542.8658055213543,1548.4499376146257,-0.0036062722840581,0.7039967552128306,False,False,,
1452,6.806976000000001,517096.0,1448.4481792717088,1448.9635854341736,1543.4327864874515,1548.4499376146257,-0.0032401119372983,0.5608348153461844,False,False,,
1453,6.811664,520600.0,1458.2633053221289,1456.4873949579833,1551.008154897566,1548.4499376146257,0.0016521149446274,0.6476545718196962,False,False,,
1454,6.816352,519966.0,1456.4873949579833,1458.2633053221289,1552.8356082356015,1548.4499376146257,0.0028322973280829,0.1521884585734518,False,False,,
1455,6.821040000000001,520718.0,1458.593837535014,1458.593837535014,1553.2176675148726,1548.4499376146257,0.003079033932212,1.026193886120849,False,False,,
1456,6.825728000000001,525882.0,1473.0588235294117,1473.0588235294117,1567.7341646730615,1548.4499376146257,0.0124538912043507,1.2413171912814522,False,False,,
1457,6.8304160000000005,527115.0,1476.5126050420167,1476.5126050420167,1571.2394414517717,1548.4499376146257,0.0147176239176664,0.7255926253284208,False,False,,
1458,6.835104,529606.0,1483.4901960784314,1483.4901960784314,1578.2685118615111,1548.4499376146257,0.0192570476594297,0.8075889435793107,False,False,,
1459,6.839792,531264.0,1488.1344537815123,1488.1344537815123,1582.964233050042,1548.4499376146257,0.0222895778526657,0.6418533017406491,False,False,,
1460,6.844480000000001,532896.0,1492.7058823529412,1492.7058823529412,1587.5871092239486,1548.4499376146257,0.0252750642165503,0.4103259171032256,False,False,,
1461,6.849168000000001,533354.0,1493.988795518207,1493.988795518207,1588.9214541136228,1548.4499376146257,0.0261367936514262,0.0954494622294568,False,False,,
1462,6.853856,533426.0,1494.190476190476,1493.988795518207,1588.9728699648613,1548.4499376146257,0.0261699983744137,0.0209733375580203,False,False,,
1463,6.858544,532873.0,1492.641456582633,1494.190476190476,1589.225950620098,1548.4499376146257,0.0263334396643702,0.8108579489407752,False,False,,
1464,6.863232000000001,537520.0,1505.6582633053222,1505.6582633053222,1600.7451218545389,1548.4499376146257,0.0337726025036842,1.6626755511896238,False,False,,
1465,6.867920000000001,542007.0,1518.2268907563025,1518.2268907563025,1613.3651175666364,1548.4499376146257,0.0419226856323248,0.9111811650492924,False,False,,
1466,6.8726080000000005,542206.0,1518.7843137254902,1518.7843137254902,1613.9738929433584,1548.4499376146257,0.042315837107186,0.4130139326083002,False,False,,
1467,6.877296,544111.0,1524.1204481792718,1524.1204481792718,1619.361363955984,1548.4499376146257,0.04579510426446,0.7134156927466266,False,False,,
1468,6.881984,545867.0,1529.0392156862745,1529.0392156862745,1624.3314521780317,1548.4499376146257,0.0490048226423781,0.5700608260199935,False,False,,
1469,6.886672000000001,547029.0,1532.2941176470588,1532.2941176470588,1627.637659014952,1548.4499376146257,0.0511399945692236,0.2355047347969767,False,False,,
1470,6.891360000000001,547051.0,1532.3557422969188,1532.3557422969188,1627.7505727069274,1548.4499376146257,0.051212915035835,0.5087022863111175,False,False,,
1471,6.896048,549629.0,1539.577030812325,1539.577030812325,1635.023134435315,1548.4499376146257,0.0559095872056764,1.3389108748913658,False,False,,
1472,6.900736,554915.0,1554.3837535014006,1551.6918767507002,1647.1892377624224,1548.4499376146257,0.063766543398816,0.8415153971474272,False,False,,
1473,6.905424000000001,553954.0,1551.6918767507002,1551.6918767507002,1647.24047933179,1548.4499376146257,0.0637996355693296,-0.1700589548763975,False,False,,
1474,6.910112000000001,552417.0,1547.3865546218487,1549.1204481792718,1644.7202765152465,1548.4499376146257,0.0621720706378951,-0.1700611331036592,False,False,,
1475,6.9148000000000005,553036.0,1549.1204481792718,1549.1204481792718,1644.771486460529,1548.4499376146257,0.0622051423853498,0.7064524975622053,False,False,,
1476,6.919488,556661.0,1559.2745098039215,1559.2745098039215,1654.9767422257394,1548.4499376146257,0.0687957692550381,0.9399048942973643,False,False,,
1477,6.924176,560888.0,1571.1148459383753,1562.6638655462184,1658.4172763087515,1548.4499376146257,0.0710176906742815,0.8225966182845568,False,False,,
1478,6.928864000000001,557871.0,1562.6638655462184,1571.1148459383753,1666.919419246655,1548.4499376146257,0.0765084351480751,0.668437249091399,False,False,,
1479,6.933552000000001,561299.0,1572.266106442577,1572.266106442577,1668.1218265065097,1548.4499376146257,0.0772849583217637,0.1309107419092736,False,False,,
1480,6.93824,561530.0,1572.9131652661065,1572.9131652661065,1668.820016300471,1548.4499376146257,0.0777358542642164,0.4498345265478001,False,False,,
1481,6.942928,565075.0,1582.843137254902,1578.6946778711483,1674.652644095596,1548.4499376146257,0.0815026068426757,0.6910044332059453,False,False,,
1482,6.947616000000001,563594.0,1578.6946778711483,1582.843137254902,1678.8522028939535,1548.4499376146257,0.0842147118299555,0.5007657235017149,False,False,,
1483,6.952304000000001,570090.0,1596.890756302521,1585.862745098039,1681.9228943810854,1548.4499376146257,0.0861977862662282,0.215022870715277,False,False,,
1484,6.9569920000000005,566153.0,1585.862745098039,1585.862745098039,1681.9739622593368,1548.4499376146257,0.0862307662657818,0.0070338972504995,False,False,,
1485,6.96168,566022.0,1585.4957983193278,1585.862745098039,1682.0250143767112,1548.4499376146257,0.0862637360868489,0.0643342126583963,False,False,,
1486,6.966368,566450.0,1586.6946778711483,1586.6946778711483,1682.9079835111822,1548.4499376146257,0.0868339638436669,0.5729157251764843,False,False,,
1487,6.971056000000001,570330.0,1597.563025210084,1594.078431372549,1690.342757622794,1548.4499376146257,0.0916353939261046,0.755625523619825,False,False,,
1488,6.975744000000001,569086.0,1594.078431372549,1597.563025210084,1693.8783563242516,1548.4499376146257,0.0939187087531273,0.341000314532998,False,False,,
1489,6.980432,572921.0,1604.8207282913163,1598.9271708683473,1695.293491105008,1548.4499376146257,0.0948326128751659,0.506924537534422,False,False,,
1490,6.98512,570817.0,1598.9271708683473,1604.8207282913163,1701.2380219138995,1548.4499376146257,0.0986716332170498,0.958010628814522,False,False,,
1491,6.989808000000001,575746.0,1612.733893557423,1612.733893557423,1709.202144834214,1548.4499376146257,0.1038149205309316,0.7193445714372775,False,False,,
1492,6.994496000000001,576709.0,1615.4313725490197,1615.1624649859943,1711.6816581901342,1548.4499376146257,0.1054162079188467,0.1928155198212611,False,False,,
1493,6.9991840000000005,576613.0,1615.1624649859943,1615.4313725490197,1712.001491958503,1548.4499376146257,0.1056227588447757,0.4880079804767234,False,False,,
1494,7.003872,579106.0,1622.1456582633052,1622.1456582633052,1718.7666881609791,1548.4499376146257,0.1099917707437963,0.469483799897084,False,False,,
1495,7.00856,579177.0,1622.3445378151262,1622.1456582633052,1718.817582936867,1548.4499376146257,0.1100246389526105,0.0207086289372426,False,False,,
1496,7.013248000000001,577855.0,1618.641456582633,1622.3445378151262,1719.0673415571227,1548.4499376146257,0.1101859348487119,0.6601018844358197,False,False,,
1497,7.017936000000001,582491.0,1631.6274509803925,1631.6274509803925,1728.4011180882185,1548.4499376146257,0.11621375422108,0.6464011474635551,False,False,,
1498,7.022624,583487.0,1634.4173669467789,1631.6274509803925,1728.4519657562885,1548.4499376146257,0.11624659200733,0.1318342350326169,False,False,,
1499,7.027312,580169.0,1625.12324929972,1633.4397759103642,1730.315122661416,1548.4499376146257,0.1174498320087457,-0.0883098012422838,False,False,,
1500,7.032000000000001,583138.0,1633.4397759103642,1630.2436974789916,1727.1698605171275,1548.4499376146257,0.1154185993108817,0.0069992440306059,False,False,,
1501,7.036688000000001,581997.0,1630.2436974789916,1633.4397759103642,1730.4167395523552,1548.4499376146257,0.1175154569207759,0.3641247002180989,False,False,,
1502,7.0413760000000005,583848.0,1635.428571428571,1635.428571428571,1732.456319996028,1548.4499376146257,0.1188326325001264,0.3685601070111932,False,False,,
1503,7.046064,585012.0,1638.689075630252,1638.689075630252,1735.767593449624,1548.4499376146257,0.1209710764841127,0.5205928275434175,False,False,,
1504,7.050752,586510.0,1642.8851540616247,1642.8851540616247,1740.014425464199,1548.4499376146257,0.1237137108511733,0.2960112283264955,False,False,,
1505,7.055440000000001,590007.0,1652.6806722689075,1642.8851540616247,1740.0651633835232,1548.4499376146257,0.1237464777609016,0.1217863601180067,False,False,,
1506,7.060128000000001,584101.0,1636.137254901961,1644.5518207282912,1741.7825523104711,1548.4499376146257,0.1248555797636396,0.0901424263802095,False,False,,
1507,7.064816,587105.0,1644.5518207282912,1644.09243697479,1741.3738751630408,1548.4499376146257,0.1245916531506424,0.0069841369807637,False,False,,
1508,7.069504,586941.0,1644.09243697479,1644.5518207282912,1741.883949873234,1548.4499376146257,0.1249210630319712,0.0069819814942366,False,False,,
1509,7.074192000000001,589723.0,1651.8851540616247,1644.09243697479,1741.4752414318757,1548.4499376146257,0.1246571162091322,0.2965792605579658,False,False,,
1510,7.078880000000001,586751.0,1643.5602240896358,1648.7563025210084,1746.1897666505156,1548.4499376146257,0.1277017901789622,0.3282188833217887,False,False,,
1511,7.0835680000000005,588606.0,1648.7563025210084,1648.7563025210084,1746.240410688043,1548.4499376146257,0.1277344964591572,0.4980018742799306,False,False,,
1512,7.088256,592565.0,1659.8459383753502,1655.8851540616247,1753.4198906361182,1548.4499376146257,0.1323710557522107,0.4979997214531035,False,False,,
1513,7.092944,591151.0,1655.8851540616247,1655.8851540616247,1753.470503418332,1548.4499376146257,0.1324037418475013,0.0069712140359676,False,False,,
1514,7.097632000000001,590876.0,1655.1148459383753,1655.8851540616247,1753.5211005801232,1548.4499376146257,0.1324364178550119,0.5138163062526431,False,False,,
1515,7.102320000000001,593778.0,1663.2436974789916,1663.2436974789916,1760.9302255436796,1548.4499376146257,0.1372212835349254,0.8024489009826752,False,False,,
1516,7.107008,595274.0,1667.4341736694678,1667.4341736694678,1765.171267669563,1548.4499376146257,0.1399601787506252,0.2955995070975028,False,False,,
1517,7.111696,596300.0,1670.3081232492998,1667.4341736694678,1765.2218179990057,1548.4499376146257,0.1399928245134715,0.2049166554414778,False,False,,
1518,7.116384000000001,594724.0,1665.8935574229693,1670.3081232492998,1768.1463023071324,1548.4499376146257,0.1418814773120449,0.4146377475261413,False,False,,
1519,7.121072000000001,597387.0,1673.3529411764705,1673.3529411764705,1771.2416393662645,1548.4499376146257,0.1438804680342768,0.2462010185454488,False,False,,
1520,7.1257600000000005,597540.0,1673.781512605042,1673.781512605042,1771.720714335278,1548.4499376146257,0.1441898580619269,0.365048472142945,False,False,,
1521,7.130448,600340.0,1681.624649859944,1678.5518207282912,1776.5415104122612,1548.4499376146257,0.1473031625090889,0.3355268626739693,False,False,,
1522,7.135136,599243.0,1678.5518207282912,1678.5518207282912,1776.591982784098,1548.4499376146257,0.1473357579263579,0.0069518744393821,False,False,,
1523,7.139824000000001,597311.0,1673.140056022409,1678.5518207282912,1776.6424395788467,1548.4499376146257,0.1473683432838325,0.1950639514534859,False,False,,
1524,7.144512000000001,600218.0,1681.282913165266,1681.282913165266,1779.4239732382894,1548.4499376146257,0.1491646775351856,0.8597320595733873,False,False,,
1525,7.1492,603663.0,1690.9327731092435,1690.9327731092435,1789.12425883726,1548.4499376146257,0.1554291910743923,0.7431955662230862,False,False,,
1526,7.153888,604034.0,1691.9719887955182,1691.9719887955182,1790.213884615857,1548.4499376146257,0.1561328791640929,0.1622581159321257,False,False,,
1527,7.158576000000001,606232.0,1698.1288515406163,1693.187675070028,1791.4799654248225,1548.4499376146257,0.156950523169372,0.0906760996514641,False,False,,
1528,7.163264000000001,604468.0,1693.187675070028,1693.187675070028,1791.5303444062124,1548.4499376146257,0.1569830582744252,0.003659070900376,False,False,,
1529,7.1679520000000005,604451.0,1693.140056022409,1693.140056022409,1791.5330887917175,1548.4499376146257,0.1569848306181339,0.0036569293408206,False,False,,
1530,7.17264,604001.0,1691.8795518207282,1693.140056022409,1791.583436681375,1548.4499376146257,0.1570173456439248,0.0574843967392979,False,False,,
1531,7.177328,604713.0,1693.873949579832,1693.873949579832,1792.3676625897854,1548.4499376146257,0.1575238043219615,0.2533139856108022,False,False,,
1532,7.182016000000001,605728.0,1696.717086834734,1696.717086834734,1795.2611166618003,1548.4499376146257,0.159392417573012,0.2027621780268873,False,False,,
1533,7.186704000000001,609207.0,1706.4621848739496,1696.717086834734,1795.3114179498336,1548.4499376146257,0.1594249025031421,0.6781584435687407,False,False,,
1534,7.1913920000000005,604163.0,1692.3333333333333,1706.4621848739496,1805.106801752795,1548.4499376146257,0.1657508311399123,0.7530161190009856,False,False,,
1535,7.19608,611060.0,1711.6526610644255,1707.549019607843,1806.2439067309383,1548.4499376146257,0.166485181634895,0.0817838478357799,False,False,,
1536,7.200768,609595.0,1707.549019607843,1707.549019607843,1806.2941614604815,1548.4499376146257,0.1665176364972205,0.0069218972093914,False,False,,
1537,7.205456000000001,606263.0,1698.2156862745098,1707.549019607843,1806.3444006801064,1548.4499376146257,0.1665500813431303,-0.2388828231919433,False,False,,
1538,7.210144,609622.0,1707.624649859944,1703.9803921568628,1802.8259969436197,1548.4499376146257,0.1642778711469732,0.0121269422452137,False,False,,
1539,7.214832,608321.0,1703.9803921568628,1707.624649859944,1806.520462860848,1548.4499376146257,0.1666637835536214,0.1076289510387908,False,False,,
1540,7.21952,609803.0,1708.1316526610644,1705.4425770308123,1804.3885827503016,1548.4499376146257,0.1652870001919129,-0.1433850843171953,False,False,,
1541,7.224208000000001,608843.0,1705.4425770308123,1705.4425770308123,1804.4387599781064,1548.4499376146257,0.1653194050030636,0.0069112224118015,False,False,,
1542,7.228896000000001,607861.0,1702.6918767507002,1705.4425770308123,1804.488921719912,1548.4499376146257,0.1653517998132459,0.0636327626878987,False,False,,
1543,7.233584,609137.0,1706.266106442577,1706.266106442577,1805.362597392263,1548.4499376146257,0.1659160257860253,0.4487342080008787,False,False,,
1544,7.238272,611133.0,1711.857142857143,1711.857142857143,1811.003764590973,1548.4499376146257,0.169559131747462,0.3920084030747617,False,False,,
1545,7.24296,614802.0,1722.1344537815123,1711.857142857143,1811.053879903452,1548.4499376146257,0.1695914965732541,0.129996924153815,False,False,,
1546,7.247648000000001,610191.0,1709.218487394958,1713.6442577030812,1812.8910945949783,1548.4499376146257,0.1707779829083285,0.1299947938025667,False,False,,
1547,7.252336000000001,611771.0,1713.6442577030812,1713.6442577030812,1812.9411789784497,1548.4499376146257,0.1708103277599473,0.0068984343829185,False,False,,
1548,7.257024,613940.0,1719.719887955182,1713.6442577030812,1812.991247904576,1548.4499376146257,0.1708426626291027,0.4253780988817794,False,False,,
1549,7.261712,610645.0,1710.4901960784314,1719.719887955182,1819.1169316302287,1548.4499376146257,0.1747986728150627,0.4932900282822103,False,False,,
1550,7.266400000000001,614292.0,1720.7058823529412,1720.7058823529412,1820.1529640537344,1548.4499376146257,0.1754677499342763,0.2231751707535032,False,False,,
1551,7.271088000000001,615061.0,1722.859943977591,1722.859943977591,1822.3570482610928,1548.4499376146257,0.1768911632160475,0.4164965831631662,False,False,,
1552,7.275776,618460.0,1732.3809523809523,1726.6526610644255,1826.199772492365,1548.4499376146257,0.179372821898014,0.4271060282818801,False,False,,
1553,7.280464,616415.0,1726.6526610644255,1728.9607843137255,1828.5578874525943,1548.4499376146257,0.1808957093372182,0.1658663052733722,False,False,,
1554,7.285152,617239.0,1728.9607843137255,1728.9607843137255,1828.6078637347807,1548.4499376146257,0.1809279843762571,0.0068835449189528,False,False,,
1555,7.289840000000001,617420.0,1729.467787114846,1728.9607843137255,1828.6578245929848,1548.4499376146257,0.1809602494543783,0.0418031376883902,False,False,,
1556,7.294528000000001,616639.0,1727.280112044818,1729.467787114846,1829.2147728330872,1548.4499376146257,0.1813199305952234,-0.1088833017961548,False,False,,
1557,7.299216,618425.0,1732.282913165266,1727.280112044818,1827.0770277875783,1548.4499376146257,0.1799393596167376,-0.0872764065417648,False,False,,
1558,7.303904,616369.0,1726.5238095238096,1728.1008403361343,1827.9476706937085,1548.4499376146257,0.1805016270074878,0.063405786682388,False,False,,
1559,7.308592000000001,616932.0,1728.1008403361343,1728.1008403361343,1827.997569903572,1548.4499376146257,0.1805338522726716,0.4282487877650496,False,False,,
1560,7.313280000000001,620108.0,1736.997198879552,1734.218487394958,1834.1651007720632,1548.4499376146257,0.1845168876415724,0.428246666600053,False,False,,
1561,7.317968,619116.0,1734.218487394958,1734.218487394958,1834.2149691862885,1548.4499376146257,0.1845490930187136,0.0068686875921812,False,False,,
1562,7.322656,618181.0,1731.5994397759105,1734.218487394958,1834.264822209822,1548.4499376146257,0.1845812884564367,-0.1735301482413298,False,False,,
1563,7.327344,619185.0,1734.4117647058824,1731.5994397759105,1831.6956122283673,1548.4499376146257,0.1829220743488029,0.0201771473608154,False,False,,
1564,7.332032000000001,618134.0,1731.467787114846,1734.4117647058824,1834.5577594147392,1548.4499376146257,0.1847704693900924,-0.0022057402278505,False,False,,
1565,7.336720000000001,622077.0,1742.5126050420167,1731.467787114846,1831.6635887036568,1548.4499376146257,0.1829013933284273,0.117220555985618,False,False,,
1566,7.341408,618019.0,1731.1456582633052,1736.0140056022408,1836.2595986993056,1548.4499376146257,0.1858695293230135,0.3199959237642638,False,False,,
1567,7.346096,619757.0,1736.0140056022408,1736.0140056022408,1836.3093748406031,1548.4499376146257,0.1859016751096409,0.0068559782666355,False,False,,
1568,7.350784000000001,619981.0,1736.641456582633,1736.0140056022408,1836.359135619688,1548.4499376146257,0.1859338109752415,0.0500718991022246,False,False,,
1569,7.355472000000001,618507.0,1732.5126050420167,1736.641456582633,1837.0363320216925,1548.4499376146257,0.1863711492356233,0.6092031345205164,False,False,,
1570,7.36016,624908.0,1750.4425770308123,1744.7591036414565,1845.2037091493955,1548.4499376146257,0.1916456995645056,0.5659829831239378,False,False,,
1571,7.364848,622879.0,1744.7591036414565,1744.7591036414565,1845.2534238702808,1548.4499376146257,0.1916778056853931,0.0068475184503142,False,False,,
1572,7.369536,621142.0,1739.8935574229693,1744.7591036414565,1845.3031232479088,1548.4499376146257,0.1917099018974958,-0.3282873174958318,False,False,,
1573,7.374224000000001,624728.0,1749.93837535014,1739.8935574229693,1840.4872610685277,1548.4499376146257,0.1885997837965514,0.247243621985131,False,False,,
1574,7.378912000000001,620860.0,1739.1036414565826,1748.249299719888,1848.8926720707632,1548.4499376146257,0.1940280580972269,0.3840343138471063,False,False,,
1575,7.3836,624125.0,1748.249299719888,1745.3697478991596,1846.0627736262968,1548.4499376146257,0.1922004895231818,-0.10043427219302,False,False,,
1576,7.388288,623097.0,1745.3697478991596,1746.6918767507002,1847.4345405297745,1548.4499376146257,0.1930863863611452,0.0979035358355204,False,False,,
1577,7.392976000000001,623569.0,1746.6918767507002,1746.6918767507002,1847.484163262115,1548.4499376146257,0.1931184330751755,0.0068348482946234,False,False,,
1578,7.397664000000001,626577.0,1755.1176470588234,1746.6918767507002,1847.5337706795892,1548.4499376146257,0.1931504698987556,-0.0701493891122737,False,False,,
1579,7.402352,623170.0,1745.5742296918768,1745.5742296918768,1846.4657157280988,1548.4499376146257,0.1924607124028589,-0.0701514978734252,False,False,,
1580,7.40704,621965.0,1742.1988795518207,1745.5742296918768,1846.515292530016,1548.4499376146257,0.1924927294546944,0.134553255676451,False,False,,
1581,7.411728,623832.0,1747.428571428571,1747.428571428571,1848.4191957679357,1548.4499376146257,0.1937222837280812,0.2397021751769585,False,False,,
1582,7.416416000000001,627142.0,1756.7002801120448,1748.955182072829,1849.9953526174488,1548.4499376146257,0.1947401770491536,0.6454479760693772,False,False,,
1583,7.421104000000001,624377.0,1748.955182072829,1756.7002801120448,1857.7899815706703,1548.4499376146257,0.1997740039517072,0.1436150054632996,False,False,,
1584,7.425792,628560.0,1760.672268907563,1750.9411764705883,1852.08039355669,1548.4499376146257,0.1960867113403775,-0.3898597414128915,False,False,,
1585,7.43048,625086.0,1750.9411764705883,1750.9411764705883,1852.1298939023543,1548.4499376146257,0.1961186790162201,0.0068179912145893,False,False,,
1586,7.435168000000001,623857.0,1747.498599439776,1750.9411764705883,1852.1793789709227,1548.4499376146257,0.1961506368260054,0.090357895580702,False,False,,
1587,7.439856000000001,625519.0,1752.1540616246498,1752.1540616246498,1853.441733921172,1548.4499376146257,0.1969658746451846,0.974782044471425,False,False,,
1588,7.444544,630519.0,1766.1596638655462,1764.9943977591035,1866.331524584146,1548.4499376146257,0.2052901932749691,0.8912379329846623,False,False,,
1589,7.449232,630103.0,1764.9943977591035,1764.9943977591035,1866.3809638497107,1548.4499376146257,0.2053221215048485,-0.2499904527082606,False,True,1440.0,4.0
1590,7.45392,628356.0,1760.1008403361343,1761.266106442577,1862.7020965405045,1548.4499376146257,0.2029462827903766,-0.2499925543214551,False,False,,
1591,7.458608000000001,628772.0,1761.266106442577,1761.266106442577,1862.7515052942888,1548.4499376146257,0.2029781913155308,0.2209661828974347,False,False,,
1592,7.463296000000001,630881.0,1767.173669467787,1764.375350140056,1865.910142496724,1548.4499376146257,0.2050180617212226,0.2209640825812577,False,False,,
1593,7.467984,629882.0,1764.375350140056,1764.375350140056,1865.9595207575587,1548.4499376146257,0.2050499505538126,-0.0736538302395288,False,False,,
1594,7.472672,629465.0,1763.2072829131653,1763.2072829131653,1864.8408165520852,1548.4499376146257,0.2043274834088968,-0.407438088234116,False,False,,
1595,7.477360000000001,622628.0,1744.0560224089636,1758.361344537815,1860.0442259634383,1548.4499376146257,0.2012298110385289,-0.4276986413416992,False,False,,
1596,7.482048000000001,627735.0,1758.361344537815,1756.8991596638657,1858.63137364618,1548.4499376146257,0.2003173809476764,0.0067948805933042,False,False,,
1597,7.486736,627213.0,1756.8991596638657,1758.361344537815,1860.1428758515096,1548.4499376146257,0.2012935198389717,0.4773677463713319,False,False,,
1598,7.491424,629652.0,1763.731092436975,1763.731092436975,1865.5619258614363,1548.4499376146257,0.2047931809376538,0.3766521892565819,False,False,,
1599,7.496112,630659.0,1766.5518207282912,1763.731092436975,1865.611212756288,1548.4499376146257,0.2048250107654413,-0.4388974128765248,False,False,,
1600,7.500800000000001,627342.0,1757.2605042016808,1757.2605042016808,1859.1898962046268,1548.4499376146257,0.2006780787945225,-0.7705593526817403,False,False,,
1601,7.505488000000001,624397.0,1749.011204481793,1752.4453781512605,1854.4240266313143,1548.4499376146257,0.1976002462746967,-0.3248754429911678,False,False,,
1602,7.510176,625623.0,1752.4453781512605,1752.4453781512605,1854.4732679065908,1548.4499376146257,0.1976320466410375,0.5292575023456649,False,False,,
1603,7.514864,630818.0,1766.997198879552,1760.03081232493,1862.1079281583968,1548.4499376146257,0.2025625646166894,0.7681122373631162,False,False,,
1604,7.519552000000001,628331.0,1760.03081232493,1763.498599439776,1865.6249261589296,1548.4499376146257,0.2048338669785539,0.0067781220872156,False,False,,
1605,7.524240000000001,629569.0,1763.498599439776,1760.03081232493,1862.20633474201,1548.4499376146257,0.20262611628938,-0.4365947220280333,False,False,,
1606,7.528928,627271.0,1757.06162464986,1757.06162464986,1859.2863275817929,1548.4499376146257,0.2007403548648192,-0.1977399850730954,False,False,,
1607,7.533616,625519.0,1752.1540616246498,1757.06162464986,1859.3354929182576,1548.4499376146257,0.2007721061893347,-0.1045531839039597,False,False,,
1608,7.538304,628591.0,1760.7591036414565,1755.4453781512605,1857.76839658242,1548.4499376146257,0.1997600642125358,0.2105119316796404,False,False,,
1609,7.542992000000001,626694.0,1755.4453781512605,1760.0196078431372,1862.3917612680384,1548.4499376146257,0.2027458660607639,0.0067676690164404,False,False,,
1610,7.547680000000001,628327.0,1760.0196078431372,1755.4453781512605,1857.866651405565,1548.4499376146257,0.199823517877235,-0.5182178038069729,False,False,,
1611,7.552368,625606.0,1752.3977591036414,1752.3977591036414,1854.8681370276909,1548.4499376146257,0.19788705593227,-0.2031526862887958,False,False,,
1612,7.557056,625533.0,1752.1932773109245,1752.3977591036414,1854.917226542456,1548.4499376146257,0.1979187582905914,0.2959749634701687,False,False,,
1613,7.561744000000001,629666.0,1763.7703081232494,1756.596638655462,1859.1651804587389,1548.4499376146257,0.200662117189767,0.4265916753522312,False,False,,
1614,7.566432000000001,627105.0,1756.596638655462,1758.4929971988795,1861.1105982209915,1548.4499376146257,0.2019184818386944,0.0067572320663096,False,False,,
1615,7.57112,627782.0,1758.4929971988795,1756.596638655462,1859.2632837554577,1548.4499376146257,0.2007254729976207,0.0067551466085262,False,False,,
1616,7.575808,625670.0,1752.577030812325,1758.4929971988795,1861.2086712404785,1548.4499376146257,0.2019818180932959,-0.2701124862569166,False,False,,
1617,7.580496,628213.0,1759.7002801120448,1752.577030812325,1855.341718663919,1548.4499376146257,0.1981928983264759,0.0899071108709286,False,False,,
1618,7.585184000000001,625381.0,1751.767507002801,1759.7002801120448,1862.513966646696,1548.4499376146257,0.2028247871648234,-0.049010090842593,False,False,,
1619,7.589872000000001,629219.0,1762.5182072829132,1751.767507002801,1854.63017709824,1548.4499376146257,0.1977333797147376,0.1323492305715596,False,False,,
1620,7.59456,624547.0,1749.4313725490197,1761.5238095238096,1864.4354480624336,1548.4499376146257,0.2040656935506623,0.0513133293880727,False,False,,
1621,7.599248,628864.0,1761.5238095238096,1752.4145658263303,1855.3751576952031,1548.4499376146257,0.1982144934910801,-0.6206906364358424,False,False,,
1622,7.603936000000001,625612.0,1752.4145658263303,1752.4145658263303,1855.424095917179,1548.4499376146257,0.1982460981434406,0.0067405664144928,False,False,,
1623,7.608624000000001,624671.0,1749.778711484594,1752.4145658263303,1855.4730190355451,1548.4499376146257,0.1982776930417824,-0.1748158558623842,False,False,,
1624,7.613312,627247.0,1756.9943977591035,1749.778711484594,1852.886072713227,1548.4499376146257,0.196607024678875,-0.1835001304213115,False,False,,
1625,7.618,621684.0,1741.4117647058824,1749.6526610644255,1852.808915218188,1548.4499376146257,0.1965571958189522,-0.0019478674892177,False,False,,
1626,7.622688,624626.0,1749.6526610644255,1749.6526610644255,1852.8577930536871,1548.4499376146257,0.1965887614732961,0.3474601638925776,False,False,,
1627,7.627376000000001,628301.0,1759.9467787114845,1754.5994397759105,1857.853434515699,1548.4499376146257,0.1998149823156098,0.3474580861452168,False,False,,
1628,7.632064000000001,626392.0,1754.5994397759105,1754.5994397759105,1857.9022821859085,1548.4499376146257,0.1998465284889944,-0.5234646069214719,False,False,,
1629,7.636752,622422.0,1743.4789915966387,1746.9019607843138,1850.2536357888584,1548.4499376146257,0.1949069781611143,-0.7592365089744497,False,False,,
1630,7.64144,623644.0,1746.9019607843138,1743.4789915966387,1846.8794841247193,1548.4499376146257,0.1927279269808503,-0.0262683987033582,False,False,,
1631,7.646128000000001,617575.0,1729.9019607843138,1746.422969187675,1849.872264172933,1548.4499376146257,0.1946606856548725,-0.1227393059605468,False,False,,
1632,7.650816000000001,623473.0,1746.422969187675,1741.5994397759105,1845.097522156636,1548.4499376146257,0.1915771232481651,-0.3255188655223158,False,False,,
1633,7.655504,621751.0,1741.5994397759105,1741.5994397759105,1845.1462944950435,1548.4499376146257,0.1916086207717353,-0.2562563179962929,False,False,,
1634,7.660192,620388.0,1737.781512605042,1737.781512605042,1841.3771246101687,1548.4499376146257,0.1891744640106319,-0.2969682383941752,False,False,,
1635,7.66488,620177.0,1737.190476190476,1737.190476190476,1840.834830433828,1548.4499376146257,0.1888242465685517,-0.0339962747843998,False,False,,
1636,7.669568000000001,617739.0,1730.361344537815,1737.190476190476,1840.8835576289296,1548.4499376146257,0.1888557149382534,-0.4160149217792046,False,False,,
1637,7.674256000000001,621347.0,1740.467787114846,1731.0532212885155,1834.795014883589,1548.4499376146257,0.1849236906619504,0.2324464960759265,False,False,,
1638,7.678944,617986.0,1731.0532212885155,1740.467787114846,1844.2582778326996,1548.4499376146257,0.1910351332854612,0.7933142150474239,False,False,,
1639,7.683632,622594.0,1743.9607843137255,1742.4733893557425,1846.3125621671757,1548.4499376146257,0.1923618047422347,0.1448486557831145,False,False,,
1640,7.688320000000001,622063.0,1742.4733893557425,1742.4733893557425,1846.3612292361936,1548.4499376146257,0.1923932342820835,-0.0687354078544615,False,False,,
1641,7.693008000000001,621672.0,1741.3781512605042,1741.3781512605042,1845.3146431900489,1548.4499376146257,0.1917173415581914,-0.6429199651445359,False,False,,
1642,7.697696,618696.0,1733.0420168067226,1733.0420168067226,1837.0271457700712,1548.4499376146257,0.1863652166888886,-0.5674834066123751,False,False,,
1643,7.702384,616796.0,1727.719887955182,1733.0420168067226,1837.07576779322,1548.4499376146257,0.186396617137794,-0.3079843158454522,False,False,,
1644,7.707072,619830.0,1736.218487394958,1728.4733893557425,1832.5557473593656,1548.4499376146257,0.1834775557435218,0.0269534022410127,False,False,,
1645,7.711760000000001,617065.0,1728.4733893557425,1733.3361344537816,1837.46708447314,1548.4499376146257,0.186649332237207,0.0066928812704105,False,False,,
1646,7.716448000000001,618801.0,1733.3361344537816,1728.4733893557425,1832.6529163940745,1548.4499376146257,0.1835403081983143,-0.5829266859608921,False,False,,
1647,7.721136,615026.0,1722.7619047619048,1724.7759103641456,1829.0039994293184,1548.4499376146257,0.1811838116296379,-0.247988965961234,False,False,,
1648,7.725824,615745.0,1724.7759103641456,1724.7759103641456,1829.0525464686527,1548.4499376146257,0.1812151636534619,0.0066866863904699,False,False,,
1649,7.730512000000001,616293.0,1726.310924369748,1724.7759103641456,1829.1010785251067,1548.4499376146257,0.181246506001235,0.0489379711531796,False,False,,
1650,7.735200000000001,613903.0,1719.6162464985994,1725.3893557422969,1829.763040981455,1548.4499376146257,0.181674006070994,0.0489359081045357,False,False,,
1651,7.739888,615964.0,1725.3893557422969,1725.3893557422969,1829.8115430860191,1548.4499376146257,0.1817053290756231,0.0066804972443605,False,False,,
1652,7.744576,618443.0,1732.3333333333333,1725.3893557422969,1829.8600302215705,1548.4499376146257,0.1817366424131572,0.4849709048899591,False,False,,
1653,7.749264,612175.0,1714.7759103641456,1732.3333333333333,1836.8524799837653,1548.4499376146257,0.1862524162798712,-0.724364435123654,False,False,,
1654,7.753952000000001,618741.0,1733.1680672268908,1714.7759103641456,1819.3435142259616,1548.4499376146257,0.1749450014694344,-1.0029684826552696,False,False,,
1655,7.758640000000001,611728.0,1713.5238095238096,1717.6750700280113,1822.2911161460545,1548.4499376146257,0.1768485837864924,-0.0795708819139839,False,False,,
1656,7.763328,613210.0,1717.6750700280113,1713.5238095238096,1818.188282947538,1548.4499376146257,0.1741989448806089,0.0066701947284819,False,False,,
1657,7.768016,609667.0,1707.750700280112,1717.6750700280113,1822.387955811497,1548.4499376146257,0.1769111235322666,0.4494600753505935,False,False,,
1658,7.772704000000001,614023.0,1719.952380952381,1719.952380952381,1824.7136641543095,1548.4499376146257,0.1784130825470961,0.1635243991239079,False,False,,
1659,7.777392000000001,617168.0,1728.7619047619048,1719.952380952381,1824.7620466360484,1548.4499376146257,0.1784443282984527,-0.2813919117248993,False,False,,
1660,7.78208,609600.0,1707.563025210084,1715.7703081232494,1820.628341356562,1548.4499376146257,0.1757747519827636,-0.5293188668444699,False,False,,
1661,7.786768,612530.0,1715.7703081232494,1712.170868347339,1817.0772542028112,1548.4499376146257,0.1734814346029192,-0.2107808393929993,False,False,,
1662,7.791456,611245.0,1712.170868347339,1712.6134453781513,1817.568168932905,1548.4499376146257,0.1737984708326149,0.0371420036151342,False,False,,
1663,7.796144000000001,611403.0,1712.6134453781513,1712.6134453781513,1817.616491713914,1548.4499376146257,0.1738296780288147,0.0066557978931491,False,False,,
1664,7.800832000000001,612149.0,1714.703081232493,1712.6134453781513,1817.664799581254,1548.4499376146257,0.173860875593661,-0.3263566645775171,False,False,,
1665,7.80552,609677.0,1707.778711484594,1707.778711484594,1812.8783586459713,1548.4499376146257,0.170769757941736,-0.4627656466482044,False,False,,
1666,7.810208,608970.0,1705.7983193277312,1705.7983193277312,1810.9462445429183,1548.4499376146257,0.1695219848906876,-0.2366447571524759,False,False,,
1667,7.814896000000001,607956.0,1702.9579831932774,1704.2464985994395,1809.442686968572,1548.4499376146257,0.1685509766986743,-0.1889912063593222,False,False,,
1668,7.819584000000001,608416.0,1704.2464985994395,1702.9579831932774,1808.2024198210888,1548.4499376146257,0.1677500033398625,0.0066455334680917,False,False,,
1669,7.824272000000001,607528.0,1701.7591036414565,1704.2464985994395,1809.5391685952611,1548.4499376146257,0.1686132852204711,-0.075933837771636,False,False,,
1670,7.82896,612567.0,1715.873949579832,1701.7591036414565,1807.0999921192144,1548.4499376146257,0.1670380476769157,-0.1635295876461526,False,False,,
1671,7.833648,606910.0,1700.0280112044818,1701.7759103641456,1807.1650024423611,1548.4499376146257,0.1670800318067009,0.007797008397695,False,False,,
1672,7.838336000000001,607534.0,1701.7759103641456,1701.7759103641456,1807.213191165932,1548.4499376146257,0.1671111524276524,0.0066373333264841,False,False,,
1673,7.843024000000001,608431.0,1704.2885154061626,1701.7759103641456,1807.261365017208,1548.4499376146257,0.16714226344397,-0.6588067187712525,False,False,,
1674,7.847712,604085.0,1692.1148459383753,1692.1148459383753,1797.648459575009,1548.4499376146257,0.1609341806324535,-0.7228640710898233,False,False,,
1675,7.8524,603753.0,1691.18487394958,1691.18487394958,1796.7666317066682,1548.4499376146257,0.1603646899134321,-0.0869435772502136,False,False,,
1676,7.857088000000001,600509.0,1682.0980392156862,1690.7563025210084,1796.386189540022,1548.4499376146257,0.1601189976521555,-0.0228903193111911,False,False,,
1677,7.861776000000001,603600.0,1690.7563025210084,1690.7563025210084,1796.434303948004,1548.4499376146257,0.1601500702795703,0.0066270973770734,False,False,,
1678,7.866464000000001,606060.0,1697.6470588235295,1690.7563025210084,1796.4824035066265,1548.4499376146257,0.160181133317163,0.2582157661302382,False,False,,
1679,7.871152,603236.0,1689.7366946778711,1694.408963585434,1800.1831492848985,1548.4499376146257,0.1625711013028073,-0.0636063023309354,False,False,,
1680,7.87584,604904.0,1694.408963585434,1689.7366946778711,1795.558950250987,1548.4499376146257,0.1595847606265081,-0.375588549289592,False,False,,
1681,7.880528000000001,602923.0,1688.859943977591,1688.859943977591,1794.7302545887435,1548.4499376146257,0.1590495830646684,-0.8436573659125592,False,False,,
1682,7.885216000000001,598829.0,1677.3921568627452,1677.3921568627452,1783.310507680898,1548.4499376146257,0.1516746291637128,-1.0043764829182449,False,False,,
1683,7.889904,597683.0,1674.1820728291316,1674.1820728291316,1780.148449027826,1548.4499376146257,0.1496325491608273,-0.2144917280400662,False,False,,
1684,7.894592,597003.0,1672.2773109243697,1674.1820728291316,1780.1964595864845,1548.4499376146257,0.1496635547216093,-0.0848396592434213,False,False,,
1685,7.899280000000001,601764.0,1685.6134453781513,1672.8543417366948,1778.9167242353976,1548.4499376146257,0.1488370925157608,0.3899778913426903,False,False,,
1686,7.903968000000001,597209.0,1672.8543417366948,1679.7478991596638,1785.858262586981,1548.4499376146257,0.1533199874308375,0.4814283038979656,False,False,,
1687,7.908656000000001,599670.0,1679.7478991596638,1679.7478991596638,1785.9062287074312,1548.4499376146257,0.153350964293108,0.0066066728108502,False,False,,
1688,7.913344,600873.0,1683.1176470588234,1679.7478991596638,1785.9541800242876,1548.4499376146257,0.1533819315951121,-0.5644908520562595,False,False,,
1689,7.918032,596710.0,1671.4565826330531,1671.4565826330531,1777.710800015508,1548.4499376146257,0.1480582980642287,-1.236494774642949,False,False,,
1690,7.922720000000001,593227.0,1661.7002801120448,1661.7002801120448,1768.0024192178732,1548.4499376146257,0.141788556588059,-0.665401326499941,False,False,,
1691,7.927408000000001,591868.0,1657.8935574229693,1661.7002801120448,1768.0503261513552,1548.4499376146257,0.1418194952269637,0.0851241499286317,False,False,,
1692,7.932096,593634.0,1662.8403361344538,1662.8403361344538,1769.2382743219189,1548.4499376146257,0.1425866806177898,0.1858355741381903,False,False,,
1693,7.936784,595407.0,1667.8067226890755,1664.3025210084031,1770.7483365632588,1548.4499376146257,0.1435618895700833,0.1073079089835005,False,False,,
1694,7.941472000000001,594156.0,1664.3025210084031,1664.3025210084031,1770.796199154447,1548.4499376146257,0.143592799572419,0.006592413080142,False,False,,
1695,7.946160000000001,591042.0,1655.579831932773,1664.3025210084031,1770.844046973993,1548.4499376146257,0.1436237000351228,-0.4111196643889823,False,False,,
1696,7.950848000000001,596195.0,1670.0140056022408,1658.2380952380952,1764.827454256148,1548.4499376146257,0.139738141599108,-0.4111216983513799,False,False,,
1697,7.955536,591991.0,1658.2380952380952,1658.2380952380952,1764.8752725460856,1548.4499376146257,0.1397690229913804,-0.895011393367346,False,False,,
1698,7.960224,586789.0,1643.6666666666667,1645.1484593837536,1751.833440223712,1548.4499376146257,0.1313465147748961,-0.8950134260745966,False,False,,
1699,7.964912000000001,587318.0,1645.1484593837536,1645.1484593837536,1751.881229002265,1548.4499376146257,0.1313773771085061,0.098034699211535,False,False,,
1700,7.969600000000001,589504.0,1651.2717086834734,1646.4761904761904,1753.2567341243937,1548.4499376146257,0.1322656881147034,0.0980326677588703,False,False,,
1701,7.974288,587792.0,1646.4761904761904,1646.4761904761904,1753.3044934097752,1548.4499376146257,0.1322965314014133,-0.0150308342570877,False,False,,
1702,7.978976,587680.0,1646.1624649859943,1646.1624649859943,1753.038512465202,1548.4499376146257,0.1321247590127089,-0.6214359428706064,False,False,,
1703,7.983664000000001,584537.0,1637.358543417367,1637.358543417367,1744.282320706987,1548.4499376146257,0.1264699480010571,-0.59982895405847,False,False,,
1704,7.988352000000001,582529.0,1631.733893557423,1637.358543417367,1744.3300357867377,1548.4499376146257,0.1265007627394553,-0.3243159986023496,False,False,,
1705,7.993040000000001,585700.0,1640.6162464985994,1632.5546218487395,1739.5738145717444,1548.4499376146257,0.1234291611981616,-0.3243180269221355,False,False,,
1706,7.997728,582822.0,1632.5546218487395,1632.5546218487395,1739.6215002038073,1548.4499376146257,0.1234599569190335,-0.2525472435531632,False,False,,
1707,8.002416,581479.0,1628.7927170868347,1628.7927170868347,1735.9072663569375,1548.4499376146257,0.1210612782426072,-0.4867755948959082,False,False,,
1708,8.007104,580102.0,1624.9355742296918,1625.3921568627452,1732.5543623353972,1548.4499376146257,0.1188959489412896,-0.2591111776445522,False,False,,
1709,8.011792,580265.0,1625.3921568627452,1624.9355742296918,1732.145421196948,1548.4499376146257,0.118631851841012,-0.0953091266004975,False,False,,
1710,8.016480000000001,579737.0,1623.9131652661065,1623.9131652661065,1731.1706390245608,1548.4499376146257,0.1180023305702831,-0.0638623125362354,False,False,,
1711,8.021168000000001,578622.0,1620.7899159663866,1623.9131652661065,1731.2182511168912,1548.4499376146257,0.1180330787986719,-0.2085675852134283,False,False,,
1712,8.025856000000001,579983.0,1624.6022408963586,1620.7899159663866,1728.14259921517,1548.4499376146257,0.1160468008913221,-0.7240990477567788,False,False,,
1713,8.030544,573465.0,1606.3445378151262,1613.3053221288517,1720.705588085837,1548.4499376146257,0.1112439261269046,-0.9884256709557366,False,False,,
1714,8.035232,575950.0,1613.3053221288517,1606.3445378151262,1713.7923717950512,1548.4499376146257,0.1067793218004415,-0.0104266740861813,False,False,,
1715,8.03992,572303.0,1603.089635854342,1613.0588235294117,1720.5542108515451,1548.4499376146257,0.1111461656306726,-0.2176437474488715,False,False,,
1716,8.044608,575862.0,1613.0588235294117,1603.089635854342,1710.6325618424846,1548.4499376146257,0.104738694024361,-1.11943641111756,False,False,,
1717,8.049296,567323.0,1589.140056022409,1596.7114845938374,1704.301934576319,1548.4499376146257,0.1006503298400348,-0.4327732852381576,False,False,,
1718,8.053984,570026.0,1596.7114845938374,1596.7114845938374,1704.3494439035155,1548.4499376146257,0.1006810117019682,0.4487568820534147,False,False,,
1719,8.058672000000001,573065.0,1605.2240896358544,1603.1316526610644,1710.8171066353234,1548.4499376146257,0.1048578743661698,0.4487548624799622,False,False,,
1720,8.063360000000001,572318.0,1603.1316526610644,1603.1316526610644,1710.8645866418142,1548.4499376146257,0.1048885372925825,-0.6151054365778386,False,False,,
1721,8.068048000000001,568652.0,1592.862745098039,1594.1064425770307,1701.8868419107048,1548.4499376146257,0.0990906457928162,-0.654466738390937,False,False,,
1722,8.072736,569096.0,1594.1064425770307,1593.5350140056023,1701.3628640431566,1548.4499376146257,0.0987522571534293,-0.0328236022126819,False,False,,
1723,8.077424,568892.0,1593.5350140056023,1593.5350140056023,1701.410300102514,1548.4499376146257,0.0987828916984701,-0.8034186498982052,False,False,,
1724,8.082112,562128.0,1574.5882352941176,1581.7759103641456,1689.6986178804116,1548.4499376146257,0.0912194038919841,-1.2984987125589331,False,False,,
1725,8.0868,564694.0,1581.7759103641456,1574.5882352941176,1682.5583495942528,1548.4499376146257,0.0866081677695181,-0.0048536902882414,False,False,,
1726,8.091488,561680.0,1573.3333333333333,1581.6106442577031,1689.62815071074,1548.4499376146257,0.0911738956918415,-0.0799084568559802,False,False,,
1727,8.096176,564635.0,1581.6106442577031,1573.3333333333333,1681.3982173128186,1548.4499376146257,0.0858589460780365,-0.5688145123977009,False,False,,
1728,8.100864000000001,560310.0,1569.4957983193278,1573.2577030812324,1681.3699499652282,1548.4499376146257,0.0858406908236019,-0.2578010117629823,False,False,,
1729,8.105552000000001,561653.0,1573.2577030812324,1569.4957983193278,1677.6553934904084,1548.4499376146257,0.0834418037917473,-0.5311956952087673,False,False,,
1730,8.110240000000001,558866.0,1565.450980392157,1565.450980392157,1673.6579092374077,1548.4499376146257,0.0808601999853247,-0.3176157137255941,False,False,,
1731,8.114928,558630.0,1564.7899159663866,1564.7899159663866,1673.0441638774032,1548.4499376146257,0.0804638388598562,-0.6581527030520808,False,False,,
1732,8.119616,555421.0,1555.8011204481793,1555.8011204481793,1664.102672821066,1548.4499376146257,0.0746893602415086,-0.6126214257989737,False,False,,
1733,8.124304,552772.0,1548.3809523809523,1555.8011204481793,1664.1499626835468,1548.4499376146257,0.0747199003715653,-0.0924634941228355,False,False,,
1734,8.128992,555657.0,1556.4621848739496,1554.3641456582634,1662.7602631612292,1548.4499376146257,0.073822422520613,-0.0924655043670616,False,False,,
1735,8.13368,554908.0,1554.3641456582634,1554.3641456582634,1662.8075238384486,1548.4499376146257,0.0738529438026198,0.0065095077166468,False,False,,
1736,8.138368,552097.0,1546.4901960784314,1554.3641456582634,1662.8547699297924,1548.4499376146257,0.0738834556649642,-0.3652833800984778,False,False,,
1737,8.143056000000001,555693.0,1556.563025210084,1548.9663865546215,1657.5042423361203,1548.4499376146257,0.0704280468308146,-0.3652853884820555,False,False,,
1738,8.147744000000001,552981.0,1548.9663865546215,1548.9663865546215,1657.551459269216,1548.4499376146257,0.0704585398625547,-0.33904787392194,False,False,,
1739,8.152432000000001,551190.0,1543.9495798319329,1543.9495798319329,1652.5818549072476,1548.4499376146257,0.0672491339649226,-1.2419981492751049,False,False,,
1740,8.15712,546510.0,1530.8403361344538,1530.8403361344538,1639.5197990026113,1548.4499376146257,0.0588135652149518,-0.9585747271674504,False,False,,
1741,8.161808,545630.0,1528.375350140056,1529.93837535014,1638.6650114477586,1548.4499376146257,0.058261537323001,-0.0556284648637035,False,False,,
1742,8.166496,546188.0,1529.93837535014,1529.93837535014,1638.7121701183328,1548.4499376146257,0.0582919927283897,0.3014971461865698,False,False,,
1743,8.171184,547717.0,1534.221288515406,1534.221288515406,1643.0422273997792,1548.4499376146257,0.0610883745656462,0.3014951415191786,False,False,,
1744,8.175872,550010.0,1540.6442577030812,1534.221288515406,1643.0893569660575,1548.4499376146257,0.0611188111752734,-0.7403702489246271,False,False,,
1745,8.18056,543846.0,1523.3781512605042,1523.3781512605042,1632.293334732023,1548.4499376146257,0.0541466631117292,-0.7403722523549732,False,False,,
1746,8.185248000000001,542105.0,1518.501400560224,1523.3781512605042,1632.3404352119674,1548.4499376146257,0.0541770809371948,-0.0963483322432434,False,False,,
1747,8.189936000000001,548899.0,1537.532212885154,1521.8851540616247,1630.8945239565978,1548.4499376146257,0.0532433011486167,-0.0963503344369893,False,False,,
1748,8.194624000000001,543313.0,1521.8851540616247,1521.8851540616247,1630.9415953681596,1548.4499376146257,0.0532737002015136,-0.5090459996238037,False,False,,
1749,8.199312,540641.0,1514.4005602240895,1514.4005602240895,1623.5040584147223,1548.4499376146257,0.0484704858561441,-0.5090480005819149,False,False,,
1750,8.204,537362.0,1505.2156862745098,1514.4005602240895,1623.551100775841,1548.4499376146257,0.0485008661480578,-0.4685330914515262,False,False,,
1751,8.208688,540994.0,1515.3893557422969,1507.5042016806722,1616.7017700750444,1548.4499376146257,0.0440775195906948,-0.4685350911747363,False,False,,
1752,8.213376,538179.0,1507.5042016806722,1507.5042016806722,1616.748783403648,1548.4499376146257,0.0441078811332037,-0.383258642727676,False,False,,
1753,8.218064,536159.0,1501.8459383753502,1501.8459383753502,1611.1375189173923,1548.4499376146257,0.0404840865564803,-0.383260641216717,False,False,,
1754,8.222752,533133.0,1493.3697478991596,1501.8459383753502,1611.1845032313995,1548.4499376146257,0.0405144293611559,-0.4322688057821655,False,False,,
1755,8.227440000000001,538504.0,1508.4145658263303,1495.4761904761904,1604.8617251456635,1548.4499376146257,0.0364311342334645,-0.4322708030378415,False,False,,
1756,8.232128000000001,533885.0,1495.4761904761904,1495.4761904761904,1604.9086804629803,1548.4499376146257,0.0364614583118709,-0.1224149110568677,False,False,,
1757,8.236816000000001,533217.0,1493.6050420168067,1493.6050420168067,1603.0844728292795,1548.4499376146257,0.0352833720273954,-0.233163126300437,False,False,,
1758,8.241504,532643.0,1491.997198879552,1491.997198879552,1601.5235560305464,1548.4499376146257,0.0342753208396781,-0.789597345108116,False,False,,
1759,8.246192,528358.0,1479.9943977591035,1482.047619047619,1591.6208880544452,1548.4499376146257,0.027880107319662,-0.8202764284987345,False,False,,
1760,8.25088,529091.0,1482.047619047619,1479.9943977591035,1589.614564143541,1548.4499376146257,0.0265844090460743,-0.4863033260353973,False,False,,
1761,8.255568,526537.0,1474.8935574229693,1474.8935574229693,1584.560606711266,1548.4499376146257,0.0233205273347543,-0.3448820117755624,False,False,,
1762,8.260256,525501.0,1471.9915966386554,1474.8935574229693,1584.6074751458402,1548.4499376146257,0.0233507953036668,0.4525273612001341,False,False,,
1763,8.264944,528849.0,1481.3697478991596,1481.3697478991596,1591.1305195917855,1548.4499376146257,0.0275634238733666,0.452525368870464,False,False,,
1764,8.269632000000001,529529.0,1483.2745098039215,1481.3697478991596,1591.1773591011852,1548.4499376146257,0.0275936731621953,-0.0768975732645165,False,False,,
1765,8.274320000000001,528417.0,1480.1596638655462,1480.1596638655462,1590.0141001210793,1548.4499376146257,0.0268424322264387,-0.6312094734596987,False,False,,
1766,8.279008000000001,523818.0,1467.2773109243697,1472.1120448179272,1582.0132916755367,1548.4499376146257,0.0216754531390374,-0.7967519797837119,False,False,,
1767,8.283696,525544.0,1472.1120448179272,1468.498599439776,1578.4466424524912,1548.4499376146257,0.0193720856639869,-0.242444060560055,False,False,,
1768,8.288384,524254.0,1468.498599439776,1468.498599439776,1578.493424165085,1548.4499376146257,0.0194022976272264,-0.3242516194157141,False,False,,
1769,8.293072,522540.0,1463.6974789915969,1463.6974789915969,1573.7390709914444,1548.4499376146257,0.0163319024803453,-0.7249851364928144,False,False,,
1770,8.29776,520463.0,1457.8795518207282,1457.8795518207282,1567.967896661516,1548.4499376146257,0.0126048369874701,-0.3942919681740022,False,False,,
1771,8.302448,519406.0,1454.9187675070027,1457.8795518207282,1568.014635073312,1548.4499376146257,0.012635020986746,0.2211771930397241,False,False,,
1772,8.307136,521576.0,1460.997198879552,1460.997198879552,1571.1790061192405,1548.4499376146257,0.0146785943494104,0.2211752062371501,False,False,,
1773,8.311824000000001,524151.0,1468.2100840336134,1460.997198879552,1571.2257156861062,1548.4499376146257,0.0147087597204251,-0.0022485950348614,False,False,,
1774,8.316512000000001,515736.0,1444.638655462185,1460.8711484593837,1571.146360417015,1548.4499376146257,0.0146575115223636,-0.5289704037332676,False,False,,
1775,8.321200000000001,521531.0,1460.8711484593837,1453.2240896358544,1563.5459823332233,1548.4499376146257,0.0097491332150221,-0.5202901938102902,False,False,,
1776,8.325888,518801.0,1453.2240896358544,1453.2240896358544,1563.5926486660687,1548.4499376146257,0.0097792706651985,-0.6615225483171193,False,False,,
1777,8.330576,515339.0,1443.5266106442575,1443.5266106442575,1553.941821604872,1548.4499376146257,0.0035466978020011,-0.7865481384231476,False,False,,
1778,8.335264,514691.0,1441.7114845938374,1441.7114845938374,1552.1733330868512,1548.4499376146257,0.0024045953193434,-0.118599928271777,False,False,,
1779,8.339952,514390.0,1440.8683473389356,1441.7114845938374,1552.2199562256935,1548.4499376146257,0.002434704874525,-0.0516525413270076,False,False,,
1780,8.34464,514825.0,1442.0868347338935,1440.8683473389356,1551.4234277205196,1548.4499376146257,0.0019203010918614,-0.4209372124073083,False,False,,
1781,8.349328,512476.0,1435.5070028011205,1435.5070028011205,1546.1086775477584,1548.4499376146257,-0.0015120024290057,-0.3628649567898876,False,False,,
1782,8.354016000000001,509829.0,1428.09243697479,1435.5070028011205,1546.1552575325777,1548.4499376146257,-0.0014819207429997,-0.3921934624196172,False,False,,
1783,8.358704000000001,514293.0,1440.596638655462,1429.719887955182,1540.4147082956624,1548.4499376146257,-0.0051892083326512,-0.1965566510422961,False,False,,
1784,8.363392000000001,510410.0,1429.719887955182,1432.5602240896358,1543.3015956677796,1548.4499376146257,-0.0033248359031722,0.0064117921836551,False,False,,
1785,8.36808,511424.0,1432.5602240896358,1429.719887955182,1540.5077964040652,1548.4499376146257,-0.0051290913691372,-1.139639911696973,False,False,,
1786,8.372768,505393.0,1415.6666666666667,1415.921568627451,1526.7559995845834,1548.4499376146257,-0.0140100997152426,-0.9440030984869756,False,False,,
1787,8.377456,505484.0,1415.921568627451,1415.921568627451,1526.8025077347752,1548.4499376146257,-0.0139800644205507,0.0968936219625933,False,False,,
1788,8.382144,508447.0,1424.221288515406,1417.235294117647,1528.1627270215365,1548.4499376146257,-0.0131016251157213,0.09689164494816,False,False,,
1789,8.386832,505953.0,1417.235294117647,1417.235294117647,1528.2092064689057,1548.4499376146257,-0.0130716083575168,0.0064019040588354,False,False,,
1790,8.39152,505774.0,1416.733893557423,1417.235294117647,1528.2556715715068,1548.4499376146257,-0.0130416008632657,-0.0281359136178152,False,False,,
1791,8.396208000000001,507783.0,1422.361344537815,1416.733893557423,1527.8007217735433,1548.4499376146257,-0.0133354106835976,-0.0167545666176485,False,False,,
1792,8.400896000000001,502581.0,1407.7899159663866,1416.8991596638657,1528.0124243063317,1548.4499376146257,-0.0131986916798729,-0.6096539831170671,False,False,,
1793,8.405584000000001,505833.0,1416.8991596638657,1407.7899159663866,1518.9496027037078,1548.4499376146257,-0.019051526429303,-0.6845157707717175,False,False,,
1794,8.410272,502252.0,1406.8683473389356,1406.8683473389356,1518.0744418440447,1548.4499376146257,-0.0196167115466283,-0.3142703666294615,False,False,,
1795,8.41496,499948.0,1400.4145658263303,1403.1344537815123,1514.3869417317642,1548.4499376146257,-0.0219981253868207,-0.4381383197592656,False,False,,
1796,8.419648,500919.0,1403.1344537815123,1400.4145658263303,1511.713432903499,1548.4499376146257,-0.023724696432691,-0.244816752422178,False,False,,
1797,8.424336,498984.0,1397.7142857142858,1399.4873949579833,1510.8326268482624,1548.4499376146257,-0.0242935272575309,-0.0574762520649785,False,False,,
1798,8.429024,499617.0,1399.4873949579833,1399.4873949579833,1510.8789773519843,1548.4499376146257,-0.0242635937720522,0.0063841438464407,False,False,,
1799,8.433712,500744.0,1402.6442577030812,1399.4873949579833,1510.925313550734,1548.4499376146257,-0.0242336695248267,-0.1103451132756276,False,False,,
1800,8.438400000000001,496692.0,1391.2941176470588,1397.7927170868347,1509.2769575777777,1548.4499376146257,-0.0252981895541251,-0.557962463802268,False,False,,
1801,8.443088000000001,499012.0,1397.7927170868347,1391.2941176470588,1502.824665740049,1548.4499376146257,-0.0294651255854364,-0.1703526656274809,False,False,,
1802,8.447776000000001,495434.0,1387.7703081232494,1395.2268907563025,1506.8037321596091,1548.4499376146257,-0.0268954161470483,-0.2363393152551585,False,False,,
1803,8.452464,498096.0,1395.2268907563025,1387.7703081232494,1499.393428549551,1548.4499376146257,-0.0316810430052686,-0.7740585531153275,False,False,,
1804,8.457152,494051.0,1383.8963585434174,1383.8963585434174,1495.5657437098023,1548.4499376146257,-0.0341529891410573,-0.2604604584298373,False,False,,
1805,8.46184,494046.0,1383.8823529411766,1383.8963585434174,1495.611994171382,1548.4499376146257,-0.0341231202635067,0.1431631682988849,False,False,,
1806,8.466528,495782.0,1388.7450980392157,1385.8823529411766,1497.6442247566242,1548.4499376146257,-0.032810691275087,0.3403434949970041,False,False,,
1807,8.471216,494760.0,1385.8823529411766,1388.7450980392157,1500.5531917724547,1548.4499376146257,-0.0309320596544149,0.206249852961085,False,False,,
1808,8.475904,496575.0,1390.9663865546215,1388.7843137254902,1500.638615111233,1548.4499376146257,-0.0308768926537239,0.0879770999918108,False,False,,
1809,8.480592000000001,495796.0,1388.7843137254902,1389.9299719887956,1501.8304667661575,1548.4499376146257,-0.0301071863648913,0.0063625038169377,False,False,,
1810,8.485280000000001,496205.0,1389.9299719887956,1388.7843137254902,1500.7309876379877,1548.4499376146257,-0.0308172378179357,-0.207993204684957,False,False,,
1811,8.489968000000001,495094.0,1386.8179271708684,1386.8179271708684,1498.8107659664176,1548.4499376146257,-0.0320573306520174,-0.4576565051198269,False,False,,
1812,8.494656,491820.0,1377.6470588235295,1382.047619047619,1494.086608478535,1548.4499376146257,-0.0351082252099391,-0.6253212976862526,False,False,,
1813,8.499344,493391.0,1382.047619047619,1377.6470588235295,1489.7321846465245,1548.4499376146257,-0.0379203431391234,0.0063546529149736,False,False,,
1814,8.504032,491080.0,1375.5742296918768,1382.047619047619,1494.1788670238009,1548.4499376146257,-0.0350486439842083,0.4692101479928237,False,False,,
1815,8.50872,494219.0,1384.3669467787115,1384.3669467787115,1496.5443026735827,1548.4499376146257,-0.0335210287915429,0.16610311701143,False,False,,
1816,8.513408,495230.0,1387.1988795518207,1384.3669467787115,1496.5903963621677,1548.4499376146257,-0.0334912611591092,-0.5421730080740916,False,False,,
1817,8.518096,489805.0,1372.002801120448,1376.403361344538,1488.6728903908663,1548.4499376146257,-0.0386044429152454,-0.5421749674702969,False,False,,
1818,8.522784000000001,491376.0,1376.403361344538,1376.403361344538,1488.7189556324165,1548.4499376146257,-0.0385746936541095,0.0063448529090521,False,False,,
1819,8.527472000000001,492129.0,1378.5126050420167,1376.403361344538,1488.7650066570334,1548.4499376146257,-0.0385449535743701,-0.2689791520158842,False,False,,
1820,8.532160000000001,488383.0,1368.0196078431372,1372.406162464986,1484.8138445895531,1548.4499376146257,-0.0410966421834103,-0.2689811095983847,False,False,,
1821,8.536848,489949.0,1372.406162464986,1372.406162464986,1484.8598671934656,1548.4499376146257,-0.0410669204579644,0.0063389801614111,False,False,,
1822,8.541536,490655.0,1374.3837535014006,1372.406162464986,1484.9058755936042,1548.4499376146257,-0.0410372079054169,0.1425510146750213,False,False,,
1823,8.546224,488162.0,1367.4005602240895,1374.3837535014006,1486.9294608307669,1548.4499376146257,-0.0397303621443715,-0.3384445378146239,False,False,,
1824,8.550912,491324.0,1376.2577030812324,1367.4005602240895,1479.992247559196,1548.4499376146257,-0.0442104638919667,-0.6650899583828709,False,False,,
1825,8.5556,487012.0,1364.1792717086837,1364.6358543417366,1477.2735074919558,1548.4499376146257,-0.045966245594169,-0.1840983162273382,False,False,,
1826,8.560288,487175.0,1364.6358543417366,1364.6358543417366,1477.3194591208212,1548.4499376146257,-0.0459365697049141,0.0063292043256906,False,False,,
1827,8.564976000000001,487474.0,1365.4733893557425,1364.6358543417366,1477.3653965678177,1548.4499376146257,-0.0459069029744114,0.0248492667265596,False,False,,
1828,8.569664000000001,483392.0,1354.0392156862745,1364.904761904762,1477.6802274003464,1548.4499376146257,-0.045703582980086,-0.3704819598655646,False,False,,
1829,8.574352000000001,487271.0,1364.904761904762,1359.1652661064427,1471.986640698414,1548.4499376146257,-0.0493805418301107,-0.3890059277754467,False,False,,
1830,8.57904,485222.0,1359.1652661064427,1359.1652661064427,1472.0325356260582,1548.4499376146257,-0.0493509025589084,-0.435505856384192,False,False,,
1831,8.583728,480728.0,1346.577030812325,1352.750700280112,1465.663850563002,1548.4499376146257,-0.0534638447395688,-0.4355078073311613,False,False,,
1832,8.588416,482932.0,1352.750700280112,1352.750700280112,1465.709717166278,1548.4499376146257,-0.0534342237604452,0.0321711402168807,False,False,,
1833,8.593104,483294.0,1353.764705882353,1353.126050420168,1466.1309197539815,1548.4499376146257,-0.0531622081288953,0.076158977899551,False,False,,
1834,8.597792,483066.0,1353.126050420168,1353.764705882353,1466.815413512555,1548.4499376146257,-0.052720157183659,0.0063135943370724,False,False,,
1835,8.60248,483638.0,1354.7282913165266,1353.126050420168,1466.2225821998668,1548.4499376146257,-0.0531030118683909,-0.4158359633565123,False,False,,
1836,8.607168000000001,479397.0,1342.8487394957983,1347.6358543417366,1460.7781961284063,1548.4499376146257,-0.0566190351760914,-0.614563705366443,False,False,,
1837,8.611856000000001,481106.0,1347.6358543417366,1344.1120448179272,1457.3001824734065,1548.4499376146257,-0.058865161169908,-0.236407830975093,False,False,,
1838,8.616544000000001,479848.0,1344.1120448179272,1344.1120448179272,1457.3459642084183,1548.4499376146257,-0.0588355949993138,-0.1082991687174041,False,False,,
1839,8.621232000000001,479254.0,1342.4481792717088,1342.4481792717088,1455.7278662677763,1548.4499376146257,-0.0598805741758023,-0.2246425263334694,False,False,,
1840,8.62592,477385.0,1337.2128851540615,1340.7591036414565,1454.0845441180254,1548.4499376146257,-0.0609418433262164,-0.3542985821750175,False,False,,
1841,8.630608,478651.0,1340.7591036414565,1337.2128851540615,1450.584064990417,1548.4499376146257,-0.0632024776822752,-0.6473728389488533,False,False,,
1842,8.635296,475263.0,1331.268907563025,1331.268907563025,1444.6858126428083,1548.4499376146257,-0.0670116110642005,-0.40311570047239,False,False,,
1843,8.639984,474459.0,1329.0168067226891,1331.268907563025,1444.7315237742362,1548.4499376146257,-0.0669820904899041,0.1785894131976864,False,False,,
1844,8.644672,478848.0,1341.310924369748,1333.7703081232494,1447.2786213582422,1548.4499376146257,-0.0653371567260591,0.5401526526756282,False,False,,
1845,8.64936,476156.0,1333.7703081232494,1339.0196078431372,1452.5736039986205,1548.4499376146257,-0.0619176192184176,0.3393026017641833,False,False,,
1846,8.654048000000001,478030.0,1339.0196078431372,1338.6050420168067,1452.2047069938417,1548.4499376146257,-0.062155855531919,-0.0222645227825646,False,False,,
1847,8.658736000000001,477882.0,1338.6050420168067,1338.6050420168067,1452.2503617208056,1548.4499376146257,-0.0621263713840271,0.0062883101757815,False,False,,
1848,8.663424000000001,475899.0,1333.0504201680671,1338.6050420168067,1452.296002357532,1548.4499376146257,-0.0620968963357109,-0.3763090185644664,False,False,,
1849,8.668112,478327.0,1339.8515406162464,1333.0504201680671,1446.7870070596298,1548.4499376146257,-0.0656546447420874,-0.7282292581063432,False,False,,
1850,8.6728,474075.0,1327.9411764705883,1327.9411764705883,1441.7233758314464,1548.4499376146257,-0.0689247738597157,-0.3456358096408882,False,False,,
1851,8.677488,471533.0,1320.8207282913163,1327.9411764705883,1441.7689742235464,1548.4499376146257,-0.0688953260932802,0.5243181790590681,False,False,,
1852,8.682176,477191.0,1336.6694677871149,1335.4621848739496,1449.3355669461562,1548.4499376146257,-0.0640087666128581,0.6074723739649901,False,False,,
1853,8.686864,476760.0,1335.4621848739496,1336.6694677871149,1450.588420110062,1548.4499376146257,-0.0631996651149847,1.4971060056046026,False,False,,
1854,8.691552,484487.0,1357.1064425770307,1357.1064425770307,1471.0709510865524,1548.4499376146257,-0.0499719007043099,2.389633702804182,True,False,1854.0,5.0
1855,8.696240000000001,489544.0,1371.2717086834734,1371.2717086834734,1485.2817593197442,1548.4499376146257,-0.0407944595174909,1.4947868799416866,False,False,,
1856,8.700928000000001,492202.0,1378.717086834734,1378.717086834734,1492.7726655422673,1548.4499376146257,-0.035956778917973,1.0901946622756316,False,False,,
1857,8.705616000000001,495162.0,1387.0084033613446,1387.0084033613446,1501.1094960889925,1548.4499376146257,-0.030572794363995,0.6385256551546727,False,False,,
1858,8.710304,495479.0,1387.8963585434174,1387.8963585434174,1502.0429512443675,1548.4499376146257,-0.029969962375243,0.9858115158647328,False,False,,
1859,8.714992,501101.0,1403.6442577030812,1401.2296918767506,1515.421770508527,1548.4499376146257,-0.0213298255912477,1.0909606086671304,False,False,,
1860,8.71968,500239.0,1401.2296918767506,1403.6442577030812,1517.881808227541,1548.4499376146257,-0.0197411157083804,0.761035269414436,False,False,,
1861,8.724368,504151.0,1412.187675070028,1412.187675070028,1526.4706834533606,1548.4499376146257,-0.0141943589052182,1.2148227225245725,False,False,,
1862,8.729056,507365.0,1421.190476190476,1421.190476190476,1535.5189284032026,1548.4499376146257,-0.0083509378619905,0.8135104487306868,False,False,,
1863,8.733744,508335.0,1423.90756302521,1423.90756302521,1538.2814450421813,1548.4499376146257,-0.0065668849379196,0.2287144569292055,False,False,,
1864,8.738432000000001,511448.0,1432.6274509803925,1424.420168067227,1538.8394658676225,1548.4499376146257,-0.0062065111138225,0.6068703474828379,False,False,,
1865,8.743120000000001,508518.0,1424.420168067227,1432.6274509803925,1547.0921505477186,1548.4499376146257,-0.0008768685599216,0.8038577719980382,False,False,,
1866,8.747808000000001,512652.0,1436.0,1436.0,1550.5100873220897,1548.4499376146257,0.0013304593564307,0.8652100192136406,False,False,,
1867,8.752496,515900.0,1445.0980392156862,1445.0980392156862,1559.6535002846956,1548.4499376146257,0.0072353405802251,0.9601334205865582,False,False,,
1868,8.757184,517596.0,1449.8487394957983,1449.8487394957983,1564.4495603082082,1548.4499376146257,0.0103326703078499,0.8877798677392635,False,False,,
1869,8.761872,520469.0,1457.8963585434174,1457.8963585434174,1572.5425251000297,1548.4499376146257,0.015559164620148,0.5605556611486875,False,False,,
1870,8.76656,521516.0,1460.829131652661,1457.8963585434174,1572.587856849354,1548.4499376146257,0.0155884401867798,0.2082495588141057,False,False,,
1871,8.771248,519611.0,1455.4929971988795,1460.829131652661,1575.5659477173642,1548.4499376146257,0.017511712483589,0.463697099138235,False,False,,
1872,8.775936,523450.0,1466.2464985994395,1464.5378151260504,1579.3199349632794,1548.4499376146257,0.0199360641882997,0.3793814134937705,False,False,,
1873,8.780624000000001,522840.0,1464.5378151260504,1466.2464985994395,1581.0739082272707,1548.4499376146257,0.0210687926165067,0.5663360842349521,False,False,,
1874,8.785312000000001,525743.0,1472.6694677871149,1472.6694677871149,1587.5421532279393,1548.4499376146257,0.0252460313140862,1.5929554699392008,False,False,,
1875,8.790000000000001,531690.0,1489.327731092437,1489.282913165266,1604.2008604457887,1548.4499376146257,0.036004343102656,1.153634484046898,False,False,,
1876,8.794688,531674.0,1489.282913165266,1489.327731092437,1604.2909262436756,1548.4499376146257,0.0360625082365095,0.0936330331869061,False,False,,
1877,8.799376,532127.0,1490.5518207282912,1490.5518207282912,1605.5602497855743,1548.4499376146257,0.0368822464218164,0.4281850193770129,False,False,,
1878,8.804064,533877.0,1495.453781512605,1495.453781512605,1610.5074305155715,1548.4499376146257,0.0400771709781882,0.515776796052291,False,False,,
1879,8.808752,537372.0,1505.2436974789916,1497.9495798319329,1613.0484348245302,1548.4499376146257,0.0417181696616024,0.6805436389798398,False,False,,
1880,8.81344,534768.0,1497.9495798319329,1505.2436974789916,1620.3877445094738,1548.4499376146257,0.0464579481372629,0.6101194699051788,False,False,,
1881,8.818128,540414.0,1513.764705882353,1506.717086834734,1621.9063119556613,1548.4499376146257,0.0474386498114332,0.4449629083271533,False,False,,
1882,8.822816000000001,537898.0,1506.717086834734,1511.6134453781513,1626.8478346463887,1548.4499376146257,0.0506299203657398,0.3434757765107585,False,False,,
1883,8.827504000000001,539646.0,1511.6134453781513,1511.6134453781513,1626.8929848548669,1548.4499376146257,0.0506590786919997,0.3066227627765903,False,False,,
1884,8.832192000000001,541203.0,1515.9747899159663,1515.9747899159663,1631.29946566663,1548.4499376146257,0.0535048153895329,0.5344802248447822,False,False,,
1885,8.83688,542384.0,1519.282913165266,1519.282913165266,1634.6527112596482,1548.4499376146257,0.0556703652801442,0.7013693856347958,False,False,,
1886,8.841568,544806.0,1526.0672268907565,1526.0672268907565,1641.4821334029266,1548.4499376146257,0.0600808547492445,0.847035403960759,False,False,,
1887,8.846256,546742.0,1531.4901960784314,1531.4901960784314,1646.9501970867575,1548.4499376146257,0.0636121692276799,0.5938992710863502,False,False,,
1888,8.850944,549669.0,1539.689075630252,1534.5994397759105,1650.1045213630564,1548.4499376146257,0.0656492543149499,0.220370036375872,False,False,,
1889,8.855632,547852.0,1534.5994397759105,1534.5994397759105,1650.149588028836,1548.4499376146257,0.06567835868874,0.0062073128426121,False,False,,
1890,8.86032,547803.0,1534.4621848739496,1534.5994397759105,1650.1946407858686,1548.4499376146257,0.0657074540801622,0.5556918645952313,False,False,,
1891,8.865008000000001,550700.0,1542.577030812325,1542.577030812325,1658.2172706748618,1548.4499376146257,0.0708885256111876,0.9037494955697988,False,False,,
1892,8.869696000000001,554169.0,1552.2941176470588,1547.6302521008404,1663.3155169157933,1548.4499376146257,0.0741810093506266,0.4322079298381283,False,False,,
1893,8.874384000000001,552504.0,1547.6302521008404,1548.7619047619048,1664.492180633401,1548.4499376146257,0.0749409071613497,0.0841464697512934,False,False,,
1894,8.879072,552908.0,1548.7619047619048,1548.7619047619048,1664.5371777983598,1548.4499376146257,0.0749699666510147,0.164213686997896,False,False,,
1895,8.88376,555364.0,1555.641456582633,1551.0560224089636,1666.8762787230808,1548.4499376146257,0.0764805746906419,0.2201636968166198,False,False,,
1896,8.888448,553727.0,1551.0560224089636,1551.8683473389356,1667.733573047704,1548.4499376146257,0.0770342214723673,0.0621458376863923,False,False,,
1897,8.893136,554017.0,1551.8683473389356,1551.8683473389356,1667.778528563629,1548.4499376146257,0.0770632540647895,0.9403961732811617,False,False,,
1898,8.897824,559074.0,1566.0336134453785,1565.4313725490197,1681.3864954151952,1548.4499376146257,0.0858513759930511,0.94039426226764,False,False,,
1899,8.902512,558859.0,1565.4313725490197,1565.4313725490197,1681.4314231865164,1548.4499376146257,0.0858803906678105,0.0061881820429565,False,False,,
1900,8.907200000000001,557920.0,1562.8011204481793,1565.4313725490197,1681.4763370919577,1548.4499376146257,0.0859093963878858,0.6855197876713905,False,False,,
1901,8.911888000000001,564641.0,1581.6274509803925,1575.2941176470588,1691.3839822338368,1548.4499376146257,0.092307824197016,0.6857108160907064,False,False,,
1902,8.916576000000001,562380.0,1575.2941176470588,1575.296918767507,1691.4316695408024,1548.4499376146257,0.092338620999552,0.0061824543086785,False,False,,
1903,8.921264,562381.0,1575.296918767507,1575.2941176470588,1691.4737407538255,1548.4499376146257,0.0923657908886142,0.0061805462422839,False,False,,
1904,8.925952,560305.0,1569.4817927170868,1575.296918767507,1691.5214003589747,1548.4499376146257,0.0923965698011197,0.0196842752550754,False,False,,
1905,8.93064,562450.0,1575.4901960784314,1575.4901960784314,1691.7595223101034,1548.4499376146257,0.0925503506534058,0.373915919740579,False,False,,
1906,8.935328,564287.0,1580.6358543417366,1580.6358543417366,1696.950011373389,1548.4499376146257,0.0959024054646072,0.7321992557617047,False,False,,
1907,8.940016,566213.0,1586.03081232493,1586.03081232493,1702.3897863206107,1548.4499376146257,0.0994154508754272,0.8392777536514622,False,False,,
1908,8.944704,568605.0,1592.731092436975,1592.731092436975,1709.1348695650015,1548.4499376146257,0.103771473682843,0.4676779073801356,False,False,,
1909,8.949392000000001,570347.0,1597.6106442577031,1592.731092436975,1709.1796588699342,1548.4499376146257,0.1038003989350224,-0.2635577442738981,False,False,,
1910,8.954080000000001,567115.0,1588.5574229691877,1588.81512605042,1705.3084679651663,1548.4499376146257,0.1013003562725315,-0.2635596482219036,False,False,,
1911,8.958768000000001,567207.0,1588.81512605042,1588.81512605042,1705.3532296280734,1548.4499376146257,0.1013292636732939,0.8680178486412391,False,False,,
1912,8.963456,572047.0,1602.3725490196075,1601.327731092437,1717.9105825183829,1548.4499376146257,0.1094388916213914,0.9399816945951188,False,False,,
1913,8.968144,571674.0,1601.327731092437,1602.3725490196075,1719.0001344834943,1548.4499376146257,0.1101425320418174,0.2185858661628046,False,False,,
1914,8.972832,572775.0,1604.4117647058824,1604.4117647058824,1721.0840704016214,1548.4499376146257,0.1114883527025338,0.1466182158371758,False,False,,
1915,8.97752,577240.0,1616.9187675070027,1604.4117647058824,1721.1287768316452,1548.4499376146257,0.1115172244335067,0.0551638620195316,False,False,,
1916,8.982208,572230.0,1602.8851540616247,1605.12324929972,1721.884954057938,1548.4499376146257,0.1120055690728289,0.0551619615944147,False,False,,
1917,8.986896,573029.0,1605.12324929972,1605.12324929972,1721.9296328970834,1548.4499376146257,0.1120344229854159,0.6141004747900354,False,False,,
1918,8.991584000000001,579584.0,1623.484593837535,1613.9495798319329,1730.8006284793885,1548.4499376146257,0.1177633751244633,1.004990283100133,False,False,,
1919,8.996272000000001,576180.0,1613.9495798319329,1619.624649859944,1736.520349772694,1548.4499376146257,0.1214572118797649,0.3970418047063315,False,False,,
1920,9.000960000000001,578206.0,1619.624649859944,1619.624649859944,1736.5649872574452,1548.4499376146257,0.1214860390853897,0.2095044970750912,False,False,,
1921,9.005648,579260.0,1622.577030812325,1622.577030812325,1739.561991918287,1548.4499376146257,0.1234215260443409,0.3814100583359501,False,False,,
1922,9.010336,580151.0,1625.0728291316527,1625.0728291316527,1742.1024001740377,1548.4499376146257,0.1250621397923474,0.5081682067719839,False,False,,
1923,9.015024,583624.0,1634.8011204481793,1629.8655462184877,1746.9397134295068,1548.4499376146257,0.1281861111510348,0.6762150159209153,False,False,,
1924,9.019712,581862.0,1629.8655462184877,1634.8011204481793,1751.919870064294,1548.4499376146257,0.1314023317816217,0.097978940733606,False,False,,
1925,9.0244,584037.0,1635.9579831932774,1631.1988795518207,1748.3621978137398,1548.4499376146257,0.1291047616993531,-0.0993981848419505,False,False,,
1926,9.029088,582338.0,1631.1988795518207,1633.268907563025,1750.476780715704,1548.4499376146257,0.1304703744005436,0.1487177566833555,False,False,,
1927,9.033776,583077.0,1633.268907563025,1633.268907563025,1750.5213218556642,1548.4499376146257,0.1304991393860159,0.0061349288951664,False,False,,
1928,9.038464,586417.0,1642.624649859944,1633.268907563025,1750.5658492490686,1548.4499376146257,0.1305278954938647,0.2214514686846573,False,False,,
1929,9.043152,581808.0,1629.7142857142858,1636.3949579831933,1753.7364133203278,1548.4499376146257,0.1325754683564032,0.2214495758702011,False,False,,
1930,9.04784,584193.0,1636.3949579831933,1636.3949579831933,1753.7809132333473,1548.4499376146257,0.1326042067172236,0.0061292504515968,False,False,,
1931,9.052528,584273.0,1636.6190476190477,1636.3949579831933,1753.8253994125346,1548.4499376146257,0.1326329362086373,0.0215623719370778,False,False,,
1932,9.057216,584169.0,1636.327731092437,1636.6190476190477,1754.0939614979832,1548.4499376146257,0.1328063755165056,1.1728195228411715,False,False,,
1933,9.061904,590240.0,1653.3333333333333,1653.3333333333333,1770.8527059365067,1548.4499376146257,0.1436292920547957,1.1759046349886637,False,False,,
1934,9.066592,591729.0,1657.5042016806722,1653.6022408963586,1771.16605850265,1548.4499376146257,0.1438316573741589,0.2934058692837755,False,False,,
1935,9.07128,590336.0,1653.6022408963586,1657.5042016806722,1775.1124505731962,1548.4499376146257,0.1463802654852002,0.3555299078270604,False,False,,
1936,9.075968,592147.0,1658.6750700280113,1658.6750700280113,1776.327736494116,1548.4499376146257,0.1471651057899452,0.0867658529408732,False,False,,
1937,9.080656,592482.0,1659.6134453781513,1658.6750700280113,1776.3721403592767,1548.4499376146257,0.1471937821223743,-0.1376225386084772,False,False,,
1938,9.085344,591113.0,1655.778711484594,1656.5882352941176,1774.3296957863547,1548.4499376146257,0.1458747568679522,-0.1376244261718842,False,False,,
1939,9.090032,591402.0,1656.5882352941176,1656.5882352941176,1774.3740722473667,1548.4499376146257,0.1459034155025867,0.2237459317950527,False,False,,
1940,9.09472,594846.0,1666.235294117647,1659.7478991596638,1777.5780988781935,1548.4499376146257,0.1479725987244625,0.67058767556159,False,False,,
1941,9.099408,592530.0,1659.7478991596638,1666.235294117647,1784.1098429099527,1548.4499376146257,0.1521908455486519,0.7276953383328859,False,False,,
1942,9.104096,596441.0,1670.703081232493,1670.2240896358544,1788.142973814657,1548.4499376146257,0.1547954702166714,0.3138421635027804,False,False,,
1943,9.108784,596270.0,1670.2240896358544,1670.703081232493,1788.6662871147378,1548.4499376146257,0.1551334296736539,0.0061047045354847,False,False,,
1944,9.113472,598402.0,1676.1960784313726,1670.2240896358544,1788.2316035427093,1548.4499376146257,0.154852707926396,-0.0787897517600875,False,False,,
1945,9.11816,596001.0,1669.470588235294,1669.470588235294,1787.522396492149,1548.4499376146257,0.1543946969611511,-0.0457992946802114,False,False,,
1946,9.122848,595601.0,1668.3501400560224,1669.470588235294,1787.5666771717592,1548.4499376146257,0.1544232937394741,0.2648284616887828,False,False,,
1947,9.127536,598201.0,1675.6330532212885,1673.2268907563025,1791.3672467062067,1548.4499376146257,0.1568777286179451,0.4305600328643564,False,False,,
1948,9.132224,597342.0,1673.2268907563025,1675.6330532212885,1793.817662522679,1548.4499376146257,0.1584602246076102,0.5231682299090679,False,False,,
1949,9.136912,600022.0,1680.733893557423,1680.733893557423,1798.962742552563,1548.4499376146257,0.1617829539415723,0.3574328952413665,False,False,,
1950,9.1416,601357.0,1684.4733893557425,1680.733893557423,1799.006968592791,1548.4499376146257,0.1618115154333931,-0.1565549226315283,False,False,,
1951,9.146288,598339.0,1676.0196078431372,1678.3725490196075,1796.6898364458962,1548.4499376146257,0.1603150949869791,-0.3186244405194607,False,False,,
1952,9.150976,599179.0,1678.3725490196075,1676.0196078431372,1794.3810940152507,1548.4499376146257,0.1588240926790828,0.0060877688163287,False,False,,
1953,9.155664,598258.0,1675.7927170868347,1678.3725490196075,1796.7782202966623,1548.4499376146257,0.160372173907401,0.3263624124567101,False,False,,
1954,9.160352,600694.0,1682.6162464985994,1680.6694677871149,1799.1193105324369,1548.4499376146257,0.1618840666582773,0.164292896308865,False,False,,
1955,9.16504,599999.0,1680.6694677871149,1680.6694677871149,1799.163468368239,1548.4499376146257,0.1619125841031937,0.0060821340237566,False,False,,
1956,9.169728,599974.0,1680.5994397759105,1680.6694677871149,1799.2076125757824,1548.4499376146257,0.161941092746884,0.6352499797029623,False,False,,
1957,9.174416,603767.0,1691.2240896358544,1689.8039215686274,1808.3861969407867,1548.4499376146257,0.1678686879128885,0.7330674989000165,False,False,,
1958,9.179104,603260.0,1689.8039215686274,1691.2240896358544,1809.8504819716584,1548.4499376146257,0.1688143336165703,0.3589594921720334,False,False,,
1959,9.183792,605089.0,1694.9271708683473,1694.9271708683473,1813.597666552152,1548.4499376146257,0.1712342921114933,0.4328527421729085,False,False,,
1960,9.18848,605979.0,1697.420168067227,1697.420168067227,1816.1347534875904,1548.4499376146257,0.1728727609271833,0.1777872753815508,False,False,,
1961,9.193168,608819.0,1705.375350140056,1697.420168067227,1816.1788296169088,1548.4499376146257,0.1729012256054707,0.3375377870853491,False,False,,
1962,9.197856,603487.0,1690.4397759103642,1702.232492997199,1821.0352170731576,1548.4499376146257,0.1760375152188954,0.337535913453717,False,False,,
1963,9.202544,607697.0,1702.232492997199,1702.232492997199,1821.0792660005916,1548.4499376146257,0.176065962330012,0.3510396768905934,False,False,,
1964,9.207232,613024.0,1717.1540616246498,1707.2408963585435,1826.131704694724,1548.4499376146257,0.1793288632294209,0.3510378044151672,False,False,,
1965,9.21192,609485.0,1707.2408963585435,1707.2408963585435,1826.1757264370613,1548.4499376146257,0.1793572927842085,-0.7732118364682812,False,False,,
1966,9.216608,604956.0,1694.5546218487395,1695.9271708683473,1814.9060091029464,1548.4499376146257,0.1720792290506946,-0.7732137077880168,False,False,,
1967,9.221296,605446.0,1695.9271708683473,1695.9271708683473,1814.9500036769648,1548.4499376146257,0.1721076410599883,0.0733948917478635,False,False,,
1968,9.225984,605795.0,1696.904761904762,1696.904761904762,1815.9715757095264,1548.4499376146257,0.1727673795557225,0.0733930215830156,False,False,,
1969,9.230672,606830.0,1699.8039215686274,1696.904761904762,1816.015543131993,1548.4499376146257,0.1727957740303506,0.2057463896003568,False,False,,
1970,9.23536,603976.0,1691.809523809524,1699.8039215686274,1818.9586566488333,1548.4499376146257,0.1746964577046154,0.482031255648522,False,False,,
1971,9.240048,608360.0,1704.089635854342,1703.81512605042,1823.0138014182971,1548.4499376146257,0.177315299083311,0.2823389048223568,False,False,,
1972,9.244736,608262.0,1703.81512605042,1703.81512605042,1823.0577281448516,1548.4499376146257,0.1773436672762292,-0.0857880262278243,False,False,,
1973,9.249424,605609.0,1696.3837535014006,1702.4817927170868,1821.7683079811409,1548.4499376146257,0.1765109505493992,-0.0857898935085472,False,False,,
1974,9.254112,607786.0,1702.4817927170868,1702.4817927170868,1821.8122075980157,1548.4499376146257,0.1765393012346931,0.6427408596070059,False,False,,
1975,9.2588,613723.0,1719.1120448179272,1711.7254901960785,1831.099791145317,1548.4499376146257,0.1825372888490742,0.9718906485138668,False,False,,
1976,9.263488,611086.0,1711.7254901960785,1716.5042016806722,1835.9223751538373,1548.4499376146257,0.1856517479551588,0.0060428362403968,False,False,,
1977,9.268176,612792.0,1716.5042016806722,1711.7254901960785,1831.187522652967,1548.4499376146257,0.1825939464816642,-0.3589970893027718,False,False,,
1978,9.272864,607354.0,1701.2717086834734,1711.2044817927172,1830.710359697304,1548.4499376146257,0.1822857912458561,-0.0354424909289114,False,False,,
1979,9.277552,610900.0,1711.2044817927172,1711.12324929972,1830.6729591201583,1548.4499376146257,0.1822616376867147,0.0004420507768081,False,False,,
1980,9.28224,610871.0,1711.12324929972,1711.12324929972,1830.7167775083392,1548.4499376146257,0.1822899359139395,-0.4938661080185333,False,False,,
1981,9.286928,608280.0,1703.8655462184877,1703.8655462184877,1823.502879291792,1548.4499376146257,0.1776311490579304,-0.6738788113433145,False,False,,
1982,9.291616,607347.0,1701.2521008403362,1701.2521008403362,1820.933225259004,1548.4499376146257,0.1759716481787825,-0.1739791856385686,False,False,,
1983,9.296304,607278.0,1701.0588235294117,1701.2521008403362,1820.977003089218,1548.4499376146257,0.1759999202133833,0.3027679209434595,False,False,,
1984,9.300992,610563.0,1710.2605042016808,1705.5602240896358,1825.328890657753,1548.4499376146257,0.1788104002055482,0.62651546043125,False,False,,
1985,9.30568,608885.0,1705.5602240896358,1710.2605042016808,1830.0729215822248,1548.4499376146257,0.1818741291703865,0.0060260721567573,False,False,,
1986,9.310368,610788.0,1710.890756302521,1705.5602240896358,1825.4163787799664,1548.4499376146257,0.17886690065809,-0.3694324820765686,False,False,,
1987,9.315056,607933.0,1702.8935574229693,1704.809523809524,1824.7094023111688,1548.4499376146257,0.1784103302184367,-0.045684940866284,False,False,,
1988,9.319744,608617.0,1704.809523809524,1704.809523809524,1824.753112628176,1548.4499376146257,0.1784385586525277,0.3610257965010888,False,False,,
1989,9.324432,610457.0,1709.9635854341736,1709.9635854341736,1829.9508710796908,1548.4499376146257,0.1817953080864308,0.7920466801244679,False,False,,
1990,9.32912,612691.0,1716.221288515406,1716.221288515406,1836.2522575018097,1548.4499376146257,0.1858647883253761,0.4846951236299404,False,False,,
1991,9.333808,613807.0,1719.3473389355745,1716.9131652661065,1836.98780411158,1548.4499376146257,0.1863398095655871,0.2213333551345542,False,False,,
1992,9.338496,612938.0,1716.9131652661065,1719.3473389355745,1839.465634162462,1548.4499376146257,0.1879400098631176,0.2869303045830591,False,False,,
1993,9.343184,614394.0,1720.9915966386554,1720.9915966386554,1841.1535347734616,1548.4499376146257,0.1890300681013578,0.1192656186504699,False,False,,
1994,9.347872,614798.0,1722.12324929972,1720.9915966386554,1841.1971642120411,1548.4499376146257,0.1890582443035844,0.0621542148470304,False,False,,
1995,9.35256,613349.0,1718.0644257703082,1721.8067226890755,1842.0559062358611,1548.4499376146257,0.1896128260197635,0.0621523602037292,False,False,,
1996,9.357248,614685.0,1721.8067226890755,1721.8067226890755,1842.0995087482352,1548.4499376146257,0.1896409848328545,0.0060056458659367,False,False,,
1997,9.361936,616708.0,1727.4733893557425,1721.8067226890755,1842.1430978037383,1548.4499376146257,0.1896691349554025,0.3963166869370944,False,False,,
1998,9.366624,614272.0,1720.6498599439776,1727.4733893557425,1847.8533400731908,1548.4499376146257,0.1933568500895765,0.582692617576626,False,False,,
1999,9.371312,618206.0,1731.6694677871149,1730.1792717086837,1850.602784580352,1548.4499376146257,0.1951324609378011,0.1923778706518923,False,False,,
2000,9.376,617674.0,1730.1792717086837,1730.1792717086837,1850.6463332901567,1548.4499376146257,0.1951605850048096,-1.2042997318930162,False,True,1854.0,5.0
2001,9.380688,611337.0,1712.428571428571,1712.6078431372548,1833.1184399882668,1548.4499376146257,0.1838409466515726,-1.204301583104634,False,False,,
2002,9.385376,611401.0,1712.6078431372548,1712.6078431372548,1833.161961821688,1548.4499376146257,0.183869053361621,0.3353391261500782,False,False,,
2003,9.390064,613108.0,1717.3893557422969,1717.3893557422969,1837.9869828281796,1548.4499376146257,0.1869850862983556,0.6193415177056849,False,False,,
2004,9.394752,614580.0,1721.5126050420167,1721.5126050420167,1842.1537271015236,1548.4499376146257,0.1896759994316293,0.5437081038618388,False,False,,
2005,9.39944,615895.0,1725.1960784313726,1725.1960784313726,1845.8806820408224,1548.4499376146257,0.192082893480164,0.2597020133097665,False,False,,
2006,9.404128,617417.0,1729.4593837535017,1725.1960784313726,1845.9241501712263,1548.4499376146257,0.1921109655084215,-0.0812206875951453,False,False,,
2007,9.408816,615443.0,1723.9299719887956,1723.9299719887956,1844.701498443656,1548.4499376146257,0.1913213683132719,-0.0812225353814213,False,False,,
2008,9.413504,614205.0,1720.4621848739496,1723.9299719887956,1844.7449397474068,1548.4499376146257,0.1913494230166855,-0.2328733866171788,False,False,,
2009,9.418192,618177.0,1731.5882352941176,1720.4621848739496,1841.3205805291936,1548.4499376146257,0.1891379474403497,0.5334731687298024,False,False,,
2010,9.42288,612310.0,1715.1540616246498,1731.5882352941176,1852.4900454430144,1548.4499376146257,0.1963512674466959,0.6166274559013161,False,False,,
2011,9.427568,618269.0,1731.8459383753502,1729.327731092437,1850.2729423361436,1548.4499376146257,0.1949194464668803,-0.1497227915977355,False,False,,
2012,9.432256,617370.0,1729.327731092437,1729.327731092437,1850.3163300362453,1548.4499376146257,0.1949474665526756,-0.3443987396589598,False,False,,
2013,9.436944,612904.0,1716.8179271708684,1724.2408963585435,1845.2728696118793,1548.4499376146257,0.191690363883838,-0.3444005840262107,False,False,,
2014,9.441632,615554.0,1724.2408963585435,1724.2408963585435,1845.3162305349656,1548.4499376146257,0.191718366676846,0.1130527738688513,False,False,,
2015,9.44632,618536.0,1732.593837535014,1725.7955182072828,1846.914199924481,1548.4499376146257,0.1927503466916323,0.2550530514522293,False,False,,
2016,9.451008,616109.0,1725.7955182072828,1727.857142857143,1849.0191587369372,1548.4499376146257,0.194109744087262,0.1479708051904218,False,False,,
2017,9.455696,616845.0,1727.857142857143,1727.857142857143,1849.0624795254823,1548.4499376146257,0.1941377209610974,0.1026286120243753,False,False,,
2018,9.460384,617346.0,1729.2605042016808,1729.2605042016808,1850.509148288642,1548.4499376146257,0.1950719899536023,0.1026267705014589,False,False,,
2019,9.465072,617956.0,1730.96918767507,1729.2605042016808,1850.5524423414663,1548.4499376146257,0.195099949561319,-0.0366760639674339,False,False,,
2020,9.46976,613893.0,1719.5882352941176,1728.641456582633,1849.9766754135712,1548.4499376146257,0.1947281151778437,-0.089542824330163,False,False,,
2021,9.474448,617125.0,1728.641456582633,1727.873949579832,1849.2524357443745,1548.4499376146257,0.1942603960403994,-0.0469054403720292,False,False,,
2022,9.479136,616851.0,1727.873949579832,1727.873949579832,1849.2956897245529,1548.4499376146257,0.1942883297689156,-0.2699432193768665,False,False,,
2023,9.483824,615421.0,1723.8683473389356,1723.8683473389356,1845.3333281145296,1548.4499376146257,0.191729408415522,-0.2699450580598075,False,False,,
2024,9.488512,614167.0,1720.3557422969188,1723.8683473389356,1845.3765554002184,1548.4499376146257,0.1917573249045469,0.0744468343275244,False,False,,
2025,9.4932,615776.0,1724.862745098039,1724.862745098039,1846.414167103945,1548.4499376146257,0.1924274219341769,0.12306528814441,False,False,,
2026,9.497888,616028.0,1725.5686274509803,1725.5686274509803,1847.1632500645603,1548.4499376146257,0.192911185046189,0.0545705803910614,False,False,,
2027,9.502576,617324.0,1729.1988795518207,1725.5686274509803,1847.206437339402,1548.4499376146257,0.1929390756959237,0.1180452354813894,False,False,,
2028,9.507264,615338.0,1723.6358543417366,1727.1960784313726,1848.8770622659183,1548.4499376146257,0.1940179771740624,-0.0789459554603269,False,False,,
2029,9.511952,616609.0,1727.1960784313726,1724.3361344537816,1846.0602789098473,1548.4499376146257,0.1921988784175277,-0.1910445736106645,False,False,,
2030,9.51664,615588.0,1724.3361344537816,1724.3361344537816,1846.1034262108756,1548.4499376146257,0.1922267432518889,-0.2668709103349087,False,False,,
2031,9.521328,612400.0,1715.406162464986,1720.375350140056,1842.1857758817976,1548.4499376146257,0.1896966967622277,-0.2668727444830487,False,False,,
2032,9.526016,614174.0,1720.375350140056,1720.375350140056,1842.228896554174,1548.4499376146257,0.1897245443996159,0.0059392790390973,False,False,,
2033,9.530704,619862.0,1736.3081232492998,1720.375350140056,1842.2720039183885,1548.4499376146257,0.1897523834424983,0.0483837321353028,False,False,,
2034,9.535392,612995.0,1717.0728291316527,1720.9915966386554,1842.9313444771467,1548.4499376146257,0.1901781902721165,0.0483818996848555,False,False,,
2035,9.54008,614394.0,1720.9915966386554,1720.9915966386554,1842.9744252373569,1548.4499376146257,0.1902060121339434,0.0059337816875491,False,False,,
2036,9.544768,619826.0,1736.2072829131653,1720.9915966386554,1843.0174927017224,1548.4499376146257,0.190233825409219,-0.0955532609734675,False,False,,
2037,9.549456,613551.0,1718.6302521008404,1719.5182072829132,1841.5871575186045,1548.4499376146257,0.1893101047590562,-0.1567163312624835,False,False,,
2038,9.554144,613868.0,1719.5182072829132,1718.6302521008404,1840.7422432215171,1548.4499376146257,0.188764453087302,-0.4785381852494303,False,False,,
2039,9.558832,611357.0,1712.484593837535,1712.484593837535,1834.639612559659,1548.4499376146257,0.1848233307341577,-0.4173787753392552,False,False,,
2040,9.56352,610398.0,1709.7983193277312,1712.484593837535,1834.6826268816687,1548.4499376146257,0.1848511096897213,0.4500671336069288,False,False,,
2041,9.568208,615216.0,1723.2941176470588,1718.9327731092435,1841.173807200047,1548.4499376146257,0.1890431601788561,0.4500653051116074,False,False,,
2042,9.572896,613659.0,1718.9327731092435,1718.9327731092435,1841.2167949754737,1548.4499376146257,0.1890709219904475,-0.1935765704146028,False,False,,
2043,9.577584,612625.0,1716.0364145658264,1716.0364145658264,1838.363410940336,1548.4499376146257,0.1872281862546489,-0.2130651018603693,False,False,,
2044,9.582272,612524.0,1715.7535014005605,1715.7535014005605,1838.123459020297,1548.4499376146257,0.187073223595405,-0.1466963721965832,False,False,,
2045,9.58696,609795.0,1708.109243697479,1713.8207282913163,1836.233633897322,1548.4499376146257,0.1858527610689339,-0.1272114943567892,False,False,,
2046,9.591648,611834.0,1713.8207282913163,1713.8207282913163,1836.2765686287237,1548.4499376146257,0.1858804886243158,0.4506349840887154,False,False,,
2047,9.596336,614139.0,1720.2773109243697,1720.2773109243697,1842.7760727424015,1548.4499376146257,0.1900779146797495,0.4506331589767001,False,False,,
2048,9.601024,614565.0,1721.470588235294,1720.2773109243697,1842.8189809763403,1548.4499376146257,0.1901056251228812,-0.6857715073992594,False,False,,
2049,9.605712,605250.0,1695.3781512605042,1710.235294117647,1832.819859160958,1548.4499376146257,0.1836481210263743,-1.096344680690219,False,False,,
2050,9.6104,610554.0,1710.235294117647,1704.2745098039215,1826.901956600061,1548.4499376146257,0.1798262973967301,0.0059063711602576,False,False,,
2051,9.615088,608426.0,1704.2745098039215,1710.235294117647,1832.9056094321904,1548.4499376146257,0.1837034991623729,0.0423697668241338,False,False,,
2052,9.619776,611416.0,1712.6498599439776,1704.8039215686274,1827.517092171233,1548.4499376146257,0.1802235563304732,-0.3209336770625839,False,False,,
2053,9.624464,608615.0,1704.8039215686274,1705.4901960784314,1828.246208742841,1548.4499376146257,0.1806944250062352,0.0531706319840346,False,False,,
2054,9.629152,608860.0,1705.4901960784314,1705.4901960784314,1828.2890375824693,1548.4499376146257,0.1807220841759557,0.2650143660450155,False,False,,
2055,9.63384,610203.0,1709.2521008403362,1709.2521008403362,1832.0937579659071,1548.4499376146257,0.1831791997022731,0.265012545434363,False,False,,
2056,9.638528,611052.0,1711.6302521008404,1709.2521008403362,1832.1365603734248,1548.4499376146257,0.1832068418019482,-0.2584291574458888,False,False,,
2057,9.643216,606879.0,1699.9411764705883,1705.4145658263303,1828.341814556999,1548.4499376146257,0.1807561679220606,-0.6354311726766646,False,False,,
2058,9.647904,608833.0,1705.4145658263303,1699.9411764705883,1822.911201192976,1548.4499376146257,0.1772490391269321,-0.9205948592117928,False,False,,
2059,9.652592,603129.0,1689.436974789916,1691.9635854341736,1814.9763729464955,1548.4499376146257,0.1721246705220911,-0.5435964818322354,False,False,,
2060,9.65728,604031.0,1691.9635854341736,1691.9635854341736,1815.019122538719,1548.4499376146257,0.1721522785132732,0.2358698635196496,False,False,,
2061,9.661968,605223.0,1695.3025210084031,1695.3025210084031,1818.400794511535,1548.4499376146257,0.1743361863624513,0.5461118102263782,False,False,,
2062,9.666656,609412.0,1707.0364145658264,1699.8067226890755,1822.9477194012284,1548.4499376146257,0.1772726228459568,0.3161282978817432,False,False,,
2063,9.671344,606831.0,1699.8067226890755,1699.8067226890755,1822.9904294247544,1548.4499376146257,0.177300205283392,-0.1181762002339574,False,False,,
2064,9.676032,606188.0,1698.0056022408965,1698.0056022408965,1821.2320058186751,1548.4499376146257,0.1761646027925633,-0.2262231077163399,False,False,,
2065,9.68072,605628.0,1696.436974789916,1696.436974789916,1819.7060620324376,1548.4499376146257,0.1751791374254437,-0.1021660046692325,False,False,,
2066,9.685408,605504.0,1696.089635854342,1696.436974789916,1819.7487325238903,1548.4499376146257,0.1752066943327846,0.1625426561013796,False,False,,
2067,9.690096,606440.0,1698.7114845938374,1698.7114845938374,1822.06589965004,1548.4499376146257,0.1767031373690502,0.1625408422219294,False,False,,
2068,9.694784,606795.0,1699.7058823529412,1698.7114845938374,1822.1085438071073,1548.4499376146257,0.1767306772694573,-0.006281427226515,False,False,,
2069,9.699472,605763.0,1696.81512605042,1698.5350140056023,1821.9747042148424,1548.4499376146257,0.1766442427073744,-0.1247469657729318,False,False,,
2070,9.70416,606377.0,1698.5350140056023,1696.81512605042,1820.2974340985943,1548.4499376146257,0.1755610497183704,-0.0784437385781622,False,False,,
2071,9.708848,603475.0,1690.406162464986,1697.310924369748,1820.835837103882,1548.4499376146257,0.175908754214466,-0.3354385188635476,False,False,,
2072,9.713536,605940.0,1697.310924369748,1691.859943977591,1815.427448248769,1548.4499376146257,0.1724159781655067,-0.3695902964996662,False,False,,
2073,9.718224,603994.0,1691.859943977591,1691.859943977591,1815.4700266409552,1548.4499376146257,0.1724434755944853,0.0058645874077107,False,False,,
2074,9.722912,603139.0,1689.4649859943977,1691.859943977591,1815.5125918923416,1548.4499376146257,0.1724709645370414,-0.0765216051475619,False,False,,
2075,9.7276,605649.0,1696.4957983193278,1690.6638655462184,1814.3590655756095,1548.4499376146257,0.1717260090246218,-0.0765234145533497,False,False,,
2076,9.732288,603567.0,1690.6638655462184,1690.6638655462184,1814.40160455756,1548.4499376146257,0.1717534810021892,-0.171257616496991,False,False,,
2077,9.736976,600100.0,1680.952380952381,1688.09243697479,1811.8727018394443,1548.4499376146257,0.1701202976123461,-0.2233525941058616,False,False,,
2078,9.741664,602649.0,1688.09243697479,1687.3361344537816,1811.1589120471629,1548.4499376146257,0.1696593270798528,0.0058555431700533,False,False,,
2079,9.746352,602379.0,1687.3361344537816,1688.09243697479,1811.9577141763632,1548.4499376146257,0.1701751991851085,0.005853735996979,False,False,,
2080,9.75104,603761.0,1691.2072829131653,1687.3361344537816,1811.2438981470607,1548.4499376146257,0.1697142117085601,-0.6163720374933668,False,False,,
2081,9.755728,599357.0,1678.8711484593837,1679.0588235294117,1803.0090606019592,1548.4499376146257,0.1643960949615716,-0.5772074977291872,False,False,,
2082,9.760416,599424.0,1679.0588235294117,1678.8711484593837,1802.8638458028088,1548.4499376146257,0.1643023142098514,-0.341632415305817,False,False,,
2083,9.765104,597275.0,1673.0392156862745,1674.0140056022408,1798.0491501121976,1548.4499376146257,0.1611929494356644,-0.3287073967511276,False,False,,
2084,9.769792,597623.0,1674.0140056022408,1674.0140056022408,1798.0915841784288,1548.4499376146257,0.161220353657913,0.1372352577783679,False,False,,
2085,9.77448,598304.0,1675.921568627451,1675.921568627451,1800.0415681736124,1548.4499376146257,0.1624796672125944,0.1372334539491184,False,False,,
2086,9.779168,599155.0,1678.3053221288517,1675.921568627451,1800.0839760513695,1548.4499376146257,0.1625070545221399,0.1700310535815923,False,False,,
2087,9.783856,597423.0,1673.453781512605,1678.3053221288517,1802.510124342352,1548.4499376146257,0.1640738783709753,-0.1641387834374228,False,False,,
2088,9.788544,599867.0,1680.2997198879552,1673.453781512605,1797.7009654315511,1548.4499376146257,0.1609680892886307,-0.6879663437566528,False,False,,
2089,9.793232,595559.0,1668.232492997199,1668.232492997199,1792.522045541493,1548.4499376146257,0.1576235059319119,-0.3538001110570086,False,False,,
2090,9.79792,594369.0,1664.8991596638657,1668.232492997199,1792.5644010907797,1548.4499376146257,0.1576508594473584,-0.2237619264694181,False,False,,
2091,9.802608,596254.0,1670.1792717086837,1664.8991596638657,1789.2734102347074,1548.4499376146257,0.1555255141093347,-0.318496120057258,False,False,,
2092,9.807296,593878.0,1663.5238095238096,1663.5238095238096,1787.9403895039218,1548.4499376146257,0.1546646398257017,-0.0889020996579255,False,False,,
2093,9.811984,593416.0,1662.2296918767506,1663.5238095238096,1787.9827058492338,1548.4499376146257,0.154691968022942,-0.0833087067780695,False,False,,
2094,9.816672,596156.0,1669.904761904762,1662.2296918767506,1786.7308914875607,1548.4499376146257,0.1538835373909505,0.2987060694084391,False,False,,
2095,9.82136,591538.0,1656.96918767507,1667.7759103641456,1792.3194002044463,1548.4499376146257,0.1574926361297154,-0.3131010618723238,False,False,,
2096,9.826048,595396.0,1667.7759103641456,1657.5994397759105,1782.1852067938355,1548.4499376146257,0.1509479018348357,-0.6951194345987481,False,False,,
2097,9.830736,591763.0,1657.5994397759105,1657.5994397759105,1782.227470923622,1548.4499376146257,0.1509751963109179,-0.1726460372479987,False,False,,
2098,9.835424,590838.0,1655.0084033613446,1655.0084033613446,1779.6786855950315,1548.4499376146257,0.1493291725895976,-0.6401357940822905,False,False,,
2099,9.840112,585957.0,1641.3361344537816,1648.221288515406,1772.933808795283,1548.4499376146257,0.1449732831056024,-0.4616702507970274,False,False,,
2100,9.8448,588415.0,1648.221288515406,1648.221288515406,1772.9760338057122,1548.4499376146257,0.1450005523181249,0.1111598785595262,False,False,,
2101,9.849488,591618.0,1657.1932773109245,1649.750700280112,1774.5476575491095,1548.4499376146257,0.1460155181269765,0.1132803979226526,False,False,,
2102,9.854176,588961.0,1649.750700280112,1649.781512605042,1774.620668825015,1548.4499376146257,0.1460626693290476,0.0058123246041112,False,False,,
2103,9.858864,588972.0,1649.781512605042,1649.750700280112,1774.6320424273654,1548.4499376146257,0.1460700144824647,-0.2604434457538236,False,False,,
2104,9.863552,587592.0,1645.9159663865546,1645.9159663865546,1770.8394814414123,1548.4499376146257,0.1436207515816598,-0.4898481217060073,False,False,,
2105,9.86824,586392.0,1642.5546218487395,1642.5546218487395,1767.5202967955445,1548.4499376146257,0.1414771984933493,-0.6835593292374877,False,False,,
2106,9.872928,583857.0,1635.453781512605,1635.90756302521,1760.9153848523213,1548.4499376146257,0.1372116993107294,-0.4665062492462919,False,False,,
2107,9.877616000000002,584019.0,1635.90756302521,1635.6974789915969,1760.7474346913896,1548.4499376146257,0.137103235900417,-0.0086669638460499,False,False,,
2108,9.882304,583944.0,1635.6974789915969,1635.6974789915969,1760.789555560461,1548.4499376146257,0.1371304378577088,-0.0596042982492672,False,False,,
2109,9.886992,583605.0,1634.7478991596638,1634.7478991596638,1759.8820835980025,1548.4499376146257,0.1365443860000319,-0.2330570488331922,False,False,,
2110,9.89168,580759.0,1626.7759103641456,1632.2296918767506,1757.4059711889784,1548.4499376146257,0.1349452949678489,-0.4543583395729929,False,False,,
2111,9.896368,582706.0,1632.2296918767506,1628.0672268907565,1753.2855880852992,1548.4499376146257,0.1322843222081957,-0.1279096012463725,False,False,,
2112,9.901056,581220.0,1628.0672268907565,1630.2885154061626,1755.5489454954557,1548.4499376146257,0.1337460145465629,0.0057944111493721,False,False,,
2113,9.905744,582013.0,1630.2885154061626,1628.0672268907565,1753.3697128912431,1548.4499376146257,0.1323386506071322,0.0057926228432094,False,False,,
2114,9.910432,578758.0,1621.170868347339,1630.2885154061626,1755.633044338294,1548.4499376146257,0.1338003261783409,-0.3146786250596101,False,False,,
2115,9.91512,582590.0,1631.904761904762,1623.4145658263303,1748.8011247145628,1548.4499376146257,0.1293882238185734,-0.4676799799309812,False,False,,
2116,9.919808000000002,579559.0,1623.4145658263303,1623.4145658263303,1748.8431416991248,1548.4499376146257,0.129415358686509,-0.0075254375906386,False,False,,
2117,9.924496,576889.0,1615.9355742296918,1623.221288515406,1748.6918684052268,1548.4499376146257,0.1293176653157237,-0.5093580881371302,False,False,,
2118,9.929184,579490.0,1623.221288515406,1615.9355742296918,1741.4481451730055,1548.4499376146257,0.1246396172521355,-0.5714858015408275,False,False,,
2119,9.933872,576498.0,1614.8403361344538,1614.8403361344538,1740.3948851717278,1548.4499376146257,0.1239594144404771,-0.7183131489541044,False,False,,
2120,9.93856,573136.0,1605.422969187675,1605.422969187675,1731.0194833633764,1548.4499376146257,0.1179047131675421,-0.642876306718863,False,False,,
2121,9.943248,571589.0,1601.089635854342,1605.422969187675,1731.0614355502692,1548.4499376146257,0.1179318061886813,0.1636013455210179,False,False,,
2122,9.947936,573954.0,1607.7142857142858,1607.7142857142858,1733.3946913162354,1548.4499376146257,0.1194386393831471,0.1635995621759871,False,False,,
2123,9.952624,576304.0,1614.296918767507,1607.7142857142858,1733.4366176120495,1548.4499376146257,0.1194657156836433,-0.5967695550229521,False,False,,
2124,9.957312,570158.0,1597.0812324929973,1598.9663865546215,1724.730631808653,1548.4499376146257,0.1138433280352521,-0.7266183852385133,False,False,,
2125,9.962000000000002,570831.0,1598.9663865546215,1597.0812324929973,1722.8873781677428,1548.4499376146257,0.1126529417036476,-0.2361726246705302,False,False,,
2126,9.966688,569577.0,1595.453781512605,1595.453781512605,1721.3018146765037,1548.4499376146257,0.1116289735063408,-0.4082748022344589,False,False,,
2127,9.971376,566610.0,1587.142857142857,1591.0700280112044,1716.9599357366862,1548.4499376146257,0.1088249571578975,-0.5666784050941303,False,False,,
2128,9.976064,568012.0,1591.0700280112044,1587.142857142857,1713.0746265063422,1548.4499376146257,0.1063157967801785,0.0057658643854772,False,False,,
2129,9.980752,562996.0,1577.0196078431372,1591.0700280112044,1717.043646093101,1548.4499376146257,0.1088790179023758,-0.2689791488560917,False,False,,
2130,9.98544,568129.0,1591.3977591036414,1583.1540616246498,1709.1695155093537,1548.4499376146257,0.1037938482805039,-0.5099600703226717,False,False,,
2131,9.990128,565186.0,1583.1540616246498,1583.5826330532211,1709.6399098291145,1548.4499376146257,0.1040976322830306,0.0057605275452079,False,False,,
2132,9.994816,565339.0,1583.5826330532211,1583.1540616246498,1709.2531483840985,1548.4499376146257,0.1038478589867678,-0.4503458883476767,False,False,,
2133,9.999504,562975.0,1576.9607843137255,1576.9607843137255,1703.1016681530805,1548.4499376146257,0.0998751892338829,-0.4632744891457037,False,False,,
2134,10.004192000000002,559621.0,1567.5658263305322,1576.3445378151262,1702.5272058347198,1548.4499376146257,0.0995041973765384,-0.3600546155785338,False,False,,
2135,10.00888,562755.0,1576.3445378151262,1571.6498599439776,1697.874299248124,1548.4499376146257,0.0964993171582191,-0.3176101056693436,False,False,,
2136,10.013568,561079.0,1571.6498599439776,1571.6498599439776,1697.9160576409704,1548.4499376146257,0.0965262850257828,-0.209180914073654,False,False,,
2137,10.018256,559965.0,1568.529411764706,1568.529411764706,1694.8373549668177,1548.4499376146257,0.0945380369078646,-1.4833430232090787,False,False,,
2138,10.022944,553361.0,1550.03081232493,1550.03081232493,1676.380488148411,1548.4499376146257,0.082618460840175,-1.2684122399082636,False,False,,
2139,10.027632,553251.0,1549.7226890756303,1550.03081232493,1676.422207890006,1548.4499376146257,0.0826454037464852,-0.0154768229475941,False,False,,
2140,10.03232,559173.0,1566.310924369748,1549.7226890756303,1676.1557915065034,1548.4499376146257,0.0824733501482184,-0.0056387755401132,False,False,,
2141,10.037008,552108.0,1546.5210084033613,1549.8655462184877,1676.3403426433322,1548.4499376146257,0.0825925345870211,0.0155825945993726,False,False,,
2142,10.041696,553302.0,1549.8655462184877,1549.8655462184877,1676.3820237694515,1548.4499376146257,0.0826194525551821,0.0057410013583538,False,False,,
2143,10.046384000000002,555259.0,1555.3473389355745,1549.8655462184877,1676.4236920316905,1548.4499376146257,0.0826463622157571,0.3833182382720626,False,False,,
2144,10.051072,551664.0,1545.2773109243697,1555.3473389355745,1681.947140151105,1548.4499376146257,0.0862134443572201,-0.0725952333836286,False,False,,
2145,10.05576,555325.0,1555.532212885154,1548.7282913165266,1675.3697350784432,1548.4499376146257,0.0819657093075522,-0.450176012848825,False,False,,
2146,10.060448,552896.0,1548.7282913165266,1548.7282913165266,1675.4113647728548,1548.4499376146257,0.0819925940607497,-0.7060131256905855,False,False,,
2147,10.065136,549207.0,1538.3949579831933,1538.3949579831933,1665.1196482859257,1548.4499376146257,0.0753461302410775,-1.0862950313609998,False,False,,
2148,10.069824,543662.0,1522.862745098039,1532.873949579832,1659.6402438849254,1548.4499376146257,0.0718074918467094,-0.3745497574118896,False,False,,
2149,10.074512,547236.0,1532.873949579832,1532.873949579832,1659.6818350472083,1548.4499376146257,0.0718343517155838,0.0057286100782638,False,False,,
2150,10.0792,550408.0,1541.7591036414565,1532.873949579832,1659.7234133733757,1548.4499376146257,0.0718612032948032,-0.2066975261461126,False,False,,
2151,10.083888,546135.0,1529.7899159663866,1529.7899159663866,1656.6809452539428,1548.4499376146257,0.0698963557104379,-0.337511029890515,False,False,,
2152,10.088576000000002,544507.0,1525.2296918767506,1527.890756302521,1654.8233382558965,1548.4499376146257,0.0686966998785496,-0.3083792095113873,False,False,,
2153,10.093264,545457.0,1527.890756302521,1525.2296918767506,1652.20381367171,1548.4499376146257,0.0670049922420589,-0.5063350192882927,False,False,,
2154,10.097952,542782.0,1520.3977591036414,1520.4565826330531,1647.47223144932,1548.4499376146257,0.0639493027377027,-0.3270976951121582,False,False,,
2155,10.10264,542803.0,1520.4565826330531,1520.3977591036414,1647.4549221248956,1548.4499376146257,0.0639381242526874,-0.3072268809766632,False,False,,
2156,10.107328,541181.0,1515.9131652661065,1515.9131652661065,1643.0118296799833,1548.4499376146257,0.0610687435016657,-0.5723249962418437,False,False,,
2157,10.112016,539786.0,1512.0056022408965,1512.0056022408965,1639.1457552389852,1548.4499376146257,0.0585720050879241,-0.2634335601243514,False,False,,
2158,10.116704,539028.0,1509.8823529411766,1512.0056022408965,1639.1872310187398,1548.4499376146257,0.0585987904419398,0.0809584067407156,False,False,,
2159,10.121392,540176.0,1513.0980392156862,1513.0980392156862,1640.3211309727783,1548.4499376146257,0.0593310711095251,0.080956643647247,False,False,,
2160,10.12608,540251.0,1513.3081232492998,1513.0980392156862,1640.362581155472,1548.4499376146257,0.0593578399327764,-0.8102241895976929,False,False,,
2161,10.130768000000002,534653.0,1497.6274509803925,1501.2521008403362,1628.55808017021,1548.4499376146257,0.0517344091078531,-0.8102259516030355,False,False,,
2162,10.135456,535947.0,1501.2521008403362,1501.2521008403362,1628.5995047716403,1548.4499376146257,0.0517611614105423,0.0057056686136194,False,False,,
2163,10.140144,539700.0,1511.764705882353,1501.2521008403362,1628.64091658836,1548.4499376146257,0.0517879054567744,-0.3298146902563497,False,False,,
2164,10.144832,534208.0,1496.3809523809523,1496.3809523809523,1623.8111671649306,1548.4499376146257,0.0486688188746989,-0.5181236108384919,False,False,,
2165,10.14952,533232.0,1493.6470588235295,1493.6470588235295,1621.1186598666418,1548.4499376146257,0.0469299784815529,-0.9051583249490064,False,False,,
2166,10.154208,528259.0,1479.717086834734,1483.156862745098,1610.669837274467,1548.4499376146257,0.0401820544199774,-0.9537803756021566,False,False,,
2167,10.158896,529487.0,1483.156862745098,1479.717086834734,1607.271422081424,1548.4499376146257,0.0379873336799074,0.0056968694570249,False,False,,
2168,10.163584,528161.0,1479.4425770308123,1483.156862745098,1610.7525459441154,1548.4499376146257,0.0402354682680064,0.1033215693132723,False,False,,
2169,10.168272,530185.0,1485.1120448179272,1481.1344537815123,1608.771472171802,1548.4499376146257,0.0389560767137886,0.0344410655529303,False,False,,
2170,10.172960000000002,528765.0,1481.1344537815123,1483.5742296918768,1611.2525705163218,1548.4499376146257,0.0405583876986319,0.0056915964778099,False,False,,
2171,10.177648,529636.0,1483.5742296918768,1481.1344537815123,1608.8541042869342,1548.4499376146257,0.0390094411223658,-0.7178264006491037,False,False,,
2172,10.182336,523718.0,1466.997198879552,1473.0700280112044,1600.8309754483591,1548.4499376146257,0.0338280473661462,-0.5497794512096164,False,False,,
2173,10.187024,525886.0,1473.0700280112044,1473.0700280112044,1600.872259634784,1548.4499376146257,0.0338547089878246,0.0056863283794976,False,False,,
2174,10.191712,525955.0,1473.2633053221289,1473.0700280112044,1600.9135310798335,1548.4499376146257,0.0338813623810323,-0.4809042155488581,False,False,,
2175,10.1964,523364.0,1466.0056022408965,1466.0056022408965,1593.8903640171325,1548.4499376146257,0.0293457510628387,-0.480905969956257,False,False,,
2176,10.201088,522617.0,1463.9131652661065,1466.0056022408965,1593.9316099912278,1548.4499376146257,0.0293723880067226,-0.1384433699608482,False,False,,
2177,10.205776,523743.0,1467.0672268907565,1463.9131652661065,1591.8804062609515,1548.4499376146257,0.0280477060260858,-0.8494204156680745,False,False,,
2178,10.210464,518932.0,1453.591036414566,1453.591036414566,1581.5994979282716,1548.4499376146257,0.0214082221894191,-0.9593966370155238,False,False,,
2179,10.215152000000002,516346.0,1446.3473389355745,1449.9019607843138,1577.9516300951543,1548.4499376146257,0.0190524031574286,-0.493260992678272,False,False,,
2180,10.21984,517615.0,1449.9019607843138,1446.3473389355745,1574.438203325751,1548.4499376146257,0.0167834071220669,-0.2391638406982363,False,False,,
2181,10.224528,516346.0,1446.3473389355745,1446.3473389355745,1574.4793856912124,1548.4499376146257,0.016810002987042,-0.0749756396700878,False,False,,
2182,10.229216,515173.0,1443.06162464986,1445.1764705882354,1573.3496869993849,1548.4499376146257,0.0160804355245202,-0.2206453267219574,False,False,,
2183,10.233904,515928.0,1445.1764705882354,1443.06162464986,1571.275998010493,1548.4499376146257,0.014741232403697,-0.065332257163885,False,False,,
2184,10.238592,514543.0,1441.296918767507,1444.1456582633052,1572.401175871315,1548.4499376146257,0.0154678802813516,-0.058967063787308,False,False,,
2185,10.24328,515560.0,1444.1456582633052,1442.12324929972,1570.4198984569207,1548.4499376146257,0.0141883572136273,-0.1336356888126253,False,False,,
2186,10.247968,514838.0,1442.12324929972,1442.12324929972,1570.4610173118442,1548.4499376146257,0.0142149120630445,-0.0238559063734145,False,False,,
2187,10.252656,514685.0,1441.6946778711483,1441.6946778711483,1570.0735520478472,1548.4499376146257,0.0139646842354701,-0.1828382895515943,False,False,,
2188,10.257344000000002,513861.0,1439.3865546218487,1439.3865546218487,1567.8065222766888,1548.4499376146257,0.0125006202602081,-0.9972299172987444,False,False,,
2189,10.262032,508639.0,1424.7591036414565,1427.1344537815123,1555.5955022319768,1548.4499376146257,0.0046146565308782,-0.8382510288835447,False,False,,
2190,10.26672,509487.0,1427.1344537815123,1427.1344537815123,1555.636570348997,1548.4499376146257,0.0046411786133963,0.0056565677934105,False,False,,
2191,10.271408,510744.0,1430.6554621848738,1427.1344537815123,1555.6776257913275,1548.4499376146257,0.0046676925105092,-0.1843887771557306,False,False,,
2192,10.276096,508502.0,1424.375350140056,1424.375350140056,1552.959564921423,1548.4499376146257,0.0029123494387842,-0.1843905223810697,False,False,,
2193,10.280784,504954.0,1414.436974789916,1424.375350140056,1553.0005950261066,1548.4499376146257,0.0029388469726643,-0.2177704829652709,False,False,,
2194,10.285472,508575.0,1424.579831932773,1421.1316526610644,1549.7979149888397,1548.4499376146257,0.0008705333905019,-0.2177722271135255,False,False,,
2195,10.29016,507344.0,1421.1316526610644,1421.1316526610644,1549.838919771514,1548.4499376146257,0.000897014571248,-0.1421424063777607,False,False,,
2196,10.294848,506544.0,1418.890756302521,1418.9859943977592,1547.7342536357392,1548.4499376146257,-0.0004621938116958,-0.1487040300306502,False,False,,
2197,10.299536000000002,506578.0,1418.9859943977592,1418.890756302521,1547.679995016793,1548.4499376146257,-0.000497234414319,-0.7003145543616153,False,False,,
2198,10.304224,502919.0,1408.7366946778711,1408.7366946778711,1537.5669002211023,1548.4499376146257,-0.0070283430733888,-0.6937564157765558,False,False,,
2199,10.308912,501880.0,1405.826330532213,1408.7366946778711,1537.607854406631,1548.4499376146257,-0.0070018945686397,-0.1948213577502449,False,False,,
2200,10.3136,503971.0,1411.6834733893556,1405.826330532213,1534.7384318069735,1548.4499376146257,-0.008854988123655,-0.2515467719305717,False,False,,
2201,10.318288,500466.0,1401.8655462184877,1405.002801120448,1533.9558313055818,1548.4499376146257,-0.0093603971022606,-0.267176463110219,False,False,,
2202,10.322976,501586.0,1405.002801120448,1401.8655462184877,1530.8594926822668,1548.4499376146257,-0.0113600346417764,-0.2168214726143547,False,False,,
2203,10.327664,497677.0,1394.0532212885155,1401.7731092436975,1530.8079593582936,1548.4499376146257,-0.0113933152294927,-0.0341112439765494,False,False,,
2204,10.332352,500433.0,1401.7731092436975,1401.2885154061626,1530.3642565476434,1548.4499376146257,-0.0116798616653005,0.0056321760649549,False,False,,
2205,10.33704,500260.0,1401.2885154061626,1401.7731092436975,1530.8897287920277,1548.4499376146257,-0.0113405079467077,0.0056304378287699,False,False,,
2206,10.341728000000002,501063.0,1403.5378151260504,1401.2885154061626,1530.4460007452008,1548.4499376146257,-0.0116270706802181,-0.3134901963705758,False,False,,
2207,10.346416,498779.0,1397.140056022409,1397.140056022409,1526.3383945399082,1548.4499376146257,-0.0142797920278778,-0.7267644101373614,False,False,,
2208,10.351104,496464.0,1390.6554621848738,1390.6554621848738,1519.8946412724797,1548.4499376146257,-0.0184412137896658,-0.4410254661625949,False,False,,
2209,10.355792,496242.0,1390.0336134453785,1390.6554621848738,1519.9354692381223,1548.4499376146257,-0.0184148467986181,0.1947024011112312,False,False,,
2210,10.36048,499821.0,1400.0588235294117,1393.4005602240895,1522.7213826424074,1548.4499376146257,-0.0166156840768469,0.1947006655557053,False,False,,
2211,10.365168,497444.0,1393.4005602240895,1393.4005602240895,1522.7621854107924,1548.4499376146257,-0.0165893333583679,-0.4448894261122915,False,False,,
2212,10.369856,493380.0,1382.0168067226891,1386.859943977591,1516.262359339882,1548.4499376146257,-0.0207869673360756,-0.6741011056036423,False,False,,
2213,10.374544,495109.0,1386.859943977591,1383.532212885154,1512.9754058341225,1548.4499376146257,-0.0229097053245074,0.0056165512379786,False,False,,
2214,10.379232,493921.0,1383.532212885154,1386.859943977591,1516.343901928212,1548.4499376146257,-0.0207343065516683,0.0056148178241861,False,False,,
2215,10.383920000000002,495329.0,1387.4761904761904,1383.532212885154,1513.0569232562866,1548.4499376146257,-0.0228570607925894,-0.4630325012685414,False,False,,
2216,10.388608,490809.0,1374.81512605042,1380.0560224089636,1509.6214726233495,1548.4499376146257,-0.0250756992835628,-0.2338242886058932,False,False,,
2217,10.393296,492680.0,1380.0560224089636,1380.0560224089636,1509.6621998932262,1548.4499376146257,-0.0250493973225582,0.0056096207912892,False,False,,
2218,10.397984,493668.0,1382.8235294117646,1380.0560224089636,1509.702914593607,1548.4499376146257,-0.0250231034790236,-0.3563431684239848,False,False,,
2219,10.402672,487858.0,1366.549019607843,1374.8011204481793,1504.4887147675863,1548.4499376146257,-0.0283904708697013,-0.8074331579409679,False,False,,
2220,10.40736,490804.0,1374.8011204481793,1368.2521008403362,1497.9803847327687,1548.4499376146257,-0.0325935967678778,-0.2809080026897468,False,False,,
2221,10.412048,488466.0,1368.2521008403362,1370.641456582633,1500.4104174902288,1548.4499376146257,-0.0310242643029203,0.005602698896312,False,False,,
2222,10.416736,489319.0,1370.641456582633,1368.2521008403362,1498.061726209109,1548.4499376146257,-0.032541065863026,-0.1441186576207234,False,False,,
2223,10.421424,485920.0,1361.1204481792718,1368.467787114846,1498.3180643946846,1548.4499376146257,-0.0323755208367721,-0.4856200517661837,False,False,,
2224,10.426112000000002,488543.0,1368.467787114846,1361.1204481792718,1491.0113648239376,1548.4499376146257,-0.0370942394683883,-0.1188472802938438,False,False,,
2225,10.4308,484627.0,1357.498599439776,1366.6610644257703,1496.592607892897,1548.4499376146257,-0.0334898329368105,0.3638810278638962,False,False,,
2226,10.435488,487898.0,1366.6610644257703,1366.3221288515406,1496.2942866026328,1548.4499376146257,-0.0336824909511365,0.0055940585373455,False,False,,
2227,10.440176,487777.0,1366.3221288515406,1366.6610644257703,1496.6738239262024,1548.4499376146257,-0.0334373830439644,0.0055923320652131,False,False,,
2228,10.444864,488450.0,1368.2072829131653,1366.3221288515406,1496.3754775705556,1548.4499376146257,-0.0336300572456931,-0.2020103204965164,False,False,,
2229,10.449552,486281.0,1362.1316526610644,1363.6470588235295,1493.7409842342374,1548.4499376146257,-0.0353314318089396,-0.283045864845016,False,False,,
2230,10.45424,486822.0,1363.6470588235295,1362.1316526610644,1492.2661422404417,1548.4499376146257,-0.0362838952744799,-0.223622789161797,False,False,,
2231,10.458928,485634.0,1360.3193277310925,1360.3193277310925,1490.49436895998,1548.4499376146257,-0.0374281190801205,-0.3800969591269956,False,False,,
2232,10.463616,483601.0,1354.624649859944,1356.532212885154,1486.7477932482568,1548.4499376146257,-0.0398476843632544,-0.2552680142333994,False,False,,
2233,10.468304000000002,484282.0,1356.532212885154,1356.532212885154,1486.7883198710397,1548.4499376146257,-0.0398215119815723,0.0055819844161399,False,False,,
2234,10.472992,486085.0,1361.5826330532211,1356.532212885154,1486.8288339862515,1548.4499376146257,-0.0397953476773687,-0.1265820382704623,False,False,,
2235,10.47768,483597.0,1354.6134453781513,1354.6134453781513,1484.9505680907496,1548.4499376146257,-0.0410083451723961,-0.4293029555315684,False,False,,
2236,10.482368,481679.0,1349.2408963585435,1350.218487394958,1480.596099219205,1548.4499376146257,-0.0438204921884325,-0.3644776220606331,False,False,,
2237,10.487056,482028.0,1350.218487394958,1349.2408963585435,1479.658984798445,1548.4499376146257,-0.0444256873568365,0.0055750966225796,False,False,,
2238,10.491744,477840.0,1338.4873949579833,1350.218487394958,1480.6770399583763,1548.4499376146257,-0.0437682200824992,-0.4096284772422738,False,False,,
2239,10.496432,483557.0,1354.501400560224,1343.2128851540615,1473.711889352715,1548.4499376146257,-0.0482663639594599,-0.3569582150190431,False,False,,
2240,10.50112,479527.0,1343.2128851540615,1344.955182072829,1475.494625422289,1548.4499376146257,-0.0471150603065176,0.0055699363555099,False,False,,
2241,10.505808,480149.0,1344.955182072829,1343.2128851540615,1473.7927551737532,1548.4499376146257,-0.0482141402361906,-0.4729171897568642,False,False,,
2242,10.510496000000002,477669.0,1338.0084033613446,1338.0084033613446,1468.6286875745443,1548.4499376146257,-0.0515491318776795,-0.3529116811541462,False,False,,
2243,10.515184,477161.0,1336.5854341736697,1338.0084033613446,1468.6690892951804,1548.4499376146257,-0.0515230401586937,-0.0924475525220662,False,False,,
2244,10.519872,479263.0,1342.4733893557425,1336.5854341736697,1467.286509359118,1548.4499376146257,-0.0524159201301263,-0.321659214965277,False,False,,
2245,10.52456,475359.0,1331.5378151260504,1333.2577030812324,1463.999155053119,1548.4499376146257,-0.054538916958208,-0.2236485984847238,False,False,,
2246,10.529248,475973.0,1333.2577030812324,1333.2577030812324,1464.0395193782292,1548.4499376146257,-0.054512849389519,0.1398442443923375,False,False,,
2247,10.533936,476669.0,1335.2072829131653,1335.2072829131653,1466.0294510777906,1548.4499376146257,-0.0532277373227855,0.1398425285456968,False,False,,
2248,10.538624,477703.0,1338.1036414565826,1335.2072829131653,1466.0697904917818,1548.4499376146257,-0.0532016858418746,-0.2564531489298263,False,False,,
2249,10.543312,475311.0,1331.403361344538,1331.403361344538,1462.306195887352,1548.4499376146257,-0.0556322420471514,-0.4250823821822145,False,False,,
2250,10.548,474437.0,1328.955182072829,1328.955182072829,1459.8983311338895,1548.4499376146257,-0.0571872582572149,-0.9217056439552778,False,False,,
2251,10.552688000000002,468693.0,1312.8655462184877,1317.9411764705883,1448.924627607785,1548.4499376146257,-0.0642741541648795,-0.7530798392199518,False,False,,
2252,10.557376,470505.0,1317.9411764705883,1317.9411764705883,1448.964917245651,1548.4499376146257,-0.0642481348297449,0.6204416786433242,False,False,,
2253,10.562064,473692.0,1326.8683473389356,1326.8683473389356,1457.9323653174329,1548.4499376146257,-0.0584568929859199,0.6204399659715563,False,False,,
2254,10.566752,473703.0,1326.8991596638657,1326.8683473389356,1457.9726300902737,1548.4499376146257,-0.0584308897087958,-0.7237584522854483,False,False,,
2255,10.57144,469912.0,1316.280112044818,1316.280112044818,1447.424647142239,1548.4499376146257,-0.065242852234548,-1.1401196431299736,False,False,,
2256,10.576128,467698.0,1310.078431372549,1310.235294117647,1441.420069138229,1548.4499376146257,-0.069120651482782,-0.4108169837399336,False,False,,
2257,10.580816,467754.0,1310.235294117647,1310.235294117647,1441.4602966423024,1548.4499376146257,-0.0690946722740935,0.1130070638613949,False,False,,
2258,10.585504,468311.0,1311.7955182072828,1311.7955182072828,1443.0607358207558,1548.4499376146257,-0.0680610972520176,0.1620115205242687,False,False,,
2259,10.590192,468566.0,1312.5098039215686,1312.5070028011205,1443.8124230919873,1548.4499376146257,-0.067575652257658,0.0545435320915084,False,False,,
2260,10.59488,468565.0,1312.5070028011205,1312.5070028011205,1443.852613361788,1548.4499376146257,-0.0675496970951276,-0.2630335720698769,False,False,,
2261,10.599568,467003.0,1308.1316526610644,1308.6078431372548,1439.9936315639593,1548.4499376146257,-0.0700418550293865,-0.2958346834226271,False,False,,
2262,10.604256,467173.0,1308.6078431372548,1308.1316526610644,1439.5576065538703,1548.4499376146257,-0.0703234430868994,0.0055322400547694,False,False,,
2263,10.608944,466539.0,1306.8319327731092,1308.6078431372548,1440.073950100053,1548.4499376146257,-0.069989984746633,0.1205213804931659,False,False,,
2264,10.613632,470088.0,1316.7731092436975,1309.8011204481793,1441.3073680886869,1548.4499376146257,-0.0691934346233956,0.5679421167842333,False,False,,
2265,10.61832,467599.0,1309.8011204481793,1316.7731092436975,1448.319485173456,1548.4499376146257,-0.0646649594596642,1.2627089390388342,False,False,,
2266,10.623008,474115.0,1328.0532212885155,1328.0532212885155,1459.63971312289,1548.4499376146257,-0.0573542756109679,1.0873268965160046,False,False,,
2267,10.627696,479753.0,1343.8459383753502,1332.4789915966387,1464.1055869548163,1548.4499376146257,-0.0544701824779306,1.0933062588180151,False,False,,
2268,10.632384,475695.0,1332.4789915966387,1343.8459383753502,1475.5126248803392,1548.4499376146257,-0.0471034361282907,1.344316455113331,False,False,,
2269,10.637072,482634.0,1351.9159663865546,1351.9159663865546,1483.6227316651832,1548.4499376146257,-0.0418658713947885,1.2630879942729476,False,False,,
2270,10.64176,486271.0,1362.1036414565826,1362.1036414565826,1493.8504731394974,1548.4499376146257,-0.0352607230939853,1.3335085379785627,False,False,,
2271,10.646448,489517.0,1371.1960784313726,1371.1960784313726,1502.9829641530378,1548.4499376146257,-0.0293628953426994,0.8384287885946966,False,False,,
2272,10.651136,490588.0,1374.1960784313726,1374.1960784313726,1506.0230058300688,1548.4499376146257,-0.0273996147721217,1.0402398826360288,False,False,,
2273,10.655824,495707.0,1388.5350140056023,1386.218487394958,1518.085444112781,1548.4499376146257,-0.0196096062031044,0.9931613904529172,False,False,,
2274,10.660512,494880.0,1386.218487394958,1388.5350140056023,1520.441987688462,1548.4499376146257,-0.0180877335752355,1.1994100518204278,False,False,,
2275,10.6652,501068.0,1403.5518207282912,1403.5518207282912,1535.49879902591,1548.4499376146257,-0.0083639375572365,1.28815967624745,False,False,,
2276,10.669888,502355.0,1407.156862745098,1407.156862745098,1539.14383331101,1548.4499376146257,-0.00600994845074,0.4675940900735255,False,False,,
2277,10.674576,503463.0,1410.2605042016808,1410.2605042016808,1542.2874546932303,1548.4499376146257,-0.0039797753687073,0.842663209144861,False,False,,
2278,10.679264,506694.0,1419.310924369748,1419.310924369748,1551.377842448089,1548.4499376146257,0.0018908617982018,0.6288865777636348,False,False,,
2279,10.683952,510438.0,1429.7983193277312,1419.310924369748,1551.4177976998426,1548.4499376146257,0.0019166651844031,0.7278619004895084,False,False,,
2280,10.68864,504500.0,1413.1652661064427,1429.7983193277312,1561.9451355783483,1548.4499376146257,0.0087152949771899,0.8687046968594938,False,False,,
2281,10.693328,511168.0,1431.843137254902,1431.843137254902,1564.029884098616,1548.4499376146257,0.0100616404221573,0.2103996888559525,False,False,,
2282,10.698016,511500.0,1432.7731092436975,1432.7731092436975,1564.9997743568877,1548.4499376146257,0.0106880024599032,1.0981041841882897,False,False,,
2283,10.702704,516831.0,1447.7058823529412,1447.7058823529412,1579.97245341579,1548.4499376146257,0.0203574652531063,1.088455604095645,False,False,,
2284,10.707392,517113.0,1448.4957983193278,1448.4957983193278,1580.8022630158198,1548.4499376146257,0.0208933622039036,0.1463392937031113,False,False,,
2285,10.71208,517561.0,1449.750700280112,1449.750700280112,1582.097046298033,1548.4499376146257,0.0217295424708666,0.0946303038736284,False,False,,
2286,10.716768,519572.0,1455.3837535014006,1449.7899159663866,1582.1761309973226,1548.4499376146257,0.0217806159330227,0.3934890503230579,False,False,,
2287,10.721456,517575.0,1449.7899159663866,1455.3837535014006,1587.8098252407358,1548.4499376146257,0.0254188958066955,0.5617289986680052,False,False,,
2288,10.726144,520458.0,1457.8655462184877,1457.8655462184877,1590.3314623654037,1548.4499376146257,0.0270473870245339,0.7969183169951672,False,False,,
2289,10.730832,523674.0,1466.873949579832,1466.873949579832,1599.3796978373075,1548.4499376146257,0.0328908019468417,0.7126028640173265,False,False,,
2290,10.73552,524127.0,1468.142857142857,1468.1316526610644,1600.6772207358729,1548.4499376146257,0.0337287514775601,0.0928853935536513,False,False,,
2291,10.740208,524123.0,1468.1316526610644,1468.142857142857,1600.7282327455655,1548.4499376146257,0.0337616953968007,0.266334660921856,False,False,,
2292,10.744896,525475.0,1471.9187675070027,1471.9187675070027,1604.5439383519715,1548.4499376146257,0.0362259052583633,0.3998458323339999,False,False,,
2293,10.749584,526171.0,1473.8683473389356,1473.8683473389356,1606.5333011443167,1548.4499376146257,0.0375106499207641,0.6817260679976074,False,False,,
2294,10.754272,528980.0,1481.7366946778711,1481.7366946778711,1614.441419165607,1548.4499376146257,0.0426177688719086,1.0975050431015123,False,False,,
2295,10.75896,531894.0,1489.8991596638657,1489.7226890756303,1622.467171971453,1548.4499376146257,0.0478008572048834,0.5676965267417016,False,False,,
2296,10.763648,531831.0,1489.7226890756303,1489.8991596638657,1622.6833886972945,1548.4499376146257,0.0479404915066386,0.3948226895758226,False,False,,
2297,10.768336,534056.0,1495.955182072829,1495.375350140056,1628.1993130443984,1548.4499376146257,0.0515027147423482,0.4226040236449071,False,False,,
2298,10.773024,533849.0,1495.375350140056,1495.955182072829,1628.8188665851774,1548.4499376146257,0.051902826832335,0.2555183174469508,False,False,,
2299,10.777712,535708.0,1500.5826330532211,1499.0056022408965,1631.9089961021284,1548.4499376146257,0.0538984544867307,0.3242024373580028,False,False,,
2300,10.7824,535145.0,1499.0056022408965,1500.5826330532211,1633.5257240079975,1548.4499376146257,0.0549425488850035,0.4744991897243924,False,False,,
2301,10.787088,539275.0,1510.5742296918768,1505.81512605042,1638.7979018471838,1548.4499376146257,0.0583473588895864,0.5653711420544383,False,False,,
2302,10.791776,537576.0,1505.81512605042,1508.7114845938374,1641.733932984813,1548.4499376146257,0.0602434687129057,0.2049618984649255,False,False,,
2303,10.796464,538610.0,1508.7114845938374,1508.7114845938374,1641.773593335029,1548.4499376146257,0.0602690816495935,0.6226702549018395,False,False,,
2304,10.801152,543414.0,1522.1680672268908,1517.672268907563,1650.774025758754,1548.4499376146257,0.0660816250228651,0.8704005297455284,False,False,,
2305,10.80584,541809.0,1517.672268907563,1521.268907563025,1654.4103002877766,1548.4499376146257,0.0684299570164872,0.0054592959725647,False,False,,
2306,10.810528,543093.0,1521.268907563025,1517.672268907563,1650.8532852732117,1548.4499376146257,0.0661328113819021,-0.1842001127651231,False,False,,
2307,10.815216,541739.0,1517.4761904761904,1518.515406162465,1651.7360339401237,1548.4499376146257,0.0667028967592001,0.0635301636388963,False,False,,
2308,10.819904,542110.0,1518.515406162465,1518.515406162465,1651.7756331270205,1548.4499376146257,0.0667284701961804,0.4827820239897606,False,False,,
2309,10.824592,544584.0,1525.4453781512605,1525.4453781512605,1658.745192081372,1548.4499376146257,0.0712294610161279,1.0345820601294822,False,False,,
2310,10.82928,548302.0,1535.859943977591,1533.4565826330531,1666.795971311153,1548.4499376146257,0.076428711591954,0.7227931120656814,False,False,,
2311,10.833968,547444.0,1533.4565826330531,1535.859943977591,1669.2388951898809,1548.4499376146257,0.0780063692348554,0.1989656716234105,False,False,,
2312,10.838656,549980.0,1540.5602240896358,1536.266106442577,1669.684607979029,1548.4499376146257,0.078294213729095,0.3291969131594801,False,False,,
2313,10.843344,548447.0,1536.266106442577,1540.5602240896358,1674.0182637439896,1548.4499376146257,0.0810929194926386,0.6556457596523213,False,False,,
2314,10.848032,551817.0,1545.7058823529412,1545.7058823529412,1679.203447922704,1548.4499376146257,0.0844415483715949,0.8483888054098099,False,False,,
2315,10.85272,554349.0,1552.7983193277312,1552.7983193277312,1686.3353986141765,1548.4499376146257,0.0890474129321626,0.4939606361645534,False,False,,
2316,10.857408,555878.0,1557.0812324929973,1552.7983193277312,1686.3749001358967,1548.4499376146257,0.0890729232962762,0.171753057350795,False,False,,
2317,10.862096,552734.0,1548.2745098039215,1555.2128851540615,1688.8289552927497,1548.4499376146257,0.0906577695978836,0.1717513781810744,False,False,,
2318,10.866784,555211.0,1555.2128851540615,1555.2128851540615,1688.868432435836,1548.4499376146257,0.0906832642181019,0.0096820616458757,False,False,,
2319,10.871472,559114.0,1566.1456582633052,1555.2745098039215,1688.969522045108,1548.4499376146257,0.0907485486078753,0.009680383512439,False,False,,
2320,10.87616,555233.0,1555.2745098039215,1555.2745098039215,1689.0089748246055,1548.4499376146257,0.0907740274939145,0.0054340772856882,False,False,,
2321,10.880848,553121.0,1549.358543417367,1555.2745098039215,1689.0484154279484,1548.4499376146257,0.0907994985165059,1.092443199993486,False,False,,
2322,10.885536,560867.0,1571.0560224089636,1571.0560224089636,1704.869356463936,1548.4499376146257,0.101016774937053,1.0924415234133278,False,False,,
2323,10.890224,560938.0,1571.2549019607843,1571.0560224089636,1704.9087727262408,1548.4499376146257,0.1010422302400289,-0.1610761566139267,False,False,,
2324,10.894912,558612.0,1564.7394957983192,1568.638655462185,1702.530809876882,1548.4499376146257,0.09950652489264,-0.1610778321593784,False,False,,
2325,10.8996,560004.0,1568.638655462185,1568.638655462185,1702.5702018131717,1548.4499376146257,0.0995319644857017,0.2377226446045313,False,False,,
2326,10.904288,561208.0,1572.011204481793,1572.011204481793,1705.9821306116912,1548.4499376146257,0.101735412408452,0.329173422898954,False,False,,
2327,10.908976,561882.0,1573.8991596638657,1573.3389355742297,1707.349229329415,1548.4499376146257,0.1026182944988022,0.1354623341005556,False,False,,
2328,10.913664,561682.0,1573.3389355742297,1573.8991596638657,1707.9488088944634,1548.4499376146257,0.1030055072529788,0.2952130465365385,False,False,,
2329,10.918352,563184.0,1577.546218487395,1577.546218487395,1711.6352110472808,1548.4499376146257,0.1053862120231287,0.2923173086128621,False,False,,
2330,10.92304,565069.0,1582.826330532213,1578.0644257703082,1712.1927495171058,1548.4499376146257,0.1057462743385328,0.0411107974480042,False,False,,
2331,10.927728,563369.0,1578.0644257703082,1578.0644257703082,1712.2320685653892,1548.4499376146257,0.1057716668600011,0.0054156576517847,False,False,,
2332,10.932416,562709.0,1576.2156862745098,1578.0644257703082,1712.2713754787903,1548.4499376146257,0.105797051544676,0.3893599378916033,False,False,,
2333,10.937104,565359.0,1583.638655462185,1583.638655462185,1717.8848999529314,1548.4499376146257,0.1094223056376747,0.6384407914086072,False,False,,
2334,10.941792,568745.0,1593.12324929972,1587.2549019607843,1721.540429106402,1548.4499376146257,0.1117830724049244,0.2544931693743049,False,False,,
2335,10.94648,566650.0,1587.2549019607843,1587.2549019607843,1721.5796996376228,1548.4499376146257,0.1118084335937281,0.0054089750942765,False,False,,
2336,10.951168,564563.0,1581.408963585434,1587.2549019607843,1721.618958048935,1548.4499376146257,0.1118337869554084,0.3515374752238678,False,False,,
2337,10.955856,570521.0,1598.0980392156862,1592.280112044818,1726.6834144281129,1548.4499376146257,0.1151044489614269,0.752267334822319,False,False,,
2338,10.960544,568444.0,1592.280112044818,1598.0980392156862,1732.5405757816966,1548.4499376146257,0.1188870454867021,0.6660225306281742,False,False,,
2339,10.965232,572223.0,1602.8655462184877,1601.8711484593837,1736.352907099419,1548.4499376146257,0.1213490762085964,0.2652893343889371,False,False,,
2340,10.96992,571868.0,1601.8711484593837,1601.8711484593837,1736.3921170684907,1548.4499376146257,0.1213743982859327,0.005400633491897,False,False,,
2341,10.974608,569913.0,1596.3949579831933,1601.8711484593837,1736.4313149363447,1548.4499376146257,0.1213997125482164,-0.1313938371645413,False,False,,
2342,10.979296,572815.0,1604.5238095238096,1599.8851540616247,1734.4845063089572,1548.4499376146257,0.1201424496686773,0.1881092684016359,False,False,,
2343,10.983984,571159.0,1599.8851540616247,1604.5238095238096,1739.1623354477642,1548.4499376146257,0.1231634250487488,0.8421662841131532,False,False,,
2344,10.988672,575496.0,1612.0336134453785,1612.0336134453785,1746.7113009559382,1548.4499376146257,0.1280386007485219,0.7678836181830828,False,False,,
2345,10.99336,576767.0,1615.593837535014,1615.593837535014,1750.310674545894,1548.4499376146257,0.1303631018528331,0.2506160758848956,False,False,,
2346,10.998048,577120.0,1616.5826330532211,1615.593837535014,1750.3498119636588,1548.4499376146257,0.1303883770760186,-0.1927563405311261,False,False,,
2347,11.002736,573059.0,1605.2072829131653,1612.717086834734,1747.5121866023171,1548.4499376146257,0.1285558184040134,-0.2406065449317047,False,False,,
2348,11.007424,575740.0,1612.717086834734,1612.0224089635851,1746.8566219950085,1548.4499376146257,0.128132450110739,0.005387313677442,False,False,,
2349,11.012112,575492.0,1612.0224089635851,1612.717086834734,1747.5904010586253,1548.4499376146257,0.1286063298570531,0.1153601195760885,False,False,,
2350,11.0168,577649.0,1618.0644257703082,1613.6190476190477,1748.531450967761,1548.4499376146257,0.1292140665918844,0.3737019897169347,False,False,,
2351,11.021488000000002,576062.0,1613.6190476190477,1618.0644257703082,1753.0159061799218,1548.4499376146257,0.1321101597126404,0.4389132585595412,False,False,,
2352,11.026176,578309.0,1619.9131652661065,1619.9131652661065,1754.9037106764215,1548.4499376146257,0.1333293173041399,0.7790606993249227,False,False,,
2353,11.030864,581659.0,1629.296918767507,1629.296918767507,1764.326517122047,1548.4499376146257,0.1394146328295106,0.6517201803740829,False,False,,
2354,11.035552,581701.0,1629.4145658263303,1629.296918767507,1764.3655580135166,1548.4499376146257,0.139439845715327,-0.1318013338290242,False,False,,
2355,11.04024,580948.0,1627.3053221288517,1627.3053221288517,1762.412990217295,1548.4499376146257,0.1381788635235297,-0.1580425157418652,False,False,,
2356,11.044928,580812.0,1626.9243697478992,1626.9243697478992,1762.0710546334592,1548.4499376146257,0.1379580390877313,-0.0208654956097991,False,False,,
2357,11.049616,580725.0,1626.6806722689075,1626.9243697478992,1762.1100593889762,1548.4499376146257,0.1379832286366922,0.3223689503435469,False,False,,
2358,11.054304,582455.0,1631.5266106442575,1631.5266106442575,1766.7512930029684,1548.4499376146257,0.1409805703661523,0.6731279657105276,False,False,,
2359,11.058992,585350.0,1639.6358543417366,1636.6190476190477,1771.882710661224,1548.4499376146257,0.1442944764431939,0.5639235902621316,False,False,,
2360,11.063680000000002,584273.0,1636.6190476190477,1639.6358543417366,1774.9384860369246,1548.4499376146257,0.1462679179484503,0.0053673955263402,False,False,,
2361,11.068368,585881.0,1641.12324929972,1636.6190476190477,1771.9606359405063,1548.4499376146257,0.1443448011436503,0.107815638670651,False,False,,
2362,11.073056,583180.0,1633.5574229691877,1641.12324929972,1776.5037822244196,1548.4499376146257,0.1472787973766263,0.1691681598626822,False,False,,
2363,11.077744,586154.0,1641.8879551820728,1638.997198879552,1774.4166643881742,1548.4499376146257,0.1459309218105227,0.0580344098181733,False,False,,
2364,11.082432,585122.0,1638.997198879552,1641.8879551820728,1777.3463412590083,1548.4499376146257,0.1478229280030815,0.0053607725211914,False,False,,
2365,11.08712,589129.0,1650.221288515406,1638.997198879552,1774.4944935128997,1548.4499376146257,0.1459811844136814,-0.0793405165134348,False,False,,
2366,11.091808,584313.0,1636.731092436975,1640.6582633053222,1776.1944544868886,1548.4499376146257,0.1470790313202516,0.119769498923139,False,False,,
2367,11.096496,585715.0,1640.6582633053222,1640.6582633053222,1776.2333390306196,1548.4499376146257,0.1471041432355847,0.8365312677772092,False,False,,
2368,11.101184,590023.0,1652.7254901960785,1652.7254901960785,1788.339438464324,1548.4499376146257,0.1549223484869303,0.8799405892678447,False,False,,
2369,11.105872000000002,590248.0,1653.3557422969188,1653.3557422969188,1789.0085511110335,1548.4499376146257,0.1553544662005585,0.0487634796888869,False,False,,
2370,11.11056,590338.0,1653.6078431372548,1653.3557422969188,1789.0473996635264,1548.4499376146257,0.1553795548724935,0.0227152431065036,False,False,,
2371,11.115248,589892.0,1652.358543417367,1653.6078431372548,1789.3383370666802,1548.4499376146257,0.155567444319925,-0.0633366065158362,False,False,,
2372,11.119936,591544.0,1656.9859943977592,1652.358543417367,1788.1278619236357,1548.4499376146257,0.1547857108498011,0.0151873718890911,False,False,,
2373,11.124624,589515.0,1651.3025210084031,1653.750700280112,1789.5588313809485,1548.4499376146257,0.1557098411187572,0.1012359197052603,False,False,,
2374,11.129312,590389.0,1653.750700280112,1653.750700280112,1789.5976319969386,1548.4499376146257,0.1557348988329575,0.2891555547005033,False,False,,
2375,11.134,591860.0,1657.8711484593837,1657.8711484593837,1793.75686881732,1548.4499376146257,0.158420963599629,0.3078688587478488,False,False,,
2376,11.138688,593850.0,1663.4453781512605,1658.142857142857,1794.0673541707183,1548.4499376146257,0.1586214772525773,0.1994362426312186,False,False,,
2377,11.143376,591957.0,1658.142857142857,1660.689075630252,1796.6523373605485,1548.4499376146257,0.1602908778105392,0.1807196408519296,False,False,,
2378,11.148064000000002,592866.0,1660.689075630252,1660.689075630252,1796.6910900991868,1548.4499376146257,0.1603159046052046,0.0614825165606021,False,False,,
2379,11.152752,598605.0,1676.764705882353,1661.5042016806722,1797.544956928141,1548.4499376146257,0.1608673378858113,0.0614808692208619,False,False,,
2380,11.15744,593157.0,1661.5042016806722,1661.5042016806722,1797.5836857502618,1548.4499376146257,0.1608923492350194,0.0053343621227028,False,False,,
2381,11.162128,593119.0,1661.3977591036414,1661.5042016806722,1797.6224026196596,1548.4499376146257,0.1609173528650737,0.0639857657004228,False,False,,
2382,11.166816,595627.0,1668.422969187675,1662.3557422969188,1798.5126481562702,1548.4499376146257,0.1614922797742265,0.063984119885454,False,False,,
2383,11.171504,593461.0,1662.3557422969188,1662.3557422969188,1798.5513411312877,1548.4499376146257,0.1615172679731197,0.0053294246776474,False,False,,
2384,11.176192,591516.0,1656.90756302521,1662.3557422969188,1798.5900221646452,1548.4499376146257,0.1615422484600041,0.2094558285462078,False,False,,
2385,11.18088,594519.0,1665.3193277310925,1665.3193277310925,1801.5922766942024,1548.4499376146257,0.1634811258215689,0.2094541842545894,False,False,,
2386,11.185568,598040.0,1675.1820728291316,1665.3193277310925,1801.630933855296,1548.4499376146257,0.1635060908915751,0.6643995525292574,False,False,,
2387,11.190256000000002,593629.0,1662.826330532213,1674.8879551820728,1811.238206536764,1548.4499376146257,0.1697105360260865,0.5851005292879066,False,False,,
2388,11.194944,597935.0,1674.8879551820728,1673.7366946778711,1810.1255793361247,1548.4499376146257,0.1689919934541819,-0.0739761742083402,False,False,,
2389,11.199632,597524.0,1673.7366946778711,1673.7366946778711,1810.164200716444,1548.4499376146257,0.1690169354167091,0.0053195634935114,False,False,,
2390,11.20432,596533.0,1670.9607843137255,1673.7366946778711,1810.2028101771991,1548.4499376146257,0.1690418696814971,0.0275057531146245,False,False,,
2391,11.209008,597639.0,1674.0588235294117,1674.0588235294117,1810.5635365736105,1548.4499376146257,0.1692748293579118,0.5712024494324268,False,False,,
2392,11.213696,601810.0,1685.7422969187676,1681.952380952381,1818.4956796292429,1548.4499376146257,0.1743974638473753,0.5490129773128949,False,False,,
2393,11.218384,600457.0,1681.952380952381,1681.952380952381,1818.5342533533749,1548.4499376146257,0.1744223750331973,-0.0047197590259173,False,False,,
2394,11.223072,597729.0,1674.310924369748,1681.8067226890755,1818.4271569093455,1548.4499376146257,0.1743532113867483,-0.363006641077348,False,False,,
2395,11.22776,600405.0,1681.8067226890755,1676.6050420168067,1813.2640261551712,1548.4499376146257,0.1710188247664562,-0.0508351397112889,False,False,,
2396,11.232448000000002,598548.0,1676.6050420168067,1680.9915966386554,1817.689118797606,1548.4499376146257,0.1738765811168175,0.1208777426617544,False,False,,
2397,11.237136,600114.0,1680.9915966386554,1678.282913165266,1815.018961450966,1548.4499376146257,0.1721521744816547,0.0053064436254643,False,False,,
2398,11.241824,599147.0,1678.282913165266,1680.9915966386554,1817.7661591609383,1548.4499376146257,0.1739263343322498,0.2186938624656313,False,False,,
2399,11.246512,600773.0,1682.8375350140057,1681.3809523809523,1818.1940172533225,1548.4499376146257,0.1742026481361324,0.1324490893905832,False,False,,
2400,11.2512,600253.0,1681.3809523809523,1682.8375350140057,1819.6890903536344,1548.4499376146257,0.1751681769943759,0.7299753985586186,False,False,,
2401,11.255888,604009.0,1691.9019607843138,1691.9019607843138,1828.7919947120413,1548.4499376146257,0.1810468974730177,0.6296461770112209,False,False,,
2402,11.260576,604248.0,1692.571428571429,1691.9019607843138,1828.8304614246456,1548.4499376146257,0.1810717395500329,-0.3007008751926605,False,False,,
2403,11.265264,599080.0,1678.095238095238,1687.4593837535017,1824.426339234608,1548.4499376146257,0.1782275260672114,-0.3514451160444416,False,False,,
2404,11.269952,602423.0,1687.4593837535017,1686.7226890756303,1823.7280875293468,1548.4499376146257,0.1777765901420003,-0.0454476153832921,False,False,,
2405,11.274640000000002,602160.0,1686.7226890756303,1686.7226890756303,1823.7665186374545,1548.4499376146257,0.1778014092253778,-0.043133997585425,False,False,,
2406,11.279328,601909.0,1686.0196078431372,1686.0196078431372,1823.101856652228,1548.4499376146257,0.1773721657806395,-0.0504672624905637,False,False,,
2407,11.284016,601381.0,1684.5406162464983,1685.9131652661065,1823.0338214652832,1548.4499376146257,0.1773282281722663,-0.0020415419529378,False,False,,
2408,11.288704,601871.0,1685.9131652661065,1685.9131652661065,1823.0722170018491,1548.4499376146257,0.1773530242832887,0.052172309013116,False,False,,
2409,11.293392,603308.0,1689.93837535014,1686.593837535014,1823.79127295746,1548.4499376146257,0.1778173957415733,0.2672961723818545,False,False,,
2410,11.29808,602114.0,1686.593837535014,1689.717086834734,1826.9528940976777,1548.4499376146257,0.1798591931955409,0.2204106883423691,False,False,,
2411,11.302768,603229.0,1689.717086834734,1689.717086834734,1826.9912540956263,1548.4499376146257,0.1798839663554712,0.0052835616700619,False,False,,
2412,11.307456,603262.0,1689.809523809524,1689.717086834734,1827.0296022546809,1548.4499376146257,0.1799087318697594,0.0116488739422067,False,False,,
2413,11.312144,600894.0,1683.1764705882354,1689.809523809524,1827.160375553285,1548.4499376146257,0.1799931861975534,-0.3589860090259087,False,False,,
2414,11.316832000000002,603793.0,1691.296918767507,1684.428571428571,1821.8177476645585,1548.4499376146257,0.1765428790491307,0.0112597388343793,False,False,,
2415,11.32152,601341.0,1684.428571428571,1689.8963585434174,1827.323847443694,1548.4499376146257,0.1800987575088618,0.3818913625255504,False,False,,
2416,11.326208,603293.0,1689.8963585434174,1689.8963585434174,1827.3621482836984,1548.4499376146257,0.1801234924641701,0.0052754134775163,False,False,,
2417,11.330896,604302.0,1692.7226890756303,1689.8963585434174,1827.4004373030657,1548.4499376146257,0.180148219785627,0.1999478884721064,False,False,,
2418,11.335584,603218.0,1689.686274509804,1692.7226890756303,1830.2650450376573,1548.4499376146257,0.1819982038664845,0.4021449328709181,False,False,,
2419,11.340272,605350.0,1695.6582633053222,1695.6582633053222,1833.2388846563863,1548.4499376146257,0.1839187306762245,0.2074692026211835,False,False,,
2420,11.34496,608378.0,1704.140056022409,1695.6582633053222,1833.2771382357284,1548.4499376146257,0.1839434351102606,-0.2023320226505625,False,False,,
2421,11.349648,603732.0,1691.126050420168,1692.6442577030812,1830.3013744067785,1548.4499376146257,0.1820216656318529,-0.2081217786959435,False,False,,
2422,11.354336,604274.0,1692.6442577030812,1692.5602240896358,1830.2555707642173,1548.4499376146257,0.1819920853132075,-0.0005224776926091,False,False,,
2423,11.359024000000002,604244.0,1692.5602240896358,1692.5602240896358,1830.2937889363368,1548.4499376146257,0.1820167668810071,-0.0267636251340519,False,False,,
2424,11.363712,603711.0,1691.0672268907565,1692.095238095238,1829.8670093189353,1548.4499376146257,0.1817411495639507,-0.0267652497498893,False,False,,
2425,11.3684,604078.0,1692.095238095238,1692.095238095238,1829.9052039044489,1548.4499376146257,0.1817658158993521,0.0052607783841125,False,False,,
2426,11.373088,604826.0,1694.190476190476,1692.095238095238,1829.9433867021187,1548.4499376146257,0.1817904746220801,0.1495765275530374,False,False,,
2427,11.377776,603045.0,1689.2016806722688,1694.190476190476,1832.0767958108208,1548.4499376146257,0.1831682454216894,0.2066844530285081,False,False,,
2428,11.382464,605122.0,1695.0196078431372,1695.0196078431372,1832.944086696377,1548.4499376146257,0.1837283480536753,0.0623654576351988,False,False,,
2429,11.387152,605310.0,1695.546218487395,1695.0196078431372,1832.9822341523395,1548.4499376146257,0.183752983952477,0.0415265677968896,False,False,,
2430,11.39184,605065.0,1694.859943977591,1695.546218487395,1833.5469804792615,1548.4499376146257,0.184117701153339,-0.0057447815289712,False,False,,
2431,11.396528,606040.0,1697.591036414566,1694.859943977591,1832.8988298824568,1548.4499376146257,0.1836991208808613,0.0230013093196141,False,False,,
2432,11.401216000000002,604813.0,1694.1540616246498,1695.8039215686274,1833.88091962046,1548.4499376146257,0.1843333614295201,-0.0433708677560247,False,False,,
2433,11.405904,605402.0,1695.8039215686274,1694.1540616246498,1832.2691600610483,1548.4499376146257,0.1832924756247814,0.005247803500314,False,False,,
2434,11.410592,604241.0,1692.5518207282912,1695.8039215686274,1833.9571086308213,1548.4499376146257,0.1843825648351391,0.1306556655872093,False,False,,
2435,11.41528,609121.0,1706.221288515406,1695.9747899159663,1834.1660538488136,1548.4499376146257,0.184517503145327,0.3160671417237495,False,False,,
2436,11.419968,605463.0,1695.9747899159663,1700.3165266106444,1838.545855662631,1548.4499376146257,0.1873460103559408,0.0052429461732685,False,False,,
2437,11.424656,607013.0,1700.3165266106444,1695.9747899159663,1834.2421723392056,1548.4499376146257,0.1845666610086476,-0.7323593619713691,False,False,,
2438,11.429344,603190.0,1689.6078431372548,1689.6078431372548,1827.9132671874852,1548.4499376146257,0.1804794089780976,-0.4333076001534657,False,False,,
2439,11.434032,603104.0,1689.3669467787115,1689.6078431372548,1827.9512970738397,1548.4499376146257,0.1805039689496089,0.4619215443786402,False,False,,
2440,11.43872,609630.0,1707.6470588235295,1696.2380952380952,1834.619567324021,1548.4499376146257,0.1848103853781915,0.5686144560400805,False,False,,
2441,11.443408000000002,605557.0,1696.2380952380952,1697.7871148459385,1836.2065933478143,1548.4499376146257,0.1858352980894402,0.1119293888904024,False,False,,
2442,11.448096,606110.0,1697.7871148459385,1697.7871148459385,1836.2445880339951,1548.4499376146257,0.1858598353284284,0.0463289674661062,False,False,,
2443,11.452784,606967.0,1700.187675070028,1698.3837535014006,1836.8792096494883,1548.4499376146257,0.1862696784884024,0.170579208061234,False,False,,
2444,11.457472,606323.0,1698.3837535014006,1700.187675070028,1838.7211024556163,1548.4499376146257,0.1874591859832105,0.0052300152698201,False,False,,
2445,11.46216,608747.0,1705.173669467787,1698.3837535014006,1836.955140405577,1548.4499376146257,0.1863187151115722,-0.4558926161610053,False,False,,
2446,11.466848,603931.0,1691.6834733893556,1693.4929971988795,1832.1023319063472,1548.4499376146257,0.1831847368140851,-0.4562801051100535,False,False,,
2447,11.471536,604577.0,1693.4929971988795,1691.6834733893556,1830.330744188435,1548.4499376146257,0.1820406328460605,-0.0937518473000871,False,False,,
2448,11.476224,603132.0,1689.4453781512605,1692.0560224089636,1830.7412175915888,1548.4499376146257,0.1823057194937995,-0.1489336318710989,False,False,,
2449,11.480912,604064.0,1692.0560224089636,1689.4453781512605,1828.168486012979,1548.4499376146257,0.1806442311136372,-0.0021096815823824,False,False,,
2450,11.485600000000002,602239.0,1686.9439775910364,1691.9495798319329,1830.7105886719048,1548.4499376146257,0.1822859391192844,0.1777066097732493,False,False,,
2451,11.490288,604026.0,1691.9495798319329,1691.9495798319329,1830.7484779529293,1548.4499376146257,0.182310408286872,0.0052187268934282,False,False,,
2452,11.494976,609152.0,1706.3081232492998,1691.9495798319329,1830.7863555403349,1548.4499376146257,0.1823348699026371,-0.3615573832855041,False,False,,
2453,11.499664,602125.0,1686.624649859944,1686.624649859944,1825.499291465742,1548.4499376146257,0.1789204462611872,-0.3615589934234258,False,False,,
2454,11.504352,602109.0,1686.579831932773,1686.624649859944,1825.5371456767357,1548.4499376146257,0.1789448927802992,0.5408088521522103,False,False,,
2455,11.50904,604901.0,1694.4005602240895,1694.4005602240895,1833.35089856908,1548.4499376146257,0.1839910700589662,0.5408072430079827,False,False,,
2456,11.513728,605820.0,1696.9747899159663,1694.4005602240895,1833.3887294180888,1548.4499376146257,0.1840155014907419,-0.2270862689456123,False,False,,
2457,11.518416,602843.0,1688.6358543417366,1691.0280112044818,1830.053999571905,1548.4499376146257,0.1818619092013322,-0.227087877096757,False,False,,
2458,11.523104,603697.0,1691.0280112044818,1691.0280112044818,1830.091807073347,1548.4499376146257,0.1818863255550828,0.0052074628816853,False,False,,
2459,11.527792000000002,605589.0,1696.327731092437,1691.0280112044818,1830.1296029064097,1548.4499376146257,0.1819107343733109,0.3702439162897057,False,False,,
2460,11.53248,602222.0,1686.8963585434174,1696.327731092437,1835.467106962649,1548.4499376146257,0.1853577325142143,-0.1751924669172631,False,False,,
2461,11.537168,606599.0,1699.156862745098,1688.408963585434,1827.586111962752,1548.4499376146257,0.1802681298034947,-0.2313389333508944,False,False,,
2462,11.541856,602762.0,1688.408963585434,1692.8935574229693,1832.108466649814,1548.4499376146257,0.1831886986751164,0.0052010372225375,False,False,,
2463,11.546544,604363.0,1692.8935574229693,1688.408963585434,1827.661622007824,1548.4499376146257,0.1803168947284932,-0.187352356771953,False,False,,
2464,11.551232,600318.0,1681.563025210084,1690.0980392156862,1829.388435183236,1548.4499376146257,0.1814320829780226,-0.4379799871793253,False,False,,
2465,11.55592,603365.0,1690.0980392156862,1681.9747899159663,1821.3029117818876,1548.4499376146257,0.1762103943687,-0.5543230028449919,False,False,,
2466,11.560608,600465.0,1681.9747899159663,1681.9747899159663,1821.340626037064,1548.4499376146257,0.1762347505033482,-0.0202731521752106,False,False,,
2467,11.565296,599472.0,1679.1932773109245,1681.6050420168067,1821.00858075348,1548.4499376146257,0.1760203132939052,-0.134879727873443,False,False,,
2468,11.569984000000002,600333.0,1681.6050420168067,1679.9411764705883,1819.382406186828,1548.4499376146257,0.1749701181748063,0.0051914135973909,False,False,,
2469,11.574672,599739.0,1679.9411764705883,1681.6050420168067,1821.0839510801948,1548.4499376146257,0.1760689879877936,0.1508577478230428,False,False,,
2470,11.57936,602936.0,1688.8963585434174,1682.0560224089636,1821.5725991906725,1548.4499376146257,0.176384560418395,0.0362511736086474,False,False,,
2471,11.584048,600494.0,1682.0560224089636,1682.0560224089636,1821.6102552837544,1548.4499376146257,0.1764088789915483,-0.0335938620292708,False,False,,
2472,11.588736,600293.0,1681.4929971988795,1681.4929971988795,1821.0848745451017,1548.4499376146257,0.1760695843680086,-0.1910325966958552,False,False,,
2473,11.593424,599087.0,1678.1148459383753,1679.2072829131653,1818.836793112754,1548.4499376146257,0.174617757364928,-0.2274994154480865,False,False,,
2474,11.598112,599477.0,1679.2072829131653,1678.1148459383753,1817.7819773768529,1548.4499376146257,0.1739365498487674,-0.1865982303833995,False,False,,
2475,11.6028,598032.0,1675.1596638655462,1676.422969187675,1816.127710254147,1548.4499376146257,0.1728682123568533,-0.1983690271372147,False,False,,
2476,11.607488,598483.0,1676.422969187675,1675.1596638655462,1814.9020029527017,1548.4499376146257,0.172076641850329,0.0051786097907893,False,False,,
2477,11.612176000000002,597350.0,1673.249299719888,1676.422969187675,1816.202894691786,1548.4499376146257,0.1729167670022524,-0.1264064754114819,False,False,,
2478,11.616864,599862.0,1680.2857142857142,1673.249299719888,1813.0668000408073,1548.4499376146257,0.1708914547368718,-0.2334884767736724,False,False,,
2479,11.621552,597246.0,1672.9579831932774,1672.9579831932774,1812.8130467344383,1548.4499376146257,0.1707275790440226,-0.0148917005622983,False,False,,
2480,11.62624,594410.0,1665.0140056022408,1672.9579831932774,1812.850598361692,1548.4499376146257,0.1707518301523997,0.0576512643825424,False,False,,
2481,11.630928,598779.0,1677.2521008403362,1673.719887955182,1813.65004316144,1548.4499376146257,0.1712681172988732,0.0576496681008222,False,False,,
2482,11.635616,597518.0,1673.719887955182,1673.719887955182,1813.6875716134505,1548.4499376146257,0.171292353440513,-0.2394759304749527,False,False,,
2483,11.640304,595312.0,1667.5406162464983,1670.1680672268908,1810.173267754912,1548.4499376146257,0.1690227909747402,-0.3683598854218495,False,False,,
2484,11.644992,596250.0,1670.1680672268908,1668.296918767507,1808.3396245865977,1548.4499376146257,0.1678386111547979,-0.1237165220873635,False,False,,
2485,11.64968,595582.0,1668.296918767507,1668.296918767507,1808.3771183025576,1548.4499376146257,0.1678628248636491,-0.276524746403787,False,False,,
2486,11.654368000000002,593945.0,1663.7114845938374,1664.2072829131653,1804.3249645926392,1548.4499376146257,0.1652459151325146,-0.310676306777804,False,False,,
2487,11.659056,594122.0,1664.2072829131653,1663.7114845938374,1803.8666368497688,1548.4499376146257,0.1649499238112991,0.0051610561030095,False,False,,
2488,11.663744,591284.0,1656.2577030812324,1664.2072829131653,1804.3998941811583,1548.4499376146257,0.1652943051945364,-0.508247661029106,False,False,,
2489,11.668432,596200.0,1670.0280112044818,1656.2577030812324,1796.4877618004605,1548.4499376146257,0.1601845937414904,-0.6685804522801853,False,False,,
2490,11.67312,589004.0,1649.8711484593837,1654.4257703081232,1794.6932649213277,1548.4499376146257,0.1590256948739576,-0.121024953283598,False,False,,
2491,11.677808,590630.0,1654.4257703081232,1654.4257703081232,1794.7306892616125,1548.4499376146257,0.1590498637795034,0.0051546877067103,False,False,,
2492,11.682496,593104.0,1661.3557422969188,1654.4257703081232,1794.7681020517712,1548.4499376146257,0.1590740252258957,0.0979561132906745,False,False,,
2493,11.687184,587149.0,1644.6750700280113,1655.7731092436975,1796.1528422309427,1548.4499376146257,0.1599683002977168,-0.1403234923110545,False,False,,
2494,11.691872,591111.0,1655.7731092436975,1652.313725490196,1792.730848178041,1548.4499376146257,0.1577583521619874,-0.2331280986549693,False,False,,
2495,11.696560000000002,589876.0,1652.313725490196,1652.313725490196,1792.7682263392053,1548.4499376146257,0.1577824912447283,0.0051483271685661,False,False,,
2496,11.701248,589237.0,1650.5238095238096,1652.313725490196,1792.805592964496,1548.4499376146257,0.1578066228775199,0.1714590047556683,False,False,,
2497,11.705936,591631.0,1657.2296918767506,1654.7282913165266,1795.2575138838033,1548.4499376146257,0.1593900908733174,0.1714574163381961,False,False,,
2498,11.710624,590738.0,1654.7282913165266,1654.7282913165266,1795.2948574480256,1548.4499376146257,0.1594142076131067,-0.3724354468201021,False,False,,
2499,11.715312,588781.0,1649.2464985994395,1649.2464985994395,1789.8503967699648,1548.4499376146257,0.1558981361239323,-0.750015249397314,False,False,,
