time_s,center_row,left_edge_px,right_edge_px,left_edge_um,right_edge_um,diameter_px,diameter_um,diameter_px_filt,diameter_um_filt,diameter_was_filtered,peak,baseline,sum_intensity,edge_strength_left,edge_strength_right,qc_score,qc_edge_violation,qc_diameter_violation,qc_center_violation
0.0,0,47.0,287.0,19.458,118.818,240.0,99.36,240.0,99.36,False,982.4333333333336,150.33333333333334,229295.33333333337,,,0.75,False,False,False
0.0044284,1,47.0,287.0,19.458,118.818,240.0,99.36,240.0,99.36,False,974.325,150.025,229280.5,,,0.75,False,False,False
0.0088568,2,47.0,287.0,19.458,118.818,240.0,99.36,240.0,99.36,False,977.14,150.4,229115.8,,,0.75,False,False,False
0.0132852,3,47.0,287.0,19.458,118.818,240.0,99.36,240.0,99.36,False,969.28,150.2,228959.6,,,0.75,False,False,False
0.0177136,4,47.0,287.0,19.458,118.818,240.0,99.36,240.0,99.36,False,973.68,149.8,228684.6,,,0.75,False,False,False
0.022142,5,47.0,287.0,19.458,118.818,240.0,99.36,240.0,99.36,False,975.32,150.4,228658.2,,,0.75,False,False,False
0.0265704,6,47.0,287.0,19.458,118.818,240.0,99.36,240.0,99.36,False,971.5,150.46,228437.8,,,0.75,False,False,False
0.0309988,7,47.0,287.0,19.458,118.818,240.0,99.36,240.0,99.36,False,982.9200000000002,150.4,228798.8,,,0.75,False,False,False
0.0354272,8,47.0,287.0,19.458,118.818,240.0,99.36,240.0,99.36,False,984.96,150.2,228618.2,,,0.75,False,False,False
0.0398556,9,47.0,287.0,19.458,118.818,240.0,99.36,240.0,99.36,False,982.6000000000004,150.22,228648.0,,,0.75,False,False,False
0.044284,10,47.0,287.0,19.458,118.818,240.0,99.36,240.0,99.36,False,977.96,150.02,228809.8,,,0.75,False,False,False
0.0487123999999999,11,47.0,287.0,19.458,118.818,240.0,99.36,240.0,99.36,False,974.18,150.2,228516.2,,,0.75,False,False,False
0.0531408,12,47.0,287.0,19.458,118.818,240.0,99.36,240.0,99.36,False,974.12,150.2,227822.8,,,0.75,False,False,False
0.0575692,13,47.0,287.0,19.458,118.818,240.0,99.36,240.0,99.36,False,968.36,150.42000000000002,227335.2,,,0.75,False,False,False
0.0619976,14,47.0,287.0,19.458,118.818,240.0,99.36,240.0,99.36,False,977.56,150.0,226580.99999999997,,,0.75,False,False,False
0.066426,15,47.0,287.0,19.458,118.818,240.0,99.36,240.0,99.36,False,971.76,150.4,226034.2,,,0.75,False,False,False
0.0708544,16,47.0,287.0,19.458,118.818,240.0,99.36,240.0,99.36,False,963.22,150.44,225989.0,,,0.75,False,False,False
0.0752828,17,47.0,287.0,19.458,118.818,240.0,99.36,240.0,99.36,False,969.34,150.2,225773.0,,,0.75,False,False,False
0.0797112,18,47.0,287.0,19.458,118.818,240.0,99.36,240.0,99.36,False,968.84,149.8,225926.4,,,0.75,False,False,False
0.0841396,19,47.0,287.0,19.458,118.818,240.0,99.36,240.0,99.36,False,966.1,150.0,226233.8,,,0.75,False,False,False
0.088568,20,47.0,287.0,19.458,118.818,240.0,99.36,240.0,99.36,False,966.04,150.2,226184.0,,,0.75,False,False,False
0.0929963999999999,21,47.0,287.0,19.458,118.818,240.0,99.36,240.0,99.36,False,960.98,150.4,226152.8,,,0.75,False,False,False
0.0974247999999999,22,47.0,287.0,19.458,118.818,240.0,99.36,240.0,99.36,False,961.08,150.62,226402.6,,,0.75,False,False,False
0.1018531999999999,23,47.0,287.0,19.458,118.818,240.0,99.36,240.0,99.36,False,967.92,150.4,226470.6,,,0.75,False,False,False
0.1062816,24,47.0,287.0,19.458,118.818,240.0,99.36,240.0,99.36,False,967.56,150.4,226163.2,,,0.75,False,False,False
0.11071,25,47.0,287.0,19.458,118.818,240.0,99.36,240.0,99.36,False,967.46,150.62,226271.0,,,0.75,False,False,False
0.1151384,26,47.0,287.0,19.458,118.818,240.0,99.36,240.0,99.36,False,969.6600000000002,150.02,226203.2,,,0.75,False,False,False
0.1195668,27,47.0,287.0,19.458,118.818,240.0,99.36,240.0,99.36,False,967.34,149.8,226067.0,,,0.75,False,False,False
0.1239952,28,47.0,287.0,19.458,118.818,240.0,99.36,240.0,99.36,False,968.6,150.02,225948.6,,,0.75,False,False,False
0.1284236,29,47.0,287.0,19.458,118.818,240.0,99.36,240.0,99.36,False,953.56,150.02,225921.8,,,0.75,False,False,False
0.132852,30,47.0,287.0,19.458,118.818,240.0,99.36,240.0,99.36,False,964.72,150.62,225968.6,,,0.75,False,False,False
0.1372804,31,47.0,287.0,19.458,118.818,240.0,99.36,240.0,99.36,False,962.1,150.22,226021.0,,,0.75,False,False,False
0.1417088,32,47.0,287.0,19.458,118.818,240.0,99.36,240.0,99.36,False,960.78,150.6,226407.2,,,0.75,False,False,False
0.1461372,33,47.0,287.0,19.458,118.818,240.0,99.36,240.0,99.36,False,971.9400000000002,151.02,226161.4,,,0.75,False,False,False
0.1505656,34,47.0,287.0,19.458,118.818,240.0,99.36,240.0,99.36,False,982.78,150.8,226366.8,,,0.75,False,False,False
0.154994,35,47.0,287.0,19.458,118.818,240.0,99.36,240.0,99.36,False,982.4200000000002,150.42000000000002,226362.6,,,0.75,False,False,False
0.1594224,36,47.0,287.0,19.458,118.818,240.0,99.36,240.0,99.36,False,981.7400000000002,150.42000000000002,226069.4,,,0.75,False,False,False
0.1638508,37,47.0,287.0,19.458,118.818,240.0,99.36,240.0,99.36,False,974.0000000000002,150.62,225624.6,,,0.75,False,False,False
0.1682792,38,47.0,287.0,19.458,118.818,240.0,99.36,240.0,99.36,False,969.08,150.02,225784.2,,,0.75,False,False,False
0.1727076,39,47.0,287.0,19.458,118.818,240.0,99.36,240.0,99.36,False,969.22,150.42000000000002,225667.2,,,0.75,False,False,False
0.177136,40,47.0,287.0,19.458,118.818,240.0,99.36,240.0,99.36,False,964.58,150.62,224982.8,,,0.75,False,False,False
0.1815644,41,47.0,287.0,19.458,118.818,240.0,99.36,240.0,99.36,False,972.6,150.8,225187.60000000003,,,0.75,False,False,False
0.1859927999999999,42,47.0,287.0,19.458,118.818,240.0,99.36,240.0,99.36,False,962.9600000000002,150.4,224946.2,,,0.75,False,False,False
0.1904211999999999,43,47.0,287.0,19.458,118.818,240.0,99.36,240.0,99.36,False,959.78,150.22,224897.8,,,0.75,False,False,False
0.1948495999999999,44,47.0,287.0,19.458,118.818,240.0,99.36,240.0,99.36,False,973.4,151.02,225236.8,,,0.75,False,False,False
0.1992779999999999,45,47.0,287.0,19.458,118.818,240.0,99.36,240.0,99.36,False,974.48,151.2,225650.4,,,0.75,False,False,False
0.2037063999999999,46,47.0,287.0,19.458,118.818,240.0,99.36,240.0,99.36,False,979.42,150.8,225707.4,,,0.75,False,False,False
0.2081347999999999,47,47.0,287.0,19.458,118.818,240.0,99.36,240.0,99.36,False,976.72,151.22,225601.4,,,0.75,False,False,False
0.2125632,48,47.0,287.0,19.458,118.818,240.0,99.36,240.0,99.36,False,973.72,150.64,225570.99999999997,,,0.75,False,False,False
0.2169916,49,47.0,287.0,19.458,118.818,240.0,99.36,240.0,99.36,False,974.54,150.82000000000002,225350.8,,,0.75,False,False,False
0.22142,50,47.0,287.0,19.458,118.818,240.0,99.36,240.0,99.36,False,981.7200000000004,150.8,227670.0,,,0.75,False,False,False
0.2258484,51,47.0,287.0,19.458,118.818,240.0,99.36,240.0,99.36,False,1028.96,150.2,235078.0,,,0.75,False,False,False
0.2302768,52,47.0,287.0,19.458,118.818,240.0,99.36,240.0,99.36,False,1101.8000000000002,150.4,249038.6,,,0.75,False,False,False
0.2347052,53,47.0,286.0,19.458,118.404,239.0,98.946,239.0,98.946,False,1211.96,150.23999999999998,267315.19999999995,,,0.75,False,False,False
0.2391336,54,47.0,286.0,19.458,118.404,239.0,98.946,239.0,98.946,False,1343.3400000000004,150.82000000000002,289183.8,,,0.75,False,False,False
0.243562,55,47.0,284.0,19.458,117.576,237.0,98.118,237.0,98.118,False,1482.4,151.8,312233.4,,,0.75,False,False,False
0.2479904,56,47.0,284.0,19.458,117.576,237.0,98.118,237.0,98.118,False,1591.2400000000002,151.22,333854.6,,,0.75,False,False,False
0.2524188,57,47.0,285.0,19.458,117.99,238.0,98.532,238.0,98.532,False,1680.18,151.02,352341.0,,,0.75,False,False,False
0.2568472,58,47.0,285.0,19.458,117.99,238.0,98.532,238.0,98.532,False,1741.22,151.6,369625.8000000001,,,0.75,False,False,False
0.2612756,59,47.0,285.0,19.458,117.99,238.0,98.532,238.0,98.532,False,1769.72,151.4,385984.1999999999,,,0.75,False,False,False
0.265704,60,47.0,285.0,19.458,117.99,238.0,98.532,238.0,98.532,False,1824.38,151.6,400133.0,,,0.75,False,False,False
0.2701324,61,47.0,285.0,19.458,117.99,238.0,98.532,238.0,98.532,False,1851.98,151.0,411595.0,,,0.75,False,False,False
0.2745608,62,47.0,286.0,19.458,118.404,239.0,98.946,238.0,98.532,True,1870.88,151.22,420814.6,,,0.75,False,False,False
0.2789892,63,48.0,286.0,19.872,118.404,238.0,98.532,238.0,98.532,False,1886.06,151.42000000000002,427602.2,,,0.75,False,False,False
0.2834176,64,48.0,286.0,19.872,118.404,238.0,98.532,238.0,98.532,False,1897.38,151.0,431913.4,,,0.75,False,False,False
0.287846,65,48.0,286.0,19.872,118.404,238.0,98.532,238.0,98.532,False,1909.04,150.8,435361.8000000001,,,0.75,False,False,False
0.2922744,66,48.0,286.0,19.872,118.404,238.0,98.532,238.0,98.532,False,1912.92,151.62,438165.4,,,0.75,False,False,False
0.2967028,67,49.0,286.0,20.286,118.404,237.0,98.118,237.0,98.118,False,1926.94,151.02,440688.4,,,0.75,False,False,False
0.3011312,68,49.0,285.0,20.286,117.99,236.0,97.704,236.0,97.704,False,1941.24,150.8,442617.0,,,0.75,False,False,False
0.3055596,69,49.0,285.0,20.286,117.99,236.0,97.704,236.0,97.704,False,1941.0,150.62,444611.0,,,0.75,False,False,False
0.309988,70,50.0,285.0,20.7,117.99,235.0,97.29,235.0,97.29,False,1948.94,150.62,446152.6,,,0.75,False,False,False
0.3144164,71,50.0,285.0,20.7,117.99,235.0,97.29,235.0,97.29,False,1966.62,150.82000000000002,447745.79999999993,,,0.75,False,False,False
0.3188448,72,50.0,284.0,20.7,117.576,234.0,96.876,234.0,96.876,False,1969.7,151.02,448470.6,,,0.75,False,False,False
0.3232732,73,51.0,284.0,21.113999999999997,117.576,233.0,96.462,233.0,96.462,False,1978.44,151.6,449187.1999999999,,,0.75,False,False,False
0.3277016,74,52.0,283.0,21.528,117.162,231.0,95.634,231.0,95.634,False,1975.6800000000003,151.02,448467.0,,,0.75,False,False,False
0.33213,75,52.0,283.0,21.528,117.162,231.0,95.634,231.0,95.634,False,1976.04,151.22,448592.3999999999,,,0.75,False,False,False
0.3365584,76,52.0,283.0,21.528,117.162,231.0,95.634,231.0,95.634,False,1978.68,150.82000000000002,448593.6,,,0.75,False,False,False
0.3409868,77,53.0,283.0,21.942,117.162,230.0,95.22,230.0,95.22,False,1994.78,150.8,448669.99999999994,,,0.75,False,False,False
0.3454152,78,53.0,282.0,21.942,116.748,229.0,94.806,229.0,94.806,False,1993.36,150.8,447489.8000000001,,,0.75,False,False,False
0.3498436,79,54.0,282.0,22.356,116.748,228.0,94.392,228.0,94.392,False,2004.8,150.4,447689.8,,,0.75,False,False,False
0.354272,80,54.0,281.0,22.356,116.334,227.0,93.978,227.0,93.978,False,2002.42,150.42000000000002,446940.6,,,0.75,False,False,False
0.3587004,81,54.0,281.0,22.356,116.334,227.0,93.978,227.0,93.978,False,2011.8,150.82000000000002,446296.4,,,0.75,False,False,False
0.3631288,82,55.0,281.0,22.77,116.334,226.0,93.564,226.0,93.564,False,2013.72,151.2,445538.2,,,0.75,False,False,False
0.3675572,83,55.0,280.0,22.77,115.92,225.0,93.15,225.0,93.15,False,2027.28,151.02,444735.2,,,0.75,False,False,False
0.3719855999999999,84,56.0,280.0,23.183999999999997,115.92,224.0,92.736,224.0,92.736,False,2034.76,151.0,443874.4,,,0.75,False,False,False
0.3764139999999999,85,56.0,280.0,23.183999999999997,115.92,224.0,92.736,224.0,92.736,False,2036.12,150.4,442968.6,,,0.75,False,False,False
0.3808423999999999,86,56.0,279.0,23.183999999999997,115.506,223.0,92.322,223.0,92.322,False,2043.96,150.0,441072.2,,,0.75,False,False,False
0.3852707999999999,87,57.0,279.0,23.598,115.506,222.0,91.908,222.0,91.908,False,2045.78,149.82000000000002,439933.0,,,0.75,False,False,False
0.3896991999999999,88,57.0,279.0,23.598,115.506,222.0,91.908,222.0,91.908,False,2039.3,150.4,439332.2,,,0.75,False,False,False
0.3941275999999999,89,57.0,278.0,23.598,115.092,221.0,91.494,221.0,91.494,False,2046.52,150.0,437635.6,,,0.75,False,False,False
0.3985559999999999,90,57.0,278.0,23.598,115.092,221.0,91.494,221.0,91.494,False,2054.76,150.02,436657.2,,,0.75,False,False,False
0.4029843999999999,91,58.0,278.0,24.012,115.092,220.0,91.08,220.0,91.08,False,2059.76,150.62,436067.1999999999,,,0.75,False,False,False
0.4074127999999999,92,58.0,278.0,24.012,115.092,220.0,91.08,220.0,91.08,False,2066.1200000000003,150.6,435175.8000000001,,,0.75,False,False,False
0.4118411999999999,93,58.0,277.0,24.012,114.678,219.0,90.666,219.0,90.666,False,2058.5,150.62,434781.6,,,0.75,False,False,False
0.4162695999999999,94,58.0,277.0,24.012,114.678,219.0,90.666,219.0,90.666,False,2066.98,150.42000000000002,434967.6,,,0.75,False,False,False
0.4206979999999999,95,59.0,277.0,24.426,114.678,218.0,90.252,218.0,90.252,False,2068.02,150.0,433806.2,,,0.75,False,False,False
0.4251264,96,59.0,277.0,24.426,114.678,218.0,90.252,218.0,90.252,False,2072.04,149.82000000000002,432590.4,,,0.75,False,False,False
0.4295548,97,59.0,277.0,24.426,114.678,218.0,90.252,218.0,90.252,False,2057.88,150.4,431661.1999999999,,,0.75,False,False,False
0.4339832,98,60.0,276.0,24.84,114.264,216.0,89.42399999999999,216.0,89.42399999999999,False,2064.14,150.4,430944.6,,,0.75,False,False,False
0.4384116,99,60.0,276.0,24.84,114.264,216.0,89.42399999999999,216.0,89.42399999999999,False,2069.92,150.82000000000002,429670.6,,,0.75,False,False,False
0.44284,100,60.0,276.0,24.84,114.264,216.0,89.42399999999999,216.0,89.42399999999999,False,2061.6400000000003,150.0,429795.8,,,0.75,False,False,False
0.4472684,101,60.0,276.0,24.84,114.264,216.0,89.42399999999999,216.0,89.42399999999999,False,2080.2000000000007,149.62,430141.1999999999,,,0.75,False,False,False
0.4516968,102,60.0,276.0,24.84,114.264,216.0,89.42399999999999,216.0,89.42399999999999,False,2076.98,149.42000000000002,429986.0,,,0.75,False,False,False
0.4561252,103,60.0,275.0,24.84,113.85,215.0,89.00999999999999,215.0,89.00999999999999,False,2087.48,149.4,429407.2,,,0.75,False,False,False
0.4605536,104,60.0,275.0,24.84,113.85,215.0,89.00999999999999,215.0,89.00999999999999,False,2083.78,150.02,429170.2,,,0.75,False,False,False
0.464982,105,55.0,275.0,22.77,113.85,220.0,91.08,220.0,91.08,False,2074.38,149.6,428547.4,,,0.75,False,False,False
0.4694104,106,55.0,275.0,22.77,113.85,220.0,91.08,220.0,91.08,False,2056.84,149.84,428678.2,,,0.75,False,False,False
0.4738388,107,61.0,275.0,25.254,113.85,214.0,88.59599999999999,214.0,88.59599999999999,False,2068.98,150.4,428252.8000000001,,,0.75,False,False,False
0.4782672,108,61.0,275.0,25.254,113.85,214.0,88.59599999999999,214.0,88.59599999999999,False,2075.7000000000003,150.4,428186.8,,,0.75,False,False,False
0.4826956,109,61.0,274.0,25.254,113.436,213.0,88.182,213.0,88.182,False,2083.6800000000003,150.8,427822.6,,,0.75,False,False,False
0.487124,110,61.0,274.0,25.254,113.436,213.0,88.182,213.0,88.182,False,2076.94,151.0,427229.0,,,0.75,False,False,False
0.4915524,111,61.0,274.0,25.254,113.436,213.0,88.182,213.0,88.182,False,2063.12,150.82000000000002,426005.1999999999,,,0.75,False,False,False
0.4959808,112,61.0,274.0,25.254,113.436,213.0,88.182,213.0,88.182,False,2068.24,150.02,424912.6,,,0.75,False,False,False
0.5004092,113,61.0,274.0,25.254,113.436,213.0,88.182,213.0,88.182,False,2073.4,150.0,424200.79999999993,,,0.75,False,False,False
0.5048376,114,62.0,274.0,25.668,113.436,212.0,87.768,212.0,87.768,False,2057.5000000000005,149.6,423710.0,,,0.75,False,False,False
0.509266,115,62.0,273.0,25.668,113.022,211.0,87.354,211.0,87.354,False,2068.7,149.6,423637.4,,,0.75,False,False,False
0.5136944,116,62.0,273.0,25.668,113.022,211.0,87.354,211.0,87.354,False,2058.96,149.8,423179.4,,,0.75,False,False,False
0.5181228,117,62.0,273.0,25.668,113.022,211.0,87.354,211.0,87.354,False,2068.12,149.82000000000002,423175.0,,,0.75,False,False,False
0.5225512,118,62.0,273.0,25.668,113.022,211.0,87.354,211.0,87.354,False,2072.12,149.82000000000002,422738.0,,,0.75,False,False,False
0.5269796,119,63.0,273.0,26.081999999999997,113.022,210.0,86.94,210.0,86.94,False,2080.8600000000006,149.62,422829.8,,,0.75,False,False,False
0.531408,120,63.0,273.0,26.081999999999997,113.022,210.0,86.94,210.0,86.94,False,2075.1,149.62,422636.0,,,0.75,False,False,False
0.5358364,121,63.0,272.0,26.081999999999997,112.608,209.0,86.526,209.0,86.526,False,2071.86,149.82000000000002,422530.2,,,0.75,False,False,False
0.5402648,122,63.0,272.0,26.081999999999997,112.608,209.0,86.526,209.0,86.526,False,2066.26,149.4,421942.8,,,0.75,False,False,False
0.5446932,123,63.0,272.0,26.081999999999997,112.608,209.0,86.526,209.0,86.526,False,2068.56,149.8,421196.2,,,0.75,False,False,False
0.5491216,124,63.0,272.0,26.081999999999997,112.608,209.0,86.526,209.0,86.526,False,2078.3,149.6,421189.0,,,0.75,False,False,False
0.55355,125,63.0,272.0,26.081999999999997,112.608,209.0,86.526,209.0,86.526,False,2082.88,149.4,420571.4,,,0.75,False,False,False
0.5579784,126,63.0,272.0,26.081999999999997,112.608,209.0,86.526,209.0,86.526,False,2071.6600000000003,149.8,420010.0,,,0.75,False,False,False
0.5624068,127,63.0,271.0,26.081999999999997,112.194,208.0,86.112,208.0,86.112,False,2082.6400000000003,149.82000000000002,419995.8,,,0.75,False,False,False
0.5668352,128,63.0,271.0,26.081999999999997,112.194,208.0,86.112,208.0,86.112,False,2084.5800000000004,150.0,420592.00000000006,,,0.75,False,False,False
0.5712636,129,63.0,271.0,26.081999999999997,112.194,208.0,86.112,208.0,86.112,False,2079.3,150.02,419877.4,,,0.75,False,False,False
0.575692,130,64.0,271.0,26.496,112.194,207.0,85.698,207.0,85.698,False,2071.0,150.42000000000002,419900.0,,,0.75,False,False,False
0.5801204,131,64.0,271.0,26.496,112.194,207.0,85.698,207.0,85.698,False,2054.98,150.42000000000002,419672.4,,,0.75,False,False,False
0.5845488,132,64.0,271.0,26.496,112.194,207.0,85.698,207.0,85.698,False,2059.76,149.82000000000002,419105.6000000001,,,0.75,False,False,False
0.5889772,133,64.0,270.0,26.496,111.78,206.0,85.28399999999999,206.0,85.28399999999999,False,2057.5,150.4,418182.0,,,0.75,False,False,False
0.5934056,134,64.0,270.0,26.496,111.78,206.0,85.28399999999999,206.0,85.28399999999999,False,2056.02,150.2,417323.6,,,0.75,False,False,False
0.597834,135,64.0,270.0,26.496,111.78,206.0,85.28399999999999,206.0,85.28399999999999,False,2061.2000000000003,150.0,416949.6,,,0.75,False,False,False
0.6022624,136,64.0,270.0,26.496,111.78,206.0,85.28399999999999,206.0,85.28399999999999,False,2060.8,150.0,416835.0,,,0.75,False,False,False
0.6066908,137,64.0,270.0,26.496,111.78,206.0,85.28399999999999,206.0,85.28399999999999,False,2072.36,149.8,416831.1999999999,,,0.75,False,False,False
0.6111192,138,64.0,270.0,26.496,111.78,206.0,85.28399999999999,206.0,85.28399999999999,False,2070.4,149.6,416289.6,,,0.75,False,False,False
0.6155476,139,64.0,270.0,26.496,111.78,206.0,85.28399999999999,206.0,85.28399999999999,False,2073.2200000000003,149.42000000000002,416730.1999999999,,,0.75,False,False,False
0.619976,140,64.0,270.0,26.496,111.78,206.0,85.28399999999999,206.0,85.28399999999999,False,2073.58,149.6,416006.4,,,0.75,False,False,False
0.6244044,141,64.0,270.0,26.496,111.78,206.0,85.28399999999999,206.0,85.28399999999999,False,2074.92,149.62,414910.4,,,0.75,False,False,False
0.6288328,142,64.0,269.0,26.496,111.366,205.0,84.86999999999999,205.0,84.86999999999999,False,2057.4,149.82000000000002,414628.0,,,0.75,False,False,False
0.6332612,143,64.0,269.0,26.496,111.366,205.0,84.86999999999999,205.0,84.86999999999999,False,2060.16,149.82000000000002,414156.6,,,0.75,False,False,False
0.6376896,144,65.0,269.0,26.91,111.366,204.0,84.45599999999999,204.0,84.45599999999999,False,2057.88,150.2,412853.1999999999,,,0.75,False,False,False
0.642118,145,65.0,269.0,26.91,111.366,204.0,84.45599999999999,204.0,84.45599999999999,False,2056.1200000000003,150.0,412772.6,,,0.75,False,False,False
0.6465464,146,65.0,269.0,26.91,111.366,204.0,84.45599999999999,204.0,84.45599999999999,False,2049.78,149.82000000000002,412956.6,,,0.75,False,False,False
0.6509748,147,65.0,269.0,26.91,111.366,204.0,84.45599999999999,204.0,84.45599999999999,False,2064.2200000000003,150.22,412452.8000000001,,,0.75,False,False,False
0.6554032,148,65.0,269.0,26.91,111.366,204.0,84.45599999999999,204.0,84.45599999999999,False,2068.38,150.8,412041.2,,,0.75,False,False,False
0.6598316,149,65.0,269.0,26.91,111.366,204.0,84.45599999999999,204.0,84.45599999999999,False,2061.7200000000003,150.8,411638.2,,,0.75,False,False,False
0.66426,150,51.0,269.0,21.113999999999997,111.366,218.0,90.252,217.0,89.838,True,2042.8,150.4,411411.6,,,0.75,False,False,False
0.6686884,151,51.0,268.0,21.113999999999997,110.952,217.0,89.838,217.0,89.838,False,2049.36,150.4,411145.6,,,0.75,False,False,False
0.6731168,152,51.0,268.0,21.113999999999997,110.952,217.0,89.838,217.0,89.838,False,2044.98,149.82000000000002,410944.2,,,0.75,False,False,False
0.6775452,153,51.0,268.0,21.113999999999997,110.952,217.0,89.838,217.0,89.838,False,2039.52,150.0,410444.2,,,0.75,False,False,False
0.6819736,154,51.0,268.0,21.113999999999997,110.952,217.0,89.838,217.0,89.838,False,2036.0200000000004,149.6,409855.2,,,0.75,False,False,False
0.686402,155,51.0,268.0,21.113999999999997,110.952,217.0,89.838,217.0,89.838,False,2039.22,150.0,408767.0,,,0.75,False,False,False
0.6908304,156,51.0,268.0,21.113999999999997,110.952,217.0,89.838,217.0,89.838,False,2048.7200000000003,150.0,408469.5999999999,,,0.75,False,False,False
0.6952588,157,51.0,268.0,21.113999999999997,110.952,217.0,89.838,217.0,89.838,False,2030.9000000000003,150.02,407222.8000000001,,,0.75,False,False,False
0.6996872,158,51.0,268.0,21.113999999999997,110.952,217.0,89.838,217.0,89.838,False,2035.8,150.2,406967.1999999999,,,0.75,False,False,False
0.7041156,159,51.0,268.0,21.113999999999997,110.952,217.0,89.838,217.0,89.838,False,2047.16,150.02,407358.0,,,0.75,False,False,False
0.708544,160,51.0,268.0,21.113999999999997,110.952,217.0,89.838,217.0,89.838,False,2042.76,150.0,406563.4,,,0.75,False,False,False
0.7129724,161,51.0,268.0,21.113999999999997,110.952,217.0,89.838,217.0,89.838,False,2038.64,149.6,405292.4,,,0.75,False,False,False
0.7174008,162,51.0,268.0,21.113999999999997,110.952,217.0,89.838,217.0,89.838,False,2025.64,149.8,405028.4,,,0.75,False,False,False
0.7218292,163,51.0,268.0,21.113999999999997,110.952,217.0,89.838,217.0,89.838,False,2025.02,150.0,404409.1999999999,,,0.75,False,False,False
0.7262576,164,51.0,268.0,21.113999999999997,110.952,217.0,89.838,217.0,89.838,False,2022.3,149.8,402733.0,,,0.75,False,False,False
0.730686,165,51.0,268.0,21.113999999999997,110.952,217.0,89.838,217.0,89.838,False,2011.1000000000004,149.2,401552.0,,,0.75,False,False,False
0.7351144,166,51.0,268.0,21.113999999999997,110.952,217.0,89.838,217.0,89.838,False,2013.3,149.4,401380.4,,,0.75,False,False,False
0.7395428,167,51.0,267.0,21.113999999999997,110.538,216.0,89.42399999999999,216.0,89.42399999999999,False,2012.48,149.4,400567.4,,,0.75,False,False,False
0.7439711999999999,168,51.0,267.0,21.113999999999997,110.538,216.0,89.42399999999999,216.0,89.42399999999999,False,1994.98,149.2,399819.6,,,0.75,False,False,False
0.7483995999999999,169,51.0,267.0,21.113999999999997,110.538,216.0,89.42399999999999,216.0,89.42399999999999,False,2000.06,148.8,398916.6,,,0.75,False,False,False
0.7528279999999999,170,51.0,267.0,21.113999999999997,110.538,216.0,89.42399999999999,216.0,89.42399999999999,False,2004.0,148.8,399284.0,,,0.75,False,False,False
0.7572563999999999,171,51.0,267.0,21.113999999999997,110.538,216.0,89.42399999999999,216.0,89.42399999999999,False,1993.84,148.8,397144.4,,,0.75,False,False,False
0.7616847999999999,172,51.0,267.0,21.113999999999997,110.538,216.0,89.42399999999999,216.0,89.42399999999999,False,1986.4800000000005,149.2,396276.0,,,0.75,False,False,False
0.7661131999999999,173,51.0,267.0,21.113999999999997,110.538,216.0,89.42399999999999,216.0,89.42399999999999,False,1954.42,148.82000000000002,393996.0,,,0.75,False,False,False
0.7705415999999999,174,51.0,267.0,21.113999999999997,110.538,216.0,89.42399999999999,216.0,89.42399999999999,False,1955.96,149.0,392890.0,,,0.75,False,False,False
0.7749699999999999,175,51.0,267.0,21.113999999999997,110.538,216.0,89.42399999999999,216.0,89.42399999999999,False,1945.52,149.6,391016.1999999999,,,0.75,False,False,False
0.7793983999999999,176,51.0,267.0,21.113999999999997,110.538,216.0,89.42399999999999,216.0,89.42399999999999,False,1952.4,149.8,390583.1999999999,,,0.75,False,False,False
0.7838267999999999,177,51.0,267.0,21.113999999999997,110.538,216.0,89.42399999999999,216.0,89.42399999999999,False,1951.08,149.4,389239.2,,,0.75,False,False,False
0.7882551999999999,178,51.0,267.0,21.113999999999997,110.538,216.0,89.42399999999999,216.0,89.42399999999999,False,1954.0,149.4,388526.20000000007,,,0.75,False,False,False
0.7926835999999999,179,51.0,267.0,21.113999999999997,110.538,216.0,89.42399999999999,216.0,89.42399999999999,False,1949.48,149.22,387751.6,,,0.75,False,False,False
0.7971119999999999,180,51.0,267.0,21.113999999999997,110.538,216.0,89.42399999999999,216.0,89.42399999999999,False,1928.68,149.4,386247.4,,,0.75,False,False,False
0.8015403999999999,181,51.0,267.0,21.113999999999997,110.538,216.0,89.42399999999999,216.0,89.42399999999999,False,1920.56,149.62,384230.4,,,0.75,False,False,False
0.8059687999999999,182,51.0,266.0,21.113999999999997,110.124,215.0,89.00999999999999,215.0,89.00999999999999,False,1915.16,149.4,382409.8,,,0.75,False,False,False
0.8103971999999999,183,51.0,266.0,21.113999999999997,110.124,215.0,89.00999999999999,215.0,89.00999999999999,False,1908.12,149.6,381514.0,,,0.75,False,False,False
0.8148255999999999,184,51.0,266.0,21.113999999999997,110.124,215.0,89.00999999999999,215.0,89.00999999999999,False,1893.2200000000005,149.6,379625.20000000007,,,0.75,False,False,False
0.8192539999999999,185,51.0,266.0,21.113999999999997,110.124,215.0,89.00999999999999,215.0,89.00999999999999,False,1883.7,149.42000000000002,377949.8000000001,,,0.75,False,False,False
0.8236823999999999,186,51.0,266.0,21.113999999999997,110.124,215.0,89.00999999999999,215.0,89.00999999999999,False,1898.76,149.2,377158.2,,,0.75,False,False,False
0.8281107999999999,187,51.0,266.0,21.113999999999997,110.124,215.0,89.00999999999999,215.0,89.00999999999999,False,1884.0400000000004,149.0,375544.2,,,0.75,False,False,False
0.8325391999999999,188,51.0,266.0,21.113999999999997,110.124,215.0,89.00999999999999,215.0,89.00999999999999,False,1865.7000000000005,149.2,374057.4,,,0.75,False,False,False
0.8369675999999999,189,51.0,266.0,21.113999999999997,110.124,215.0,89.00999999999999,215.0,89.00999999999999,False,1854.28,149.0,372394.1999999999,,,0.75,False,False,False
0.8413959999999999,190,51.0,266.0,21.113999999999997,110.124,215.0,89.00999999999999,215.0,89.00999999999999,False,1849.34,149.0,371363.8,,,0.75,False,False,False
0.8458243999999999,191,51.0,266.0,21.113999999999997,110.124,215.0,89.00999999999999,215.0,89.00999999999999,False,1834.54,149.0,369225.2,,,0.75,False,False,False
0.8502528,192,51.0,266.0,21.113999999999997,110.124,215.0,89.00999999999999,215.0,89.00999999999999,False,1836.68,149.0,368204.2,,,0.75,False,False,False
0.8546812,193,51.0,266.0,21.113999999999997,110.124,215.0,89.00999999999999,215.0,89.00999999999999,False,1836.0,149.22,365892.0,,,0.75,False,False,False
0.8591096,194,51.0,266.0,21.113999999999997,110.124,215.0,89.00999999999999,215.0,89.00999999999999,False,1826.02,149.8,364418.0,,,0.75,False,False,False
0.863538,195,51.0,266.0,21.113999999999997,110.124,215.0,89.00999999999999,215.0,89.00999999999999,False,1819.36,150.2,362183.2,,,0.75,False,False,False
0.8679664,196,51.0,266.0,21.113999999999997,110.124,215.0,89.00999999999999,215.0,89.00999999999999,False,1804.48,150.2,359596.6,,,0.75,False,False,False
0.8723948,197,51.0,266.0,21.113999999999997,110.124,215.0,89.00999999999999,215.0,89.00999999999999,False,1785.2600000000002,150.22,356810.4,,,0.75,False,False,False
0.8768232,198,51.0,266.0,21.113999999999997,110.124,215.0,89.00999999999999,215.0,89.00999999999999,False,1777.78,149.82000000000002,354357.0,,,0.75,False,False,False
0.8812516,199,51.0,266.0,21.113999999999997,110.124,215.0,89.00999999999999,215.0,89.00999999999999,False,1758.5600000000004,150.02,351910.0,,,0.75,False,False,False
0.88568,200,51.0,266.0,21.113999999999997,110.124,215.0,89.00999999999999,215.0,89.00999999999999,False,1740.92,149.42000000000002,349695.6,,,0.75,False,False,False
0.8901084,201,51.0,266.0,21.113999999999997,110.124,215.0,89.00999999999999,215.0,89.00999999999999,False,1732.2400000000002,149.4,349124.0,,,0.75,False,False,False
0.8945368,202,51.0,266.0,21.113999999999997,110.124,215.0,89.00999999999999,215.0,89.00999999999999,False,1711.9,149.4,347578.4,,,0.75,False,False,False
0.8989652,203,51.0,266.0,21.113999999999997,110.124,215.0,89.00999999999999,215.0,89.00999999999999,False,1715.96,149.4,346126.4,,,0.75,False,False,False
0.9033936,204,51.0,266.0,21.113999999999997,110.124,215.0,89.00999999999999,215.0,89.00999999999999,False,1702.96,149.0,344184.4,,,0.75,False,False,False
0.907822,205,51.0,266.0,21.113999999999997,110.124,215.0,89.00999999999999,215.0,89.00999999999999,False,1707.9600000000005,149.2,343129.8,,,0.75,False,False,False
0.9122504,206,51.0,266.0,21.113999999999997,110.124,215.0,89.00999999999999,215.0,89.00999999999999,False,1698.4200000000003,149.0,340219.60000000003,,,0.75,False,False,False
0.9166788,207,51.0,266.0,21.113999999999997,110.124,215.0,89.00999999999999,215.0,89.00999999999999,False,1684.58,149.4,337901.0,,,0.75,False,False,False
0.9211072,208,51.0,266.0,21.113999999999997,110.124,215.0,89.00999999999999,215.0,89.00999999999999,False,1669.8000000000002,149.02,335381.6,,,0.75,False,False,False
0.9255356,209,51.0,266.0,21.113999999999997,110.124,215.0,89.00999999999999,215.0,89.00999999999999,False,1668.72,149.2,333933.60000000003,,,0.75,False,False,False
0.929964,210,51.0,266.0,21.113999999999997,110.124,215.0,89.00999999999999,215.0,89.00999999999999,False,1637.68,149.0,331426.0,,,0.75,False,False,False
0.9343924,211,51.0,266.0,21.113999999999997,110.124,215.0,89.00999999999999,215.0,89.00999999999999,False,1633.3000000000002,149.4,330008.60000000003,,,0.75,False,False,False
0.9388208,212,51.0,266.0,21.113999999999997,110.124,215.0,89.00999999999999,215.0,89.00999999999999,False,1626.76,149.22,328473.0,,,0.75,False,False,False
0.9432492,213,51.0,266.0,21.113999999999997,110.124,215.0,89.00999999999999,215.0,89.00999999999999,False,1616.56,149.6,327832.39999999997,,,0.75,False,False,False
0.9476776,214,51.0,266.0,21.113999999999997,110.124,215.0,89.00999999999999,215.0,89.00999999999999,False,1608.52,149.4,325380.0,,,0.75,False,False,False
0.952106,215,51.0,266.0,21.113999999999997,110.124,215.0,89.00999999999999,215.0,89.00999999999999,False,1598.14,149.2,323540.0,,,0.75,False,False,False
0.9565344,216,51.0,266.0,21.113999999999997,110.124,215.0,89.00999999999999,215.0,89.00999999999999,False,1576.46,149.2,321209.8,,,0.75,False,False,False
0.9609628,217,51.0,266.0,21.113999999999997,110.124,215.0,89.00999999999999,215.0,89.00999999999999,False,1562.2600000000002,148.8,318570.80000000005,,,0.75,False,False,False
0.9653912,218,51.0,266.0,21.113999999999997,110.124,215.0,89.00999999999999,215.0,89.00999999999999,False,1550.96,149.0,315686.6,,,0.75,False,False,False
0.9698196,219,51.0,266.0,21.113999999999997,110.124,215.0,89.00999999999999,215.0,89.00999999999999,False,1540.0200000000002,148.6,314272.8,,,0.75,False,False,False
0.974248,220,51.0,266.0,21.113999999999997,110.124,215.0,89.00999999999999,215.0,89.00999999999999,False,1534.72,148.8,311869.0,,,0.75,False,False,False
0.9786764,221,51.0,266.0,21.113999999999997,110.124,215.0,89.00999999999999,215.0,89.00999999999999,False,1522.38,148.82000000000002,309340.4,,,0.75,False,False,False
0.9831048,222,50.0,266.0,20.7,110.124,216.0,89.42399999999999,216.0,89.42399999999999,False,1515.42,149.6,308258.60000000003,,,0.75,False,False,False
0.9875332,223,50.0,266.0,20.7,110.124,216.0,89.42399999999999,216.0,89.42399999999999,False,1501.9800000000002,149.22,306505.4,,,0.75,False,False,False
0.9919616,224,50.0,266.0,20.7,110.124,216.0,89.42399999999999,216.0,89.42399999999999,False,1491.22,148.82000000000002,304165.4,,,0.75,False,False,False
0.99639,225,50.0,266.0,20.7,110.124,216.0,89.42399999999999,216.0,89.42399999999999,False,1477.0400000000002,149.2,301927.8,,,0.75,False,False,False
1.0008184,226,50.0,266.0,20.7,110.124,216.0,89.42399999999999,216.0,89.42399999999999,False,1464.92,149.22,300349.0,,,0.75,False,False,False
1.0052468,227,50.0,266.0,20.7,110.124,216.0,89.42399999999999,216.0,89.42399999999999,False,1449.74,149.2,298140.6,,,0.75,False,False,False
1.0096752,228,50.0,266.0,20.7,110.124,216.0,89.42399999999999,216.0,89.42399999999999,False,1439.28,149.42000000000002,296338.4,,,0.75,False,False,False
1.0141036,229,50.0,267.0,20.7,110.538,217.0,89.838,217.0,89.838,False,1441.3000000000006,149.6,294094.6,,,0.75,False,False,False
1.018532,230,50.0,267.0,20.7,110.538,217.0,89.838,217.0,89.838,False,1432.16,150.0,293022.8,,,0.75,False,False,False
1.0229604,231,50.0,267.0,20.7,110.538,217.0,89.838,217.0,89.838,False,1418.36,149.42000000000002,291473.4,,,0.75,False,False,False
1.0273888,232,50.0,267.0,20.7,110.538,217.0,89.838,217.0,89.838,False,1403.0600000000002,149.2,288721.4,,,0.75,False,False,False
1.0318172,233,50.0,267.0,20.7,110.538,217.0,89.838,217.0,89.838,False,1393.0,149.4,285757.0,,,0.75,False,False,False
1.0362456,234,50.0,267.0,20.7,110.538,217.0,89.838,217.0,89.838,False,1375.48,149.02,283618.4,,,0.75,False,False,False
1.040674,235,50.0,267.0,20.7,110.538,217.0,89.838,217.0,89.838,False,1355.56,148.8,280559.6,,,0.75,False,False,False
1.0451024,236,49.0,267.0,20.286,110.538,218.0,90.252,218.0,90.252,False,1339.3200000000002,149.4,278349.0,,,0.75,False,False,False
1.0495308,237,49.0,267.0,20.286,110.538,218.0,90.252,218.0,90.252,False,1320.12,149.0,277223.2,,,0.75,False,False,False
1.0539592,238,49.0,267.0,20.286,110.538,218.0,90.252,218.0,90.252,False,1314.34,148.62,276603.0,,,0.75,False,False,False
1.0583876,239,49.0,267.0,20.286,110.538,218.0,90.252,218.0,90.252,False,1302.3000000000002,149.0,275004.4,,,0.75,False,False,False
1.062816,240,49.0,268.0,20.286,110.952,219.0,90.666,219.0,90.666,False,1298.14,149.4,274550.80000000005,,,0.75,False,False,False
1.0672444,241,49.0,268.0,20.286,110.952,219.0,90.666,219.0,90.666,False,1292.78,149.0,273148.8,,,0.75,False,False,False
1.0716728,242,49.0,268.0,20.286,110.952,219.0,90.666,219.0,90.666,False,1273.58,148.8,271072.0,,,0.75,False,False,False
1.0761012,243,49.0,268.0,20.286,110.952,219.0,90.666,219.0,90.666,False,1257.18,148.62,268566.6,,,0.75,False,False,False
1.0805296,244,49.0,268.0,20.286,110.952,219.0,90.666,219.0,90.666,False,1247.58,148.6,267503.6,,,0.75,False,False,False
1.084958,245,48.0,268.0,19.872,110.952,220.0,91.08,220.0,91.08,False,1244.34,148.4,265898.4,,,0.75,False,False,False
1.0893864,246,48.0,268.0,19.872,110.952,220.0,91.08,220.0,91.08,False,1228.54,148.82000000000002,264119.2,,,0.75,False,False,False
1.0938148,247,48.0,268.0,19.872,110.952,220.0,91.08,220.0,91.08,False,1234.9,149.0,262799.19999999995,,,0.75,False,False,False
1.0982432,248,48.0,268.0,19.872,110.952,220.0,91.08,220.0,91.08,False,1240.46,149.2,262493.39999999997,,,0.75,False,False,False
1.1026716,249,48.0,268.0,19.872,110.952,220.0,91.08,220.0,91.08,False,1236.18,149.4,261590.2,,,0.75,False,False,False
1.1071,250,48.0,268.0,19.872,110.952,220.0,91.08,220.0,91.08,False,1226.98,149.6,260331.6,,,0.75,False,False,False
1.1115284,251,48.0,268.0,19.872,110.952,220.0,91.08,220.0,91.08,False,1217.74,149.0,260076.0,,,0.75,False,False,False
1.1159568,252,48.0,268.0,19.872,110.952,220.0,91.08,220.0,91.08,False,1216.36,149.0,260294.4,,,0.75,False,False,False
1.1203852,253,48.0,268.0,19.872,110.952,220.0,91.08,220.0,91.08,False,1220.34,149.4,259241.4,,,0.75,False,False,False
1.1248136,254,48.0,268.0,19.872,110.952,220.0,91.08,220.0,91.08,False,1215.48,149.6,258237.2,,,0.75,False,False,False
1.129242,255,48.0,268.0,19.872,110.952,220.0,91.08,220.0,91.08,False,1212.18,149.2,257903.39999999997,,,0.75,False,False,False
1.1336704,256,47.0,268.0,19.458,110.952,221.0,91.494,221.0,91.494,False,1207.4800000000002,149.0,257041.0,,,0.75,False,False,False
1.1380988,257,47.0,269.0,19.458,111.366,222.0,91.908,222.0,91.908,False,1203.92,148.8,255762.4,,,0.75,False,False,False
1.1425272,258,47.0,269.0,19.458,111.366,222.0,91.908,222.0,91.908,False,1206.22,149.02,255878.39999999997,,,0.75,False,False,False
1.1469556,259,47.0,269.0,19.458,111.366,222.0,91.908,222.0,91.908,False,1202.94,149.42000000000002,256218.8,,,0.75,False,False,False
1.151384,260,47.0,269.0,19.458,111.366,222.0,91.908,222.0,91.908,False,1200.7,149.8,255448.6,,,0.75,False,False,False
1.1558124,261,47.0,269.0,19.458,111.366,222.0,91.908,222.0,91.908,False,1204.8200000000002,150.0,255541.0,,,0.75,False,False,False
1.1602408,262,47.0,269.0,19.458,111.366,222.0,91.908,222.0,91.908,False,1202.0600000000002,150.6,255379.8,,,0.75,False,False,False
1.1646692,263,46.0,269.0,19.044,111.366,223.0,92.322,223.0,92.322,False,1203.88,150.6,254649.0,,,0.75,False,False,False
1.1690976,264,46.0,269.0,19.044,111.366,223.0,92.322,223.0,92.322,False,1202.58,150.2,253499.6,,,0.75,False,False,False
1.173526,265,46.0,268.0,19.044,110.952,222.0,91.908,223.0,92.322,True,1204.44,149.6,252766.4,,,0.75,False,False,False
1.1779544,266,45.0,268.0,18.63,110.952,223.0,92.322,222.0,91.908,True,1189.22,149.6,251195.4,,,0.75,False,False,False
1.1823828,267,45.0,267.0,18.63,110.538,222.0,91.908,222.0,91.908,False,1179.28,149.42000000000002,250386.2,,,0.75,False,False,False
1.1868112,268,45.0,267.0,18.63,110.538,222.0,91.908,222.0,91.908,False,1184.88,149.42000000000002,249957.4,,,0.75,False,False,False
1.1912396,269,45.0,267.0,18.63,110.538,222.0,91.908,222.0,91.908,False,1171.98,149.8,249686.4,,,0.75,False,False,False
1.195668,270,44.0,267.0,18.216,110.538,223.0,92.322,222.0,91.908,True,1169.0400000000002,149.6,249097.0,,,0.75,False,False,False
1.2000964,271,44.0,266.0,18.216,110.124,222.0,91.908,222.0,91.908,False,1168.52,149.62,249002.8,,,0.75,False,False,False
1.2045248,272,44.0,266.0,18.216,110.124,222.0,91.908,222.0,91.908,False,1165.74,149.82000000000002,248596.8,,,0.75,False,False,False
1.2089532,273,44.0,265.0,18.216,109.71,221.0,91.494,222.0,91.908,True,1161.1,150.0,247758.0,,,0.75,False,False,False
1.2133816,274,43.0,265.0,17.802,109.71,222.0,91.908,222.0,91.908,False,1151.0400000000002,150.2,247074.99999999997,,,0.75,False,False,False
1.21781,275,43.0,265.0,17.802,109.71,222.0,91.908,222.0,91.908,False,1153.5,150.0,246685.6,,,0.75,False,False,False
1.2222384,276,43.0,265.0,17.802,109.71,222.0,91.908,222.0,91.908,False,1152.58,150.2,245644.4,,,0.75,False,False,False
1.2266668,277,43.0,265.0,17.802,109.71,222.0,91.908,222.0,91.908,False,1137.5600000000002,150.0,244620.2,,,0.75,False,False,False
1.2310952,278,43.0,265.0,17.802,109.71,222.0,91.908,222.0,91.908,False,1146.0800000000002,149.6,244030.2,,,0.75,False,False,False
1.2355236,279,42.0,265.0,17.387999999999998,109.71,223.0,92.322,223.0,92.322,False,1132.16,149.4,242857.0,,,0.75,False,False,False
1.239952,280,42.0,265.0,17.387999999999998,109.71,223.0,92.322,223.0,92.322,False,1132.0600000000002,149.02,242074.8,,,0.75,False,False,False
1.2443804,281,42.0,265.0,17.387999999999998,109.71,223.0,92.322,223.0,92.322,False,1142.8000000000002,149.2,241995.0,,,0.75,False,False,False
1.2488088,282,41.0,265.0,16.974,109.71,224.0,92.736,223.0,92.322,True,1126.12,150.0,241823.0,,,0.75,False,False,False
1.2532372,283,41.0,263.0,16.974,108.882,222.0,91.908,222.0,91.908,False,1119.24,150.0,241250.4,,,0.75,False,False,False
1.2576656,284,41.0,261.0,16.974,108.054,220.0,91.08,221.0,91.494,True,1125.1000000000006,150.0,241113.4,,,0.75,False,False,False
1.262094,285,40.0,261.0,16.56,108.054,221.0,91.494,221.0,91.494,False,1126.72,150.2,240863.2,,,0.75,False,False,False
1.2665224,286,40.0,262.0,16.56,108.468,222.0,91.908,222.0,91.908,False,1116.56,150.02,240487.4,,,0.75,False,False,False
1.2709508,287,39.0,263.0,16.146,108.882,224.0,92.736,224.0,92.736,False,1105.68,149.82000000000002,239842.4,,,0.75,False,False,False
1.2753792,288,38.0,267.0,15.732,110.538,229.0,94.806,229.0,94.806,False,1100.48,149.8,238948.4,,,0.75,False,False,False
1.2798076,289,38.0,267.0,15.732,110.538,229.0,94.806,229.0,94.806,False,1108.2600000000002,149.4,238931.2,,,0.75,False,False,False
1.284236,290,38.0,264.0,15.732,109.296,226.0,93.564,227.0,93.978,True,1101.88,149.6,238610.4,,,0.75,False,False,False
1.2886644,291,37.0,264.0,15.318,109.296,227.0,93.978,227.0,93.978,False,1094.98,150.02,238050.6,,,0.75,False,False,False
1.2930928,292,37.0,267.0,15.318,110.538,230.0,95.22,230.0,95.22,False,1093.1,150.22,237602.4,,,0.75,False,False,False
1.2975212,293,37.0,269.0,15.318,111.366,232.0,96.048,232.0,96.048,False,1088.3000000000002,150.02,237829.0,,,0.75,False,False,False
1.3019496,294,37.0,273.0,15.318,113.022,236.0,97.704,235.0,97.29,True,1097.38,150.02,237347.60000000003,,,0.75,False,False,False
1.306378,295,38.0,273.0,15.732,113.022,235.0,97.29,235.0,97.29,False,1101.9800000000002,150.0,236738.0,,,0.75,False,False,False
1.3108064,296,38.0,273.0,15.732,113.022,235.0,97.29,235.0,97.29,False,1093.92,149.8,236081.2,,,0.75,False,False,False
1.3152348,297,38.0,273.0,15.732,113.022,235.0,97.29,235.0,97.29,False,1085.84,149.6,235589.4,,,0.75,False,False,False
1.3196632,298,53.0,273.0,21.942,113.022,220.0,91.08,221.0,91.494,True,1081.2400000000002,150.0,234718.6,,,0.75,False,False,False
1.3240916,299,52.0,273.0,21.528,113.022,221.0,91.494,221.0,91.494,False,1071.28,150.0,233700.0,,,0.75,False,False,False
1.32852,300,52.0,274.0,21.528,113.436,222.0,91.908,222.0,91.908,False,1074.18,149.82000000000002,233042.0,,,0.75,False,False,False
1.3329484,301,52.0,274.0,21.528,113.436,222.0,91.908,222.0,91.908,False,1068.6,149.8,232411.8,,,0.75,False,False,False
1.3373768,302,52.0,277.0,21.528,114.678,225.0,93.15,225.0,93.15,False,1062.22,150.62,232147.8,,,0.75,False,False,False
1.3418052,303,52.0,278.0,21.528,115.092,226.0,93.564,226.0,93.564,False,1060.56,151.02,231885.0,,,0.75,False,False,False
1.3462336,304,51.0,278.0,21.113999999999997,115.092,227.0,93.978,227.0,93.978,False,1049.0400000000002,150.42000000000002,231565.8,,,0.75,False,False,False
1.350662,305,51.0,278.0,21.113999999999997,115.092,227.0,93.978,227.0,93.978,False,1045.14,150.2,231435.4,,,0.75,False,False,False
1.3550904,306,51.0,278.0,21.113999999999997,115.092,227.0,93.978,227.0,93.978,False,1046.0800000000002,150.26,231695.2,,,0.75,False,False,False
1.3595188,307,51.0,278.0,21.113999999999997,115.092,227.0,93.978,227.0,93.978,False,1043.36,150.6,231139.6,,,0.75,False,False,False
1.3639472,308,51.0,279.0,21.113999999999997,115.506,228.0,94.392,228.0,94.392,False,1049.14,150.8,230986.80000000005,,,0.75,False,False,False
1.3683756,309,51.0,279.0,21.113999999999997,115.506,228.0,94.392,228.0,94.392,False,1046.72,150.86,230773.4,,,0.75,False,False,False
1.372804,310,51.0,279.0,21.113999999999997,115.506,228.0,94.392,228.0,94.392,False,1029.56,150.44,230375.2,,,0.75,False,False,False
1.3772324,311,50.0,279.0,20.7,115.506,229.0,94.806,229.0,94.806,False,1035.38,150.22,229725.6,,,0.75,False,False,False
1.3816608,312,50.0,279.0,20.7,115.506,229.0,94.806,229.0,94.806,False,1028.36,150.04,229294.8,,,0.75,False,False,False
1.3860892,313,50.0,281.0,20.7,116.334,231.0,95.634,231.0,95.634,False,1029.44,150.42000000000002,228352.2,,,0.75,False,False,False
1.3905176,314,50.0,281.0,20.7,116.334,231.0,95.634,231.0,95.634,False,1025.58,150.4,228546.0,,,0.75,False,False,False
1.394946,315,50.0,281.0,20.7,116.334,231.0,95.634,231.0,95.634,False,1022.72,150.6,228302.6,,,0.75,False,False,False
1.3993744,316,50.0,281.0,20.7,116.334,231.0,95.634,231.0,95.634,False,1022.42,150.6,227875.2,,,0.75,False,False,False
1.4038028,317,50.0,281.0,20.7,116.334,231.0,95.634,231.0,95.634,False,1016.76,150.4,227568.0,,,0.75,False,False,False
1.4082312,318,50.0,281.0,20.7,116.334,231.0,95.634,231.0,95.634,False,1020.48,150.0,227781.8,,,0.75,False,False,False
1.4126596,319,50.0,281.0,20.7,116.334,231.0,95.634,231.0,95.634,False,1015.42,149.6,226788.6,,,0.75,False,False,False
1.417088,320,50.0,281.0,20.7,116.334,231.0,95.634,231.0,95.634,False,1019.98,149.6,226223.0,,,0.75,False,False,False
1.4215164,321,50.0,281.0,20.7,116.334,231.0,95.634,231.0,95.634,False,1007.96,150.0,225805.6,,,0.75,False,False,False
1.4259448,322,50.0,282.0,20.7,116.748,232.0,96.048,232.0,96.048,False,1009.38,150.2,225592.2,,,0.75,False,False,False
1.4303732,323,50.0,282.0,20.7,116.748,232.0,96.048,232.0,96.048,False,1002.6200000000002,150.0,225273.6,,,0.75,False,False,False
1.4348016,324,50.0,282.0,20.7,116.748,232.0,96.048,232.0,96.048,False,1007.58,150.22,225576.0,,,0.75,False,False,False
1.43923,325,49.0,282.0,20.286,116.748,233.0,96.462,233.0,96.462,False,1003.18,149.62,225253.2,,,0.75,False,False,False
1.4436584,326,49.0,282.0,20.286,116.748,233.0,96.462,233.0,96.462,False,1001.14,150.4,225151.4,,,0.75,False,False,False
1.4480868,327,49.0,282.0,20.286,116.748,233.0,96.462,233.0,96.462,False,988.72,150.22,225064.2,,,0.75,False,False,False
1.4525152,328,50.0,283.0,20.7,117.162,233.0,96.462,233.0,96.462,False,996.8200000000004,150.6,224321.0,,,0.75,False,False,False
1.4569436,329,49.0,283.0,20.286,117.162,234.0,96.876,234.0,96.876,False,988.68,150.0,223701.8,,,0.75,False,False,False
1.461372,330,49.0,283.0,20.286,117.162,234.0,96.876,234.0,96.876,False,985.58,149.6,223629.2,,,0.75,False,False,False
1.4658004,331,49.0,283.0,20.286,117.162,234.0,96.876,234.0,96.876,False,984.26,149.62,223323.2,,,0.75,False,False,False
1.4702288,332,49.0,283.0,20.286,117.162,234.0,96.876,234.0,96.876,False,985.3,149.42000000000002,223340.4,,,0.75,False,False,False
1.4746572,333,49.0,283.0,20.286,117.162,234.0,96.876,234.0,96.876,False,980.76,149.8,223804.8,,,0.75,False,False,False
1.4790856,334,49.0,283.0,20.286,117.162,234.0,96.876,234.0,96.876,False,983.82,150.2,223838.99999999997,,,0.75,False,False,False
1.483514,335,49.0,283.0,20.286,117.162,234.0,96.876,234.0,96.876,False,978.2,150.6,223841.8,,,0.75,False,False,False
1.4879424,336,49.0,283.0,20.286,117.162,234.0,96.876,234.0,96.876,False,980.46,150.42000000000002,223949.0,,,0.75,False,False,False
1.4923708,337,49.0,283.0,20.286,117.162,234.0,96.876,234.0,96.876,False,979.8200000000002,150.8,223834.8,,,0.75,False,False,False
1.4967992,338,49.0,283.0,20.286,117.162,234.0,96.876,234.0,96.876,False,975.32,150.82000000000002,223491.4,,,0.75,False,False,False
1.5012276,339,49.0,283.0,20.286,117.162,234.0,96.876,234.0,96.876,False,981.84,150.4,223333.4,,,0.75,False,False,False
1.505656,340,49.0,283.0,20.286,117.162,234.0,96.876,234.0,96.876,False,982.4,149.82000000000002,223368.2,,,0.75,False,False,False
1.5100844,341,49.0,283.0,20.286,117.162,234.0,96.876,234.0,96.876,False,979.3200000000002,150.0,223658.2,,,0.75,False,False,False
1.5145128,342,49.0,283.0,20.286,117.162,234.0,96.876,234.0,96.876,False,974.28,149.64,223601.0,,,0.75,False,False,False
1.5189412,343,49.0,283.0,20.286,117.162,234.0,96.876,234.0,96.876,False,975.86,149.6,223883.8,,,0.75,False,False,False
1.5233696,344,49.0,283.0,20.286,117.162,234.0,96.876,234.0,96.876,False,970.56,149.42000000000002,223689.0,,,0.75,False,False,False
1.527798,345,48.0,283.0,19.872,117.162,235.0,97.29,234.0,96.876,True,976.04,150.0,223768.4,,,0.75,False,False,False
1.5322264,346,49.0,283.0,20.286,117.162,234.0,96.876,234.0,96.876,False,971.46,150.0,222851.6,,,0.75,False,False,False
1.5366548,347,49.0,283.0,20.286,117.162,234.0,96.876,234.0,96.876,False,976.9,150.42000000000002,223023.8,,,0.75,False,False,False
1.5410832,348,48.0,283.0,19.872,117.162,235.0,97.29,234.0,96.876,True,979.88,150.8,222606.2,,,0.75,False,False,False
1.5455116,349,49.0,283.0,20.286,117.162,234.0,96.876,235.0,97.29,True,969.68,150.6,222471.6,,,0.75,False,False,False
1.54994,350,49.0,284.0,20.286,117.576,235.0,97.29,235.0,97.29,False,973.16,150.2,222042.2,,,0.75,False,False,False
1.5543684,351,49.0,284.0,20.286,117.576,235.0,97.29,235.0,97.29,False,972.44,150.22,222522.8,,,0.75,False,False,False
1.5587968,352,49.0,284.0,20.286,117.576,235.0,97.29,235.0,97.29,False,974.32,150.0,222134.4,,,0.75,False,False,False
1.5632252,353,49.0,284.0,20.286,117.576,235.0,97.29,235.0,97.29,False,963.9,149.8,222040.2,,,0.75,False,False,False
1.5676536,354,49.0,284.0,20.286,117.576,235.0,97.29,235.0,97.29,False,966.28,150.2,222306.6,,,0.75,False,False,False
1.572082,355,49.0,284.0,20.286,117.576,235.0,97.29,235.0,97.29,False,969.76,150.4,222281.4,,,0.75,False,False,False
1.5765104,356,49.0,284.0,20.286,117.576,235.0,97.29,235.0,97.29,False,966.1,150.4,221627.8,,,0.75,False,False,False
1.5809388,357,49.0,284.0,20.286,117.576,235.0,97.29,235.0,97.29,False,965.3000000000002,151.02,221412.8,,,0.75,False,False,False
1.5853672,358,49.0,284.0,20.286,117.576,235.0,97.29,235.0,97.29,False,971.1,150.8,221321.6,,,0.75,False,False,False
1.5897956,359,49.0,284.0,20.286,117.576,235.0,97.29,235.0,97.29,False,966.16,151.0,220853.2,,,0.75,False,False,False
1.594224,360,49.0,284.0,20.286,117.576,235.0,97.29,235.0,97.29,False,968.7,150.62,220860.0,,,0.75,False,False,False
1.5986524,361,49.0,284.0,20.286,117.576,235.0,97.29,235.0,97.29,False,969.2,150.0,221441.6,,,0.75,False,False,False
1.6030808,362,49.0,284.0,20.286,117.576,235.0,97.29,235.0,97.29,False,969.0,150.22,221500.8,,,0.75,False,False,False
1.6075092,363,48.0,284.0,19.872,117.576,236.0,97.704,236.0,97.704,False,965.9,150.8,221337.0,,,0.75,False,False,False
1.6119376,364,48.0,284.0,19.872,117.576,236.0,97.704,236.0,97.704,False,974.9,150.62,221486.4,,,0.75,False,False,False
1.616366,365,48.0,284.0,19.872,117.576,236.0,97.704,236.0,97.704,False,968.1,150.22,221201.0,,,0.75,False,False,False
1.6207944,366,48.0,284.0,19.872,117.576,236.0,97.704,236.0,97.704,False,966.76,150.0,221298.79999999996,,,0.75,False,False,False
1.6252228,367,48.0,284.0,19.872,117.576,236.0,97.704,236.0,97.704,False,965.48,150.2,221455.6,,,0.75,False,False,False
1.6296512,368,48.0,284.0,19.872,117.576,236.0,97.704,236.0,97.704,False,973.58,150.22,222003.0,,,0.75,False,False,False
1.6340796,369,48.0,284.0,19.872,117.576,236.0,97.704,236.0,97.704,False,964.54,150.2,221700.4,,,0.75,False,False,False
1.638508,370,48.0,284.0,19.872,117.576,236.0,97.704,236.0,97.704,False,970.02,150.22,221680.0,,,0.75,False,False,False
1.6429364,371,48.0,284.0,19.872,117.576,236.0,97.704,236.0,97.704,False,964.46,150.4,221068.0,,,0.75,False,False,False
1.6473648,372,49.0,284.0,20.286,117.576,235.0,97.29,235.0,97.29,False,963.68,150.0,220661.39999999997,,,0.75,False,False,False
1.6517932,373,49.0,284.0,20.286,117.576,235.0,97.29,235.0,97.29,False,970.8000000000002,150.2,220441.19999999995,,,0.75,False,False,False
1.6562215999999998,374,49.0,284.0,20.286,117.576,235.0,97.29,235.0,97.29,False,965.36,150.4,220581.4,,,0.75,False,False,False
1.66065,375,49.0,284.0,20.286,117.576,235.0,97.29,235.0,97.29,False,958.64,150.4,221069.8,,,0.75,False,False,False
1.6650783999999998,376,49.0,284.0,20.286,117.576,235.0,97.29,235.0,97.29,False,965.22,150.02,220905.8,,,0.75,False,False,False
1.6695068,377,49.0,284.0,20.286,117.576,235.0,97.29,235.0,97.29,False,970.94,149.8,221102.8,,,0.75,False,False,False
1.6739351999999998,378,48.0,285.0,19.872,117.99,237.0,98.118,235.0,97.29,True,951.1,149.62,220818.4,,,0.75,False,False,False
1.6783636,379,49.0,284.0,20.286,117.576,235.0,97.29,235.0,97.29,False,952.5400000000004,150.0,220584.39999999997,,,0.75,False,False,False
1.6827919999999998,380,49.0,284.0,20.286,117.576,235.0,97.29,235.0,97.29,False,951.0,149.8,219889.6,,,0.75,False,False,False
1.6872204,381,48.0,285.0,19.872,117.99,237.0,98.118,237.0,98.118,False,948.36,149.6,220135.0,,,0.75,False,False,False
1.6916487999999998,382,48.0,285.0,19.872,117.99,237.0,98.118,237.0,98.118,False,943.68,149.84,219880.6,,,0.75,False,False,False
1.6960772,383,48.0,284.0,19.872,117.576,236.0,97.704,237.0,98.118,True,942.48,150.42000000000002,219901.6,,,0.75,False,False,False
1.7005056,384,48.0,285.0,19.872,117.99,237.0,98.118,236.0,97.704,True,947.96,150.4,220168.2,,,0.75,False,False,False
1.704934,385,49.0,285.0,20.286,117.99,236.0,97.704,236.0,97.704,False,950.86,149.8,220182.99999999997,,,0.75,False,False,False
1.7093624,386,49.0,284.0,20.286,117.576,235.0,97.29,235.0,97.29,False,953.84,149.62,220152.39999999997,,,0.75,False,False,False
1.7137908,387,49.0,284.0,20.286,117.576,235.0,97.29,235.0,97.29,False,958.36,150.22,219553.6,,,0.75,False,False,False
1.7182192,388,49.0,284.0,20.286,117.576,235.0,97.29,235.0,97.29,False,953.78,150.0,219353.2,,,0.75,False,False,False
1.7226476,389,49.0,285.0,20.286,117.99,236.0,97.704,236.0,97.704,False,957.04,150.0,218909.4,,,0.75,False,False,False
1.727076,390,49.0,285.0,20.286,117.99,236.0,97.704,236.0,97.704,False,950.38,149.6,218917.0,,,0.75,False,False,False
1.7315044,391,49.0,285.0,20.286,117.99,236.0,97.704,236.0,97.704,False,949.14,150.02,218654.8,,,0.75,False,False,False
1.7359328,392,48.0,285.0,19.872,117.99,237.0,98.118,237.0,98.118,False,949.36,149.8,219107.8,,,0.75,False,False,False
1.7403612,393,48.0,285.0,19.872,117.99,237.0,98.118,237.0,98.118,False,949.54,149.82000000000002,219457.6,,,0.75,False,False,False
1.7447896,394,48.0,285.0,19.872,117.99,237.0,98.118,237.0,98.118,False,948.5400000000002,150.4,219142.6,,,0.75,False,False,False
1.749218,395,48.0,285.0,19.872,117.99,237.0,98.118,237.0,98.118,False,940.9,150.6,219002.4,,,0.75,False,False,False
1.7536464,396,48.0,285.0,19.872,117.99,237.0,98.118,237.0,98.118,False,938.36,150.8,218625.8,,,0.75,False,False,False
1.7580748,397,48.0,285.0,19.872,117.99,237.0,98.118,237.0,98.118,False,938.7,150.22,218563.00000000003,,,0.75,False,False,False
1.7625032,398,48.0,285.0,19.872,117.99,237.0,98.118,237.0,98.118,False,938.46,151.22,217907.0,,,0.75,False,False,False
1.7669316,399,48.0,285.0,19.872,117.99,237.0,98.118,237.0,98.118,False,943.28,150.62,218523.99999999997,,,0.75,False,False,False
1.77136,400,48.0,285.0,19.872,117.99,237.0,98.118,237.0,98.118,False,944.1400000000002,150.2,218578.0,,,0.75,False,False,False
1.7757884,401,48.0,285.0,19.872,117.99,237.0,98.118,237.0,98.118,False,945.54,150.62,219246.2,,,0.75,False,False,False
1.7802168,402,48.0,285.0,19.872,117.99,237.0,98.118,237.0,98.118,False,943.96,150.4,219804.8,,,0.75,False,False,False
1.7846452,403,48.0,285.0,19.872,117.99,237.0,98.118,237.0,98.118,False,944.1,150.6,220034.0,,,0.75,False,False,False
1.7890736,404,48.0,285.0,19.872,117.99,237.0,98.118,237.0,98.118,False,945.76,150.8,220111.2,,,0.75,False,False,False
1.793502,405,48.0,285.0,19.872,117.99,237.0,98.118,237.0,98.118,False,949.56,150.8,220223.0,,,0.75,False,False,False
1.7979304,406,49.0,285.0,20.286,117.99,236.0,97.704,236.0,97.704,False,967.4,150.6,219874.6,,,0.75,False,False,False
1.8023588,407,49.0,285.0,20.286,117.99,236.0,97.704,236.0,97.704,False,967.1600000000002,150.82000000000002,219255.4,,,0.75,False,False,False
1.8067872,408,49.0,285.0,20.286,117.99,236.0,97.704,236.0,97.704,False,958.8,150.6,218768.8,,,0.75,False,False,False
1.8112156,409,48.0,285.0,19.872,117.99,237.0,98.118,237.0,98.118,False,955.18,149.8,218208.6,,,0.75,False,False,False
1.815644,410,48.0,285.0,19.872,117.99,237.0,98.118,237.0,98.118,False,950.26,150.22,217924.6,,,0.75,False,False,False
1.8200724,411,48.0,285.0,19.872,117.99,237.0,98.118,237.0,98.118,False,942.14,149.62,217680.2,,,0.75,False,False,False
1.8245008,412,48.0,285.0,19.872,117.99,237.0,98.118,237.0,98.118,False,941.28,149.2,218056.4,,,0.75,False,False,False
1.8289292,413,48.0,285.0,19.872,117.99,237.0,98.118,237.0,98.118,False,943.9,149.62,218311.6,,,0.75,False,False,False
1.8333576,414,48.0,285.0,19.872,117.99,237.0,98.118,237.0,98.118,False,943.7,149.4,218693.80000000005,,,0.75,False,False,False
1.837786,415,48.0,285.0,19.872,117.99,237.0,98.118,237.0,98.118,False,953.02,150.4,218748.4,,,0.75,False,False,False
1.8422144,416,48.0,285.0,19.872,117.99,237.0,98.118,237.0,98.118,False,953.08,150.2,218932.4,,,0.75,False,False,False
1.8466428,417,48.0,285.0,19.872,117.99,237.0,98.118,237.0,98.118,False,950.72,150.6,218368.4,,,0.75,False,False,False
1.8510712,418,48.0,285.0,19.872,117.99,237.0,98.118,237.0,98.118,False,954.92,150.64,218380.8,,,0.75,False,False,False
1.8554996,419,48.0,285.0,19.872,117.99,237.0,98.118,237.0,98.118,False,946.74,150.22,217913.2,,,0.75,False,False,False
1.859928,420,48.0,285.0,19.872,117.99,237.0,98.118,237.0,98.118,False,948.98,150.2,218081.8,,,0.75,False,False,False
1.8643564,421,48.0,285.0,19.872,117.99,237.0,98.118,237.0,98.118,False,945.3,150.02,218451.2,,,0.75,False,False,False
1.8687848,422,48.0,284.0,19.872,117.576,236.0,97.704,237.0,98.118,True,947.34,150.42000000000002,218800.4,,,0.75,False,False,False
1.8732132,423,48.0,285.0,19.872,117.99,237.0,98.118,237.0,98.118,False,937.34,150.22,218499.0,,,0.75,False,False,False
1.8776416,424,48.0,285.0,19.872,117.99,237.0,98.118,237.0,98.118,False,951.3000000000002,150.42000000000002,218759.0,,,0.75,False,False,False
1.88207,425,48.0,285.0,19.872,117.99,237.0,98.118,237.0,98.118,False,949.78,150.02,218829.4,,,0.75,False,False,False
1.8864984,426,48.0,284.0,19.872,117.576,236.0,97.704,237.0,98.118,True,952.08,150.2,218986.60000000003,,,0.75,False,False,False
1.8909268,427,48.0,285.0,19.872,117.99,237.0,98.118,237.0,98.118,False,954.64,150.2,218964.6,,,0.75,False,False,False
1.8953552,428,48.0,285.0,19.872,117.99,237.0,98.118,237.0,98.118,False,955.98,150.2,219048.8,,,0.75,False,False,False
1.8997836,429,48.0,285.0,19.872,117.99,237.0,98.118,237.0,98.118,False,955.22,149.62,219025.8,,,0.75,False,False,False
1.904212,430,48.0,285.0,19.872,117.99,237.0,98.118,237.0,98.118,False,957.26,149.62,218574.8,,,0.75,False,False,False
1.9086404,431,48.0,285.0,19.872,117.99,237.0,98.118,237.0,98.118,False,952.44,150.2,218374.0,,,0.75,False,False,False
1.9130688,432,48.0,285.0,19.872,117.99,237.0,98.118,237.0,98.118,False,957.3200000000004,150.2,218202.2,,,0.75,False,False,False
1.9174972,433,49.0,285.0,20.286,117.99,236.0,97.704,236.0,97.704,False,950.7,150.22,218804.8,,,0.75,False,False,False
1.9219256,434,49.0,284.0,20.286,117.576,235.0,97.29,236.0,97.704,True,947.98,150.02,219123.6,,,0.75,False,False,False
1.926354,435,49.0,285.0,20.286,117.99,236.0,97.704,236.0,97.704,False,950.9,150.4,219419.8,,,0.75,False,False,False
1.9307824,436,48.0,285.0,19.872,117.99,237.0,98.118,236.0,97.704,True,953.72,150.0,219271.19999999995,,,0.75,False,False,False
1.9352108,437,49.0,285.0,20.286,117.99,236.0,97.704,237.0,98.118,True,949.4,150.0,219841.4,,,0.75,False,False,False
1.9396392,438,48.0,285.0,19.872,117.99,237.0,98.118,237.0,98.118,False,956.86,149.42000000000002,219448.4,,,0.75,False,False,False
1.9440676,439,48.0,285.0,19.872,117.99,237.0,98.118,237.0,98.118,False,946.18,150.0,218822.4,,,0.75,False,False,False
1.948496,440,48.0,285.0,19.872,117.99,237.0,98.118,237.0,98.118,False,949.6,150.6,218978.6,,,0.75,False,False,False
1.9529244,441,48.0,285.0,19.872,117.99,237.0,98.118,237.0,98.118,False,944.42,150.6,218901.6,,,0.75,False,False,False
1.9573528,442,48.0,285.0,19.872,117.99,237.0,98.118,237.0,98.118,False,942.48,150.22,218479.00000000003,,,0.75,False,False,False
1.9617812,443,48.0,285.0,19.872,117.99,237.0,98.118,237.0,98.118,False,943.44,150.4,218980.0,,,0.75,False,False,False
1.9662096,444,48.0,285.0,19.872,117.99,237.0,98.118,237.0,98.118,False,948.62,150.42000000000002,219098.8,,,0.75,False,False,False
1.970638,445,48.0,285.0,19.872,117.99,237.0,98.118,237.0,98.118,False,954.0600000000002,150.23999999999998,218796.8,,,0.75,False,False,False
1.9750664,446,48.0,285.0,19.872,117.99,237.0,98.118,237.0,98.118,False,955.76,150.82000000000002,219115.2,,,0.75,False,False,False
1.9794948,447,48.0,285.0,19.872,117.99,237.0,98.118,237.0,98.118,False,954.3000000000002,150.62,218747.2,,,0.75,False,False,False
1.9839232,448,48.0,285.0,19.872,117.99,237.0,98.118,237.0,98.118,False,946.9600000000002,150.42000000000002,217984.2,,,0.75,False,False,False
1.9883516,449,48.0,285.0,19.872,117.99,237.0,98.118,237.0,98.118,False,947.1,150.6,218052.0,,,0.75,False,False,False
1.99278,450,48.0,285.0,19.872,117.99,237.0,98.118,237.0,98.118,False,947.7000000000004,150.8,217951.0,,,0.75,False,False,False
1.9972084,451,48.0,285.0,19.872,117.99,237.0,98.118,237.0,98.118,False,945.72,150.82000000000002,217710.0,,,0.75,False,False,False
2.0016368,452,48.0,284.0,19.872,117.576,236.0,97.704,236.0,97.704,False,947.82,150.6,217466.8,,,0.75,False,False,False
2.0060652,453,48.0,284.0,19.872,117.576,236.0,97.704,236.0,97.704,False,943.68,150.62,217593.6,,,0.75,False,False,False
2.0104936,454,48.0,284.0,19.872,117.576,236.0,97.704,236.0,97.704,False,947.82,150.8,217170.8,,,0.75,False,False,False
2.014922,455,48.0,284.0,19.872,117.576,236.0,97.704,236.0,97.704,False,947.16,150.82000000000002,217275.8,,,0.75,False,False,False
2.0193504,456,48.0,285.0,19.872,117.99,237.0,98.118,237.0,98.118,False,936.18,150.82000000000002,216430.8,,,0.75,False,False,False
2.0237788,457,48.0,285.0,19.872,117.99,237.0,98.118,237.0,98.118,False,944.16,151.22,216547.0,,,0.75,False,False,False
2.0282072,458,48.0,285.0,19.872,117.99,237.0,98.118,237.0,98.118,False,937.78,150.62,216226.0,,,0.75,False,False,False
2.0326356,459,48.0,285.0,19.872,117.99,237.0,98.118,237.0,98.118,False,931.86,150.4,216228.8,,,0.75,False,False,False
2.037064,460,48.0,285.0,19.872,117.99,237.0,98.118,237.0,98.118,False,928.02,150.82000000000002,215761.2,,,0.75,False,False,False
2.0414924,461,49.0,285.0,20.286,117.99,236.0,97.704,236.0,97.704,False,933.04,150.44,216325.0,,,0.75,False,False,False
2.0459208,462,49.0,285.0,20.286,117.99,236.0,97.704,236.0,97.704,False,936.78,150.6,216320.4,,,0.75,False,False,False
2.0503492,463,49.0,285.0,20.286,117.99,236.0,97.704,236.0,97.704,False,937.78,150.22,216553.0,,,0.75,False,False,False
2.0547776,464,48.0,285.0,19.872,117.99,237.0,98.118,237.0,98.118,False,939.96,150.62,216441.8,,,0.75,False,False,False
2.059206,465,48.0,285.0,19.872,117.99,237.0,98.118,237.0,98.118,False,945.28,150.02,216425.6,,,0.75,False,False,False
2.0636344,466,48.0,285.0,19.872,117.99,237.0,98.118,237.0,98.118,False,944.98,150.0,216311.6,,,0.75,False,False,False
2.0680628,467,48.0,285.0,19.872,117.99,237.0,98.118,237.0,98.118,False,943.3,149.82000000000002,216067.4,,,0.75,False,False,False
2.0724912,468,48.0,285.0,19.872,117.99,237.0,98.118,237.0,98.118,False,937.48,150.02,215527.0,,,0.75,False,False,False
2.0769196,469,48.0,285.0,19.872,117.99,237.0,98.118,237.0,98.118,False,945.4,149.62,215994.4,,,0.75,False,False,False
2.081348,470,48.0,285.0,19.872,117.99,237.0,98.118,237.0,98.118,False,953.32,149.8,216681.39999999997,,,0.75,False,False,False
2.0857764,471,49.0,285.0,20.286,117.99,236.0,97.704,236.0,97.704,False,948.7800000000002,150.22,216439.2,,,0.75,False,False,False
2.0902048,472,49.0,285.0,20.286,117.99,236.0,97.704,236.0,97.704,False,947.38,150.42000000000002,216416.0,,,0.75,False,False,False
2.0946332,473,48.0,285.0,19.872,117.99,237.0,98.118,237.0,98.118,False,944.98,150.0,217100.6,,,0.75,False,False,False
2.0990615999999997,474,48.0,285.0,19.872,117.99,237.0,98.118,237.0,98.118,False,939.4,150.0,216824.4,,,0.75,False,False,False
2.10349,475,48.0,285.0,19.872,117.99,237.0,98.118,237.0,98.118,False,934.7200000000004,149.62,216732.6,,,0.75,False,False,False
2.1079184,476,48.0,285.0,19.872,117.99,237.0,98.118,237.0,98.118,False,938.82,150.22,216831.0,,,0.75,False,False,False
2.1123468,477,48.0,285.0,19.872,117.99,237.0,98.118,237.0,98.118,False,944.1,150.4,217308.0,,,0.75,False,False,False
2.1167751999999997,478,48.0,285.0,19.872,117.99,237.0,98.118,237.0,98.118,False,946.14,150.42000000000002,217130.6,,,0.75,False,False,False
2.1212036,479,48.0,285.0,19.872,117.99,237.0,98.118,237.0,98.118,False,942.1,150.0,216774.00000000003,,,0.75,False,False,False
2.125632,480,48.0,285.0,19.872,117.99,237.0,98.118,237.0,98.118,False,951.9600000000004,150.2,216491.4,,,0.75,False,False,False
2.1300604,481,48.0,285.0,19.872,117.99,237.0,98.118,237.0,98.118,False,954.86,149.8,216875.6,,,0.75,False,False,False
2.1344887999999997,482,48.0,285.0,19.872,117.99,237.0,98.118,237.0,98.118,False,945.22,150.44,216825.4,,,0.75,False,False,False
2.1389172,483,48.0,285.0,19.872,117.99,237.0,98.118,237.0,98.118,False,936.9,150.42000000000002,216706.2,,,0.75,False,False,False
2.1433456,484,49.0,285.0,20.286,117.99,236.0,97.704,236.0,97.704,False,941.76,150.62,216623.0,,,0.75,False,False,False
2.147774,485,49.0,285.0,20.286,117.99,236.0,97.704,236.0,97.704,False,935.1,150.62,216423.4,,,0.75,False,False,False
2.1522023999999997,486,49.0,285.0,20.286,117.99,236.0,97.704,236.0,97.704,False,942.9600000000004,150.23999999999998,216009.2,,,0.75,False,False,False
2.1566308,487,49.0,284.0,20.286,117.576,235.0,97.29,235.0,97.29,False,951.26,150.22,216184.99999999997,,,0.75,False,False,False
2.1610592,488,49.0,284.0,20.286,117.576,235.0,97.29,235.0,97.29,False,944.96,149.8,215598.6,,,0.75,False,False,False
2.1654876,489,49.0,285.0,20.286,117.99,236.0,97.704,236.0,97.704,False,947.42,150.0,216207.4,,,0.75,False,False,False
2.1699159999999997,490,49.0,285.0,20.286,117.99,236.0,97.704,236.0,97.704,False,943.9400000000002,150.0,216011.8,,,0.75,False,False,False
2.1743444,491,49.0,285.0,20.286,117.99,236.0,97.704,236.0,97.704,False,943.46,149.8,215878.4,,,0.75,False,False,False
2.1787728,492,49.0,285.0,20.286,117.99,236.0,97.704,236.0,97.704,False,934.98,149.42000000000002,215487.8,,,0.75,False,False,False
2.1832012,493,49.0,285.0,20.286,117.99,236.0,97.704,236.0,97.704,False,940.64,149.8,215830.2,,,0.75,False,False,False
2.1876295999999997,494,49.0,285.0,20.286,117.99,236.0,97.704,236.0,97.704,False,954.24,150.22,216223.60000000003,,,0.75,False,False,False
2.192058,495,49.0,285.0,20.286,117.99,236.0,97.704,236.0,97.704,False,967.62,150.2,219723.0,,,0.75,False,False,False
2.1964864,496,48.0,285.0,19.872,117.99,237.0,98.118,236.0,97.704,True,1017.48,150.2,228170.0,,,0.75,False,False,False
2.2009148,497,48.0,284.0,19.872,117.576,236.0,97.704,236.0,97.704,False,1092.84,150.2,241621.6,,,0.75,False,False,False
2.2053431999999997,498,48.0,284.0,19.872,117.576,236.0,97.704,236.0,97.704,False,1201.36,150.4,258962.8,,,0.75,False,False,False
2.2097716,499,49.0,284.0,20.286,117.576,235.0,97.29,235.0,97.29,False,1302.76,150.4,279365.4,,,0.75,False,False,False
2.2142,500,49.0,283.0,20.286,117.162,234.0,96.876,234.0,96.876,False,1427.74,150.6,300567.4,,,0.75,False,False,False
2.2186284,501,49.0,283.0,20.286,117.162,234.0,96.876,234.0,96.876,False,1535.3600000000008,151.2,319226.2,,,0.75,False,False,False
2.2230567999999997,502,49.0,283.0,20.286,117.162,234.0,96.876,234.0,96.876,False,1593.2400000000005,151.0,336016.8,,,0.75,False,False,False
2.2274852,503,49.0,283.0,20.286,117.162,234.0,96.876,234.0,96.876,False,1656.88,151.02,351726.8,,,0.75,False,False,False
2.2319136,504,49.0,283.0,20.286,117.162,234.0,96.876,234.0,96.876,False,1719.4800000000002,151.0,365851.0,,,0.75,False,False,False
2.236342,505,49.0,283.0,20.286,117.162,234.0,96.876,234.0,96.876,False,1750.92,151.2,378013.4,,,0.75,False,False,False
2.2407703999999997,506,49.0,283.0,20.286,117.162,234.0,96.876,234.0,96.876,False,1774.54,151.0,389699.6,,,0.75,False,False,False
2.2451988,507,49.0,283.0,20.286,117.162,234.0,96.876,234.0,96.876,False,1801.82,151.4,399284.0,,,0.75,False,False,False
2.2496272,508,49.0,283.0,20.286,117.162,234.0,96.876,234.0,96.876,False,1824.22,151.04,407412.0,,,0.75,False,False,False
2.2540556,509,49.0,283.0,20.286,117.162,234.0,96.876,234.0,96.876,False,1850.22,151.4,413596.0,,,0.75,False,False,False
2.2584839999999997,510,49.0,283.0,20.286,117.162,234.0,96.876,234.0,96.876,False,1868.36,151.8,418854.6,,,0.75,False,False,False
2.2629124,511,49.0,284.0,20.286,117.576,235.0,97.29,234.0,96.876,True,1886.22,152.02,422879.6,,,0.75,False,False,False
2.2673408,512,50.0,284.0,20.7,117.576,234.0,96.876,234.0,96.876,False,1889.48,151.8,426026.4,,,0.75,False,False,False
2.2717692,513,50.0,284.0,20.7,117.576,234.0,96.876,234.0,96.876,False,1889.2800000000004,151.6,428109.6,,,0.75,False,False,False
2.2761976,514,50.0,283.0,20.7,117.162,233.0,96.462,233.0,96.462,False,1898.82,151.23999999999998,430407.6,,,0.75,False,False,False
2.280626,515,51.0,283.0,21.113999999999997,117.162,232.0,96.048,232.0,96.048,False,1902.02,151.22,432435.8000000001,,,0.75,False,False,False
2.2850544,516,51.0,283.0,21.113999999999997,117.162,232.0,96.048,232.0,96.048,False,1917.64,150.8,434151.6,,,0.75,False,False,False
2.2894828,517,51.0,283.0,21.113999999999997,117.162,232.0,96.048,232.0,96.048,False,1915.04,151.23999999999998,434286.0,,,0.75,False,False,False
2.2939112,518,52.0,282.0,21.528,116.748,230.0,95.22,230.0,95.22,False,1919.16,151.2,435266.8,,,0.75,False,False,False
2.2983396,519,52.0,282.0,21.528,116.748,230.0,95.22,230.0,95.22,False,1922.92,150.62,435036.2,,,0.75,False,False,False
2.302768,520,52.0,282.0,21.528,116.748,230.0,95.22,230.0,95.22,False,1927.52,150.8,434975.4,,,0.75,False,False,False
2.3071964,521,53.0,281.0,21.942,116.334,228.0,94.392,228.0,94.392,False,1925.52,150.42000000000002,433728.1999999999,,,0.75,False,False,False
2.3116248,522,53.0,281.0,21.942,116.334,228.0,94.392,228.0,94.392,False,1944.62,150.62,434604.2,,,0.75,False,False,False
2.3160532,523,54.0,280.0,22.356,115.92,226.0,93.564,226.0,93.564,False,1961.26,151.0,433932.2,,,0.75,False,False,False
2.3204816,524,54.0,280.0,22.356,115.92,226.0,93.564,226.0,93.564,False,1962.6,150.82000000000002,434005.0,,,0.75,False,False,False
2.32491,525,54.0,280.0,22.356,115.92,226.0,93.564,226.0,93.564,False,1973.48,151.0,433533.6,,,0.75,False,False,False
2.3293384,526,55.0,279.0,22.77,115.506,224.0,92.736,224.0,92.736,False,1974.38,150.62,433992.8,,,0.75,False,False,False
2.3337668,527,55.0,279.0,22.77,115.506,224.0,92.736,224.0,92.736,False,1966.66,150.8,432807.0,,,0.75,False,False,False
2.3381952,528,55.0,279.0,22.77,115.506,224.0,92.736,224.0,92.736,False,1972.18,150.2,432243.1999999999,,,0.75,False,False,False
2.3426236,529,56.0,278.0,23.183999999999997,115.092,222.0,91.908,222.0,91.908,False,1982.16,149.84,431171.4,,,0.75,False,False,False
2.347052,530,56.0,278.0,23.183999999999997,115.092,222.0,91.908,222.0,91.908,False,1995.02,150.22,430514.8,,,0.75,False,False,False
2.3514804,531,57.0,278.0,23.598,115.092,221.0,91.494,221.0,91.494,False,1986.7,150.6,429390.6,,,0.75,False,False,False
2.3559088,532,57.0,278.0,23.598,115.092,221.0,91.494,221.0,91.494,False,1991.92,150.4,428087.0,,,0.75,False,False,False
2.3603372,533,57.0,277.0,23.598,114.678,220.0,91.08,220.0,91.08,False,1996.9,150.22,427669.6,,,0.75,False,False,False
2.3647656,534,57.0,277.0,23.598,114.678,220.0,91.08,220.0,91.08,False,1997.78,150.62,427076.2,,,0.75,False,False,False
2.369194,535,58.0,276.0,24.012,114.264,218.0,90.252,218.0,90.252,False,2014.92,150.82000000000002,426350.0,,,0.75,False,False,False
2.3736224,536,58.0,276.0,24.012,114.264,218.0,90.252,218.0,90.252,False,2012.84,150.8,425353.8,,,0.75,False,False,False
2.3780508,537,59.0,276.0,24.426,114.264,217.0,89.838,217.0,89.838,False,2027.9600000000005,150.6,424894.4,,,0.75,False,False,False
2.3824792,538,59.0,276.0,24.426,114.264,217.0,89.838,217.0,89.838,False,2025.44,150.6,423592.0,,,0.75,False,False,False
2.3869076,539,59.0,276.0,24.426,114.264,217.0,89.838,217.0,89.838,False,2026.7,150.4,422422.4,,,0.75,False,False,False
2.391336,540,59.0,276.0,24.426,114.264,217.0,89.838,217.0,89.838,False,2030.4,150.2,420991.6,,,0.75,False,False,False
2.3957644,541,59.0,275.0,24.426,113.85,216.0,89.42399999999999,216.0,89.42399999999999,False,2011.62,150.22,420532.4,,,0.75,False,False,False
2.4001928,542,59.0,275.0,24.426,113.85,216.0,89.42399999999999,216.0,89.42399999999999,False,2015.38,149.8,420643.8000000001,,,0.75,False,False,False
2.4046212,543,59.0,275.0,24.426,113.85,216.0,89.42399999999999,216.0,89.42399999999999,False,2026.2600000000004,150.42000000000002,420178.8,,,0.75,False,False,False
2.4090496,544,60.0,275.0,24.84,113.85,215.0,89.00999999999999,215.0,89.00999999999999,False,2017.24,150.22,420137.4,,,0.75,False,False,False
2.413478,545,60.0,275.0,24.84,113.85,215.0,89.00999999999999,215.0,89.00999999999999,False,2004.9,150.44,420097.20000000007,,,0.75,False,False,False
2.4179064,546,60.0,274.0,24.84,113.436,214.0,88.59599999999999,214.0,88.59599999999999,False,2009.16,150.2,419266.8000000001,,,0.75,False,False,False
2.4223348,547,60.0,274.0,24.84,113.436,214.0,88.59599999999999,214.0,88.59599999999999,False,2010.18,150.0,419411.4,,,0.75,False,False,False
2.4267632,548,60.0,274.0,24.84,113.436,214.0,88.59599999999999,214.0,88.59599999999999,False,2008.48,150.2,419753.8000000001,,,0.75,False,False,False
2.4311916,549,60.0,274.0,24.84,113.436,214.0,88.59599999999999,214.0,88.59599999999999,False,2025.1,149.6,420342.1999999999,,,0.75,False,False,False
2.43562,550,60.0,273.0,24.84,113.022,213.0,88.182,213.0,88.182,False,2031.4400000000005,149.42000000000002,420692.6,,,0.75,False,False,False
2.4400484,551,61.0,273.0,25.254,113.022,212.0,87.768,212.0,87.768,False,2029.54,149.42000000000002,420939.8,,,0.75,False,False,False
2.4444768,552,61.0,273.0,25.254,113.022,212.0,87.768,212.0,87.768,False,2028.82,149.2,419858.00000000006,,,0.75,False,False,False
2.4489052,553,61.0,273.0,25.254,113.022,212.0,87.768,212.0,87.768,False,2039.92,149.6,419221.4,,,0.75,False,False,False
2.4533336,554,61.0,273.0,25.254,113.022,212.0,87.768,212.0,87.768,False,2033.22,150.42000000000002,418626.00000000006,,,0.75,False,False,False
2.457762,555,61.0,273.0,25.254,113.022,212.0,87.768,212.0,87.768,False,2036.5200000000004,150.2,417667.4,,,0.75,False,False,False
2.4621904,556,61.0,272.0,25.254,112.608,211.0,87.354,211.0,87.354,False,2024.98,150.42000000000002,417713.8000000001,,,0.75,False,False,False
2.4666188,557,61.0,272.0,25.254,112.608,211.0,87.354,211.0,87.354,False,2034.92,150.0,417828.4,,,0.75,False,False,False
2.4710472,558,61.0,272.0,25.254,112.608,211.0,87.354,211.0,87.354,False,2031.96,150.4,417925.0,,,0.75,False,False,False
2.4754756,559,61.0,272.0,25.254,112.608,211.0,87.354,211.0,87.354,False,2028.7600000000004,149.82000000000002,417456.1999999999,,,0.75,False,False,False
2.479904,560,61.0,272.0,25.254,112.608,211.0,87.354,211.0,87.354,False,2027.66,149.82000000000002,417450.20000000007,,,0.75,False,False,False
2.4843324,561,62.0,272.0,25.668,112.608,210.0,86.94,210.0,86.94,False,2027.16,150.02,416980.6,,,0.75,False,False,False
2.4887608,562,62.0,272.0,25.668,112.608,210.0,86.94,210.0,86.94,False,2026.02,149.8,416113.4,,,0.75,False,False,False
2.4931892,563,62.0,272.0,25.668,112.608,210.0,86.94,210.0,86.94,False,2022.72,150.0,415670.4,,,0.75,False,False,False
2.4976176,564,62.0,271.0,25.668,112.194,209.0,86.526,209.0,86.526,False,2027.82,150.0,415869.0,,,0.75,False,False,False
2.502046,565,62.0,271.0,25.668,112.194,209.0,86.526,209.0,86.526,False,2026.72,150.2,415560.00000000006,,,0.75,False,False,False
2.5064744,566,62.0,271.0,25.668,112.194,209.0,86.526,209.0,86.526,False,2038.32,150.42000000000002,415348.0,,,0.75,False,False,False
2.5109028,567,62.0,271.0,25.668,112.194,209.0,86.526,209.0,86.526,False,2041.04,150.6,415291.8000000001,,,0.75,False,False,False
2.5153312,568,63.0,271.0,26.081999999999997,112.194,208.0,86.112,208.0,86.112,False,2020.36,150.2,414586.8000000001,,,0.75,False,False,False
2.5197596,569,63.0,271.0,26.081999999999997,112.194,208.0,86.112,208.0,86.112,False,2019.4400000000005,150.2,414223.0,,,0.75,False,False,False
2.524188,570,63.0,271.0,26.081999999999997,112.194,208.0,86.112,208.0,86.112,False,2019.62,150.02,414001.0,,,0.75,False,False,False
2.5286164,571,63.0,270.0,26.081999999999997,111.78,207.0,85.698,207.0,85.698,False,2021.26,149.22,413315.0,,,0.75,False,False,False
2.5330448,572,63.0,270.0,26.081999999999997,111.78,207.0,85.698,207.0,85.698,False,2019.06,149.4,413433.6,,,0.75,False,False,False
2.5374732,573,63.0,270.0,26.081999999999997,111.78,207.0,85.698,207.0,85.698,False,2023.72,149.8,413545.8,,,0.75,False,False,False
2.5419016,574,63.0,270.0,26.081999999999997,111.78,207.0,85.698,207.0,85.698,False,2017.58,150.02,413280.2,,,0.75,False,False,False
2.54633,575,63.0,270.0,26.081999999999997,111.78,207.0,85.698,207.0,85.698,False,2026.98,150.22,413457.4,,,0.75,False,False,False
2.5507584,576,63.0,270.0,26.081999999999997,111.78,207.0,85.698,207.0,85.698,False,2017.18,150.2,413573.8000000001,,,0.75,False,False,False
2.5551868,577,63.0,270.0,26.081999999999997,111.78,207.0,85.698,207.0,85.698,False,2019.7000000000005,149.82000000000002,413726.8,,,0.75,False,False,False
2.5596152,578,63.0,270.0,26.081999999999997,111.78,207.0,85.698,207.0,85.698,False,2016.16,149.22,413381.2,,,0.75,False,False,False
2.5640436,579,54.0,269.0,22.356,111.366,215.0,89.00999999999999,215.0,89.00999999999999,False,2026.74,150.0,412651.4,,,0.75,False,False,False
2.568472,580,54.0,269.0,22.356,111.366,215.0,89.00999999999999,215.0,89.00999999999999,False,2028.92,150.0,412933.20000000007,,,0.75,False,False,False
2.5729004,581,54.0,269.0,22.356,111.366,215.0,89.00999999999999,215.0,89.00999999999999,False,2026.58,150.0,413091.0,,,0.75,False,False,False
2.5773288,582,51.0,269.0,21.113999999999997,111.366,218.0,90.252,218.0,90.252,False,2022.7200000000005,150.0,412830.4,,,0.75,False,False,False
2.5817572,583,51.0,269.0,21.113999999999997,111.366,218.0,90.252,218.0,90.252,False,2028.12,150.0,412795.6,,,0.75,False,False,False
2.5861856,584,51.0,269.0,21.113999999999997,111.366,218.0,90.252,218.0,90.252,False,2021.76,150.0,413090.2,,,0.75,False,False,False
2.590614,585,51.0,269.0,21.113999999999997,111.366,218.0,90.252,218.0,90.252,False,2025.28,149.64,412079.0,,,0.75,False,False,False
2.5950424,586,51.0,269.0,21.113999999999997,111.366,218.0,90.252,218.0,90.252,False,2028.7,149.6,412004.4,,,0.75,False,False,False
2.5994707999999997,587,51.0,268.0,21.113999999999997,110.952,217.0,89.838,217.0,89.838,False,2015.94,149.2,411262.2,,,0.75,False,False,False
2.6038992,588,51.0,268.0,21.113999999999997,110.952,217.0,89.838,217.0,89.838,False,2012.48,149.2,411444.0,,,0.75,False,False,False
2.6083276,589,50.0,268.0,20.7,110.952,218.0,90.252,218.0,90.252,False,2022.94,149.4,411156.4,,,0.75,False,False,False
2.612756,590,50.0,268.0,20.7,110.952,218.0,90.252,218.0,90.252,False,2032.44,149.23999999999998,411192.8000000001,,,0.75,False,False,False
2.6171843999999997,591,50.0,268.0,20.7,110.952,218.0,90.252,218.0,90.252,False,2027.06,149.62,410115.2,,,0.75,False,False,False
2.6216128,592,50.0,268.0,20.7,110.952,218.0,90.252,218.0,90.252,False,2033.06,149.6,410232.8,,,0.75,False,False,False
2.6260412,593,50.0,268.0,20.7,110.952,218.0,90.252,218.0,90.252,False,2036.04,149.8,409102.6,,,0.75,False,False,False
2.6304696,594,51.0,268.0,21.113999999999997,110.952,217.0,89.838,217.0,89.838,False,2026.8800000000003,149.6,408811.8000000001,,,0.75,False,False,False
2.6348979999999997,595,51.0,268.0,21.113999999999997,110.952,217.0,89.838,217.0,89.838,False,2038.52,149.42000000000002,408113.6,,,0.75,False,False,False
2.6393264,596,51.0,268.0,21.113999999999997,110.952,217.0,89.838,217.0,89.838,False,2031.92,149.23999999999998,408513.0,,,0.75,False,False,False
2.6437548,597,51.0,267.0,21.113999999999997,110.538,216.0,89.42399999999999,216.0,89.42399999999999,False,2023.6,149.6,407424.6,,,0.75,False,False,False
2.6481832,598,51.0,267.0,21.113999999999997,110.538,216.0,89.42399999999999,216.0,89.42399999999999,False,2036.68,149.4,407681.1999999999,,,0.75,False,False,False
2.6526115999999997,599,51.0,267.0,21.113999999999997,110.538,216.0,89.42399999999999,216.0,89.42399999999999,False,2030.86,149.42000000000002,406666.0,,,0.75,False,False,False
2.65704,600,51.0,267.0,21.113999999999997,110.538,216.0,89.42399999999999,216.0,89.42399999999999,False,2026.26,149.8,406708.4,,,0.75,False,False,False
2.6614684,601,51.0,267.0,21.113999999999997,110.538,216.0,89.42399999999999,216.0,89.42399999999999,False,2025.14,149.42000000000002,406308.2,,,0.75,False,False,False
2.6658968,602,51.0,267.0,21.113999999999997,110.538,216.0,89.42399999999999,216.0,89.42399999999999,False,2036.28,149.6,406409.8000000001,,,0.75,False,False,False
2.6703251999999997,603,51.0,267.0,21.113999999999997,110.538,216.0,89.42399999999999,216.0,89.42399999999999,False,2029.6800000000003,149.62,405588.20000000007,,,0.75,False,False,False
2.6747536,604,51.0,267.0,21.113999999999997,110.538,216.0,89.42399999999999,216.0,89.42399999999999,False,2027.92,150.22,405335.6,,,0.75,False,False,False
2.679182,605,51.0,267.0,21.113999999999997,110.538,216.0,89.42399999999999,216.0,89.42399999999999,False,2015.38,150.0,404644.0,,,0.75,False,False,False
2.6836104,606,51.0,267.0,21.113999999999997,110.538,216.0,89.42399999999999,216.0,89.42399999999999,False,2014.88,150.22,403218.0,,,0.75,False,False,False
2.6880387999999997,607,51.0,267.0,21.113999999999997,110.538,216.0,89.42399999999999,216.0,89.42399999999999,False,2016.96,149.8,402232.79999999993,,,0.75,False,False,False
2.6924672,608,51.0,267.0,21.113999999999997,110.538,216.0,89.42399999999999,216.0,89.42399999999999,False,1993.92,149.4,401029.0,,,0.75,False,False,False
2.6968956,609,51.0,267.0,21.113999999999997,110.538,216.0,89.42399999999999,216.0,89.42399999999999,False,1992.86,149.62,400385.8,,,0.75,False,False,False
2.701324,610,51.0,267.0,21.113999999999997,110.538,216.0,89.42399999999999,216.0,89.42399999999999,False,1998.76,149.6,399214.6,,,0.75,False,False,False
2.7057523999999997,611,51.0,266.0,21.113999999999997,110.124,215.0,89.00999999999999,215.0,89.00999999999999,False,1991.56,149.2,398577.79999999993,,,0.75,False,False,False
2.7101808,612,51.0,266.0,21.113999999999997,110.124,215.0,89.00999999999999,215.0,89.00999999999999,False,1985.86,149.8,397738.8000000001,,,0.75,False,False,False
2.7146092,613,51.0,266.0,21.113999999999997,110.124,215.0,89.00999999999999,215.0,89.00999999999999,False,1975.66,149.82000000000002,397443.4,,,0.75,False,False,False
2.7190376,614,51.0,266.0,21.113999999999997,110.124,215.0,89.00999999999999,215.0,89.00999999999999,False,1981.34,149.6,397014.4,,,0.75,False,False,False
2.7234659999999997,615,51.0,266.0,21.113999999999997,110.124,215.0,89.00999999999999,215.0,89.00999999999999,False,1972.8800000000003,149.6,395836.2,,,0.75,False,False,False
2.7278944,616,51.0,266.0,21.113999999999997,110.124,215.0,89.00999999999999,215.0,89.00999999999999,False,1993.1,149.6,394990.2,,,0.75,False,False,False
2.7323228,617,51.0,266.0,21.113999999999997,110.124,215.0,89.00999999999999,215.0,89.00999999999999,False,1984.2,149.6,394785.8,,,0.75,False,False,False
2.7367512,618,51.0,266.0,21.113999999999997,110.124,215.0,89.00999999999999,215.0,89.00999999999999,False,1965.72,149.42000000000002,393682.8,,,0.75,False,False,False
2.7411795999999997,619,51.0,266.0,21.113999999999997,110.124,215.0,89.00999999999999,215.0,89.00999999999999,False,1954.3,149.2,391900.2,,,0.75,False,False,False
2.745608,620,51.0,266.0,21.113999999999997,110.124,215.0,89.00999999999999,215.0,89.00999999999999,False,1953.1,150.2,391414.1999999999,,,0.75,False,False,False
2.7500364,621,51.0,266.0,21.113999999999997,110.124,215.0,89.00999999999999,215.0,89.00999999999999,False,1947.46,149.82000000000002,390389.4,,,0.75,False,False,False
2.7544648,622,51.0,266.0,21.113999999999997,110.124,215.0,89.00999999999999,215.0,89.00999999999999,False,1943.7200000000005,149.4,388324.0,,,0.75,False,False,False
2.7588931999999997,623,51.0,266.0,21.113999999999997,110.124,215.0,89.00999999999999,215.0,89.00999999999999,False,1921.64,149.62,387024.6,,,0.75,False,False,False
2.7633216,624,51.0,266.0,21.113999999999997,110.124,215.0,89.00999999999999,215.0,89.00999999999999,False,1926.06,150.02,385940.0,,,0.75,False,False,False
2.76775,625,51.0,266.0,21.113999999999997,110.124,215.0,89.00999999999999,215.0,89.00999999999999,False,1921.3200000000004,150.0,385173.6,,,0.75,False,False,False
2.7721784,626,51.0,266.0,21.113999999999997,110.124,215.0,89.00999999999999,215.0,89.00999999999999,False,1910.88,149.6,383416.2,,,0.75,False,False,False
2.7766067999999997,627,51.0,266.0,21.113999999999997,110.124,215.0,89.00999999999999,215.0,89.00999999999999,False,1901.6800000000003,149.4,382217.6,,,0.75,False,False,False
2.7810352,628,51.0,266.0,21.113999999999997,110.124,215.0,89.00999999999999,215.0,89.00999999999999,False,1904.82,149.0,381207.79999999993,,,0.75,False,False,False
2.7854636,629,51.0,265.0,21.113999999999997,109.71,214.0,88.59599999999999,214.0,88.59599999999999,False,1911.1400000000003,149.22,379921.79999999993,,,0.75,False,False,False
2.789892,630,51.0,265.0,21.113999999999997,109.71,214.0,88.59599999999999,214.0,88.59599999999999,False,1891.4200000000003,149.2,377659.8000000001,,,0.75,False,False,False
2.7943203999999997,631,51.0,265.0,21.113999999999997,109.71,214.0,88.59599999999999,214.0,88.59599999999999,False,1893.22,149.6,376946.6,,,0.75,False,False,False
2.7987488,632,51.0,265.0,21.113999999999997,109.71,214.0,88.59599999999999,214.0,88.59599999999999,False,1868.78,149.8,375554.0,,,0.75,False,False,False
2.8031772,633,51.0,265.0,21.113999999999997,109.71,214.0,88.59599999999999,214.0,88.59599999999999,False,1864.7,149.62,373809.4,,,0.75,False,False,False
2.8076056,634,51.0,265.0,21.113999999999997,109.71,214.0,88.59599999999999,214.0,88.59599999999999,False,1847.98,149.62,372374.0,,,0.75,False,False,False
2.8120339999999997,635,51.0,265.0,21.113999999999997,109.71,214.0,88.59599999999999,214.0,88.59599999999999,False,1847.38,149.42000000000002,371313.0,,,0.75,False,False,False
2.8164624,636,51.0,265.0,21.113999999999997,109.71,214.0,88.59599999999999,214.0,88.59599999999999,False,1838.48,149.22,369672.0,,,0.75,False,False,False
2.8208908,637,51.0,265.0,21.113999999999997,109.71,214.0,88.59599999999999,214.0,88.59599999999999,False,1845.92,149.8,368367.4,,,0.75,False,False,False
2.8253192,638,51.0,265.0,21.113999999999997,109.71,214.0,88.59599999999999,214.0,88.59599999999999,False,1829.36,149.22,367145.4,,,0.75,False,False,False
2.8297475999999997,639,51.0,265.0,21.113999999999997,109.71,214.0,88.59599999999999,214.0,88.59599999999999,False,1834.96,149.4,365344.4,,,0.75,False,False,False
2.834176,640,51.0,265.0,21.113999999999997,109.71,214.0,88.59599999999999,214.0,88.59599999999999,False,1809.92,149.6,363695.4,,,0.75,False,False,False
2.8386044,641,51.0,265.0,21.113999999999997,109.71,214.0,88.59599999999999,214.0,88.59599999999999,False,1810.76,149.8,362066.1999999999,,,0.75,False,False,False
2.8430328,642,51.0,265.0,21.113999999999997,109.71,214.0,88.59599999999999,214.0,88.59599999999999,False,1793.4800000000002,149.4,359856.8,,,0.75,False,False,False
2.8474612,643,51.0,265.0,21.113999999999997,109.71,214.0,88.59599999999999,214.0,88.59599999999999,False,1785.5200000000004,149.6,357676.80000000005,,,0.75,False,False,False
2.8518896,644,51.0,265.0,21.113999999999997,109.71,214.0,88.59599999999999,214.0,88.59599999999999,False,1761.76,149.62,356132.6,,,0.75,False,False,False
2.856318,645,51.0,265.0,21.113999999999997,109.71,214.0,88.59599999999999,214.0,88.59599999999999,False,1740.4,149.4,354561.4,,,0.75,False,False,False
2.8607464,646,51.0,265.0,21.113999999999997,109.71,214.0,88.59599999999999,214.0,88.59599999999999,False,1743.6000000000004,149.2,352787.6,,,0.75,False,False,False
2.8651748,647,51.0,265.0,21.113999999999997,109.71,214.0,88.59599999999999,214.0,88.59599999999999,False,1729.0400000000002,149.82000000000002,351331.6,,,0.75,False,False,False
2.8696032,648,51.0,265.0,21.113999999999997,109.71,214.0,88.59599999999999,214.0,88.59599999999999,False,1724.8,150.2,350082.0,,,0.75,False,False,False
2.8740316,649,51.0,265.0,21.113999999999997,109.71,214.0,88.59599999999999,214.0,88.59599999999999,False,1721.7400000000002,150.2,348171.4,,,0.75,False,False,False
2.87846,650,51.0,265.0,21.113999999999997,109.71,214.0,88.59599999999999,214.0,88.59599999999999,False,1716.16,150.0,345785.6,,,0.75,False,False,False
2.8828884,651,51.0,265.0,21.113999999999997,109.71,214.0,88.59599999999999,214.0,88.59599999999999,False,1705.58,149.62,343625.8,,,0.75,False,False,False
2.8873168,652,51.0,265.0,21.113999999999997,109.71,214.0,88.59599999999999,214.0,88.59599999999999,False,1678.0400000000002,149.4,341663.0,,,0.75,False,False,False
2.8917452,653,51.0,265.0,21.113999999999997,109.71,214.0,88.59599999999999,214.0,88.59599999999999,False,1668.5400000000002,149.4,339365.0,,,0.75,False,False,False
2.8961736,654,51.0,264.0,21.113999999999997,109.296,213.0,88.182,213.0,88.182,False,1667.96,149.2,337503.6,,,0.75,False,False,False
2.900602,655,51.0,264.0,21.113999999999997,109.296,213.0,88.182,213.0,88.182,False,1657.94,149.0,335404.0,,,0.75,False,False,False
2.9050304,656,50.0,264.0,20.7,109.296,214.0,88.59599999999999,214.0,88.59599999999999,False,1647.3000000000002,149.22,333608.4,,,0.75,False,False,False
2.9094588,657,50.0,264.0,20.7,109.296,214.0,88.59599999999999,214.0,88.59599999999999,False,1637.2800000000002,149.2,331913.6,,,0.75,False,False,False
2.9138872,658,50.0,265.0,20.7,109.71,215.0,89.00999999999999,215.0,89.00999999999999,False,1633.16,149.42000000000002,329997.4,,,0.75,False,False,False
2.9183156,659,50.0,265.0,20.7,109.71,215.0,89.00999999999999,215.0,89.00999999999999,False,1620.2,148.82000000000002,328114.4,,,0.75,False,False,False
2.922744,660,50.0,265.0,20.7,109.71,215.0,89.00999999999999,215.0,89.00999999999999,False,1612.44,149.2,326241.8,,,0.75,False,False,False
2.9271724,661,50.0,265.0,20.7,109.71,215.0,89.00999999999999,215.0,89.00999999999999,False,1602.98,149.0,323956.6,,,0.75,False,False,False
2.9316008,662,50.0,265.0,20.7,109.71,215.0,89.00999999999999,215.0,89.00999999999999,False,1582.76,149.6,321375.0,,,0.75,False,False,False
2.9360292,663,50.0,265.0,20.7,109.71,215.0,89.00999999999999,215.0,89.00999999999999,False,1578.5,149.2,319862.39999999997,,,0.75,False,False,False
2.9404576,664,50.0,265.0,20.7,109.71,215.0,89.00999999999999,215.0,89.00999999999999,False,1570.88,149.4,317582.0,,,0.75,False,False,False
2.944886,665,50.0,265.0,20.7,109.71,215.0,89.00999999999999,215.0,89.00999999999999,False,1555.96,149.22,315212.4,,,0.75,False,False,False
2.9493144,666,50.0,265.0,20.7,109.71,215.0,89.00999999999999,215.0,89.00999999999999,False,1546.2,149.0,313297.0,,,0.75,False,False,False
2.9537428,667,50.0,265.0,20.7,109.71,215.0,89.00999999999999,215.0,89.00999999999999,False,1528.7,149.4,311116.8,,,0.75,False,False,False
2.9581712,668,50.0,265.0,20.7,109.71,215.0,89.00999999999999,215.0,89.00999999999999,False,1523.46,148.8,308747.0,,,0.75,False,False,False
2.9625996,669,50.0,265.0,20.7,109.71,215.0,89.00999999999999,215.0,89.00999999999999,False,1505.84,149.22,306833.19999999995,,,0.75,False,False,False
2.967028,670,50.0,265.0,20.7,109.71,215.0,89.00999999999999,215.0,89.00999999999999,False,1491.64,149.02,305215.4,,,0.75,False,False,False
2.9714564,671,50.0,265.0,20.7,109.71,215.0,89.00999999999999,215.0,89.00999999999999,False,1484.34,149.2,303353.0,,,0.75,False,False,False
2.9758848,672,50.0,265.0,20.7,109.71,215.0,89.00999999999999,215.0,89.00999999999999,False,1475.34,149.02,302014.6,,,0.75,False,False,False
2.9803132,673,50.0,265.0,20.7,109.71,215.0,89.00999999999999,215.0,89.00999999999999,False,1463.0400000000002,148.62,299391.8,,,0.75,False,False,False
2.9847416,674,50.0,265.0,20.7,109.71,215.0,89.00999999999999,215.0,89.00999999999999,False,1463.4,148.62,296962.2,,,0.75,False,False,False
2.98917,675,50.0,265.0,20.7,109.71,215.0,89.00999999999999,215.0,89.00999999999999,False,1446.2600000000002,149.2,295380.2,,,0.75,False,False,False
2.9935984,676,50.0,265.0,20.7,109.71,215.0,89.00999999999999,215.0,89.00999999999999,False,1438.22,149.0,293342.19999999995,,,0.75,False,False,False
2.9980268,677,50.0,265.0,20.7,109.71,215.0,89.00999999999999,215.0,89.00999999999999,False,1430.22,148.8,291276.19999999995,,,0.75,False,False,False
3.0024552,678,50.0,265.0,20.7,109.71,215.0,89.00999999999999,215.0,89.00999999999999,False,1413.9000000000003,149.2,289232.80000000005,,,0.75,False,False,False
3.0068836,679,50.0,266.0,20.7,110.124,216.0,89.42399999999999,216.0,89.42399999999999,False,1397.74,149.22,287359.0,,,0.75,False,False,False
3.011312,680,50.0,266.0,20.7,110.124,216.0,89.42399999999999,216.0,89.42399999999999,False,1376.5,149.62,284149.8,,,0.75,False,False,False
3.0157404,681,50.0,266.0,20.7,110.124,216.0,89.42399999999999,216.0,89.42399999999999,False,1368.22,149.82000000000002,281553.4,,,0.75,False,False,False
3.0201688,682,50.0,266.0,20.7,110.124,216.0,89.42399999999999,216.0,89.42399999999999,False,1344.74,149.8,279386.2,,,0.75,False,False,False
3.0245972,683,50.0,266.0,20.7,110.124,216.0,89.42399999999999,216.0,89.42399999999999,False,1348.0600000000002,149.6,278068.0,,,0.75,False,False,False
3.0290256,684,50.0,266.0,20.7,110.124,216.0,89.42399999999999,216.0,89.42399999999999,False,1333.4200000000003,149.6,275884.4,,,0.75,False,False,False
3.033454,685,50.0,266.0,20.7,110.124,216.0,89.42399999999999,216.0,89.42399999999999,False,1314.8,149.42000000000002,273881.0,,,0.75,False,False,False
3.0378824,686,50.0,266.0,20.7,110.124,216.0,89.42399999999999,216.0,89.42399999999999,False,1298.92,149.44,272492.4,,,0.75,False,False,False
3.0423108,687,50.0,266.0,20.7,110.124,216.0,89.42399999999999,216.0,89.42399999999999,False,1294.18,149.4,270493.80000000005,,,0.75,False,False,False
3.0467392,688,50.0,266.0,20.7,110.124,216.0,89.42399999999999,216.0,89.42399999999999,False,1272.36,149.2,268303.0,,,0.75,False,False,False
3.0511676,689,49.0,266.0,20.286,110.124,217.0,89.838,217.0,89.838,False,1263.0200000000002,149.2,267460.6,,,0.75,False,False,False
3.055596,690,49.0,266.0,20.286,110.124,217.0,89.838,217.0,89.838,False,1258.64,149.4,266134.0,,,0.75,False,False,False
3.0600244,691,49.0,266.0,20.286,110.124,217.0,89.838,217.0,89.838,False,1249.18,149.22,264499.0,,,0.75,False,False,False
3.0644528,692,49.0,266.0,20.286,110.124,217.0,89.838,217.0,89.838,False,1237.96,149.4,262799.6,,,0.75,False,False,False
3.0688812,693,49.0,266.0,20.286,110.124,217.0,89.838,217.0,89.838,False,1241.18,149.02,261258.4,,,0.75,False,False,False
3.0733096,694,50.0,266.0,20.7,110.124,216.0,89.42399999999999,216.0,89.42399999999999,False,1237.72,148.6,259534.8,,,0.75,False,False,False
3.077738,695,50.0,266.0,20.7,110.124,216.0,89.42399999999999,216.0,89.42399999999999,False,1239.58,149.2,258993.0,,,0.75,False,False,False
3.0821664,696,50.0,266.0,20.7,110.124,216.0,89.42399999999999,216.0,89.42399999999999,False,1232.0400000000002,149.2,257827.60000000003,,,0.75,False,False,False
3.0865948,697,50.0,266.0,20.7,110.124,216.0,89.42399999999999,216.0,89.42399999999999,False,1219.94,148.82000000000002,257073.00000000003,,,0.75,False,False,False
3.0910232,698,50.0,266.0,20.7,110.124,216.0,89.42399999999999,216.0,89.42399999999999,False,1210.42,149.0,256141.2,,,0.75,False,False,False
3.0954516,699,50.0,267.0,20.7,110.538,217.0,89.838,217.0,89.838,False,1206.52,149.02,255089.0,,,0.75,False,False,False
3.0998799999999997,700,49.0,267.0,20.286,110.538,218.0,90.252,218.0,90.252,False,1190.2800000000002,149.2,253795.6,,,0.75,False,False,False
3.1043084,701,49.0,267.0,20.286,110.538,218.0,90.252,218.0,90.252,False,1190.76,149.22,253311.0,,,0.75,False,False,False
3.1087368,702,49.0,267.0,20.286,110.538,218.0,90.252,218.0,90.252,False,1182.58,149.6,252830.2,,,0.75,False,False,False
3.1131652,703,49.0,267.0,20.286,110.538,218.0,90.252,218.0,90.252,False,1178.96,150.0,252336.2,,,0.75,False,False,False
3.1175935999999997,704,49.0,267.0,20.286,110.538,218.0,90.252,218.0,90.252,False,1188.54,149.62,252345.2,,,0.75,False,False,False
3.122022,705,49.0,267.0,20.286,110.538,218.0,90.252,218.0,90.252,False,1197.3000000000002,149.8,252318.8,,,0.75,False,False,False
3.1264504,706,48.0,267.0,19.872,110.538,219.0,90.666,219.0,90.666,False,1195.18,149.42000000000002,251518.2,,,0.75,False,False,False
3.1308788,707,48.0,267.0,19.872,110.538,219.0,90.666,219.0,90.666,False,1193.3400000000004,149.4,251045.6,,,0.75,False,False,False
3.1353071999999997,708,48.0,268.0,19.872,110.952,220.0,91.08,220.0,91.08,False,1199.92,149.2,251115.6,,,0.75,False,False,False
3.1397356,709,48.0,268.0,19.872,110.952,220.0,91.08,220.0,91.08,False,1194.4,149.2,250396.8,,,0.75,False,False,False
3.144164,710,48.0,268.0,19.872,110.952,220.0,91.08,220.0,91.08,False,1181.66,149.0,249968.2,,,0.75,False,False,False
3.1485924,711,48.0,268.0,19.872,110.952,220.0,91.08,220.0,91.08,False,1180.2000000000005,149.42000000000002,249838.6,,,0.75,False,False,False
3.1530207999999997,712,48.0,268.0,19.872,110.952,220.0,91.08,220.0,91.08,False,1185.3,149.8,249439.8,,,0.75,False,False,False
3.1574492,713,47.0,268.0,19.458,110.952,221.0,91.494,221.0,91.494,False,1188.58,149.8,249168.8,,,0.75,False,False,False
3.1618776,714,46.0,268.0,19.044,110.952,222.0,91.908,222.0,91.908,False,1177.26,149.6,248543.4,,,0.75,False,False,False
3.166306,715,46.0,268.0,19.044,110.952,222.0,91.908,222.0,91.908,False,1169.0800000000002,149.42000000000002,247729.2,,,0.75,False,False,False
3.1707343999999997,716,46.0,268.0,19.044,110.952,222.0,91.908,222.0,91.908,False,1161.1,149.6,247127.4,,,0.75,False,False,False
3.1751628,717,46.0,268.0,19.044,110.952,222.0,91.908,222.0,91.908,False,1161.52,149.42000000000002,246187.2,,,0.75,False,False,False
3.1795912,718,46.0,268.0,19.044,110.952,222.0,91.908,222.0,91.908,False,1165.86,149.6,244752.0,,,0.75,False,False,False
3.1840196,719,45.0,268.0,18.63,110.952,223.0,92.322,222.0,91.908,True,1158.7,150.02,243599.6,,,0.75,False,False,False
3.1884479999999997,720,45.0,262.0,18.63,108.468,217.0,89.838,218.0,90.252,True,1158.3200000000002,150.22,242947.39999999997,,,0.75,False,False,False
3.1928764,721,45.0,263.0,18.63,108.882,218.0,90.252,218.0,90.252,False,1149.7200000000005,150.02,241830.8,,,0.75,False,False,False
3.1973048,722,45.0,263.0,18.63,108.882,218.0,90.252,218.0,90.252,False,1146.72,150.22,241213.99999999997,,,0.75,False,False,False
3.2017332,723,45.0,263.0,18.63,108.882,218.0,90.252,218.0,90.252,False,1153.8000000000002,150.22,240482.99999999997,,,0.75,False,False,False
3.2061615999999997,724,44.0,263.0,18.216,108.882,219.0,90.666,219.0,90.666,False,1145.92,149.82000000000002,239770.6,,,0.75,False,False,False
3.21059,725,44.0,263.0,18.216,108.882,219.0,90.666,219.0,90.666,False,1145.6800000000003,150.42000000000002,239079.00000000003,,,0.75,False,False,False
3.2150184,726,44.0,263.0,18.216,108.882,219.0,90.666,219.0,90.666,False,1123.74,149.82000000000002,238139.4,,,0.75,False,False,False
3.2194468,727,44.0,263.0,18.216,108.882,219.0,90.666,219.0,90.666,False,1122.9800000000002,149.82000000000002,237839.2,,,0.75,False,False,False
3.2238751999999997,728,43.0,263.0,17.802,108.882,220.0,91.08,220.0,91.08,False,1116.14,150.2,237308.2,,,0.75,False,False,False
3.2283036,729,43.0,263.0,17.802,108.882,220.0,91.08,220.0,91.08,False,1111.54,150.6,237400.4,,,0.75,False,False,False
3.232732,730,42.0,260.0,17.387999999999998,107.64,218.0,90.252,220.0,91.08,True,1115.54,150.02,236948.4,,,0.75,False,False,False
3.2371604,731,42.0,262.0,17.387999999999998,108.468,220.0,91.08,220.0,91.08,False,1118.34,150.2,237164.0,,,0.75,False,False,False
3.2415887999999997,732,42.0,262.0,17.387999999999998,108.468,220.0,91.08,220.0,91.08,False,1104.48,149.62,236544.39999999997,,,0.75,False,False,False
3.2460172,733,42.0,260.0,17.387999999999998,107.64,218.0,90.252,218.0,90.252,False,1099.34,149.8,236091.0,,,0.75,False,False,False
3.2504456,734,42.0,260.0,17.387999999999998,107.64,218.0,90.252,218.0,90.252,False,1097.6,149.22,235763.4,,,0.75,False,False,False
3.254874,735,42.0,267.0,17.387999999999998,110.538,225.0,93.15,225.0,93.15,False,1087.2200000000005,149.6,235509.6,,,0.75,False,False,False
3.2593023999999997,736,42.0,267.0,17.387999999999998,110.538,225.0,93.15,225.0,93.15,False,1088.0,149.4,235265.8,,,0.75,False,False,False
3.2637308,737,42.0,267.0,17.387999999999998,110.538,225.0,93.15,225.0,93.15,False,1087.7,149.6,235356.8,,,0.75,False,False,False
3.2681592,738,41.0,267.0,16.974,110.538,226.0,93.564,225.0,93.15,True,1094.3200000000002,149.4,235376.2,,,0.75,False,False,False
3.2725876,739,41.0,262.0,16.974,108.468,221.0,91.494,224.0,92.736,True,1097.1,149.8,235088.4,,,0.75,False,False,False
3.2770159999999997,740,41.0,265.0,16.974,109.71,224.0,92.736,221.0,91.494,True,1093.36,150.0,234869.0,,,0.75,False,False,False
3.2814444,741,41.0,262.0,16.974,108.468,221.0,91.494,222.0,91.908,True,1092.56,149.8,234647.6,,,0.75,False,False,False
3.2858728,742,40.0,262.0,16.56,108.468,222.0,91.908,222.0,91.908,False,1082.66,150.22,234157.6,,,0.75,False,False,False
3.2903012,743,40.0,268.0,16.56,110.952,228.0,94.392,228.0,94.392,False,1080.0600000000002,150.2,233646.39999999997,,,0.75,False,False,False
3.2947295999999997,744,39.0,267.0,16.146,110.538,228.0,94.392,228.0,94.392,False,1075.2000000000005,149.86,233488.8,,,0.75,False,False,False
3.299158,745,39.0,268.0,16.146,110.952,229.0,94.806,229.0,94.806,False,1066.12,150.4,233031.8,,,0.75,False,False,False
3.3035864,746,39.0,268.0,16.146,110.952,229.0,94.806,229.0,94.806,False,1071.88,150.6,232650.2,,,0.75,False,False,False
3.3080148,747,38.0,268.0,15.732,110.952,230.0,95.22,230.0,95.22,False,1061.94,150.4,232502.8,,,0.75,False,False,False
3.3124431999999997,748,38.0,275.0,15.732,113.85,237.0,98.118,237.0,98.118,False,1052.76,150.2,232164.0,,,0.75,False,False,False
3.3168716,749,38.0,275.0,15.732,113.85,237.0,98.118,237.0,98.118,False,1071.18,150.6,232698.6,,,0.75,False,False,False
3.3213,750,38.0,276.0,15.732,114.264,238.0,98.532,238.0,98.532,False,1070.0200000000002,150.6,232314.0,,,0.75,False,False,False
3.3257284,751,38.0,276.0,15.732,114.264,238.0,98.532,238.0,98.532,False,1070.96,150.2,232109.8,,,0.75,False,False,False
3.3301567999999997,752,38.0,276.0,15.732,114.264,238.0,98.532,238.0,98.532,False,1074.6,150.6,231749.2,,,0.75,False,False,False
3.3345852,753,38.0,277.0,15.732,114.678,239.0,98.946,239.0,98.946,False,1065.1,150.4,232271.2,,,0.75,False,False,False
3.3390136,754,38.0,277.0,15.732,114.678,239.0,98.946,239.0,98.946,False,1058.46,150.4,231281.8,,,0.75,False,False,False
3.343442,755,38.0,275.0,15.732,113.85,237.0,98.118,237.0,98.118,False,1058.36,150.62,231249.8,,,0.75,False,False,False
3.3478703999999997,756,38.0,274.0,15.732,113.436,236.0,97.704,236.0,97.704,False,1053.66,151.0,230966.60000000003,,,0.75,False,False,False
3.3522988,757,38.0,274.0,15.732,113.436,236.0,97.704,236.0,97.704,False,1055.0200000000002,151.2,230850.6,,,0.75,False,False,False
3.3567272,758,39.0,276.0,16.146,114.264,237.0,98.118,237.0,98.118,False,1056.16,150.62,230359.4,,,0.75,False,False,False
3.3611556,759,39.0,278.0,16.146,115.092,239.0,98.946,239.0,98.946,False,1057.42,150.82000000000002,229776.2,,,0.75,False,False,False
3.3655839999999997,760,39.0,278.0,16.146,115.092,239.0,98.946,239.0,98.946,False,1047.9,151.0,229200.4,,,0.75,False,False,False
3.3700124,761,39.0,278.0,16.146,115.092,239.0,98.946,239.0,98.946,False,1047.0400000000002,151.02,228517.4,,,0.75,False,False,False
3.3744408,762,39.0,278.0,16.146,115.092,239.0,98.946,239.0,98.946,False,1040.1,150.4,227484.6,,,0.75,False,False,False
3.3788692,763,39.0,279.0,16.146,115.506,240.0,99.36,240.0,99.36,False,1029.7600000000002,151.0,226674.2,,,0.75,False,False,False
3.3832975999999997,764,39.0,279.0,16.146,115.506,240.0,99.36,240.0,99.36,False,1019.0800000000002,150.2,226480.0,,,0.75,False,False,False
3.387726,765,52.0,279.0,21.528,115.506,227.0,93.978,227.0,93.978,False,1015.5,150.8,226131.60000000003,,,0.75,False,False,False
3.3921544,766,52.0,279.0,21.528,115.506,227.0,93.978,227.0,93.978,False,1018.14,150.4,225634.8,,,0.75,False,False,False
3.3965828,767,52.0,279.0,21.528,115.506,227.0,93.978,227.0,93.978,False,1014.56,150.02,225637.2,,,0.75,False,False,False
3.4010112,768,52.0,279.0,21.528,115.506,227.0,93.978,227.0,93.978,False,1019.04,149.8,224716.4,,,0.75,False,False,False
3.4054396,769,52.0,279.0,21.528,115.506,227.0,93.978,227.0,93.978,False,1007.78,150.0,223743.0,,,0.75,False,False,False
3.409868,770,52.0,279.0,21.528,115.506,227.0,93.978,227.0,93.978,False,1014.18,149.6,223320.8,,,0.75,False,False,False
3.4142964,771,52.0,279.0,21.528,115.506,227.0,93.978,227.0,93.978,False,1011.66,149.2,222964.0,,,0.75,False,False,False
3.4187248,772,52.0,279.0,21.528,115.506,227.0,93.978,227.0,93.978,False,1001.66,149.42000000000002,222184.2,,,0.75,False,False,False
3.4231532,773,52.0,279.0,21.528,115.506,227.0,93.978,227.0,93.978,False,997.16,149.8,222278.0,,,0.75,False,False,False
3.4275816,774,52.0,281.0,21.528,116.334,229.0,94.806,229.0,94.806,False,1000.66,149.62,222120.2,,,0.75,False,False,False
3.43201,775,51.0,281.0,21.113999999999997,116.334,230.0,95.22,230.0,95.22,False,994.38,150.0,221326.6,,,0.75,False,False,False
3.4364384,776,51.0,281.0,21.113999999999997,116.334,230.0,95.22,230.0,95.22,False,988.36,150.02,220789.60000000003,,,0.75,False,False,False
3.4408668,777,51.0,281.0,21.113999999999997,116.334,230.0,95.22,230.0,95.22,False,983.54,149.4,220342.6,,,0.75,False,False,False
3.4452952,778,51.0,281.0,21.113999999999997,116.334,230.0,95.22,230.0,95.22,False,980.14,149.8,219735.8,,,0.75,False,False,False
3.4497236,779,51.0,281.0,21.113999999999997,116.334,230.0,95.22,230.0,95.22,False,982.52,149.8,219425.4,,,0.75,False,False,False
3.454152,780,51.0,281.0,21.113999999999997,116.334,230.0,95.22,230.0,95.22,False,987.9600000000002,149.4,219379.60000000003,,,0.75,False,False,False
3.4585804,781,51.0,281.0,21.113999999999997,116.334,230.0,95.22,230.0,95.22,False,985.2,149.8,219367.6,,,0.75,False,False,False
3.4630088,782,51.0,282.0,21.113999999999997,116.748,231.0,95.634,231.0,95.634,False,987.84,149.44,218939.8,,,0.75,False,False,False
3.4674372,783,51.0,282.0,21.113999999999997,116.748,231.0,95.634,231.0,95.634,False,984.26,149.6,218851.39999999997,,,0.75,False,False,False
3.4718656,784,51.0,282.0,21.113999999999997,116.748,231.0,95.634,231.0,95.634,False,980.5800000000002,150.02,218311.2,,,0.75,False,False,False
3.476294,785,51.0,282.0,21.113999999999997,116.748,231.0,95.634,231.0,95.634,False,969.92,149.82000000000002,218359.6,,,0.75,False,False,False
3.4807224,786,51.0,282.0,21.113999999999997,116.748,231.0,95.634,231.0,95.634,False,963.0,150.2,217922.0,,,0.75,False,False,False
3.4851508,787,51.0,282.0,21.113999999999997,116.748,231.0,95.634,231.0,95.634,False,962.68,150.0,217341.2,,,0.75,False,False,False
3.4895792,788,51.0,282.0,21.113999999999997,116.748,231.0,95.634,231.0,95.634,False,961.34,149.8,216929.8,,,0.75,False,False,False
3.4940076,789,51.0,282.0,21.113999999999997,116.748,231.0,95.634,231.0,95.634,False,959.98,150.22,216751.2,,,0.75,False,False,False
3.498436,790,51.0,282.0,21.113999999999997,116.748,231.0,95.634,231.0,95.634,False,953.1,150.02,216305.8,,,0.75,False,False,False
3.5028644,791,51.0,282.0,21.113999999999997,116.748,231.0,95.634,231.0,95.634,False,957.48,149.8,215901.4,,,0.75,False,False,False
3.5072928,792,51.0,282.0,21.113999999999997,116.748,231.0,95.634,231.0,95.634,False,954.96,150.42000000000002,215949.2,,,0.75,False,False,False
3.5117212,793,51.0,282.0,21.113999999999997,116.748,231.0,95.634,231.0,95.634,False,951.56,150.4,215496.8,,,0.75,False,False,False
3.5161496,794,51.0,282.0,21.113999999999997,116.748,231.0,95.634,231.0,95.634,False,955.88,150.0,214773.0,,,0.75,False,False,False
3.520578,795,51.0,282.0,21.113999999999997,116.748,231.0,95.634,231.0,95.634,False,952.34,150.42000000000002,214200.6,,,0.75,False,False,False
3.5250064,796,51.0,282.0,21.113999999999997,116.748,231.0,95.634,231.0,95.634,False,948.74,150.2,214214.4,,,0.75,False,False,False
3.5294348,797,51.0,282.0,21.113999999999997,116.748,231.0,95.634,231.0,95.634,False,946.18,150.0,214187.0,,,0.75,False,False,False
3.5338632,798,51.0,282.0,21.113999999999997,116.748,231.0,95.634,231.0,95.634,False,944.34,149.4,214428.8,,,0.75,False,False,False
3.5382916,799,50.0,282.0,20.7,116.748,232.0,96.048,232.0,96.048,False,949.3800000000002,149.42000000000002,214631.0,,,0.75,False,False,False
3.54272,800,50.0,283.0,20.7,117.162,233.0,96.462,233.0,96.462,False,943.18,149.82000000000002,214703.8,,,0.75,False,False,False
3.5471484,801,50.0,283.0,20.7,117.162,233.0,96.462,233.0,96.462,False,948.12,149.82000000000002,214675.4,,,0.75,False,False,False
3.5515768,802,50.0,283.0,20.7,117.162,233.0,96.462,233.0,96.462,False,949.42,149.64,215009.0,,,0.75,False,False,False
3.5560052,803,50.0,283.0,20.7,117.162,233.0,96.462,233.0,96.462,False,944.34,149.8,214595.8,,,0.75,False,False,False
3.5604336,804,50.0,282.0,20.7,116.748,232.0,96.048,232.0,96.048,False,945.26,149.44,214774.2,,,0.75,False,False,False
3.564862,805,50.0,282.0,20.7,116.748,232.0,96.048,232.0,96.048,False,945.12,149.22,214942.2,,,0.75,False,False,False
3.5692904,806,50.0,282.0,20.7,116.748,232.0,96.048,232.0,96.048,False,942.06,149.6,214739.8,,,0.75,False,False,False
3.5737188,807,50.0,282.0,20.7,116.748,232.0,96.048,232.0,96.048,False,939.76,150.02,214417.8,,,0.75,False,False,False
3.5781472,808,51.0,283.0,21.113999999999997,117.162,232.0,96.048,232.0,96.048,False,946.2000000000002,149.8,214695.6,,,0.75,False,False,False
3.5825755999999997,809,51.0,283.0,21.113999999999997,117.162,232.0,96.048,232.0,96.048,False,944.8,150.6,214664.2,,,0.75,False,False,False
3.587004,810,51.0,283.0,21.113999999999997,117.162,232.0,96.048,232.0,96.048,False,934.54,150.4,214510.4,,,0.75,False,False,False
3.5914324,811,51.0,283.0,21.113999999999997,117.162,232.0,96.048,232.0,96.048,False,937.9600000000002,150.42000000000002,214332.2,,,0.75,False,False,False
3.5958608,812,50.0,283.0,20.7,117.162,233.0,96.462,233.0,96.462,False,932.2,150.0,214015.0,,,0.75,False,False,False
3.6002891999999997,813,50.0,283.0,20.7,117.162,233.0,96.462,233.0,96.462,False,930.56,150.02,213755.6,,,0.75,False,False,False
3.6047176,814,50.0,283.0,20.7,117.162,233.0,96.462,233.0,96.462,False,929.6,149.6,213446.2,,,0.75,False,False,False
3.609146,815,50.0,283.0,20.7,117.162,233.0,96.462,233.0,96.462,False,929.18,149.26,213231.60000000003,,,0.75,False,False,False
3.6135744,816,50.0,283.0,20.7,117.162,233.0,96.462,233.0,96.462,False,919.44,149.82000000000002,213370.2,,,0.75,False,False,False
3.6180028,817,50.0,283.0,20.7,117.162,233.0,96.462,233.0,96.462,False,926.18,151.0,213433.2,,,0.75,False,False,False
3.6224312,818,50.0,283.0,20.7,117.162,233.0,96.462,233.0,96.462,False,927.7600000000002,150.6,213529.2,,,0.75,False,False,False
3.6268596,819,50.0,283.0,20.7,117.162,233.0,96.462,233.0,96.462,False,922.1,150.4,213407.6,,,0.75,False,False,False
3.631288,820,50.0,282.0,20.7,116.748,232.0,96.048,232.0,96.048,False,929.64,150.4,213408.4,,,0.75,False,False,False
3.6357164,821,50.0,282.0,20.7,116.748,232.0,96.048,232.0,96.048,False,928.38,150.42000000000002,213218.2,,,0.75,False,False,False
3.6401448,822,50.0,283.0,20.7,117.162,233.0,96.462,233.0,96.462,False,928.5400000000004,150.2,213082.2,,,0.75,False,False,False
3.6445732,823,50.0,283.0,20.7,117.162,233.0,96.462,233.0,96.462,False,927.9200000000002,150.4,212863.4,,,0.75,False,False,False
3.6490016,824,50.0,283.0,20.7,117.162,233.0,96.462,233.0,96.462,False,933.5200000000002,150.2,212663.0,,,0.75,False,False,False
3.65343,825,50.0,283.0,20.7,117.162,233.0,96.462,233.0,96.462,False,919.78,149.82000000000002,212552.8,,,0.75,False,False,False
3.6578584,826,50.0,283.0,20.7,117.162,233.0,96.462,233.0,96.462,False,919.18,149.82000000000002,212415.6,,,0.75,False,False,False
3.6622868,827,50.0,283.0,20.7,117.162,233.0,96.462,233.0,96.462,False,915.14,150.42000000000002,212275.0,,,0.75,False,False,False
3.6667152,828,50.0,283.0,20.7,117.162,233.0,96.462,233.0,96.462,False,924.56,149.82000000000002,212260.0,,,0.75,False,False,False
3.6711436,829,50.0,283.0,20.7,117.162,233.0,96.462,233.0,96.462,False,923.08,150.62,212373.8,,,0.75,False,False,False
3.675572,830,50.0,283.0,20.7,117.162,233.0,96.462,233.0,96.462,False,915.72,150.82000000000002,212295.8,,,0.75,False,False,False
3.6800004,831,50.0,283.0,20.7,117.162,233.0,96.462,233.0,96.462,False,919.16,150.6,212590.0,,,0.75,False,False,False
3.6844288,832,50.0,283.0,20.7,117.162,233.0,96.462,233.0,96.462,False,917.16,150.2,212707.4,,,0.75,False,False,False
3.6888572,833,50.0,283.0,20.7,117.162,233.0,96.462,233.0,96.462,False,929.9600000000002,149.62,212731.8,,,0.75,False,False,False
3.6932856,834,50.0,283.0,20.7,117.162,233.0,96.462,233.0,96.462,False,920.18,149.6,212655.4,,,0.75,False,False,False
3.697714,835,50.0,283.0,20.7,117.162,233.0,96.462,233.0,96.462,False,929.96,149.6,212805.0,,,0.75,False,False,False
3.7021424,836,50.0,283.0,20.7,117.162,233.0,96.462,233.0,96.462,False,919.48,150.0,212030.0,,,0.75,False,False,False
3.7065708,837,50.0,283.0,20.7,117.162,233.0,96.462,233.0,96.462,False,919.98,150.2,211722.0,,,0.75,False,False,False
3.7109992,838,50.0,283.0,20.7,117.162,233.0,96.462,233.0,96.462,False,915.96,149.8,211184.0,,,0.75,False,False,False
3.7154276,839,50.0,283.0,20.7,117.162,233.0,96.462,233.0,96.462,False,919.4,150.04,211053.6,,,0.75,False,False,False
3.719856,840,51.0,283.0,21.113999999999997,117.162,232.0,96.048,233.0,96.462,True,923.4,150.22,210911.8,,,0.75,False,False,False
3.7242844,841,50.0,283.0,20.7,117.162,233.0,96.462,233.0,96.462,False,919.38,150.02,211130.8,,,0.75,False,False,False
3.7287128,842,50.0,284.0,20.7,117.576,234.0,96.876,234.0,96.876,False,914.66,150.22,211377.0,,,0.75,False,False,False
3.7331412,843,50.0,284.0,20.7,117.576,234.0,96.876,234.0,96.876,False,914.38,150.22,211751.8,,,0.75,False,False,False
3.7375696,844,50.0,283.0,20.7,117.162,233.0,96.462,233.0,96.462,False,918.54,150.4,211798.0,,,0.75,False,False,False
3.741998,845,50.0,283.0,20.7,117.162,233.0,96.462,233.0,96.462,False,922.06,150.6,211855.0,,,0.75,False,False,False
3.7464264,846,50.0,284.0,20.7,117.576,234.0,96.876,234.0,96.876,False,920.48,150.0,212477.60000000003,,,0.75,False,False,False
3.7508548,847,50.0,284.0,20.7,117.576,234.0,96.876,234.0,96.876,False,913.58,150.0,212380.2,,,0.75,False,False,False
3.7552832,848,50.0,284.0,20.7,117.576,234.0,96.876,234.0,96.876,False,918.9400000000004,150.02,212177.8,,,0.75,False,False,False
3.7597116,849,50.0,283.0,20.7,117.162,233.0,96.462,233.0,96.462,False,923.54,149.8,212330.0,,,0.75,False,False,False
3.76414,850,50.0,283.0,20.7,117.162,233.0,96.462,233.0,96.462,False,927.84,149.42000000000002,212453.8,,,0.75,False,False,False
3.7685684,851,51.0,283.0,21.113999999999997,117.162,232.0,96.048,233.0,96.462,True,928.36,150.02,211986.8,,,0.75,False,False,False
3.7729968,852,50.0,283.0,20.7,117.162,233.0,96.462,233.0,96.462,False,925.92,150.23999999999998,212299.2,,,0.75,False,False,False
3.7774252,853,50.0,283.0,20.7,117.162,233.0,96.462,233.0,96.462,False,924.4,150.04,212478.8,,,0.75,False,False,False
3.7818536,854,50.0,283.0,20.7,117.162,233.0,96.462,233.0,96.462,False,919.88,150.42000000000002,212065.2,,,0.75,False,False,False
3.786282,855,50.0,283.0,20.7,117.162,233.0,96.462,233.0,96.462,False,917.46,149.82000000000002,211896.8,,,0.75,False,False,False
3.7907104,856,50.0,283.0,20.7,117.162,233.0,96.462,233.0,96.462,False,916.62,150.0,211539.4,,,0.75,False,False,False
3.7951388,857,51.0,283.0,21.113999999999997,117.162,232.0,96.048,233.0,96.462,True,925.78,149.82000000000002,211288.8,,,0.75,False,False,False
3.7995672,858,50.0,283.0,20.7,117.162,233.0,96.462,233.0,96.462,False,918.7200000000004,149.6,211283.6,,,0.75,False,False,False
3.8039956,859,50.0,283.0,20.7,117.162,233.0,96.462,233.0,96.462,False,919.56,150.4,211306.8,,,0.75,False,False,False
3.808424,860,50.0,283.0,20.7,117.162,233.0,96.462,233.0,96.462,False,926.08,150.02,211088.0,,,0.75,False,False,False
3.8128524,861,50.0,283.0,20.7,117.162,233.0,96.462,233.0,96.462,False,925.0200000000002,150.4,211271.6,,,0.75,False,False,False
3.8172808,862,50.0,283.0,20.7,117.162,233.0,96.462,233.0,96.462,False,914.86,150.0,210800.60000000003,,,0.75,False,False,False
3.8217092,863,50.0,283.0,20.7,117.162,233.0,96.462,233.0,96.462,False,915.22,150.2,210235.4,,,0.75,False,False,False
3.8261376,864,50.0,283.0,20.7,117.162,233.0,96.462,233.0,96.462,False,919.26,150.0,210738.2,,,0.75,False,False,False
3.830566,865,50.0,283.0,20.7,117.162,233.0,96.462,233.0,96.462,False,920.86,149.82000000000002,211063.99999999997,,,0.75,False,False,False
3.8349944,866,50.0,283.0,20.7,117.162,233.0,96.462,233.0,96.462,False,923.3,150.4,211251.0,,,0.75,False,False,False
3.8394228,867,50.0,283.0,20.7,117.162,233.0,96.462,233.0,96.462,False,925.52,150.4,211159.8,,,0.75,False,False,False
3.8438512,868,50.0,283.0,20.7,117.162,233.0,96.462,233.0,96.462,False,914.0,150.62,211546.2,,,0.75,False,False,False
3.8482796,869,50.0,283.0,20.7,117.162,233.0,96.462,233.0,96.462,False,916.9600000000002,150.8,210810.2,,,0.75,False,False,False
3.852708,870,50.0,283.0,20.7,117.162,233.0,96.462,233.0,96.462,False,911.6,151.04,210222.6,,,0.75,False,False,False
3.8571364,871,50.0,283.0,20.7,117.162,233.0,96.462,233.0,96.462,False,912.12,151.0,209501.2,,,0.75,False,False,False
3.8615648,872,51.0,283.0,21.113999999999997,117.162,232.0,96.048,233.0,96.462,True,917.1,150.82000000000002,209669.4,,,0.75,False,False,False
3.8659932,873,50.0,283.0,20.7,117.162,233.0,96.462,233.0,96.462,False,912.24,150.2,209374.8,,,0.75,False,False,False
3.8704216,874,50.0,283.0,20.7,117.162,233.0,96.462,233.0,96.462,False,917.42,150.8,209656.2,,,0.75,False,False,False
3.87485,875,50.0,283.0,20.7,117.162,233.0,96.462,233.0,96.462,False,908.46,150.4,209524.6,,,0.75,False,False,False
3.8792784,876,50.0,283.0,20.7,117.162,233.0,96.462,233.0,96.462,False,914.36,150.44,210017.6,,,0.75,False,False,False
3.8837068,877,50.0,283.0,20.7,117.162,233.0,96.462,233.0,96.462,False,912.7,150.23999999999998,209915.8,,,0.75,False,False,False
3.8881352,878,50.0,283.0,20.7,117.162,233.0,96.462,233.0,96.462,False,915.04,151.42000000000002,209957.6,,,0.75,False,False,False
3.8925636,879,51.0,283.0,21.113999999999997,117.162,232.0,96.048,233.0,96.462,True,916.6,150.8,209632.8,,,0.75,False,False,False
3.896992,880,50.0,283.0,20.7,117.162,233.0,96.462,233.0,96.462,False,915.86,150.4,209793.6,,,0.75,False,False,False
3.9014204,881,50.0,283.0,20.7,117.162,233.0,96.462,233.0,96.462,False,914.54,150.0,210206.8,,,0.75,False,False,False
3.9058488,882,50.0,283.0,20.7,117.162,233.0,96.462,233.0,96.462,False,915.92,150.2,210596.8,,,0.75,False,False,False
3.9102772,883,50.0,283.0,20.7,117.162,233.0,96.462,233.0,96.462,False,916.5,149.82000000000002,210758.2,,,0.75,False,False,False
3.9147056,884,50.0,283.0,20.7,117.162,233.0,96.462,233.0,96.462,False,919.58,149.82000000000002,210872.8,,,0.75,False,False,False
3.919134,885,50.0,283.0,20.7,117.162,233.0,96.462,233.0,96.462,False,918.6,150.62,211061.2,,,0.75,False,False,False
3.9235624,886,50.0,283.0,20.7,117.162,233.0,96.462,233.0,96.462,False,915.48,150.2,210722.2,,,0.75,False,False,False
3.9279908,887,50.0,283.0,20.7,117.162,233.0,96.462,233.0,96.462,False,925.0000000000002,150.22,210604.0,,,0.75,False,False,False
3.9324192,888,50.0,283.0,20.7,117.162,233.0,96.462,233.0,96.462,False,918.06,150.0,210292.0,,,0.75,False,False,False
3.9368476,889,50.0,283.0,20.7,117.162,233.0,96.462,233.0,96.462,False,913.98,150.2,210431.0,,,0.75,False,False,False
3.941276,890,50.0,283.0,20.7,117.162,233.0,96.462,233.0,96.462,False,916.58,150.42000000000002,210048.2,,,0.75,False,False,False
3.9457044,891,50.0,283.0,20.7,117.162,233.0,96.462,233.0,96.462,False,915.28,150.4,209921.2,,,0.75,False,False,False
3.9501328,892,50.0,283.0,20.7,117.162,233.0,96.462,233.0,96.462,False,921.0,150.42000000000002,209914.0,,,0.75,False,False,False
3.9545612,893,50.0,283.0,20.7,117.162,233.0,96.462,233.0,96.462,False,919.0,150.2,209985.0,,,0.75,False,False,False
3.9589896,894,50.0,283.0,20.7,117.162,233.0,96.462,233.0,96.462,False,922.38,150.6,209974.6,,,0.75,False,False,False
3.963418,895,50.0,283.0,20.7,117.162,233.0,96.462,233.0,96.462,False,921.98,150.84,210404.0,,,0.75,False,False,False
3.9678464,896,50.0,283.0,20.7,117.162,233.0,96.462,233.0,96.462,False,926.8800000000002,150.8,210160.2,,,0.75,False,False,False
3.9722748,897,50.0,283.0,20.7,117.162,233.0,96.462,233.0,96.462,False,912.46,150.22,209859.2,,,0.75,False,False,False
3.9767032,898,50.0,283.0,20.7,117.162,233.0,96.462,233.0,96.462,False,911.86,150.2,210000.6,,,0.75,False,False,False
3.9811316,899,50.0,283.0,20.7,117.162,233.0,96.462,233.0,96.462,False,904.94,150.42000000000002,209840.0,,,0.75,False,False,False
3.98556,900,50.0,283.0,20.7,117.162,233.0,96.462,233.0,96.462,False,905.16,150.2,209389.0,,,0.75,False,False,False
3.9899884,901,50.0,283.0,20.7,117.162,233.0,96.462,233.0,96.462,False,907.96,149.8,209676.8,,,0.75,False,False,False
3.9944168,902,50.0,283.0,20.7,117.162,233.0,96.462,233.0,96.462,False,904.78,149.6,209492.6,,,0.75,False,False,False
3.9988452,903,50.0,283.0,20.7,117.162,233.0,96.462,233.0,96.462,False,910.28,149.6,209360.0,,,0.75,False,False,False
4.0032736,904,50.0,283.0,20.7,117.162,233.0,96.462,233.0,96.462,False,912.6800000000002,149.8,209245.0,,,0.75,False,False,False
4.007702,905,50.0,283.0,20.7,117.162,233.0,96.462,233.0,96.462,False,921.0,150.4,209222.4,,,0.75,False,False,False
4.0121304,906,50.0,284.0,20.7,117.576,234.0,96.876,233.0,96.462,True,906.04,149.6,209063.6,,,0.75,False,False,False
4.0165588,907,50.0,283.0,20.7,117.162,233.0,96.462,233.0,96.462,False,916.72,150.02,209102.8,,,0.75,False,False,False
4.0209871999999995,908,50.0,283.0,20.7,117.162,233.0,96.462,233.0,96.462,False,912.28,149.82000000000002,209268.2,,,0.75,False,False,False
4.0254156,909,50.0,283.0,20.7,117.162,233.0,96.462,233.0,96.462,False,908.56,150.0,209499.00000000003,,,0.75,False,False,False
4.029844,910,50.0,283.0,20.7,117.162,233.0,96.462,233.0,96.462,False,908.38,150.62,209788.4,,,0.75,False,False,False
4.0342724,911,50.0,283.0,20.7,117.162,233.0,96.462,233.0,96.462,False,909.98,151.0,209505.2,,,0.75,False,False,False
4.0387008,912,50.0,283.0,20.7,117.162,233.0,96.462,233.0,96.462,False,912.0800000000002,150.6,209455.4,,,0.75,False,False,False
4.0431292,913,50.0,283.0,20.7,117.162,233.0,96.462,233.0,96.462,False,902.58,151.0,209006.8,,,0.75,False,False,False
4.0475576,914,50.0,283.0,20.7,117.162,233.0,96.462,233.0,96.462,False,905.1,150.6,208516.8,,,0.75,False,False,False
4.051986,915,50.0,283.0,20.7,117.162,233.0,96.462,233.0,96.462,False,909.36,150.2,208281.0,,,0.75,False,False,False
4.0564143999999995,916,50.0,283.0,20.7,117.162,233.0,96.462,233.0,96.462,False,911.36,150.4,208469.4,,,0.75,False,False,False
4.0608428,917,50.0,283.0,20.7,117.162,233.0,96.462,233.0,96.462,False,911.9,150.02,208395.0,,,0.75,False,False,False
4.0652712,918,50.0,283.0,20.7,117.162,233.0,96.462,233.0,96.462,False,915.52,150.0,208859.6,,,0.75,False,False,False
4.0696996,919,50.0,284.0,20.7,117.576,234.0,96.876,233.0,96.462,True,913.78,149.8,209021.6,,,0.75,False,False,False
4.074128,920,50.0,283.0,20.7,117.162,233.0,96.462,233.0,96.462,False,909.18,150.2,209284.4,,,0.75,False,False,False
4.0785564,921,50.0,283.0,20.7,117.162,233.0,96.462,233.0,96.462,False,903.86,149.62,209259.8,,,0.75,False,False,False
4.0829848,922,51.0,283.0,21.113999999999997,117.162,232.0,96.048,233.0,96.462,True,905.5,150.6,209275.60000000003,,,0.75,False,False,False
4.0874132,923,50.0,283.0,20.7,117.162,233.0,96.462,233.0,96.462,False,911.72,151.02,209030.60000000003,,,0.75,False,False,False
4.0918415999999995,924,50.0,283.0,20.7,117.162,233.0,96.462,233.0,96.462,False,912.4,150.62,208985.4,,,0.75,False,False,False
4.09627,925,51.0,284.0,21.113999999999997,117.576,233.0,96.462,233.0,96.462,False,908.98,150.6,208964.39999999997,,,0.75,False,False,False
4.1006984,926,51.0,284.0,21.113999999999997,117.576,233.0,96.462,233.0,96.462,False,914.28,150.6,208787.4,,,0.75,False,False,False
4.1051268,927,50.0,284.0,20.7,117.576,234.0,96.876,233.0,96.462,True,909.46,150.8,208513.4,,,0.75,False,False,False
4.1095552,928,51.0,284.0,21.113999999999997,117.576,233.0,96.462,233.0,96.462,False,906.08,150.8,208810.39999999997,,,0.75,False,False,False
4.1139836,929,50.0,283.0,20.7,117.162,233.0,96.462,233.0,96.462,False,910.36,151.0,208558.4,,,0.75,False,False,False
4.118412,930,50.0,283.0,20.7,117.162,233.0,96.462,233.0,96.462,False,907.6,150.42000000000002,208178.4,,,0.75,False,False,False
4.1228404,931,50.0,283.0,20.7,117.162,233.0,96.462,233.0,96.462,False,908.08,150.6,208281.8,,,0.75,False,False,False
4.1272687999999995,932,50.0,283.0,20.7,117.162,233.0,96.462,233.0,96.462,False,911.58,150.8,208578.4,,,0.75,False,False,False
4.1316972,933,50.0,283.0,20.7,117.162,233.0,96.462,233.0,96.462,False,906.8,150.8,208443.2,,,0.75,False,False,False
4.1361256,934,50.0,283.0,20.7,117.162,233.0,96.462,233.0,96.462,False,913.7600000000002,150.4,208786.8,,,0.75,False,False,False
4.140554,935,50.0,283.0,20.7,117.162,233.0,96.462,233.0,96.462,False,912.44,150.2,208735.39999999997,,,0.75,False,False,False
4.1449824,936,50.0,284.0,20.7,117.576,234.0,96.876,234.0,96.876,False,909.34,150.2,208438.4,,,0.75,False,False,False
4.1494108,937,50.0,284.0,20.7,117.576,234.0,96.876,234.0,96.876,False,905.16,149.6,208517.4,,,0.75,False,False,False
4.1538392,938,50.0,284.0,20.7,117.576,234.0,96.876,234.0,96.876,False,902.12,150.2,207896.2,,,0.75,False,False,False
4.1582676,939,50.0,284.0,20.7,117.576,234.0,96.876,234.0,96.876,False,910.58,150.22,208590.8,,,0.75,False,False,False
4.1626959999999995,940,50.0,283.0,20.7,117.162,233.0,96.462,233.0,96.462,False,931.86,150.22,212164.0,,,0.75,False,False,False
4.1671244,941,50.0,283.0,20.7,117.162,233.0,96.462,233.0,96.462,False,972.44,150.0,220564.2,,,0.75,False,False,False
4.1715528,942,50.0,283.0,20.7,117.162,233.0,96.462,233.0,96.462,False,1048.72,150.6,233299.8,,,0.75,False,False,False
4.1759812,943,51.0,283.0,21.113999999999997,117.162,232.0,96.048,232.0,96.048,False,1159.88,150.22,250621.4,,,0.75,False,False,False
4.1804096,944,51.0,282.0,21.113999999999997,116.748,231.0,95.634,231.0,95.634,False,1281.9,150.62,270210.8,,,0.75,False,False,False
4.184838,945,51.0,281.0,21.113999999999997,116.334,230.0,95.22,230.0,95.22,False,1413.36,150.6,291063.6,,,0.75,False,False,False
4.1892664,946,52.0,281.0,21.528,116.334,229.0,94.806,229.0,94.806,False,1495.68,150.84,309859.8,,,0.75,False,False,False
4.1936948,947,52.0,281.0,21.528,116.334,229.0,94.806,229.0,94.806,False,1576.0200000000002,150.6,327276.0,,,0.75,False,False,False
4.1981231999999995,948,52.0,281.0,21.528,116.334,229.0,94.806,229.0,94.806,False,1636.6000000000004,150.6,342683.4,,,0.75,False,False,False
4.2025516,949,51.0,281.0,21.113999999999997,116.334,230.0,95.22,230.0,95.22,False,1684.6,150.2,357031.19999999995,,,0.75,False,False,False
4.20698,950,51.0,281.0,21.113999999999997,116.334,230.0,95.22,230.0,95.22,False,1734.5000000000002,150.64,368702.8000000001,,,0.75,False,False,False
4.2114084,951,50.0,281.0,20.7,116.334,231.0,95.634,231.0,95.634,False,1761.8600000000004,150.82000000000002,379004.1999999999,,,0.75,False,False,False
4.2158368,952,51.0,282.0,21.113999999999997,116.748,231.0,95.634,231.0,95.634,False,1770.92,150.6,387421.6,,,0.75,False,False,False
4.2202652,953,51.0,282.0,21.113999999999997,116.748,231.0,95.634,231.0,95.634,False,1803.92,150.82000000000002,394512.0,,,0.75,False,False,False
4.2246936,954,51.0,282.0,21.113999999999997,116.748,231.0,95.634,231.0,95.634,False,1817.28,151.02,399873.6,,,0.75,False,False,False
4.229122,955,51.0,282.0,21.113999999999997,116.748,231.0,95.634,231.0,95.634,False,1825.54,150.82000000000002,404536.6,,,0.75,False,False,False
4.2335503999999995,956,51.0,282.0,21.113999999999997,116.748,231.0,95.634,231.0,95.634,False,1847.58,151.6,408872.0,,,0.75,False,False,False
4.2379788,957,51.0,282.0,21.113999999999997,116.748,231.0,95.634,231.0,95.634,False,1856.44,151.4,412457.4,,,0.75,False,False,False
4.2424072,958,52.0,282.0,21.528,116.748,230.0,95.22,230.0,95.22,False,1867.28,151.0,415592.6,,,0.75,False,False,False
4.2468356,959,52.0,282.0,21.528,116.748,230.0,95.22,230.0,95.22,False,1876.94,150.82000000000002,418868.6,,,0.75,False,False,False
4.251264,960,52.0,282.0,21.528,116.748,230.0,95.22,230.0,95.22,False,1887.16,150.82000000000002,420953.0,,,0.75,False,False,False
4.2556924,961,53.0,282.0,21.942,116.748,229.0,94.806,229.0,94.806,False,1896.58,150.42000000000002,422867.79999999993,,,0.75,False,False,False
4.2601208,962,53.0,282.0,21.942,116.748,229.0,94.806,229.0,94.806,False,1894.6,150.4,423379.8,,,0.75,False,False,False
4.2645492,963,53.0,281.0,21.942,116.334,228.0,94.392,228.0,94.392,False,1895.38,150.4,423725.0,,,0.75,False,False,False
4.2689775999999995,964,53.0,281.0,21.942,116.334,228.0,94.392,228.0,94.392,False,1907.62,150.6,423897.6,,,0.75,False,False,False
4.273406,965,54.0,281.0,22.356,116.334,227.0,93.978,227.0,93.978,False,1900.7,151.0,423511.4,,,0.75,False,False,False
4.2778344,966,54.0,280.0,22.356,115.92,226.0,93.564,226.0,93.564,False,1911.94,151.2,423431.2,,,0.75,False,False,False
4.2822628,967,54.0,280.0,22.356,115.92,226.0,93.564,226.0,93.564,False,1903.98,151.0,423517.6,,,0.75,False,False,False
4.2866912,968,55.0,280.0,22.77,115.92,225.0,93.15,225.0,93.15,False,1913.18,150.6,423859.4,,,0.75,False,False,False
4.2911196,969,55.0,279.0,22.77,115.506,224.0,92.736,224.0,92.736,False,1914.32,150.0,423647.6,,,0.75,False,False,False
4.295548,970,56.0,279.0,23.183999999999997,115.506,223.0,92.322,223.0,92.322,False,1926.2,150.02,423630.6,,,0.75,False,False,False
4.2999764,971,56.0,279.0,23.183999999999997,115.506,223.0,92.322,223.0,92.322,False,1933.2,149.82000000000002,422948.4,,,0.75,False,False,False
4.3044047999999995,972,56.0,279.0,23.183999999999997,115.506,223.0,92.322,223.0,92.322,False,1941.04,150.02,422795.2,,,0.75,False,False,False
4.3088332,973,57.0,278.0,23.598,115.092,221.0,91.494,221.0,91.494,False,1939.16,150.22,421191.8000000001,,,0.75,False,False,False
4.3132616,974,57.0,278.0,23.598,115.092,221.0,91.494,221.0,91.494,False,1944.34,150.6,419719.8000000001,,,0.75,False,False,False
4.31769,975,57.0,277.0,23.598,114.678,220.0,91.08,220.0,91.08,False,1952.06,150.6,419071.8000000001,,,0.75,False,False,False
4.3221184,976,58.0,277.0,24.012,114.678,219.0,90.666,219.0,90.666,False,1965.6,150.0,417985.0,,,0.75,False,False,False
4.3265468,977,58.0,277.0,24.012,114.678,219.0,90.666,219.0,90.666,False,1970.7,150.0,416480.1999999999,,,0.75,False,False,False
4.3309752,978,58.0,277.0,24.012,114.678,219.0,90.666,219.0,90.666,False,1960.66,150.4,415588.0,,,0.75,False,False,False
4.3354036,979,58.0,276.0,24.012,114.264,218.0,90.252,218.0,90.252,False,1958.36,150.4,415000.2,,,0.75,False,False,False
4.3398319999999995,980,59.0,276.0,24.426,114.264,217.0,89.838,217.0,89.838,False,1951.36,150.42000000000002,414297.0,,,0.75,False,False,False
4.3442604,981,59.0,276.0,24.426,114.264,217.0,89.838,217.0,89.838,False,1958.52,150.6,412835.0,,,0.75,False,False,False
4.3486888,982,59.0,275.0,24.426,113.85,216.0,89.42399999999999,216.0,89.42399999999999,False,1969.96,150.4,412250.8000000001,,,0.75,False,False,False
4.3531172,983,59.0,275.0,24.426,113.85,216.0,89.42399999999999,216.0,89.42399999999999,False,1975.46,150.23999999999998,411704.8,,,0.75,False,False,False
4.3575456,984,59.0,275.0,24.426,113.85,216.0,89.42399999999999,216.0,89.42399999999999,False,1961.82,151.0,410879.2,,,0.75,False,False,False
4.361974,985,60.0,274.0,24.84,113.436,214.0,88.59599999999999,214.0,88.59599999999999,False,1950.14,150.22,409753.6,,,0.75,False,False,False
4.3664024,986,60.0,274.0,24.84,113.436,214.0,88.59599999999999,214.0,88.59599999999999,False,1955.38,150.4,409996.8,,,0.75,False,False,False
4.3708308,987,60.0,274.0,24.84,113.436,214.0,88.59599999999999,214.0,88.59599999999999,False,1962.58,150.22,409816.6,,,0.75,False,False,False
4.3752591999999995,988,60.0,274.0,24.84,113.436,214.0,88.59599999999999,214.0,88.59599999999999,False,1966.44,150.6,410095.4,,,0.75,False,False,False
4.3796876,989,60.0,274.0,24.84,113.436,214.0,88.59599999999999,214.0,88.59599999999999,False,1978.1,150.8,410596.1999999999,,,0.75,False,False,False
4.384116,990,60.0,273.0,24.84,113.022,213.0,88.182,213.0,88.182,False,1979.32,150.82000000000002,411218.8000000001,,,0.75,False,False,False
4.3885444,991,60.0,273.0,24.84,113.022,213.0,88.182,213.0,88.182,False,1975.88,150.84,411710.0,,,0.75,False,False,False
4.3929728,992,61.0,273.0,25.254,113.022,212.0,87.768,212.0,87.768,False,1979.98,150.6,412090.2,,,0.75,False,False,False
4.3974012,993,61.0,273.0,25.254,113.022,212.0,87.768,212.0,87.768,False,1968.88,150.0,412422.0,,,0.75,False,False,False
4.4018296,994,61.0,273.0,25.254,113.022,212.0,87.768,212.0,87.768,False,1984.82,150.22,411955.2,,,0.75,False,False,False
4.406258,995,61.0,272.0,25.254,112.608,211.0,87.354,211.0,87.354,False,1996.34,150.22,412976.8,,,0.75,False,False,False
4.4106863999999995,996,61.0,272.0,25.254,112.608,211.0,87.354,211.0,87.354,False,1986.72,150.02,412489.6,,,0.75,False,False,False
4.4151148,997,61.0,272.0,25.254,112.608,211.0,87.354,211.0,87.354,False,1976.3,150.22,412874.1999999999,,,0.75,False,False,False
4.4195432,998,61.0,272.0,25.254,112.608,211.0,87.354,211.0,87.354,False,1985.46,150.42000000000002,412785.0,,,0.75,False,False,False
4.4239716,999,61.0,271.0,25.254,112.194,210.0,86.94,211.0,87.354,True,1989.94,150.4,413299.2,,,0.75,False,False,False
4.4284,1000,57.0,271.0,23.598,112.194,214.0,88.59599999999999,214.0,88.59599999999999,False,1983.34,150.0,412460.8000000001,,,0.75,False,False,False
4.4328284,1001,57.0,271.0,23.598,112.194,214.0,88.59599999999999,214.0,88.59599999999999,False,1981.08,150.0,412933.4,,,0.75,False,False,False
4.4372568,1002,57.0,271.0,23.598,112.194,214.0,88.59599999999999,214.0,88.59599999999999,False,1994.02,149.6,412602.6,,,0.75,False,False,False
4.4416852,1003,57.0,271.0,23.598,112.194,214.0,88.59599999999999,214.0,88.59599999999999,False,1995.92,149.2,413085.6,,,0.75,False,False,False
4.446113599999999,1004,57.0,271.0,23.598,112.194,214.0,88.59599999999999,214.0,88.59599999999999,False,1991.52,149.8,412903.1999999999,,,0.75,False,False,False
4.450542,1005,57.0,270.0,23.598,111.78,213.0,88.182,213.0,88.182,False,2001.26,149.82000000000002,413266.4,,,0.75,False,False,False
4.4549704,1006,57.0,270.0,23.598,111.78,213.0,88.182,213.0,88.182,False,2017.56,149.44,413595.20000000007,,,0.75,False,False,False
4.4593988,1007,57.0,270.0,23.598,111.78,213.0,88.182,213.0,88.182,False,2006.36,149.4,413928.6,,,0.75,False,False,False
4.4638272,1008,49.0,270.0,20.286,111.78,221.0,91.494,221.0,91.494,False,1994.56,149.62,413297.4,,,0.75,False,False,False
4.4682556,1009,49.0,270.0,20.286,111.78,221.0,91.494,221.0,91.494,False,1997.54,149.8,413026.4,,,0.75,False,False,False
4.472684,1010,49.0,270.0,20.286,111.78,221.0,91.494,221.0,91.494,False,2001.9,150.0,413266.0,,,0.75,False,False,False
4.4771124,1011,49.0,270.0,20.286,111.78,221.0,91.494,221.0,91.494,False,1993.96,149.4,413890.20000000007,,,0.75,False,False,False
4.481540799999999,1012,49.0,270.0,20.286,111.78,221.0,91.494,221.0,91.494,False,2002.5,149.22,413425.8,,,0.75,False,False,False
4.4859691999999995,1013,50.0,269.0,20.7,111.366,219.0,90.666,219.0,90.666,False,2016.78,149.6,413724.1999999999,,,0.75,False,False,False
4.4903976,1014,50.0,269.0,20.7,111.366,219.0,90.666,219.0,90.666,False,2021.4200000000003,149.2,414501.4,,,0.75,False,False,False
4.494826,1015,50.0,269.0,20.7,111.366,219.0,90.666,219.0,90.666,False,2023.4,149.2,414347.6000000001,,,0.75,False,False,False
4.4992544,1016,50.0,269.0,20.7,111.366,219.0,90.666,219.0,90.666,False,2006.64,149.8,412754.2,,,0.75,False,False,False
4.5036828,1017,50.0,269.0,20.7,111.366,219.0,90.666,219.0,90.666,False,2005.48,150.0,412323.8,,,0.75,False,False,False
4.5081112,1018,50.0,269.0,20.7,111.366,219.0,90.666,219.0,90.666,False,1993.76,150.0,411881.8,,,0.75,False,False,False
4.5125396,1019,50.0,269.0,20.7,111.366,219.0,90.666,219.0,90.666,False,1999.14,150.2,411495.4,,,0.75,False,False,False
4.516967999999999,1020,50.0,269.0,20.7,111.366,219.0,90.666,219.0,90.666,False,2000.6400000000003,150.0,410722.1999999999,,,0.75,False,False,False
4.5213963999999995,1021,50.0,268.0,20.7,110.952,218.0,90.252,218.0,90.252,False,2005.88,149.8,410935.6,,,0.75,False,False,False
4.5258248,1022,50.0,268.0,20.7,110.952,218.0,90.252,218.0,90.252,False,2014.6000000000004,150.2,411284.1999999999,,,0.75,False,False,False
4.5302532,1023,50.0,268.0,20.7,110.952,218.0,90.252,218.0,90.252,False,2026.34,150.4,411047.4,,,0.75,False,False,False
4.5346816,1024,50.0,268.0,20.7,110.952,218.0,90.252,218.0,90.252,False,2028.1,149.6,410457.0,,,0.75,False,False,False
4.53911,1025,50.0,268.0,20.7,110.952,218.0,90.252,218.0,90.252,False,2025.6,150.02,410662.6,,,0.75,False,False,False
4.5435384,1026,50.0,268.0,20.7,110.952,218.0,90.252,218.0,90.252,False,2021.74,150.2,409996.6,,,0.75,False,False,False
4.5479668,1027,50.0,268.0,20.7,110.952,218.0,90.252,218.0,90.252,False,2010.2000000000005,150.0,409793.79999999993,,,0.75,False,False,False
4.5523952,1028,50.0,268.0,20.7,110.952,218.0,90.252,218.0,90.252,False,2018.26,150.0,409965.0,,,0.75,False,False,False
4.5568235999999995,1029,50.0,267.0,20.7,110.538,217.0,89.838,217.0,89.838,False,2034.9,150.0,410446.8000000001,,,0.75,False,False,False
4.561252,1030,50.0,267.0,20.7,110.538,217.0,89.838,217.0,89.838,False,2030.52,149.82000000000002,409939.1999999999,,,0.75,False,False,False
4.5656804,1031,50.0,267.0,20.7,110.538,217.0,89.838,217.0,89.838,False,2030.0,149.8,410397.2,,,0.75,False,False,False
4.5701088,1032,50.0,267.0,20.7,110.538,217.0,89.838,217.0,89.838,False,2040.98,150.0,409724.8,,,0.75,False,False,False
4.5745372,1033,50.0,267.0,20.7,110.538,217.0,89.838,217.0,89.838,False,2030.74,150.0,408623.2,,,0.75,False,False,False
4.5789656,1034,50.0,267.0,20.7,110.538,217.0,89.838,217.0,89.838,False,2036.4,149.62,408475.6,,,0.75,False,False,False
4.583394,1035,50.0,267.0,20.7,110.538,217.0,89.838,217.0,89.838,False,2037.74,150.02,408026.4,,,0.75,False,False,False
4.5878224,1036,50.0,267.0,20.7,110.538,217.0,89.838,217.0,89.838,False,2033.02,149.8,407362.2,,,0.75,False,False,False
4.5922507999999995,1037,50.0,266.0,20.7,110.124,216.0,89.42399999999999,216.0,89.42399999999999,False,2027.46,149.82000000000002,407382.99999999994,,,0.75,False,False,False
4.5966792,1038,50.0,266.0,20.7,110.124,216.0,89.42399999999999,216.0,89.42399999999999,False,2024.26,150.0,407568.8,,,0.75,False,False,False
4.6011076,1039,50.0,266.0,20.7,110.124,216.0,89.42399999999999,216.0,89.42399999999999,False,2007.56,149.6,406891.0,,,0.75,False,False,False
4.605536,1040,50.0,266.0,20.7,110.124,216.0,89.42399999999999,216.0,89.42399999999999,False,2018.54,150.2,406614.2,,,0.75,False,False,False
4.6099644,1041,50.0,266.0,20.7,110.124,216.0,89.42399999999999,216.0,89.42399999999999,False,2017.7200000000005,149.82000000000002,405916.4,,,0.75,False,False,False
4.6143928,1042,50.0,266.0,20.7,110.124,216.0,89.42399999999999,216.0,89.42399999999999,False,2011.2,150.22,405199.1999999999,,,0.75,False,False,False
4.6188212,1043,51.0,266.0,21.113999999999997,110.124,215.0,89.00999999999999,215.0,89.00999999999999,False,1996.0,149.8,403821.8000000001,,,0.75,False,False,False
4.6232496,1044,51.0,266.0,21.113999999999997,110.124,215.0,89.00999999999999,215.0,89.00999999999999,False,2005.54,149.82000000000002,402390.6,,,0.75,False,False,False
4.6276779999999995,1045,51.0,266.0,21.113999999999997,110.124,215.0,89.00999999999999,215.0,89.00999999999999,False,1998.0200000000004,149.6,400593.2,,,0.75,False,False,False
4.6321064,1046,51.0,266.0,21.113999999999997,110.124,215.0,89.00999999999999,215.0,89.00999999999999,False,2000.78,150.0,400530.4,,,0.75,False,False,False
4.6365348,1047,51.0,266.0,21.113999999999997,110.124,215.0,89.00999999999999,215.0,89.00999999999999,False,2010.6,149.8,400407.6,,,0.75,False,False,False
4.6409632,1048,51.0,266.0,21.113999999999997,110.124,215.0,89.00999999999999,215.0,89.00999999999999,False,1999.24,149.8,399967.6,,,0.75,False,False,False
4.6453916,1049,51.0,266.0,21.113999999999997,110.124,215.0,89.00999999999999,215.0,89.00999999999999,False,1985.86,149.2,399947.1999999999,,,0.75,False,False,False
4.64982,1050,51.0,266.0,21.113999999999997,110.124,215.0,89.00999999999999,215.0,89.00999999999999,False,1982.98,149.4,399620.0,,,0.75,False,False,False
4.6542484,1051,51.0,266.0,21.113999999999997,110.124,215.0,89.00999999999999,215.0,89.00999999999999,False,1982.3,149.6,398726.6,,,0.75,False,False,False
4.6586768,1052,51.0,265.0,21.113999999999997,109.71,214.0,88.59599999999999,214.0,88.59599999999999,False,1973.24,149.42000000000002,397482.0,,,0.75,False,False,False
4.6631051999999995,1053,51.0,265.0,21.113999999999997,109.71,214.0,88.59599999999999,214.0,88.59599999999999,False,1974.32,149.42000000000002,397526.0,,,0.75,False,False,False
4.6675336,1054,51.0,265.0,21.113999999999997,109.71,214.0,88.59599999999999,214.0,88.59599999999999,False,1972.0,149.8,396458.6,,,0.75,False,False,False
4.671962,1055,51.0,265.0,21.113999999999997,109.71,214.0,88.59599999999999,214.0,88.59599999999999,False,1967.52,149.42000000000002,396228.8,,,0.75,False,False,False
4.6763904,1056,51.0,265.0,21.113999999999997,109.71,214.0,88.59599999999999,214.0,88.59599999999999,False,1968.8400000000004,149.6,395148.4,,,0.75,False,False,False
4.6808188,1057,51.0,265.0,21.113999999999997,109.71,214.0,88.59599999999999,214.0,88.59599999999999,False,1963.64,149.42000000000002,393737.8,,,0.75,False,False,False
4.6852472,1058,51.0,265.0,21.113999999999997,109.71,214.0,88.59599999999999,214.0,88.59599999999999,False,1946.92,149.44,392070.6,,,0.75,False,False,False
4.6896756,1059,51.0,265.0,21.113999999999997,109.71,214.0,88.59599999999999,214.0,88.59599999999999,False,1934.1600000000003,149.6,390958.8000000001,,,0.75,False,False,False
4.694104,1060,51.0,265.0,21.113999999999997,109.71,214.0,88.59599999999999,214.0,88.59599999999999,False,1932.52,149.6,389968.20000000007,,,0.75,False,False,False
4.6985323999999995,1061,51.0,265.0,21.113999999999997,109.71,214.0,88.59599999999999,214.0,88.59599999999999,False,1945.5,149.8,389210.4,,,0.75,False,False,False
4.7029608,1062,51.0,265.0,21.113999999999997,109.71,214.0,88.59599999999999,214.0,88.59599999999999,False,1946.56,150.2,388779.1999999999,,,0.75,False,False,False
4.7073892,1063,51.0,265.0,21.113999999999997,109.71,214.0,88.59599999999999,214.0,88.59599999999999,False,1947.3600000000004,150.2,387943.79999999993,,,0.75,False,False,False
4.7118176,1064,51.0,265.0,21.113999999999997,109.71,214.0,88.59599999999999,214.0,88.59599999999999,False,1936.58,149.8,387546.8,,,0.75,False,False,False
4.716246,1065,51.0,265.0,21.113999999999997,109.71,214.0,88.59599999999999,214.0,88.59599999999999,False,1929.2000000000005,150.0,386060.4,,,0.75,False,False,False
4.7206744,1066,51.0,265.0,21.113999999999997,109.71,214.0,88.59599999999999,214.0,88.59599999999999,False,1915.2200000000005,149.8,384188.6,,,0.75,False,False,False
4.7251028,1067,51.0,265.0,21.113999999999997,109.71,214.0,88.59599999999999,214.0,88.59599999999999,False,1905.7,149.2,382683.8000000001,,,0.75,False,False,False
4.7295312,1068,51.0,265.0,21.113999999999997,109.71,214.0,88.59599999999999,214.0,88.59599999999999,False,1916.9800000000005,149.8,381821.6,,,0.75,False,False,False
4.7339595999999995,1069,51.0,264.0,21.113999999999997,109.296,213.0,88.182,213.0,88.182,False,1896.14,149.0,379921.0,,,0.75,False,False,False
4.738388,1070,51.0,264.0,21.113999999999997,109.296,213.0,88.182,213.0,88.182,False,1905.88,149.0,378664.0,,,0.75,False,False,False
4.7428164,1071,51.0,264.0,21.113999999999997,109.296,213.0,88.182,213.0,88.182,False,1896.74,149.6,378034.20000000007,,,0.75,False,False,False
4.7472448,1072,51.0,264.0,21.113999999999997,109.296,213.0,88.182,213.0,88.182,False,1895.52,149.8,377191.8000000001,,,0.75,False,False,False
4.7516732,1073,51.0,264.0,21.113999999999997,109.296,213.0,88.182,213.0,88.182,False,1872.44,150.2,375700.4,,,0.75,False,False,False
4.7561016,1074,51.0,264.0,21.113999999999997,109.296,213.0,88.182,213.0,88.182,False,1855.08,149.8,374343.2,,,0.75,False,False,False
4.76053,1075,51.0,264.0,21.113999999999997,109.296,213.0,88.182,213.0,88.182,False,1850.14,149.8,373539.4,,,0.75,False,False,False
4.7649584,1076,51.0,264.0,21.113999999999997,109.296,213.0,88.182,213.0,88.182,False,1835.8,149.42000000000002,371833.1999999999,,,0.75,False,False,False
4.7693867999999995,1077,51.0,264.0,21.113999999999997,109.296,213.0,88.182,213.0,88.182,False,1834.76,149.4,370185.2,,,0.75,False,False,False
4.7738152,1078,51.0,264.0,21.113999999999997,109.296,213.0,88.182,213.0,88.182,False,1826.38,149.42000000000002,368567.6,,,0.75,False,False,False
4.7782436,1079,51.0,264.0,21.113999999999997,109.296,213.0,88.182,213.0,88.182,False,1817.6,149.2,367346.6000000001,,,0.75,False,False,False
4.782672,1080,51.0,264.0,21.113999999999997,109.296,213.0,88.182,213.0,88.182,False,1806.48,149.0,365378.6,,,0.75,False,False,False
4.7871004,1081,51.0,264.0,21.113999999999997,109.296,213.0,88.182,213.0,88.182,False,1801.74,149.4,364107.79999999993,,,0.75,False,False,False
4.7915288,1082,51.0,264.0,21.113999999999997,109.296,213.0,88.182,213.0,88.182,False,1791.7,149.4,362659.79999999993,,,0.75,False,False,False
4.7959572,1083,51.0,264.0,21.113999999999997,109.296,213.0,88.182,213.0,88.182,False,1800.84,149.2,361498.4,,,0.75,False,False,False
4.8003856,1084,51.0,264.0,21.113999999999997,109.296,213.0,88.182,213.0,88.182,False,1799.62,149.2,359818.4,,,0.75,False,False,False
4.8048139999999995,1085,51.0,264.0,21.113999999999997,109.296,213.0,88.182,213.0,88.182,False,1788.96,149.0,358909.79999999993,,,0.75,False,False,False
4.8092424,1086,51.0,264.0,21.113999999999997,109.296,213.0,88.182,213.0,88.182,False,1773.88,149.6,357150.60000000003,,,0.75,False,False,False
4.8136708,1087,51.0,263.0,21.113999999999997,108.882,212.0,87.768,213.0,88.182,True,1781.18,149.2,355498.4,,,0.75,False,False,False
4.8180992,1088,51.0,264.0,21.113999999999997,109.296,213.0,88.182,213.0,88.182,False,1763.58,149.4,353415.4,,,0.75,False,False,False
4.8225276,1089,51.0,264.0,21.113999999999997,109.296,213.0,88.182,213.0,88.182,False,1749.88,149.4,351285.19999999995,,,0.75,False,False,False
4.826956,1090,51.0,264.0,21.113999999999997,109.296,213.0,88.182,213.0,88.182,False,1731.4400000000005,149.8,349172.0,,,0.75,False,False,False
4.8313844,1091,51.0,264.0,21.113999999999997,109.296,213.0,88.182,213.0,88.182,False,1713.6,149.4,347577.60000000003,,,0.75,False,False,False
4.8358128,1092,51.0,264.0,21.113999999999997,109.296,213.0,88.182,213.0,88.182,False,1707.74,149.02,345451.6,,,0.75,False,False,False
4.8402411999999995,1093,51.0,264.0,21.113999999999997,109.296,213.0,88.182,213.0,88.182,False,1708.92,149.6,343847.0,,,0.75,False,False,False
4.8446696,1094,51.0,264.0,21.113999999999997,109.296,213.0,88.182,213.0,88.182,False,1712.0000000000005,149.42000000000002,342615.80000000005,,,0.75,False,False,False
4.849098,1095,52.0,264.0,21.528,109.296,212.0,87.768,212.0,87.768,False,1688.74,149.62,340836.0,,,0.75,False,False,False
4.8535264,1096,52.0,264.0,21.528,109.296,212.0,87.768,212.0,87.768,False,1673.96,149.6,339043.4,,,0.75,False,False,False
4.8579548,1097,52.0,264.0,21.528,109.296,212.0,87.768,212.0,87.768,False,1672.9,149.42000000000002,337444.19999999995,,,0.75,False,False,False
4.8623832,1098,52.0,264.0,21.528,109.296,212.0,87.768,212.0,87.768,False,1675.9800000000002,149.4,335865.0,,,0.75,False,False,False
4.8668116,1099,52.0,264.0,21.528,109.296,212.0,87.768,212.0,87.768,False,1658.76,149.42000000000002,333435.2,,,0.75,False,False,False
4.87124,1100,51.0,264.0,21.113999999999997,109.296,213.0,88.182,212.0,87.768,True,1635.0800000000002,149.8,331431.19999999995,,,0.75,False,False,False
4.8756683999999995,1101,52.0,264.0,21.528,109.296,212.0,87.768,212.0,87.768,False,1618.74,149.82000000000002,329358.2,,,0.75,False,False,False
4.8800968,1102,52.0,264.0,21.528,109.296,212.0,87.768,212.0,87.768,False,1613.74,150.2,327428.39999999997,,,0.75,False,False,False
4.8845252,1103,52.0,264.0,21.528,109.296,212.0,87.768,212.0,87.768,False,1595.58,149.8,324724.6,,,0.75,False,False,False
4.8889536,1104,52.0,264.0,21.528,109.296,212.0,87.768,212.0,87.768,False,1591.68,149.82000000000002,322844.8,,,0.75,False,False,False
4.893382,1105,52.0,264.0,21.528,109.296,212.0,87.768,212.0,87.768,False,1578.42,149.6,321088.2,,,0.75,False,False,False
4.8978104,1106,52.0,264.0,21.528,109.296,212.0,87.768,212.0,87.768,False,1575.1,149.6,318551.0,,,0.75,False,False,False
4.9022388,1107,52.0,264.0,21.528,109.296,212.0,87.768,212.0,87.768,False,1561.42,148.4,316505.19999999995,,,0.75,False,False,False
4.9066672,1108,52.0,264.0,21.528,109.296,212.0,87.768,212.0,87.768,False,1556.3200000000002,148.8,315147.2,,,0.75,False,False,False
4.9110955999999995,1109,52.0,264.0,21.528,109.296,212.0,87.768,212.0,87.768,False,1547.46,148.44,312999.80000000005,,,0.75,False,False,False
4.915524,1110,52.0,264.0,21.528,109.296,212.0,87.768,212.0,87.768,False,1537.4600000000005,148.82000000000002,311088.4,,,0.75,False,False,False
4.9199524,1111,52.0,264.0,21.528,109.296,212.0,87.768,212.0,87.768,False,1533.9800000000002,149.0,309355.0,,,0.75,False,False,False
4.9243808,1112,52.0,264.0,21.528,109.296,212.0,87.768,212.0,87.768,False,1525.3200000000002,149.8,307402.60000000003,,,0.75,False,False,False
4.9288092,1113,52.0,264.0,21.528,109.296,212.0,87.768,212.0,87.768,False,1517.96,149.4,305422.8,,,0.75,False,False,False
4.9332376,1114,52.0,264.0,21.528,109.296,212.0,87.768,212.0,87.768,False,1507.2,149.6,303499.8,,,0.75,False,False,False
4.937666,1115,52.0,264.0,21.528,109.296,212.0,87.768,212.0,87.768,False,1499.6200000000003,149.8,301216.6,,,0.75,False,False,False
4.9420944,1116,52.0,264.0,21.528,109.296,212.0,87.768,212.0,87.768,False,1496.5200000000002,149.2,299242.4,,,0.75,False,False,False
4.946522799999999,1117,52.0,264.0,21.528,109.296,212.0,87.768,212.0,87.768,False,1491.16,149.8,297476.2,,,0.75,False,False,False
4.9509512,1118,52.0,264.0,21.528,109.296,212.0,87.768,212.0,87.768,False,1473.9,149.8,295029.6,,,0.75,False,False,False
4.9553796,1119,52.0,264.0,21.528,109.296,212.0,87.768,212.0,87.768,False,1454.9000000000003,149.8,292975.6,,,0.75,False,False,False
4.959808,1120,52.0,264.0,21.528,109.296,212.0,87.768,212.0,87.768,False,1440.98,150.02,291159.8,,,0.75,False,False,False
4.9642364,1121,52.0,264.0,21.528,109.296,212.0,87.768,212.0,87.768,False,1427.62,150.0,289187.0,,,0.75,False,False,False
4.9686648,1122,52.0,264.0,21.528,109.296,212.0,87.768,212.0,87.768,False,1416.6800000000003,149.42000000000002,286773.0,,,0.75,False,False,False
4.9730932,1123,52.0,265.0,21.528,109.71,213.0,88.182,212.0,87.768,True,1396.96,149.4,284647.6,,,0.75,False,False,False
4.9775216,1124,52.0,264.0,21.528,109.296,212.0,87.768,212.0,87.768,False,1394.0,149.0,282727.80000000005,,,0.75,False,False,False
4.981949999999999,1125,52.0,264.0,21.528,109.296,212.0,87.768,212.0,87.768,False,1377.58,149.0,280444.8,,,0.75,False,False,False
4.9863783999999995,1126,52.0,264.0,21.528,109.296,212.0,87.768,212.0,87.768,False,1358.92,148.62,278337.19999999995,,,0.75,False,False,False
4.9908068,1127,52.0,264.0,21.528,109.296,212.0,87.768,212.0,87.768,False,1346.0200000000002,149.42000000000002,276253.19999999995,,,0.75,False,False,False
4.9952352,1128,52.0,265.0,21.528,109.71,213.0,88.182,213.0,88.182,False,1347.3800000000003,149.4,274674.0,,,0.75,False,False,False
4.9996636,1129,52.0,265.0,21.528,109.71,213.0,88.182,213.0,88.182,False,1333.12,149.62,272881.8,,,0.75,False,False,False
5.004092,1130,52.0,265.0,21.528,109.71,213.0,88.182,213.0,88.182,False,1306.5,149.4,270959.6,,,0.75,False,False,False
5.0085204,1131,52.0,265.0,21.528,109.71,213.0,88.182,213.0,88.182,False,1289.6,149.42000000000002,269108.6,,,0.75,False,False,False
5.0129488,1132,52.0,265.0,21.528,109.71,213.0,88.182,213.0,88.182,False,1272.1,149.6,267121.4,,,0.75,False,False,False
5.017377199999999,1133,51.0,265.0,21.113999999999997,109.71,214.0,88.59599999999999,214.0,88.59599999999999,False,1259.7,149.0,265453.6,,,0.75,False,False,False
5.0218055999999995,1134,51.0,265.0,21.113999999999997,109.71,214.0,88.59599999999999,214.0,88.59599999999999,False,1246.88,148.82000000000002,263553.4,,,0.75,False,False,False
5.026234,1135,51.0,265.0,21.113999999999997,109.71,214.0,88.59599999999999,214.0,88.59599999999999,False,1254.3,148.62,261608.4,,,0.75,False,False,False
5.0306624,1136,51.0,265.0,21.113999999999997,109.71,214.0,88.59599999999999,214.0,88.59599999999999,False,1247.86,149.2,260342.4,,,0.75,False,False,False
5.0350908,1137,51.0,265.0,21.113999999999997,109.71,214.0,88.59599999999999,214.0,88.59599999999999,False,1234.6,149.0,258938.6,,,0.75,False,False,False
5.0395192,1138,51.0,265.0,21.113999999999997,109.71,214.0,88.59599999999999,214.0,88.59599999999999,False,1224.6400000000003,149.0,257214.00000000003,,,0.75,False,False,False
5.0439476,1139,51.0,265.0,21.113999999999997,109.71,214.0,88.59599999999999,214.0,88.59599999999999,False,1212.88,149.0,255563.8,,,0.75,False,False,False
5.048376,1140,51.0,265.0,21.113999999999997,109.71,214.0,88.59599999999999,214.0,88.59599999999999,False,1207.48,149.02,254609.60000000003,,,0.75,False,False,False
5.052804399999999,1141,51.0,265.0,21.113999999999997,109.71,214.0,88.59599999999999,214.0,88.59599999999999,False,1215.2000000000005,149.4,253246.8,,,0.75,False,False,False
5.0572327999999995,1142,51.0,265.0,21.113999999999997,109.71,214.0,88.59599999999999,214.0,88.59599999999999,False,1214.0,149.4,252499.4,,,0.75,False,False,False
5.0616612,1143,51.0,265.0,21.113999999999997,109.71,214.0,88.59599999999999,214.0,88.59599999999999,False,1198.64,149.4,251408.2,,,0.75,False,False,False
5.0660896,1144,51.0,265.0,21.113999999999997,109.71,214.0,88.59599999999999,214.0,88.59599999999999,False,1189.0,149.23999999999998,250908.60000000003,,,0.75,False,False,False
5.070518,1145,50.0,265.0,20.7,109.71,215.0,89.00999999999999,215.0,89.00999999999999,False,1177.22,149.2,250738.8,,,0.75,False,False,False
5.0749464,1146,50.0,265.0,20.7,109.71,215.0,89.00999999999999,215.0,89.00999999999999,False,1169.8000000000002,149.2,249678.0,,,0.75,False,False,False
5.0793748,1147,50.0,266.0,20.7,110.124,216.0,89.42399999999999,216.0,89.42399999999999,False,1178.0600000000002,149.42000000000002,249393.6,,,0.75,False,False,False
5.0838032,1148,50.0,266.0,20.7,110.124,216.0,89.42399999999999,216.0,89.42399999999999,False,1172.44,149.4,248935.2,,,0.75,False,False,False
5.088231599999999,1149,50.0,266.0,20.7,110.124,216.0,89.42399999999999,216.0,89.42399999999999,False,1172.56,149.4,248595.6,,,0.75,False,False,False
5.0926599999999995,1150,50.0,266.0,20.7,110.124,216.0,89.42399999999999,216.0,89.42399999999999,False,1172.7,149.42000000000002,247604.8,,,0.75,False,False,False
5.0970884,1151,49.0,266.0,20.286,110.124,217.0,89.838,217.0,89.838,False,1186.34,149.2,247914.4,,,0.75,False,False,False
5.1015168,1152,49.0,266.0,20.286,110.124,217.0,89.838,217.0,89.838,False,1179.1800000000003,148.82000000000002,246806.6,,,0.75,False,False,False
5.1059452,1153,49.0,266.0,20.286,110.124,217.0,89.838,217.0,89.838,False,1174.0000000000002,148.82000000000002,246253.6,,,0.75,False,False,False
5.1103736,1154,48.0,266.0,19.872,110.124,218.0,90.252,218.0,90.252,False,1173.8000000000002,149.2,245412.8,,,0.75,False,False,False
5.114802,1155,48.0,266.0,19.872,110.124,218.0,90.252,218.0,90.252,False,1177.9400000000005,149.42000000000002,244826.60000000003,,,0.75,False,False,False
5.1192304,1156,48.0,267.0,19.872,110.538,219.0,90.666,219.0,90.666,False,1167.7600000000002,149.42000000000002,243999.6,,,0.75,False,False,False
5.1236588,1157,47.0,267.0,19.458,110.538,220.0,91.08,219.0,90.666,True,1158.42,149.6,243619.0,,,0.75,False,False,False
5.1280871999999995,1158,47.0,266.0,19.458,110.124,219.0,90.666,219.0,90.666,False,1185.9000000000008,149.6,243451.2,,,0.75,False,False,False
5.1325156,1159,47.0,266.0,19.458,110.124,219.0,90.666,219.0,90.666,False,1178.0,149.6,243110.4,,,0.75,False,False,False
5.136944,1160,46.0,266.0,19.044,110.124,220.0,91.08,220.0,91.08,False,1165.4400000000005,149.23999999999998,242028.2,,,0.75,False,False,False
5.1413724,1161,46.0,266.0,19.044,110.124,220.0,91.08,220.0,91.08,False,1164.94,148.6,241391.6,,,0.75,False,False,False
5.1458008,1162,46.0,265.0,19.044,109.71,219.0,90.666,220.0,91.08,True,1149.36,149.02,240422.0,,,0.75,False,False,False
5.1502292,1163,46.0,266.0,19.044,110.124,220.0,91.08,220.0,91.08,False,1153.2600000000002,148.82000000000002,239034.2,,,0.75,False,False,False
5.1546576,1164,45.0,265.0,18.63,109.71,220.0,91.08,220.0,91.08,False,1141.34,149.0,238214.4,,,0.75,False,False,False
5.159086,1165,45.0,260.0,18.63,107.64,215.0,89.00999999999999,216.0,89.42399999999999,True,1146.36,149.6,237983.2,,,0.75,False,False,False
5.1635143999999995,1166,45.0,261.0,18.63,108.054,216.0,89.42399999999999,215.0,89.00999999999999,True,1138.76,149.6,236998.0,,,0.75,False,False,False
5.1679428,1167,45.0,260.0,18.63,107.64,215.0,89.00999999999999,215.0,89.00999999999999,False,1135.36,149.4,236509.4,,,0.75,False,False,False
5.1723712,1168,45.0,260.0,18.63,107.64,215.0,89.00999999999999,215.0,89.00999999999999,False,1129.96,149.02,236099.4,,,0.75,False,False,False
5.1767996,1169,44.0,261.0,18.216,108.054,217.0,89.838,215.0,89.00999999999999,True,1124.76,149.02,235622.00000000003,,,0.75,False,False,False
5.181228,1170,44.0,258.0,18.216,106.812,214.0,88.59599999999999,215.0,89.00999999999999,True,1115.56,148.8,234721.4,,,0.75,False,False,False
5.1856564,1171,43.0,258.0,17.802,106.812,215.0,89.00999999999999,215.0,89.00999999999999,False,1118.5400000000002,149.42000000000002,234672.4,,,0.75,False,False,False
5.1900848,1172,43.0,258.0,17.802,106.812,215.0,89.00999999999999,215.0,89.00999999999999,False,1110.42,149.8,233965.4,,,0.75,False,False,False
5.1945132,1173,43.0,258.0,17.802,106.812,215.0,89.00999999999999,215.0,89.00999999999999,False,1103.42,149.6,233448.4,,,0.75,False,False,False
5.1989415999999995,1174,43.0,257.0,17.802,106.398,214.0,88.59599999999999,214.0,88.59599999999999,False,1111.42,149.8,232922.8,,,0.75,False,False,False
5.20337,1175,43.0,255.0,17.802,105.57,212.0,87.768,214.0,88.59599999999999,True,1103.34,150.0,232851.4,,,0.75,False,False,False
5.2077984,1176,42.0,257.0,17.387999999999998,106.398,215.0,89.00999999999999,215.0,89.00999999999999,False,1101.16,149.8,231548.2,,,0.75,False,False,False
5.2122268,1177,42.0,260.0,17.387999999999998,107.64,218.0,90.252,215.0,89.00999999999999,True,1083.54,149.8,231107.39999999997,,,0.75,False,False,False
5.2166552,1178,42.0,257.0,17.387999999999998,106.398,215.0,89.00999999999999,215.0,89.00999999999999,False,1082.62,149.4,230644.0,,,0.75,False,False,False
5.2210836,1179,42.0,256.0,17.387999999999998,105.984,214.0,88.59599999999999,215.0,89.00999999999999,True,1090.78,149.2,230153.8,,,0.75,False,False,False
5.225512,1180,42.0,257.0,17.387999999999998,106.398,215.0,89.00999999999999,215.0,89.00999999999999,False,1084.54,149.42000000000002,229463.8,,,0.75,False,False,False
5.2299404,1181,42.0,262.0,17.387999999999998,108.468,220.0,91.08,220.0,91.08,False,1084.76,149.4,229646.6,,,0.75,False,False,False
5.2343687999999995,1182,42.0,262.0,17.387999999999998,108.468,220.0,91.08,220.0,91.08,False,1085.72,149.6,229733.8,,,0.75,False,False,False
5.2387972,1183,41.0,262.0,16.974,108.468,221.0,91.494,221.0,91.494,False,1074.14,149.8,228851.8,,,0.75,False,False,False
5.2432256,1184,41.0,262.0,16.974,108.468,221.0,91.494,221.0,91.494,False,1069.62,149.8,228435.6,,,0.75,False,False,False
5.247654,1185,41.0,262.0,16.974,108.468,221.0,91.494,221.0,91.494,False,1077.2000000000005,149.6,228096.4,,,0.75,False,False,False
5.2520824,1186,41.0,260.0,16.974,107.64,219.0,90.666,219.0,90.666,False,1061.7600000000002,149.62,227376.0,,,0.75,False,False,False
5.2565108,1187,42.0,260.0,17.387999999999998,107.64,218.0,90.252,218.0,90.252,False,1056.58,149.42000000000002,226784.6,,,0.75,False,False,False
5.2609392,1188,42.0,260.0,17.387999999999998,107.64,218.0,90.252,218.0,90.252,False,1055.66,149.4,226880.8,,,0.75,False,False,False
5.2653676,1189,41.0,260.0,16.974,107.64,219.0,90.666,219.0,90.666,False,1051.5400000000002,149.4,226440.0,,,0.75,False,False,False
5.2697959999999995,1190,41.0,260.0,16.974,107.64,219.0,90.666,219.0,90.666,False,1049.62,149.62,226290.4,,,0.75,False,False,False
5.2742244,1191,41.0,259.0,16.974,107.226,218.0,90.252,218.0,90.252,False,1056.14,150.02,225992.6,,,0.75,False,False,False
5.2786528,1192,41.0,259.0,16.974,107.226,218.0,90.252,218.0,90.252,False,1043.52,150.6,225339.0,,,0.75,False,False,False
5.2830812,1193,41.0,259.0,16.974,107.226,218.0,90.252,218.0,90.252,False,1047.3,151.0,225577.8,,,0.75,False,False,False
5.2875096,1194,41.0,264.0,16.974,109.296,223.0,92.322,223.0,92.322,False,1041.28,151.04,225338.4,,,0.75,False,False,False
5.291938,1195,40.0,266.0,16.56,110.124,226.0,93.564,226.0,93.564,False,1039.48,150.8,225128.8,,,0.75,False,False,False
5.2963664,1196,40.0,266.0,16.56,110.124,226.0,93.564,226.0,93.564,False,1046.4,150.04,224615.6,,,0.75,False,False,False
5.3007948,1197,40.0,262.0,16.56,108.468,222.0,91.908,222.0,91.908,False,1044.3200000000002,150.0,224620.8,,,0.75,False,False,False
5.3052231999999995,1198,40.0,262.0,16.56,108.468,222.0,91.908,222.0,91.908,False,1036.5,149.84,224083.4,,,0.75,False,False,False
5.3096516,1199,40.0,261.0,16.56,108.054,221.0,91.494,222.0,91.908,True,1038.14,150.2,223828.0,,,0.75,False,False,False
5.31408,1200,39.0,262.0,16.146,108.468,223.0,92.322,223.0,92.322,False,1035.72,150.02,223376.4,,,0.75,False,False,False
5.3185084,1201,39.0,262.0,16.146,108.468,223.0,92.322,223.0,92.322,False,1030.5,150.02,223468.6,,,0.75,False,False,False
5.3229368,1202,39.0,262.0,16.146,108.468,223.0,92.322,223.0,92.322,False,1034.2,150.2,223232.4,,,0.75,False,False,False
5.3273652,1203,39.0,264.0,16.146,109.296,225.0,93.15,224.0,92.736,True,1031.1,150.0,222951.8,,,0.75,False,False,False
5.3317936,1204,39.0,263.0,16.146,108.882,224.0,92.736,224.0,92.736,False,1030.94,149.4,222550.4,,,0.75,False,False,False
5.336222,1205,40.0,263.0,16.56,108.882,223.0,92.322,224.0,92.736,True,1024.6600000000003,149.6,222001.0,,,0.75,False,False,False
5.3406503999999995,1206,40.0,267.0,16.56,110.538,227.0,93.978,227.0,93.978,False,1027.38,149.82000000000002,221512.0,,,0.75,False,False,False
5.3450788,1207,40.0,267.0,16.56,110.538,227.0,93.978,227.0,93.978,False,1020.9,149.8,220651.8,,,0.75,False,False,False
5.3495072,1208,40.0,275.0,16.56,113.85,235.0,97.29,235.0,97.29,False,1009.0,150.0,219587.39999999997,,,0.75,False,False,False
5.3539356,1209,40.0,275.0,16.56,113.85,235.0,97.29,235.0,97.29,False,1006.2,150.22,218961.4,,,0.75,False,False,False
5.358364,1210,40.0,275.0,16.56,113.85,235.0,97.29,235.0,97.29,False,1006.86,150.22,218768.8,,,0.75,False,False,False
5.3627924,1211,40.0,275.0,16.56,113.85,235.0,97.29,235.0,97.29,False,1004.08,150.6,218183.0,,,0.75,False,False,False
5.3672208,1212,40.0,275.0,16.56,113.85,235.0,97.29,235.0,97.29,False,1005.9600000000004,150.23999999999998,217944.8,,,0.75,False,False,False
5.3716492,1213,40.0,275.0,16.56,113.85,235.0,97.29,235.0,97.29,False,1004.0400000000002,150.4,217545.6,,,0.75,False,False,False
5.3760775999999995,1214,40.0,275.0,16.56,113.85,235.0,97.29,235.0,97.29,False,994.72,149.64,216639.8,,,0.75,False,False,False
5.380506,1215,52.0,275.0,21.528,113.85,223.0,92.322,223.0,92.322,False,990.74,150.02,215553.8,,,0.75,False,False,False
5.3849344,1216,52.0,269.0,21.528,111.366,217.0,89.838,218.0,90.252,True,991.3,150.02,215305.6,,,0.75,False,False,False
5.3893628,1217,52.0,270.0,21.528,111.78,218.0,90.252,218.0,90.252,False,988.36,149.23999999999998,214894.6,,,0.75,False,False,False
5.3937912,1218,52.0,276.0,21.528,114.264,224.0,92.736,218.0,90.252,True,984.9,149.4,214437.4,,,0.75,False,False,False
5.3982196,1219,52.0,269.0,21.528,111.366,217.0,89.838,224.0,92.736,True,986.1,150.22,214465.4,,,0.75,False,False,False
5.402648,1220,52.0,276.0,21.528,114.264,224.0,92.736,224.0,92.736,False,992.06,150.0,214677.2,,,0.75,False,False,False
5.4070764,1221,52.0,276.0,21.528,114.264,224.0,92.736,224.0,92.736,False,980.46,149.42000000000002,213859.4,,,0.75,False,False,False
5.4115047999999994,1222,52.0,276.0,21.528,114.264,224.0,92.736,224.0,92.736,False,984.46,149.8,213434.6,,,0.75,False,False,False
5.4159332,1223,51.0,276.0,21.113999999999997,114.264,225.0,93.15,225.0,93.15,False,986.0,150.0,213550.2,,,0.75,False,False,False
5.4203616,1224,51.0,276.0,21.113999999999997,114.264,225.0,93.15,225.0,93.15,False,976.52,150.02,213112.8,,,0.75,False,False,False
5.42479,1225,52.0,277.0,21.528,114.678,225.0,93.15,225.0,93.15,False,967.26,150.6,212273.60000000003,,,0.75,False,False,False
5.4292184,1226,52.0,278.0,21.528,115.092,226.0,93.564,225.0,93.15,True,966.44,150.22,212207.0,,,0.75,False,False,False
5.4336468,1227,52.0,277.0,21.528,114.678,225.0,93.15,226.0,93.564,True,968.74,150.2,212243.8,,,0.75,False,False,False
5.4380752,1228,52.0,278.0,21.528,115.092,226.0,93.564,226.0,93.564,False,967.04,149.8,211600.4,,,0.75,False,False,False
5.4425036,1229,52.0,278.0,21.528,115.092,226.0,93.564,226.0,93.564,False,967.46,149.8,211317.8,,,0.75,False,False,False
5.446931999999999,1230,51.0,278.0,21.113999999999997,115.092,227.0,93.978,227.0,93.978,False,957.56,149.8,211510.4,,,0.75,False,False,False
5.4513604,1231,51.0,279.0,21.113999999999997,115.506,228.0,94.392,228.0,94.392,False,956.28,149.8,211067.4,,,0.75,False,False,False
5.4557888,1232,51.0,279.0,21.113999999999997,115.506,228.0,94.392,228.0,94.392,False,956.38,149.6,210088.8,,,0.75,False,False,False
5.4602172,1233,51.0,278.0,21.113999999999997,115.092,227.0,93.978,227.0,93.978,False,959.46,149.42000000000002,210075.4,,,0.75,False,False,False
5.4646456,1234,51.0,278.0,21.113999999999997,115.092,227.0,93.978,227.0,93.978,False,953.2,149.6,209827.2,,,0.75,False,False,False
5.469074,1235,51.0,279.0,21.113999999999997,115.506,228.0,94.392,228.0,94.392,False,950.56,150.0,209494.2,,,0.75,False,False,False
5.4735024,1236,51.0,279.0,21.113999999999997,115.506,228.0,94.392,228.0,94.392,False,951.32,149.6,209259.8,,,0.75,False,False,False
5.4779308,1237,51.0,279.0,21.113999999999997,115.506,228.0,94.392,228.0,94.392,False,947.68,149.8,209425.0,,,0.75,False,False,False
5.482359199999999,1238,51.0,278.0,21.113999999999997,115.092,227.0,93.978,228.0,94.392,True,949.72,149.8,209043.2,,,0.75,False,False,False
5.4867875999999995,1239,51.0,279.0,21.113999999999997,115.506,228.0,94.392,228.0,94.392,False,951.38,149.6,208976.4,,,0.75,False,False,False
5.491216,1240,51.0,279.0,21.113999999999997,115.506,228.0,94.392,228.0,94.392,False,946.1,149.64,208550.4,,,0.75,False,False,False
5.4956444,1241,51.0,279.0,21.113999999999997,115.506,228.0,94.392,228.0,94.392,False,949.7,150.22,208910.8,,,0.75,False,False,False
5.5000728,1242,51.0,278.0,21.113999999999997,115.092,227.0,93.978,227.0,93.978,False,950.0,150.6,208637.6,,,0.75,False,False,False
5.5045012,1243,51.0,278.0,21.113999999999997,115.092,227.0,93.978,227.0,93.978,False,941.34,151.0,208439.8,,,0.75,False,False,False
5.5089296,1244,51.0,278.0,21.113999999999997,115.092,227.0,93.978,227.0,93.978,False,952.4,150.62,208318.6,,,0.75,False,False,False
5.513358,1245,51.0,278.0,21.113999999999997,115.092,227.0,93.978,227.0,93.978,False,945.28,150.0,208922.2,,,0.75,False,False,False
5.517786399999999,1246,51.0,278.0,21.113999999999997,115.092,227.0,93.978,227.0,93.978,False,944.36,149.82000000000002,208721.6,,,0.75,False,False,False
5.5222147999999995,1247,51.0,278.0,21.113999999999997,115.092,227.0,93.978,227.0,93.978,False,950.36,149.42000000000002,208584.0,,,0.75,False,False,False
5.5266432,1248,51.0,280.0,21.113999999999997,115.92,229.0,94.806,229.0,94.806,False,948.2,149.6,208801.2,,,0.75,False,False,False
5.5310716,1249,51.0,280.0,21.113999999999997,115.92,229.0,94.806,229.0,94.806,False,938.56,149.6,208260.8,,,0.75,False,False,False
5.5355,1250,51.0,280.0,21.113999999999997,115.92,229.0,94.806,229.0,94.806,False,945.76,149.62,207282.4,,,0.75,False,False,False
5.5399284,1251,51.0,280.0,21.113999999999997,115.92,229.0,94.806,229.0,94.806,False,946.34,149.42000000000002,207052.79999999996,,,0.75,False,False,False
5.5443568,1252,51.0,280.0,21.113999999999997,115.92,229.0,94.806,229.0,94.806,False,935.78,150.0,207172.8,,,0.75,False,False,False
5.5487852,1253,51.0,280.0,21.113999999999997,115.92,229.0,94.806,229.0,94.806,False,931.12,149.84,206642.8,,,0.75,False,False,False
5.553213599999999,1254,51.0,280.0,21.113999999999997,115.92,229.0,94.806,229.0,94.806,False,926.38,150.2,206697.0,,,0.75,False,False,False
5.5576419999999995,1255,51.0,279.0,21.113999999999997,115.506,228.0,94.392,229.0,94.806,True,931.54,149.6,206794.2,,,0.75,False,False,False
5.5620704,1256,51.0,280.0,21.113999999999997,115.92,229.0,94.806,229.0,94.806,False,929.7,149.6,206612.8,,,0.75,False,False,False
5.5664988,1257,51.0,280.0,21.113999999999997,115.92,229.0,94.806,229.0,94.806,False,921.78,149.62,206454.8,,,0.75,False,False,False
5.5709272,1258,50.0,280.0,20.7,115.92,230.0,95.22,230.0,95.22,False,920.34,150.2,206575.2,,,0.75,False,False,False
5.5753556,1259,50.0,280.0,20.7,115.92,230.0,95.22,230.0,95.22,False,920.84,150.2,206939.4,,,0.75,False,False,False
5.579784,1260,51.0,280.0,21.113999999999997,115.92,229.0,94.806,229.0,94.806,False,920.18,149.44,207119.6,,,0.75,False,False,False
5.5842124,1261,51.0,280.0,21.113999999999997,115.92,229.0,94.806,229.0,94.806,False,921.6,149.8,207594.6,,,0.75,False,False,False
5.588640799999999,1262,51.0,280.0,21.113999999999997,115.92,229.0,94.806,229.0,94.806,False,923.96,149.82000000000002,207830.6,,,0.75,False,False,False
5.5930691999999995,1263,51.0,280.0,21.113999999999997,115.92,229.0,94.806,229.0,94.806,False,925.9,150.02,207526.0,,,0.75,False,False,False
5.5974976,1264,50.0,279.0,20.7,115.506,229.0,94.806,229.0,94.806,False,923.68,150.0,207377.4,,,0.75,False,False,False
5.601926,1265,50.0,279.0,20.7,115.506,229.0,94.806,229.0,94.806,False,925.3000000000002,149.42000000000002,207267.6,,,0.75,False,False,False
5.6063544,1266,50.0,280.0,20.7,115.92,230.0,95.22,230.0,95.22,False,920.72,150.02,206743.0,,,0.75,False,False,False
5.6107828,1267,50.0,280.0,20.7,115.92,230.0,95.22,230.0,95.22,False,918.1,150.02,206562.0,,,0.75,False,False,False
5.6152112,1268,50.0,280.0,20.7,115.92,230.0,95.22,230.0,95.22,False,916.52,149.6,206671.6,,,0.75,False,False,False
5.6196396,1269,50.0,280.0,20.7,115.92,230.0,95.22,230.0,95.22,False,921.26,150.02,206627.6,,,0.75,False,False,False
5.624067999999999,1270,50.0,281.0,20.7,116.334,231.0,95.634,230.0,95.22,True,923.0,150.2,206545.2,,,0.75,False,False,False
5.6284963999999995,1271,50.0,280.0,20.7,115.92,230.0,95.22,231.0,95.634,True,917.28,149.8,206661.0,,,0.75,False,False,False
5.6329248,1272,50.0,281.0,20.7,116.334,231.0,95.634,230.0,95.22,True,917.28,149.6,206653.8,,,0.75,False,False,False
5.6373532,1273,50.0,280.0,20.7,115.92,230.0,95.22,230.0,95.22,False,922.78,149.6,206612.2,,,0.75,False,False,False
5.6417816,1274,50.0,280.0,20.7,115.92,230.0,95.22,230.0,95.22,False,922.18,149.6,206714.4,,,0.75,False,False,False
5.64621,1275,50.0,280.0,20.7,115.92,230.0,95.22,230.0,95.22,False,924.76,149.42000000000002,206686.8,,,0.75,False,False,False
5.6506384,1276,50.0,280.0,20.7,115.92,230.0,95.22,230.0,95.22,False,923.72,149.8,206709.2,,,0.75,False,False,False
5.6550668,1277,50.0,279.0,20.7,115.506,229.0,94.806,229.0,94.806,False,914.64,150.2,206484.0,,,0.75,False,False,False
5.659495199999999,1278,50.0,279.0,20.7,115.506,229.0,94.806,229.0,94.806,False,916.1,150.62,206683.8,,,0.75,False,False,False
5.6639235999999995,1279,50.0,279.0,20.7,115.506,229.0,94.806,229.0,94.806,False,918.56,150.8,206601.8,,,0.75,False,False,False
5.668352,1280,50.0,279.0,20.7,115.506,229.0,94.806,229.0,94.806,False,916.54,150.8,206660.8,,,0.75,False,False,False
5.6727804,1281,50.0,281.0,20.7,116.334,231.0,95.634,230.0,95.22,True,914.36,150.22,206461.0,,,0.75,False,False,False
5.6772088,1282,50.0,280.0,20.7,115.92,230.0,95.22,230.0,95.22,False,908.58,150.6,206284.2,,,0.75,False,False,False
5.6816372,1283,50.0,280.0,20.7,115.92,230.0,95.22,230.0,95.22,False,919.04,150.2,205804.2,,,0.75,False,False,False
5.6860656,1284,50.0,280.0,20.7,115.92,230.0,95.22,230.0,95.22,False,912.98,150.04,205403.4,,,0.75,False,False,False
5.690494,1285,50.0,280.0,20.7,115.92,230.0,95.22,230.0,95.22,False,903.38,149.62,205110.8,,,0.75,False,False,False
5.6949224,1286,50.0,280.0,20.7,115.92,230.0,95.22,230.0,95.22,False,906.02,149.8,205000.2,,,0.75,False,False,False
5.6993507999999995,1287,50.0,281.0,20.7,116.334,231.0,95.634,231.0,95.634,False,908.5,149.44,205219.0,,,0.75,False,False,False
5.7037792,1288,50.0,281.0,20.7,116.334,231.0,95.634,231.0,95.634,False,903.88,149.4,205596.4,,,0.75,False,False,False
5.7082076,1289,50.0,281.0,20.7,116.334,231.0,95.634,231.0,95.634,False,909.6,150.02,205598.6,,,0.75,False,False,False
5.712636,1290,50.0,281.0,20.7,116.334,231.0,95.634,231.0,95.634,False,912.76,150.02,205846.2,,,0.75,False,False,False
5.7170644,1291,50.0,281.0,20.7,116.334,231.0,95.634,231.0,95.634,False,911.52,150.4,205676.0,,,0.75,False,False,False
5.7214928,1292,50.0,281.0,20.7,116.334,231.0,95.634,231.0,95.634,False,907.7,150.6,205357.4,,,0.75,False,False,False
5.7259212,1293,50.0,281.0,20.7,116.334,231.0,95.634,231.0,95.634,False,908.78,150.82000000000002,205354.0,,,0.75,False,False,False
5.7303496,1294,50.0,281.0,20.7,116.334,231.0,95.634,231.0,95.634,False,907.08,150.02,205740.6,,,0.75,False,False,False
5.7347779999999995,1295,50.0,280.0,20.7,115.92,230.0,95.22,230.0,95.22,False,906.84,149.8,205704.0,,,0.75,False,False,False
5.7392064,1296,50.0,280.0,20.7,115.92,230.0,95.22,230.0,95.22,False,906.92,150.0,206126.0,,,0.75,False,False,False
5.7436348,1297,50.0,279.0,20.7,115.506,229.0,94.806,230.0,95.22,True,906.48,149.2,206554.2,,,0.75,False,False,False
5.7480632,1298,50.0,281.0,20.7,116.334,231.0,95.634,231.0,95.634,False,914.0,149.22,206775.4,,,0.75,False,False,False
5.7524916,1299,50.0,281.0,20.7,116.334,231.0,95.634,231.0,95.634,False,910.72,149.62,206983.2,,,0.75,False,False,False
5.75692,1300,50.0,281.0,20.7,116.334,231.0,95.634,231.0,95.634,False,916.26,149.6,206807.6,,,0.75,False,False,False
5.7613484,1301,50.0,281.0,20.7,116.334,231.0,95.634,231.0,95.634,False,910.74,149.8,206726.39999999997,,,0.75,False,False,False
5.7657768,1302,50.0,281.0,20.7,116.334,231.0,95.634,231.0,95.634,False,907.68,150.2,206730.8,,,0.75,False,False,False
5.7702051999999995,1303,50.0,281.0,20.7,116.334,231.0,95.634,231.0,95.634,False,910.48,149.8,206536.4,,,0.75,False,False,False
5.7746336,1304,50.0,281.0,20.7,116.334,231.0,95.634,231.0,95.634,False,910.76,150.62,206464.8,,,0.75,False,False,False
5.779062,1305,50.0,281.0,20.7,116.334,231.0,95.634,231.0,95.634,False,907.78,149.8,206760.4,,,0.75,False,False,False
5.7834904,1306,50.0,281.0,20.7,116.334,231.0,95.634,231.0,95.634,False,912.84,150.0,206114.0,,,0.75,False,False,False
5.7879188,1307,50.0,281.0,20.7,116.334,231.0,95.634,231.0,95.634,False,905.56,150.22,205767.8,,,0.75,False,False,False
5.7923472,1308,50.0,281.0,20.7,116.334,231.0,95.634,231.0,95.634,False,908.3,150.42000000000002,206012.8,,,0.75,False,False,False
5.7967756,1309,50.0,281.0,20.7,116.334,231.0,95.634,231.0,95.634,False,904.76,150.6,205531.0,,,0.75,False,False,False
5.801204,1310,50.0,281.0,20.7,116.334,231.0,95.634,231.0,95.634,False,904.58,150.4,204907.6,,,0.75,False,False,False
5.8056323999999995,1311,50.0,281.0,20.7,116.334,231.0,95.634,231.0,95.634,False,904.96,149.22,205331.4,,,0.75,False,False,False
5.8100608,1312,50.0,281.0,20.7,116.334,231.0,95.634,231.0,95.634,False,901.0,149.4,205007.2,,,0.75,False,False,False
5.8144892,1313,50.0,280.0,20.7,115.92,230.0,95.22,231.0,95.634,True,905.2,150.02,204471.2,,,0.75,False,False,False
5.8189176,1314,50.0,281.0,20.7,116.334,231.0,95.634,230.0,95.22,True,904.14,149.82000000000002,204531.2,,,0.75,False,False,False
5.823346,1315,50.0,280.0,20.7,115.92,230.0,95.22,230.0,95.22,False,905.68,149.62,204967.8,,,0.75,False,False,False
5.8277744,1316,50.0,280.0,20.7,115.92,230.0,95.22,230.0,95.22,False,905.6,149.82000000000002,204904.0,,,0.75,False,False,False
5.8322028,1317,50.0,281.0,20.7,116.334,231.0,95.634,231.0,95.634,False,912.16,149.6,205543.0,,,0.75,False,False,False
5.8366312,1318,50.0,281.0,20.7,116.334,231.0,95.634,231.0,95.634,False,910.2,149.6,205841.4,,,0.75,False,False,False
5.8410595999999995,1319,50.0,281.0,20.7,116.334,231.0,95.634,231.0,95.634,False,917.5600000000002,149.8,205787.2,,,0.75,False,False,False
5.845488,1320,50.0,281.0,20.7,116.334,231.0,95.634,231.0,95.634,False,920.4,149.82000000000002,205866.0,,,0.75,False,False,False
5.8499164,1321,50.0,281.0,20.7,116.334,231.0,95.634,231.0,95.634,False,915.54,149.62,206059.4,,,0.75,False,False,False
5.8543448,1322,50.0,281.0,20.7,116.334,231.0,95.634,231.0,95.634,False,905.98,149.8,205844.6,,,0.75,False,False,False
5.8587732,1323,50.0,281.0,20.7,116.334,231.0,95.634,231.0,95.634,False,908.88,149.6,205633.4,,,0.75,False,False,False
5.8632016,1324,50.0,281.0,20.7,116.334,231.0,95.634,231.0,95.634,False,910.56,150.2,205752.2,,,0.75,False,False,False
5.86763,1325,50.0,280.0,20.7,115.92,230.0,95.22,230.0,95.22,False,912.4400000000004,150.0,205404.2,,,0.75,False,False,False
5.8720584,1326,50.0,280.0,20.7,115.92,230.0,95.22,230.0,95.22,False,905.7,150.0,205254.4,,,0.75,False,False,False
5.8764867999999995,1327,50.0,280.0,20.7,115.92,230.0,95.22,230.0,95.22,False,903.88,150.02,204598.6,,,0.75,False,False,False
5.8809152,1328,50.0,280.0,20.7,115.92,230.0,95.22,230.0,95.22,False,905.92,150.4,204602.8,,,0.75,False,False,False
5.8853436,1329,50.0,280.0,20.7,115.92,230.0,95.22,230.0,95.22,False,908.4,150.22,204672.6,,,0.75,False,False,False
5.889772,1330,50.0,280.0,20.7,115.92,230.0,95.22,230.0,95.22,False,906.52,150.0,204578.2,,,0.75,False,False,False
5.8942004,1331,50.0,280.0,20.7,115.92,230.0,95.22,230.0,95.22,False,906.5,150.02,204131.2,,,0.75,False,False,False
5.8986288,1332,50.0,281.0,20.7,116.334,231.0,95.634,231.0,95.634,False,908.94,150.2,204614.2,,,0.75,False,False,False
5.9030572,1333,50.0,281.0,20.7,116.334,231.0,95.634,231.0,95.634,False,908.6,150.2,204645.4,,,0.75,False,False,False
5.9074856,1334,50.0,281.0,20.7,116.334,231.0,95.634,231.0,95.634,False,907.58,149.8,204402.0,,,0.75,False,False,False
5.9119139999999994,1335,50.0,281.0,20.7,116.334,231.0,95.634,231.0,95.634,False,900.8,149.64,204477.6,,,0.75,False,False,False
5.9163424,1336,50.0,281.0,20.7,116.334,231.0,95.634,231.0,95.634,False,901.8,149.62,204664.60000000003,,,0.75,False,False,False
5.9207708,1337,50.0,281.0,20.7,116.334,231.0,95.634,231.0,95.634,False,901.86,149.8,204551.0,,,0.75,False,False,False
5.9251992,1338,50.0,280.0,20.7,115.92,230.0,95.22,230.0,95.22,False,900.58,150.2,204350.2,,,0.75,False,False,False
5.9296276,1339,50.0,280.0,20.7,115.92,230.0,95.22,230.0,95.22,False,900.64,149.62,203938.2,,,0.75,False,False,False
5.934056,1340,50.0,280.0,20.7,115.92,230.0,95.22,230.0,95.22,False,902.2,150.02,203968.4,,,0.75,False,False,False
5.9384844,1341,50.0,280.0,20.7,115.92,230.0,95.22,230.0,95.22,False,899.8800000000001,150.2,203721.2,,,0.75,False,False,False
5.9429128,1342,50.0,281.0,20.7,116.334,231.0,95.634,231.0,95.634,False,898.0200000000001,150.0,203660.4,,,0.75,False,False,False
5.947341199999999,1343,50.0,281.0,20.7,116.334,231.0,95.634,231.0,95.634,False,901.88,150.2,203835.4,,,0.75,False,False,False
5.9517695999999995,1344,50.0,281.0,20.7,116.334,231.0,95.634,231.0,95.634,False,901.62,150.4,203666.0,,,0.75,False,False,False
5.956198,1345,50.0,281.0,20.7,116.334,231.0,95.634,231.0,95.634,False,896.4,150.42000000000002,203525.4,,,0.75,False,False,False
5.9606264,1346,50.0,281.0,20.7,116.334,231.0,95.634,231.0,95.634,False,892.8,150.2,203473.4,,,0.75,False,False,False
5.9650548,1347,50.0,281.0,20.7,116.334,231.0,95.634,231.0,95.634,False,895.2000000000002,151.0,203549.6,,,0.75,False,False,False
5.9694832,1348,50.0,280.0,20.7,115.92,230.0,95.22,231.0,95.634,True,896.8,150.02,203364.4,,,0.75,False,False,False
5.9739116,1349,50.0,281.0,20.7,116.334,231.0,95.634,231.0,95.634,False,899.5600000000001,150.0,203814.0,,,0.75,False,False,False
5.97834,1350,50.0,281.0,20.7,116.334,231.0,95.634,231.0,95.634,False,902.9400000000002,149.8,203766.2,,,0.75,False,False,False
5.982768399999999,1351,50.0,281.0,20.7,116.334,231.0,95.634,231.0,95.634,False,901.14,149.62,203893.0,,,0.75,False,False,False
5.9871967999999995,1352,50.0,281.0,20.7,116.334,231.0,95.634,231.0,95.634,False,897.8400000000001,149.8,203531.0,,,0.75,False,False,False
5.9916252,1353,50.0,281.0,20.7,116.334,231.0,95.634,231.0,95.634,False,906.7,149.8,203382.6,,,0.75,False,False,False
5.9960536,1354,50.0,281.0,20.7,116.334,231.0,95.634,231.0,95.634,False,902.94,149.4,202997.8,,,0.75,False,False,False
6.000482,1355,50.0,281.0,20.7,116.334,231.0,95.634,231.0,95.634,False,905.24,149.62,202805.8,,,0.75,False,False,False
6.0049104,1356,50.0,282.0,20.7,116.748,232.0,96.048,232.0,96.048,False,902.26,149.62,202509.6,,,0.75,False,False,False
6.0093388,1357,50.0,282.0,20.7,116.748,232.0,96.048,232.0,96.048,False,891.58,149.42000000000002,202538.8,,,0.75,False,False,False
6.0137672,1358,50.0,282.0,20.7,116.748,232.0,96.048,232.0,96.048,False,899.3600000000001,149.8,202573.6,,,0.75,False,False,False
6.018195599999999,1359,50.0,282.0,20.7,116.748,232.0,96.048,232.0,96.048,False,891.58,149.82000000000002,202688.6,,,0.75,False,False,False
6.0226239999999995,1360,50.0,281.0,20.7,116.334,231.0,95.634,231.0,95.634,False,896.76,150.0,202701.8,,,0.75,False,False,False
6.0270524,1361,50.0,281.0,20.7,116.334,231.0,95.634,231.0,95.634,False,892.2,149.8,202656.6,,,0.75,False,False,False
6.0314808,1362,50.0,281.0,20.7,116.334,231.0,95.634,231.0,95.634,False,893.58,149.8,202415.8,,,0.75,False,False,False
6.0359092,1363,50.0,281.0,20.7,116.334,231.0,95.634,231.0,95.634,False,888.98,150.02,202000.0,,,0.75,False,False,False
6.0403376,1364,50.0,281.0,20.7,116.334,231.0,95.634,231.0,95.634,False,893.72,149.62,202027.8,,,0.75,False,False,False
6.044766,1365,50.0,281.0,20.7,116.334,231.0,95.634,231.0,95.634,False,899.9200000000001,149.23999999999998,202526.0,,,0.75,False,False,False
6.0491944,1366,50.0,281.0,20.7,116.334,231.0,95.634,231.0,95.634,False,905.96,150.0,203210.2,,,0.75,False,False,False
6.053622799999999,1367,50.0,281.0,20.7,116.334,231.0,95.634,231.0,95.634,False,908.02,150.02,203945.4,,,0.75,False,False,False
6.0580511999999995,1368,50.0,281.0,20.7,116.334,231.0,95.634,231.0,95.634,False,902.98,149.62,204783.0,,,0.75,False,False,False
6.0624796,1369,50.0,281.0,20.7,116.334,231.0,95.634,231.0,95.634,False,911.98,149.4,204883.60000000003,,,0.75,False,False,False
6.066908,1370,50.0,281.0,20.7,116.334,231.0,95.634,231.0,95.634,False,904.78,149.8,204348.2,,,0.75,False,False,False
6.0713364,1371,50.0,281.0,20.7,116.334,231.0,95.634,231.0,95.634,False,896.1400000000001,149.82000000000002,203972.4,,,0.75,False,False,False
6.0757648,1372,50.0,281.0,20.7,116.334,231.0,95.634,231.0,95.634,False,900.5600000000001,149.6,203399.0,,,0.75,False,False,False
6.0801932,1373,50.0,280.0,20.7,115.92,230.0,95.22,231.0,95.634,True,896.9000000000001,150.4,203014.2,,,0.75,False,False,False
6.0846216,1374,50.0,281.0,20.7,116.334,231.0,95.634,230.0,95.22,True,908.78,150.62,203551.2,,,0.75,False,False,False
6.089049999999999,1375,50.0,280.0,20.7,115.92,230.0,95.22,230.0,95.22,False,908.88,150.4,204062.8,,,0.75,False,False,False
6.0934783999999995,1376,50.0,280.0,20.7,115.92,230.0,95.22,230.0,95.22,False,914.3,150.02,204227.6,,,0.75,False,False,False
6.0979068,1377,50.0,280.0,20.7,115.92,230.0,95.22,230.0,95.22,False,908.74,150.02,204331.4,,,0.75,False,False,False
6.1023352,1378,50.0,280.0,20.7,115.92,230.0,95.22,230.0,95.22,False,904.96,150.4,204114.4,,,0.75,False,False,False
6.1067636,1379,50.0,280.0,20.7,115.92,230.0,95.22,230.0,95.22,False,896.34,150.23999999999998,203732.2,,,0.75,False,False,False
6.111192,1380,50.0,280.0,20.7,115.92,230.0,95.22,230.0,95.22,False,904.38,150.0,203495.39999999997,,,0.75,False,False,False
6.1156204,1381,50.0,280.0,20.7,115.92,230.0,95.22,230.0,95.22,False,912.52,150.02,203427.6,,,0.75,False,False,False
6.1200488,1382,50.0,280.0,20.7,115.92,230.0,95.22,230.0,95.22,False,908.86,150.8,203647.2,,,0.75,False,False,False
6.124477199999999,1383,50.0,281.0,20.7,116.334,231.0,95.634,231.0,95.634,False,907.8,149.64,204119.8,,,0.75,False,False,False
6.1289055999999995,1384,50.0,281.0,20.7,116.334,231.0,95.634,231.0,95.634,False,913.48,150.6,204142.6,,,0.75,False,False,False
6.133334,1385,50.0,281.0,20.7,116.334,231.0,95.634,231.0,95.634,False,928.14,150.62,206848.2,,,0.75,False,False,False
6.1377624,1386,50.0,280.0,20.7,115.92,230.0,95.22,230.0,95.22,False,973.8,150.2,214146.8,,,0.75,False,False,False
6.1421908,1387,50.0,280.0,20.7,115.92,230.0,95.22,230.0,95.22,False,1054.4,150.22,226050.0,,,0.75,False,False,False
6.1466192,1388,50.0,280.0,20.7,115.92,230.0,95.22,230.0,95.22,False,1145.2000000000005,150.62,241967.8,,,0.75,False,False,False
6.1510476,1389,50.0,280.0,20.7,115.92,230.0,95.22,230.0,95.22,False,1265.56,150.2,261612.2,,,0.75,False,False,False
6.155476,1390,50.0,279.0,20.7,115.506,229.0,94.806,229.0,94.806,False,1385.0,150.4,281738.8,,,0.75,False,False,False
6.159904399999999,1391,50.0,278.0,20.7,115.092,228.0,94.392,228.0,94.392,False,1462.12,150.6,299804.0,,,0.75,False,False,False
6.1643327999999995,1392,51.0,278.0,21.113999999999997,115.092,227.0,93.978,227.0,93.978,False,1541.8200000000002,150.62,315970.4,,,0.75,False,False,False
6.1687612,1393,51.0,274.0,21.113999999999997,113.436,223.0,92.322,227.0,93.978,True,1596.78,151.0,330336.20000000007,,,0.75,False,False,False
6.1731896,1394,51.0,278.0,21.113999999999997,115.092,227.0,93.978,227.0,93.978,False,1653.260000000001,151.2,342662.2,,,0.75,False,False,False
6.177618,1395,51.0,278.0,21.113999999999997,115.092,227.0,93.978,227.0,93.978,False,1707.3,150.22,353941.6,,,0.75,False,False,False
6.1820464,1396,51.0,278.0,21.113999999999997,115.092,227.0,93.978,227.0,93.978,False,1725.14,150.82000000000002,363875.6,,,0.75,False,False,False
6.1864748,1397,51.0,278.0,21.113999999999997,115.092,227.0,93.978,227.0,93.978,False,1777.72,150.82000000000002,372277.6,,,0.75,False,False,False
6.1909032,1398,51.0,278.0,21.113999999999997,115.092,227.0,93.978,227.0,93.978,False,1791.3,150.64,379292.4,,,0.75,False,False,False
6.195331599999999,1399,51.0,278.0,21.113999999999997,115.092,227.0,93.978,227.0,93.978,False,1802.54,151.02,385715.1999999999,,,0.75,False,False,False
6.1997599999999995,1400,51.0,278.0,21.113999999999997,115.092,227.0,93.978,227.0,93.978,False,1807.38,151.22,391295.0,,,0.75,False,False,False
6.2041884,1401,51.0,279.0,21.113999999999997,115.506,228.0,94.392,228.0,94.392,False,1811.62,151.22,396227.2,,,0.75,False,False,False
6.2086168,1402,51.0,279.0,21.113999999999997,115.506,228.0,94.392,228.0,94.392,False,1821.68,151.22,400470.6,,,0.75,False,False,False
6.2130452,1403,52.0,279.0,21.528,115.506,227.0,93.978,227.0,93.978,False,1839.58,151.2,403753.0,,,0.75,False,False,False
6.2174736,1404,52.0,279.0,21.528,115.506,227.0,93.978,227.0,93.978,False,1846.36,151.0,406793.6,,,0.75,False,False,False
6.221902,1405,52.0,280.0,21.528,115.92,228.0,94.392,228.0,94.392,False,1854.0,151.0,408651.2,,,0.75,False,False,False
6.2263304,1406,52.0,280.0,21.528,115.92,228.0,94.392,228.0,94.392,False,1859.32,151.02,410641.6,,,0.75,False,False,False
6.230758799999999,1407,53.0,280.0,21.942,115.92,227.0,93.978,227.0,93.978,False,1867.74,151.4,411926.6,,,0.75,False,False,False
6.2351871999999995,1408,53.0,279.0,21.942,115.506,226.0,93.564,226.0,93.564,False,1874.94,151.6,412676.99999999994,,,0.75,False,False,False
6.2396156,1409,54.0,279.0,22.356,115.506,225.0,93.15,225.0,93.15,False,1885.8,151.4,413249.1999999999,,,0.75,False,False,False
6.244044,1410,54.0,279.0,22.356,115.506,225.0,93.15,225.0,93.15,False,1881.12,151.02,413858.6,,,0.75,False,False,False
6.2484724,1411,54.0,279.0,22.356,115.506,225.0,93.15,225.0,93.15,False,1890.74,151.02,414131.4,,,0.75,False,False,False
6.2529008,1412,55.0,279.0,22.77,115.506,224.0,92.736,224.0,92.736,False,1884.84,150.4,414149.0,,,0.75,False,False,False
6.2573292,1413,55.0,279.0,22.77,115.506,224.0,92.736,224.0,92.736,False,1906.24,150.22,414480.4,,,0.75,False,False,False
6.2617576,1414,56.0,278.0,23.183999999999997,115.092,222.0,91.908,222.0,91.908,False,1908.2200000000005,150.23999999999998,413976.0,,,0.75,False,False,False
6.266186,1415,56.0,278.0,23.183999999999997,115.092,222.0,91.908,222.0,91.908,False,1907.32,150.22,413318.2,,,0.75,False,False,False
6.2706143999999995,1416,56.0,278.0,23.183999999999997,115.092,222.0,91.908,222.0,91.908,False,1903.58,150.2,412213.8,,,0.75,False,False,False
6.2750428,1417,57.0,278.0,23.598,115.092,221.0,91.494,221.0,91.494,False,1887.14,150.04,410600.2,,,0.75,False,False,False
6.2794712,1418,57.0,277.0,23.598,114.678,220.0,91.08,220.0,91.08,False,1907.4200000000003,150.4,409701.2,,,0.75,False,False,False
6.2838996,1419,57.0,277.0,23.598,114.678,220.0,91.08,220.0,91.08,False,1920.54,150.02,408919.8000000001,,,0.75,False,False,False
6.288328,1420,58.0,276.0,24.012,114.264,218.0,90.252,218.0,90.252,False,1914.48,150.4,407636.4,,,0.75,False,False,False
6.2927564,1421,58.0,276.0,24.012,114.264,218.0,90.252,218.0,90.252,False,1915.92,150.2,406580.00000000006,,,0.75,False,False,False
6.2971848,1422,58.0,276.0,24.012,114.264,218.0,90.252,218.0,90.252,False,1907.86,150.02,406301.0,,,0.75,False,False,False
6.3016132,1423,58.0,275.0,24.012,113.85,217.0,89.838,217.0,89.838,False,1924.38,149.8,405887.8,,,0.75,False,False,False
6.3060415999999995,1424,59.0,275.0,24.426,113.85,216.0,89.42399999999999,216.0,89.42399999999999,False,1928.0,150.0,404830.8,,,0.75,False,False,False
6.31047,1425,59.0,275.0,24.426,113.85,216.0,89.42399999999999,216.0,89.42399999999999,False,1935.12,149.6,404761.4,,,0.75,False,False,False
6.3148984,1426,59.0,275.0,24.426,113.85,216.0,89.42399999999999,216.0,89.42399999999999,False,1928.98,149.8,404229.6000000001,,,0.75,False,False,False
6.3193268,1427,60.0,274.0,24.84,113.436,214.0,88.59599999999999,214.0,88.59599999999999,False,1933.56,149.8,403729.0,,,0.75,False,False,False
6.3237552,1428,60.0,274.0,24.84,113.436,214.0,88.59599999999999,214.0,88.59599999999999,False,1910.28,149.8,402226.0,,,0.75,False,False,False
6.3281836,1429,60.0,274.0,24.84,113.436,214.0,88.59599999999999,214.0,88.59599999999999,False,1904.22,150.2,402243.8,,,0.75,False,False,False
6.332612,1430,60.0,274.0,24.84,113.436,214.0,88.59599999999999,214.0,88.59599999999999,False,1910.7200000000005,150.02,402186.0,,,0.75,False,False,False
6.3370404,1431,60.0,273.0,24.84,113.022,213.0,88.182,213.0,88.182,False,1917.16,150.0,402258.0,,,0.75,False,False,False
6.3414687999999995,1432,60.0,273.0,24.84,113.022,213.0,88.182,213.0,88.182,False,1918.82,150.02,402519.4,,,0.75,False,False,False
6.3458972,1433,60.0,273.0,24.84,113.022,213.0,88.182,213.0,88.182,False,1918.86,150.0,403831.0,,,0.75,False,False,False
6.3503256,1434,60.0,273.0,24.84,113.022,213.0,88.182,213.0,88.182,False,1927.6,149.8,404355.8,,,0.75,False,False,False
6.354754,1435,60.0,273.0,24.84,113.022,213.0,88.182,213.0,88.182,False,1924.56,150.0,404741.6,,,0.75,False,False,False
6.3591824,1436,60.0,272.0,24.84,112.608,212.0,87.768,213.0,88.182,True,1933.1,150.02,405796.2,,,0.75,False,False,False
6.3636108,1437,56.0,272.0,23.183999999999997,112.608,216.0,89.42399999999999,216.0,89.42399999999999,False,1932.48,150.02,405770.8,,,0.75,False,False,False
6.3680392,1438,56.0,272.0,23.183999999999997,112.608,216.0,89.42399999999999,216.0,89.42399999999999,False,1938.26,149.6,405963.4,,,0.75,False,False,False
6.3724676,1439,56.0,272.0,23.183999999999997,112.608,216.0,89.42399999999999,216.0,89.42399999999999,False,1949.2,150.0,406324.8000000001,,,0.75,False,False,False
6.3768959999999995,1440,56.0,271.0,23.183999999999997,112.194,215.0,89.00999999999999,215.0,89.00999999999999,False,1944.68,149.8,406163.4,,,0.75,False,False,False
6.3813244,1441,56.0,271.0,23.183999999999997,112.194,215.0,89.00999999999999,215.0,89.00999999999999,False,1947.02,150.2,405616.8,,,0.75,False,False,False
6.3857528,1442,56.0,271.0,23.183999999999997,112.194,215.0,89.00999999999999,215.0,89.00999999999999,False,1950.18,149.82000000000002,406118.1999999999,,,0.75,False,False,False
6.3901812,1443,49.0,271.0,20.286,112.194,222.0,91.908,222.0,91.908,False,1958.5,149.8,405841.1999999999,,,0.75,False,False,False
6.3946096,1444,49.0,271.0,20.286,112.194,222.0,91.908,222.0,91.908,False,1951.58,149.82000000000002,405811.2,,,0.75,False,False,False
6.399038,1445,49.0,271.0,20.286,112.194,222.0,91.908,222.0,91.908,False,1956.58,149.8,406425.0,,,0.75,False,False,False
6.4034664,1446,49.0,270.0,20.286,111.78,221.0,91.494,221.0,91.494,False,1958.22,149.64,406885.4,,,0.75,False,False,False
6.4078948,1447,49.0,270.0,20.286,111.78,221.0,91.494,221.0,91.494,False,1965.34,150.22,406935.20000000007,,,0.75,False,False,False
6.4123231999999994,1448,49.0,270.0,20.286,111.78,221.0,91.494,221.0,91.494,False,1964.58,149.8,407399.2,,,0.75,False,False,False
6.4167516,1449,49.0,270.0,20.286,111.78,221.0,91.494,221.0,91.494,False,1958.0,150.2,407737.4,,,0.75,False,False,False
6.42118,1450,49.0,270.0,20.286,111.78,221.0,91.494,221.0,91.494,False,1948.82,150.2,407436.6,,,0.75,False,False,False
6.4256084,1451,49.0,270.0,20.286,111.78,221.0,91.494,221.0,91.494,False,1960.76,149.82000000000002,406843.20000000007,,,0.75,False,False,False
6.4300368,1452,49.0,270.0,20.286,111.78,221.0,91.494,221.0,91.494,False,1954.6,149.82000000000002,406526.8,,,0.75,False,False,False
6.4344652,1453,49.0,269.0,20.286,111.366,220.0,91.08,220.0,91.08,False,1946.2,149.62,406292.79999999993,,,0.75,False,False,False
6.4388936,1454,49.0,269.0,20.286,111.366,220.0,91.08,220.0,91.08,False,1935.5,150.0,405762.6000000001,,,0.75,False,False,False
6.443322,1455,49.0,269.0,20.286,111.366,220.0,91.08,220.0,91.08,False,1939.52,149.6,405464.1999999999,,,0.75,False,False,False
6.447750399999999,1456,50.0,269.0,20.7,111.366,219.0,90.666,219.0,90.666,False,1939.38,149.82000000000002,405874.8,,,0.75,False,False,False
6.4521787999999995,1457,50.0,269.0,20.7,111.366,219.0,90.666,219.0,90.666,False,1951.96,150.0,406001.8,,,0.75,False,False,False
6.4566072,1458,50.0,269.0,20.7,111.366,219.0,90.666,219.0,90.666,False,1959.62,149.8,406272.4,,,0.75,False,False,False
6.4610356,1459,50.0,269.0,20.7,111.366,219.0,90.666,219.0,90.666,False,1954.5,149.8,405789.4,,,0.75,False,False,False
6.465464,1460,50.0,269.0,20.7,111.366,219.0,90.666,219.0,90.666,False,1951.56,149.6,405525.6,,,0.75,False,False,False
6.4698924,1461,50.0,268.0,20.7,110.952,218.0,90.252,218.0,90.252,False,1946.78,149.62,404772.4,,,0.75,False,False,False
6.4743208,1462,50.0,268.0,20.7,110.952,218.0,90.252,218.0,90.252,False,1954.76,150.0,404219.2,,,0.75,False,False,False
6.4787492,1463,50.0,268.0,20.7,110.952,218.0,90.252,218.0,90.252,False,1953.54,150.0,403789.4,,,0.75,False,False,False
6.483177599999999,1464,50.0,268.0,20.7,110.952,218.0,90.252,218.0,90.252,False,1963.56,150.4,404457.6,,,0.75,False,False,False
6.4876059999999995,1465,50.0,268.0,20.7,110.952,218.0,90.252,218.0,90.252,False,1957.16,150.02,404842.8,,,0.75,False,False,False
6.4920344,1466,50.0,268.0,20.7,110.952,218.0,90.252,218.0,90.252,False,1972.4600000000005,149.8,405425.0,,,0.75,False,False,False
6.4964628,1467,50.0,268.0,20.7,110.952,218.0,90.252,218.0,90.252,False,1962.62,149.62,406526.6,,,0.75,False,False,False
6.5008912,1468,50.0,267.0,20.7,110.538,217.0,89.838,217.0,89.838,False,1973.9600000000005,149.62,405746.8000000001,,,0.75,False,False,False
6.5053196,1469,50.0,267.0,20.7,110.538,217.0,89.838,217.0,89.838,False,1976.12,149.8,405214.6,,,0.75,False,False,False
6.509748,1470,50.0,267.0,20.7,110.538,217.0,89.838,217.0,89.838,False,1977.58,149.8,404488.2,,,0.75,False,False,False
6.5141764,1471,50.0,267.0,20.7,110.538,217.0,89.838,217.0,89.838,False,1988.46,149.82000000000002,403952.6,,,0.75,False,False,False
6.518604799999999,1472,50.0,267.0,20.7,110.538,217.0,89.838,217.0,89.838,False,1977.3,150.2,403206.0,,,0.75,False,False,False
6.5230331999999995,1473,50.0,267.0,20.7,110.538,217.0,89.838,217.0,89.838,False,1982.68,150.0,403504.8000000001,,,0.75,False,False,False
6.5274616,1474,50.0,267.0,20.7,110.538,217.0,89.838,217.0,89.838,False,1997.1,149.8,402891.8,,,0.75,False,False,False
6.53189,1475,50.0,267.0,20.7,110.538,217.0,89.838,217.0,89.838,False,1995.98,149.4,402853.8000000001,,,0.75,False,False,False
6.5363184,1476,50.0,267.0,20.7,110.538,217.0,89.838,217.0,89.838,False,1975.16,149.0,402267.1999999999,,,0.75,False,False,False
6.5407468,1477,50.0,267.0,20.7,110.538,217.0,89.838,217.0,89.838,False,1983.2000000000005,149.0,401930.6,,,0.75,False,False,False
6.5451752,1478,50.0,267.0,20.7,110.538,217.0,89.838,217.0,89.838,False,1983.7,149.0,401958.2,,,0.75,False,False,False
6.5496036,1479,50.0,266.0,20.7,110.124,216.0,89.42399999999999,216.0,89.42399999999999,False,1976.26,148.8,402040.6,,,0.75,False,False,False
6.554031999999999,1480,50.0,266.0,20.7,110.124,216.0,89.42399999999999,216.0,89.42399999999999,False,1989.24,149.02,401298.0,,,0.75,False,False,False
6.5584603999999995,1481,50.0,266.0,20.7,110.124,216.0,89.42399999999999,216.0,89.42399999999999,False,1981.66,149.22,401130.2,,,0.75,False,False,False
6.5628888,1482,50.0,266.0,20.7,110.124,216.0,89.42399999999999,216.0,89.42399999999999,False,1986.24,149.6,400762.8000000001,,,0.75,False,False,False
6.5673172,1483,50.0,266.0,20.7,110.124,216.0,89.42399999999999,216.0,89.42399999999999,False,1988.48,150.0,400353.6,,,0.75,False,False,False
6.5717456,1484,50.0,266.0,20.7,110.124,216.0,89.42399999999999,216.0,89.42399999999999,False,1999.12,149.8,399796.4,,,0.75,False,False,False
6.576174,1485,50.0,266.0,20.7,110.124,216.0,89.42399999999999,216.0,89.42399999999999,False,2000.66,149.6,399689.8,,,0.75,False,False,False
6.5806024,1486,50.0,266.0,20.7,110.124,216.0,89.42399999999999,216.0,89.42399999999999,False,2007.6200000000003,149.42000000000002,399669.4,,,0.75,False,False,False
6.5850308,1487,50.0,266.0,20.7,110.124,216.0,89.42399999999999,216.0,89.42399999999999,False,1992.86,149.42000000000002,399480.6,,,0.75,False,False,False
6.589459199999999,1488,51.0,266.0,21.113999999999997,110.124,215.0,89.00999999999999,215.0,89.00999999999999,False,1976.78,149.82000000000002,398566.0,,,0.75,False,False,False
6.5938875999999995,1489,51.0,266.0,21.113999999999997,110.124,215.0,89.00999999999999,215.0,89.00999999999999,False,1973.06,150.22,398671.0,,,0.75,False,False,False
6.598316,1490,51.0,265.0,21.113999999999997,109.71,214.0,88.59599999999999,214.0,88.59599999999999,False,1991.14,150.2,398548.4,,,0.75,False,False,False
6.6027444,1491,51.0,265.0,21.113999999999997,109.71,214.0,88.59599999999999,214.0,88.59599999999999,False,1976.86,150.22,397535.0,,,0.75,False,False,False
6.6071728,1492,51.0,265.0,21.113999999999997,109.71,214.0,88.59599999999999,214.0,88.59599999999999,False,1978.42,149.82000000000002,396745.20000000007,,,0.75,False,False,False
6.6116012,1493,51.0,265.0,21.113999999999997,109.71,214.0,88.59599999999999,214.0,88.59599999999999,False,1960.6,149.8,396377.8,,,0.75,False,False,False
6.6160296,1494,51.0,265.0,21.113999999999997,109.71,214.0,88.59599999999999,214.0,88.59599999999999,False,1964.9,149.42000000000002,394981.8000000001,,,0.75,False,False,False
6.620458,1495,51.0,265.0,21.113999999999997,109.71,214.0,88.59599999999999,214.0,88.59599999999999,False,1947.8,148.8,393419.6,,,0.75,False,False,False
6.624886399999999,1496,51.0,265.0,21.113999999999997,109.71,214.0,88.59599999999999,214.0,88.59599999999999,False,1946.32,149.4,392870.0,,,0.75,False,False,False
6.6293147999999995,1497,51.0,265.0,21.113999999999997,109.71,214.0,88.59599999999999,214.0,88.59599999999999,False,1939.62,149.22,391723.1999999999,,,0.75,False,False,False
6.6337432,1498,51.0,265.0,21.113999999999997,109.71,214.0,88.59599999999999,214.0,88.59599999999999,False,1949.8600000000008,149.6,391069.1999999999,,,0.75,False,False,False
6.6381716,1499,51.0,265.0,21.113999999999997,109.71,214.0,88.59599999999999,214.0,88.59599999999999,False,1950.64,149.4,389961.2,,,0.75,False,False,False
6.6426,1500,51.0,265.0,21.113999999999997,109.71,214.0,88.59599999999999,214.0,88.59599999999999,False,1940.84,149.8,389816.8000000001,,,0.75,False,False,False
6.6470284,1501,51.0,265.0,21.113999999999997,109.71,214.0,88.59599999999999,214.0,88.59599999999999,False,1933.1,149.2,389274.4,,,0.75,False,False,False
6.6514568,1502,51.0,265.0,21.113999999999997,109.71,214.0,88.59599999999999,214.0,88.59599999999999,False,1940.54,148.8,388413.0,,,0.75,False,False,False
6.6558852,1503,51.0,265.0,21.113999999999997,109.71,214.0,88.59599999999999,214.0,88.59599999999999,False,1922.8800000000003,149.4,387013.6,,,0.75,False,False,False
6.660313599999999,1504,51.0,264.0,21.113999999999997,109.296,213.0,88.182,213.0,88.182,False,1924.5800000000004,149.62,386669.2,,,0.75,False,False,False
6.6647419999999995,1505,51.0,264.0,21.113999999999997,109.296,213.0,88.182,213.0,88.182,False,1921.94,149.62,385635.6,,,0.75,False,False,False
6.6691704,1506,51.0,264.0,21.113999999999997,109.296,213.0,88.182,213.0,88.182,False,1911.98,149.82000000000002,384179.4,,,0.75,False,False,False
6.6735988,1507,51.0,264.0,21.113999999999997,109.296,213.0,88.182,213.0,88.182,False,1913.38,149.6,382977.1999999999,,,0.75,False,False,False
6.6780272,1508,51.0,264.0,21.113999999999997,109.296,213.0,88.182,213.0,88.182,False,1900.14,149.22,382029.1999999999,,,0.75,False,False,False
6.6824556,1509,51.0,264.0,21.113999999999997,109.296,213.0,88.182,213.0,88.182,False,1900.7,149.22,381125.6,,,0.75,False,False,False
6.686884,1510,51.0,264.0,21.113999999999997,109.296,213.0,88.182,213.0,88.182,False,1899.7400000000005,149.4,380092.2,,,0.75,False,False,False
6.6913124,1511,51.0,264.0,21.113999999999997,109.296,213.0,88.182,213.0,88.182,False,1885.78,148.84,378708.1999999999,,,0.75,False,False,False
6.695740799999999,1512,51.0,264.0,21.113999999999997,109.296,213.0,88.182,213.0,88.182,False,1863.16,149.42000000000002,377727.6,,,0.75,False,False,False
6.7001691999999995,1513,51.0,264.0,21.113999999999997,109.296,213.0,88.182,213.0,88.182,False,1870.52,149.02,376396.6,,,0.75,False,False,False
6.7045976,1514,52.0,264.0,21.528,109.296,212.0,87.768,212.0,87.768,False,1866.8200000000004,149.22,374948.0,,,0.75,False,False,False
6.709026,1515,52.0,264.0,21.528,109.296,212.0,87.768,212.0,87.768,False,1864.42,149.8,373456.6,,,0.75,False,False,False
6.7134544,1516,52.0,264.0,21.528,109.296,212.0,87.768,212.0,87.768,False,1865.46,149.6,372835.8000000001,,,0.75,False,False,False
6.7178828,1517,52.0,264.0,21.528,109.296,212.0,87.768,212.0,87.768,False,1852.36,149.4,371531.8000000001,,,0.75,False,False,False
6.7223112,1518,52.0,264.0,21.528,109.296,212.0,87.768,212.0,87.768,False,1850.74,148.82000000000002,370794.8000000001,,,0.75,False,False,False
6.7267396,1519,52.0,264.0,21.528,109.296,212.0,87.768,212.0,87.768,False,1845.8600000000008,149.2,369689.1999999999,,,0.75,False,False,False
6.731167999999999,1520,52.0,264.0,21.528,109.296,212.0,87.768,212.0,87.768,False,1844.94,149.22,368962.4,,,0.75,False,False,False
6.7355963999999995,1521,52.0,263.0,21.528,108.882,211.0,87.354,211.0,87.354,False,1837.14,149.23999999999998,367394.8,,,0.75,False,False,False
6.7400248,1522,52.0,263.0,21.528,108.882,211.0,87.354,211.0,87.354,False,1831.42,149.8,366309.4,,,0.75,False,False,False
6.7444532,1523,52.0,263.0,21.528,108.882,211.0,87.354,211.0,87.354,False,1823.64,150.02,365077.2,,,0.75,False,False,False
6.7488816,1524,52.0,263.0,21.528,108.882,211.0,87.354,211.0,87.354,False,1814.3,149.84,363489.8,,,0.75,False,False,False
6.75331,1525,52.0,263.0,21.528,108.882,211.0,87.354,211.0,87.354,False,1810.7200000000005,149.8,361467.1999999999,,,0.75,False,False,False
6.7577384,1526,52.0,263.0,21.528,108.882,211.0,87.354,211.0,87.354,False,1800.3200000000002,149.42000000000002,359721.0,,,0.75,False,False,False
6.7621668,1527,52.0,263.0,21.528,108.882,211.0,87.354,211.0,87.354,False,1797.2800000000002,149.4,358808.2,,,0.75,False,False,False
6.766595199999999,1528,52.0,263.0,21.528,108.882,211.0,87.354,211.0,87.354,False,1797.9200000000008,149.22,356917.60000000003,,,0.75,False,False,False
6.7710235999999995,1529,52.0,263.0,21.528,108.882,211.0,87.354,211.0,87.354,False,1790.14,148.8,355689.4,,,0.75,False,False,False
6.775452,1530,52.0,263.0,21.528,108.882,211.0,87.354,211.0,87.354,False,1773.8000000000002,148.82000000000002,354926.6,,,0.75,False,False,False
6.7798804,1531,52.0,263.0,21.528,108.882,211.0,87.354,211.0,87.354,False,1776.4800000000002,149.0,353497.0,,,0.75,False,False,False
6.7843088,1532,52.0,263.0,21.528,108.882,211.0,87.354,211.0,87.354,False,1752.68,149.2,351658.19999999995,,,0.75,False,False,False
6.7887372,1533,52.0,263.0,21.528,108.882,211.0,87.354,211.0,87.354,False,1746.0400000000002,149.6,350192.80000000005,,,0.75,False,False,False
6.7931656,1534,52.0,263.0,21.528,108.882,211.0,87.354,211.0,87.354,False,1743.0600000000002,149.2,347978.80000000005,,,0.75,False,False,False
6.797594,1535,52.0,263.0,21.528,108.882,211.0,87.354,211.0,87.354,False,1744.9600000000005,149.42000000000002,345757.19999999995,,,0.75,False,False,False
6.8020224,1536,52.0,263.0,21.528,108.882,211.0,87.354,211.0,87.354,False,1724.0800000000002,150.02,344214.0,,,0.75,False,False,False
6.8064507999999995,1537,52.0,263.0,21.528,108.882,211.0,87.354,211.0,87.354,False,1715.18,149.6,342018.4,,,0.75,False,False,False
6.8108792,1538,52.0,263.0,21.528,108.882,211.0,87.354,211.0,87.354,False,1712.42,150.0,339848.6,,,0.75,False,False,False
6.8153076,1539,52.0,263.0,21.528,108.882,211.0,87.354,211.0,87.354,False,1700.2800000000002,149.6,338453.6,,,0.75,False,False,False
6.819736,1540,52.0,263.0,21.528,108.882,211.0,87.354,211.0,87.354,False,1689.6,149.2,336790.2,,,0.75,False,False,False
6.8241644,1541,52.0,263.0,21.528,108.882,211.0,87.354,211.0,87.354,False,1694.6,148.4,335250.4,,,0.75,False,False,False
6.8285928,1542,52.0,263.0,21.528,108.882,211.0,87.354,211.0,87.354,False,1678.44,148.82000000000002,333624.4,,,0.75,False,False,False
6.8330212,1543,52.0,263.0,21.528,108.882,211.0,87.354,211.0,87.354,False,1668.28,149.0,331902.4,,,0.75,False,False,False
6.8374496,1544,52.0,263.0,21.528,108.882,211.0,87.354,211.0,87.354,False,1642.68,148.82000000000002,329309.8,,,0.75,False,False,False
6.8418779999999995,1545,52.0,263.0,21.528,108.882,211.0,87.354,211.0,87.354,False,1635.0800000000004,148.82000000000002,326901.4,,,0.75,False,False,False
6.8463064,1546,52.0,263.0,21.528,108.882,211.0,87.354,211.0,87.354,False,1612.14,148.82000000000002,324399.0,,,0.75,False,False,False
6.8507348,1547,52.0,263.0,21.528,108.882,211.0,87.354,211.0,87.354,False,1600.0400000000002,149.2,322301.4,,,0.75,False,False,False
6.8551632,1548,52.0,263.0,21.528,108.882,211.0,87.354,211.0,87.354,False,1583.92,148.82000000000002,319851.19999999995,,,0.75,False,False,False
6.8595916,1549,52.0,263.0,21.528,108.882,211.0,87.354,211.0,87.354,False,1570.88,148.8,318097.39999999997,,,0.75,False,False,False
6.86402,1550,52.0,263.0,21.528,108.882,211.0,87.354,211.0,87.354,False,1571.38,149.0,316574.6,,,0.75,False,False,False
6.8684484,1551,52.0,263.0,21.528,108.882,211.0,87.354,211.0,87.354,False,1563.16,148.8,314353.2,,,0.75,False,False,False
6.8728768,1552,52.0,263.0,21.528,108.882,211.0,87.354,211.0,87.354,False,1556.74,148.6,312287.0,,,0.75,False,False,False
6.8773051999999995,1553,52.0,263.0,21.528,108.882,211.0,87.354,211.0,87.354,False,1546.2600000000002,148.42000000000002,310903.0,,,0.75,False,False,False
6.8817336,1554,52.0,263.0,21.528,108.882,211.0,87.354,211.0,87.354,False,1528.3000000000002,148.6,308912.6,,,0.75,False,False,False
6.886162,1555,53.0,263.0,21.942,108.882,210.0,86.94,210.0,86.94,False,1524.8200000000002,148.8,306164.6,,,0.75,False,False,False
6.8905904,1556,53.0,263.0,21.942,108.882,210.0,86.94,210.0,86.94,False,1514.94,149.2,304116.8,,,0.75,False,False,False
6.8950188,1557,53.0,263.0,21.942,108.882,210.0,86.94,210.0,86.94,False,1508.2600000000002,148.8,302660.8,,,0.75,False,False,False
6.8994472,1558,53.0,263.0,21.942,108.882,210.0,86.94,210.0,86.94,False,1499.2800000000002,148.4,300515.6,,,0.75,False,False,False
6.9038756,1559,53.0,263.0,21.942,108.882,210.0,86.94,210.0,86.94,False,1483.32,148.62,298619.60000000003,,,0.75,False,False,False
6.908304,1560,53.0,263.0,21.942,108.882,210.0,86.94,210.0,86.94,False,1485.1400000000003,148.82000000000002,296992.0,,,0.75,False,False,False
6.9127323999999994,1561,53.0,263.0,21.942,108.882,210.0,86.94,210.0,86.94,False,1477.28,148.84,295394.4,,,0.75,False,False,False
6.9171608,1562,53.0,263.0,21.942,108.882,210.0,86.94,210.0,86.94,False,1453.9,149.6,292797.2,,,0.75,False,False,False
6.9215892,1563,53.0,263.0,21.942,108.882,210.0,86.94,210.0,86.94,False,1452.58,149.2,290926.6,,,0.75,False,False,False
6.9260176,1564,53.0,263.0,21.942,108.882,210.0,86.94,210.0,86.94,False,1430.2400000000002,149.2,289085.0,,,0.75,False,False,False
6.930446,1565,53.0,263.0,21.942,108.882,210.0,86.94,210.0,86.94,False,1426.16,149.2,286629.80000000005,,,0.75,False,False,False
6.9348744,1566,53.0,264.0,21.942,109.296,211.0,87.354,211.0,87.354,False,1415.8200000000002,149.42000000000002,284639.6,,,0.75,False,False,False
6.9393028,1567,52.0,264.0,21.528,109.296,212.0,87.768,212.0,87.768,False,1409.58,149.22,282931.80000000005,,,0.75,False,False,False
6.9437312,1568,52.0,264.0,21.528,109.296,212.0,87.768,212.0,87.768,False,1400.14,148.8,280559.0,,,0.75,False,False,False
6.948159599999999,1569,52.0,264.0,21.528,109.296,212.0,87.768,212.0,87.768,False,1380.7,148.8,278641.0,,,0.75,False,False,False
6.9525879999999995,1570,52.0,264.0,21.528,109.296,212.0,87.768,212.0,87.768,False,1373.32,148.82000000000002,276544.0,,,0.75,False,False,False
6.9570164,1571,52.0,264.0,21.528,109.296,212.0,87.768,212.0,87.768,False,1346.44,148.8,274130.8,,,0.75,False,False,False
6.9614448,1572,52.0,264.0,21.528,109.296,212.0,87.768,212.0,87.768,False,1326.0800000000002,148.6,271978.80000000005,,,0.75,False,False,False
6.9658732,1573,52.0,264.0,21.528,109.296,212.0,87.768,212.0,87.768,False,1320.48,148.8,269879.6,,,0.75,False,False,False
6.9703016,1574,52.0,264.0,21.528,109.296,212.0,87.768,212.0,87.768,False,1309.64,148.6,267412.0,,,0.75,False,False,False
6.97473,1575,52.0,264.0,21.528,109.296,212.0,87.768,212.0,87.768,False,1298.76,149.0,265732.0,,,0.75,False,False,False
6.9791584,1576,52.0,264.0,21.528,109.296,212.0,87.768,212.0,87.768,False,1278.0200000000002,149.2,263956.39999999997,,,0.75,False,False,False
6.983586799999999,1577,52.0,264.0,21.528,109.296,212.0,87.768,212.0,87.768,False,1260.6,149.42000000000002,262227.8,,,0.75,False,False,False
6.9880151999999995,1578,52.0,264.0,21.528,109.296,212.0,87.768,212.0,87.768,False,1250.8000000000002,149.02,260533.0,,,0.75,False,False,False
6.9924436,1579,52.0,264.0,21.528,109.296,212.0,87.768,212.0,87.768,False,1234.8600000000004,148.8,259059.2,,,0.75,False,False,False
6.996872,1580,52.0,264.0,21.528,109.296,212.0,87.768,212.0,87.768,False,1220.54,148.8,257427.4,,,0.75,False,False,False
7.0013004,1581,52.0,264.0,21.528,109.296,212.0,87.768,212.0,87.768,False,1214.68,148.8,256088.4,,,0.75,False,False,False
7.0057288,1582,52.0,264.0,21.528,109.296,212.0,87.768,212.0,87.768,False,1208.38,148.8,253877.4,,,0.75,False,False,False
7.0101572,1583,52.0,264.0,21.528,109.296,212.0,87.768,212.0,87.768,False,1198.76,149.02,252370.6,,,0.75,False,False,False
7.0145856,1584,52.0,264.0,21.528,109.296,212.0,87.768,212.0,87.768,False,1205.36,148.82000000000002,250810.6,,,0.75,False,False,False
7.019013999999999,1585,52.0,264.0,21.528,109.296,212.0,87.768,212.0,87.768,False,1198.0200000000002,149.2,249597.6,,,0.75,False,False,False
7.0234423999999995,1586,52.0,264.0,21.528,109.296,212.0,87.768,212.0,87.768,False,1198.0,148.82000000000002,247832.4,,,0.75,False,False,False
7.0278708,1587,52.0,264.0,21.528,109.296,212.0,87.768,212.0,87.768,False,1179.94,149.0,246813.2,,,0.75,False,False,False
7.0322992,1588,52.0,264.0,21.528,109.296,212.0,87.768,212.0,87.768,False,1176.72,149.0,245930.4,,,0.75,False,False,False
7.0367276,1589,51.0,264.0,21.113999999999997,109.296,213.0,88.182,213.0,88.182,False,1171.22,148.8,245221.00000000003,,,0.75,False,False,False
7.041156,1590,51.0,264.0,21.113999999999997,109.296,213.0,88.182,213.0,88.182,False,1173.3000000000002,149.4,245319.0,,,0.75,False,False,False
7.0455844,1591,52.0,264.0,21.528,109.296,212.0,87.768,213.0,88.182,True,1159.96,149.22,245253.8,,,0.75,False,False,False
7.0500128,1592,51.0,265.0,21.113999999999997,109.71,214.0,88.59599999999999,214.0,88.59599999999999,False,1162.34,149.4,244973.79999999996,,,0.75,False,False,False
7.054441199999999,1593,51.0,265.0,21.113999999999997,109.71,214.0,88.59599999999999,214.0,88.59599999999999,False,1169.48,148.82000000000002,244590.8,,,0.75,False,False,False
7.0588695999999995,1594,51.0,265.0,21.113999999999997,109.71,214.0,88.59599999999999,214.0,88.59599999999999,False,1173.74,149.4,243833.8,,,0.75,False,False,False
7.063298,1595,51.0,265.0,21.113999999999997,109.71,214.0,88.59599999999999,214.0,88.59599999999999,False,1157.36,149.4,242160.6,,,0.75,False,False,False
7.0677264,1596,51.0,265.0,21.113999999999997,109.71,214.0,88.59599999999999,214.0,88.59599999999999,False,1163.24,148.8,241405.8,,,0.75,False,False,False
7.0721548,1597,51.0,265.0,21.113999999999997,109.71,214.0,88.59599999999999,214.0,88.59599999999999,False,1166.4400000000005,148.8,240697.4,,,0.75,False,False,False
7.0765832,1598,50.0,265.0,20.7,109.71,215.0,89.00999999999999,215.0,89.00999999999999,False,1151.16,149.22,239783.4,,,0.75,False,False,False
7.0810116,1599,50.0,265.0,20.7,109.71,215.0,89.00999999999999,215.0,89.00999999999999,False,1164.1,148.62,239563.60000000003,,,0.75,False,False,False
7.08544,1600,50.0,265.0,20.7,109.71,215.0,89.00999999999999,215.0,89.00999999999999,False,1159.7400000000002,149.2,239044.8,,,0.75,False,False,False
7.089868399999999,1601,50.0,265.0,20.7,109.71,215.0,89.00999999999999,215.0,89.00999999999999,False,1163.5800000000002,148.6,238359.6,,,0.75,False,False,False
7.0942967999999995,1602,50.0,265.0,20.7,109.71,215.0,89.00999999999999,215.0,89.00999999999999,False,1163.3200000000002,149.02,237259.8,,,0.75,False,False,False
7.0987252,1603,49.0,265.0,20.286,109.71,216.0,89.42399999999999,216.0,89.42399999999999,False,1160.72,149.22,236219.8,,,0.75,False,False,False
7.1031536,1604,49.0,265.0,20.286,109.71,216.0,89.42399999999999,216.0,89.42399999999999,False,1141.5800000000002,149.2,235526.0,,,0.75,False,False,False
7.107582,1605,49.0,265.0,20.286,109.71,216.0,89.42399999999999,216.0,89.42399999999999,False,1153.2,149.0,234949.8,,,0.75,False,False,False
7.1120104,1606,48.0,264.0,19.872,109.296,216.0,89.42399999999999,216.0,89.42399999999999,False,1146.9600000000005,149.22,233817.4,,,0.75,False,False,False
7.1164388,1607,48.0,264.0,19.872,109.296,216.0,89.42399999999999,216.0,89.42399999999999,False,1144.9000000000003,149.02,233544.4,,,0.75,False,False,False
7.1208672,1608,47.0,257.0,19.458,106.398,210.0,86.94,211.0,87.354,True,1144.56,149.02,233352.6,,,0.75,False,False,False
7.125295599999999,1609,46.0,257.0,19.044,106.398,211.0,87.354,211.0,87.354,False,1128.36,149.0,232208.39999999997,,,0.75,False,False,False
7.1297239999999995,1610,46.0,258.0,19.044,106.812,212.0,87.768,212.0,87.768,False,1121.74,149.02,231523.0,,,0.75,False,False,False
7.1341524,1611,46.0,258.0,19.044,106.812,212.0,87.768,212.0,87.768,False,1111.28,149.02,230579.6,,,0.75,False,False,False
7.1385808,1612,46.0,258.0,19.044,106.812,212.0,87.768,212.0,87.768,False,1104.3200000000002,149.22,229837.0,,,0.75,False,False,False
7.1430092,1613,45.0,257.0,18.63,106.398,212.0,87.768,212.0,87.768,False,1102.74,149.4,229187.8,,,0.75,False,False,False
7.1474376,1614,45.0,253.0,18.63,104.742,208.0,86.112,211.0,87.354,True,1108.74,149.62,228851.0,,,0.75,False,False,False
7.151866,1615,45.0,256.0,18.63,105.984,211.0,87.354,209.0,86.526,True,1098.76,149.6,228339.0,,,0.75,False,False,False
7.1562944,1616,45.0,254.0,18.63,105.156,209.0,86.526,209.0,86.526,False,1096.0600000000002,150.02,228286.8,,,0.75,False,False,False
7.160722799999999,1617,45.0,253.0,18.63,104.742,208.0,86.112,208.0,86.112,False,1093.0,149.8,227959.8,,,0.75,False,False,False
7.1651511999999995,1618,44.0,252.0,18.216,104.328,208.0,86.112,208.0,86.112,False,1093.58,149.62,226876.4,,,0.75,False,False,False
7.1695796,1619,44.0,254.0,18.216,105.156,210.0,86.94,210.0,86.94,False,1084.98,149.42000000000002,226136.2,,,0.75,False,False,False
7.174008,1620,44.0,255.0,18.216,105.57,211.0,87.354,210.0,86.94,True,1086.42,150.02,225257.0,,,0.75,False,False,False
7.1784364,1621,44.0,252.0,18.216,104.328,208.0,86.112,208.0,86.112,False,1080.48,149.8,224753.4,,,0.75,False,False,False
7.1828648,1622,43.0,249.0,17.802,103.086,206.0,85.28399999999999,208.0,86.112,True,1080.68,149.6,223867.2,,,0.75,False,False,False
7.1872932,1623,43.0,251.0,17.802,103.914,208.0,86.112,208.0,86.112,False,1071.1,150.02,223448.6,,,0.75,False,False,False
7.1917216,1624,43.0,251.0,17.802,103.914,208.0,86.112,208.0,86.112,False,1064.3200000000002,149.5,222778.2,,,0.75,False,False,False
7.196149999999999,1625,43.0,254.0,17.802,105.156,211.0,87.354,208.0,86.112,True,1056.36,149.42000000000002,222097.0,,,0.75,False,False,False
7.2005783999999995,1626,43.0,251.0,17.802,103.914,208.0,86.112,208.0,86.112,False,1065.64,149.6,221605.4,,,0.75,False,False,False
7.2050068,1627,43.0,251.0,17.802,103.914,208.0,86.112,208.0,86.112,False,1072.36,149.2,220806.4,,,0.75,False,False,False
7.2094352,1628,43.0,256.0,17.802,105.984,213.0,88.182,208.0,86.112,True,1062.34,149.2,219893.0,,,0.75,False,False,False
7.2138636,1629,43.0,251.0,17.802,103.914,208.0,86.112,208.0,86.112,False,1065.54,149.22,219587.6,,,0.75,False,False,False
7.218292,1630,43.0,251.0,17.802,103.914,208.0,86.112,208.0,86.112,False,1053.9,149.4,219270.4,,,0.75,False,False,False
7.2227204,1631,43.0,251.0,17.802,103.914,208.0,86.112,208.0,86.112,False,1054.6800000000003,149.62,218866.4,,,0.75,False,False,False
7.2271488,1632,43.0,251.0,17.802,103.914,208.0,86.112,208.0,86.112,False,1034.6,149.82000000000002,218638.4,,,0.75,False,False,False
7.231577199999999,1633,43.0,253.0,17.802,104.742,210.0,86.94,208.0,86.112,True,1048.1400000000003,150.4,218501.6,,,0.75,False,False,False
7.2360056,1634,43.0,251.0,17.802,103.914,208.0,86.112,210.0,86.94,True,1040.38,150.6,217688.0,,,0.75,False,False,False
7.240434,1635,43.0,253.0,17.802,104.742,210.0,86.94,209.0,86.526,True,1035.96,150.8,217111.6,,,0.75,False,False,False
7.2448624,1636,43.0,252.0,17.802,104.328,209.0,86.526,210.0,86.94,True,1027.58,150.22,216356.4,,,0.75,False,False,False
7.2492908,1637,42.0,252.0,17.387999999999998,104.328,210.0,86.94,210.0,86.94,False,1024.7200000000005,150.22,216179.4,,,0.75,False,False,False
7.2537192,1638,42.0,254.0,17.387999999999998,105.156,212.0,87.768,212.0,87.768,False,1022.6,150.2,215954.8,,,0.75,False,False,False
7.2581476,1639,42.0,254.0,17.387999999999998,105.156,212.0,87.768,212.0,87.768,False,1008.54,149.82000000000002,215900.2,,,0.75,False,False,False
7.262576,1640,42.0,255.0,17.387999999999998,105.57,213.0,88.182,213.0,88.182,False,1018.4,150.22,215739.6,,,0.75,False,False,False
7.267004399999999,1641,41.0,255.0,16.974,105.57,214.0,88.59599999999999,214.0,88.59599999999999,False,1029.5,149.42000000000002,215951.6,,,0.75,False,False,False
7.2714328,1642,41.0,255.0,16.974,105.57,214.0,88.59599999999999,214.0,88.59599999999999,False,1024.92,150.02,215304.2,,,0.75,False,False,False
7.2758612,1643,41.0,254.0,16.974,105.156,213.0,88.182,213.0,88.182,False,1018.04,150.4,214768.8,,,0.75,False,False,False
7.2802896,1644,41.0,254.0,16.974,105.156,213.0,88.182,213.0,88.182,False,1022.5800000000002,149.82000000000002,214033.4,,,0.75,False,False,False
7.284718,1645,41.0,256.0,16.974,105.984,215.0,89.00999999999999,215.0,89.00999999999999,False,1016.12,149.4,213802.2,,,0.75,False,False,False
7.2891464,1646,41.0,256.0,16.974,105.984,215.0,89.00999999999999,215.0,89.00999999999999,False,1014.26,150.2,212895.0,,,0.75,False,False,False
7.2935748,1647,40.0,258.0,16.56,106.812,218.0,90.252,218.0,90.252,False,1011.8400000000004,149.82000000000002,212787.2,,,0.75,False,False,False
7.2980032,1648,40.0,258.0,16.56,106.812,218.0,90.252,218.0,90.252,False,1008.3200000000002,149.82000000000002,212812.8,,,0.75,False,False,False
7.302431599999999,1649,40.0,257.0,16.56,106.398,217.0,89.838,217.0,89.838,False,1001.42,150.0,212696.4,,,0.75,False,False,False
7.30686,1650,40.0,257.0,16.56,106.398,217.0,89.838,217.0,89.838,False,995.16,149.6,212726.4,,,0.75,False,False,False
7.3112884,1651,40.0,257.0,16.56,106.398,217.0,89.838,217.0,89.838,False,997.04,149.62,212272.4,,,0.75,False,False,False
7.3157168,1652,40.0,257.0,16.56,106.398,217.0,89.838,217.0,89.838,False,989.46,149.42000000000002,211422.0,,,0.75,False,False,False
7.3201452,1653,42.0,257.0,17.387999999999998,106.398,215.0,89.00999999999999,216.0,89.42399999999999,True,986.3200000000002,149.6,211331.0,,,0.75,False,False,False
7.3245736,1654,42.0,258.0,17.387999999999998,106.812,216.0,89.42399999999999,216.0,89.42399999999999,False,989.28,149.8,211350.4,,,0.75,False,False,False
7.329002,1655,42.0,259.0,17.387999999999998,107.226,217.0,89.838,216.0,89.42399999999999,True,979.3200000000002,150.02,210853.4,,,0.75,False,False,False
7.3334304,1656,42.0,258.0,17.387999999999998,106.812,216.0,89.42399999999999,217.0,89.838,True,981.66,150.2,210803.2,,,0.75,False,False,False
7.337858799999999,1657,41.0,258.0,16.974,106.812,217.0,89.838,217.0,89.838,False,980.22,150.2,211000.4,,,0.75,False,False,False
7.3422872,1658,41.0,259.0,16.974,107.226,218.0,90.252,218.0,90.252,False,981.2,150.02,210584.2,,,0.75,False,False,False
7.3467156,1659,41.0,260.0,16.974,107.64,219.0,90.666,219.0,90.666,False,979.38,150.02,209734.2,,,0.75,False,False,False
7.351144,1660,41.0,260.0,16.974,107.64,219.0,90.666,219.0,90.666,False,979.74,149.82000000000002,209250.8,,,0.75,False,False,False
7.3555724,1661,41.0,260.0,16.974,107.64,219.0,90.666,219.0,90.666,False,976.12,150.0,209349.4,,,0.75,False,False,False
7.3600008,1662,41.0,260.0,16.974,107.64,219.0,90.666,219.0,90.666,False,981.2000000000002,149.23999999999998,209203.2,,,0.75,False,False,False
7.3644292,1663,41.0,260.0,16.974,107.64,219.0,90.666,219.0,90.666,False,973.26,149.6,208224.8,,,0.75,False,False,False
7.3688576,1664,41.0,266.0,16.974,110.124,225.0,93.15,219.0,90.666,True,967.46,149.82000000000002,208549.2,,,0.75,False,False,False
7.373286,1665,41.0,258.0,16.974,106.812,217.0,89.838,217.0,89.838,False,975.34,149.64,208526.8,,,0.75,False,False,False
7.3777144,1666,41.0,258.0,16.974,106.812,217.0,89.838,217.0,89.838,False,967.66,149.8,208273.4,,,0.75,False,False,False
7.3821428,1667,52.0,259.0,21.528,107.226,207.0,85.698,207.0,85.698,False,973.46,149.6,207650.4,,,0.75,False,False,False
7.3865712,1668,52.0,259.0,21.528,107.226,207.0,85.698,207.0,85.698,False,979.76,149.0,207941.6,,,0.75,False,False,False
7.3909996,1669,52.0,259.0,21.528,107.226,207.0,85.698,207.0,85.698,False,970.26,149.42000000000002,207541.8,,,0.75,False,False,False
7.395428,1670,52.0,261.0,21.528,108.054,209.0,86.526,209.0,86.526,False,966.04,149.8,207008.8,,,0.75,False,False,False
7.3998564,1671,52.0,261.0,21.528,108.054,209.0,86.526,209.0,86.526,False,974.12,149.42000000000002,206602.8,,,0.75,False,False,False
7.4042848,1672,52.0,266.0,21.528,110.124,214.0,88.59599999999999,209.0,86.526,True,975.12,149.23999999999998,206730.0,,,0.75,False,False,False
7.4087132,1673,52.0,261.0,21.528,108.054,209.0,86.526,214.0,88.59599999999999,True,978.42,149.6,206243.6,,,0.75,False,False,False
7.413141599999999,1674,52.0,266.0,21.528,110.124,214.0,88.59599999999999,214.0,88.59599999999999,False,970.54,149.42000000000002,205777.0,,,0.75,False,False,False
7.41757,1675,52.0,267.0,21.528,110.538,215.0,89.00999999999999,215.0,89.00999999999999,False,965.3200000000002,149.4,205778.6,,,0.75,False,False,False
7.4219984,1676,52.0,267.0,21.528,110.538,215.0,89.00999999999999,215.0,89.00999999999999,False,956.54,149.62,205305.2,,,0.75,False,False,False
7.4264268,1677,52.0,267.0,21.528,110.538,215.0,89.00999999999999,215.0,89.00999999999999,False,955.34,150.02,204650.4,,,0.75,False,False,False
7.4308552,1678,52.0,267.0,21.528,110.538,215.0,89.00999999999999,215.0,89.00999999999999,False,956.1800000000002,150.22,204418.8,,,0.75,False,False,False
7.4352836,1679,52.0,267.0,21.528,110.538,215.0,89.00999999999999,215.0,89.00999999999999,False,945.64,150.8,204290.4,,,0.75,False,False,False
7.439712,1680,52.0,266.0,21.528,110.124,214.0,88.59599999999999,214.0,88.59599999999999,False,943.58,150.62,203860.8,,,0.75,False,False,False
7.4441404,1681,52.0,266.0,21.528,110.124,214.0,88.59599999999999,214.0,88.59599999999999,False,950.46,150.22,203688.8,,,0.75,False,False,False
7.448568799999999,1682,52.0,263.0,21.528,108.882,211.0,87.354,211.0,87.354,False,951.38,150.0,203556.0,,,0.75,False,False,False
7.4529972,1683,52.0,263.0,21.528,108.882,211.0,87.354,211.0,87.354,False,951.44,150.22,203358.8,,,0.75,False,False,False
7.4574256,1684,52.0,267.0,21.528,110.538,215.0,89.00999999999999,211.0,87.354,True,942.1200000000002,150.02,203562.0,,,0.75,False,False,False
7.461854,1685,52.0,263.0,21.528,108.882,211.0,87.354,213.0,88.182,True,946.9600000000002,150.4,203498.4,,,0.75,False,False,False
7.4662824,1686,52.0,265.0,21.528,109.71,213.0,88.182,213.0,88.182,False,941.32,150.6,203680.60000000003,,,0.75,False,False,False
7.4707108,1687,52.0,267.0,21.528,110.538,215.0,89.00999999999999,215.0,89.00999999999999,False,942.8,150.2,204019.0,,,0.75,False,False,False
7.4751392,1688,52.0,277.0,21.528,114.678,225.0,93.15,225.0,93.15,False,946.32,150.2,203932.4,,,0.75,False,False,False
7.4795676,1689,52.0,277.0,21.528,114.678,225.0,93.15,225.0,93.15,False,938.52,150.2,203537.4,,,0.75,False,False,False
7.483995999999999,1690,51.0,277.0,21.113999999999997,114.678,226.0,93.564,225.0,93.15,True,935.7,150.2,203292.2,,,0.75,False,False,False
7.4884244,1691,52.0,277.0,21.528,114.678,225.0,93.15,226.0,93.564,True,934.52,150.42000000000002,202861.4,,,0.75,False,False,False
7.4928528,1692,51.0,277.0,21.113999999999997,114.678,226.0,93.564,225.0,93.15,True,921.0,150.2,202521.0,,,0.75,False,False,False
7.4972812,1693,51.0,266.0,21.113999999999997,110.124,215.0,89.00999999999999,224.0,92.736,True,930.0000000000002,150.22,202627.6,,,0.75,False,False,False
7.5017096,1694,51.0,275.0,21.113999999999997,113.85,224.0,92.736,224.0,92.736,False,923.8,150.62,202903.0,,,0.75,False,False,False
7.506138,1695,51.0,275.0,21.113999999999997,113.85,224.0,92.736,224.0,92.736,False,926.4,150.22,202768.8,,,0.75,False,False,False
7.5105664,1696,51.0,275.0,21.113999999999997,113.85,224.0,92.736,224.0,92.736,False,928.48,150.4,202913.8,,,0.75,False,False,False
7.5149948,1697,51.0,275.0,21.113999999999997,113.85,224.0,92.736,224.0,92.736,False,930.62,150.62,202820.2,,,0.75,False,False,False
7.519423199999999,1698,51.0,268.0,21.113999999999997,110.952,217.0,89.838,217.0,89.838,False,941.28,150.2,202751.00000000003,,,0.75,False,False,False
7.5238516,1699,51.0,268.0,21.113999999999997,110.952,217.0,89.838,217.0,89.838,False,932.78,150.2,202142.0,,,0.75,False,False,False
7.52828,1700,51.0,276.0,21.113999999999997,114.264,225.0,93.15,225.0,93.15,False,922.4,150.02,202201.8,,,0.75,False,False,False
7.5327084,1701,51.0,276.0,21.113999999999997,114.264,225.0,93.15,225.0,93.15,False,925.88,149.62,202187.6,,,0.75,False,False,False
7.5371368,1702,51.0,276.0,21.113999999999997,114.264,225.0,93.15,225.0,93.15,False,926.9400000000002,150.0,201927.2,,,0.75,False,False,False
7.5415652,1703,51.0,276.0,21.113999999999997,114.264,225.0,93.15,225.0,93.15,False,922.9,149.82000000000002,201749.8,,,0.75,False,False,False
7.5459936,1704,51.0,276.0,21.113999999999997,114.264,225.0,93.15,225.0,93.15,False,921.26,149.62,201713.2,,,0.75,False,False,False
7.550422,1705,51.0,276.0,21.113999999999997,114.264,225.0,93.15,225.0,93.15,False,922.36,149.6,201430.0,,,0.75,False,False,False
7.554850399999999,1706,51.0,276.0,21.113999999999997,114.264,225.0,93.15,225.0,93.15,False,921.76,149.8,201029.2,,,0.75,False,False,False
7.5592788,1707,51.0,277.0,21.113999999999997,114.678,226.0,93.564,226.0,93.564,False,917.12,150.4,201163.2,,,0.75,False,False,False
7.5637072,1708,51.0,278.0,21.113999999999997,115.092,227.0,93.978,227.0,93.978,False,915.96,151.02,201445.8,,,0.75,False,False,False
7.5681356,1709,51.0,279.0,21.113999999999997,115.506,228.0,94.392,228.0,94.392,False,919.4,150.8,201271.8,,,0.75,False,False,False
7.572564,1710,51.0,279.0,21.113999999999997,115.506,228.0,94.392,228.0,94.392,False,924.86,150.6,201583.2,,,0.75,False,False,False
7.5769924,1711,51.0,279.0,21.113999999999997,115.506,228.0,94.392,228.0,94.392,False,924.2,150.4,202002.6,,,0.75,False,False,False
7.5814208,1712,51.0,279.0,21.113999999999997,115.506,228.0,94.392,228.0,94.392,False,930.44,150.42000000000002,201989.8,,,0.75,False,False,False
7.5858492,1713,51.0,279.0,21.113999999999997,115.506,228.0,94.392,228.0,94.392,False,920.74,149.82000000000002,201510.60000000003,,,0.75,False,False,False
7.590277599999999,1714,51.0,279.0,21.113999999999997,115.506,228.0,94.392,228.0,94.392,False,923.34,150.0,201749.2,,,0.75,False,False,False
7.594706,1715,51.0,277.0,21.113999999999997,114.678,226.0,93.564,226.0,93.564,False,919.48,149.6,201584.4,,,0.75,False,False,False
7.5991344,1716,51.0,277.0,21.113999999999997,114.678,226.0,93.564,226.0,93.564,False,924.3,149.6,201371.4,,,0.75,False,False,False
7.6035628,1717,51.0,277.0,21.113999999999997,114.678,226.0,93.564,226.0,93.564,False,923.44,149.62,200861.4,,,0.75,False,False,False
7.6079912,1718,51.0,277.0,21.113999999999997,114.678,226.0,93.564,226.0,93.564,False,916.46,150.0,201133.0,,,0.75,False,False,False
7.6124196,1719,51.0,277.0,21.113999999999997,114.678,226.0,93.564,226.0,93.564,False,910.88,150.4,201067.00000000003,,,0.75,False,False,False
7.616848,1720,51.0,278.0,21.113999999999997,115.092,227.0,93.978,226.0,93.564,True,904.16,150.02,201274.4,,,0.75,False,False,False
7.6212764,1721,51.0,277.0,21.113999999999997,114.678,226.0,93.564,227.0,93.978,True,902.3200000000002,150.02,201010.2,,,0.75,False,False,False
7.625704799999999,1722,51.0,279.0,21.113999999999997,115.506,228.0,94.392,226.0,93.564,True,903.3,150.4,201098.0,,,0.75,False,False,False
7.6301332,1723,51.0,277.0,21.113999999999997,114.678,226.0,93.564,226.0,93.564,False,900.58,150.22,200681.4,,,0.75,False,False,False
7.6345616,1724,51.0,277.0,21.113999999999997,114.678,226.0,93.564,226.0,93.564,False,905.78,150.2,200471.60000000003,,,0.75,False,False,False
7.63899,1725,51.0,277.0,21.113999999999997,114.678,226.0,93.564,226.0,93.564,False,905.34,149.82000000000002,199752.2,,,0.75,False,False,False
7.6434184,1726,51.0,278.0,21.113999999999997,115.092,227.0,93.978,227.0,93.978,False,899.28,149.82000000000002,199504.8,,,0.75,False,False,False
7.6478468,1727,51.0,278.0,21.113999999999997,115.092,227.0,93.978,227.0,93.978,False,907.98,149.82000000000002,199485.6,,,0.75,False,False,False
7.6522752,1728,51.0,278.0,21.113999999999997,115.092,227.0,93.978,227.0,93.978,False,914.54,149.82000000000002,199622.0,,,0.75,False,False,False
7.6567036,1729,51.0,278.0,21.113999999999997,115.092,227.0,93.978,227.0,93.978,False,906.14,149.6,198822.2,,,0.75,False,False,False
7.661131999999999,1730,51.0,278.0,21.113999999999997,115.092,227.0,93.978,227.0,93.978,False,907.0,149.8,199047.6,,,0.75,False,False,False
7.6655604,1731,51.0,278.0,21.113999999999997,115.092,227.0,93.978,227.0,93.978,False,902.08,149.62,199345.4,,,0.75,False,False,False
7.6699888,1732,51.0,280.0,21.113999999999997,115.92,229.0,94.806,227.0,93.978,True,900.22,149.6,199700.4,,,0.75,False,False,False
7.6744172,1733,51.0,278.0,21.113999999999997,115.092,227.0,93.978,227.0,93.978,False,896.1800000000001,149.22,199448.6,,,0.75,False,False,False
7.6788456,1734,51.0,278.0,21.113999999999997,115.092,227.0,93.978,227.0,93.978,False,904.4,149.6,200237.8,,,0.75,False,False,False
7.683274,1735,51.0,278.0,21.113999999999997,115.092,227.0,93.978,227.0,93.978,False,902.4,149.6,200613.2,,,0.75,False,False,False
7.6877024,1736,51.0,278.0,21.113999999999997,115.092,227.0,93.978,227.0,93.978,False,903.92,149.42000000000002,200326.4,,,0.75,False,False,False
7.6921308,1737,51.0,279.0,21.113999999999997,115.506,228.0,94.392,228.0,94.392,False,899.98,149.82000000000002,199695.39999999997,,,0.75,False,False,False
7.696559199999999,1738,51.0,280.0,21.113999999999997,115.92,229.0,94.806,229.0,94.806,False,897.76,149.42000000000002,199866.6,,,0.75,False,False,False
7.7009876,1739,51.0,280.0,21.113999999999997,115.92,229.0,94.806,229.0,94.806,False,898.6,149.42000000000002,199999.6,,,0.75,False,False,False
7.705416,1740,51.0,280.0,21.113999999999997,115.92,229.0,94.806,229.0,94.806,False,895.48,149.42000000000002,199477.4,,,0.75,False,False,False
7.7098444,1741,51.0,280.0,21.113999999999997,115.92,229.0,94.806,229.0,94.806,False,890.46,149.62,199246.2,,,0.75,False,False,False
7.7142728,1742,51.0,280.0,21.113999999999997,115.92,229.0,94.806,229.0,94.806,False,892.36,149.82000000000002,199523.6,,,0.75,False,False,False
7.7187012,1743,51.0,280.0,21.113999999999997,115.92,229.0,94.806,229.0,94.806,False,895.74,150.2,199642.4,,,0.75,False,False,False
7.7231296,1744,51.0,280.0,21.113999999999997,115.92,229.0,94.806,229.0,94.806,False,892.76,150.0,199830.2,,,0.75,False,False,False
7.727558,1745,51.0,280.0,21.113999999999997,115.92,229.0,94.806,229.0,94.806,False,899.1000000000001,150.0,199980.0,,,0.75,False,False,False
7.731986399999999,1746,51.0,280.0,21.113999999999997,115.92,229.0,94.806,229.0,94.806,False,896.5400000000001,149.8,200320.4,,,0.75,False,False,False
7.7364148,1747,51.0,280.0,21.113999999999997,115.92,229.0,94.806,229.0,94.806,False,891.5400000000001,150.2,200179.6,,,0.75,False,False,False
7.7408432,1748,51.0,280.0,21.113999999999997,115.92,229.0,94.806,229.0,94.806,False,901.24,150.2,200163.39999999997,,,0.75,False,False,False
7.7452716,1749,51.0,280.0,21.113999999999997,115.92,229.0,94.806,229.0,94.806,False,899.4,150.02,199893.8,,,0.75,False,False,False
7.7497,1750,51.0,280.0,21.113999999999997,115.92,229.0,94.806,229.0,94.806,False,896.5,149.6,200223.8,,,0.75,False,False,False
7.7541284,1751,51.0,280.0,21.113999999999997,115.92,229.0,94.806,229.0,94.806,False,895.1400000000001,150.0,199896.2,,,0.75,False,False,False
7.7585568,1752,51.0,280.0,21.113999999999997,115.92,229.0,94.806,229.0,94.806,False,894.5400000000001,149.22,199978.6,,,0.75,False,False,False
7.7629852,1753,51.0,280.0,21.113999999999997,115.92,229.0,94.806,229.0,94.806,False,888.5200000000001,150.0,199795.8,,,0.75,False,False,False
7.767413599999999,1754,51.0,280.0,21.113999999999997,115.92,229.0,94.806,229.0,94.806,False,883.1400000000001,149.6,199139.4,,,0.75,False,False,False
7.771842,1755,51.0,280.0,21.113999999999997,115.92,229.0,94.806,229.0,94.806,False,887.0400000000002,150.2,198503.8,,,0.75,False,False,False
7.7762704,1756,51.0,280.0,21.113999999999997,115.92,229.0,94.806,229.0,94.806,False,886.26,149.82000000000002,198932.2,,,0.75,False,False,False
7.7806988,1757,51.0,280.0,21.113999999999997,115.92,229.0,94.806,229.0,94.806,False,890.9400000000003,149.6,199055.0,,,0.75,False,False,False
7.7851272,1758,51.0,280.0,21.113999999999997,115.92,229.0,94.806,229.0,94.806,False,888.1600000000001,149.42000000000002,199067.6,,,0.75,False,False,False
7.7895556,1759,51.0,280.0,21.113999999999997,115.92,229.0,94.806,229.0,94.806,False,892.1800000000001,149.8,199227.8,,,0.75,False,False,False
7.793984,1760,51.0,280.0,21.113999999999997,115.92,229.0,94.806,229.0,94.806,False,895.58,149.22,199764.6,,,0.75,False,False,False
7.7984124,1761,51.0,280.0,21.113999999999997,115.92,229.0,94.806,229.0,94.806,False,891.78,149.62,199384.2,,,0.75,False,False,False
7.802840799999999,1762,51.0,280.0,21.113999999999997,115.92,229.0,94.806,229.0,94.806,False,889.58,149.8,199236.0,,,0.75,False,False,False
7.8072692,1763,51.0,280.0,21.113999999999997,115.92,229.0,94.806,229.0,94.806,False,887.74,150.0,199377.8,,,0.75,False,False,False
7.8116976,1764,51.0,280.0,21.113999999999997,115.92,229.0,94.806,229.0,94.806,False,889.0200000000001,149.8,199487.6,,,0.75,False,False,False
7.816126,1765,51.0,280.0,21.113999999999997,115.92,229.0,94.806,229.0,94.806,False,886.1400000000001,150.02,198930.6,,,0.75,False,False,False
7.8205544,1766,51.0,280.0,21.113999999999997,115.92,229.0,94.806,229.0,94.806,False,889.38,150.4,199195.0,,,0.75,False,False,False
7.8249828,1767,51.0,280.0,21.113999999999997,115.92,229.0,94.806,229.0,94.806,False,884.8000000000002,150.22,199069.0,,,0.75,False,False,False
7.8294112,1768,51.0,280.0,21.113999999999997,115.92,229.0,94.806,229.0,94.806,False,887.0600000000001,149.8,198955.2,,,0.75,False,False,False
7.8338396,1769,51.0,280.0,21.113999999999997,115.92,229.0,94.806,229.0,94.806,False,893.76,150.2,199068.4,,,0.75,False,False,False
7.838267999999999,1770,51.0,280.0,21.113999999999997,115.92,229.0,94.806,229.0,94.806,False,894.1800000000001,150.62,198828.0,,,0.75,False,False,False
7.8426964,1771,51.0,280.0,21.113999999999997,115.92,229.0,94.806,229.0,94.806,False,901.74,150.02,199011.2,,,0.75,False,False,False
7.8471248,1772,51.0,280.0,21.113999999999997,115.92,229.0,94.806,229.0,94.806,False,894.0600000000001,150.0,199263.8,,,0.75,False,False,False
7.8515532,1773,51.0,280.0,21.113999999999997,115.92,229.0,94.806,229.0,94.806,False,899.82,150.2,199629.4,,,0.75,False,False,False
7.8559816,1774,50.0,280.0,20.7,115.92,230.0,95.22,229.0,94.806,True,895.58,150.6,199379.0,,,0.75,False,False,False
7.86041,1775,51.0,279.0,21.113999999999997,115.506,228.0,94.392,229.0,94.806,True,898.9000000000001,150.22,199610.6,,,0.75,False,False,False
7.8648384,1776,51.0,280.0,21.113999999999997,115.92,229.0,94.806,228.0,94.392,True,902.38,150.0,199645.4,,,0.75,False,False,False
7.8692668,1777,51.0,278.0,21.113999999999997,115.092,227.0,93.978,229.0,94.806,True,893.78,150.4,198863.8,,,0.75,False,False,False
7.873695199999999,1778,51.0,280.0,21.113999999999997,115.92,229.0,94.806,229.0,94.806,False,890.72,150.0,198468.0,,,0.75,False,False,False
7.8781236,1779,51.0,280.0,21.113999999999997,115.92,229.0,94.806,229.0,94.806,False,900.28,149.42000000000002,198823.2,,,0.75,False,False,False
7.882552,1780,51.0,280.0,21.113999999999997,115.92,229.0,94.806,229.0,94.806,False,902.56,150.22,199062.8,,,0.75,False,False,False
7.8869804,1781,51.0,280.0,21.113999999999997,115.92,229.0,94.806,229.0,94.806,False,898.1400000000001,150.2,198689.4,,,0.75,False,False,False
7.8914088,1782,51.0,280.0,21.113999999999997,115.92,229.0,94.806,229.0,94.806,False,903.32,149.44,199511.2,,,0.75,False,False,False
7.8958372,1783,51.0,279.0,21.113999999999997,115.506,228.0,94.392,228.0,94.392,False,900.08,149.8,199601.4,,,0.75,False,False,False
7.9002656,1784,51.0,279.0,21.113999999999997,115.506,228.0,94.392,228.0,94.392,False,900.5400000000001,150.0,199249.4,,,0.75,False,False,False
7.904694,1785,51.0,279.0,21.113999999999997,115.506,228.0,94.392,228.0,94.392,False,897.32,150.2,199005.4,,,0.75,False,False,False
7.909122399999999,1786,51.0,279.0,21.113999999999997,115.506,228.0,94.392,228.0,94.392,False,893.5400000000001,150.23999999999998,199100.4,,,0.75,False,False,False
7.913550799999999,1787,51.0,279.0,21.113999999999997,115.506,228.0,94.392,228.0,94.392,False,888.0600000000001,150.22,198822.4,,,0.75,False,False,False
7.9179792,1788,51.0,280.0,21.113999999999997,115.92,229.0,94.806,228.0,94.392,True,894.28,150.6,198308.8,,,0.75,False,False,False
7.9224076,1789,51.0,279.0,21.113999999999997,115.506,228.0,94.392,228.0,94.392,False,893.7800000000002,149.4,198209.0,,,0.75,False,False,False
7.926836,1790,51.0,279.0,21.113999999999997,115.506,228.0,94.392,228.0,94.392,False,892.5600000000001,149.4,198317.2,,,0.75,False,False,False
7.9312644,1791,51.0,279.0,21.113999999999997,115.506,228.0,94.392,228.0,94.392,False,891.9800000000001,150.02,198140.0,,,0.75,False,False,False
7.9356928,1792,51.0,279.0,21.113999999999997,115.506,228.0,94.392,228.0,94.392,False,904.18,149.42000000000002,198278.8,,,0.75,False,False,False
7.9401212,1793,51.0,279.0,21.113999999999997,115.506,228.0,94.392,228.0,94.392,False,893.78,150.02,198281.8,,,0.75,False,False,False
7.9445496,1794,51.0,279.0,21.113999999999997,115.506,228.0,94.392,228.0,94.392,False,899.28,149.62,198754.8,,,0.75,False,False,False
7.948977999999999,1795,51.0,279.0,21.113999999999997,115.506,228.0,94.392,228.0,94.392,False,896.5200000000001,150.0,198701.4,,,0.75,False,False,False
7.9534064,1796,51.0,279.0,21.113999999999997,115.506,228.0,94.392,228.0,94.392,False,890.96,149.8,198509.0,,,0.75,False,False,False
7.9578348,1797,51.0,280.0,21.113999999999997,115.92,229.0,94.806,229.0,94.806,False,885.9000000000001,150.0,198450.6,,,0.75,False,False,False
7.9622632,1798,51.0,280.0,21.113999999999997,115.92,229.0,94.806,229.0,94.806,False,884.76,150.4,198850.0,,,0.75,False,False,False
7.9666916,1799,51.0,280.0,21.113999999999997,115.92,229.0,94.806,229.0,94.806,False,880.78,150.02,198538.2,,,0.75,False,False,False
7.97112,1800,51.0,280.0,21.113999999999997,115.92,229.0,94.806,229.0,94.806,False,883.72,150.22,198852.2,,,0.75,False,False,False
7.9755484,1801,51.0,280.0,21.113999999999997,115.92,229.0,94.806,229.0,94.806,False,886.6,150.02,198707.4,,,0.75,False,False,False
7.9799768,1802,51.0,280.0,21.113999999999997,115.92,229.0,94.806,229.0,94.806,False,891.36,149.82000000000002,198487.0,,,0.75,False,False,False
7.984405199999999,1803,51.0,279.0,21.113999999999997,115.506,228.0,94.392,228.0,94.392,False,878.9200000000001,150.0,197856.8,,,0.75,False,False,False
7.9888336,1804,51.0,279.0,21.113999999999997,115.506,228.0,94.392,228.0,94.392,False,893.7400000000001,150.0,198090.0,,,0.75,False,False,False
7.993262,1805,51.0,280.0,21.113999999999997,115.92,229.0,94.806,228.0,94.392,True,886.58,150.2,197265.4,,,0.75,False,False,False
7.9976904,1806,51.0,279.0,21.113999999999997,115.506,228.0,94.392,228.0,94.392,False,888.8600000000002,150.22,197445.2,,,0.75,False,False,False
8.0021188,1807,51.0,279.0,21.113999999999997,115.506,228.0,94.392,228.0,94.392,False,880.0400000000001,149.82000000000002,197073.4,,,0.75,False,False,False
8.0065472,1808,51.0,279.0,21.113999999999997,115.506,228.0,94.392,228.0,94.392,False,880.1800000000001,149.42000000000002,197413.6,,,0.75,False,False,False
8.0109756,1809,51.0,278.0,21.113999999999997,115.092,227.0,93.978,228.0,94.392,True,873.5400000000001,149.42000000000002,197294.2,,,0.75,False,False,False
8.015404,1810,50.0,278.0,20.7,115.092,228.0,94.392,227.0,93.978,True,876.1400000000001,149.2,197520.0,,,0.75,False,False,False
8.0198324,1811,51.0,278.0,21.113999999999997,115.092,227.0,93.978,227.0,93.978,False,874.5200000000001,149.62,197595.00000000003,,,0.75,False,False,False
8.0242608,1812,51.0,278.0,21.113999999999997,115.092,227.0,93.978,227.0,93.978,False,885.8,149.6,197628.4,,,0.75,False,False,False
8.0286892,1813,50.0,278.0,20.7,115.092,228.0,94.392,228.0,94.392,False,884.58,149.62,197623.4,,,0.75,False,False,False
8.0331176,1814,50.0,278.0,20.7,115.092,228.0,94.392,228.0,94.392,False,880.96,149.82000000000002,197691.4,,,0.75,False,False,False
8.037545999999999,1815,50.0,280.0,20.7,115.92,230.0,95.22,230.0,95.22,False,889.46,149.42000000000002,197645.6,,,0.75,False,False,False
8.041974399999999,1816,50.0,280.0,20.7,115.92,230.0,95.22,230.0,95.22,False,880.7800000000001,149.8,197445.6,,,0.75,False,False,False
8.0464028,1817,50.0,280.0,20.7,115.92,230.0,95.22,230.0,95.22,False,879.46,149.62,197755.6,,,0.75,False,False,False
8.0508312,1818,50.0,280.0,20.7,115.92,230.0,95.22,230.0,95.22,False,880.24,149.4,197747.8,,,0.75,False,False,False
8.0552596,1819,51.0,280.0,21.113999999999997,115.92,229.0,94.806,229.0,94.806,False,876.1200000000001,149.22,197239.6,,,0.75,False,False,False
8.059688,1820,51.0,280.0,21.113999999999997,115.92,229.0,94.806,229.0,94.806,False,878.9600000000002,149.22,197257.19999999995,,,0.75,False,False,False
8.0641164,1821,51.0,280.0,21.113999999999997,115.92,229.0,94.806,229.0,94.806,False,876.88,149.6,197028.4,,,0.75,False,False,False
8.0685448,1822,50.0,280.0,20.7,115.92,230.0,95.22,230.0,95.22,False,874.2,149.62,196757.6,,,0.75,False,False,False
8.0729732,1823,50.0,280.0,20.7,115.92,230.0,95.22,230.0,95.22,False,872.38,149.82000000000002,196529.6,,,0.75,False,False,False
8.0774016,1824,51.0,280.0,21.113999999999997,115.92,229.0,94.806,229.0,94.806,False,869.76,149.8,196809.8,,,0.75,False,False,False
8.08183,1825,51.0,280.0,21.113999999999997,115.92,229.0,94.806,229.0,94.806,False,874.26,149.8,196823.2,,,0.75,False,False,False
8.0862584,1826,51.0,280.0,21.113999999999997,115.92,229.0,94.806,229.0,94.806,False,874.38,149.8,196933.4,,,0.75,False,False,False
8.0906868,1827,51.0,279.0,21.113999999999997,115.506,228.0,94.392,229.0,94.806,True,880.0600000000001,150.0,197171.8,,,0.75,False,False,False
8.0951152,1828,51.0,280.0,21.113999999999997,115.92,229.0,94.806,229.0,94.806,False,876.8,149.8,197258.6,,,0.75,False,False,False
8.0995436,1829,51.0,280.0,21.113999999999997,115.92,229.0,94.806,229.0,94.806,False,880.78,149.6,197805.4,,,0.75,False,False,False
8.103972,1830,50.0,280.0,20.7,115.92,230.0,95.22,229.0,94.806,True,898.0600000000001,149.8,200947.2,,,0.75,False,False,False
8.108400399999999,1831,51.0,279.0,21.113999999999997,115.506,228.0,94.392,228.0,94.392,False,955.84,149.8,208526.2,,,0.75,False,False,False
8.112828799999999,1832,51.0,278.0,21.113999999999997,115.092,227.0,93.978,227.0,93.978,False,1045.7,150.8,219496.0,,,0.75,False,False,False
8.1172572,1833,51.0,277.0,21.113999999999997,114.678,226.0,93.564,226.0,93.564,False,1128.78,150.42000000000002,234609.0,,,0.75,False,False,False
8.1216856,1834,51.0,263.0,21.113999999999997,108.882,212.0,87.768,212.0,87.768,False,1233.7,150.8,251701.8,,,0.75,False,False,False
8.126114,1835,51.0,263.0,21.113999999999997,108.882,212.0,87.768,212.0,87.768,False,1332.54,150.6,269512.4,,,0.75,False,False,False
8.1305424,1836,51.0,263.0,21.113999999999997,108.882,212.0,87.768,212.0,87.768,False,1404.78,150.4,285079.8,,,0.75,False,False,False
8.1349708,1837,51.0,263.0,21.113999999999997,108.882,212.0,87.768,212.0,87.768,False,1462.6800000000003,150.62,299466.80000000005,,,0.75,False,False,False
8.1393992,1838,51.0,260.0,21.113999999999997,107.64,209.0,86.526,210.0,86.94,True,1519.52,150.22,312097.19999999995,,,0.75,False,False,False
8.1438276,1839,52.0,262.0,21.528,108.468,210.0,86.94,210.0,86.94,False,1586.0400000000002,149.8,324133.80000000005,,,0.75,False,False,False
8.148256,1840,52.0,269.0,21.528,111.366,217.0,89.838,217.0,89.838,False,1626.88,149.62,334764.2,,,0.75,False,False,False
8.1526844,1841,52.0,269.0,21.528,111.366,217.0,89.838,217.0,89.838,False,1669.12,150.0,345376.6,,,0.75,False,False,False
8.1571128,1842,52.0,274.0,21.528,113.436,222.0,91.908,222.0,91.908,False,1712.26,150.4,354967.79999999993,,,0.75,False,False,False
8.1615412,1843,52.0,276.0,21.528,114.264,224.0,92.736,224.0,92.736,False,1738.34,150.42000000000002,363405.6,,,0.75,False,False,False
8.1659696,1844,52.0,276.0,21.528,114.264,224.0,92.736,224.0,92.736,False,1769.1400000000003,150.22,370525.0,,,0.75,False,False,False
8.170398,1845,52.0,278.0,21.528,115.092,226.0,93.564,226.0,93.564,False,1793.88,149.8,376250.8,,,0.75,False,False,False
8.1748264,1846,52.0,278.0,21.528,115.092,226.0,93.564,226.0,93.564,False,1798.96,150.22,381524.6,,,0.75,False,False,False
8.179254799999999,1847,52.0,278.0,21.528,115.092,226.0,93.564,226.0,93.564,False,1811.64,150.2,385272.79999999993,,,0.75,False,False,False
8.183683199999999,1848,52.0,278.0,21.528,115.092,226.0,93.564,226.0,93.564,False,1824.0,150.2,388850.6,,,0.75,False,False,False
8.1881116,1849,53.0,278.0,21.942,115.092,225.0,93.15,225.0,93.15,False,1821.52,150.62,391651.3999999999,,,0.75,False,False,False
8.19254,1850,53.0,278.0,21.942,115.092,225.0,93.15,225.0,93.15,False,1830.42,150.42000000000002,394045.1999999999,,,0.75,False,False,False
8.1969684,1851,53.0,278.0,21.942,115.092,225.0,93.15,225.0,93.15,False,1828.02,150.42000000000002,394995.00000000006,,,0.75,False,False,False
8.2013968,1852,53.0,278.0,21.942,115.092,225.0,93.15,225.0,93.15,False,1845.16,150.84,397507.2,,,0.75,False,False,False
8.2058252,1853,54.0,278.0,22.356,115.092,224.0,92.736,224.0,92.736,False,1842.52,150.4,398762.4,,,0.75,False,False,False
8.2102536,1854,54.0,278.0,22.356,115.092,224.0,92.736,224.0,92.736,False,1859.5,150.8,400111.79999999993,,,0.75,False,False,False
8.214682,1855,54.0,278.0,22.356,115.092,224.0,92.736,224.0,92.736,False,1853.34,150.82000000000002,401160.6,,,0.75,False,False,False
8.2191104,1856,55.0,278.0,22.77,115.092,223.0,92.322,223.0,92.322,False,1865.94,150.22,402650.1999999999,,,0.75,False,False,False
8.2235388,1857,55.0,278.0,22.77,115.092,223.0,92.322,223.0,92.322,False,1862.54,150.42000000000002,402510.0,,,0.75,False,False,False
8.2279672,1858,55.0,277.0,22.77,114.678,222.0,91.908,222.0,91.908,False,1846.92,150.8,401733.8,,,0.75,False,False,False
8.2323956,1859,56.0,277.0,23.183999999999997,114.678,221.0,91.494,221.0,91.494,False,1858.12,150.02,401781.79999999993,,,0.75,False,False,False
8.236824,1860,56.0,277.0,23.183999999999997,114.678,221.0,91.494,221.0,91.494,False,1864.1,150.6,401477.6,,,0.75,False,False,False
8.2412524,1861,56.0,277.0,23.183999999999997,114.678,221.0,91.494,221.0,91.494,False,1864.7200000000005,150.8,400429.4,,,0.75,False,False,False
8.2456808,1862,57.0,277.0,23.598,114.678,220.0,91.08,220.0,91.08,False,1871.92,150.8,400013.4,,,0.75,False,False,False
8.250109199999999,1863,57.0,276.0,23.598,114.264,219.0,90.666,219.0,90.666,False,1882.7,150.6,400032.4,,,0.75,False,False,False
8.254537599999999,1864,57.0,276.0,23.598,114.264,219.0,90.666,219.0,90.666,False,1868.08,150.4,399277.4,,,0.75,False,False,False
8.258966,1865,58.0,276.0,24.012,114.264,218.0,90.252,218.0,90.252,False,1874.6600000000003,150.2,398206.4,,,0.75,False,False,False
8.2633944,1866,58.0,276.0,24.012,114.264,218.0,90.252,218.0,90.252,False,1870.12,150.62,398180.4,,,0.75,False,False,False
8.2678228,1867,58.0,276.0,24.012,114.264,218.0,90.252,218.0,90.252,False,1868.84,150.2,397724.0,,,0.75,False,False,False
8.2722512,1868,58.0,276.0,24.012,114.264,218.0,90.252,218.0,90.252,False,1875.1,150.4,397478.2,,,0.75,False,False,False
8.2766796,1869,59.0,275.0,24.426,113.85,216.0,89.42399999999999,216.0,89.42399999999999,False,1880.38,149.62,396548.8000000001,,,0.75,False,False,False
8.281108,1870,59.0,275.0,24.426,113.85,216.0,89.42399999999999,216.0,89.42399999999999,False,1873.8,150.0,396499.0,,,0.75,False,False,False
8.2855364,1871,59.0,274.0,24.426,113.436,215.0,89.00999999999999,215.0,89.00999999999999,False,1876.48,150.2,395816.6,,,0.75,False,False,False
8.2899648,1872,59.0,274.0,24.426,113.436,215.0,89.00999999999999,215.0,89.00999999999999,False,1878.78,150.23999999999998,395282.0,,,0.75,False,False,False
8.2943932,1873,60.0,274.0,24.84,113.436,214.0,88.59599999999999,214.0,88.59599999999999,False,1885.3,150.02,394624.8,,,0.75,False,False,False
8.2988216,1874,60.0,274.0,24.84,113.436,214.0,88.59599999999999,214.0,88.59599999999999,False,1881.22,150.4,394344.6,,,0.75,False,False,False
8.30325,1875,60.0,273.0,24.84,113.022,213.0,88.182,213.0,88.182,False,1885.72,150.4,394869.6,,,0.75,False,False,False
8.3076784,1876,61.0,273.0,25.254,113.022,212.0,87.768,212.0,87.768,False,1882.98,150.02,394529.6,,,0.75,False,False,False
8.3121068,1877,61.0,273.0,25.254,113.022,212.0,87.768,212.0,87.768,False,1897.58,149.62,394903.4,,,0.75,False,False,False
8.3165352,1878,61.0,273.0,25.254,113.022,212.0,87.768,212.0,87.768,False,1885.66,149.42000000000002,394807.0,,,0.75,False,False,False
8.320963599999999,1879,61.0,272.0,25.254,112.608,211.0,87.354,211.0,87.354,False,1890.86,150.0,395301.6,,,0.75,False,False,False
8.325391999999999,1880,61.0,272.0,25.254,112.608,211.0,87.354,211.0,87.354,False,1897.32,149.46,395030.0,,,0.75,False,False,False
8.3298204,1881,61.0,272.0,25.254,112.608,211.0,87.354,211.0,87.354,False,1901.82,149.6,395012.8,,,0.75,False,False,False
8.3342488,1882,61.0,272.0,25.254,112.608,211.0,87.354,211.0,87.354,False,1883.6,149.6,394635.4,,,0.75,False,False,False
8.3386772,1883,61.0,271.0,25.254,112.194,210.0,86.94,210.0,86.94,False,1875.68,149.8,395186.0,,,0.75,False,False,False
8.3431056,1884,61.0,271.0,25.254,112.194,210.0,86.94,210.0,86.94,False,1878.9400000000005,149.02,394989.2,,,0.75,False,False,False
8.347534,1885,61.0,271.0,25.254,112.194,210.0,86.94,210.0,86.94,False,1893.68,148.82000000000002,395149.6,,,0.75,False,False,False
8.3519624,1886,62.0,271.0,25.668,112.194,209.0,86.526,209.0,86.526,False,1893.54,149.4,395848.4,,,0.75,False,False,False
8.3563908,1887,62.0,271.0,25.668,112.194,209.0,86.526,209.0,86.526,False,1902.62,149.22,395959.1999999999,,,0.75,False,False,False
8.3608192,1888,62.0,270.0,25.668,111.78,208.0,86.112,208.0,86.112,False,1910.6400000000008,149.8,395817.1999999999,,,0.75,False,False,False
8.3652476,1889,62.0,270.0,25.668,111.78,208.0,86.112,208.0,86.112,False,1907.38,149.8,395905.0,,,0.75,False,False,False
8.369676,1890,62.0,270.0,25.668,111.78,208.0,86.112,208.0,86.112,False,1899.86,149.8,395722.4,,,0.75,False,False,False
8.3741044,1891,50.0,270.0,20.7,111.78,220.0,91.08,219.0,90.666,True,1903.8,150.0,395396.2,,,0.75,False,False,False
8.3785328,1892,50.0,269.0,20.7,111.366,219.0,90.666,219.0,90.666,False,1905.92,149.82000000000002,394762.4,,,0.75,False,False,False
8.3829612,1893,50.0,269.0,20.7,111.366,219.0,90.666,219.0,90.666,False,1911.78,149.6,395166.8000000001,,,0.75,False,False,False
8.3873896,1894,50.0,269.0,20.7,111.366,219.0,90.666,219.0,90.666,False,1915.64,149.82000000000002,395571.20000000007,,,0.75,False,False,False
8.391817999999999,1895,50.0,269.0,20.7,111.366,219.0,90.666,219.0,90.666,False,1906.52,150.2,395650.4,,,0.75,False,False,False
8.396246399999999,1896,50.0,269.0,20.7,111.366,219.0,90.666,219.0,90.666,False,1913.42,150.0,395618.4,,,0.75,False,False,False
8.400674799999999,1897,50.0,269.0,20.7,111.366,219.0,90.666,219.0,90.666,False,1908.32,149.6,395671.00000000006,,,0.75,False,False,False
8.4051032,1898,50.0,269.0,20.7,111.366,219.0,90.666,219.0,90.666,False,1900.18,149.8,394925.8000000001,,,0.75,False,False,False
8.4095316,1899,50.0,269.0,20.7,111.366,219.0,90.666,219.0,90.666,False,1909.66,150.62,394862.2,,,0.75,False,False,False
8.41396,1900,50.0,268.0,20.7,110.952,218.0,90.252,218.0,90.252,False,1912.7200000000005,150.4,395258.0,,,0.75,False,False,False
8.4183884,1901,50.0,268.0,20.7,110.952,218.0,90.252,218.0,90.252,False,1907.1600000000003,150.0,395377.4,,,0.75,False,False,False
8.4228168,1902,50.0,268.0,20.7,110.952,218.0,90.252,218.0,90.252,False,1907.9200000000003,149.6,395588.8000000001,,,0.75,False,False,False
8.4272452,1903,50.0,268.0,20.7,110.952,218.0,90.252,218.0,90.252,False,1915.3600000000004,149.8,396288.6,,,0.75,False,False,False
8.4316736,1904,50.0,268.0,20.7,110.952,218.0,90.252,218.0,90.252,False,1915.98,149.4,396360.1999999999,,,0.75,False,False,False
8.436102,1905,50.0,268.0,20.7,110.952,218.0,90.252,218.0,90.252,False,1910.08,149.02,395772.8000000001,,,0.75,False,False,False
8.4405304,1906,50.0,268.0,20.7,110.952,218.0,90.252,218.0,90.252,False,1909.5,149.8,395276.4,,,0.75,False,False,False
8.4449588,1907,50.0,267.0,20.7,110.538,217.0,89.838,217.0,89.838,False,1910.32,149.8,395193.1999999999,,,0.75,False,False,False
8.4493872,1908,50.0,267.0,20.7,110.538,217.0,89.838,217.0,89.838,False,1904.02,150.2,394979.4,,,0.75,False,False,False
8.4538156,1909,50.0,267.0,20.7,110.538,217.0,89.838,217.0,89.838,False,1913.32,150.2,394496.2,,,0.75,False,False,False
8.458244,1910,50.0,267.0,20.7,110.538,217.0,89.838,217.0,89.838,False,1902.52,150.42000000000002,393902.1999999999,,,0.75,False,False,False
8.462672399999999,1911,50.0,267.0,20.7,110.538,217.0,89.838,217.0,89.838,False,1912.92,149.82000000000002,394264.2,,,0.75,False,False,False
8.467100799999999,1912,50.0,267.0,20.7,110.538,217.0,89.838,217.0,89.838,False,1907.04,150.02,393961.8000000001,,,0.75,False,False,False
8.471529199999999,1913,50.0,267.0,20.7,110.538,217.0,89.838,217.0,89.838,False,1907.32,150.4,393558.4,,,0.75,False,False,False
8.4759576,1914,50.0,267.0,20.7,110.538,217.0,89.838,217.0,89.838,False,1917.94,150.2,393214.6,,,0.75,False,False,False
8.480386,1915,50.0,267.0,20.7,110.538,217.0,89.838,217.0,89.838,False,1926.26,150.0,393773.0,,,0.75,False,False,False
8.4848144,1916,50.0,266.0,20.7,110.124,216.0,89.42399999999999,216.0,89.42399999999999,False,1939.02,150.0,394285.6,,,0.75,False,False,False
8.4892428,1917,50.0,266.0,20.7,110.124,216.0,89.42399999999999,216.0,89.42399999999999,False,1937.3,150.0,394097.4,,,0.75,False,False,False
8.4936712,1918,50.0,266.0,20.7,110.124,216.0,89.42399999999999,216.0,89.42399999999999,False,1935.54,149.6,393987.00000000006,,,0.75,False,False,False
8.4980996,1919,50.0,266.0,20.7,110.124,216.0,89.42399999999999,216.0,89.42399999999999,False,1931.9000000000003,149.62,393498.20000000007,,,0.75,False,False,False
8.502528,1920,50.0,266.0,20.7,110.124,216.0,89.42399999999999,216.0,89.42399999999999,False,1923.5,149.62,393181.2,,,0.75,False,False,False
8.5069564,1921,50.0,266.0,20.7,110.124,216.0,89.42399999999999,216.0,89.42399999999999,False,1918.98,149.44,392195.8,,,0.75,False,False,False
8.5113848,1922,50.0,266.0,20.7,110.124,216.0,89.42399999999999,216.0,89.42399999999999,False,1932.54,148.84,391937.0,,,0.75,False,False,False
8.5158132,1923,50.0,266.0,20.7,110.124,216.0,89.42399999999999,216.0,89.42399999999999,False,1935.26,149.22,391742.8000000001,,,0.75,False,False,False
8.5202416,1924,50.0,266.0,20.7,110.124,216.0,89.42399999999999,216.0,89.42399999999999,False,1943.7,149.42000000000002,392404.8,,,0.75,False,False,False
8.52467,1925,51.0,265.0,21.113999999999997,109.71,214.0,88.59599999999999,214.0,88.59599999999999,False,1942.5,149.2,392153.0,,,0.75,False,False,False
8.5290984,1926,51.0,265.0,21.113999999999997,109.71,214.0,88.59599999999999,214.0,88.59599999999999,False,1938.12,149.4,391865.8000000001,,,0.75,False,False,False
8.5335268,1927,51.0,265.0,21.113999999999997,109.71,214.0,88.59599999999999,214.0,88.59599999999999,False,1931.58,149.42000000000002,391733.6,,,0.75,False,False,False
8.537955199999999,1928,51.0,265.0,21.113999999999997,109.71,214.0,88.59599999999999,214.0,88.59599999999999,False,1933.76,149.42000000000002,391067.2,,,0.75,False,False,False
8.542383599999999,1929,51.0,265.0,21.113999999999997,109.71,214.0,88.59599999999999,214.0,88.59599999999999,False,1929.5200000000004,149.6,390685.8000000001,,,0.75,False,False,False
8.546812,1930,51.0,265.0,21.113999999999997,109.71,214.0,88.59599999999999,214.0,88.59599999999999,False,1925.34,149.44,390466.0,,,0.75,False,False,False
8.5512404,1931,51.0,265.0,21.113999999999997,109.71,214.0,88.59599999999999,214.0,88.59599999999999,False,1930.6,149.4,389817.1999999999,,,0.75,False,False,False
8.5556688,1932,51.0,265.0,21.113999999999997,109.71,214.0,88.59599999999999,214.0,88.59599999999999,False,1943.1600000000008,150.2,388772.4,,,0.75,False,False,False
8.5600972,1933,51.0,265.0,21.113999999999997,109.71,214.0,88.59599999999999,214.0,88.59599999999999,False,1929.82,150.02,388878.1999999999,,,0.75,False,False,False
8.5645256,1934,51.0,265.0,21.113999999999997,109.71,214.0,88.59599999999999,214.0,88.59599999999999,False,1939.68,150.02,388037.1999999999,,,0.75,False,False,False
8.568954,1935,51.0,265.0,21.113999999999997,109.71,214.0,88.59599999999999,214.0,88.59599999999999,False,1937.14,150.0,387797.4,,,0.75,False,False,False
8.5733824,1936,51.0,264.0,21.113999999999997,109.296,213.0,88.182,213.0,88.182,False,1925.54,150.0,387684.4,,,0.75,False,False,False
8.5778108,1937,51.0,264.0,21.113999999999997,109.296,213.0,88.182,213.0,88.182,False,1932.18,149.82000000000002,387967.4,,,0.75,False,False,False
8.5822392,1938,51.0,264.0,21.113999999999997,109.296,213.0,88.182,213.0,88.182,False,1945.56,150.2,387242.4,,,0.75,False,False,False
8.5866676,1939,51.0,264.0,21.113999999999997,109.296,213.0,88.182,213.0,88.182,False,1931.4800000000005,150.02,386736.6,,,0.75,False,False,False
8.591096,1940,51.0,264.0,21.113999999999997,109.296,213.0,88.182,213.0,88.182,False,1919.16,149.44,385735.0,,,0.75,False,False,False
8.5955244,1941,51.0,264.0,21.113999999999997,109.296,213.0,88.182,213.0,88.182,False,1911.72,149.8,385148.2,,,0.75,False,False,False
8.5999528,1942,51.0,264.0,21.113999999999997,109.296,213.0,88.182,213.0,88.182,False,1918.04,150.0,383872.6,,,0.75,False,False,False
8.6043812,1943,51.0,264.0,21.113999999999997,109.296,213.0,88.182,213.0,88.182,False,1916.28,149.6,382832.2,,,0.75,False,False,False
8.608809599999999,1944,51.0,264.0,21.113999999999997,109.296,213.0,88.182,213.0,88.182,False,1906.1400000000003,149.6,381786.4,,,0.75,False,False,False
8.613237999999999,1945,52.0,264.0,21.528,109.296,212.0,87.768,212.0,87.768,False,1910.1,149.6,380965.4,,,0.75,False,False,False
8.6176664,1946,52.0,264.0,21.528,109.296,212.0,87.768,212.0,87.768,False,1893.74,149.8,379521.8000000001,,,0.75,False,False,False
8.6220948,1947,52.0,264.0,21.528,109.296,212.0,87.768,212.0,87.768,False,1892.76,150.0,379088.0,,,0.75,False,False,False
8.6265232,1948,52.0,264.0,21.528,109.296,212.0,87.768,212.0,87.768,False,1898.3400000000008,150.0,377868.4,,,0.75,False,False,False
8.6309516,1949,52.0,264.0,21.528,109.296,212.0,87.768,212.0,87.768,False,1895.0600000000004,150.4,377491.6,,,0.75,False,False,False
8.63538,1950,52.0,264.0,21.528,109.296,212.0,87.768,212.0,87.768,False,1882.5,150.2,376226.6,,,0.75,False,False,False
8.6398084,1951,52.0,264.0,21.528,109.296,212.0,87.768,212.0,87.768,False,1880.74,149.6,375713.99999999994,,,0.75,False,False,False
8.6442368,1952,52.0,264.0,21.528,109.296,212.0,87.768,212.0,87.768,False,1877.94,149.42000000000002,374475.0,,,0.75,False,False,False
8.6486652,1953,52.0,264.0,21.528,109.296,212.0,87.768,212.0,87.768,False,1874.4200000000003,150.0,374264.2,,,0.75,False,False,False
8.6530936,1954,52.0,263.0,21.528,108.882,211.0,87.354,212.0,87.768,True,1864.5,149.62,373047.8000000001,,,0.75,False,False,False
8.657522,1955,52.0,264.0,21.528,109.296,212.0,87.768,211.0,87.354,True,1861.28,149.62,372809.4,,,0.75,False,False,False
8.6619504,1956,52.0,263.0,21.528,108.882,211.0,87.354,211.0,87.354,False,1859.74,149.4,371823.8000000001,,,0.75,False,False,False
8.6663788,1957,52.0,263.0,21.528,108.882,211.0,87.354,211.0,87.354,False,1866.9600000000005,149.4,371092.8000000001,,,0.75,False,False,False
8.6708072,1958,52.0,263.0,21.528,108.882,211.0,87.354,211.0,87.354,False,1861.04,149.42000000000002,370704.8,,,0.75,False,False,False
8.6752356,1959,52.0,263.0,21.528,108.882,211.0,87.354,211.0,87.354,False,1845.0,149.42000000000002,369715.4,,,0.75,False,False,False
8.679663999999999,1960,52.0,263.0,21.528,108.882,211.0,87.354,211.0,87.354,False,1847.74,149.22,368476.79999999993,,,0.75,False,False,False
8.684092399999999,1961,52.0,263.0,21.528,108.882,211.0,87.354,211.0,87.354,False,1824.94,149.0,367471.4,,,0.75,False,False,False
8.6885208,1962,52.0,263.0,21.528,108.882,211.0,87.354,211.0,87.354,False,1824.4,149.4,366679.8000000001,,,0.75,False,False,False
8.6929492,1963,52.0,263.0,21.528,108.882,211.0,87.354,211.0,87.354,False,1814.72,148.82000000000002,364324.4,,,0.75,False,False,False
8.6973776,1964,52.0,263.0,21.528,108.882,211.0,87.354,211.0,87.354,False,1814.38,149.22,363301.0,,,0.75,False,False,False
8.701806,1965,52.0,263.0,21.528,108.882,211.0,87.354,211.0,87.354,False,1821.1,149.22,361804.6,,,0.75,False,False,False
8.7062344,1966,52.0,263.0,21.528,108.882,211.0,87.354,211.0,87.354,False,1812.58,149.02,360723.6,,,0.75,False,False,False
8.7106628,1967,52.0,263.0,21.528,108.882,211.0,87.354,211.0,87.354,False,1806.2000000000005,149.2,359456.0,,,0.75,False,False,False
8.7150912,1968,52.0,263.0,21.528,108.882,211.0,87.354,211.0,87.354,False,1801.6800000000003,149.4,358654.2,,,0.75,False,False,False
8.7195196,1969,52.0,263.0,21.528,108.882,211.0,87.354,211.0,87.354,False,1795.7,149.4,357050.8,,,0.75,False,False,False
8.723948,1970,53.0,263.0,21.942,108.882,210.0,86.94,210.0,86.94,False,1782.0200000000002,149.82000000000002,355759.8,,,0.75,False,False,False
8.7283764,1971,53.0,263.0,21.942,108.882,210.0,86.94,210.0,86.94,False,1782.1200000000003,149.42000000000002,354314.2,,,0.75,False,False,False
8.7328048,1972,53.0,263.0,21.942,108.882,210.0,86.94,210.0,86.94,False,1776.8200000000002,149.2,353074.0,,,0.75,False,False,False
8.7372332,1973,53.0,263.0,21.942,108.882,210.0,86.94,210.0,86.94,False,1775.22,149.2,352380.4,,,0.75,False,False,False
8.7416616,1974,53.0,263.0,21.942,108.882,210.0,86.94,210.0,86.94,False,1752.0200000000002,149.4,351639.6,,,0.75,False,False,False
8.74609,1975,53.0,263.0,21.942,108.882,210.0,86.94,210.0,86.94,False,1749.94,149.2,350815.4,,,0.75,False,False,False
8.750518399999999,1976,53.0,263.0,21.942,108.882,210.0,86.94,210.0,86.94,False,1727.56,149.4,349302.4,,,0.75,False,False,False
8.754946799999999,1977,53.0,263.0,21.942,108.882,210.0,86.94,210.0,86.94,False,1727.46,149.42000000000002,347190.4,,,0.75,False,False,False
8.7593752,1978,53.0,262.0,21.942,108.468,209.0,86.526,209.0,86.526,False,1715.52,149.6,344485.6,,,0.75,False,False,False
8.7638036,1979,53.0,262.0,21.942,108.468,209.0,86.526,209.0,86.526,False,1705.76,149.8,342594.0,,,0.75,False,False,False
8.768232,1980,53.0,262.0,21.942,108.468,209.0,86.526,209.0,86.526,False,1693.6200000000003,150.0,340517.8,,,0.75,False,False,False
8.7726604,1981,53.0,262.0,21.942,108.468,209.0,86.526,209.0,86.526,False,1679.9800000000002,149.2,338640.2,,,0.75,False,False,False
8.7770888,1982,53.0,263.0,21.942,108.882,210.0,86.94,210.0,86.94,False,1674.6800000000003,149.0,337491.6,,,0.75,False,False,False
8.7815172,1983,53.0,263.0,21.942,108.882,210.0,86.94,210.0,86.94,False,1673.5200000000002,149.02,336366.6,,,0.75,False,False,False
8.7859456,1984,53.0,263.0,21.942,108.882,210.0,86.94,210.0,86.94,False,1659.48,149.0,334701.6,,,0.75,False,False,False
8.790374,1985,53.0,263.0,21.942,108.882,210.0,86.94,210.0,86.94,False,1654.7600000000002,148.82000000000002,333067.80000000005,,,0.75,False,False,False
8.7948024,1986,53.0,263.0,21.942,108.882,210.0,86.94,210.0,86.94,False,1652.48,149.4,330942.19999999995,,,0.75,False,False,False
8.7992308,1987,53.0,263.0,21.942,108.882,210.0,86.94,210.0,86.94,False,1646.5600000000004,149.6,329060.8,,,0.75,False,False,False
8.8036592,1988,53.0,263.0,21.942,108.882,210.0,86.94,210.0,86.94,False,1636.0400000000002,149.4,326960.6,,,0.75,False,False,False
8.8080876,1989,53.0,263.0,21.942,108.882,210.0,86.94,210.0,86.94,False,1614.3200000000002,149.0,324541.19999999995,,,0.75,False,False,False
8.812516,1990,53.0,263.0,21.942,108.882,210.0,86.94,210.0,86.94,False,1603.38,149.8,322439.4,,,0.75,False,False,False
8.8169444,1991,53.0,263.0,21.942,108.882,210.0,86.94,210.0,86.94,False,1609.98,148.8,321195.39999999997,,,0.75,False,False,False
8.821372799999999,1992,53.0,263.0,21.942,108.882,210.0,86.94,210.0,86.94,False,1605.3000000000004,149.2,318958.6,,,0.75,False,False,False
8.825801199999999,1993,53.0,263.0,21.942,108.882,210.0,86.94,210.0,86.94,False,1589.4,149.0,317223.2,,,0.75,False,False,False
8.8302296,1994,53.0,263.0,21.942,108.882,210.0,86.94,210.0,86.94,False,1575.0800000000002,149.0,315336.19999999995,,,0.75,False,False,False
8.834658,1995,53.0,263.0,21.942,108.882,210.0,86.94,210.0,86.94,False,1557.26,149.2,313667.80000000005,,,0.75,False,False,False
8.8390864,1996,53.0,263.0,21.942,108.882,210.0,86.94,210.0,86.94,False,1561.8400000000004,149.6,311388.4,,,0.75,False,False,False
8.8435148,1997,53.0,263.0,21.942,108.882,210.0,86.94,210.0,86.94,False,1552.0800000000002,149.4,309289.19999999995,,,0.75,False,False,False
8.8479432,1998,53.0,263.0,21.942,108.882,210.0,86.94,210.0,86.94,False,1543.74,149.8,306802.0,,,0.75,False,False,False
8.8523716,1999,53.0,263.0,21.942,108.882,210.0,86.94,210.0,86.94,False,1517.78,149.4,304147.39999999997,,,0.75,False,False,False
8.8568,2000,53.0,263.0,21.942,108.882,210.0,86.94,210.0,86.94,False,1503.38,149.2,301861.19999999995,,,0.75,False,False,False
8.8612284,2001,53.0,263.0,21.942,108.882,210.0,86.94,210.0,86.94,False,1511.5400000000002,149.6,299989.19999999995,,,0.75,False,False,False
8.8656568,2002,53.0,263.0,21.942,108.882,210.0,86.94,210.0,86.94,False,1499.2000000000005,149.2,298283.0,,,0.75,False,False,False
8.8700852,2003,53.0,263.0,21.942,108.882,210.0,86.94,210.0,86.94,False,1489.0600000000002,149.4,296969.4,,,0.75,False,False,False
8.8745136,2004,53.0,263.0,21.942,108.882,210.0,86.94,210.0,86.94,False,1481.14,149.4,295620.8,,,0.75,False,False,False
8.878942,2005,53.0,263.0,21.942,108.882,210.0,86.94,210.0,86.94,False,1468.64,149.8,293090.6,,,0.75,False,False,False
8.8833704,2006,53.0,263.0,21.942,108.882,210.0,86.94,210.0,86.94,False,1463.54,149.4,290698.4,,,0.75,False,False,False
8.8877988,2007,53.0,263.0,21.942,108.882,210.0,86.94,210.0,86.94,False,1444.16,149.42000000000002,288646.8,,,0.75,False,False,False
8.892227199999999,2008,53.0,263.0,21.942,108.882,210.0,86.94,210.0,86.94,False,1425.8000000000002,149.6,286069.2,,,0.75,False,False,False
8.896655599999999,2009,53.0,263.0,21.942,108.882,210.0,86.94,210.0,86.94,False,1409.94,149.6,283816.4,,,0.75,False,False,False
8.901083999999999,2010,53.0,263.0,21.942,108.882,210.0,86.94,210.0,86.94,False,1407.72,149.62,282057.4,,,0.75,False,False,False
8.9055124,2011,53.0,263.0,21.942,108.882,210.0,86.94,210.0,86.94,False,1391.84,149.4,280304.2,,,0.75,False,False,False
8.9099408,2012,53.0,263.0,21.942,108.882,210.0,86.94,210.0,86.94,False,1374.66,149.0,278033.2,,,0.75,False,False,False
8.9143692,2013,53.0,263.0,21.942,108.882,210.0,86.94,210.0,86.94,False,1368.78,148.8,276200.6,,,0.75,False,False,False
8.9187976,2014,53.0,263.0,21.942,108.882,210.0,86.94,210.0,86.94,False,1356.2000000000005,148.42000000000002,274159.0,,,0.75,False,False,False
8.923226,2015,53.0,263.0,21.942,108.882,210.0,86.94,210.0,86.94,False,1338.78,148.8,271938.19999999995,,,0.75,False,False,False
8.9276544,2016,53.0,263.0,21.942,108.882,210.0,86.94,210.0,86.94,False,1328.34,148.62,269576.4,,,0.75,False,False,False
8.9320828,2017,53.0,263.0,21.942,108.882,210.0,86.94,210.0,86.94,False,1305.54,148.82000000000002,267700.4,,,0.75,False,False,False
8.9365112,2018,53.0,263.0,21.942,108.882,210.0,86.94,210.0,86.94,False,1295.8,148.82000000000002,265567.8,,,0.75,False,False,False
8.9409396,2019,53.0,263.0,21.942,108.882,210.0,86.94,210.0,86.94,False,1290.24,149.2,263983.6,,,0.75,False,False,False
8.945368,2020,53.0,264.0,21.942,109.296,211.0,87.354,210.0,86.94,True,1271.24,148.6,262148.6,,,0.75,False,False,False
8.9497964,2021,53.0,263.0,21.942,108.882,210.0,86.94,210.0,86.94,False,1259.0000000000002,148.42000000000002,260133.6,,,0.75,False,False,False
8.9542248,2022,53.0,263.0,21.942,108.882,210.0,86.94,210.0,86.94,False,1238.6,148.8,258076.8,,,0.75,False,False,False
8.9586532,2023,53.0,263.0,21.942,108.882,210.0,86.94,210.0,86.94,False,1221.48,149.02,256390.8,,,0.75,False,False,False
8.963081599999999,2024,52.0,263.0,21.528,108.882,211.0,87.354,211.0,87.354,False,1222.2400000000002,148.8,254506.2,,,0.75,False,False,False
8.967509999999999,2025,52.0,263.0,21.528,108.882,211.0,87.354,211.0,87.354,False,1206.52,149.2,252781.2,,,0.75,False,False,False
8.971938399999999,2026,52.0,264.0,21.528,109.296,212.0,87.768,212.0,87.768,False,1205.26,148.8,251384.6,,,0.75,False,False,False
8.9763668,2027,52.0,264.0,21.528,109.296,212.0,87.768,212.0,87.768,False,1195.9200000000003,148.8,250161.8,,,0.75,False,False,False
8.9807952,2028,52.0,263.0,21.528,108.882,211.0,87.354,211.0,87.354,False,1187.88,149.02,248787.00000000003,,,0.75,False,False,False
8.9852236,2029,52.0,263.0,21.528,108.882,211.0,87.354,211.0,87.354,False,1177.12,148.8,247231.4,,,0.75,False,False,False
8.989652,2030,52.0,263.0,21.528,108.882,211.0,87.354,211.0,87.354,False,1179.34,149.2,245839.0,,,0.75,False,False,False
8.9940804,2031,52.0,263.0,21.528,108.882,211.0,87.354,211.0,87.354,False,1178.4,149.22,244899.6,,,0.75,False,False,False
8.9985088,2032,52.0,263.0,21.528,108.882,211.0,87.354,211.0,87.354,False,1176.78,149.4,243691.6,,,0.75,False,False,False
9.0029372,2033,52.0,263.0,21.528,108.882,211.0,87.354,211.0,87.354,False,1177.34,149.22,242551.6,,,0.75,False,False,False
9.0073656,2034,52.0,263.0,21.528,108.882,211.0,87.354,211.0,87.354,False,1165.92,148.82000000000002,242049.60000000003,,,0.75,False,False,False
9.011794,2035,52.0,263.0,21.528,108.882,211.0,87.354,211.0,87.354,False,1160.78,149.0,241624.8,,,0.75,False,False,False
9.0162224,2036,52.0,264.0,21.528,109.296,212.0,87.768,212.0,87.768,False,1154.88,149.0,241180.0,,,0.75,False,False,False
9.0206508,2037,52.0,264.0,21.528,109.296,212.0,87.768,212.0,87.768,False,1148.98,148.62,241100.00000000003,,,0.75,False,False,False
9.0250792,2038,52.0,264.0,21.528,109.296,212.0,87.768,212.0,87.768,False,1150.68,149.0,239773.0,,,0.75,False,False,False
9.0295076,2039,52.0,264.0,21.528,109.296,212.0,87.768,212.0,87.768,False,1152.86,149.6,238693.8,,,0.75,False,False,False
9.033936,2040,52.0,264.0,21.528,109.296,212.0,87.768,212.0,87.768,False,1153.3200000000002,149.6,238300.2,,,0.75,False,False,False
9.0383644,2041,52.0,264.0,21.528,109.296,212.0,87.768,212.0,87.768,False,1149.7,149.0,237225.6,,,0.75,False,False,False
9.0427928,2042,52.0,264.0,21.528,109.296,212.0,87.768,212.0,87.768,False,1143.18,149.2,236038.0,,,0.75,False,False,False
9.0472212,2043,52.0,264.0,21.528,109.296,212.0,87.768,212.0,87.768,False,1149.88,149.0,235765.8,,,0.75,False,False,False
9.0516496,2044,51.0,264.0,21.113999999999997,109.296,213.0,88.182,213.0,88.182,False,1143.72,148.82000000000002,235189.6,,,0.75,False,False,False
9.056078,2045,51.0,264.0,21.113999999999997,109.296,213.0,88.182,213.0,88.182,False,1149.2400000000002,149.02,234042.4,,,0.75,False,False,False
9.0605064,2046,51.0,264.0,21.113999999999997,109.296,213.0,88.182,213.0,88.182,False,1137.0,149.02,233723.0,,,0.75,False,False,False
9.0649348,2047,50.0,264.0,20.7,109.296,214.0,88.59599999999999,214.0,88.59599999999999,False,1135.2400000000002,149.2,233075.8,,,0.75,False,False,False
9.0693632,2048,50.0,264.0,20.7,109.296,214.0,88.59599999999999,214.0,88.59599999999999,False,1129.34,148.6,232682.4,,,0.75,False,False,False
9.0737916,2049,50.0,265.0,20.7,109.71,215.0,89.00999999999999,215.0,89.00999999999999,False,1134.58,148.62,231561.8,,,0.75,False,False,False
9.07822,2050,50.0,265.0,20.7,109.71,215.0,89.00999999999999,215.0,89.00999999999999,False,1129.98,148.2,230429.4,,,0.75,False,False,False
9.0826484,2051,49.0,264.0,20.286,109.296,215.0,89.00999999999999,215.0,89.00999999999999,False,1126.9,148.6,229055.0,,,0.75,False,False,False
9.0870768,2052,49.0,263.0,20.286,108.882,214.0,88.59599999999999,214.0,88.59599999999999,False,1127.88,148.8,228097.8,,,0.75,False,False,False
9.0915052,2053,49.0,257.0,20.286,106.398,208.0,86.112,208.0,86.112,False,1115.48,149.62,226990.2,,,0.75,False,False,False
9.0959336,2054,49.0,257.0,20.286,106.398,208.0,86.112,208.0,86.112,False,1109.34,149.2,226512.8,,,0.75,False,False,False
9.100362,2055,48.0,256.0,19.872,105.984,208.0,86.112,208.0,86.112,False,1103.2800000000002,149.42000000000002,225588.8,,,0.75,False,False,False
9.1047904,2056,48.0,256.0,19.872,105.984,208.0,86.112,208.0,86.112,False,1103.52,149.2,224894.0,,,0.75,False,False,False
9.1092188,2057,48.0,254.0,19.872,105.156,206.0,85.28399999999999,206.0,85.28399999999999,False,1101.36,149.0,224349.6,,,0.75,False,False,False
9.1136472,2058,47.0,251.0,19.458,103.914,204.0,84.45599999999999,204.0,84.45599999999999,False,1094.98,149.0,223510.2,,,0.75,False,False,False
9.1180756,2059,47.0,251.0,19.458,103.914,204.0,84.45599999999999,204.0,84.45599999999999,False,1093.5200000000004,149.4,222862.0,,,0.75,False,False,False
9.122504,2060,47.0,253.0,19.458,104.742,206.0,85.28399999999999,206.0,85.28399999999999,False,1082.38,149.2,222778.2,,,0.75,False,False,False
9.1269324,2061,47.0,253.0,19.458,104.742,206.0,85.28399999999999,206.0,85.28399999999999,False,1080.62,149.42000000000002,221779.60000000003,,,0.75,False,False,False
9.1313608,2062,46.0,253.0,19.044,104.742,207.0,85.698,207.0,85.698,False,1075.66,149.2,220742.4,,,0.75,False,False,False
9.1357892,2063,46.0,253.0,19.044,104.742,207.0,85.698,207.0,85.698,False,1063.58,149.6,220461.0,,,0.75,False,False,False
9.1402176,2064,46.0,253.0,19.044,104.742,207.0,85.698,207.0,85.698,False,1067.2800000000002,149.6,219664.0,,,0.75,False,False,False
9.144646,2065,46.0,251.0,19.044,103.914,205.0,84.86999999999999,205.0,84.86999999999999,False,1067.34,149.64,218884.6,,,0.75,False,False,False
9.1490744,2066,46.0,250.0,19.044,103.5,204.0,84.45599999999999,204.0,84.45599999999999,False,1061.54,149.6,217862.0,,,0.75,False,False,False
9.1535028,2067,46.0,250.0,19.044,103.5,204.0,84.45599999999999,204.0,84.45599999999999,False,1059.76,149.8,216988.0,,,0.75,False,False,False
9.1579312,2068,46.0,254.0,19.044,105.156,208.0,86.112,208.0,86.112,False,1042.94,149.23999999999998,215721.8,,,0.75,False,False,False
9.1623596,2069,46.0,254.0,19.044,105.156,208.0,86.112,208.0,86.112,False,1032.54,149.6,214717.0,,,0.75,False,False,False
9.166788,2070,46.0,250.0,19.044,103.5,204.0,84.45599999999999,204.0,84.45599999999999,False,1024.0800000000002,149.62,213541.19999999995,,,0.75,False,False,False
9.1712164,2071,46.0,250.0,19.044,103.5,204.0,84.45599999999999,204.0,84.45599999999999,False,1029.9400000000005,149.8,213139.6,,,0.75,False,False,False
9.1756448,2072,45.0,250.0,18.63,103.5,205.0,84.86999999999999,205.0,84.86999999999999,False,1014.9,149.62,212708.8,,,0.75,False,False,False
9.1800732,2073,45.0,250.0,18.63,103.5,205.0,84.86999999999999,205.0,84.86999999999999,False,1011.22,149.6,212330.60000000003,,,0.75,False,False,False
9.1845016,2074,45.0,250.0,18.63,103.5,205.0,84.86999999999999,205.0,84.86999999999999,False,1014.62,150.0,212098.2,,,0.75,False,False,False
9.18893,2075,45.0,250.0,18.63,103.5,205.0,84.86999999999999,205.0,84.86999999999999,False,1009.3000000000002,149.6,211761.4,,,0.75,False,False,False
9.1933584,2076,45.0,251.0,18.63,103.914,206.0,85.28399999999999,205.0,84.86999999999999,True,1014.3200000000002,149.6,211417.2,,,0.75,False,False,False
9.1977868,2077,45.0,250.0,18.63,103.5,205.0,84.86999999999999,205.0,84.86999999999999,False,1012.12,149.22,210953.8,,,0.75,False,False,False
9.2022152,2078,45.0,250.0,18.63,103.5,205.0,84.86999999999999,205.0,84.86999999999999,False,1006.7,149.2,210829.6,,,0.75,False,False,False
9.2066436,2079,45.0,251.0,18.63,103.914,206.0,85.28399999999999,206.0,85.28399999999999,False,1003.12,148.82000000000002,210140.6,,,0.75,False,False,False
9.211072,2080,44.0,252.0,18.216,104.328,208.0,86.112,208.0,86.112,False,999.08,149.2,210082.8,,,0.75,False,False,False
9.2155004,2081,44.0,253.0,18.216,104.742,209.0,86.526,208.0,86.112,True,1001.6000000000004,149.62,210166.0,,,0.75,False,False,False
9.2199288,2082,44.0,252.0,18.216,104.328,208.0,86.112,209.0,86.526,True,989.58,149.22,210024.2,,,0.75,False,False,False
9.2243572,2083,44.0,253.0,18.216,104.742,209.0,86.526,209.0,86.526,False,994.08,149.8,209633.8,,,0.75,False,False,False
9.2287856,2084,44.0,253.0,18.216,104.742,209.0,86.526,209.0,86.526,False,992.2,149.4,209699.2,,,0.75,False,False,False
9.233214,2085,44.0,253.0,18.216,104.742,209.0,86.526,209.0,86.526,False,988.3200000000002,149.42000000000002,209098.8,,,0.75,False,False,False
9.2376424,2086,44.0,253.0,18.216,104.742,209.0,86.526,209.0,86.526,False,989.18,149.4,208703.0,,,0.75,False,False,False
9.2420708,2087,43.0,253.0,17.802,104.742,210.0,86.94,210.0,86.94,False,983.46,149.22,207984.0,,,0.75,False,False,False
9.2464992,2088,43.0,253.0,17.802,104.742,210.0,86.94,210.0,86.94,False,977.04,149.2,207350.8,,,0.75,False,False,False
9.2509276,2089,43.0,253.0,17.802,104.742,210.0,86.94,210.0,86.94,False,971.48,149.4,206856.6,,,0.75,False,False,False
9.255356,2090,43.0,258.0,17.802,106.812,215.0,89.00999999999999,212.0,87.768,True,971.46,149.42000000000002,207216.6,,,0.75,False,False,False
9.2597844,2091,44.0,256.0,18.216,105.984,212.0,87.768,212.0,87.768,False,982.66,149.42000000000002,206605.8,,,0.75,False,False,False
9.2642128,2092,44.0,253.0,18.216,104.742,209.0,86.526,209.0,86.526,False,991.58,149.22,206878.6,,,0.75,False,False,False
9.2686412,2093,44.0,253.0,18.216,104.742,209.0,86.526,209.0,86.526,False,993.16,149.42000000000002,206356.8,,,0.75,False,False,False
9.2730696,2094,44.0,254.0,18.216,105.156,210.0,86.94,210.0,86.94,False,984.86,150.0,205973.4,,,0.75,False,False,False
9.277498,2095,44.0,254.0,18.216,105.156,210.0,86.94,210.0,86.94,False,978.7400000000002,149.82000000000002,205656.4,,,0.75,False,False,False
9.2819264,2096,44.0,254.0,18.216,105.156,210.0,86.94,210.0,86.94,False,981.42,150.0,205817.2,,,0.75,False,False,False
9.2863548,2097,44.0,258.0,18.216,106.812,214.0,88.59599999999999,214.0,88.59599999999999,False,967.68,149.82000000000002,205072.6,,,0.75,False,False,False
9.2907832,2098,44.0,258.0,18.216,106.812,214.0,88.59599999999999,214.0,88.59599999999999,False,956.98,149.6,205153.0,,,0.75,False,False,False
9.2952116,2099,44.0,255.0,18.216,105.57,211.0,87.354,211.0,87.354,False,968.02,150.0,205081.6,,,0.75,False,False,False
9.29964,2100,44.0,255.0,18.216,105.57,211.0,87.354,211.0,87.354,False,963.8,149.8,204707.0,,,0.75,False,False,False
9.3040684,2101,43.0,255.0,17.802,105.57,212.0,87.768,212.0,87.768,False,959.1,149.6,204620.8,,,0.75,False,False,False
9.3084968,2102,43.0,255.0,17.802,105.57,212.0,87.768,212.0,87.768,False,971.04,149.6,204705.0,,,0.75,False,False,False
9.3129252,2103,43.0,259.0,17.802,107.226,216.0,89.42399999999999,216.0,89.42399999999999,False,969.8600000000002,150.44,204550.0,,,0.75,False,False,False
9.3173536,2104,43.0,259.0,17.802,107.226,216.0,89.42399999999999,216.0,89.42399999999999,False,968.72,149.82000000000002,204012.4,,,0.75,False,False,False
9.321782,2105,43.0,259.0,17.802,107.226,216.0,89.42399999999999,216.0,89.42399999999999,False,962.38,149.82000000000002,203650.0,,,0.75,False,False,False
9.3262104,2106,43.0,259.0,17.802,107.226,216.0,89.42399999999999,216.0,89.42399999999999,False,954.24,149.8,202729.8,,,0.75,False,False,False
9.3306388,2107,43.0,258.0,17.802,106.812,215.0,89.00999999999999,215.0,89.00999999999999,False,953.74,150.0,202168.6,,,0.75,False,False,False
9.3350672,2108,43.0,258.0,17.802,106.812,215.0,89.00999999999999,215.0,89.00999999999999,False,952.52,149.46,201946.6,,,0.75,False,False,False
9.3394956,2109,43.0,258.0,17.802,106.812,215.0,89.00999999999999,215.0,89.00999999999999,False,948.9800000000002,150.4,201548.2,,,0.75,False,False,False
9.343924,2110,43.0,258.0,17.802,106.812,215.0,89.00999999999999,215.0,89.00999999999999,False,935.92,150.4,201211.2,,,0.75,False,False,False
9.3483524,2111,43.0,259.0,17.802,107.226,216.0,89.42399999999999,216.0,89.42399999999999,False,945.24,150.22,201008.8,,,0.75,False,False,False
9.3527808,2112,43.0,259.0,17.802,107.226,216.0,89.42399999999999,216.0,89.42399999999999,False,949.34,150.22,200680.8,,,0.75,False,False,False
9.3572092,2113,43.0,259.0,17.802,107.226,216.0,89.42399999999999,216.0,89.42399999999999,False,948.5800000000004,150.6,200379.8,,,0.75,False,False,False
9.3616376,2114,43.0,259.0,17.802,107.226,216.0,89.42399999999999,216.0,89.42399999999999,False,936.04,150.02,200372.2,,,0.75,False,False,False
9.366066,2115,43.0,261.0,17.802,108.054,218.0,90.252,218.0,90.252,False,933.72,150.0,200189.2,,,0.75,False,False,False
9.3704944,2116,43.0,261.0,17.802,108.054,218.0,90.252,218.0,90.252,False,937.48,150.22,200575.6,,,0.75,False,False,False
9.3749228,2117,43.0,261.0,17.802,108.054,218.0,90.252,218.0,90.252,False,939.8200000000002,150.02,200632.60000000003,,,0.75,False,False,False
9.3793512,2118,53.0,260.0,21.942,107.64,207.0,85.698,207.0,85.698,False,933.78,149.8,200280.2,,,0.75,False,False,False
9.3837796,2119,53.0,260.0,21.942,107.64,207.0,85.698,207.0,85.698,False,934.78,149.82000000000002,200466.0,,,0.75,False,False,False
9.388208,2120,53.0,260.0,21.942,107.64,207.0,85.698,207.0,85.698,False,929.64,150.0,200108.0,,,0.75,False,False,False
9.3926364,2121,53.0,260.0,21.942,107.64,207.0,85.698,207.0,85.698,False,927.68,149.82000000000002,199452.0,,,0.75,False,False,False
9.3970648,2122,53.0,262.0,21.942,108.468,209.0,86.526,207.0,85.698,True,922.58,149.62,198932.2,,,0.75,False,False,False
9.4014932,2123,53.0,260.0,21.942,107.64,207.0,85.698,207.0,85.698,False,923.2000000000002,149.22,198938.2,,,0.75,False,False,False
9.4059216,2124,53.0,260.0,21.942,107.64,207.0,85.698,207.0,85.698,False,929.32,149.6,198991.6,,,0.75,False,False,False
9.41035,2125,52.0,261.0,21.528,108.054,209.0,86.526,209.0,86.526,False,929.82,149.8,198675.0,,,0.75,False,False,False
9.4147784,2126,52.0,261.0,21.528,108.054,209.0,86.526,209.0,86.526,False,929.26,149.84,198603.2,,,0.75,False,False,False
9.4192068,2127,52.0,261.0,21.528,108.054,209.0,86.526,209.0,86.526,False,931.6,150.2,198797.2,,,0.75,False,False,False
9.4236352,2128,52.0,261.0,21.528,108.054,209.0,86.526,209.0,86.526,False,933.76,149.82000000000002,198712.2,,,0.75,False,False,False
9.4280636,2129,52.0,261.0,21.528,108.054,209.0,86.526,209.0,86.526,False,919.38,150.0,198308.0,,,0.75,False,False,False
9.432492,2130,53.0,261.0,21.942,108.054,208.0,86.112,209.0,86.526,True,917.62,149.8,198289.4,,,0.75,False,False,False
9.4369204,2131,53.0,266.0,21.942,110.124,213.0,88.182,208.0,86.112,True,915.48,150.0,198152.0,,,0.75,False,False,False
9.4413488,2132,53.0,259.0,21.942,107.226,206.0,85.28399999999999,213.0,88.182,True,916.3,150.0,198283.8,,,0.75,False,False,False
9.4457772,2133,53.0,266.0,21.942,110.124,213.0,88.182,208.0,86.112,True,904.88,149.6,197956.8,,,0.75,False,False,False
9.4502056,2134,52.0,260.0,21.528,107.64,208.0,86.112,210.0,86.94,True,915.24,149.6,198023.2,,,0.75,False,False,False
9.454634,2135,52.0,262.0,21.528,108.468,210.0,86.94,210.0,86.94,False,912.44,149.62,198450.0,,,0.75,False,False,False
9.4590624,2136,52.0,262.0,21.528,108.468,210.0,86.94,210.0,86.94,False,917.16,149.8,198693.0,,,0.75,False,False,False
9.4634908,2137,52.0,262.0,21.528,108.468,210.0,86.94,210.0,86.94,False,914.54,150.0,198410.6,,,0.75,False,False,False
9.4679192,2138,52.0,262.0,21.528,108.468,210.0,86.94,210.0,86.94,False,917.9,149.62,198726.6,,,0.75,False,False,False
9.4723476,2139,52.0,262.0,21.528,108.468,210.0,86.94,210.0,86.94,False,918.58,150.0,198468.0,,,0.75,False,False,False
9.476776,2140,52.0,262.0,21.528,108.468,210.0,86.94,210.0,86.94,False,919.9400000000002,150.2,198209.60000000003,,,0.75,False,False,False
9.4812044,2141,52.0,262.0,21.528,108.468,210.0,86.94,210.0,86.94,False,913.18,150.2,197885.6,,,0.75,False,False,False
9.4856328,2142,52.0,262.0,21.528,108.468,210.0,86.94,210.0,86.94,False,921.08,150.4,198166.8,,,0.75,False,False,False
9.4900612,2143,52.0,266.0,21.528,110.124,214.0,88.59599999999999,212.0,87.768,True,914.7,150.02,198139.0,,,0.75,False,False,False
9.4944896,2144,52.0,264.0,21.528,109.296,212.0,87.768,213.0,88.182,True,914.26,149.62,198458.8,,,0.75,False,False,False
9.498918,2145,52.0,265.0,21.528,109.71,213.0,88.182,213.0,88.182,False,906.0,149.42000000000002,197978.2,,,0.75,False,False,False
9.5033464,2146,52.0,266.0,21.528,110.124,214.0,88.59599999999999,214.0,88.59599999999999,False,909.26,149.42000000000002,197872.8,,,0.75,False,False,False
9.5077748,2147,52.0,271.0,21.528,112.194,219.0,90.666,214.0,88.59599999999999,True,906.14,149.4,197931.2,,,0.75,False,False,False
9.5122032,2148,52.0,264.0,21.528,109.296,212.0,87.768,214.0,88.59599999999999,True,905.24,149.22,197560.0,,,0.75,False,False,False
9.5166316,2149,52.0,266.0,21.528,110.124,214.0,88.59599999999999,212.0,87.768,True,909.12,149.82000000000002,196692.0,,,0.75,False,False,False
9.52106,2150,52.0,262.0,21.528,108.468,210.0,86.94,213.0,88.182,True,905.58,149.82000000000002,197066.4,,,0.75,False,False,False
9.5254884,2151,52.0,265.0,21.528,109.71,213.0,88.182,213.0,88.182,False,901.36,149.8,197302.6,,,0.75,False,False,False
9.5299168,2152,52.0,265.0,21.528,109.71,213.0,88.182,213.0,88.182,False,893.38,149.22,196329.0,,,0.75,False,False,False
9.5343452,2153,52.0,265.0,21.528,109.71,213.0,88.182,213.0,88.182,False,894.9200000000002,149.2,196181.4,,,0.75,False,False,False
9.5387736,2154,52.0,271.0,21.528,112.194,219.0,90.666,219.0,90.666,False,901.52,149.22,196426.8,,,0.75,False,False,False
9.543202,2155,52.0,271.0,21.528,112.194,219.0,90.666,219.0,90.666,False,903.2,149.2,196365.0,,,0.75,False,False,False
9.5476304,2156,52.0,271.0,21.528,112.194,219.0,90.666,219.0,90.666,False,901.9200000000002,150.0,195933.00000000003,,,0.75,False,False,False
9.5520588,2157,52.0,271.0,21.528,112.194,219.0,90.666,219.0,90.666,False,894.7800000000002,150.0,195918.4,,,0.75,False,False,False
9.5564872,2158,52.0,267.0,21.528,110.538,215.0,89.00999999999999,219.0,90.666,True,895.38,149.6,195811.2,,,0.75,False,False,False
9.5609156,2159,52.0,275.0,21.528,113.85,223.0,92.322,223.0,92.322,False,897.72,149.8,195877.99999999997,,,0.75,False,False,False
9.565344,2160,52.0,275.0,21.528,113.85,223.0,92.322,223.0,92.322,False,885.76,150.02,195480.8,,,0.75,False,False,False
9.5697724,2161,52.0,275.0,21.528,113.85,223.0,92.322,223.0,92.322,False,885.98,149.6,195348.2,,,0.75,False,False,False
9.5742008,2162,52.0,275.0,21.528,113.85,223.0,92.322,223.0,92.322,False,887.32,149.42000000000002,195670.8,,,0.75,False,False,False
9.5786292,2163,52.0,276.0,21.528,114.264,224.0,92.736,223.0,92.322,True,888.96,149.42000000000002,196060.2,,,0.75,False,False,False
9.5830576,2164,52.0,265.0,21.528,109.71,213.0,88.182,213.0,88.182,False,894.4400000000003,149.82000000000002,196285.2,,,0.75,False,False,False
9.587486,2165,52.0,265.0,21.528,109.71,213.0,88.182,213.0,88.182,False,889.72,150.0,196576.4,,,0.75,False,False,False
9.5919144,2166,52.0,272.0,21.528,112.608,220.0,91.08,213.0,88.182,True,895.4200000000001,150.02,197154.2,,,0.75,False,False,False
9.5963428,2167,52.0,264.0,21.528,109.296,212.0,87.768,214.0,88.59599999999999,True,905.08,149.8,197442.4,,,0.75,False,False,False
9.6007712,2168,52.0,266.0,21.528,110.124,214.0,88.59599999999999,214.0,88.59599999999999,False,909.0,150.02,196987.2,,,0.75,False,False,False
9.6051996,2169,52.0,266.0,21.528,110.124,214.0,88.59599999999999,214.0,88.59599999999999,False,902.38,150.2,196935.8,,,0.75,False,False,False
9.609628,2170,52.0,266.0,21.528,110.124,214.0,88.59599999999999,214.0,88.59599999999999,False,905.28,150.6,196869.4,,,0.75,False,False,False
9.6140564,2171,52.0,266.0,21.528,110.124,214.0,88.59599999999999,214.0,88.59599999999999,False,902.36,150.02,196356.6,,,0.75,False,False,False
9.6184848,2172,52.0,266.0,21.528,110.124,214.0,88.59599999999999,214.0,88.59599999999999,False,900.9,150.0,195760.4,,,0.75,False,False,False
9.6229132,2173,51.0,276.0,21.113999999999997,114.264,225.0,93.15,225.0,93.15,False,894.6,149.62,195634.39999999997,,,0.75,False,False,False
9.6273416,2174,51.0,276.0,21.113999999999997,114.264,225.0,93.15,225.0,93.15,False,895.38,149.62,195541.2,,,0.75,False,False,False
9.63177,2175,51.0,276.0,21.113999999999997,114.264,225.0,93.15,225.0,93.15,False,893.32,149.8,195586.0,,,0.75,False,False,False
9.6361984,2176,51.0,276.0,21.113999999999997,114.264,225.0,93.15,225.0,93.15,False,891.76,150.02,195538.0,,,0.75,False,False,False
9.6406268,2177,52.0,275.0,21.528,113.85,223.0,92.322,224.0,92.736,True,891.24,149.62,195497.2,,,0.75,False,False,False
9.6450552,2178,51.0,275.0,21.113999999999997,113.85,224.0,92.736,223.0,92.322,True,894.5600000000001,149.6,195183.4,,,0.75,False,False,False
9.6494836,2179,52.0,275.0,21.528,113.85,223.0,92.322,224.0,92.736,True,892.58,149.6,194893.0,,,0.75,False,False,False
9.653912,2180,52.0,276.0,21.528,114.264,224.0,92.736,223.0,92.322,True,884.0400000000001,149.6,194371.8,,,0.75,False,False,False
9.6583404,2181,52.0,275.0,21.528,113.85,223.0,92.322,223.0,92.322,False,888.38,149.4,193948.0,,,0.75,False,False,False
9.6627688,2182,52.0,271.0,21.528,112.194,219.0,90.666,223.0,92.322,True,881.78,149.8,193918.4,,,0.75,False,False,False
9.6671972,2183,52.0,276.0,21.528,114.264,224.0,92.736,219.0,90.666,True,881.44,150.2,193866.2,,,0.75,False,False,False
9.6716256,2184,52.0,267.0,21.528,110.538,215.0,89.00999999999999,217.0,89.838,True,879.96,150.2,193746.4,,,0.75,False,False,False
9.676054,2185,52.0,269.0,21.528,111.366,217.0,89.838,217.0,89.838,False,874.9200000000001,149.62,193470.6,,,0.75,False,False,False
9.6804824,2186,52.0,269.0,21.528,111.366,217.0,89.838,217.0,89.838,False,875.7,149.62,193416.0,,,0.75,False,False,False
9.6849108,2187,52.0,269.0,21.528,111.366,217.0,89.838,217.0,89.838,False,880.7,150.2,193601.4,,,0.75,False,False,False
9.6893392,2188,51.0,269.0,21.113999999999997,111.366,218.0,90.252,217.0,89.838,True,874.7,150.0,193690.6,,,0.75,False,False,False
9.6937676,2189,51.0,266.0,21.113999999999997,110.124,215.0,89.00999999999999,215.0,89.00999999999999,False,878.2000000000002,150.04,193491.4,,,0.75,False,False,False
9.698196,2190,52.0,267.0,21.528,110.538,215.0,89.00999999999999,215.0,89.00999999999999,False,881.82,150.0,193748.0,,,0.75,False,False,False
9.7026244,2191,51.0,267.0,21.113999999999997,110.538,216.0,89.42399999999999,216.0,89.42399999999999,False,879.28,150.2,193952.4,,,0.75,False,False,False
9.7070528,2192,51.0,268.0,21.113999999999997,110.952,217.0,89.838,216.0,89.42399999999999,True,878.0400000000001,150.6,193549.6,,,0.75,False,False,False
9.7114812,2193,52.0,268.0,21.528,110.952,216.0,89.42399999999999,217.0,89.838,True,878.0400000000001,150.0,193794.0,,,0.75,False,False,False
9.7159096,2194,52.0,271.0,21.528,112.194,219.0,90.666,216.0,89.42399999999999,True,876.3600000000001,149.8,193764.0,,,0.75,False,False,False
9.720338,2195,52.0,267.0,21.528,110.538,215.0,89.00999999999999,215.0,89.00999999999999,False,888.08,150.22,193744.0,,,0.75,False,False,False
9.7247664,2196,52.0,266.0,21.528,110.124,214.0,88.59599999999999,215.0,89.00999999999999,True,889.0,149.64,194042.4,,,0.75,False,False,False
9.7291948,2197,52.0,272.0,21.528,112.608,220.0,91.08,220.0,91.08,False,894.76,149.8,194530.8,,,0.75,False,False,False
9.7336232,2198,51.0,272.0,21.113999999999997,112.608,221.0,91.494,221.0,91.494,False,897.98,149.8,194283.8,,,0.75,False,False,False
9.7380516,2199,51.0,272.0,21.113999999999997,112.608,221.0,91.494,221.0,91.494,False,895.1400000000001,150.4,194373.6,,,0.75,False,False,False
9.74248,2200,51.0,275.0,21.113999999999997,113.85,224.0,92.736,224.0,92.736,False,894.5400000000001,149.84,194446.4,,,0.75,False,False,False
9.7469084,2201,51.0,275.0,21.113999999999997,113.85,224.0,92.736,224.0,92.736,False,890.44,150.02,194493.2,,,0.75,False,False,False
9.7513368,2202,51.0,275.0,21.113999999999997,113.85,224.0,92.736,224.0,92.736,False,888.7600000000002,150.2,193958.4,,,0.75,False,False,False
9.7557652,2203,52.0,275.0,21.528,113.85,223.0,92.322,224.0,92.736,True,895.9000000000001,149.8,194793.4,,,0.75,False,False,False
9.7601936,2204,51.0,275.0,21.113999999999997,113.85,224.0,92.736,224.0,92.736,False,888.1800000000001,150.4,194926.4,,,0.75,False,False,False
9.764622,2205,51.0,275.0,21.113999999999997,113.85,224.0,92.736,224.0,92.736,False,892.08,150.22,194825.6,,,0.75,False,False,False
9.7690504,2206,51.0,275.0,21.113999999999997,113.85,224.0,92.736,224.0,92.736,False,890.38,150.2,194612.0,,,0.75,False,False,False
9.7734788,2207,51.0,268.0,21.113999999999997,110.952,217.0,89.838,219.0,90.666,True,888.5600000000001,150.0,194614.0,,,0.75,False,False,False
9.7779072,2208,51.0,270.0,21.113999999999997,111.78,219.0,90.666,219.0,90.666,False,883.2,150.0,194416.2,,,0.75,False,False,False
9.7823356,2209,51.0,270.0,21.113999999999997,111.78,219.0,90.666,219.0,90.666,False,885.36,149.62,194486.6,,,0.75,False,False,False
9.786764,2210,51.0,266.0,21.113999999999997,110.124,215.0,89.00999999999999,219.0,90.666,True,883.8,149.62,194449.8,,,0.75,False,False,False
9.7911924,2211,51.0,277.0,21.113999999999997,114.678,226.0,93.564,225.0,93.15,True,885.7200000000001,149.8,194841.8,,,0.75,False,False,False
9.7956208,2212,52.0,277.0,21.528,114.678,225.0,93.15,225.0,93.15,False,890.48,149.46,195414.4,,,0.75,False,False,False
9.8000492,2213,52.0,267.0,21.528,110.538,215.0,89.00999999999999,215.0,89.00999999999999,False,890.98,150.02,194955.4,,,0.75,False,False,False
9.8044776,2214,52.0,267.0,21.528,110.538,215.0,89.00999999999999,215.0,89.00999999999999,False,896.08,149.62,194881.6,,,0.75,False,False,False
9.808906,2215,52.0,275.0,21.528,113.85,223.0,92.322,223.0,92.322,False,894.8000000000002,149.8,194738.0,,,0.75,False,False,False
9.8133344,2216,52.0,275.0,21.528,113.85,223.0,92.322,223.0,92.322,False,888.72,149.62,194204.4,,,0.75,False,False,False
9.8177628,2217,52.0,266.0,21.528,110.124,214.0,88.59599999999999,223.0,92.322,True,888.98,149.8,193730.2,,,0.75,False,False,False
9.8221912,2218,52.0,275.0,21.528,113.85,223.0,92.322,223.0,92.322,False,887.1400000000001,150.0,193693.4,,,0.75,False,False,False
9.8266196,2219,51.0,276.0,21.113999999999997,114.264,225.0,93.15,225.0,93.15,False,882.0000000000001,149.62,193483.4,,,0.75,False,False,False
9.831048,2220,51.0,276.0,21.113999999999997,114.264,225.0,93.15,225.0,93.15,False,882.1800000000001,149.82000000000002,193668.4,,,0.75,False,False,False
9.8354764,2221,51.0,276.0,21.113999999999997,114.264,225.0,93.15,225.0,93.15,False,882.7800000000002,149.6,193809.2,,,0.75,False,False,False
9.8399048,2222,51.0,276.0,21.113999999999997,114.264,225.0,93.15,225.0,93.15,False,886.1600000000002,150.02,193630.2,,,0.75,False,False,False
9.8443332,2223,51.0,276.0,21.113999999999997,114.264,225.0,93.15,225.0,93.15,False,879.4200000000002,150.0,193311.4,,,0.75,False,False,False
9.8487616,2224,51.0,276.0,21.113999999999997,114.264,225.0,93.15,225.0,93.15,False,873.3,150.42000000000002,193029.6,,,0.75,False,False,False
9.85319,2225,51.0,276.0,21.113999999999997,114.264,225.0,93.15,225.0,93.15,False,871.5400000000001,150.02,192924.0,,,0.75,False,False,False
9.8576184,2226,51.0,276.0,21.113999999999997,114.264,225.0,93.15,225.0,93.15,False,872.2,150.2,192750.6,,,0.75,False,False,False
9.8620468,2227,51.0,276.0,21.113999999999997,114.264,225.0,93.15,225.0,93.15,False,881.6800000000001,149.44,192603.8,,,0.75,False,False,False
9.8664752,2228,51.0,276.0,21.113999999999997,114.264,225.0,93.15,225.0,93.15,False,878.78,149.82000000000002,192676.0,,,0.75,False,False,False
9.8709036,2229,52.0,276.0,21.528,114.264,224.0,92.736,225.0,93.15,True,882.48,149.8,193001.4,,,0.75,False,False,False
9.875332,2230,51.0,276.0,21.113999999999997,114.264,225.0,93.15,225.0,93.15,False,876.5400000000001,149.42000000000002,193058.2,,,0.75,False,False,False
9.8797604,2231,52.0,279.0,21.528,115.506,227.0,93.978,226.0,93.564,True,872.58,149.8,192870.8,,,0.75,False,False,False
9.8841888,2232,52.0,278.0,21.528,115.092,226.0,93.564,226.0,93.564,False,876.3400000000001,149.44,192998.6,,,0.75,False,False,False
9.8886172,2233,52.0,278.0,21.528,115.092,226.0,93.564,226.0,93.564,False,876.96,149.4,192991.8,,,0.75,False,False,False
9.8930456,2234,52.0,278.0,21.528,115.092,226.0,93.564,226.0,93.564,False,874.5,149.62,192695.4,,,0.75,False,False,False
9.897474,2235,52.0,278.0,21.528,115.092,226.0,93.564,226.0,93.564,False,870.1800000000001,149.2,192257.0,,,0.75,False,False,False
9.9019024,2236,52.0,276.0,21.528,114.264,224.0,92.736,224.0,92.736,False,874.9200000000002,149.8,192170.2,,,0.75,False,False,False
9.9063308,2237,52.0,275.0,21.528,113.85,223.0,92.322,223.0,92.322,False,867.3,149.6,192042.4,,,0.75,False,False,False
9.9107592,2238,51.0,269.0,21.113999999999997,111.366,218.0,90.252,218.0,90.252,False,864.3800000000001,149.6,192258.2,,,0.75,False,False,False
9.9151876,2239,51.0,269.0,21.113999999999997,111.366,218.0,90.252,218.0,90.252,False,866.32,149.02,191966.4,,,0.75,False,False,False
9.919616,2240,51.0,276.0,21.113999999999997,114.264,225.0,93.15,225.0,93.15,False,871.82,149.8,192313.4,,,0.75,False,False,False
9.9240444,2241,51.0,276.0,21.113999999999997,114.264,225.0,93.15,225.0,93.15,False,867.0000000000001,150.02,192429.6,,,0.75,False,False,False
9.9284728,2242,51.0,277.0,21.113999999999997,114.678,226.0,93.564,226.0,93.564,False,866.2,149.82000000000002,192170.4,,,0.75,False,False,False
9.9329012,2243,51.0,280.0,21.113999999999997,115.92,229.0,94.806,226.0,93.564,True,870.1600000000001,149.62,192348.6,,,0.75,False,False,False
9.9373296,2244,51.0,272.0,21.113999999999997,112.608,221.0,91.494,226.0,93.564,True,875.08,150.2,192479.2,,,0.75,False,False,False
9.941758,2245,51.0,277.0,21.113999999999997,114.678,226.0,93.564,226.0,93.564,False,867.08,149.82000000000002,192099.4,,,0.75,False,False,False
9.9461864,2246,51.0,277.0,21.113999999999997,114.678,226.0,93.564,226.0,93.564,False,859.9200000000002,149.82000000000002,191550.8,,,0.75,False,False,False
9.9506148,2247,52.0,272.0,21.528,112.608,220.0,91.08,225.0,93.15,True,870.66,150.02,191979.6,,,0.75,False,False,False
9.9550432,2248,52.0,277.0,21.528,114.678,225.0,93.15,225.0,93.15,False,861.5400000000001,150.02,191429.0,,,0.75,False,False,False
9.9594716,2249,52.0,277.0,21.528,114.678,225.0,93.15,225.0,93.15,False,863.9200000000001,149.8,191386.6,,,0.75,False,False,False
9.9639,2250,52.0,272.0,21.528,112.608,220.0,91.08,224.0,92.736,True,869.2600000000001,150.02,191279.4,,,0.75,False,False,False
9.9683284,2251,51.0,275.0,21.113999999999997,113.85,224.0,92.736,224.0,92.736,False,872.3000000000002,149.8,191769.4,,,0.75,False,False,False
9.9727568,2252,51.0,279.0,21.113999999999997,115.506,228.0,94.392,228.0,94.392,False,873.88,150.02,191544.2,,,0.75,False,False,False
9.9771852,2253,51.0,279.0,21.113999999999997,115.506,228.0,94.392,228.0,94.392,False,865.4000000000001,150.0,191566.6,,,0.75,False,False,False
9.9816136,2254,52.0,279.0,21.528,115.506,227.0,93.978,227.0,93.978,False,863.4000000000001,150.4,191692.6,,,0.75,False,False,False
9.986042,2255,52.0,279.0,21.528,115.506,227.0,93.978,227.0,93.978,False,867.48,150.42000000000002,191983.6,,,0.75,False,False,False
9.9904704,2256,52.0,272.0,21.528,112.608,220.0,91.08,224.0,92.736,True,866.38,150.02,192095.0,,,0.75,False,False,False
9.9948988,2257,52.0,276.0,21.528,114.264,224.0,92.736,224.0,92.736,False,870.1600000000001,150.02,192276.6,,,0.75,False,False,False
9.9993272,2258,51.0,276.0,21.113999999999997,114.264,225.0,93.15,225.0,93.15,False,871.72,149.62,192258.2,,,0.75,False,False,False
10.0037556,2259,51.0,276.0,21.113999999999997,114.264,225.0,93.15,225.0,93.15,False,873.78,149.82000000000002,192138.8,,,0.75,False,False,False
10.008184,2260,51.0,276.0,21.113999999999997,114.264,225.0,93.15,225.0,93.15,False,877.94,149.4,192218.8,,,0.75,False,False,False
10.0126124,2261,51.0,276.0,21.113999999999997,114.264,225.0,93.15,225.0,93.15,False,874.36,149.6,192096.6,,,0.75,False,False,False
10.0170408,2262,51.0,276.0,21.113999999999997,114.264,225.0,93.15,225.0,93.15,False,872.08,149.82000000000002,192054.6,,,0.75,False,False,False
10.0214692,2263,51.0,276.0,21.113999999999997,114.264,225.0,93.15,225.0,93.15,False,871.38,150.2,192172.2,,,0.75,False,False,False
10.0258976,2264,51.0,276.0,21.113999999999997,114.264,225.0,93.15,225.0,93.15,False,876.9000000000001,150.0,192428.2,,,0.75,False,False,False
10.030326,2265,52.0,276.0,21.528,114.264,224.0,92.736,224.0,92.736,False,869.84,149.4,192253.8,,,0.75,False,False,False
10.0347544,2266,52.0,272.0,21.528,112.608,220.0,91.08,220.0,91.08,False,870.44,149.8,191671.2,,,0.75,False,False,False
10.0391828,2267,52.0,267.0,21.528,110.538,215.0,89.00999999999999,215.0,89.00999999999999,False,870.5600000000001,149.8,191668.6,,,0.75,False,False,False
10.0436112,2268,52.0,267.0,21.528,110.538,215.0,89.00999999999999,215.0,89.00999999999999,False,868.5200000000001,149.42000000000002,192215.4,,,0.75,False,False,False
10.0480396,2269,52.0,275.0,21.528,113.85,223.0,92.322,215.0,89.00999999999999,True,872.5400000000001,149.6,191965.2,,,0.75,False,False,False
10.052468,2270,52.0,267.0,21.528,110.538,215.0,89.00999999999999,223.0,92.322,True,868.8000000000001,149.62,191803.6,,,0.75,False,False,False
10.0568964,2271,52.0,276.0,21.528,114.264,224.0,92.736,215.0,89.00999999999999,True,876.9000000000001,150.02,192379.2,,,0.75,False,False,False
10.0613248,2272,52.0,267.0,21.528,110.538,215.0,89.00999999999999,224.0,92.736,True,872.38,149.42000000000002,192469.2,,,0.75,False,False,False
10.0657532,2273,52.0,278.0,21.528,115.092,226.0,93.564,215.0,89.00999999999999,True,868.28,149.6,191894.4,,,0.75,False,False,False
10.0701816,2274,52.0,267.0,21.528,110.538,215.0,89.00999999999999,220.0,91.08,True,871.96,149.4,192264.0,,,0.75,False,False,False
10.07461,2275,52.0,272.0,21.528,112.608,220.0,91.08,220.0,91.08,False,883.44,149.0,194877.6,,,0.75,False,False,False
10.0790384,2276,52.0,272.0,21.528,112.608,220.0,91.08,220.0,91.08,False,918.72,149.62,201185.6,,,0.75,False,False,False
10.0834668,2277,52.0,272.0,21.528,112.608,220.0,91.08,220.0,91.08,False,982.28,149.82000000000002,210885.0,,,0.75,False,False,False
10.0878952,2278,52.0,263.0,21.528,108.882,211.0,87.354,211.0,87.354,False,1072.16,149.8,223578.0,,,0.75,False,False,False
10.0923236,2279,52.0,261.0,21.528,108.054,209.0,86.526,209.0,86.526,False,1162.6,149.6,239278.6,,,0.75,False,False,False
10.096752,2280,52.0,258.0,21.528,106.812,206.0,85.28399999999999,206.0,85.28399999999999,False,1271.76,149.8,254547.2,,,0.75,False,False,False
10.1011804,2281,52.0,257.0,21.528,106.398,205.0,84.86999999999999,205.0,84.86999999999999,False,1343.16,149.6,268674.8,,,0.75,False,False,False
10.1056088,2282,52.0,257.0,21.528,106.398,205.0,84.86999999999999,205.0,84.86999999999999,False,1408.16,150.0,281928.6,,,0.75,False,False,False
10.1100372,2283,52.0,257.0,21.528,106.398,205.0,84.86999999999999,205.0,84.86999999999999,False,1467.7000000000005,150.0,295488.4,,,0.75,False,False,False
10.1144656,2284,52.0,261.0,21.528,108.054,209.0,86.526,208.0,86.112,True,1523.5800000000002,149.42000000000002,307168.6,,,0.75,False,False,False
10.118894,2285,53.0,261.0,21.942,108.054,208.0,86.112,209.0,86.526,True,1589.76,149.82000000000002,318655.60000000003,,,0.75,False,False,False
10.1233224,2286,53.0,262.0,21.942,108.468,209.0,86.526,209.0,86.526,False,1631.6,150.42000000000002,330022.4,,,0.75,False,False,False
10.1277508,2287,53.0,265.0,21.942,109.71,212.0,87.768,212.0,87.768,False,1668.5800000000004,150.2,340023.2,,,0.75,False,False,False
10.1321792,2288,52.0,273.0,21.528,113.022,221.0,91.494,221.0,91.494,False,1700.7400000000002,150.4,348024.6,,,0.75,False,False,False
10.1366076,2289,52.0,276.0,21.528,114.264,224.0,92.736,224.0,92.736,False,1716.12,150.42000000000002,355419.6,,,0.75,False,False,False
10.141036,2290,52.0,276.0,21.528,114.264,224.0,92.736,224.0,92.736,False,1735.4000000000003,150.62,362047.1999999999,,,0.75,False,False,False
10.1454644,2291,52.0,277.0,21.528,114.678,225.0,93.15,224.0,92.736,True,1740.34,151.0,366741.0,,,0.75,False,False,False
10.1498928,2292,52.0,276.0,21.528,114.264,224.0,92.736,224.0,92.736,False,1749.18,150.8,370982.6,,,0.75,False,False,False
10.1543212,2293,53.0,277.0,21.942,114.678,224.0,92.736,224.0,92.736,False,1756.0800000000002,150.8,374351.4,,,0.75,False,False,False
10.1587496,2294,53.0,276.0,21.942,114.264,223.0,92.322,223.0,92.322,False,1764.34,150.82000000000002,376895.0,,,0.75,False,False,False
10.163178,2295,53.0,275.0,21.942,113.85,222.0,91.908,223.0,92.322,True,1768.56,151.0,379377.6,,,0.75,False,False,False
10.1676064,2296,53.0,276.0,21.942,114.264,223.0,92.322,222.0,91.908,True,1776.5400000000004,150.04,381220.6,,,0.75,False,False,False
10.1720348,2297,54.0,276.0,22.356,114.264,222.0,91.908,222.0,91.908,False,1779.2,150.02,382318.0,,,0.75,False,False,False
10.1764632,2298,54.0,276.0,22.356,114.264,222.0,91.908,222.0,91.908,False,1775.0800000000002,150.2,383018.20000000007,,,0.75,False,False,False
10.1808916,2299,55.0,276.0,22.77,114.264,221.0,91.494,221.0,91.494,False,1789.0400000000002,150.4,384623.4,,,0.75,False,False,False
10.18532,2300,55.0,276.0,22.77,114.264,221.0,91.494,221.0,91.494,False,1796.4200000000003,150.2,386319.2,,,0.75,False,False,False
10.1897484,2301,55.0,277.0,22.77,114.678,222.0,91.908,221.0,91.494,True,1817.18,150.2,387477.6,,,0.75,False,False,False
10.1941768,2302,56.0,277.0,23.183999999999997,114.678,221.0,91.494,221.0,91.494,False,1814.78,150.62,388419.2,,,0.75,False,False,False
10.1986052,2303,56.0,277.0,23.183999999999997,114.678,221.0,91.494,221.0,91.494,False,1827.78,150.62,389483.20000000007,,,0.75,False,False,False
10.2030336,2304,56.0,277.0,23.183999999999997,114.678,221.0,91.494,221.0,91.494,False,1842.34,150.4,389911.0,,,0.75,False,False,False
10.207462,2305,57.0,277.0,23.598,114.678,220.0,91.08,220.0,91.08,False,1834.7,150.82000000000002,389690.6,,,0.75,False,False,False
10.2118904,2306,57.0,276.0,23.598,114.264,219.0,90.666,219.0,90.666,False,1843.98,150.42000000000002,390070.0,,,0.75,False,False,False
10.2163188,2307,58.0,276.0,24.012,114.264,218.0,90.252,218.0,90.252,False,1855.26,150.2,390009.2,,,0.75,False,False,False
10.2207472,2308,58.0,276.0,24.012,114.264,218.0,90.252,218.0,90.252,False,1843.84,149.82000000000002,389856.8,,,0.75,False,False,False
10.2251756,2309,58.0,276.0,24.012,114.264,218.0,90.252,218.0,90.252,False,1842.24,150.0,389740.4,,,0.75,False,False,False
10.229604,2310,59.0,276.0,24.426,114.264,217.0,89.838,217.0,89.838,False,1842.28,149.62,389819.8000000001,,,0.75,False,False,False
10.2340324,2311,59.0,275.0,24.426,113.85,216.0,89.42399999999999,216.0,89.42399999999999,False,1841.7,149.42000000000002,389690.20000000007,,,0.75,False,False,False
10.2384608,2312,59.0,275.0,24.426,113.85,216.0,89.42399999999999,216.0,89.42399999999999,False,1840.58,150.22,390163.6,,,0.75,False,False,False
10.2428892,2313,59.0,275.0,24.426,113.85,216.0,89.42399999999999,216.0,89.42399999999999,False,1857.06,150.42000000000002,391180.6,,,0.75,False,False,False
10.2473176,2314,59.0,275.0,24.426,113.85,216.0,89.42399999999999,216.0,89.42399999999999,False,1853.64,150.2,391450.8000000001,,,0.75,False,False,False
10.251746,2315,60.0,275.0,24.84,113.85,215.0,89.00999999999999,215.0,89.00999999999999,False,1865.54,150.2,391779.4,,,0.75,False,False,False
10.2561744,2316,60.0,274.0,24.84,113.436,214.0,88.59599999999999,214.0,88.59599999999999,False,1871.52,150.2,392315.6,,,0.75,False,False,False
10.2606028,2317,60.0,274.0,24.84,113.436,214.0,88.59599999999999,214.0,88.59599999999999,False,1864.6,149.82000000000002,393435.8,,,0.75,False,False,False
10.2650312,2318,60.0,274.0,24.84,113.436,214.0,88.59599999999999,214.0,88.59599999999999,False,1887.98,150.2,393104.0,,,0.75,False,False,False
10.2694596,2319,61.0,274.0,25.254,113.436,213.0,88.182,213.0,88.182,False,1890.72,149.8,393104.79999999993,,,0.75,False,False,False
10.273888,2320,61.0,274.0,25.254,113.436,213.0,88.182,213.0,88.182,False,1888.54,150.0,393567.79999999993,,,0.75,False,False,False
10.2783164,2321,49.0,273.0,20.286,113.022,224.0,92.736,224.0,92.736,False,1879.1,150.2,392649.20000000007,,,0.75,False,False,False
10.2827448,2322,49.0,273.0,20.286,113.022,224.0,92.736,224.0,92.736,False,1872.96,150.6,392136.6,,,0.75,False,False,False
10.2871732,2323,49.0,273.0,20.286,113.022,224.0,92.736,224.0,92.736,False,1865.66,150.0,391817.0,,,0.75,False,False,False
10.2916016,2324,49.0,272.0,20.286,112.608,223.0,92.322,223.0,92.322,False,1866.4,150.2,392299.1999999999,,,0.75,False,False,False
10.29603,2325,49.0,272.0,20.286,112.608,223.0,92.322,223.0,92.322,False,1862.18,150.4,392445.6,,,0.75,False,False,False
10.3004584,2326,49.0,272.0,20.286,112.608,223.0,92.322,223.0,92.322,False,1870.8800000000003,149.8,392587.8,,,0.75,False,False,False
10.3048868,2327,49.0,271.0,20.286,112.194,222.0,91.908,222.0,91.908,False,1885.14,149.62,393050.6,,,0.75,False,False,False
10.3093152,2328,49.0,271.0,20.286,112.194,222.0,91.908,222.0,91.908,False,1882.34,149.8,393637.79999999993,,,0.75,False,False,False
10.3137436,2329,49.0,271.0,20.286,112.194,222.0,91.908,222.0,91.908,False,1875.76,150.02,393542.00000000006,,,0.75,False,False,False
10.318172,2330,49.0,271.0,20.286,112.194,222.0,91.908,222.0,91.908,False,1881.06,149.8,392991.2,,,0.75,False,False,False
10.3226004,2331,49.0,270.0,20.286,111.78,221.0,91.494,221.0,91.494,False,1888.36,150.02,393926.1999999999,,,0.75,False,False,False
10.3270288,2332,49.0,270.0,20.286,111.78,221.0,91.494,221.0,91.494,False,1887.1,149.22,393388.8,,,0.75,False,False,False
10.3314572,2333,49.0,270.0,20.286,111.78,221.0,91.494,221.0,91.494,False,1889.98,149.6,393534.8,,,0.75,False,False,False
10.3358856,2334,49.0,270.0,20.286,111.78,221.0,91.494,221.0,91.494,False,1883.64,149.8,393808.4,,,0.75,False,False,False
10.340314,2335,49.0,270.0,20.286,111.78,221.0,91.494,221.0,91.494,False,1881.16,149.64,393624.8,,,0.75,False,False,False
10.3447424,2336,49.0,270.0,20.286,111.78,221.0,91.494,221.0,91.494,False,1873.8800000000003,149.42000000000002,393075.6000000001,,,0.75,False,False,False
10.3491708,2337,49.0,270.0,20.286,111.78,221.0,91.494,221.0,91.494,False,1877.8,149.82000000000002,393292.4,,,0.75,False,False,False
10.3535992,2338,49.0,269.0,20.286,111.366,220.0,91.08,220.0,91.08,False,1876.0,149.8,392945.1999999999,,,0.75,False,False,False
10.3580276,2339,49.0,269.0,20.286,111.366,220.0,91.08,220.0,91.08,False,1883.96,149.62,392601.2,,,0.75,False,False,False
10.362456,2340,49.0,269.0,20.286,111.366,220.0,91.08,220.0,91.08,False,1880.06,149.82000000000002,392620.0,,,0.75,False,False,False
10.3668844,2341,49.0,268.0,20.286,110.952,219.0,90.666,219.0,90.666,False,1890.92,150.0,392942.1999999999,,,0.75,False,False,False
10.3713128,2342,49.0,268.0,20.286,110.952,219.0,90.666,219.0,90.666,False,1895.04,150.0,392489.0,,,0.75,False,False,False
10.3757412,2343,49.0,268.0,20.286,110.952,219.0,90.666,219.0,90.666,False,1896.5,149.6,393357.79999999993,,,0.75,False,False,False
10.3801696,2344,49.0,268.0,20.286,110.952,219.0,90.666,219.0,90.666,False,1895.08,149.62,393111.8,,,0.75,False,False,False
10.384598,2345,50.0,268.0,20.7,110.952,218.0,90.252,219.0,90.666,True,1900.4,149.4,393218.0,,,0.75,False,False,False
10.3890264,2346,49.0,268.0,20.286,110.952,219.0,90.666,218.0,90.252,True,1901.44,149.62,393538.2,,,0.75,False,False,False
10.3934548,2347,49.0,267.0,20.286,110.538,218.0,90.252,218.0,90.252,False,1899.02,149.6,393257.0,,,0.75,False,False,False
10.3978832,2348,49.0,267.0,20.286,110.538,218.0,90.252,218.0,90.252,False,1908.54,149.6,392765.1999999999,,,0.75,False,False,False
10.4023116,2349,49.0,267.0,20.286,110.538,218.0,90.252,218.0,90.252,False,1895.12,149.8,393262.1999999999,,,0.75,False,False,False
10.40674,2350,50.0,267.0,20.7,110.538,217.0,89.838,217.0,89.838,False,1904.64,149.82000000000002,393214.8,,,0.75,False,False,False
10.4111684,2351,50.0,267.0,20.7,110.538,217.0,89.838,217.0,89.838,False,1909.78,150.02,392881.6,,,0.75,False,False,False
10.4155968,2352,50.0,267.0,20.7,110.538,217.0,89.838,217.0,89.838,False,1912.2,150.2,392946.1999999999,,,0.75,False,False,False
10.4200252,2353,50.0,267.0,20.7,110.538,217.0,89.838,217.0,89.838,False,1902.34,150.0,392821.4,,,0.75,False,False,False
10.4244536,2354,50.0,266.0,20.7,110.124,216.0,89.42399999999999,216.0,89.42399999999999,False,1922.1800000000003,149.8,392526.8000000001,,,0.75,False,False,False
10.428882,2355,50.0,266.0,20.7,110.124,216.0,89.42399999999999,216.0,89.42399999999999,False,1913.4400000000005,149.8,391878.6,,,0.75,False,False,False
10.4333104,2356,50.0,266.0,20.7,110.124,216.0,89.42399999999999,216.0,89.42399999999999,False,1908.58,149.4,391316.6,,,0.75,False,False,False
10.4377388,2357,50.0,266.0,20.7,110.124,216.0,89.42399999999999,216.0,89.42399999999999,False,1920.38,149.2,391422.6,,,0.75,False,False,False
10.4421672,2358,50.0,266.0,20.7,110.124,216.0,89.42399999999999,216.0,89.42399999999999,False,1920.16,149.4,390883.0,,,0.75,False,False,False
10.4465956,2359,50.0,266.0,20.7,110.124,216.0,89.42399999999999,216.0,89.42399999999999,False,1912.18,149.4,390753.6000000001,,,0.75,False,False,False
10.451024,2360,50.0,266.0,20.7,110.124,216.0,89.42399999999999,216.0,89.42399999999999,False,1921.56,149.82000000000002,390671.0,,,0.75,False,False,False
10.4554524,2361,50.0,266.0,20.7,110.124,216.0,89.42399999999999,216.0,89.42399999999999,False,1914.26,149.4,390097.8,,,0.75,False,False,False
10.4598808,2362,50.0,266.0,20.7,110.124,216.0,89.42399999999999,216.0,89.42399999999999,False,1918.48,149.4,389744.0,,,0.75,False,False,False
10.4643092,2363,50.0,266.0,20.7,110.124,216.0,89.42399999999999,216.0,89.42399999999999,False,1911.98,149.42000000000002,389459.8,,,0.75,False,False,False
10.4687376,2364,51.0,265.0,21.113999999999997,109.71,214.0,88.59599999999999,214.0,88.59599999999999,False,1898.6,149.8,389283.0,,,0.75,False,False,False
10.473166,2365,51.0,265.0,21.113999999999997,109.71,214.0,88.59599999999999,214.0,88.59599999999999,False,1914.52,149.8,389132.8000000001,,,0.75,False,False,False
10.4775944,2366,51.0,265.0,21.113999999999997,109.71,214.0,88.59599999999999,214.0,88.59599999999999,False,1922.54,149.8,389492.0,,,0.75,False,False,False
10.4820228,2367,51.0,265.0,21.113999999999997,109.71,214.0,88.59599999999999,214.0,88.59599999999999,False,1928.16,150.04,389745.8,,,0.75,False,False,False
10.4864512,2368,51.0,265.0,21.113999999999997,109.71,214.0,88.59599999999999,214.0,88.59599999999999,False,1935.1,150.2,390569.4,,,0.75,False,False,False
10.4908796,2369,51.0,265.0,21.113999999999997,109.71,214.0,88.59599999999999,214.0,88.59599999999999,False,1926.4000000000003,149.6,389634.6,,,0.75,False,False,False
10.495308,2370,51.0,265.0,21.113999999999997,109.71,214.0,88.59599999999999,214.0,88.59599999999999,False,1917.6,149.6,389313.6,,,0.75,False,False,False
10.4997364,2371,51.0,265.0,21.113999999999997,109.71,214.0,88.59599999999999,214.0,88.59599999999999,False,1929.88,149.6,389160.0,,,0.75,False,False,False
10.5041648,2372,51.0,265.0,21.113999999999997,109.71,214.0,88.59599999999999,214.0,88.59599999999999,False,1923.8800000000003,149.82000000000002,388150.8,,,0.75,False,False,False
10.5085932,2373,51.0,265.0,21.113999999999997,109.71,214.0,88.59599999999999,214.0,88.59599999999999,False,1920.72,150.0,387237.8,,,0.75,False,False,False
10.5130216,2374,51.0,265.0,21.113999999999997,109.71,214.0,88.59599999999999,214.0,88.59599999999999,False,1925.54,149.62,387493.6,,,0.75,False,False,False
10.51745,2375,51.0,264.0,21.113999999999997,109.296,213.0,88.182,213.0,88.182,False,1917.72,150.02,387460.0,,,0.75,False,False,False
10.5218784,2376,51.0,264.0,21.113999999999997,109.296,213.0,88.182,213.0,88.182,False,1914.12,149.84,386799.8000000001,,,0.75,False,False,False
10.5263068,2377,52.0,264.0,21.528,109.296,212.0,87.768,212.0,87.768,False,1916.52,149.62,386628.4,,,0.75,False,False,False
10.5307352,2378,52.0,264.0,21.528,109.296,212.0,87.768,212.0,87.768,False,1918.7,150.2,385806.8000000001,,,0.75,False,False,False
10.5351636,2379,52.0,264.0,21.528,109.296,212.0,87.768,212.0,87.768,False,1905.62,150.23999999999998,385231.4,,,0.75,False,False,False
10.539592,2380,52.0,264.0,21.528,109.296,212.0,87.768,212.0,87.768,False,1904.52,150.4,385388.4,,,0.75,False,False,False
10.5440204,2381,52.0,264.0,21.528,109.296,212.0,87.768,212.0,87.768,False,1912.16,150.0,384814.4,,,0.75,False,False,False
10.5484488,2382,52.0,264.0,21.528,109.296,212.0,87.768,212.0,87.768,False,1899.24,149.8,383820.8,,,0.75,False,False,False
10.5528772,2383,52.0,264.0,21.528,109.296,212.0,87.768,212.0,87.768,False,1898.34,149.42000000000002,383021.1999999999,,,0.75,False,False,False
10.5573056,2384,52.0,264.0,21.528,109.296,212.0,87.768,212.0,87.768,False,1899.06,149.4,382192.4,,,0.75,False,False,False
10.561734,2385,52.0,264.0,21.528,109.296,212.0,87.768,212.0,87.768,False,1893.0800000000008,149.6,381011.79999999993,,,0.75,False,False,False
10.5661624,2386,52.0,264.0,21.528,109.296,212.0,87.768,212.0,87.768,False,1885.5,149.62,380131.6,,,0.75,False,False,False
10.5705908,2387,52.0,264.0,21.528,109.296,212.0,87.768,212.0,87.768,False,1890.1,149.6,380101.2,,,0.75,False,False,False
10.5750192,2388,52.0,264.0,21.528,109.296,212.0,87.768,212.0,87.768,False,1887.4600000000005,149.42000000000002,379602.1999999999,,,0.75,False,False,False
10.5794476,2389,52.0,264.0,21.528,109.296,212.0,87.768,212.0,87.768,False,1887.62,149.6,378754.0,,,0.75,False,False,False
10.583876,2390,52.0,264.0,21.528,109.296,212.0,87.768,212.0,87.768,False,1889.74,149.22,377582.4,,,0.75,False,False,False
10.5883044,2391,52.0,264.0,21.528,109.296,212.0,87.768,212.0,87.768,False,1885.7000000000005,149.22,377025.8,,,0.75,False,False,False
10.5927328,2392,52.0,263.0,21.528,108.882,211.0,87.354,211.0,87.354,False,1872.54,149.2,376340.8,,,0.75,False,False,False
10.5971612,2393,52.0,263.0,21.528,108.882,211.0,87.354,211.0,87.354,False,1866.72,149.4,375758.6,,,0.75,False,False,False
10.6015896,2394,52.0,263.0,21.528,108.882,211.0,87.354,211.0,87.354,False,1869.1800000000003,149.8,375745.6,,,0.75,False,False,False
10.606018,2395,52.0,263.0,21.528,108.882,211.0,87.354,211.0,87.354,False,1861.68,149.6,375649.4,,,0.75,False,False,False
10.6104464,2396,52.0,263.0,21.528,108.882,211.0,87.354,211.0,87.354,False,1863.64,149.8,374950.0,,,0.75,False,False,False
10.6148748,2397,52.0,263.0,21.528,108.882,211.0,87.354,211.0,87.354,False,1874.34,150.0,374097.8,,,0.75,False,False,False
10.6193032,2398,53.0,263.0,21.942,108.882,210.0,86.94,210.0,86.94,False,1864.44,149.22,372854.4,,,0.75,False,False,False
10.6237316,2399,53.0,263.0,21.942,108.882,210.0,86.94,210.0,86.94,False,1861.82,149.0,371159.20000000007,,,0.75,False,False,False
10.62816,2400,53.0,263.0,21.942,108.882,210.0,86.94,210.0,86.94,False,1851.38,149.2,370194.4,,,0.75,False,False,False
10.6325884,2401,53.0,263.0,21.942,108.882,210.0,86.94,210.0,86.94,False,1844.94,148.4,369580.4,,,0.75,False,False,False
10.6370168,2402,53.0,263.0,21.942,108.882,210.0,86.94,210.0,86.94,False,1847.32,149.0,367837.4,,,0.75,False,False,False
10.6414452,2403,53.0,263.0,21.942,108.882,210.0,86.94,210.0,86.94,False,1850.16,148.8,367229.8,,,0.75,False,False,False
10.6458736,2404,53.0,263.0,21.942,108.882,210.0,86.94,210.0,86.94,False,1833.56,149.2,366543.4,,,0.75,False,False,False
10.650302,2405,53.0,263.0,21.942,108.882,210.0,86.94,210.0,86.94,False,1816.98,149.22,365167.1999999999,,,0.75,False,False,False
10.6547304,2406,53.0,263.0,21.942,108.882,210.0,86.94,210.0,86.94,False,1816.12,149.4,363836.6,,,0.75,False,False,False
10.6591588,2407,53.0,262.0,21.942,108.468,209.0,86.526,209.0,86.526,False,1814.56,149.6,363305.0,,,0.75,False,False,False
10.6635872,2408,53.0,262.0,21.942,108.468,209.0,86.526,209.0,86.526,False,1793.36,149.6,362109.6,,,0.75,False,False,False
10.6680156,2409,53.0,262.0,21.942,108.468,209.0,86.526,209.0,86.526,False,1802.6,149.4,361779.0,,,0.75,False,False,False
10.672444,2410,53.0,262.0,21.942,108.468,209.0,86.526,209.0,86.526,False,1794.48,149.6,360927.1999999999,,,0.75,False,False,False
10.6768724,2411,53.0,262.0,21.942,108.468,209.0,86.526,209.0,86.526,False,1788.5200000000002,149.4,359808.19999999995,,,0.75,False,False,False
10.6813008,2412,53.0,263.0,21.942,108.882,210.0,86.94,210.0,86.94,False,1787.2600000000002,149.02,359024.2,,,0.75,False,False,False
10.6857292,2413,53.0,263.0,21.942,108.882,210.0,86.94,210.0,86.94,False,1771.8200000000002,149.62,357610.6,,,0.75,False,False,False
10.6901576,2414,53.0,262.0,21.942,108.468,209.0,86.526,209.0,86.526,False,1767.74,149.8,356000.80000000005,,,0.75,False,False,False
10.694586,2415,53.0,262.0,21.942,108.468,209.0,86.526,209.0,86.526,False,1757.2200000000005,149.42000000000002,354647.4,,,0.75,False,False,False
10.6990144,2416,53.0,262.0,21.942,108.468,209.0,86.526,209.0,86.526,False,1758.56,149.42000000000002,353954.0,,,0.75,False,False,False
10.7034428,2417,53.0,262.0,21.942,108.468,209.0,86.526,209.0,86.526,False,1756.6,149.42000000000002,352489.4,,,0.75,False,False,False
10.7078712,2418,53.0,262.0,21.942,108.468,209.0,86.526,209.0,86.526,False,1766.58,149.22,351929.0,,,0.75,False,False,False
10.7122996,2419,53.0,262.0,21.942,108.468,209.0,86.526,209.0,86.526,False,1757.9600000000005,149.2,350278.4,,,0.75,False,False,False
10.716728,2420,53.0,262.0,21.942,108.468,209.0,86.526,209.0,86.526,False,1750.92,149.4,348880.8,,,0.75,False,False,False
10.7211564,2421,53.0,262.0,21.942,108.468,209.0,86.526,209.0,86.526,False,1745.3200000000002,149.8,347051.19999999995,,,0.75,False,False,False
10.7255848,2422,53.0,262.0,21.942,108.468,209.0,86.526,209.0,86.526,False,1735.86,149.0,345879.4,,,0.75,False,False,False
10.7300132,2423,53.0,262.0,21.942,108.468,209.0,86.526,209.0,86.526,False,1718.0,149.2,344230.4,,,0.75,False,False,False
10.7344416,2424,53.0,262.0,21.942,108.468,209.0,86.526,209.0,86.526,False,1715.78,149.4,343029.4,,,0.75,False,False,False
10.73887,2425,53.0,262.0,21.942,108.468,209.0,86.526,209.0,86.526,False,1718.34,149.2,341919.4,,,0.75,False,False,False
10.7432984,2426,53.0,262.0,21.942,108.468,209.0,86.526,209.0,86.526,False,1711.44,149.0,341473.6,,,0.75,False,False,False
10.7477268,2427,53.0,262.0,21.942,108.468,209.0,86.526,209.0,86.526,False,1710.3200000000004,149.22,339618.4,,,0.75,False,False,False
10.7521552,2428,53.0,262.0,21.942,108.468,209.0,86.526,209.0,86.526,False,1693.1400000000003,149.42000000000002,338492.8,,,0.75,False,False,False
10.7565836,2429,53.0,262.0,21.942,108.468,209.0,86.526,209.0,86.526,False,1672.3200000000002,149.2,337124.8,,,0.75,False,False,False
10.761012,2430,53.0,262.0,21.942,108.468,209.0,86.526,209.0,86.526,False,1672.4,149.4,335436.0,,,0.75,False,False,False
10.7654404,2431,53.0,262.0,21.942,108.468,209.0,86.526,209.0,86.526,False,1668.48,148.82000000000002,333105.60000000003,,,0.75,False,False,False
10.7698688,2432,53.0,262.0,21.942,108.468,209.0,86.526,209.0,86.526,False,1652.72,149.0,332207.4,,,0.75,False,False,False
10.7742972,2433,53.0,262.0,21.942,108.468,209.0,86.526,209.0,86.526,False,1645.2400000000002,148.8,329737.39999999997,,,0.75,False,False,False
10.7787256,2434,53.0,262.0,21.942,108.468,209.0,86.526,209.0,86.526,False,1644.16,149.4,328129.0,,,0.75,False,False,False
10.783154,2435,53.0,262.0,21.942,108.468,209.0,86.526,209.0,86.526,False,1633.3000000000002,149.0,326473.4,,,0.75,False,False,False
10.7875824,2436,53.0,262.0,21.942,108.468,209.0,86.526,209.0,86.526,False,1620.5,148.6,323857.80000000005,,,0.75,False,False,False
10.7920108,2437,53.0,262.0,21.942,108.468,209.0,86.526,209.0,86.526,False,1603.8,148.0,321539.4,,,0.75,False,False,False
10.7964392,2438,53.0,262.0,21.942,108.468,209.0,86.526,209.0,86.526,False,1591.38,148.6,320180.2,,,0.75,False,False,False
10.8008676,2439,53.0,262.0,21.942,108.468,209.0,86.526,209.0,86.526,False,1592.22,148.6,318080.80000000005,,,0.75,False,False,False
10.805296,2440,53.0,262.0,21.942,108.468,209.0,86.526,209.0,86.526,False,1571.9800000000002,148.42000000000002,315343.00000000006,,,0.75,False,False,False
10.8097244,2441,53.0,262.0,21.942,108.468,209.0,86.526,209.0,86.526,False,1567.36,149.0,314020.2,,,0.75,False,False,False
10.8141528,2442,53.0,262.0,21.942,108.468,209.0,86.526,209.0,86.526,False,1550.56,149.2,311106.39999999997,,,0.75,False,False,False
10.8185812,2443,53.0,262.0,21.942,108.468,209.0,86.526,209.0,86.526,False,1552.8200000000002,149.2,309021.39999999997,,,0.75,False,False,False
10.8230096,2444,53.0,262.0,21.942,108.468,209.0,86.526,209.0,86.526,False,1543.0200000000002,149.0,306768.0,,,0.75,False,False,False
10.827438,2445,53.0,262.0,21.942,108.468,209.0,86.526,209.0,86.526,False,1537.8000000000002,149.2,305449.8,,,0.75,False,False,False
10.8318664,2446,53.0,262.0,21.942,108.468,209.0,86.526,209.0,86.526,False,1527.0200000000002,149.02,303499.0,,,0.75,False,False,False
10.8362948,2447,53.0,262.0,21.942,108.468,209.0,86.526,209.0,86.526,False,1507.96,148.6,302503.6,,,0.75,False,False,False
10.8407232,2448,53.0,262.0,21.942,108.468,209.0,86.526,209.0,86.526,False,1504.1,148.82000000000002,300710.19999999995,,,0.75,False,False,False
10.8451516,2449,53.0,262.0,21.942,108.468,209.0,86.526,209.0,86.526,False,1487.28,148.8,298932.39999999997,,,0.75,False,False,False
10.84958,2450,53.0,262.0,21.942,108.468,209.0,86.526,209.0,86.526,False,1480.58,148.6,296899.6,,,0.75,False,False,False
10.8540084,2451,53.0,262.0,21.942,108.468,209.0,86.526,209.0,86.526,False,1466.1400000000003,148.8,295026.0,,,0.75,False,False,False
10.8584368,2452,53.0,263.0,21.942,108.882,210.0,86.94,209.0,86.526,True,1457.58,149.2,293234.4,,,0.75,False,False,False
10.8628652,2453,53.0,262.0,21.942,108.468,209.0,86.526,209.0,86.526,False,1440.74,149.02,291022.80000000005,,,0.75,False,False,False
10.8672936,2454,53.0,262.0,21.942,108.468,209.0,86.526,209.0,86.526,False,1432.0,149.0,288473.19999999995,,,0.75,False,False,False
10.871722,2455,53.0,262.0,21.942,108.468,209.0,86.526,209.0,86.526,False,1431.5400000000002,149.42000000000002,286563.4,,,0.75,False,False,False
10.8761504,2456,53.0,262.0,21.942,108.468,209.0,86.526,209.0,86.526,False,1416.12,149.62,284376.0,,,0.75,False,False,False
10.8805788,2457,53.0,262.0,21.942,108.468,209.0,86.526,209.0,86.526,False,1393.72,149.4,281341.2,,,0.75,False,False,False
10.8850072,2458,53.0,262.0,21.942,108.468,209.0,86.526,209.0,86.526,False,1386.0,149.02,279126.4,,,0.75,False,False,False
10.8894356,2459,53.0,262.0,21.942,108.468,209.0,86.526,209.0,86.526,False,1377.0,149.2,277468.4,,,0.75,False,False,False
10.893864,2460,53.0,262.0,21.942,108.468,209.0,86.526,209.0,86.526,False,1363.2,149.0,275189.4,,,0.75,False,False,False
10.8982924,2461,53.0,262.0,21.942,108.468,209.0,86.526,209.0,86.526,False,1354.0200000000002,148.8,272690.2,,,0.75,False,False,False
10.9027208,2462,53.0,262.0,21.942,108.468,209.0,86.526,209.0,86.526,False,1353.38,148.42000000000002,270542.19999999995,,,0.75,False,False,False
10.9071492,2463,53.0,262.0,21.942,108.468,209.0,86.526,209.0,86.526,False,1323.16,148.2,268000.0,,,0.75,False,False,False
10.9115776,2464,53.0,262.0,21.942,108.468,209.0,86.526,209.0,86.526,False,1307.58,148.6,265901.8,,,0.75,False,False,False
10.916006,2465,53.0,262.0,21.942,108.468,209.0,86.526,209.0,86.526,False,1296.14,148.62,264128.19999999995,,,0.75,False,False,False
10.9204344,2466,53.0,262.0,21.942,108.468,209.0,86.526,209.0,86.526,False,1277.4,149.0,262234.6,,,0.75,False,False,False
10.9248628,2467,53.0,263.0,21.942,108.882,210.0,86.94,210.0,86.94,False,1270.34,149.22,260318.2,,,0.75,False,False,False
10.9292912,2468,53.0,263.0,21.942,108.882,210.0,86.94,210.0,86.94,False,1247.96,149.22,258847.4,,,0.75,False,False,False
10.9337196,2469,53.0,263.0,21.942,108.882,210.0,86.94,210.0,86.94,False,1236.86,149.2,257284.2,,,0.75,False,False,False
10.938148,2470,53.0,263.0,21.942,108.882,210.0,86.94,210.0,86.94,False,1219.78,149.2,255683.60000000003,,,0.75,False,False,False
10.9425764,2471,53.0,263.0,21.942,108.882,210.0,86.94,210.0,86.94,False,1215.8000000000002,148.82000000000002,254192.0,,,0.75,False,False,False
10.9470048,2472,53.0,263.0,21.942,108.882,210.0,86.94,210.0,86.94,False,1206.4800000000002,148.62,253234.2,,,0.75,False,False,False
10.9514332,2473,53.0,263.0,21.942,108.882,210.0,86.94,210.0,86.94,False,1214.88,148.6,252090.4,,,0.75,False,False,False
10.9558616,2474,53.0,263.0,21.942,108.882,210.0,86.94,210.0,86.94,False,1198.58,148.6,250461.2,,,0.75,False,False,False
10.96029,2475,53.0,263.0,21.942,108.882,210.0,86.94,210.0,86.94,False,1198.4800000000002,148.6,249062.4,,,0.75,False,False,False
10.9647184,2476,53.0,263.0,21.942,108.882,210.0,86.94,210.0,86.94,False,1194.3200000000002,148.42000000000002,247929.2,,,0.75,False,False,False
10.9691468,2477,53.0,263.0,21.942,108.882,210.0,86.94,210.0,86.94,False,1192.9400000000005,148.82000000000002,246721.8,,,0.75,False,False,False
10.9735752,2478,53.0,262.0,21.942,108.468,209.0,86.526,209.0,86.526,False,1187.62,148.62,245252.8,,,0.75,False,False,False
10.9780036,2479,53.0,262.0,21.942,108.468,209.0,86.526,209.0,86.526,False,1171.14,149.0,243981.0,,,0.75,False,False,False
10.982432,2480,53.0,262.0,21.942,108.468,209.0,86.526,209.0,86.526,False,1170.58,148.8,242881.0,,,0.75,False,False,False
10.9868604,2481,52.0,262.0,21.528,108.468,210.0,86.94,210.0,86.94,False,1169.36,149.0,241531.0,,,0.75,False,False,False
10.9912888,2482,52.0,263.0,21.528,108.882,211.0,87.354,211.0,87.354,False,1159.18,149.42000000000002,240464.2,,,0.75,False,False,False
10.9957172,2483,52.0,263.0,21.528,108.882,211.0,87.354,211.0,87.354,False,1143.72,149.4,239378.0,,,0.75,False,False,False
11.0001456,2484,52.0,263.0,21.528,108.882,211.0,87.354,211.0,87.354,False,1137.58,149.6,238917.0,,,0.75,False,False,False
11.004574,2485,53.0,263.0,21.942,108.882,210.0,86.94,211.0,87.354,True,1128.56,149.82000000000002,237618.8,,,0.75,False,False,False
11.0090024,2486,52.0,263.0,21.528,108.882,211.0,87.354,211.0,87.354,False,1128.92,149.22,236830.4,,,0.75,False,False,False
11.0134308,2487,52.0,263.0,21.528,108.882,211.0,87.354,211.0,87.354,False,1143.4800000000002,149.0,235894.2,,,0.75,False,False,False
11.0178592,2488,52.0,263.0,21.528,108.882,211.0,87.354,211.0,87.354,False,1149.58,149.4,235640.8,,,0.75,False,False,False
11.0222876,2489,52.0,263.0,21.528,108.882,211.0,87.354,211.0,87.354,False,1145.3000000000002,149.4,234522.8,,,0.75,False,False,False
11.026716,2490,52.0,263.0,21.528,108.882,211.0,87.354,211.0,87.354,False,1137.58,149.22,233761.0,,,0.75,False,False,False
11.0311444,2491,51.0,263.0,21.113999999999997,108.882,212.0,87.768,212.0,87.768,False,1123.0800000000002,149.4,233209.2,,,0.75,False,False,False
11.0355728,2492,51.0,263.0,21.113999999999997,108.882,212.0,87.768,212.0,87.768,False,1139.7,149.22,232914.60000000003,,,0.75,False,False,False
11.0400012,2493,51.0,263.0,21.113999999999997,108.882,212.0,87.768,212.0,87.768,False,1138.86,148.82000000000002,232100.4,,,0.75,False,False,False
11.0444296,2494,51.0,263.0,21.113999999999997,108.882,212.0,87.768,212.0,87.768,False,1142.84,148.82000000000002,231769.8,,,0.75,False,False,False
11.048858,2495,50.0,263.0,20.7,108.882,213.0,88.182,213.0,88.182,False,1146.9,148.82000000000002,231775.8,,,0.75,False,False,False
11.0532864,2496,50.0,263.0,20.7,108.882,213.0,88.182,213.0,88.182,False,1148.2400000000002,149.0,231422.0,,,0.75,False,False,False
11.0577148,2497,50.0,264.0,20.7,109.296,214.0,88.59599999999999,214.0,88.59599999999999,False,1131.92,148.82000000000002,230834.0,,,0.75,False,False,False
11.0621432,2498,50.0,264.0,20.7,109.296,214.0,88.59599999999999,214.0,88.59599999999999,False,1130.3750000000002,149.0,230616.5,,,0.75,False,False,False
11.0665716,2499,49.0,264.0,20.286,109.296,215.0,89.00999999999999,214.5,88.803,True,1122.4333333333334,148.7,230395.0,,,0.75,False,False,False
