time_index,time_sec,sum_intensity,norm_sum_intensity,filtered_norm_sum_intensity,detrended_norm_sum_intensity,f0_baseline,df_f_signal,d_df_f_signal,is_onset,is_peak,onset_index,peak_id
0,0.0,586098.0,1843.0754716981132,1843.0754716981132,1843.0754716981132,1856.0044791772,-0.0069660432526641,0.0192276956145153,True,False,0.0,1.0
1,0.0042884,587105.0,1846.24213836478,1843.0754716981132,1843.228510496013,1856.0044791772,-0.0068835872027908,0.0192276949709561,False,False,,
2,0.0085768,586201.0,1843.3993710691825,1843.0754716981132,1843.3815492836688,1856.0044791772,-0.0068011311584372,0.0192276937423431,False,False,,
3,0.0128652,584631.0,1838.4622641509432,1843.0754716981132,1843.5345880620112,1856.0044791772,-0.0067186751191015,0.0395749462889287,False,False,,
4,0.0171536,585201.0,1840.254716981132,1843.3993710691825,1844.011526201178,1856.0044791772,-0.0064617047591063,0.1618560138647289,False,False,,
5,0.021442,586820.0,1845.3459119496856,1845.3459119496856,1846.1111058404656,1856.0044791772,-0.0053304684593865,0.1978094125107639,False,False,,
6,0.0257304,585190.0,1840.2201257861636,1846.24213836478,1847.1603710041,1856.0044791772,-0.004765132989884,1.0899278389114866,False,False,,
7,0.0300188,592240.0,1862.3899371069183,1862.3899371069183,1863.4612084849996,1856.0044791772,0.0040176246293895,1.4666483517539388,False,False,,
8,0.0343072,594432.0,1869.2830188679245,1869.2830188679245,1870.507328974988,1856.0044791772,0.0078140165934391,0.8696638756838152,False,False,,
9,0.0385956,596545.0,1875.927672955975,1875.927672955975,1877.3050217822415,1856.0044791772,0.0114765577583544,0.6480170906126559,False,False,,
10,0.042884,597703.0,1879.5691823899372,1879.2924528301887,1880.82284036588,1856.0044791772,0.0133719295762057,0.2479861292403991,False,False,,
11,0.0471724,598047.0,1880.6509433962265,1879.5691823899372,1881.252608625274,1856.0044791772,0.0136034851916235,0.1045676208195498,False,False,,
12,0.0514608,598725.0,1882.7830188679245,1880.6509433962265,1882.48740832143,1856.0044791772,0.0142687851464508,0.2211198499245164,False,False,,
13,0.0557492,597615.0,1879.2924528301887,1882.7830188679245,1884.77252247275,1856.0044791772,0.0154999859204561,0.4957090015846197,False,False,,
14,0.0600376,600459.0,1888.2358490566037,1888.2358490566037,1890.3783913317384,1856.0044791772,0.0185203821112418,0.556750761710884,False,False,,
15,0.064326,601929.0,1892.8584905660375,1891.339622641509,1893.6352035771736,1856.0044791772,0.020275125853498,0.3096205228531823,False,False,,
16,0.0686144,601446.0,1891.339622641509,1892.8584905660375,1895.3071101519877,1856.0044791772,0.021175935411649,0.5160562516447551,False,False,,
17,0.0729028,604132.0,1899.7861635220129,1899.248427672956,1901.8500858994123,1856.0044791772,0.0247012371126047,0.4544218506310411,False,False,,
18,0.0771912,603961.0,1899.248427672956,1899.7861635220129,1902.5408603791968,1856.0044791772,0.0250734207401413,0.3884414342771136,False,False,,
19,0.0814796,605984.0,1905.6100628930817,1905.125786163522,1908.0335216421208,1856.0044791772,0.0280328216061127,0.3850831484448225,False,False,,
20,0.085768,605830.0,1905.125786163522,1905.6100628930817,1908.6708369828505,1856.0044791772,0.0283762018877229,0.4338770470168405,False,False,,
21,0.0900564,607929.0,1911.7264150943397,1911.7264150943397,1914.9402277854992,1856.0044791772,0.0317540982629667,1.3220445503836773,False,False,,
22,0.0943448,612923.0,1927.4308176100628,1926.3490566037735,1929.7159078865452,1856.0044791772,0.0397151135874536,1.0057731579208804,False,False,,
23,0.0986332,612579.0,1926.3490566037735,1927.4308176100628,1930.950707474202,1856.0044791772,0.0403804134838225,0.2718891977419648,False,False,,
24,0.1029216,613858.0,1930.37106918239,1930.37106918239,1934.0439976190492,1856.0044791772,0.0420470528586469,0.9243841403920828,False,False,,
25,0.10721,617505.0,1941.839622641509,1941.839622641509,1945.6655896399784,1856.0044791772,0.0483086713791374,0.740468670544729,False,False,,
26,0.1114984,617509.0,1941.8522012578617,1941.8522012578617,1945.8312068088271,1856.0044791772,0.0483979045521749,0.036611725616467,False,False,,
27,0.1157868,618392.0,1944.62893081761,1942.1163522012575,1946.2483962944757,1856.0044791772,0.0486226828274047,0.1093087087205075,False,False,,
28,0.1200752,619207.0,1947.191823899371,1943.2861635220129,1947.5712461477035,1856.0044791772,0.049335423485129,0.1770670380541279,False,False,,
29,0.1243636,617593.0,1942.1163522012575,1944.62893081761,1949.067051966461,1856.0044791772,0.0501413513993873,0.2645799826742037,False,False,,
30,0.128652,617965.0,1943.2861635220129,1947.191823899371,1951.7829835611371,1856.0044791772,0.0516046730805291,0.8649227408615383,False,False,,
31,0.1329404,622673.0,1958.0911949685535,1958.0911949685535,1962.835393133456,1856.0044791772,0.0575596207632086,0.7693104015047689,False,False,,
32,0.1372288,623004.0,1959.132075471698,1959.132075471698,1964.0293121299585,1856.0044791772,0.0582028945321552,0.1573124177946718,False,False,,
33,0.1415172,626594.0,1970.4213836477988,1960.2893081761008,1965.3395833179395,1856.0044791772,0.0589088579081499,0.6610551071173143,False,False,,
34,0.1458056,623372.0,1960.2893081761008,1969.3490566037735,1974.5523702194123,1856.0044791772,0.063872631974879,0.6557213597534624,False,False,,
35,0.150094,628276.0,1975.7106918238992,1970.4213836477988,1975.7777357274583,1856.0044791772,0.0645328488664834,0.1219516526644222,False,False,,
36,0.1543824,626253.0,1969.3490566037735,1970.9842767295595,1976.493667262996,1856.0044791772,0.0649185869094512,0.3515002814046468,False,False,,
37,0.1586708,626773.0,1970.9842767295595,1975.7106918238992,1981.373120801799,1856.0044791772,0.0675475964800348,0.6243115177155891,False,False,,
38,0.1629592,629836.0,1980.6163522012575,1980.6163522012575,1986.4318196138413,1856.0044791772,0.0702731819345943,0.4722009785265681,False,False,,
39,0.1672476,632398.0,1988.6729559748428,1982.9213836477988,1988.889889484822,1856.0044791772,0.0715975698326615,0.5253408924680354,False,False,,
40,0.171536,632981.0,1990.506289308176,1988.6729559748428,1994.794500226527,1856.0044791772,0.0747789257011141,0.4957089682950553,False,False,,
41,0.1758244,630569.0,1982.9213836477988,1990.506289308176,1996.780871965208,1856.0044791772,0.0758491665119345,0.1934633527356979,False,False,,
42,0.1801128,633280.0,1991.446540880503,1991.446540880503,1997.874161932638,1856.0044791772,0.0764382221848577,0.7659521033570957,False,False,,
43,0.1844012,636761.0,2002.3930817610064,2002.3930817610064,2008.9737411989308,1856.0044791772,0.0824185845120076,1.099014916322533,False,False,,
44,0.1886896,639191.0,2010.0345911949685,2008.6352201257864,2015.3689179387904,1856.0044791772,0.0858642533191727,0.4992647940789414,False,False,,
45,0.192978,638746.0,2008.6352201257864,2010.0345911949685,2016.9213273737391,1856.0044791772,0.0867006787978639,0.3244364473353247,False,False,,
46,0.1972664,640806.0,2015.1132075471696,2013.493710691824,2020.533485226582,1856.0044791772,0.0886468798406784,0.3382646768277322,False,False,,
47,0.2015548,640291.0,2013.493710691824,2015.1132075471696,2022.306020428137,1856.0044791772,0.08960190727808,0.1687700761901034,False,False,,
48,0.2058432,641048.0,2015.874213836478,2015.874213836478,2023.2200650538744,1856.0044791772,0.0900943870301456,0.4166904971447103,False,False,,
49,0.2101316,642818.0,2021.440251572327,2021.440251572327,2028.9391411159088,1856.0044791772,0.0931757783339908,0.4319015497092184,False,False,,
50,0.21442,644668.0,2027.25786163522,2022.4433962264152,2030.095324086869,1856.0044791772,0.0937987202416917,0.3809346409952532,False,False,,
51,0.2187084,643137.0,2022.4433962264152,2027.198113207547,2035.003079375094,1856.0044791772,0.0964429785628788,0.3216707937901759,False,False,,
52,0.2229968,644649.0,2027.198113207547,2027.25786163522,2035.2158660996151,1856.0044791772,0.0965576263058713,0.4492856074719782,False,False,,
53,0.2272852,646826.0,2034.044025157233,2034.044025157233,2042.1550679086977,1856.0044791772,0.1002964113610445,0.6432759286438827,False,False,,
54,0.2315736,648780.0,2040.188679245283,2037.191823899371,2045.4559049281268,1856.0044791772,0.1020748752906641,0.4052328128606781,False,False,,
55,0.235862,647827.0,2037.191823899371,2040.188679245283,2048.605798541551,1856.0044791772,0.103772012150388,0.5616893649326684,False,False,,
56,0.2401504,650573.0,2045.8270440251572,2045.8270440251572,2054.397201579158,1856.0044791772,0.1068923726358186,0.6794268709858127,False,False,,
57,0.2444388,653354.0,2054.5723270440253,2050.698113207547,2059.421309009502,1856.0044791772,0.1095993205374591,0.5156611087897787,False,False,,
58,0.2487272,653114.0,2053.817610062893,2053.7295597484276,2062.6057937885575,1856.0044791772,0.1113150948336868,0.2151934086088331,False,False,,
59,0.2530156,652122.0,2050.698113207547,2053.817610062893,2062.8468823314192,1856.0044791772,0.1114449913644153,0.0312779387907333,False,False,,
60,0.257304,653147.0,2053.921383647799,2053.921383647799,2063.1036941349425,1856.0044791772,0.1115833594591072,0.0666386989480383,False,False,,
61,0.2615924,655187.0,2060.3364779874214,2054.5723270440253,2063.907675739542,1856.0044791772,0.1120165381575529,0.1675847819828089,False,False,,
62,0.2658808,656289.0,2063.801886792453,2056.2830188679245,2065.7714057625008,1856.0044791772,0.1130207006172173,0.2805811803601905,False,False,,
63,0.2701692,653898.0,2056.2830188679245,2058.7327044025155,2068.374129485907,1856.0044791772,0.1144230268252661,0.1802277333276691,False,False,,
64,0.2744576,654677.0,2058.7327044025155,2058.8459119496856,2068.640375212579,1856.0044791772,0.1145664778404221,0.1199761553860696,False,False,,
65,0.278746,653086.0,2053.7295597484276,2060.3364779874214,2070.283979419572,1856.0044791772,0.1154520383147814,0.2288240845178961,False,False,,
66,0.2830344,657858.0,2068.735849056604,2062.182389937107,2072.282929528736,1856.0044791772,0.1165290562485152,0.1863516603604562,False,False,,
67,0.2873228,655774.0,2062.182389937107,2062.996855345912,2073.2504330872407,1856.0044791772,0.1170503392353609,0.1209638824367527,False,False,,
68,0.2916112,659917.0,2075.210691823899,2063.801886792453,2074.2085026737022,1856.0044791772,0.1175665392753987,0.3797493418442705,False,False,,
69,0.2958996,656033.0,2062.996855345912,2068.735849056604,2079.295503067995,1856.0044791772,0.1203073733904909,0.3432033022815304,False,False,,
70,0.300188,654713.0,2058.8459119496856,2068.9591194968552,2079.6718116286092,1856.0044791772,0.120510125358407,0.1920804938583007,False,False,,
71,0.3044764,661541.0,2080.317610062893,2071.487421383648,2082.35315162552,1856.0044791772,0.1219548093702148,0.3319431690651022,False,False,,
72,0.3087648,657929.0,2068.9591194968552,2073.937106918239,2084.9558752609164,1856.0044791772,0.1233571355308445,0.2531222527559418,False,False,,
73,0.3130532,663441.0,2086.2924528301887,2075.210691823899,2086.382498257603,1856.0044791772,0.1241257883076519,0.1051601827832353,False,False,,
74,0.3173416,662020.0,2081.8238993710693,2075.305031446541,2086.6298759610263,1856.0044791772,0.1242590733865398,0.0251539895259025,False,False,,
75,0.32163,659947.0,2075.305031446541,2075.305031446541,2086.782914032495,1856.0044791772,0.1243415290450177,0.1004190726502312,False,False,,
76,0.3259184,658733.0,2071.487421383648,2076.5974842767296,2088.2284049239074,1856.0044791772,0.1251203476888463,0.1004190713923645,False,False,,
77,0.3302068,660645.0,2077.5,2076.5974842767296,2088.3814429753525,1856.0044791772,0.1252028033365357,0.0192276012160821,False,False,,
78,0.3344952,659512.0,2073.937106918239,2076.5974842767296,2088.5344810170186,1856.0044791772,0.1252852589789564,-0.0619638689309578,False,False,,
79,0.3387836,661483.0,2080.135220125786,2075.305031446541,2087.395066219183,1856.0044791772,0.1246713516254887,-0.0619638701595679,False,False,,
80,0.343072,660358.0,2076.5974842767296,2075.305031446541,2087.548104241291,1856.0044791772,0.1247538072573718,0.0192275975009863,False,False,,
81,0.3473604,661861.0,2081.3238993710693,2075.305031446541,2087.701142253155,1856.0044791772,0.1248362628837352,0.0192275962723744,False,False,,
82,0.3516488,657908.0,2068.893081761006,2075.305031446541,2087.8541802557056,1856.0044791772,0.1249187185050807,0.0287098104245711,False,False,,
83,0.3559372,661669.0,2080.7201257861634,2075.4559748427673,2088.158161644704,1856.0044791772,0.1250825011857846,0.0287098091959592,False,False,,
84,0.3602256,658242.0,2069.943396226415,2075.4559748427673,2088.3111996276966,1856.0044791772,0.1251649567965926,-0.0761871993884746,False,False,,
85,0.364514,658994.0,2072.3081761006288,2073.937106918239,2086.9453696759165,1856.0044791772,0.1244290588140696,0.0192275913579216,False,False,,
86,0.3688024,658909.0,2072.0408805031448,2075.4559748427673,2088.61727556388,1856.0044791772,0.1253298680021512,-0.0831013172062036,False,True,0.0,1.0
87,0.3730908,657462.0,2067.490566037736,2072.3081761006288,2085.622514774932,1856.0044791772,0.1237163154366554,-0.1953075334574343,False,False,,
88,0.3773792,660070.0,2075.6918238993712,2072.0408805031448,2085.5082571208595,1856.0044791772,0.1236547543491935,-0.0256153891238657,False,False,,
89,0.3816676,662113.0,2082.116352201258,2071.5943396226417,2085.214754173989,1856.0044791772,0.1234966173672178,-0.0088239673048704,False,False,,
90,0.385956,659995.0,2075.4559748427673,2071.5943396226417,2085.3677920983087,1856.0044791772,0.1235790729464131,-0.0844841451927553,False,False,,
91,0.3902444,658135.0,2069.606918238994,2069.943396226415,2083.869886616157,1856.0044791772,0.1227720137507286,-0.1056215848384596,False,False,,
92,0.3945328,658767.0,2071.5943396226417,2069.606918238994,2083.686446533032,1856.0044791772,0.1226731777375706,-0.0710510092645257,False,False,,
93,0.3988212,660334.0,2076.5220125786163,2068.5062893081763,2082.7388554967315,1856.0044791772,0.1221626234544686,-0.08468169509025,False,False,,
94,0.4031096,657609.0,2067.9528301886794,2067.9528301886794,2082.3384342615072,1856.0044791772,0.1219468797751205,-0.0155405427137971,False,False,,
95,0.407398,657785.0,2068.5062893081763,2067.9528301886794,2082.4914721364667,1856.0044791772,0.1220293353277209,-0.0157380900663355,False,False,,
96,0.4116864,657432.0,2067.396226415094,2067.396226415094,2082.087906228062,1856.0044791772,0.1218118973242396,-0.0609761603972245,False,False,,
97,0.4159748,655991.0,2062.864779874214,2066.6761006289307,2081.5208182968345,1856.0044791772,0.121506354995226,-0.1793063073670548,False,False,,
98,0.4202632,656427.0,2064.235849056604,2064.235849056604,2079.2336045701304,1856.0044791772,0.1202740229872138,-0.2201983622992465,False,False,,
99,0.4245516,652821.0,2052.896226415094,2062.864779874214,2078.0155732231187,1856.0044791772,0.1196177576814578,-0.1488842022673502,False,False,,
100,0.42884,655344.0,2060.830188679245,2061.5597484276727,2076.8635796021767,1856.0044791772,0.1189970729612072,-0.1085847882518606,False,False,,
101,0.4331284,657203.0,2066.6761006289307,2060.830188679245,2076.2870576695695,1856.0044791772,0.1186864476695793,-0.2267173890392868,False,False,,
102,0.4374168,655576.0,2061.5597484276727,2057.64465408805,2073.254560884882,1856.0044791772,0.117052563258895,-0.4489568125699126,False,False,,
103,0.4417052,649492.0,2042.427672955975,2053.377358490566,2069.1403030836605,1856.0044791772,0.1148358348795297,-0.2772892067340518,False,False,,
104,0.4459936,652830.0,2052.9245283018868,2052.9245283018868,2068.840510681465,1856.0044791772,0.1146743091905785,-0.0109969935065787,False,False,,
105,0.450282,651675.0,2049.2924528301887,2052.896226415094,2068.965246571377,1856.0044791772,0.1147415158656224,-0.2089382402280826,False,False,,
106,0.4545704,654331.0,2057.64465408805,2049.2924528301887,2065.514510752932,1856.0044791772,0.1128822876917902,-0.5728182555725141,False,False,,
107,0.4588588,649824.0,2043.4716981132076,2043.4716981132076,2059.846793793098,1856.0044791772,0.1098285682512281,-0.4120156881018069,False,False,,
108,0.4631472,652974.0,2053.377358490566,2042.427672955975,2058.9558063832337,1856.0044791772,0.1093485115380786,-0.1605394363903993,False,False,,
109,0.4674356,648514.0,2039.3522012578617,2040.6100628930817,2057.291234057464,1856.0044791772,0.1084516536131949,-0.1739725760337211,False,False,,
110,0.471724,647642.0,2036.6100628930817,2039.3522012578617,2056.186410150054,1856.0044791772,0.1078563835479526,-0.0744093160709944,False,False,,
111,0.4760124,648440.0,2039.119496855346,2039.119496855346,2056.1067434651045,1856.0044791772,0.1078134597911172,-0.1530326862854849,False,False,,
112,0.4803008,645426.0,2029.6415094339625,2036.6100628930817,2053.7503472106273,1856.0044791772,0.1065438528042193,-0.2869689793548069,False,False,,
113,0.4845892,646890.0,2034.245283018868,2034.245283018868,2051.5386050344214,1856.0044791772,0.1053521842489869,-0.2237542115438007,False,False,,
114,0.4888776,646412.0,2032.74213836478,2032.74213836478,2050.1884980690284,1856.0044791772,0.1046247576826504,-0.269980012640465,False,False,,
115,0.493166,643243.0,2022.7767295597484,2029.6415094339625,2047.2409068161955,1856.0044791772,0.1030366196765721,-0.60679620503163,False,False,,
116,0.4974544,648914.0,2040.6100628930817,2022.7767295597484,2040.5291646106532,1856.0044791772,0.0994203879913352,-0.4256463837857076,False,False,,
117,0.5017428,640914.0,2015.4528301886792,2022.559748427673,2040.4652211374705,1856.0044791772,0.0993859357721189,-0.16942902436924,False,False,,
118,0.5060312,643174.0,2022.559748427673,2019.7735849056603,2037.8320952645713,1856.0044791772,0.0979672291351251,-0.2456818407165819,False,False,,
119,0.5103196000000001,642288.0,2019.7735849056603,2018.3427672955977,2036.5543152938433,1856.0044791772,0.0972787717606609,-0.2522008650286409,False,False,,
120,0.5146080000000001,641833.0,2018.3427672955977,2015.4528301886792,2033.8174158160152,1856.0044791772,0.0958041527559475,-0.2715603892666784,False,False,,
121,0.5188964,638630.0,2008.2704402515724,2013.7138364779871,2032.2314597251004,1856.0044791772,0.0949496526139985,-0.3545297748213656,False,False,,
122,0.5231848,637803.0,2005.669811320755,2009.503144654088,2028.1738055107337,1856.0044791772,0.0927634217832596,-0.3227248453916456,False,False,,
123,0.5274732000000001,640361.0,2013.7138364779871,2008.2704402515724,2027.0941387084372,1856.0044791772,0.0921817061600435,-0.2215812162037131,False,False,,
124,0.5317616000000001,639022.0,2009.503144654088,2005.669811320755,2024.6465473675944,1856.0044791772,0.0908629640081236,-0.4779961242598229,False,False,,
125,0.53605,636113.0,2000.3553459119496,2000.3553459119496,2019.485119538985,1856.0044791772,0.0880820290014918,-0.6330698557169416,False,False,,
126,0.5403384,634323.0,1994.7264150943397,1995.2861635220129,2014.568974719465,1856.0044791772,0.0854332504696106,-0.3343800733716371,False,False,,
127,0.5446268000000001,634501.0,1995.2861635220129,1994.7264150943397,2014.16226385243,1856.0044791772,0.085214117988198,-0.2897346439867014,False,False,,
128,0.5489152,630933.0,1984.066037735849,1990.367924528302,2009.9568108372512,1856.0044791772,0.0829482543750655,-0.2808450683232291,False,False,,
129,0.5532036,630799.0,1983.6446540880504,1989.9496855345913,2009.691609384621,1856.0044791772,0.0828053660062034,-0.3766549538331496,False,False,,
130,0.5574920000000001,632937.0,1990.367924528302,1984.066037735849,2003.96099911718,1856.0044791772,0.0797177601670292,-0.3768525012441657,False,False,,
131,0.5617804000000001,630705.0,1983.3490566037735,1983.6446540880504,2003.6926529904383,1856.0044791772,0.0795731774735323,-0.0258129883121753,False,False,,
132,0.5660688,632804.0,1989.9496855345913,1983.3490566037735,2003.550093017905,1856.0044791772,0.0794963673288734,-0.6694183565274461,False,False,,
133,0.5703572,626582.0,1970.3836477987425,1972.682389937107,1993.0364638527376,1856.0044791772,0.0738317101132678,-0.7952552573172884,False,False,,
134,0.5746456000000001,627313.0,1972.682389937107,1970.3836477987425,1990.8907592065584,1856.0044791772,0.0726756220379145,-0.1862204683617871,False,False,,
135,0.5789340000000001,626273.0,1969.4119496855344,1969.4119496855344,1990.0720985752923,1856.0044791772,0.0722345344002224,-0.6184514527279452,False,False,,
136,0.5832224,622557.0,1957.7264150943397,1960.232704402516,1981.045890764436,1856.0044791772,0.0673712876181575,-0.7148539766973396,False,False,,
137,0.5875108,622223.0,1956.6761006289307,1957.7264150943397,1978.6926389186433,1856.0044791772,0.0661033748128847,-0.2041971720142044,False,False,,
138,0.5917992000000001,622086.0,1956.245283018868,1956.6761006289307,1977.795361905839,1856.0044791772,0.0656199293132261,-0.0738167121297106,False,False,,
139,0.5960876,623354.0,1960.232704402516,1956.245283018868,1977.5175817390675,1856.0044791772,0.0654702636362906,-0.4631801812314622,False,False,,
140,0.600376,619781.0,1948.996855345912,1948.996855345912,1970.4221914991583,1856.0044791772,0.0616473255348401,-0.8568896657611722,False,False,,
141,0.6046644000000001,617651.0,1942.2987421383648,1942.2987421383648,1963.8771157144135,1856.0044791772,0.0581208923509901,-0.5238268527664767,False,False,,
142,0.6089528000000001,617032.0,1940.3522012578617,1940.3522012578617,1962.0836122473995,1856.0044791772,0.0571545673840325,-0.1453284245456227,False,False,,
143,0.6132412,615909.0,1936.8207547169811,1939.6792452830189,1961.5636936758012,1856.0044791772,0.0568744395193472,-0.046357803042401,False,False,,
144,0.6175296,616818.0,1939.6792452830189,1939.308176100629,1961.3456618873429,1856.0044791772,0.0567569657788985,-0.160341934642803,False,False,,
145,0.6218180000000001,616700.0,1939.308176100629,1936.8207547169811,1959.0112778873815,1856.0044791772,0.0554992188143028,-0.4126083734533621,False,False,,
146,0.6261064000000001,612012.0,1924.566037735849,1932.433962264151,1954.777522808925,1856.0044791772,0.0532181062814637,-0.652429404614999,False,False,,
147,0.6303948,614514.0,1932.433962264151,1926.12893081761,1948.625528726513,1856.0044791772,0.0499034622968009,-0.47503296033757,False,False,,
148,0.6346832,612509.0,1926.12893081761,1924.566037735849,1947.215672999102,1856.0044791772,0.0491438435872404,-0.122808170457362,False,False,,
149,0.6389716000000001,611790.0,1923.867924528302,1923.867924528302,1946.670597136592,1856.0044791772,0.0488501611804222,-0.6060060623088654,False,False,,
150,0.64326,607941.0,1911.7641509433963,1914.6132075471696,1937.568917490252,1856.0044791772,0.0439462507920298,-0.741127632326358,False,False,,
151,0.6475484,606693.0,1907.839622641509,1911.7641509433963,1934.872898211492,1856.0044791772,0.0424936577034855,-0.4062869039532604,False,False,,
152,0.6518368000000001,608847.0,1914.6132075471696,1907.839622641509,1931.1014072248397,1856.0044791772,0.0404616092742035,-0.6224023967652741,False,False,,
153,0.6561252000000001,604693.0,1901.5503144654087,1901.5503144654087,1924.965136353729,1856.0044791772,0.0371554368269091,-0.6208220287686119,False,False,,
154,0.6604136,600502.0,1888.37106918239,1897.6509433962265,1921.2188025802232,1856.0044791772,0.0351369428978609,-0.2267174544190568,False,False,,
155,0.664702,603448.0,1897.6352201257864,1897.6352201257864,1921.356116595681,1856.0044791772,0.0352109265638478,-0.5637311929633579,False,False,,
156,0.6689904000000001,603453.0,1897.6509433962265,1888.37106918239,1912.245002927938,1856.0044791772,0.0303019332020526,-0.8183681856410456,False,False,,
157,0.6732788000000001,599208.0,1884.301886792453,1884.301886792453,1908.3288578038755,1856.0044791772,0.0281919463092415,-0.5821029876642294,False,False,,
158,0.6775672,597031.0,1877.455974842767,1878.7987421383648,1902.9787504063488,1856.0044791772,0.0253093522974541,-0.4108304741054258,False,False,,
159,0.6818556,597458.0,1878.7987421383648,1877.455974842767,1901.789020357068,1856.0044791772,0.0246683354989342,-0.3039580065051557,False,False,,
160,0.6861440000000001,595822.0,1873.6540880503144,1873.6540880503144,1898.1401708011529,1856.0044791772,0.0227023652672606,-0.7101128986252849,False,False,,
161,0.6904324000000001,593339.0,1865.8459119496856,1865.8459119496856,1890.4850319272828,1856.0044791772,0.0185778391900048,-0.5015041621197347,False,False,,
162,0.6947208,591581.0,1860.317610062893,1865.3647798742136,1890.156937068791,1856.0044791772,0.0184010643695921,-0.2885494102447208,False,False,,
163,0.6990092000000001,593186.0,1865.3647798742136,1860.946540880503,1885.8917352822816,1856.0044791772,0.0161030086082178,-0.2978340806717274,False,False,,
164,0.7032976000000001,590627.0,1857.317610062893,1860.317610062893,1885.4158416620935,1856.0044791772,0.0158466010264868,-0.2087407668263832,False,False,,
165,0.707586,591781.0,1860.946540880503,1857.317610062893,1882.5688788497368,1856.0044791772,0.0143126807993013,-0.6172662127843955,False,False,,
166,0.7118744,587787.0,1848.3867924528304,1850.185534591195,1875.5898405559033,1856.0044791772,0.0105524321726776,-0.4876759375710344,False,False,,
167,0.7161628000000001,588359.0,1850.185534591195,1849.248427672956,1874.8057708052845,1856.0044791772,0.0101299818179421,-0.0937689094038898,False,False,,
168,0.7204512000000001,583919.0,1836.2232704402516,1848.3867924528304,1874.097172743465,1856.0044791772,0.0097481949905023,-0.4359188479010385,False,False,,
169,0.7247396,588061.0,1849.248427672956,1842.003144654088,1867.8665620927852,1856.0044791772,0.0063911930432645,-0.7448810326677537,False,False,,
170,0.729028,585757.0,1842.003144654088,1836.2232704402516,1862.2397250176975,1856.0044791772,0.0033594993495176,-0.5666944037484432,False,False,,
171,0.7333164000000001,582791.0,1832.6761006289307,1832.6761006289307,1858.845592334881,1856.0044791772,0.0015307684811949,-0.5564220050421133,False,False,,
172,0.7376048000000001,580948.0,1826.880503144654,1827.059748427673,1853.3822772523488,1856.0044791772,-0.0014128209033275,-0.3448500762391998,False,False,,
173,0.7418932,581005.0,1827.059748427673,1826.880503144654,1853.3560690782765,1856.0044791772,-0.0014269416526934,-0.3819887542613838,False,False,,
174,0.7461816000000001,578669.0,1819.7138364779871,1820.6729559748428,1847.301559007633,1856.0044791772,-0.0046890620508767,-0.3707286247600273,False,False,,
175,0.7504700000000001,578974.0,1820.6729559748428,1820.6729559748428,1847.4545960970215,1856.0044791772,-0.0046066069215353,0.0192274803439586,False,False,,
176,0.7547584,578949.0,1820.5943396226417,1820.6729559748428,1847.6076331766317,1856.0044791772,-0.0045241517974626,0.0192274791153456,False,False,,
177,0.7590468,576952.0,1814.314465408805,1820.6729559748428,1847.7606702464627,1856.0044791772,-0.0044416966786588,0.0192274778574795,False,False,,
178,0.7633352000000001,574425.0,1806.367924528302,1820.6729559748428,1847.9137073060492,1856.0044791772,-0.0043592415653746,0.0192274766288665,False,False,,
179,0.7676236000000001,577323.0,1815.481132075472,1820.6729559748428,1848.0667443563225,1856.0044791772,-0.0042767864571083,0.0192274754295063,False,False,,
180,0.771912,571319.0,1796.6006289308175,1820.6729559748428,1848.2197813968169,1856.0044791772,-0.0041943313541108,0.0192274741716406,False,False,,
181,0.7762004,578697.0,1819.801886792453,1820.6729559748428,1848.3728184270667,1856.0044791772,-0.004111876256633,0.3275970179923889,False,False,,
182,0.7804888000000001,582168.0,1830.7169811320755,1825.5817610062893,1853.434660478984,1856.0044791772,-0.0013845972501936,0.6501898848989934,False,False,,
183,0.7847772000000001,583627.0,1835.3050314465409,1830.7169811320755,1858.722917615928,1856.0044791772,0.0014646723481686,0.6300401760190857,False,False,,
184,0.7890656,580535.0,1825.5817610062893,1835.3050314465409,1863.464004930841,1856.0044791772,0.0040191313314868,0.4883995829766447,False,False,,
185,0.7933540000000001,586603.0,1844.6635220125784,1838.185534591195,1866.497545067095,1856.0044791772,0.0056535778914427,0.3279921054135227,False,False,,
186,0.7976424000000001,585190.0,1840.2201257861636,1840.2201257861636,1868.685173243419,1856.0044791772,0.0068322540211975,0.3995038115693654,False,False,,
187,0.8019308,584543.0,1838.185534591195,1844.238993710692,1872.857078139058,1856.0044791772,0.0090800421825108,0.2983601799534293,False,False,,
188,0.8062192,586468.0,1844.238993710692,1844.6635220125784,1873.434643403208,1856.0044791772,0.009391229612622,0.8506992229527495,False,False,,
189,0.8105076000000001,592958.0,1864.6477987421383,1857.4748427672955,1886.399001109478,1856.0044791772,0.0163763192779322,1.2746332663705744,False,False,,
190,0.8147960000000001,590677.0,1857.4748427672955,1864.6477987421383,1893.7249940265608,1856.0044791772,0.0203235042116293,0.6316205366440584,False,False,,
191,0.8190844,595664.0,1873.1572327044023,1867.2232704402516,1896.453502657135,1856.0044791772,0.0217936022966209,0.5537873510421951,False,False,,
192,0.8233728,593777.0,1867.2232704402516,1873.1572327044023,1902.5405018435024,1856.0044791772,0.025073227564048,0.7641740028968984,False,False,,
193,0.8276612000000001,597656.0,1879.4213836477988,1879.0817610062893,1908.6180670578267,1856.0044791772,0.0283477698846671,0.4127393952306053,False,False,,
194,0.8319496000000001,600490.0,1888.3333333333333,1879.4213836477988,1909.1107266024603,1856.0044791772,0.028613210809062,0.5522069781310912,False,False,,
195,0.836238,597548.0,1879.0817610062893,1887.566037735849,1917.4084175833905,1856.0044791772,0.0330839386947018,0.5790732537026217,False,False,,
196,0.8405264000000001,602735.0,1895.3930817610064,1888.3333333333333,1918.3287500639756,1856.0044791772,0.0335798062914185,0.1243220079057878,False,False,,
197,0.8448148000000001,600778.0,1889.238993710692,1889.238993710692,1919.387447314656,1856.0044791772,0.0341502236921082,0.0883686068025415,False,False,,
198,0.8491032000000001,601229.0,1890.6572327044023,1889.433962264151,1919.7354527316584,1856.0044791772,0.0343377261582426,0.1083207670428145,False,False,,
199,0.8533916,605216.0,1903.1949685534591,1890.6572327044023,1921.111760025674,1856.0044791772,0.035079269246881,0.3935774109734025,False,False,,
200,0.8576800000000001,600840.0,1889.433962264151,1895.3930817610064,1926.0006459262631,1856.0044791772,0.0377133608966793,0.5164511169794137,False,False,,
201,0.8619684000000001,600246.0,1887.566037735849,1898.572327044025,1929.3329280430228,1856.0044791772,0.03950876718699,0.5051909850208549,False,False,,
202,0.8662568,607009.0,1908.8333333333333,1903.12893081761,1934.0425686410351,1856.0044791772,0.0420462829370062,0.3096202921957163,False,False,,
203,0.8705452000000001,605954.0,1905.5157232704405,1903.1949685534591,1934.261643191533,1856.0044791772,0.0421643185090942,0.1691649760429596,False,False,,
204,0.8748336000000001,606124.0,1906.0503144654087,1905.5157232704405,1936.7354347129185,1856.0044791772,0.0434971771035314,0.1985993516347894,False,False,,
205,0.8791220000000001,605195.0,1903.12893081761,1906.0503144654087,1937.4230627029776,1856.0044791772,0.0438676654281955,0.2276386349203054,False,False,,
206,0.8834104,603746.0,1898.572327044025,1908.8333333333333,1940.3591183557485,1856.0044791772,0.0454495881475159,0.1940557876256976,False,False,,
207,0.8876988000000001,607952.0,1911.7987421383648,1908.8333333333333,1940.512155130816,1856.0044791772,0.0455320431075035,0.2055134632802167,False,False,,
208,0.8919872000000001,608787.0,1914.4245283018868,1911.7987421383648,1943.630600701136,1856.0044791772,0.0472122360193776,0.3704644999379907,False,False,,
209,0.8962756000000001,608919.0,1914.839622641509,1914.4245283018868,1946.4094236201677,1856.0044791772,0.0487094430305716,0.2102545684987538,False,False,,
210,0.900564,609109.0,1915.437106918239,1914.839622641509,1946.977554705521,1856.0044791772,0.0490155474024777,0.0828372984836489,False,False,,
211,0.9048524,609477.0,1916.5943396226417,1915.437106918239,1947.7280757182025,1856.0044791772,0.0494199219722062,0.0873808587776627,False,False,,
212,0.9091408,611713.0,1923.625786163522,1915.9245283018868,1948.3685338280231,1856.0044791772,0.049764995552042,0.0919244190424137,False,False,,
213,0.9134292,613367.0,1928.8270440251572,1916.5943396226417,1949.1913818647065,1856.0044791772,0.0502083393294492,0.4538289703980585,False,False,,
214,0.9177176,606658.0,1907.7295597484276,1922.8427672955977,1955.5928462442776,1856.0044791772,0.0536573958653521,0.4609406307123649,False,False,,
215,0.922006,611464.0,1922.8427672955977,1923.625786163522,1956.5289018090384,1856.0044791772,0.0541617349309431,0.1478299767001099,False,False,,
216,0.9262944,612566.0,1926.308176100629,1924.8899371069183,1957.9460894390268,1856.0044791772,0.0549253040095136,0.1877342983800307,False,False,,
217,0.9305828,609264.0,1915.9245283018868,1926.308176100629,1959.5173651095504,1856.0044791772,0.0557718944612889,0.1537563588376,False,False,,
218,0.9348712,612796.0,1927.0314465408808,1927.0314465408808,1960.3936722173016,1856.0044791772,0.0562440415479919,0.0836274732381152,False,False,,
219,0.9391596,621405.0,1954.1037735849056,1927.3333333333333,1960.8485956670097,1856.0044791772,0.0564891505737576,0.1320262795038065,False,False,,
220,0.943448,613958.0,1930.685534591195,1928.8270440251572,1962.4953430063097,1856.0044791772,0.0573764045420402,0.1993895165018617,False,False,,
221,0.9477364,612115.0,1924.8899371069183,1930.2012578616352,1964.022593480485,1856.0044791772,0.0581992745788908,0.1359772001097345,False,False,,
222,0.9520248,614742.0,1933.1509433962265,1930.685534591195,1964.6599068379633,1856.0044791772,0.0585426537919413,0.1505956142147662,False,False,,
223,0.9563132,616101.0,1937.4245283018868,1932.2924528301887,1966.4198616950969,1856.0044791772,0.059490903042888,0.1357796514701057,False,False,,
224,0.9606016,612892.0,1927.3333333333333,1932.5408805031448,1966.8213259759475,1856.0044791772,0.0597072087066701,0.0731575196906026,False,False,,
225,0.96489,614548.0,1932.5408805031448,1933.1509433962265,1967.5844254676113,1856.0044791772,0.0601183604577703,0.3260165945326463,False,False,,
226,0.9691784,614469.0,1932.2924528301887,1937.4245283018868,1972.0110469620745,1856.0044791772,0.0625033878346577,0.287692639562259,False,False,,
227,0.9734668,617003.0,1940.261006289308,1937.4245283018868,1972.1640835406329,1856.0044791772,0.0625858426887679,0.0210053315712199,False,False,,
228,0.9777552,613804.0,1930.2012578616352,1937.4528301886792,1972.3454219966704,1856.0044791772,0.0626835463624777,0.0210053303426072,False,False,,
229,0.9820436,616343.0,1938.185534591195,1937.4528301886792,1972.498458555671,1856.0044791772,0.0627660012060504,0.0567611828062251,False,False,,
230,0.986332,616110.0,1937.4528301886792,1938.0503144654087,1973.2489793816223,1856.0044791772,0.0631703756751702,0.0567611816068636,False,False,,
231,0.9906204,616378.0,1938.2955974842769,1938.0503144654087,1973.4020159215308,1856.0044791772,0.0632528305084561,0.0277218958641221,False,False,,
232,0.9949088,619358.0,1947.6666666666667,1938.185534591195,1973.690272576981,1856.0044791772,0.0634081408316176,0.0277218946062571,False,False,,
233,0.9991972,618029.0,1943.487421383648,1938.185534591195,1973.843309096866,1856.0044791772,0.063490595654115,0.019227408791874,False,False,,
234,1.0034856,617246.0,1941.0251572327045,1938.185534591195,1973.996345606972,1856.0044791772,0.0635730504713437,0.019227407534009,False,False,,
235,1.0077740000000002,616300.0,1938.0503144654087,1938.185534591195,1974.149382106834,1856.0044791772,0.0636555052830527,0.0261415216658997,False,False,,
236,1.0120624,614846.0,1933.4779874213837,1938.2955974842769,1974.412481490464,1856.0044791772,0.0637972610743678,0.02614152046654,False,False,,
237,1.0163508,616835.0,1939.732704402516,1938.2955974842769,1974.5655179712337,1856.0044791772,0.0638797158757902,0.0721697729235915,False,False,,
238,1.0206392000000002,614479.0,1932.3238993710693,1939.138364779874,1975.5613217378216,1856.0044791772,0.0644162467827789,0.1095059946124745,False,False,,
239,1.0249276,619544.0,1948.251572327044,1939.732704402516,1976.3086978212093,1856.0044791772,0.0648189268903824,0.0565636243376941,False,False,,
240,1.029216,614875.0,1933.5691823899372,1939.732704402516,1976.4617342726424,1856.0044791772,0.0649013816759984,-0.0181088227844199,False,False,,
241,1.0335044,614785.0,1933.2861635220129,1939.138364779874,1976.0204310911888,1856.0044791772,0.064663611139125,-0.0181088240422839,False,False,,
242,1.0377928,616646.0,1939.138364779874,1939.138364779874,1976.1734675225985,1856.0044791772,0.0647460659139526,0.0565636206225983,False,False,,
243,1.0420812000000002,619377.0,1947.7264150943397,1939.732704402516,1976.9208435668704,1856.0044791772,0.065148746000481,0.0565636193939855,False,False,,
244,1.0463696,613707.0,1929.8962264150944,1939.732704402516,1977.073879978722,1856.0044791772,0.0652312007647709,0.0423402951380422,False,False,,
245,1.050658,618841.0,1946.0408805031448,1940.1006289308175,1977.5948409090968,1856.0044791772,0.0655118902438209,0.0490568631167667,False,False,,
246,1.0549464000000002,616986.0,1940.2075471698113,1940.2075471698113,1977.854795540384,1856.0044791772,0.0656519516683508,0.0192273927613992,False,False,,
247,1.0592348,617548.0,1941.9748427672955,1940.1006289308175,1977.9009136839056,1856.0044791772,0.0656767997460569,0.0192273915327874,False,False,,
248,1.0635232,614257.0,1931.625786163522,1940.2075471698113,1978.1608682956353,1856.0044791772,0.0658168611600492,0.0259439595115136,False,False,,
249,1.0678116000000002,616952.0,1940.1006289308175,1940.2075471698113,1978.3139046585925,1856.0044791772,0.0658993158979952,0.019227389046307,False,False,,
250,1.0721,620600.0,1951.572327044025,1940.2075471698113,1978.4669410113052,1856.0044791772,0.0659817706304216,0.0192273878176942,False,False,,
251,1.0763884,613678.0,1929.8050314465409,1940.2075471698113,1978.6199773547048,1856.0044791772,0.06606422535783,0.0192273865890815,False,False,,
252,1.0806768,617454.0,1941.6792452830189,1940.2075471698113,1978.7730136878597,1856.0044791772,0.0661466800797188,0.0125108161238767,False,False,,
253,1.0849652,619184.0,1947.119496855346,1940.1006289308175,1978.819131772242,1856.0044791772,0.0661715281255613,-0.0188990234567558,False,False,,
254,1.0892536000000002,616039.0,1937.2295597484276,1939.6006289308175,1978.472168085839,1856.0044791772,0.0659845869353349,-0.16113225495869,False,False,,
255,1.093542,618222.0,1944.0943396226417,1937.2295597484276,1976.2541352072672,1856.0044791772,0.0647895290012317,-0.1297224178352838,False,False,,
256,1.0978304,614221.0,1931.512578616352,1937.2295597484276,1976.4071715013065,1856.0044791772,0.0648719837020453,0.0014482266326041,False,False,,
257,1.1021188000000002,615180.0,1934.5283018867924,1936.946540880503,1976.2771889176424,1856.0044791772,0.0648019501514142,-0.1504647663740232,False,False,,
258,1.1064072,618989.0,1946.506289308176,1934.5283018867924,1974.0119861984133,1856.0044791772,0.0635814774938087,-0.1326856138184755,False,False,,
259,1.1106956,616793.0,1939.6006289308175,1934.5283018867924,1974.165022463116,1856.0044791772,0.063663932178816,-0.0805334306135323,False,False,,
260,1.1149840000000002,614606.0,1932.7232704402516,1932.940251572327,1972.7300084035744,1856.0044791772,0.0628907583661225,-0.0941641164100026,False,False,,
261,1.1192724,614675.0,1932.940251572327,1932.7232704402516,1972.666063516644,1856.0044791772,0.0628563053851906,-0.070458579288994,False,False,,
262,1.1235608,611721.0,1923.6509433962265,1931.512578616352,1971.6084079276447,1856.0044791772,0.0622864492232766,-0.0568278959790014,False,False,,
263,1.1278492,612732.0,1926.830188679245,1931.512578616352,1971.7614441527664,1856.0044791772,0.0623689038869579,-0.1073997123866368,False,False,,
264,1.1321376,615949.0,1936.946540880503,1929.496855345912,1969.8987570981344,1856.0044791772,0.0613653033700789,-0.14750158270619,False,False,,
265,1.1364260000000002,613377.0,1928.8584905660375,1928.8584905660375,1969.413428523824,1856.0044791772,0.0611038123124034,-0.1482917685474385,False,False,,
266,1.1407144,613580.0,1929.496855345912,1926.830188679245,1967.5381628332816,1856.0044791772,0.0600934345296013,-0.2672145539767792,False,False,,
267,1.1450028,611927.0,1924.2987421383648,1924.2987421383648,1965.1597524784072,1856.0044791772,0.0588119665258554,-0.1804917940278168,False,False,,
268,1.1492912000000002,609969.0,1918.1415094339625,1923.6509433962265,1964.6649899120305,1856.0044791772,0.0585453925105834,-0.2682022872290597,False,False,,
269,1.1535796,610074.0,1918.4716981132076,1919.7232704402516,1960.8903531229691,1856.0044791772,0.0565116491487493,-0.3061311498346279,False,False,,
270,1.157868,614947.0,1933.7955974842769,1918.4716981132076,1959.7918169525944,1856.0044791772,0.0559197668646819,-0.0801383519097234,False,False,,
271,1.1621564000000002,610472.0,1919.7232704402516,1918.1415094339625,1959.6146644197736,1856.0044791772,0.05582431853209,-0.2192108449611343,False,False,,
272,1.1664448,608867.0,1914.6761006289307,1914.6761006289307,1956.3022917518535,1856.0044791772,0.0540396392896193,-0.3527520456948423,False,False,,
273,1.1707332,608086.0,1912.2201257861636,1912.2201257861636,1953.9993530364193,1856.0044791772,0.0527988347865745,-0.3225274855196405,False,False,,
274,1.1750216,607137.0,1909.2358490566037,1909.2358490566037,1951.1681124239472,1856.0044791772,0.0512733855518145,-0.4821447785286441,False,False,,
275,1.17931,605548.0,1904.238993710692,1904.238993710692,1946.324293185345,1856.0044791772,0.04866357545009,-0.5208638257468348,False,False,,
276,1.1835984000000002,604403.0,1900.638364779874,1900.638364779874,1942.876700352523,1856.0044791772,0.046806040691149,-0.2369900048883257,False,False,,
277,1.1878868,604251.0,1900.160377358491,1900.160377358491,1942.5517490188909,1856.0044791772,0.0466309595761637,-0.0366782068446411,False,False,,
278,1.1921752,602100.0,1893.3962264150944,1899.748427672956,1942.2928354113287,1856.0044791772,0.0464914590466839,-0.1557985383978959,False,False,,
279,1.1964636000000002,604120.0,1899.748427672956,1897.374213836478,1940.07165764351,1856.0044791772,0.0452947066720326,-0.2514108777546706,False,False,,
280,1.200752,603365.0,1897.374213836478,1895.440251572327,1938.2907314377735,1856.0044791772,0.0443351582303576,-0.1757507023825208,False,False,,
281,1.2050404,602750.0,1895.440251572327,1894.2704402515724,1937.2739561651892,1856.0044791772,0.0437873280478382,-0.1091776499678491,False,False,,
282,1.2093288000000002,600863.0,1889.506289308176,1893.3962264150944,1936.5527783680336,1856.0044791772,0.0433987633621134,-0.2757090583081263,False,False,,
283,1.2136172,600885.0,1889.5754716981132,1889.5754716981132,1932.8850596796651,1856.0044791772,0.0414226265965412,-0.2251372443577137,False,False,,
284,1.2179056,600434.0,1888.1572327044023,1889.506289308176,1932.9689133090271,1856.0044791772,0.0414678062447062,-0.0698659691753844,False,False,,
285,1.222194,597716.0,1879.6100628930817,1888.1572327044023,1931.772892714774,1856.0044791772,0.0408234001521178,-0.125376439470453,False,False,,
286,1.2264824,602378.0,1894.2704402515724,1887.2044025157231,1930.9730985253705,1856.0044791772,0.0403924775986561,-0.5177031008695687,False,False,,
287,1.2307708000000002,597358.0,1878.4842767295595,1879.6100628930817,1923.531794892691,1856.0044791772,0.0363831641965796,-0.5147399098008103,False,False,,
288,1.2350592,596507.0,1875.808176100629,1878.7044025157231,1922.779170495051,1856.0044791772,0.0359776563402763,-0.0514941819047019,False,False,,
289,1.2393476,596518.0,1875.8427672955977,1878.4842767295595,1922.7120806788264,1856.0044791772,0.0359415088972194,-0.0653224138543331,False,False,,
290,1.2436360000000002,600131.0,1887.2044025157231,1877.3584905660375,1921.7393304754648,1856.0044791772,0.0354173990611305,-0.1467114301837737,False,False,,
291,1.2479244,593978.0,1867.8553459119496,1875.8427672955977,1920.3766431554056,1856.0044791772,0.0346831943028192,-0.0781629162667849,False,False,,
292,1.2522128,597428.0,1878.7044025157231,1875.808176100629,1920.4950879010396,1856.0044791772,0.0347470113608936,-0.4525128777285743,False,False,,
293,1.2565012000000002,597000.0,1877.3584905660375,1868.3333333333333,1913.1732810645672,1856.0044791772,0.0308020818531167,-0.4803668865523698,False,False,,
294,1.2607896,590647.0,1857.380503144654,1867.8553459119496,1912.8483295642284,1856.0044791772,0.030627000648311,-0.2978342422635771,False,False,,
295,1.265078,590326.0,1856.37106918239,1863.2861635220129,1908.4321830855572,1856.0044791772,0.0282476171240703,-0.6387989038710584,False,False,,
296,1.2693664,592525.0,1863.2861635220129,1857.380503144654,1902.67955860922,1856.0044791772,0.0251481502095898,-0.360061282994665,False,False,,
297,1.2736548,590195.0,1855.9591194968552,1857.248427672956,1902.7005190292296,1856.0044791772,0.0251594435120819,-0.0228500007836509,False,False,,
298,1.2779432000000002,594130.0,1868.3333333333333,1856.7106918238992,1902.3158190616368,1856.0044791772,0.0249521703228686,-0.0358880481206611,False,False,,
299,1.2822316,590605.0,1857.248427672956,1856.37106918239,1902.1292322922773,1856.0044791772,0.0248516389009606,-0.0279862032229827,False,False,,
300,1.28652,586750.0,1845.125786163522,1855.9591194968552,1901.8703184686483,1856.0044791772,0.0247121382550657,-0.6871977175376562,False,False,,
301,1.2908084000000002,590434.0,1856.7106918238992,1845.125786163522,1891.1900209879077,1856.0044791772,0.0189576815171835,-0.7000382187214726,False,False,,
302,1.2950968,585684.0,1841.7735849056603,1844.509433962264,1890.7267046289976,1856.0044791772,0.0187080504607352,-0.0402340684338193,False,False,,
303,1.2993852,584751.0,1838.839622641509,1844.1792452830189,1890.5495517823213,1856.0044791772,0.0186126019590403,-0.1526378308089722,False,False,,
304,1.3036736000000002,586554.0,1844.509433962264,1841.7735849056603,1888.2969272277528,1856.0044791772,0.0173989063134527,-0.316206046851879,False,False,,
305,1.307962,586449.0,1844.1792452830189,1838.839622641509,1885.516000776613,1856.0044791772,0.0159005659364012,-0.2425213329820388,False,False,,
306,1.3122504000000002,584359.0,1837.6069182389936,1837.6069182389936,1884.436332176864,1856.0044791772,0.0153188493447324,-0.1459212652874475,False,False,,
307,1.3165388,578223.0,1818.311320754717,1836.2106918238992,1883.193141555689,1856.0044791772,0.0146490284282838,-0.6214148571658045,False,False,,
308,1.3208272,583915.0,1836.2106918238992,1827.4088050314465,1874.544290546445,1856.0044791772,0.0099890983977926,-0.6275387892008097,False,False,,
309,1.3251156000000002,580641.0,1825.9150943396223,1825.9150943396223,1873.203615628051,1856.0044791772,0.0092667537410662,-0.5522737060472467,False,False,,
310,1.329404,581116.0,1827.4088050314465,1818.311320754717,1865.7528778072624,1856.0044791772,0.0052523572757668,-0.8201462909279563,False,False,,
311,1.3336924,575893.0,1810.9842767295595,1812.553459119497,1860.14805192638,1856.0044791772,0.0022325230330354,-0.4410552242768478,False,False,,
312,1.3379808000000002,575504.0,1809.761006289308,1810.9842767295595,1858.731905280536,1856.0044791772,0.001469514828189,-0.1561936726818248,False,False,,
313,1.3422692,576392.0,1812.553459119497,1809.761006289308,1857.6616705745992,1856.0044791772,0.0008928811411779,-0.332799934833099,False,False,,
314,1.3465576,574111.0,1805.380503144654,1805.380503144654,1853.4342031544809,1856.0044791772,-0.0013848436528875,-0.2873643208355246,False,False,,
315,1.3508460000000002,571360.0,1796.7295597484276,1804.880503144654,1853.0872388692376,1856.0044791772,-0.0015717851657641,-0.4013484524359587,False,False,,
316,1.3551344,571982.0,1798.685534591195,1798.685534591195,1847.045306020756,1856.0044791772,-0.00482712905974,-0.4928123225764234,False,False,,
317,1.3594228000000002,573952.0,1804.880503144654,1796.7295597484276,1845.2423668731876,1856.0044791772,-0.0057985378940375,-0.4382895855335994,False,False,,
318,1.3637112,569666.0,1791.4025157232704,1791.4025157232704,1840.0683585334505,1856.0044791772,-0.0085862511769445,-0.4216957098969903,False,False,,
319,1.3679996,567020.0,1783.0817610062893,1789.7106918238994,1838.5295703097208,1856.0044791772,-0.0094153376586818,-0.469896972525238,False,False,,
320,1.3722880000000002,566046.0,1780.0188679245282,1783.6163522012578,1832.5882663524756,1856.0044791772,-0.012616463530899,-0.3971999893919375,False,False,,
321,1.3765764,569128.0,1789.7106918238994,1783.0817610062893,1832.2067108135905,1856.0044791772,-0.0128220425276988,-0.2067654989476159,False,False,,
322,1.3808648,562870.0,1770.0314465408806,1780.0188679245282,1829.2968533781336,1856.0044791772,-0.014389849862273,-0.5684725066365837,False,False,,
323,1.3851532000000002,564045.0,1773.7264150943397,1773.7264150943397,1823.1574361840053,1856.0044791772,-0.0176977175226195,-0.608179284679079,False,False,,
324,1.3894416,567190.0,1783.6163522012578,1770.0314465408806,1819.6155032568272,1856.0044791772,-0.0196060819511085,-0.5285681861852995,False,False,,
325,1.39373,561272.0,1765.006289308176,1765.006289308176,1814.7433816406249,1856.0044791772,-0.0222311411418936,-0.4791816491245617,False,False,,
326,1.3980184000000002,558289.0,1755.625786163522,1762.0974842767296,1811.9876122159017,1856.0044791772,-0.0237159271193202,-0.3541349354045717,False,False,,
327,1.4023068,560347.0,1762.0974842767296,1759.062893081761,1809.1060566178776,1856.0044791772,-0.0252684856558715,-0.38732269036363,False,False,,
328,1.4065952000000002,555628.0,1747.25786163522,1755.625786163522,1805.821985286804,1856.0044791772,-0.0270379163700309,-0.7223609673471416,False,False,,
329,1.4108836,559382.0,1759.062893081761,1747.25786163522,1797.6070963358886,1856.0044791772,-0.0314640312006143,-0.6870002071605699,False,False,,
330,1.415172,554714.0,1744.3836477987422,1744.3836477987422,1794.8859180670186,1856.0044791772,-0.0329301797468055,-0.208740971595204,False,False,,
331,1.4194604000000002,553701.0,1741.198113207547,1743.62893081761,1794.2842366437153,1856.0044791772,-0.0332543607657921,-0.1808869652286628,False,False,,
332,1.4237488,553293.0,1739.9150943396226,1741.198113207547,1792.0064545817022,1856.0044791772,-0.0344816110701786,-0.2140747202169595,False,False,,
333,1.4280372,551736.0,1735.0188679245282,1739.9150943396226,1790.876471251583,1856.0044791772,-0.0350904368261488,-0.3689509055209159,False,False,,
334,1.4323256000000002,554474.0,1743.62893081761,1735.0188679245282,1786.133280364981,1856.0044791772,-0.0376460291966505,-0.4934049832386584,False,False,,
335,1.436614,550698.0,1731.754716981132,1731.754716981132,1783.0221649398325,1856.0044791772,-0.0393222726863902,-0.319761915871215,False,False,,
336,1.4409024,549790.0,1728.8993710691825,1729.622641509434,1781.0431249766032,1856.0044791772,-0.0403885631966947,-0.1409826484924234,False,False,,
337,1.4451908000000002,549887.0,1729.2044025157234,1729.2044025157234,1780.7779214815823,1856.0044791772,-0.04053145266598,-0.0262083347366326,False,False,,
338,1.4494792,548771.0,1725.6949685534591,1728.8993710691825,1780.6259255239522,1856.0044791772,-0.0406133468420638,-0.2012342276333925,False,False,,
339,1.4537676000000002,550020.0,1729.622641509434,1725.6949685534591,1777.5745584878268,1856.0044791772,-0.0422573983895462,-0.3802110436518111,False,False,,
340,1.458056,547768.0,1722.5408805031448,1722.5408805031448,1774.5735059064,1856.0044791772,-0.0438743409212567,-0.6824566592404233,False,False,,
341,1.4623444,543408.0,1708.830188679245,1714.5251572327045,1766.710818095534,1856.0044791772,-0.0481106926645195,-0.8420739521909262,False,False,,
342,1.4666328000000002,545219.0,1714.5251572327045,1708.830188679245,1761.1688849918703,1856.0044791772,-0.0510966407944079,-0.6123277772975522,False,False,,
343,1.4709212,541651.0,1703.3050314465409,1704.4716981132076,1756.963429865849,1856.0044791772,-0.0533625055448452,-0.3278613179795941,False,False,,
344,1.4752096,542022.0,1704.4716981132076,1703.3050314465409,1755.94979862942,1856.0044791772,-0.0539086417464552,-0.0763850662681306,False,False,,
345,1.4794980000000002,541538.0,1702.9496855345913,1702.9496855345913,1755.7474881374635,1856.0044791772,-0.0540176449812137,-0.0789531674877865,False,False,,
346,1.4837864,537772.0,1691.1069182389938,1701.74213836478,1754.692976378332,1856.0044791772,-0.0545858072733644,-0.7247315433877635,False,False,,
347,1.4880748,541154.0,1701.74213836478,1691.1069182389938,1744.2107916529812,1856.0044791772,-0.0602335224825421,-0.744881252267704,False,False,,
348,1.4923632000000002,537286.0,1689.5786163522012,1689.5786163522012,1742.835525156845,1856.0044791772,-0.0609745047978142,-0.1771336093220847,False,False,,
349,1.4966516,536778.0,1687.9811320754718,1687.9811320754718,1741.3910762609933,1856.0044791772,-0.0617527620229757,-0.1559961721628626,False,False,,
350,1.5009400000000002,531820.0,1672.3899371069183,1686.7893081761006,1740.3522877327207,1856.0044791772,-0.0623124527672206,-0.2982294036647834,False,False,,
351,1.5052284,536399.0,1686.7893081761006,1682.927672955975,1736.6436878739148,1856.0044791772,-0.0643106159723277,-0.244496851234591,False,False,,
352,1.5095168,534392.0,1680.4779874213837,1682.5911949685535,1736.4602452380343,1856.0044791772,-0.0644094533608894,-0.1346611913077104,False,False,,
353,1.5138052000000002,535064.0,1682.5911949685535,1680.4779874213837,1734.5000730326265,1856.0044791772,-0.0654655780779357,-0.4876761682285293,False,False,,
354,1.5180936,531455.0,1671.24213836478,1674.5220125786163,1728.6971335218425,1856.0044791772,-0.0685921543205517,-0.488861446376081,False,False,,
355,1.522382,530551.0,1668.3993710691825,1672.3899371069183,1726.7180933723484,1856.0044791772,-0.069658444931214,-0.186813379456332,False,False,,
356,1.5266704000000002,531130.0,1670.2201257861636,1671.24213836478,1725.7233299421698,1856.0044791772,-0.0701944153134728,-0.1170795886204061,False,False,,
357,1.5309588,535171.0,1682.927672955975,1670.2201257861636,1724.8543526662,1856.0044791772,-0.0706626131468935,-0.1593544666247073,False,False,,
358,1.5352472,532498.0,1674.5220125786163,1668.3993710691825,1723.1866332416205,1856.0044791772,-0.0715611667028196,-0.4335485284357165,False,False,,
359,1.5395356000000002,528838.0,1663.012578616352,1663.012578616352,1717.952876071879,1856.0044791772,-0.074381072165581,-0.6589486904168638,False,False,,
360,1.543824,526546.0,1655.8050314465409,1657.6037735849056,1712.697106313277,1856.0044791772,-0.0772128378307869,-0.4335485309222058,False,False,,
361,1.5481124000000002,526218.0,1654.7735849056603,1655.8050314465409,1711.0513994379771,1856.0044791772,-0.0780995312055944,-0.158564286955773,False,False,,
362,1.5524008,525547.0,1652.6635220125786,1654.7735849056603,1710.172988150383,1856.0044791772,-0.0785728120071492,-0.1324881959676105,False,False,,
363,1.5566892,527118.0,1657.6037735849056,1653.3899371069183,1708.9423755951484,1856.0044791772,-0.0792358559647694,-0.1133262203399585,False,False,,
364,1.5609776000000002,525778.0,1653.3899371069183,1652.6635220125786,1708.3689957345373,1856.0044791772,-0.079544788333761,-0.2259275288682722,False,False,,
365,1.565266,523914.0,1647.5283018867924,1649.487421383648,1705.3459303295565,1856.0044791772,-0.0811735911943668,-0.3033656221345708,False,False,,
366,1.5695544,523523.0,1646.2987421383648,1647.5283018867924,1703.5398460468716,1856.0044791772,-0.0821466946016847,-0.1810845545880273,False,False,,
367,1.5738428000000002,524537.0,1649.487421383648,1646.2987421383648,1702.4633215023705,1856.0044791772,-0.0827267172021574,-0.1789115481319072,False,False,,
368,1.5781312,522911.0,1644.374213836478,1644.374213836478,1700.6918283950963,1856.0044791772,-0.0836811831677024,-0.3979902332120204,False,False,,
369,1.5824196,520119.0,1635.5943396226414,1639.6572327044023,1696.1278824473895,1856.0044791772,-0.0861401998343703,-0.4205104959005687,False,False,,
370,1.5867080000000002,520293.0,1636.1415094339625,1637.374213836478,1693.9978987545203,1856.0044791772,-0.0872878175889425,-0.2016293594308429,False,False,,
371,1.5909964,521411.0,1639.6572327044023,1636.1415094339625,1692.9182295168152,1856.0044791772,-0.0878695345243368,-0.0925838841458617,False,False,,
372,1.5952848000000002,520685.0,1637.374213836478,1635.5943396226414,1692.5240948605262,1856.0044791772,-0.0880818910464847,-0.0238378240757022,False,False,,
373,1.5995732,519698.0,1634.2704402515724,1635.455974842767,1692.538765225905,1856.0044791772,-0.0880739867738693,-0.0639396943952501,False,False,,
374,1.6038616,520075.0,1635.455974842767,1634.2704402515724,1691.5062657701842,1856.0044791772,-0.0886302890173739,-0.4702921326392886,False,False,,
375,1.6081500000000002,517303.0,1626.7389937106918,1627.6635220125786,1685.0523826573512,1856.0044791772,-0.09210758833709,-0.4538958031850875,False,False,,
376,1.6124384,517597.0,1627.6635220125786,1626.7389937106918,1684.280889470915,1856.0044791772,-0.0925232625421319,-0.183455120770553,False,False,,
377,1.6167268,515159.0,1619.996855345912,1624.437106918239,1682.1320377845996,1856.0044791772,-0.0936810462169149,-0.3879153904877697,False,False,,
378,1.6210152000000002,513945.0,1616.1792452830189,1620.25786163522,1678.1058275979392,1856.0044791772,-0.0958503352632674,-0.259707938317252,False,False,,
379,1.6253036,514862.0,1619.062893081761,1619.996855345912,1677.9978563952106,1856.0044791772,-0.0959085092622744,-0.0558403095167268,False,False,,
380,1.6295920000000002,514467.0,1617.8207547169811,1619.062893081761,1677.216929207395,1856.0044791772,-0.0963292664299305,-0.1174747105304412,False,False,,
381,1.6338804000000002,511915.0,1609.7955974842766,1617.8207547169811,1676.1278259096368,1856.0044791772,-0.0969160663595519,-0.1619225962194725,False,False,,
382,1.6381688,513360.0,1614.339622641509,1616.1792452830189,1674.639351532452,1856.0044791772,-0.0977180441531857,-0.1994563665772357,False,False,,
383,1.6424572000000002,516571.0,1624.437106918239,1614.339622641509,1672.9527639379407,1856.0044791772,-0.0986267637244115,-0.3533448210861714,False,False,,
384,1.6467456,510462.0,1605.2264150943397,1610.248427672956,1669.0146040070726,1856.0044791772,-0.1007486120146775,-0.2662269687724006,False,False,,
385,1.651034,515242.0,1620.25786163522,1609.7955974842766,1668.714808845834,1856.0044791772,-0.1009101391901785,-0.2180257086598569,False,False,,
386,1.6553224000000002,510767.0,1606.185534591195,1606.4716981132076,1665.5439444924266,1856.0044791772,-0.1026185749127114,-0.2075557637711167,False,False,,
387,1.6596108,510594.0,1605.6415094339625,1606.185534591195,1665.4108159782968,1856.0044791772,-0.1026903034648907,-0.0329249656086485,False,False,,
388,1.6638992,510858.0,1606.4716981132076,1605.6415094339625,1665.019825819168,1856.0044791772,-0.1029009657577436,-0.0410243591167009,False,False,,
389,1.6681876000000002,507542.0,1596.044025157233,1605.2264150943397,1664.7577664678706,1856.0044791772,-0.1030421611881629,-0.5200737817811873,False,False,,
390,1.672476,512059.0,1610.248427672956,1597.0566037735848,1656.7409901251965,1856.0044791772,-0.1073615345693243,-0.5003191676940677,False,False,,
391,1.6767644000000002,507120.0,1594.7169811320755,1596.955974842767,1656.793396163146,1856.0044791772,-0.1073332986256411,-0.0443826474354711,False,False,,
392,1.6810528000000002,507864.0,1597.0566037735848,1596.044025157233,1656.0344814361342,1856.0044791772,-0.1077421956598488,-0.1024612176923582,False,False,,
393,1.6853412,507832.0,1596.955974842767,1595.0188679245282,1655.1623591526393,1856.0044791772,-0.1082120879975449,-0.0641372652084388,False,False,,
394,1.6896296000000002,507216.0,1595.0188679245282,1594.7169811320755,1655.0135072991516,1856.0044791772,-0.1082922881560885,-0.1874060660072309,False,False,,
395,1.6939180000000005,503720.0,1584.0251572327045,1591.7295597484276,1652.1791208451557,1856.0044791772,-0.1098194323444757,-0.2265202055610053,False,False,,
396,1.6982064,504084.0,1585.169811320755,1590.8050314465409,1651.407627462676,1856.0044791772,-0.1102351066551442,-0.0989053918792244,False,False,,
397,1.7024948000000002,506170.0,1591.7295597484276,1589.8490566037735,1650.604687529537,1856.0044791772,-0.1106677241095454,-0.0769777701073728,False,False,,
398,1.7067832,505389.0,1589.2735849056603,1589.2735849056603,1650.1822507312731,1856.0044791772,-0.1108953295938011,-0.1269569480847909,False,False,,
399,1.7110716,505572.0,1589.8490566037735,1587.5220125786163,1648.5837132942995,1856.0044791772,-0.1117566084618791,-0.0908060032856052,False,False,,
400,1.7153600000000002,503402.0,1583.0251572327045,1587.5220125786163,1648.7367481745914,1856.0044791772,-0.1116741545227811,0.019227202794422,False,False,,
401,1.7196484,503209.0,1582.4182389937107,1587.5220125786163,1648.8897830451042,1856.0044791772,-0.1115917005889519,0.0192272015365571,False,False,,
402,1.7239368000000002,502822.0,1581.2012578616352,1587.5220125786163,1649.0428179053724,1856.0044791772,-0.1115092466606424,0.1292604076165826,False,False,,
403,1.7282252000000002,505876.0,1590.8050314465409,1589.2735849056603,1650.9474250833714,1856.0044791772,-0.110483059924906,0.1654113524450178,False,False,,
404,1.7325136,502627.0,1580.5880503144654,1589.8490566037735,1651.6759316226608,1856.0044791772,-0.1100905465729919,0.0553781438785137,False,False,,
405,1.7368020000000002,503108.0,1582.1006289308175,1589.8490566037735,1651.8289664535923,1856.0044791772,-0.1100080926604887,0.0792812271526859,False,False,,
406,1.7410904000000005,504832.0,1587.5220125786163,1590.8050314465409,1652.9379761175123,1856.0044791772,-0.1094105673439488,0.7019467006760891,False,False,,
407,1.7453788,509028.0,1600.7169811320755,1600.7169811320755,1663.0029606144208,1856.0044791772,-0.1039876361981304,0.9636953524101948,False,False,,
408,1.7496672000000002,510657.0,1605.839622641509,1605.839622641509,1668.2786369259152,1856.0044791772,-0.1011451450453972,1.0628635200665872,False,False,,
409,1.7539556,514311.0,1617.330188679245,1617.330188679245,1679.9222377554672,1856.0044791772,-0.0948716683592235,2.1199329843536656,False,False,,
410,1.758244,521291.0,1639.2798742138364,1639.2798742138364,1702.0249580720954,1856.0044791772,-0.0829629038251925,1.734717984468192,False,False,,
411,1.7625324000000002,522995.0,1644.638364779874,1644.638364779874,1707.5364834103914,1856.0044791772,-0.0799933391500365,1.175069731344884,False,False,,
412,1.7668208,529930.0,1666.446540880503,1657.6792452830189,1720.7303986760155,1856.0044791772,-0.072884565753394,1.3892097601388285,False,False,,
413,1.7711092000000002,527142.0,1657.6792452830189,1666.446540880503,1729.6507290262002,1856.0044791772,-0.068078364879278,1.6106589965995424,False,False,,
414,1.7753976000000002,535198.0,1683.012578616352,1683.012578616352,1746.3698015049708,1856.0044791772,-0.0590702656713588,1.310191296389343,False,False,,
415,1.779686,536465.0,1686.996855345912,1686.996855345912,1750.5071129672076,1856.0044791772,-0.0568411161684056,0.4629158442396397,False,False,,
416,1.7839744000000002,537444.0,1690.0754716981132,1690.0754716981132,1753.7387640423071,1856.0044791772,-0.0550999290584843,0.4712127814728699,False,False,,
417,1.7882628000000005,538753.0,1694.191823899371,1694.191823899371,1758.0081509571498,1856.0044791772,-0.052799618384269,0.939989801686691,False,False,,
418,1.7925512,542105.0,1704.7327044025158,1704.7327044025158,1768.702066163635,1856.0044791772,-0.0470378245273781,1.0296757539915156,False,False,,
419,1.7968396000000002,543868.0,1710.2767295597484,1710.2767295597484,1774.3991260148948,1856.0044791772,-0.0439682953774347,1.3518735285625532,False,False,,
420,1.801128,548851.0,1725.946540880503,1725.946540880503,1790.221972019432,1856.0044791772,-0.0354430756476032,1.6671571877438138,False,False,,
421,1.8054164,552210.0,1736.5094339622642,1736.5094339622642,1800.937899775197,1856.0044791772,-0.0296694216095938,0.9945125350143722,False,False,,
422,1.8097048,553788.0,1741.4716981132076,1741.4716981132076,1806.0531985903651,1856.0044791772,-0.0269133405372917,0.932680587847536,False,False,,
423,1.8139932,557285.0,1752.4685534591194,1751.0503144654087,1815.784849597012,1856.0044791772,-0.0216700067437433,0.7100460720105977,False,False,,
424,1.8182816,556834.0,1751.0503144654087,1752.4685534591194,1817.35612323539,1856.0044791772,-0.0208234173868715,0.2997427106448849,False,False,,
425,1.82257,559758.0,1760.245283018868,1755.5157232704405,1820.556327681133,1856.0044791772,-0.0190991734630842,0.32660898624568,True,False,425.0,2.0
426,1.8268584,558254.0,1755.5157232704405,1757.361635220126,1822.555274255928,1856.0044791772,-0.0180221574336395,0.3163365850821251,False,False,,
427,1.8311468,558841.0,1757.361635220126,1760.245283018868,1825.5919566700009,1856.0044791772,-0.0163860178401518,1.06306104275903,False,False,,
428,1.8354352000000005,564125.0,1773.9779874213837,1773.9779874213837,1839.4776956776025,1856.0044791772,-0.0089044954821037,0.9467063572914808,False,False,,
429,1.8397236,564453.0,1775.0094339622642,1775.0094339622642,1840.6621768137895,1856.0044791772,-0.0082663067549339,1.038367771157121,False,False,,
430,1.844012,569284.0,1790.2012578616352,1790.2012578616352,1856.0070352991545,1856.0044791772,1.3772175569563636e-06,1.2835225459967958,False,False,,
431,1.8483004,570853.0,1795.1352201257862,1795.1352201257862,1861.094032139055,1856.0044791772,0.0027422094175715,0.4297280707928879,False,False,,
432,1.8525888,571362.0,1796.7358490566037,1796.7358490566037,1862.8476956358425,1856.0044791772,0.0036870689351332,0.3115954699761584,False,False,,
433,1.8568772,572333.0,1799.7893081761006,1799.7893081761006,1866.0541893115308,1856.0044791772,0.0054147014444631,0.6312251445561752,False,False,,
434,1.8611656,574460.0,1806.4779874213837,1806.4779874213837,1872.8959031032264,1856.0044791772,0.0091009607549625,0.5654422743261625,False,False,,
435,1.865454,575098.0,1808.4842767295595,1808.4842767295595,1875.055226948036,1856.0044791772,0.0102643867429035,0.1679794129449363,False,False,,
436,1.8697424,575213.0,1808.8459119496856,1808.8459119496856,1875.5698966950167,1856.0044791772,0.0105416865839086,0.2869021959170612,False,False,,
437,1.8740308,576453.0,1812.745283018868,1812.745283018868,1879.6223022812749,1856.0044791772,0.0127250894968449,0.7631859699508035,False,False,,
438,1.8783192,584138.0,1836.9119496855344,1820.688679245283,1887.718733014987,1856.0044791772,0.0170873800109828,1.4204220202766815,False,False,,
439,1.8826076000000005,586685.0,1844.9213836477988,1835.0503144654087,1902.2334027326308,1856.0044791772,0.0249077650803541,1.0383677588124902,False,False,,
440,1.886896,578979.0,1820.688679245283,1836.9119496855344,1904.2480724400305,1856.0044791772,0.025993252604766,0.4880041748582666,False,False,,
441,1.8911844,585919.0,1842.512578616352,1842.512578616352,1910.0017358483424,1856.0044791772,0.0290932792872786,0.4974863889812093,False,False,,
442,1.8954728,583546.0,1835.0503144654087,1844.5251572327045,1912.1673489324105,1856.0044791772,0.0302600938657801,0.1705475043064543,False,False,,
443,1.8997612,590055.0,1855.518867924528,1844.9213836477988,1912.7166098059072,1856.0044791772,0.0305560311222141,0.5302790479773543,False,False,,
444,1.9040496,586559.0,1844.5251572327045,1852.660377358491,1920.6086379647572,1856.0044791772,0.0348081912044724,0.6098901464418938,False,False,,
445,1.908338,589146.0,1852.660377358491,1854.3238993710693,1922.425194415715,1856.0044791772,0.0357869369302171,0.1987966004928347,False,False,,
446,1.9126264,590389.0,1856.5691823899372,1855.518867924528,1923.773197397774,1856.0044791772,0.0365132298875793,0.160275099398544,False,False,,
447,1.9169148000000005,592179.0,1862.198113207547,1856.5691823899372,1924.9765462820044,1856.0044791772,0.0371615844027386,0.4388151741218209,False,False,,
448,1.9212032,589675.0,1854.3238993710693,1862.198113207547,1930.7585115086567,1856.0044791772,0.0402768598729872,0.5575404109115096,False,False,,
449,1.9254916,593114.0,1865.138364779874,1865.138364779874,1933.8517974797817,1856.0044791772,0.0419434969990443,0.4336789716532259,False,False,,
450,1.9297800000000005,594277.0,1868.7955974842769,1868.7955974842769,1937.6620645736689,1856.0044791772,0.0439964376770627,0.7104411310273466,False,False,,
451,1.9340684,596776.0,1876.6540880503144,1876.1415094339625,1945.1610109030603,1856.0044791772,0.0480368084916395,0.5128949766121327,False,False,,
452,1.9383568,597434.0,1878.7232704402516,1876.6540880503144,1945.8266238888737,1856.0044791772,0.0483954353124694,0.1814125303562077,False,False,,
453,1.9426452,596613.0,1876.1415094339625,1878.7232704402516,1948.0488406384932,1856.0044791772,0.0495927474819985,0.7408632348984501,False,False,,
454,1.9469336,600429.0,1888.1415094339625,1888.1415094339625,1957.620113982573,1856.0044791772,0.0547496711055466,0.7756313566255368,False,False,,
455,1.951222,603605.0,1898.12893081761,1890.7641509433963,1960.3957898321316,1856.0044791772,0.0562451825015046,0.646633717355952,False,False,,
456,1.9555104,601263.0,1890.7641509433963,1898.12893081761,1967.9136040366911,1856.0044791772,0.0602957191725649,0.834895200086283,False,False,,
457,1.9597988,605392.0,1903.748427672956,1903.748427672956,1973.686135212604,1856.0044791772,0.0634059116536045,0.4506679309665902,False,False,,
458,1.9640872000000005,605789.0,1904.996855345912,1904.996855345912,1975.0875971963476,1856.0044791772,0.0641610078828792,0.3647353531145585,False,False,,
459,1.9683756,607943.0,1911.7704402515724,1909.248427672956,1979.4922038244008,1856.0044791772,0.0665341738301974,0.44474154391468,False,False,,
460,1.972664,607141.0,1909.248427672956,1911.7704402515724,1982.1672506942473,1856.0044791772,0.0679754671567266,0.3277942200168935,False,False,,
461,1.9769524000000005,608703.0,1914.160377358491,1914.160377358491,1984.7102220826168,1856.0044791772,0.0693455992964383,0.2503561267505994,False,False,,
462,1.9812408,609113.0,1915.4496855345913,1915.4496855345913,1986.1525645303896,1856.0044791772,0.0701227215846412,0.2187487409875554,False,False,,
463,1.9855292,610061.0,1918.4308176100628,1917.3364779874216,1988.192391244648,1856.0044791772,0.0712217634981404,0.2065008782631814,False,False,,
464,1.9898176,612558.0,1926.2830188679245,1918.4308176100628,1989.439765119404,1856.0044791772,0.0718938383173288,0.5812459295740542,False,False,,
465,1.994106,609713.0,1917.3364779874216,1926.2830188679245,1997.4450006191355,1856.0044791772,0.0762069935869113,0.7181454124542377,False,False,,
466,1.9983944,617064.0,1940.4528301886792,1929.5566037735848,2000.871619756887,1856.0044791772,0.0780532278908665,0.7456043265437913,False,False,,
467,2.0026828,613599.0,1929.5566037735848,1937.8459119496856,2009.3139621557657,1856.0044791772,0.0826018927748119,0.6098901180668257,False,False,,
468,2.0069712,616589.0,1938.9591194968552,1938.9591194968552,2010.580203915003,1856.0044791772,0.0832841334555018,0.1829928798651341,False,False,,
469,2.0112596000000003,618389.0,1944.619496855346,1940.4528301886792,2012.2269488100471,1856.0044791772,0.0841713861068392,0.1156296404391348,False,False,,
470,2.0155480000000003,617077.0,1940.493710691824,1940.493710691824,2012.4208635061675,1856.0044791772,0.0842758657556202,0.2809757693447565,False,False,,
471,2.0198364,616235.0,1937.8459119496856,1944.619496855346,2016.6996838524203,1856.0044791772,0.086581259085355,0.6365588437993441,False,False,,
472,2.0241248,621326.0,1953.8553459119496,1950.3207547169811,2022.5539758874736,1856.0044791772,0.0897355036471183,0.4536311047762531,False,False,,
473,2.0284132,620588.0,1951.5345911949685,1951.5345911949685,2023.9208465291,1856.0044791772,0.0904719623448,0.2070935044072719,False,False,,
474,2.0327016,620202.0,1950.3207547169811,1953.311320754717,2025.8506102427084,1856.0044791772,0.0915117032157186,0.1500026648869354,False,False,,
475,2.0369900000000003,621250.0,1953.6163522012575,1953.6163522012575,2026.3086758328648,1856.0044791772,0.0917585052010023,0.0534025947643765,False,False,,
476,2.0412784000000004,621153.0,1953.311320754717,1953.8553459119496,2026.7007036778589,1856.0044791772,0.0919697265904937,0.2639867928015391,False,False,,
477,2.0455668,623449.0,1960.5314465408808,1957.512578616352,2030.5109705063192,1856.0044791772,0.0940226671255023,0.4386175909347649,False,False,,
478,2.0498552,622489.0,1957.512578616352,1960.5314465408808,2033.6828725451264,1856.0044791772,0.0957316619444229,0.4275550051293049,False,False,,
479,2.0541436,626140.0,1968.993710691824,1964.012578616352,2037.317038725098,1856.0044791772,0.0976897208934954,0.5403538573827849,False,False,,
480,2.0584320000000003,624556.0,1964.012578616352,1968.8270440251572,2042.2845382290895,1856.0044791772,0.1003661689084236,0.3321402107263402,False,False,,
481,2.0627204000000003,630507.0,1982.7264150943397,1968.993710691824,2042.6042389806987,1856.0044791772,0.1005384210528531,0.1156296255787836,False,False,,
482,2.0670088,629055.0,1978.160377358491,1970.361635220126,2044.1251975836983,1856.0044791772,0.1013579010810876,0.2302063932106701,False,False,,
483,2.0712972,626575.0,1970.361635220126,1972.3522012578617,2046.268797687284,1856.0044791772,0.1025128552461423,0.2742591841361363,False,False,,
484,2.0755856,627866.0,1974.4213836477988,1974.4213836477988,2048.491014132361,1856.0044791772,0.1037101672515865,0.384094844033763,False,False,,
485,2.079874,626087.0,1968.8270440251572,1978.160377358491,2052.3830418888797,1856.0044791772,0.1058071599044512,0.4980789732061819,False,False,,
486,2.0841624000000003,627208.0,1972.3522012578617,1982.044025157233,2056.4197237236694,1856.0044791772,0.1079820909889814,0.306064111079376,False,False,,
487,2.0884508000000004,630290.0,1982.044025157233,1982.7264150943397,2057.2551476865797,1856.0044791772,0.1084322105723568,0.2776174637961279,False,False,,
488,2.0927392,631598.0,1986.1572327044023,1986.1572327044023,2060.8389993131323,1856.0044791772,0.1103631604524678,0.3641426776504364,False,False,,
489,2.0970276,634976.0,1996.7798742138364,1988.2169811320755,2063.051781747051,1856.0044791772,0.1115553894900289,0.4623231145117792,False,False,,
490,2.101316,634129.0,1994.1163522012575,1993.2106918238992,2068.1985264353416,1856.0044791772,0.1143284133410125,0.3898236751036208,False,False,,
491,2.1056044000000003,632253.0,1988.2169811320755,1994.1163522012575,2069.257220799853,1856.0044791772,0.1148988291866577,0.2434419743561733,False,False,,
492,2.1098928000000003,635874.0,1999.6037735849056,1996.7798742138364,2072.073776788875,1856.0044791772,0.1164163664666705,0.3639451265243529,False,False,,
493,2.1141812,633841.0,1993.2106918238992,1999.6037735849056,2075.050710127074,1856.0044791772,0.1180203137478317,0.2041302874498995,False,False,,
494,2.1184696,635912.0,1999.7232704402516,1999.7232704402516,2075.323240940236,1856.0044791772,0.1181671511160706,0.2045253784983334,False,False,,
495,2.122758,639602.0,2011.3270440251572,2002.553459119497,2078.3064635665883,1856.0044791772,0.1197744870141362,0.4858310993365631,False,False,,
496,2.1270464,640231.0,2013.3050314465409,2007.1509433962265,2083.056981781111,1856.0044791772,0.1223340272888606,0.5703808516885243,False,False,,
497,2.1313348000000003,641145.0,2016.1792452830189,2011.3270440251572,2087.386116338056,1856.0044791772,0.1246665295028984,0.4058249048798394,False,False,,
498,2.1356232000000004,641084.0,2015.987421383648,2013.3050314465409,2089.5171376776752,1856.0044791772,0.125814706333034,0.3064591885838368,False,False,,
499,2.1399116,636812.0,2002.553459119497,2015.8993710691825,2092.2645112083073,1856.0044791772,0.1272949686715442,0.187733949278428,False,False,,
500,2.1442,638274.0,2007.1509433962265,2015.987421383648,2092.505595420985,1856.0044791772,0.1274248628692051,0.0368086870668307,False,False,,
501,2.1484884,641056.0,2015.8993710691825,2016.1792452830189,2092.8504532092547,1856.0044791772,0.127610669418779,0.0391792396760948,False,False,,
502,2.1527768000000003,641550.0,2017.4528301886792,2016.3050314465409,2093.129273251431,1856.0044791772,0.127760895372059,0.0992332689780948,False,False,,
503,2.1570652000000003,641185.0,2016.3050314465409,2017.4528301886792,2094.430105862445,1856.0044791772,0.1284617733201503,0.0960725292989206,False,False,,
504,2.1613536,641574.0,2017.5283018867924,2017.5283018867924,2094.6586114196543,1856.0044791772,0.12858489024135,0.1910922277390074,False,False,,
505,2.165642,643248.0,2022.7924528301887,2020.188679245283,2097.472022627463,1856.0044791772,0.1301007331390223,0.349919333648927,False,False,,
506,2.1699304,644757.0,2027.5377358490568,2022.7924528301887,2100.228830051907,1856.0044791772,0.1315860783821902,0.2039327252369993,False,False,,
507,2.1742188,646292.0,2032.3647798742136,2023.12893081761,2100.7183418690884,1856.0044791772,0.131849823336835,0.3173242159207259,False,False,,
508,2.1785072000000003,642420.0,2020.188679245283,2027.5377358490568,2105.280180720516,1856.0044791772,0.1343077047172991,0.2961867763042782,False,False,,
509,2.1827956000000004,648531.0,2039.4056603773583,2027.5377358490568,2105.433214530718,1856.0044791772,0.1343901580798416,0.0842197527085435,False,False,,
510,2.187084,645294.0,2029.2264150943397,2028.572327044025,2106.6208395256435,1856.0044791772,0.1350300406923297,0.1253093513366785,False,False,,
511,2.1913724,643355.0,2023.12893081761,2029.2264150943397,2107.427961366602,1856.0044791772,0.135464911324386,0.0603166657193234,False,False,,
512,2.1956608,646298.0,2032.3836477987425,2029.2264150943397,2107.5809951470023,1856.0044791772,0.1355473646708712,0.0192270646047081,False,False,,
513,2.1999492000000003,647774.0,2037.0251572327045,2029.2264150943397,2107.734028917623,1856.0044791772,0.1356298180120876,0.1132590323082265,False,False,,
514,2.2042376000000004,645086.0,2028.572327044025,2030.7232704402516,2109.3839180248424,1856.0044791772,0.1365187647391724,0.0192270621767125,False,False,,
515,2.208526,648436.0,2039.1069182389936,2029.2264150943397,2108.040096429994,1856.0044791772,0.135794724678965,0.0192270609188458,False,False,,
516,2.2128144,644543.0,2026.8647798742136,2030.7232704402516,2109.6899855171896,1856.0044791772,0.1366836713952613,0.1132590285931343,False,False,,
517,2.2171028,646392.0,2032.6792452830189,2030.7232704402516,2109.843019248695,1856.0044791772,0.1367661247154026,0.1019988966345923,False,False,,
518,2.2213912,647865.0,2037.311320754717,2032.0408805031448,2111.3136630333147,1856.0044791772,0.1375584955319169,0.1235314261001434,False,True,425.0,2.0
519,2.2256796000000003,644714.0,2027.4025157232704,2032.3836477987425,2111.80946404086,1856.0044791772,0.1378256290507784,0.0593289250953361,False,False,,
520,2.2299680000000004,641068.0,2015.937106918239,2032.6792452830189,2112.2580952273047,1856.0044791772,0.1380673478566746,-0.0023054759476153,False,False,,
521,2.2342564,645770.0,2030.7232704402516,2032.0408805031448,2111.772764139355,1856.0044791772,0.1378058554446709,-0.0208748155729914,False,False,,
522,2.2385448,643541.0,2023.7138364779871,2032.0408805031448,2111.9257978219657,1856.0044791772,0.1378883087384682,-0.0635447858836286,False,False,,
523,2.2428332,646189.0,2032.0408805031448,2030.7232704402516,2110.7612214314386,1856.0044791772,0.1372608445251041,0.0192270510607102,False,False,,
524,2.2471216000000003,649332.0,2041.9245283018868,2032.0408805031448,2112.231865157385,1856.0044791772,0.1380532153100057,0.0192270498320965,False,False,,
525,2.2514100000000004,647735.0,2036.9025157232704,2030.7232704402516,2111.0672887473,1856.0044791772,0.1374257510861041,-0.1455264431590244,False,False,,
526,2.2556984,649550.0,2042.6100628930817,2029.4182389937107,2109.915290943789,1856.0044791772,0.1368050641123194,-0.0627546062146908,False,False,,
527,2.2599868,651357.0,2048.2924528301887,2029.4182389937107,2110.0683245770397,1856.0044791772,0.136887517379522,0.0192270461170043,False,False,,
528,2.2642752,645355.0,2029.4182389937107,2029.4182389937107,2110.2213582005115,1856.0044791772,0.1369699706414558,0.011720291068439,False,False,,
529,2.2685636,644829.0,2027.7641509433963,2029.2987421383648,2110.254894958859,1856.0044791772,0.1369880399719578,0.0117202898398289,False,False,,
530,2.2728520000000003,645126.0,2028.698113207547,2029.2987421383648,2110.407928562773,1856.0044791772,0.137070493223354,-0.0185042728219073,False,False,,
531,2.2771404000000004,647323.0,2035.6069182389936,2028.698113207547,2109.9603332260904,1856.0044791772,0.1368293325248188,-0.0771754815382603,False,False,,
532,2.2814288,639539.0,2011.12893081761,2027.7641509433963,2109.1794045462957,1856.0044791772,0.1364085745532967,-0.3110701281051486,False,False,,
533,2.2857172,643415.0,2023.317610062893,2023.440251572327,2105.008538749804,1856.0044791772,0.1341613462500865,-0.2601032218484178,False,False,,
534,2.2900056,643454.0,2023.440251572327,2023.317610062893,2105.038930804703,1856.0044791772,0.1341777212401471,-0.2130872386255777,False,False,,
535,2.2942940000000003,645317.0,2029.2987421383648,2019.74213836478,2101.6164926616093,1856.0044791772,0.1323337396218426,-0.2674124319724402,False,False,,
536,2.2985824000000004,641904.0,2018.566037735849,2018.754716981132,2100.782104822737,1856.0044791772,0.1318841782936059,-0.047543564766201,False,False,,
537,2.3028708,642278.0,2019.74213836478,2018.6792452830189,2100.8596666596195,1856.0044791772,0.1319259679755558,0.0073742645829071,False,False,,
538,2.3071592,641331.0,2016.7641509433963,2018.566037735849,2100.899492637667,1856.0044791772,0.1319474258860806,-0.0212699288242408,False,False,,
539,2.3114476,641015.0,2015.7704402515724,2018.0345911949685,2100.5210796126908,1856.0044791772,0.1317435400500161,-0.0141582685391981,False,False,,
540,2.315736,641964.0,2018.754716981132,2018.0345911949685,2100.6741131183503,1856.0044791772,0.1318259932484736,-0.0605816157890402,False,False,,
541,2.3200244000000003,641940.0,2018.6792452830189,2016.7641509433963,2099.5567063626586,1856.0044791772,0.1312239436477166,-0.1230062014446193,False,False,,
542,2.3243128000000004,637721.0,2005.4119496855344,2015.7704402515724,2098.716029156471,1856.0044791772,0.1307709936599233,-0.418930340103012,False,False,,
543,2.3286012,637304.0,2004.1006289308175,2009.7893081761008,2092.887930557322,1856.0044791772,0.1276308619067215,-0.4047070182750403,False,False,,
544,2.3328896,638190.0,2006.8867924528304,2009.0220125786163,2092.273668426382,1856.0044791772,0.1272999025055824,-0.1631080741921238,False,False,,
545,2.337178,641735.0,2018.0345911949685,2006.8867924528304,2090.291481757361,1856.0044791772,0.1262319165759905,-0.2075559599104206,False,False,,
546,2.3414664000000003,639113.0,2009.7893081761008,2005.4119496855344,2088.969672436586,1856.0044791772,0.1255197365486227,-0.1557988690118037,False,False,,
547,2.3457548000000004,634263.0,1994.5377358490568,2004.1006289308175,2087.8113851190765,1856.0044791772,0.12489566083625,-0.2354099699628573,False,False,,
548,2.3500432,638869.0,2009.0220125786163,2001.3584905660375,2085.222280181259,1856.0044791772,0.1235006723182454,-0.5453598855246202,False,False,,
549,2.3543316,634446.0,1995.1132075471696,1995.1132075471696,2079.130030579575,1856.0044791772,0.1202182181700824,-0.4092505871985139,False,False,,
550,2.35862,636432.0,2001.3584905660375,1994.5377358490568,2078.7075922893328,1856.0044791772,0.1199906118819611,-0.1506626739441507,False,False,,
551,2.3629084,631670.0,1986.3836477987425,1992.4088050314465,2076.7316948693488,1856.0044791772,0.1189260145481982,-0.4226837280997308,False,False,,
552,2.3671968000000003,631737.0,1986.5943396226417,1987.503144654088,2071.979067879837,1856.0044791772,0.1163653380827952,-0.3460358219033015,False,False,,
553,2.3714852000000004,633586.0,1992.4088050314465,1986.5943396226417,2071.223296226459,1856.0044791772,0.1159581345108979,-0.0510994164679292,False,False,,
554,2.3757736,632026.0,1987.503144654088,1986.3836477987425,2071.1656377708496,1856.0044791772,0.115927068607633,-0.2460774708921036,False,False,,
555,2.380062,630199.0,1981.75786163522,1982.37106918239,2067.306092512542,1856.0044791772,0.1138475772585504,-0.271363379724896,False,False,,
556,2.3843504,630394.0,1982.37106918239,1981.75786163522,2066.845918314104,1856.0044791772,0.1135996391724085,-0.4141892496569852,False,False,,
557,2.3886388000000003,628200.0,1975.4716981132076,1975.4716981132076,2060.7127881310444,1856.0044791772,0.1102951589020923,-0.4963684506283563,False,False,,
558,2.3929272000000004,627589.0,1973.5503144654087,1973.5503144654087,2058.9444378119533,1856.0044791772,0.1093423862450592,-0.270573198798127,False,False,,
559,2.3972156,626733.0,1970.8584905660375,1970.8584905660375,2056.4056472319776,1856.0044791772,0.1079745066906406,-0.3900886226869016,False,False,,
560,2.401504,623696.0,1961.308176100629,1967.0345911949685,2052.734781170059,1856.0044791772,0.1059966741459982,-0.4570567698358427,False,False,,
561,2.4057924,625517.0,1967.0345911949685,1963.2767295597484,2049.1299528346763,1856.0044791772,0.1040544221871125,-0.3405045407016231,False,False,,
562,2.4100808,621423.0,1954.160377358491,1961.308176100629,2047.3144326651493,1856.0044791772,0.1030762348013084,-0.5534592950631279,False,False,,
563,2.4143692000000003,624322.0,1963.2767295597484,1954.160377358491,2040.3196672028248,1856.0044791772,0.099307512505215,-0.6828520266098081,False,False,,
564,2.4186576000000004,620142.0,1950.132075471698,1950.132075471698,2036.444398586067,1856.0044791772,0.0972195495394813,-0.274524129262172,False,False,,
565,2.422946,619363.0,1947.682389937107,1949.4842767295595,2035.9496331041848,1856.0044791772,0.096952973953359,-0.1346614540553705,False,False,,
566,2.4272344,617259.0,1941.066037735849,1947.682389937107,2034.3007795622093,1856.0044791772,0.0960645851803392,-0.2000492319790741,False,False,,
567,2.4315228,618826.0,1945.993710691824,1945.993710691824,2032.7651335576245,1856.0044791772,0.0952371917005209,-0.2559547945804716,False,False,,
568,2.4358112000000003,619936.0,1949.4842767295595,1943.301886792453,2030.2263428887072,1856.0044791772,0.0938693120981814,-0.2903278264584674,False,False,,
569,2.4400996000000004,617970.0,1943.301886792453,1941.066037735849,2028.143527053244,1856.0044791772,0.0927471079985519,-0.3418873736611747,False,False,,
570,2.444388,616142.0,1937.553459119497,1937.553459119497,2024.7839816477876,1856.0044791772,0.0909370124717644,-0.8561000115583415,False,False,,
571,2.4486764,612666.0,1926.622641509434,1927.132075471698,2014.5156312015715,1856.0044791772,0.0854045094194182,-0.6674434365216779,False,False,,
572,2.4529648,612828.0,1927.132075471698,1926.622641509434,2014.1592304306455,1856.0044791772,0.0852124836054051,-0.1154994858286553,False,False,,
573,2.4572532,608456.0,1913.3836477987425,1924.987421383648,2012.6770434868845,1856.0044791772,0.0844138934293629,-0.7099158619077421,False,False,,
574,2.4615416000000003,612146.0,1924.987421383648,1915.0157232704405,2002.8583785454573,1856.0044791772,0.0791236772409947,-0.7097183170124453,False,False,,
575,2.4658300000000004,608975.0,1915.0157232704405,1913.3836477987425,2001.3793362357608,1856.0044791772,0.0783267813680105,-0.2812407120427913,False,False,,
576,2.4701184,606173.0,1906.2044025157231,1910.232704402516,1998.381425991757,1856.0044791772,0.0767115319019462,-0.4317708819772985,False,False,,
577,2.4744068,607454.0,1910.232704402516,1906.2044025157231,1994.5061572474085,1856.0044791772,0.0746235688674677,-0.487083806089954,False,False,,
578,2.4786952,601213.0,1890.6069182389936,1902.1729559748428,1990.6277438391928,1856.0044791772,0.0725339115138738,-0.9481565287878242,False,False,,
579,2.4829836000000003,604891.0,1902.1729559748428,1890.8050314465409,1979.4128524337768,1856.0044791772,0.0664914199513601,-0.7073477693468728,False,False,,
580,2.4872720000000004,599689.0,1885.814465408805,1890.6069182389936,1979.367772338871,1856.0044791772,0.0664671311657395,-0.2942787643235141,False,False,,
581,2.4915604,601276.0,1890.8050314465409,1885.814465408805,1974.7283526120104,1856.0044791772,0.0639674498455105,-0.3308248038862498,False,False,,
582,2.4958488,599441.0,1885.0345911949685,1885.0345911949685,1974.1015114912575,1856.0044791772,0.0636297129877682,-0.439277643198193,False,False,,
583,2.5001372,597368.0,1878.5157232704405,1878.5157232704405,1967.7356766504995,1856.0044791772,0.0601998533553282,-0.5765722208711619,False,False,,
584,2.5044256000000003,596425.0,1875.5503144654087,1875.5503144654087,1964.923300918994,1856.0044791772,0.0586845683638003,-0.5518789529551116,False,False,,
585,2.5087140000000003,592469.0,1863.1100628930817,1869.4245283018868,1958.9505478196847,1856.0044791772,0.0554664979516227,-0.6229955693496185,False,False,,
586,2.5130024000000004,594477.0,1869.4245283018868,1865.3270440251572,1955.0060965964576,1856.0044791772,0.0533412599646024,-0.3774457022036559,False,False,,
587,2.5172908,593174.0,1865.3270440251572,1863.1100628930817,1952.942148509037,1856.0044791772,0.0522292216529624,-0.2942787729237723,False,False,,
588,2.5215792,591587.0,1860.3364779874216,1860.3364779874216,1950.321596637787,1856.0044791772,0.0508172897849899,-0.4295978890944045,False,False,,
589,2.5258676,590197.0,1855.9654088050315,1855.9654088050315,1946.1035604800288,1856.0044791772,0.0485446464777774,-0.6387992665459068,False,False,,
590,2.5301560000000003,587906.0,1848.761006289308,1849.861635220126,1940.1528199095096,1856.0044791772,0.0453384362356788,-0.4333512684908873,False,False,,
591,2.5344444000000004,588256.0,1849.861635220126,1848.761006289308,1939.2052239837656,1856.0044791772,0.0448278793181847,-0.7496226608952625,False,False,,
592,2.5387328,584364.0,1837.622641509434,1837.622641509434,1928.2198921991865,1856.0044791772,0.0389090725977131,-1.3752513291731598,False,False,,
593,2.5430212,578926.0,1820.5220125786163,1826.562893081761,1917.3131767570296,1856.0044791772,0.0330326237181327,-0.7484373864626996,False,False,,
594,2.5473096,580847.0,1826.562893081761,1825.4025157232704,1916.30583237381,1856.0044791772,0.0324898748214997,-0.1245866360496616,False,False,,
595,2.5515980000000003,580478.0,1825.4025157232704,1824.2735849056603,1915.3299345216924,1856.0044791772,0.031964069058062,-0.2873646674506669,False,False,,
596,2.5558864000000003,576979.0,1814.3993710691825,1820.5220125786163,1911.7313951508277,1856.0044791772,0.0300252055417088,-0.6010679598931516,False,False,,
597,2.5601748000000004,575979.0,1811.254716981132,1814.3993710691825,1905.7617865873283,1856.0044791772,0.0268088293796503,-0.5629415535624012,False,False,,
598,2.5644632,580119.0,1824.2735849056603,1811.254716981132,1902.7701654358996,1856.0044791772,0.0251969684251148,-0.5951415777556566,False,False,,
599,2.5687516,573441.0,1803.2735849056603,1804.619496855346,1896.2879782364903,1856.0044791772,0.0217044190955555,-0.4821451794367766,False,False,,
600,2.57304,573869.0,1804.619496855346,1803.2735849056603,1895.095099202937,1856.0044791772,0.0210617056501213,-0.1640958740820526,False,False,,
601,2.5773284000000003,572941.0,1801.7012578616352,1801.7012578616352,1893.675805065731,1856.0044791772,0.0202970016027286,-0.3503818977087838,False,False,,
602,2.5816168000000004,570207.0,1793.1037735849056,1797.3899371069183,1889.5175172080544,1856.0044791772,0.0180565501898526,-0.5208642291122241,False,False,,
603,2.5859052,571570.0,1797.3899371069183,1793.1037735849056,1885.3843865733031,1856.0044791772,0.015829653282479,-0.4552789075218555,False,False,,
604,2.5901936,568947.0,1789.1415094339625,1789.8364779874214,1882.2701238528357,1856.0044791772,0.0141517140558193,-0.2296812018447431,False,False,,
605,2.594482,569168.0,1789.8364779874214,1789.1415094339625,1881.72818816708,1856.0044791772,0.0138597235504969,-0.0789534881850531,False,False,,
606,2.5987704000000003,568671.0,1788.2735849056603,1788.2735849056603,1881.0132964967029,1856.0044791772,0.0134745457783538,-0.6261563336887634,False,False,,
607,2.6030588000000003,565242.0,1777.4905660377358,1778.867924528302,1871.760668967025,1856.0044791772,0.0084893059077151,-0.658158811728871,False,False,,
608,2.6073472000000004,565680.0,1778.867924528302,1777.4905660377358,1870.5363433148257,1856.0044791772,0.0078296492819175,-0.3045511988058716,False,False,,
609,2.6116356,564041.0,1773.7138364779871,1773.7138364779871,1866.9126465831991,1856.0044791772,0.0058772311857971,-0.6549980757648493,False,False,,
610,2.615924,561829.0,1766.75786163522,1766.75786163522,1860.1097045587755,1856.0044791772,0.0022118617856975,-0.9149688145485132,False,False,,
611,2.6202124,559312.0,1758.8427672955977,1758.8427672955977,1852.3476430277176,1856.0044791772,-0.0019702733428227,-0.4821451942093717,False,False,,
612,2.6245008000000003,559291.0,1758.7767295597484,1758.7767295597484,1852.4346380906543,1856.0044791772,-0.0019234011159974,-0.0625571661317758,False,False,,
613,2.6287892000000004,558898.0,1757.5408805031448,1757.5408805031448,1851.3518218230577,1856.0044791772,-0.0025068136453017,-0.3219352664560277,False,False,,
614,2.6330776,556975.0,1751.493710691824,1753.3459119496856,1847.3098860488265,1856.0044791772,-0.0046845755093372,-0.3606543137327401,False,False,,
615,2.637366,555216.0,1745.9622641509434,1751.493710691824,1845.610717559948,1856.0044791772,-0.0056000735633244,-0.4380924069990024,False,False,,
616,2.6416544,557564.0,1753.3459119496856,1746.066037735849,1840.3360773636432,1856.0044791772,-0.0084420064656863,-0.3241082778265706,False,False,,
617,2.6459428000000003,555249.0,1746.066037735849,1746.0283018867924,1840.451374264478,1856.0044791772,-0.0083798854405874,0.0127079120488495,False,False,,
618,2.6502312000000003,551301.0,1733.6509433962265,1745.9622641509434,1840.5383692682756,1856.0044791772,-0.0083330132456257,-0.3126506034591698,False,False,,
619,2.6545196000000004,555237.0,1746.0283018867924,1740.745283018868,1835.474420866068,1856.0044791772,-0.0110614271363361,-0.754166256965253,False,False,,
620,2.658808,551149.0,1733.1729559748428,1733.6509433962265,1828.5331139639811,1856.0044791772,-0.014801346398365,-0.4564642053857564,False,False,,
621,2.6630964,548785.0,1725.7389937106918,1733.1729559748428,1828.2081592529075,1856.0044791772,-0.0149764293330881,-0.0509019542115314,False,False,,
622,2.6673848,550482.0,1731.0754716981132,1732.5345911949685,1827.7228271735644,1856.0044791772,-0.0152379222792465,-0.1125363552252294,False,False,,
623,2.6716732000000003,553557.0,1740.745283018868,1731.0754716981132,1826.4167403674617,1856.0044791772,-0.0159416311445839,-0.4076703092416625,False,False,,
624,2.6759616000000004,547901.0,1722.9591194968552,1725.7389937106918,1821.233295061479,1856.0044791772,-0.0187344289875504,-0.3160088954345075,False,False,,
625,2.68025,546699.0,1719.1792452830189,1725.7389937106918,1821.386327732208,1856.0044791772,-0.0186519762389468,0.0192269252156322,False,False,,
626,2.6845384,547824.0,1722.7169811320755,1725.7389937106918,1821.5393603936236,1856.0044791772,-0.018569523495361,0.0192269240162707,False,False,,
627,2.6888268,548021.0,1723.3364779874214,1725.7389937106918,1821.6923930452604,1856.0044791772,-0.018487070757044,0.0192269227584054,False,False,,
628,2.6931152000000003,550946.0,1732.5345911949685,1725.7389937106918,1821.8454256866528,1856.0044791772,-0.0184046180242467,0.163830705640978,False,False,,
629,2.6974036000000003,545894.0,1716.6477987421383,1728.0408805031448,1824.3003451111845,1856.0044791772,-0.0170819275609025,0.1638307044416171,False,False,,
630,2.7016920000000004,544658.0,1712.7610062893082,1728.0408805031448,1824.4533777334848,1856.0044791772,-0.0169994748383918,0.0192269190725666,False,False,,
631,2.7059804,548526.0,1724.9245283018868,1728.0408805031448,1824.60641034554,1856.0044791772,-0.0169170221214009,0.0670330868787769,False,False,,
632,2.7102688,552629.0,1737.8270440251572,1728.801886792453,1825.520449237125,1856.0044791772,-0.0164245454588499,0.3015203694479267,False,False,,
633,2.7145572,549517.0,1728.0408805031448,1732.5345911949685,1829.4061862321385,1856.0044791772,-0.0143309422167198,0.5861843749483084,False,False,,
634,2.7188456000000003,549759.0,1728.801886792453,1737.8270440251572,1834.8516716455115,1856.0044791772,-0.0113969593117932,1.233938209922652,False,False,,
635,2.7231340000000004,557095.0,1751.87106918239,1751.87106918239,1849.048729375684,1856.0044791772,-0.003747700977855,1.0282926631987137,False,False,,
636,2.7274224,557737.0,1753.8899371069183,1753.8899371069183,1851.220629862908,1856.0044791772,-0.0025774987980701,0.2961866183982476,False,False,,
637,2.7317108,559939.0,1760.814465408805,1756.2798742138364,1853.763599523674,1856.0044791772,-0.001207367589177,0.4542235396955021,False,False,,
638,2.7359992,558497.0,1756.2798742138364,1760.814465408805,1858.4512232617803,1856.0044791772,0.0013182856571903,0.4030590847698954,False,False,,
639,2.7402876000000003,563505.0,1772.0283018867924,1762.3899371069183,1860.179727493718,1856.0044791772,0.0022495895690774,0.6970077594686559,False,False,,
640,2.7445760000000003,560440.0,1762.3899371069183,1771.6037735849056,1869.546596495751,1856.0044791772,0.0072963818086012,0.6247058661551973,False,False,,
641,2.7488644000000004,563370.0,1771.6037735849056,1772.0283018867924,1870.1241573114387,1856.0044791772,0.0076075668419174,0.1796343818338543,False,False,,
642,2.7531528,564182.0,1774.1572327044023,1774.1572327044023,1872.406120633071,1856.0044791772,0.0088370699747136,1.2149737693321114,False,False,,
643,2.7574412,569558.0,1791.062893081761,1791.062893081761,1889.4648135051384,1856.0044791772,0.0180281538667255,1.3779493444583395,False,False,,
644,2.7617296,573498.0,1803.4528301886792,1795.7861635220129,1894.3411164298543,1856.0044791772,0.0206554659122642,0.7975587452241686,False,False,,
645,2.7660180000000003,571060.0,1795.7861635220129,1803.4528301886792,1902.1608155712065,1856.0044791772,0.0248686557127643,0.7141942673924091,False,False,,
646,2.7703064000000004,574578.0,1806.8490566037735,1806.8490566037735,1905.7100744516729,1856.0044791772,0.0267809673048355,0.4447413132572135,False,False,,
647,2.7745948,577039.0,1814.5880503144656,1810.2264150943397,1909.2404653973667,1856.0044791772,0.0286831130083086,0.5053879810186412,False,False,,
648,2.7788832,575652.0,1810.2264150943397,1814.5880503144656,1913.7551330628412,1856.0044791772,0.0311155789404361,0.4814848952579695,False,False,,
649,2.7831716,577992.0,1817.5849056603777,1817.5849056603777,1916.9050208443232,1856.0044791772,0.0328127126579573,0.3771805251330313,False,False,,
650,2.7874600000000003,579343.0,1821.8333333333333,1820.2861635220129,1919.759311131284,1856.0044791772,0.0343505808683971,0.2861117472988623,False,False,,
651,2.7917484000000004,578851.0,1820.2861635220129,1821.8333333333333,1921.4595133586165,1856.0044791772,0.0352666358921902,0.5215867606630651,False,False,,
652,2.7960368000000004,581394.0,1828.2830188679245,1828.2830188679245,1928.062231299441,1856.0044791772,0.0388241261972522,0.5069683441008133,False,False,,
653,2.8003252,581812.0,1829.5974842767296,1829.5974842767296,1929.5297291047004,1856.0044791772,0.0396148019858742,0.1148392288256241,False,False,,
654,2.8046136,584767.0,1838.8899371069183,1829.8050314465409,1929.8903086607215,1856.0044791772,0.0398090792950437,0.534822349180267,False,False,,
655,2.808902,581878.0,1829.8050314465409,1837.8050314465409,1938.0433410371525,1856.0044791772,0.0442018663103236,0.5899377246825619,False,False,,
656,2.8131904000000003,589899.0,1855.0283018867924,1838.8899371069183,1939.281279064182,1856.0044791772,0.0448688571721012,0.7637783382616652,False,False,,
657,2.8174788000000004,588543.0,1850.7641509433963,1849.6572327044023,1950.201607019005,1856.0044791772,0.0507526403619264,0.7651611601051309,False,False,,
658,2.8217672,584422.0,1837.8050314465409,1850.7641509433963,1951.461557605093,1856.0044791772,0.0514314914100912,0.1452613302395313,False,False,,
659,2.8260556,588829.0,1851.6635220125784,1851.6635220125784,1952.5139610115907,1856.0044791772,0.0519985177391248,0.1205680598662324,False,False,,
660,2.830344,589056.0,1852.377358490566,1852.377358490566,1953.3808298171143,1856.0044791772,0.0524655795459519,0.2306012659462721,False,False,,
661,2.8346324000000003,588191.0,1849.6572327044023,1855.0283018867924,1956.1848055310984,1856.0044791772,0.0539763386768928,0.3153485643929201,False,False,,
662,2.8389208000000004,590555.0,1857.0911949685535,1857.0911949685535,1958.4007309203728,1856.0044791772,0.0551702611130372,0.3238430477500609,False,False,,
663,2.8432092000000004,591441.0,1859.877358490566,1859.877358490566,1961.339926740585,1856.0044791772,0.0567538757288356,0.3086319927575891,False,False,,
664,2.8474976,592020.0,1861.698113207547,1861.698113207547,1963.3137137459871,1856.0044791772,0.0578173359885204,0.3283866068154717,False,False,,
665,2.851786,593006.0,1864.7987421383648,1864.7987421383648,1966.5673749549812,1856.0044791772,0.0595703819781705,0.4170848283545032,False,False,,
666,2.8560744,594176.0,1868.4779874213837,1868.0314465408808,1969.95311162636,1856.0044791772,0.0613945891443514,0.2503558738610785,False,False,,
667,2.8603628000000003,594034.0,1868.0314465408808,1868.4779874213837,1970.552684765482,1856.0044791772,0.0617176342371022,0.6059389482864335,False,False,,
668,2.8646512000000004,597268.0,1878.2012578616352,1877.37106918239,1979.598798775328,1856.0044791772,0.0665916063160146,0.6300395777722549,False,False,,
669,2.8689396,598215.0,1881.1792452830189,1878.2012578616352,1980.5820196940997,1856.0044791772,0.0671213576877396,0.2584552624546932,False,False,,
670,2.873228,597004.0,1877.37106918239,1881.1792452830189,1983.713039344765,1856.0044791772,0.0688083254110361,0.3011252302788172,False,False,,
671,2.8775164,598695.0,1882.688679245283,1882.688679245283,1985.3755055265328,1856.0044791772,0.069704048562795,0.4674590900086883,False,False,,
672,2.8818048000000003,600988.0,1889.8993710691825,1888.314465408805,1991.1543238997788,1856.0044791772,0.0728176285342226,0.3979228428394297,False,False,,
673,2.8860932000000004,600484.0,1888.314465408805,1888.7169811320755,1991.7098718225288,1856.0044791772,0.0731169532012603,0.0810588119464306,False,False,,
674,2.8903816000000004,600612.0,1888.7169811320755,1889.2987421383648,1992.4446650189848,1856.0044791772,0.0735128537525248,0.0935042183959851,False,False,,
675,2.89467,604023.0,1899.4433962264152,1889.8993710691825,1993.1983261301896,1856.0044791772,0.0739189201815989,0.2608258088916493,False,False,,
676,2.8989584,602020.0,1893.1446540880504,1893.1446540880504,1996.5966413196663,1856.0044791772,0.0757499045502268,0.6187794371549113,False,False,,
677,2.9032468,600797.0,1889.2987421383648,1899.4433962264152,2003.0484156183952,1856.0044791772,0.0792260676581892,0.4170848135526253,False,False,,
678,2.9075352000000003,604664.0,1901.4591194968552,1899.4779874213837,2003.2360389644143,1856.0044791772,0.079327157579105,0.0389814751808401,False,False,,
679,2.9118236000000004,606369.0,1906.8207547169811,1899.75786163522,2003.6689453190572,1856.0044791772,0.0795604039745203,0.1436809350963894,False,False,,
680,2.916112,605131.0,1902.927672955975,1901.4591194968552,2005.52323531172,1856.0044791772,0.0805594802232396,0.21835337976127,False,False,,
681,2.9204004,606137.0,1906.0911949685535,1902.927672955975,2007.144820892088,1856.0044791772,0.0814331772420567,0.3102123397800653,False,False,,
682,2.9246888,604123.0,1899.75786163522,1906.0911949685535,2010.461375016602,1856.0044791772,0.0832201094190653,0.2637889925594567,False,False,,
683,2.9289772000000003,607981.0,1911.8899371069183,1906.8207547169811,2011.3439668667204,1856.0044791772,0.0836956426734407,0.171139845470801,False,False,,
684,2.9332656000000004,604034.0,1899.4779874213837,1908.509433962264,2013.1856782039151,1856.0044791772,0.0846879416456993,0.2041300517902211,False,False,,
685,2.9375540000000004,608778.0,1914.3962264150944,1909.7641509433963,2014.5934272667148,1856.0044791772,0.0854464253016351,0.2315889658504915,False,False,,
686,2.9418424,608615.0,1913.8836477987425,1911.8899371069183,2016.8722455025909,1856.0044791772,0.0866742338880057,0.2780123106431027,False,False,,
687,2.9461308,607305.0,1909.7641509433963,1913.8836477987425,2019.01898825699,1856.0044791772,0.0878308812875588,0.1624478097881638,False,False,,
688,2.9504192,606906.0,1908.509433962264,1914.169811320755,2019.4581838313331,1856.0044791772,0.0880675162629969,0.051426870485125,False,False,,
689,2.9547076000000003,610730.0,1920.5345911949685,1914.3962264150944,2019.8376309686903,1856.0044791772,0.0882719592703356,0.1667938227296588,False,False,,
690,2.9589960000000004,609453.0,1916.518867924528,1916.518867924528,2022.113304511363,1856.0044791772,0.0894980735217846,0.2442319135094859,False,False,,
691,2.9632844,611993.0,1924.506289308176,1917.9779874213837,2023.725456031212,1856.0044791772,0.0903666875461237,0.2061055046922604,False,False,,
692,2.9675728,609917.0,1917.9779874213837,1919.493710691824,2025.3942113148676,1856.0044791772,0.0912657992144292,0.1798318650936945,False,False,,
693,2.9718612,608706.0,1914.169811320755,1920.5345911949685,2026.5881238214483,1856.0044791772,0.0919090694866593,0.0972575718453097,False,False,,
694,2.9761496000000003,610794.0,1920.7358490566037,1920.7358490566037,2026.942413676741,1856.0044791772,0.092099957956632,0.0330550708405734,False,False,,
695,2.9804380000000004,612712.0,1926.767295597484,1920.754716981132,2027.114313585148,1856.0044791772,0.0921925762182448,0.0609090772071372,False,False,,
696,2.9847264000000004,613561.0,1929.437106918239,1921.3993710691825,2027.9119996472975,1856.0044791772,0.0926223629300222,0.0662428221137787,False,False,,
697,2.9890148,610800.0,1920.754716981132,1921.503144654088,2028.168805196524,1856.0044791772,0.0927607276549502,0.1586944205628011,False,False,,
698,2.9933032,611763.0,1923.7830188679245,1923.619496855346,2030.4381893523237,1856.0044791772,0.0939834532363053,0.1521753962507368,False,False,,
699,2.9975916,610399.0,1919.493710691824,1923.619496855346,2030.591221296621,1856.0044791772,0.0940659055935136,0.0294992339114141,False,False,,
700,3.0018800000000003,611005.0,1921.3993710691825,1923.7830188679245,2030.9077752441835,1856.0044791772,0.0942364622657167,0.2169705320291246,False,False,,
701,3.0061684000000004,611711.0,1923.619496855346,1926.767295597484,2034.0450838984827,1856.0044791772,0.095926818452621,0.3281890150281139,False,False,,
702,3.0104568,611038.0,1921.503144654088,1928.7012578616352,2036.13207807806,1856.0044791772,0.0970512738098098,0.186943514291995,False,False,,
703,3.0147452,613663.0,1929.75786163522,1929.437106918239,2037.0209590398456,1856.0044791772,0.0975301955860005,0.085602336464392,False,False,,
704,3.0190336,613789.0,1930.1540880503144,1929.75786163522,2037.4947456522293,1856.0044791772,0.0977854679291976,0.0642673507240445,False,False,,
705,3.0233220000000003,613966.0,1930.7106918238992,1930.1540880503144,2038.0440039534133,1856.0044791772,0.0980814037996905,0.0790833109822415,False,False,,
706,3.0276104000000004,615487.0,1935.493710691824,1930.7106918238992,2038.7536396028431,1856.0044791772,0.0984637496708301,0.0541924944265499,False,False,,
707,3.0318988000000004,616924.0,1940.012578616352,1930.7106918238992,2038.9066714689095,1856.0044791772,0.0985462019858881,0.0192268240890793,False,False,,
708,3.0361872,613327.0,1928.7012578616352,1930.7106918238992,2039.0597033251968,1856.0044791772,0.0986286542956773,0.0508342073656287,False,False,,
709,3.0404756,614309.0,1931.7893081761008,1931.2138364779871,2039.715879825793,1856.0044791772,0.0989821968156217,0.0840219598674618,False,False,,
710,3.044764,617570.0,1942.044025157233,1931.74213836478,2040.3972135493152,1856.0044791772,0.0993492938410686,0.0524145741044321,False,False,,
711,3.0490524000000003,616208.0,1937.761006289308,1931.74213836478,2040.5502453758,1856.0044791772,0.0994317461348006,0.0221900114427224,False,False,,
712,3.0533408000000004,614126.0,1931.2138364779871,1931.7893081761008,2040.7504470042925,1856.0044791772,0.0995396131312106,0.0699961792781973,False,False,,
713,3.0576292,614294.0,1931.74213836478,1932.5503144654087,2041.664485100528,1856.0044791772,0.1000320893652337,0.019226816658902,False,False,,
714,3.0619176,613445.0,1929.072327044025,1931.7893081761008,2041.056510608368,1856.0044791772,0.0997045176923305,-0.0285793536045453,False,False,,
715,3.066206,613139.0,1928.1100628930817,1931.7893081761008,2041.209542396203,1856.0044791772,0.0997869699652383,0.0192268142309206,False,False,,
716,3.0704944000000003,614731.0,1933.1163522012575,1931.7893081761008,2041.3625741737935,1856.0044791772,0.0998694222326263,0.0162636207049562,False,False,,
717,3.0747828000000004,615135.0,1934.3867924528304,1931.74213836478,2041.4684361307504,1856.0044791772,0.0999264597873005,-0.0169241342541042,False,False,,
718,3.0790712000000005,612651.0,1926.5754716981132,1931.2138364779871,2041.0931660019903,1856.0044791772,0.0997242673179557,-0.148489873544042,False,False,,
719,3.0833596,614989.0,1933.927672955975,1929.072327044025,2039.104688315816,1856.0044791772,0.0986528918398881,-0.1617254670341879,False,False,,
720,3.087648,614551.0,1932.5503144654087,1928.3333333333333,2038.5187263435992,1856.0044791772,0.098337180332297,-0.0412223148075483,False,False,,
721,3.0919364000000003,612525.0,1926.1792452830189,1928.1100628930817,2038.448487632044,1856.0044791772,0.0982993362902467,0.0052010299558169,False,False,,
722,3.0962248000000003,614749.0,1933.1729559748428,1928.1100628930817,2038.601519350961,1856.0044791772,0.0983817885260221,-0.054655455679466,False,False,,
723,3.1005132000000004,610437.0,1919.6132075471696,1926.933962264151,2037.578450431169,1856.0044791772,0.0978305673779751,-0.0546554569373292,False,False,,
724,3.1048016,613210.0,1928.3333333333333,1926.933962264151,2037.7314821300624,1856.0044791772,0.0979130196029619,0.0192268031148969,False,False,,
725,3.10909,610986.0,1921.339622641509,1926.933962264151,2037.884513819643,1856.0044791772,0.0979954718229309,0.0192268018862833,False,False,,
726,3.1133784,612765.0,1926.933962264151,1926.933962264151,2038.037545498979,1856.0044791772,0.0980779240373802,-0.0281842761293464,False,False,,
727,3.1176668000000003,611561.0,1923.1477987421383,1926.1792452830189,2037.435860187404,1856.0044791772,0.0977537409234247,-0.2186187689723944,False,False,,
728,3.1219552000000004,610113.0,1918.5943396226417,1923.1477987421383,2034.5574453067672,1856.0044791772,0.0962028745796578,-0.2223721471109989,False,False,,
729,3.1262436000000005,616676.0,1939.232704402516,1922.3333333333333,2033.8960115479615,1856.0044791772,0.0958464994920831,-0.031937656725173,False,False,,
730,3.130532,610681.0,1920.380503144654,1922.3333333333333,2034.049043188182,1856.0044791772,0.0959289516854573,0.0192267957139637,False,False,,
731,3.1348204,616703.0,1939.317610062893,1922.3333333333333,2034.2020748186235,1856.0044791772,0.0960114038735626,0.0059912022238215,False,False,,
732,3.1391088000000003,614807.0,1933.3553459119496,1922.122641509434,2034.144414615387,1856.0044791772,0.0959803370286905,0.0059912009659566,False,False,,
733,3.1433972000000003,611302.0,1922.3333333333333,1922.122641509434,2034.297446225805,1856.0044791772,0.0960627892060074,-0.036678769344661,False,False,,
734,3.1476856000000004,610952.0,1921.232704402516,1921.232704402516,2033.5605407199916,1856.0044791772,0.0956657505597752,-0.0902137780496659,False,False,,
735,3.151974,609740.0,1917.4213836477988,1920.380503144654,2032.861371053456,1856.0044791772,0.0952890436744311,0.0192267895416371,False,False,,
736,3.1562624,608659.0,1914.0220125786163,1921.232704402516,2033.866603892399,1856.0044791772,0.0958306548883161,0.0192267883130341,False,False,,
737,3.1605508,611520.0,1923.018867924528,1920.380503144654,2033.1674342063056,1856.0044791772,0.0954539479924343,-0.2201991505422817,False,False,,
738,3.1648392000000003,611235.0,1922.122641509434,1917.4213836477988,2030.361346270974,1856.0044791772,0.093942050813945,-0.3802115358283497,False,False,,
739,3.1691276000000004,607562.0,1910.572327044025,1914.0220125786163,2027.115006754002,1856.0044791772,0.0921929496919417,-0.3513697986959982,False,False,,
740,3.1734160000000005,607864.0,1911.5220125786163,1911.5220125786163,2024.768038295968,1856.0044791772,0.0909284223244891,-0.1974813466442846,False,False,,
741,3.1777044,607260.0,1909.622641509434,1910.572327044025,2023.9713842935637,1856.0044791772,0.0904991916780429,-0.040432156112816,False,False,,
742,3.1819928,606142.0,1906.1069182389936,1910.572327044025,2024.124415815972,1856.0044791772,0.0905816438079408,-0.040432157341403,False,False,,
743,3.1862812000000003,611585.0,1923.2232704402516,1909.622641509434,2023.32776179401,1856.0044791772,0.0901524131509571,-0.1153021506166638,False,False,,
744,3.1905696000000003,606257.0,1906.4685534591192,1908.4308176100628,2022.2889693974892,1856.0044791772,0.0895927203225318,-0.1611328593777941,False,False,,
745,3.1948580000000004,606347.0,1906.751572327044,1906.751572327044,2020.7627556075415,1856.0044791772,0.0887704088426457,-0.1040420223439149,False,False,,
746,3.1991464,605912.0,1905.3836477987425,1906.4685534591192,2020.6327682229096,1856.0044791772,0.0887003727052924,-0.0212701854288503,False,False,,
747,3.2034348,606881.0,1908.4308176100628,1906.1069182389936,2020.424164475832,1856.0044791772,0.0885879787162595,-0.0489266480994903,False,False,,
748,3.2077232,600560.0,1888.553459119497,1905.3836477987425,2019.8539254993152,1856.0044791772,0.0882807386298727,-0.7820204236950357,False,False,,
749,3.2120116000000003,608032.0,1912.0503144654087,1893.3522012578617,2007.9755104119251,1856.0044791772,0.0818807459463118,-0.939662255143217,False,False,,
750,3.2163000000000004,601058.0,1890.119496855346,1890.119496855346,2004.8958374535864,1856.0044791772,0.0802214433999602,-0.201234735869658,False,False,,
751,3.2205884000000005,600970.0,1889.8427672955977,1889.8427672955977,2004.7721393277704,1856.0044791772,0.0801547958637049,-0.0791512144762851,False,False,,
752,3.2248768,602086.0,1893.3522012578617,1888.553459119497,2003.6358625758237,1856.0044791772,0.0795425792636401,-0.1870114153288096,False,False,,
753,3.2291652,599926.0,1886.559748427673,1886.559748427673,2001.7951832983745,1856.0044791772,0.0785508363567128,-0.1346616859707232,False,False,,
754,3.2334536000000003,599267.0,1884.487421383648,1886.1037735849056,2001.4922398602027,1856.0044791772,0.0783876129154063,-0.0273941260348991,False,False,,
755,3.2377420000000003,599781.0,1886.1037735849056,1885.817610062893,2001.359107733007,1856.0044791772,0.0783158824165367,-0.0823119578412434,False,False,,
756,3.2420304000000004,597790.0,1879.8427672955977,1884.487421383648,2000.1819504388,1856.0044791772,0.0776816397153935,-0.3561109273459806,False,False,,
757,3.2463188,595353.0,1872.1792452830189,1879.8427672955977,1995.6903277260087,1856.0044791772,0.0752615902148759,-0.3335906671146738,False,False,,
758,3.2506072,599690.0,1885.817610062893,1878.87106918239,1994.8716609782816,1856.0044791772,0.0748204992816847,-0.4621932140779208,False,False,,
759,3.2548956,592106.0,1861.9685534591192,1872.1792452830189,1988.332868434146,1856.0044791772,0.0712974514563724,-0.5129625766679773,False,False,,
760,3.2591840000000003,597481.0,1878.87106918239,1870.3993710691825,1986.706025566232,1856.0044791772,0.0704209218541187,-0.6222056005633512,False,False,,
761,3.2634724000000004,594787.0,1870.3993710691825,1861.9685534591192,1978.4282392923128,1856.0044791772,0.0659609184614605,-0.6911492092731182,False,False,,
762,3.2677608000000005,590494.0,1856.8993710691825,1859.0911949685535,1975.703912127646,1856.0044791772,0.064493073316025,-0.2488433736116899,False,False,,
763,3.2720492,590518.0,1856.9748427672955,1857.7012578616352,1974.467006336848,1856.0044791772,0.0638266386146677,-0.1137218060806954,False,False,,
764,3.2763376,591191.0,1859.0911949685535,1856.9748427672955,1973.8936225488496,1856.0044791772,0.0635177041296321,-0.0311475152602715,False,False,,
765,3.2806260000000003,589199.0,1852.8270440251572,1856.8993710691825,1973.971182147764,1856.0044791772,0.0635594926057834,-0.1508604853314805,False,False,,
766,3.2849144000000003,589657.0,1854.267295597484,1854.267295597484,1971.492137962384,1856.0044791772,0.062223803919041,-0.2365955170596354,False,False,,
767,3.2892028000000004,586552.0,1844.503144654088,1852.8270440251572,1970.2049176670616,1856.0044791772,0.0615302601750663,-0.195308372249122,False,False,,
768,3.2934912,590749.0,1857.7012578616352,1850.8522012578617,1968.383106166992,1856.0044791772,0.0605486830719349,-0.3138360653721364,False,False,,
769,3.2977796,586660.0,1844.8427672955977,1847.5251572327045,1965.2090933992815,1856.0044791772,0.0588385510095826,-0.3582839510611562,False,False,,
770,3.302068,587513.0,1847.5251572327045,1844.8427672955977,1962.6797347098425,1856.0044791772,0.0574757532804735,-0.1706151068195369,False,False,,
771,3.3063564000000003,588571.0,1850.8522012578617,1844.503144654088,1962.4931433057568,1856.0044791772,0.0573752193614128,-0.315416438312484,False,False,,
772,3.3106448000000004,584966.0,1839.5157232704405,1839.5157232704405,1957.658753150219,1856.0044791772,0.0547704895723549,-0.7460670533948734,False,False,,
773,3.3149332000000005,582678.0,1832.3207547169811,1832.3207547169811,1950.616815815091,1856.0044791772,0.0509763514578555,-0.5127650477738888,False,False,,
774,3.3192216,577165.0,1814.9842767295595,1831.0471698113208,1949.4962621175175,1856.0044791772,0.0503726063106076,-0.0669033813556403,False,False,,
775,3.32351,582242.0,1830.9496855345913,1830.9496855345913,1949.551809039096,1856.0044791772,0.0504025345366445,-0.8839542720430487,False,False,,
776,3.3277984000000003,582273.0,1831.0471698113208,1816.669811320755,1935.424966013788,1856.0044791772,0.0427911073101487,-0.983715080616121,False,False,,
777,3.3320868000000003,577003.0,1814.4748427672955,1814.9842767295595,1933.8924626013431,1856.0044791772,0.041965407033216,-0.1186604771687003,False,False,,
778,3.3363752000000004,577701.0,1816.669811320755,1814.4748427672955,1933.5360598080504,1856.0044791772,0.0417733801295681,-0.3438630929966813,False,False,,
779,3.3406636000000005,574396.0,1806.2767295597484,1809.2044025157231,1928.4186507156703,1856.0044791772,0.039016162057202,-0.403126940172501,False,False,,
780,3.344952,574865.0,1807.751572327044,1807.751572327044,1927.1188516764048,1856.0044791772,0.0383158409890965,-0.1646887345402126,False,False,,
781,3.3492404,569119.0,1789.682389937107,1806.2767295597484,1925.7970400487436,1856.0044791772,0.0376036597187976,-0.2881550814921523,False,False,,
782,3.3535288000000003,575327.0,1809.2044025157231,1802.8584905660375,1922.5318321848888,1856.0044791772,0.0358443924861546,-0.4276226668791123,False,False,,
783,3.3578172000000004,573309.0,1802.8584905660375,1799.1635220125786,1918.9898947510403,1856.0044791772,0.0339360256295087,-0.3169968223396093,False,False,,
784,3.3621056000000005,571016.0,1795.6477987421383,1797.506289308176,1917.485693156936,1856.0044791772,0.0331255741403122,-0.2016298701243415,False,False,,
785,3.366394,572134.0,1799.1635220125786,1795.6477987421383,1915.7802336909515,1856.0044791772,0.0322066865594263,-0.3730999322935222,False,False,,
786,3.3706824,571607.0,1797.506289308176,1791.2610062893082,1911.5464723288617,1856.0044791772,0.0299255706410171,-0.3555183258911203,False,False,,
787,3.3749708000000003,565592.0,1778.5911949685535,1789.682389937107,1910.120887057156,1856.0044791772,0.0291574769819233,-0.6320829415692875,False,False,,
788,3.3792592000000004,569621.0,1791.2610062893082,1780.8930817610062,1901.4846099517715,1856.0044791772,0.0245043216677655,-0.6305025735726515,False,False,,
789,3.3835476000000004,565830.0,1779.339622641509,1779.339622641509,1900.0841818932129,1856.0044791772,0.0237497825089053,-0.1253770611779026,False,False,,
790,3.3878360000000005,565457.0,1778.1666666666667,1778.5911949685535,1899.4887852714155,1856.0044791772,0.0234289876894548,-0.0544579934230236,False,False,,
791,3.3921244,566324.0,1780.8930817610062,1778.1666666666667,1899.217288010909,1856.0044791772,0.0232827071909147,-0.4495503009663251,False,False,,
792,3.3964128,559891.0,1760.6635220125786,1771.12893081761,1892.3325831934535,1856.0044791772,0.0195732846681266,-0.5246178403947517,False,False,,
793,3.4007012000000003,563219.0,1771.12893081761,1769.5094339622642,1890.8661173599296,1856.0044791772,0.0187831648974169,-0.6382068796888447,False,False,,
794,3.4049896000000004,562704.0,1769.5094339622642,1760.6635220125786,1882.1732364222876,1856.0044791772,0.0140995119024112,-0.5623491581342914,False,False,,
795,3.4092780000000005,559760.0,1760.251572327044,1760.251572327044,1881.9143177385515,1856.0044791772,0.0139600086379306,-0.1949133144902513,False,False,,
796,3.4135664,558018.0,1754.7735849056603,1757.254716981132,1879.0704933851257,1856.0044791772,0.0124277793866914,-0.1696274081147259,False,False,,
797,3.4178548,558804.0,1757.245283018868,1757.245283018868,1879.2140904051023,1856.0044791772,0.0125051482840125,-0.0066518329885032,False,False,,
798,3.4221432000000003,558807.0,1757.254716981132,1756.8427672955977,1878.9646056547597,1856.0044791772,0.0123707279455156,-0.13604456453518,False,False,,
799,3.4264316000000004,558676.0,1756.8427672955977,1754.7735849056603,1877.0484542275055,1856.0044791772,0.0113383212629071,-0.2593133653632304,False,False,,
800,3.4307200000000004,554817.0,1744.7075471698113,1752.4088050314465,1874.8367053061963,1856.0044791772,0.0101466490734683,-0.2407440281950439,False,False,,
801,3.4350084000000005,556702.0,1750.6352201257862,1750.6352201257862,1873.2161513436615,1856.0044791772,0.0092735078818838,-0.4645638209509904,False,False,,
802,3.4392968,551914.0,1735.5786163522012,1744.7075471698113,1867.4415093210332,1856.0044791772,0.0061621780939362,-0.5005172220542348,False,False,,
803,3.4435852,557266.0,1752.4088050314465,1742.361635220126,1865.2486282949155,1856.0044791772,0.0049806717717694,-0.5542497769416062,False,False,,
804,3.4478736000000003,554071.0,1742.361635220126,1735.5786163522012,1858.6186403407796,1856.0044791772,0.0014084886070633,-0.5131601783134957,False,False,,
805,3.4521620000000004,551376.0,1733.8867924528302,1733.8867924528302,1857.0798473454183,1856.0044791772,0.0005793995544101,-0.6295148637810283,False,False,,
806,3.4564504000000005,548630.0,1725.251572327044,1725.251572327044,1848.5976581133975,1856.0044791772,-0.0039907344766138,-0.8193567181938697,False,False,,
807,3.4607388,546305.0,1717.940251572327,1720.5377358490566,1844.0368525198624,1856.0044791772,-0.0064480591461949,-0.308897459663922,False,False,,
808,3.4650272,547131.0,1720.5377358490566,1720.0283018867924,1843.680449431806,1856.0044791772,-0.006640086208659,-0.1439464230061076,False,False,,
809,3.4693156000000003,544433.0,1712.053459119497,1717.940251572327,1841.745429982235,1856.0044791772,-0.0076826588270337,-0.3574938157978077,False,False,,
810,3.4736040000000004,546969.0,1720.0283018867924,1714.0314465408806,1837.9896558054384,1856.0044791772,-0.0097062391679937,-0.307712186460033,False,False,,
811,3.4778924000000004,544619.0,1712.638364779874,1712.7358490566037,1836.8470891660324,1856.0044791772,-0.0103218447078642,-0.0682862500326908,False,False,,
812,3.4821808000000005,544086.0,1710.9622641509434,1712.638364779874,1836.9026357248608,1856.0044791772,-0.0102919166772741,-0.0236408206477301,False,False,,
813,3.4864692,545062.0,1714.0314465408806,1712.053459119497,1836.4707608897968,1856.0044791772,-0.0105246072983956,-0.0341107680229395,False,False,,
814,3.4907576,544650.0,1712.7358490566037,1711.7893081761006,1836.3596407619343,1856.0044791772,-0.0105844779124532,-0.0335181307920868,False,False,,
815,3.4950460000000003,544166.0,1711.2138364779871,1711.2138364779871,1835.9371998695767,1856.0044791772,-0.0108120856025732,-0.032727947408061,False,False,,
816,3.4993344000000004,543113.0,1707.9025157232704,1710.9622641509434,1835.8386583385093,1856.0044791772,-0.0108651789717827,-0.1887894096309779,False,False,,
817,3.5036228000000005,544349.0,1711.7893081761006,1707.9025157232704,1832.931940697034,1856.0044791772,-0.0124312946110962,-0.2808459182601792,False,False,,
818,3.5079112,542567.0,1706.185534591195,1706.185534591195,1831.3679903409115,1856.0044791772,-0.0132739382435166,-0.1633059583601799,False,False,,
819,3.5121996,542189.0,1704.996855345912,1704.996855345912,1830.3323418622683,1856.0044791772,-0.0138319371547597,-0.6095627195712301,False,False,,
820,3.5164880000000003,536696.0,1687.7232704402516,1696.1761006289307,1821.6646179016825,1856.0044791772,-0.0185020357767352,-0.5548424364044997,False,False,,
821,3.5207764000000004,537590.0,1690.5345911949685,1695.8584905660375,1821.500038585406,1856.0044791772,-0.0185907097633139,-0.1534286543881244,False,False,,
822,3.5250648000000004,539384.0,1696.1761006289307,1693.427672955975,1819.2222517126463,1856.0044791772,-0.0198179626596913,-0.1471071787157098,False,False,,
823,3.5293532000000005,537526.0,1690.3333333333333,1693.2106918238994,1819.1583013076297,1856.0044791772,-0.0198524186137228,-0.095152541693209,False,False,,
824,3.5336416,538441.0,1693.2106918238994,1691.6069182389938,1817.7075584400036,1856.0044791772,-0.0206340669792855,-0.1488850965513739,False,False,,
825,3.53793,537931.0,1691.6069182389938,1690.5345911949685,1816.7882621039448,1856.0044791772,-0.0211293763098246,-0.0538653981405343,False,False,,
826,3.5422184000000003,539283.0,1695.8584905660375,1690.4433962264152,1816.850097832648,1856.0044791772,-0.0210960597260573,0.0065837234970005,False,False,,
827,3.5465068000000004,538510.0,1693.427672955975,1690.3333333333333,1816.8930656279747,1856.0044791772,-0.0210729090301355,0.0123125607099394,False,False,,
828,3.5507952000000005,537561.0,1690.4433962264152,1690.3333333333333,1817.0460963056732,1856.0044791772,-0.0209904573553603,-0.1957035398226292,False,False,,
829,3.5550836,535876.0,1685.1446540880504,1686.9119496855346,1813.77774332626,1856.0044791772,-0.022751419150486,-0.2124949640403599,False,False,,
830,3.559372,534735.0,1681.5566037735848,1686.6446540880504,1813.6634783873824,1856.0044791772,-0.0228129841629414,-0.091794265719062,False,False,,
831,3.5636604000000003,536438.0,1686.9119496855346,1685.1446540880504,1812.316509035744,1856.0044791772,-0.0235387202087053,-0.3004030046818493,False,False,,
832,3.5679488000000004,536353.0,1686.6446540880504,1681.5566037735848,1808.8814893603271,1856.0044791772,-0.0253894806534967,-0.2591158599005752,False,False,,
833,3.5722372000000004,533773.0,1678.5314465408806,1680.7138364779871,1808.1917526935335,1856.0044791772,-0.0257611051159006,-0.1550090384152502,False,False,,
834,3.5765256000000005,534467.0,1680.7138364779871,1678.7830188679245,1806.4139657029616,1856.0044791772,-0.0267189621741767,-0.1178703628502741,False,False,,
835,3.580814,531968.0,1672.8553459119496,1678.5314465408806,1806.315423985164,1856.0044791772,-0.0267720556439949,-0.3531478325185415,False,False,,
836,3.5851024,528573.0,1662.1792452830189,1672.8553459119496,1800.7923539557007,1856.0044791772,-0.0297478405041219,-0.8240978628742854,False,False,,
837,3.5893908000000003,533853.0,1678.7830188679245,1665.1069182389938,1793.1969568724337,1856.0044791772,-0.0338401781942952,-0.5281737266731867,False,False,,
838,3.5936792000000004,528897.0,1663.198113207547,1664.1415094339625,1792.3845786473116,1856.0044791772,-0.0342778809230526,-0.0684838295046552,False,False,,
839,3.5979676000000005,529197.0,1664.1415094339625,1663.7106918238994,1792.1067916073796,1856.0044791772,-0.0344275503031907,-0.0400371846786176,False,False,,
840,3.602256,529504.0,1665.1069182389938,1663.198113207547,1791.7472435513791,1856.0044791772,-0.0346212718486041,-0.0769783165476489,False,False,,
841,3.6065444,526465.0,1655.5503144654087,1662.1792452830189,1790.881406177424,1856.0044791772,-0.0350877779285566,-0.1218212945722285,False,False,,
842,3.6108328,527284.0,1658.125786163522,1660.9528301886792,1789.8080216234127,1856.0044791772,-0.0356661087278912,-0.1721955648559712,False,False,,
843,3.6151212,529060.0,1663.7106918238994,1659.132075471698,1788.1402974374469,1856.0044791772,-0.0365646648492133,-0.1301182354620591,False,False,,
844,3.6194096,528183.0,1660.9528301886792,1658.5754716981132,1787.7367241846327,1856.0044791772,-0.0367821068098022,-0.0439881139433246,False,False,,
845,3.623698000000001,527604.0,1659.132075471698,1658.125786163522,1787.4400691610333,1856.0044791772,-0.0369419421048824,-0.1117464456756778,False,False,,
846,3.6279864,523406.0,1645.9308176100628,1656.4905660377358,1785.9578795369257,1856.0044791772,-0.0377405337250733,-0.1425636467968303,False,False,,
847,3.6322748,524403.0,1649.066037735849,1655.5503144654087,1785.1706584560327,1856.0044791772,-0.0381646819907294,-0.0985108559005958,False,False,,
848,3.6365632,526764.0,1656.4905660377358,1654.6163522012578,1784.3897266735369,1856.0044791772,-0.0385854416339615,-0.3650006177092129,False,False,,
849,3.6408516,526168.0,1654.6163522012578,1649.433962264151,1779.360367208772,1856.0044791772,-0.0412952192886978,-0.3063294114500898,False,False,,
850,3.645140000000001,521919.0,1641.254716981132,1649.433962264151,1779.5133976708694,1856.0044791772,-0.0412127677300867,0.0192266476660938,False,False,,
851,3.6494284,527427.0,1658.5754716981132,1649.433962264151,1779.6664281227222,1856.0044791772,-0.0411303161769953,0.0192266464374819,False,False,,
852,3.6537168,524520.0,1649.433962264151,1649.433962264151,1779.8194585652618,1856.0044791772,-0.0410478646289217,0.0192266452381213,False,False,,
853,3.6580052,521851.0,1641.0408805031448,1649.433962264151,1779.9724889980223,1856.0044791772,-0.040965413086117,0.3447827044128102,False,False,,
854,3.6622936,523216.0,1645.3333333333333,1654.6163522012578,1785.3079093581111,1856.0044791772,-0.0380907323297139,0.4625202104367263,False,False,,
855,3.666582000000001,520895.0,1638.0345911949685,1656.4905660377358,1787.3351536073264,1856.0044791772,-0.0369984697452432,0.2679372483481383,False,False,,
856,3.670870400000001,523022.0,1644.7232704402516,1658.5754716981132,1789.573089671128,1856.0044791772,-0.0357926881380815,0.3131753161925692,False,False,,
857,3.6751588,528252.0,1661.169811320755,1661.169811320755,1792.3204596869489,1856.0044791772,-0.0343124276933229,0.2039322922386963,False,False,,
858,3.6794472,528362.0,1661.5157232704405,1661.5157232704405,1792.819402020035,1856.0044791772,-0.0340436016540089,0.9749549267831998,False,False,,
859,3.6837356,533090.0,1676.3836477987422,1676.3836477987422,1807.8403569219588,1856.0044791772,-0.0259504342772885,1.4115319240615691,False,False,,
860,3.688024,535410.0,1683.6792452830189,1683.6792452830189,1815.288984770544,1856.0044791772,-0.0219371746477174,0.5798626180405169,False,False,,
861,3.692312400000001,541069.0,1701.4748427672955,1685.308176100629,1817.070945942218,1856.0044791772,-0.0209770685748785,1.137140314839682,False,False,,
862,3.6966008,535928.0,1685.308176100629,1701.4748427672955,1833.3906429531696,1856.0044791772,-0.0121841495954015,1.717926003893642,True,False,862.0,3.0
863,3.7008892,544527.0,1712.3490566037735,1712.3490566037735,1844.4178871241536,1856.0044791772,-0.0062427608246843,1.5792486031484638,False,False,,
864,3.7051776,550334.0,1730.6100628930817,1726.308176100629,1858.5300369457368,1856.0044791772,0.0013607498240824,1.1663771417917297,False,False,,
865,3.709466,548966.0,1726.308176100629,1730.6100628930817,1862.984954052672,1856.0044791772,0.0037610226450351,0.4417778507819524,False,False,,
866,3.713754400000001,551105.0,1733.0345911949685,1733.0345911949685,1865.5625126597283,1856.0044791772,0.0051497900946691,0.9403843401517484,False,False,,
867,3.718042800000001,554997.0,1745.2735849056603,1745.2735849056603,1877.9545366658108,1856.0044791772,0.0118265110536487,0.9658677926511748,False,False,,
868,3.7223312,556456.0,1749.861635220126,1748.1037735849056,1880.9377556302024,1856.0044791772,0.01343384497868,0.3074464629491595,False,False,,
869,3.7266196,555897.0,1748.1037735849056,1749.861635220126,1882.848647541255,1856.0044791772,0.0144634178770709,0.442370484326976,False,False,,
870,3.730908,558039.0,1754.839622641509,1754.839622641509,1887.979665228227,1856.0044791772,0.0172279681486556,1.8739874550004132,False,False,,
871,3.7351964,565845.0,1779.3867924528302,1779.3867924528302,1912.679865295357,1856.0044791772,0.0305362334811188,1.9686120611341815,False,False,,
872,3.739484800000001,569406.0,1790.5849056603774,1785.87106918239,1919.3171722709476,1856.0044791772,0.0341123600745916,0.4941275727391061,False,False,,
873,3.7437732,568249.0,1786.946540880503,1786.946540880503,1920.5456742053125,1856.0044791772,0.0347742668469877,0.3153483029031112,False,False,,
874,3.7480616,567907.0,1785.87106918239,1790.5849056603774,1924.3370692116596,1856.0044791772,0.0368170393989311,0.4753606857319399,False,False,,
875,3.75235,572345.0,1799.8270440251572,1794.2075471698113,1928.1127409377873,1856.0044791772,0.0388513403763735,0.5998147609924489,False,False,,
876,3.7566384,570558.0,1794.2075471698113,1799.8270440251572,1933.885268000048,1856.0044791772,0.0419615306410112,0.7823474052812331,False,False,,
877,3.760926800000001,574421.0,1806.3553459119496,1806.3553459119496,1940.5666000839767,1856.0044791772,0.0455613776019897,0.7461964579955707,False,False,,
878,3.765215200000001,576025.0,1811.3993710691825,1811.3993710691825,1945.763655428101,1856.0044791772,0.0483615084219477,1.0363917557552105,False,False,,
879,3.7695036,579570.0,1822.5471698113208,1822.5471698113208,1957.0644843478176,1856.0044791772,0.0544503024127504,1.2045035308634855,False,False,,
880,3.773792,583943.0,1836.2987421383648,1830.267295597484,1964.937640301315,1856.0044791772,0.0586922943054572,0.7080700467503576,False,False,,
881,3.7780804,583057.0,1833.512578616352,1833.512578616352,1968.3359534782037,1856.0044791772,0.0605232775897189,0.398120131217877,False,False,,
882,3.7823688,582025.0,1830.267295597484,1836.2987421383648,1971.275147147992,1856.0044791772,0.0621068910468867,0.7730627286526559,False,False,,
883,3.786657200000001,588416.0,1850.3647798742136,1845.512578616352,1980.6420137639768,1856.0044791772,0.0671536820008272,0.6610540586130602,False,False,,
884,3.7909456,587192.0,1846.5157232704405,1846.5157232704405,1981.7981885467489,1856.0044791772,0.0677766194967995,0.3240403200980299,False,False,,
885,3.795234,586873.0,1845.512578616352,1850.3647798742136,1985.8002752689615,1856.0044791772,0.069932911018244,0.5725533795121143,False,False,,
886,3.7995224,589993.0,1855.3238993710693,1855.3238993710693,1990.9124248744777,1856.0044791772,0.0726872953221991,0.6620417856345231,False,False,,
887,3.8038108,592546.0,1863.3522012578617,1860.5974842767296,1996.3390398785536,1856.0044791772,0.0756111110052743,0.5235619310426021,False,False,,
888,3.808099200000001,593490.0,1866.3207547169811,1863.3522012578617,1999.2467869487884,1856.0044791772,0.0771777812923653,0.3787605995789072,False,False,,
889,3.812387600000001,591670.0,1860.5974842767296,1866.3207547169811,2002.3683704872317,1856.0044791772,0.0788596649157427,0.9874002961989508,False,False,,
890,3.816676,598192.0,1881.1069182389936,1878.7641509433963,2014.964796782726,1856.0044791772,0.0856465161528037,0.9480886104920287,False,False,,
891,3.8209644,597447.0,1878.7641509433963,1881.1069182389936,2017.4605941380896,1856.0044791772,0.08699123131021,0.2780120577828242,False,False,,
892,3.8252528,599206.0,1884.2955974842769,1882.8836477987425,2019.3903537478252,1856.0044791772,0.0880309699699955,0.2195383951903711,False,False,,
893,3.8295412,598757.0,1882.8836477987425,1884.2955974842769,2020.9553334731024,1856.0044791772,0.0888741682180788,0.1972156786257297,False,False,,
894,3.833829600000001,599658.0,1885.7169811320755,1885.7169811320755,2022.5297471508648,1856.0044791772,0.0897224494024327,0.2661592848490706,False,False,,
895,3.838118,603717.0,1898.481132075472,1888.2264150943397,2025.1922111333135,1856.0044791772,0.0911569631723721,0.8210664278686668,False,False,,
896,3.8424064,600456.0,1888.2264150943397,1898.481132075472,2035.5999581253177,1856.0044791772,0.0967645719409768,0.7625927653054756,False,False,,
897,3.8466948,604219.0,1900.059748427673,1900.059748427673,2037.3316044781457,1856.0044791772,0.0976975688018443,0.3676980038860638,False,False,,
898,3.8509832,605481.0,1904.0283018867924,1904.0283018867924,2041.4531879281133,1856.0044791772,0.0999182441807069,0.6928589707252044,False,False,,
899,3.855271600000001,607629.0,1910.7830188679245,1910.7830188679245,2048.360934889849,1856.0044791772,0.1036400816219603,0.7483694385337998,False,False,,
900,3.859560000000001,609172.0,1915.6352201257864,1915.6352201257864,2053.366166119001,1856.0044791772,0.1063368591811237,1.007747536430145,False,False,,
901,3.8638484,612633.0,1926.518867924528,1926.518867924528,2064.4028438792548,1856.0044791772,0.1122833306924138,0.9573732661464032,False,False,,
902,3.8681368,614107.0,1931.1540880503144,1930.5691823899372,2068.606188296396,1856.0044791772,0.1145480582102075,0.3104096132981144,False,False,,
903,3.8724252,614275.0,1931.682389937107,1931.1540880503144,2069.3441238982614,1856.0044791772,0.1149456518637491,0.0891579205332995,False,False,,
904,3.8767136,613921.0,1930.5691823899372,1931.682389937107,2070.025455717229,1856.0044791772,0.1153127478630375,0.2250696726769412,False,False,,
905,3.881002000000001,617947.0,1943.2295597484276,1934.4308176100628,2072.926913312115,1856.0044791772,0.1168760294323647,0.7058970082041007,False,False,,
906,3.8852904,615149.0,1934.4308176100628,1942.6132075471696,2081.262333161373,1856.0044791772,0.121367085323002,0.5719607151640673,False,False,,
907,3.8895788,617751.0,1942.6132075471696,1943.2295597484276,2082.0317152654693,1856.0044791772,0.1217816220941833,0.1691641076475676,False,False,,
908,3.8938672,618741.0,1945.7264150943397,1945.0,2083.9551854096353,1856.0044791772,0.1228179720414737,0.1760782217502061,False,False,,
909,3.8981556,618510.0,1945.0,1945.7264150943397,2084.8346303867897,1856.0044791772,0.1232918097864905,0.4595569503023853,False,False,,
910,3.902444000000001,622613.0,1957.9025157232704,1952.009433962264,2091.27067912775,1856.0044791772,0.1267595000928272,0.7841252787112829,False,False,,
911,3.906732400000001,623552.0,1960.8553459119496,1957.9025157232704,2097.3167907520133,1856.0044791772,0.1300170954769416,0.5749239012597833,False,False,,
912,3.9110208,626619.0,1970.5,1960.8553459119496,2100.4226507937046,1856.0044791772,0.1316905074091521,0.8105964607478953,False,False,,
913,3.9153092,620739.0,1952.009433962264,1970.5,2110.2203347254544,1856.0044791772,0.1369694192014843,0.8139547441522126,False,False,,
914,3.9195976,627575.0,1973.506289308176,1973.506289308176,2113.3796538675506,1856.0044791772,0.138671634458797,0.2357371526320353,False,False,,
915,3.923886,627715.0,1973.946540880503,1973.946540880503,2113.9729352640193,1856.0044791772,0.1389912896121788,0.0978499364703679,False,False,,
916,3.928174400000001,628963.0,1977.87106918239,1974.75786163522,2114.9372858326333,1856.0044791772,0.139510873793916,0.2657641653962521,False,False,,
917,3.9324628,629783.0,1980.4496855345913,1977.87106918239,2118.203523183921,1856.0044791772,0.1412706957059491,0.3068537640243569,False,False,,
918,3.9367512,629429.0,1979.3364779874216,1979.3364779874216,2119.8219617832915,1856.0044791772,0.1421426971572,0.1812144094169276,False,False,,
919,3.9410396,627973.0,1974.75786163522,1980.4496855345913,2121.088199115487,1856.0044791772,0.1428249354526363,0.2345518695407662,False,False,,
920,3.945328,632902.0,1990.25786163522,1982.7641509433963,2123.555694299074,1856.0044791772,0.1441544016318773,0.2629985143375393,False,False,,
921,3.949616400000001,631017.0,1984.330188679245,1984.330188679245,2125.274761799925,1856.0044791772,0.1450806211104065,0.2076855902248979,False,False,,
922,3.953904800000001,635638.0,1998.861635220126,1985.7641509433963,2126.8617538192993,1856.0044791772,0.1459356794021182,0.1345935123280988,False,False,,
923,3.9581932,631473.0,1985.7641509433963,1986.1666666666667,2127.417299288015,1856.0044791772,0.1462350027469422,0.2604304106314501,False,False,,
924,3.9624816,635625.0,1998.8207547169811,1989.6037735849056,2131.007435941454,1856.0044791772,0.1481693389480221,0.2762341016553939,False,False,,
925,3.96677,631601.0,1986.1666666666667,1990.25786163522,2131.814553717655,1856.0044791772,0.1486042073900202,0.2979641773033492,False,False,,
926,3.9710584,630519.0,1982.7641509433963,1994.0408805031448,2135.7506023016876,1856.0044791772,0.1507249181039175,0.5571447290171925,False,False,,
927,3.975346800000001,636663.0,2002.0849056603777,1998.8207547169811,2140.6835062218533,1856.0044791772,0.1533827263018549,0.3194967055110211,False,False,,
928,3.9796352,632694.0,1989.6037735849056,1998.8207547169811,2140.836535917938,1856.0044791772,0.1534651774477446,0.0217946514450417,False,False,,
929,3.9839236,637641.0,2005.160377358491,1998.861635220126,2141.0304461073883,1856.0044791772,0.1535696546683688,0.224279457202698,False,False,,
930,3.988212,634105.0,1994.0408805031448,2002.0849056603777,2144.4067462241665,1856.0044791772,0.1553887774962808,0.3797482785381803,False,False,,
931,3.9925004,637463.0,2004.6006289308175,2004.6006289308175,2147.0754991618205,1856.0044791772,0.1568266797037351,0.2124266855852958,False,False,,
932,3.996788800000001,639324.0,2010.4528301886792,2005.160377358491,2147.7882772464623,1856.0044791772,0.1572107186932088,0.1711395383175471,False,False,,
933,4.0010772,638232.0,2007.018867924528,2007.018867924528,2149.79979745969,1856.0044791772,0.1582945092959769,0.3516967210747559,False,False,,
934,4.0053656,641298.0,2016.660377358491,2010.4528301886792,2153.3867893612523,1856.0044791772,0.1602271511305227,0.2349469433301401,False,False,,
935,4.009654,635548.0,1998.5786163522012,2010.4528301886792,2153.5398189888847,1856.0044791772,0.1603096022395309,0.0660449811227223,False,False,,
936,4.0139424,639561.0,2011.198113207547,2011.198113207547,2154.43813162514,1856.0044791772,0.1607936057246161,0.2908525021871924,False,False,,
937,4.0182308,642772.0,2021.2955974842769,2014.7767295597484,2158.1697775854163,1856.0044791772,0.1628041859802901,0.2543064626537124,False,False,,
938,4.0225192000000005,640699.0,2014.7767295597484,2014.940251572327,2158.48632919629,1856.0044791772,0.1629747413935045,0.029498939102762,False,False,,
939,4.026807600000001,643651.0,2024.059748427673,2014.940251572327,2158.6393587843413,1856.0044791772,0.1630571924811867,0.1272842836870857,False,False,,
940,4.031096000000001,642944.0,2021.8364779874216,2016.660377358491,2160.512514149243,1856.0044791772,0.1640664332378319,0.1351861285847491,False,False,,
941,4.035384400000001,643542.0,2023.7169811320755,2016.7861635220129,2160.791329881258,1856.0044791772,0.1642166568688323,0.0271283815790503,False,False,,
942,4.0396728,638996.0,2009.4213836477988,2016.7861635220129,2160.9443594404383,1856.0044791772,0.1642991079409591,0.2874942101825617,False,False,,
943,4.0439612,643100.0,2022.3270440251572,2021.0566037735848,2165.3678292404807,1856.0044791772,0.1666824372107264,0.3025077165939329,False,False,,
944,4.0482496,641338.0,2016.7861635220129,2021.2955974842769,2165.759852490795,1856.0044791772,0.166893656124642,0.0682179777499563,False,False,,
945,4.052538,640751.0,2014.940251572327,2021.8364779874216,2166.4537625233174,1856.0044791772,0.1672675291622923,0.084021668744679,False,False,,
946,4.0568264,639375.0,2010.6132075471696,2022.3270440251572,2167.097358080652,1856.0044791772,0.1676142931731313,0.0500437291729944,False,False,,
947,4.0611148,645400.0,2029.559748427673,2022.3270440251572,2167.250387590472,1856.0044791772,0.1676967442186632,0.0929112431502758,False,False,,
948,4.0654032,644879.0,2027.9213836477988,2023.5,2168.5763730648905,1856.0044791772,0.1684111743233826,0.0929112419216693,False,False,,
949,4.0696916000000005,641043.0,2015.8584905660375,2023.5,2168.729402555153,1856.0044791772,0.168493625358377,0.0225848101982926,False,False,,
950,4.073980000000001,642696.0,2021.0566037735848,2023.553459119497,2168.935891155133,1856.0044791772,0.1686048797234914,0.2849261003333723,False,False,,
951,4.078268400000001,644818.0,2027.7295597484276,2027.7295597484276,2173.2650212543026,1856.0044791772,0.1709373795357163,0.2936181298436935,False,False,,
952,4.082556800000001,643490.0,2023.553459119497,2027.9213836477988,2173.609874614599,1856.0044791772,0.1711231836995348,0.0312768372221334,False,False,,
953,4.0868452,643473.0,2023.5,2027.9213836477988,2173.7629040652805,1856.0044791772,0.1712056347132031,0.0192265206216539,False,False,,
954,4.0911336,648002.0,2037.74213836478,2027.9213836477988,2173.9159335061827,1856.0044791772,0.1712880857216026,0.0192265193930438,False,False,,
955,4.095422,648116.0,2038.1006289308175,2027.9213836477988,2174.068962937306,1856.0044791772,0.1713705367247333,0.0071762028218209,False,True,862.0,3.0
956,4.0997104,646396.0,2032.691823899371,2027.7295597484276,2174.030168459279,1856.0044791772,0.1713496345779648,0.0071762016224568,False,False,,
957,4.1039988,647338.0,2035.6540880503144,2027.7295597484276,2174.1831978713103,1856.0044791772,0.1714320855708088,0.0192265157364524,False,False,,
958,4.1082872,647620.0,2036.5408805031448,2027.7295597484276,2174.336227273097,1856.0044791772,0.1715145365581332,-0.0678913390637809,False,False,,
959,4.1125756,646923.0,2034.3490566037735,2026.3427672955977,2173.1024642122748,1856.0044791772,0.1708497951339266,-0.0678913403216512,False,False,,
960,4.1168640000000005,642492.0,2020.4150943396223,2026.3427672955977,2173.255493594038,1856.0044791772,0.1709322461104625,0.2007714267437137,False,False,,
961,4.121152400000001,644161.0,2025.6635220125784,2029.232704402516,2176.298460073406,1856.0044791772,0.1725717715068221,0.0192265107927518,False,False,,
962,4.125440800000001,645296.0,2029.232704402516,2026.3427672955977,2173.561552329159,1856.0044791772,0.1710971480482297,-0.1749613590188055,False,False,,
963,4.129729200000001,643458.0,2023.4528301886792,2026.1415094339625,2173.51332381995,1856.0044791772,0.1710711629227896,0.0065835545041927,False,False,,
964,4.1340176,644377.0,2026.3427672955977,2026.1415094339625,2173.6663531630634,1856.0044791772,0.1711536138785013,-0.010800508202255,False,False,,
965,4.138306,642485.0,2020.3930817610064,2025.6635220125784,2173.3413950745485,1856.0044791772,0.1709785291240405,-0.0619649631278811,False,False,,
966,4.1425944,644313.0,2026.1415094339625,2024.8490566037735,2172.6799589888333,1856.0044791772,0.1706221527827461,-0.119648441049172,False,False,,
967,4.1468828,642171.0,2019.4056603773583,2023.4528301886792,2171.436761887516,1856.0044791772,0.1699523283748499,-0.0684839886100299,False,False,,
968,4.1511712,647692.0,2036.767295597484,2023.4528301886792,2171.589791191048,1856.0044791772,0.1700347793092355,-0.1714055356629131,False,False,,
969,4.1554596,643902.0,2024.8490566037735,2020.4182389937107,2168.708229289832,1856.0044791772,0.1684822173765762,-0.1729859061460281,False,False,,
970,4.159748,642493.0,2020.4182389937107,2020.3930817610064,2168.836101340637,1856.0044791772,0.1685511137894023,-0.0287772155697503,False,False,,
971,4.1640364000000005,645129.0,2028.7075471698113,2019.6540880503144,2168.25013690414,1856.0044791772,0.1682354009540775,-0.0428029936432707,False,False,,
972,4.168324800000001,640910.0,2015.440251572327,2019.4056603773583,2168.154738495601,1856.0044791772,0.1681840010735227,-0.0226532872791018,False,False,,
973,4.172613200000001,641704.0,2017.937106918239,2018.987421383648,2167.889528756062,1856.0044791772,0.1680411082397422,-0.0252213884987888,False,False,,
974,4.176901600000001,642250.0,2019.6540880503144,2018.698113207547,2167.75324982482,1856.0044791772,0.1679676822686462,-0.0066520513013372,False,False,,
975,4.18119,641907.0,2018.5754716981132,2018.5754716981132,2167.783637550466,1856.0044791772,0.1679840549261408,-0.0285796755596656,False,False,,
976,4.1854784,642038.0,2018.987421383648,2017.937106918239,2167.298301995427,1856.0044791772,0.167722560107306,-0.1777270224220934,False,False,,
977,4.1897668,641946.0,2018.698113207547,2015.440251572327,2164.9544758650372,1856.0044791772,0.166459725800231,-0.2976375386172023,False,False,,
978,4.1940552,640100.0,2012.8930817610064,2012.8930817610064,2162.560335258994,1856.0044791772,0.165169782466094,-0.4902450392034829,False,False,,
979,4.1983436,637001.0,2003.1477987421383,2007.330188679245,2157.150471372732,1856.0044791772,0.1622549921479905,-0.3734952639161015,False,False,,
980,4.202632,635587.0,1998.7012578616352,2006.6415094339625,2156.6148213131687,1856.0044791772,0.1619663882865383,-0.0327281509482872,False,False,,
981,4.2069204,638068.0,2006.503144654088,2006.503144654088,2156.6294857092353,1856.0044791772,0.1619742893429372,-0.2002472900543246,False,False,,
982,4.2112088000000005,638112.0,2006.6415094339625,2003.1477987421383,2153.427168963448,1856.0044791772,0.1602489073292003,-0.3752731829803686,False,False,,
983,4.215497200000001,636071.0,2000.2232704402516,2000.2232704402516,2150.655669817944,1856.0044791772,0.1587556463071511,-0.2601037769182639,False,False,,
984,4.219785600000001,633637.0,1992.5691823899372,1998.7012578616352,2149.2866863859317,1856.0044791772,0.1580180492553277,-0.4616008543965932,False,False,,
985,4.224074000000001,638331.0,2007.330188679245,1992.5691823899372,2143.307640050594,1856.0044791772,0.1547965880991623,-0.505851193932429,False,False,,
986,4.2283624,632929.0,1990.3427672955977,1990.3427672955977,2141.2342540833006,1856.0044791772,0.153679464735208,-0.5313346488891106,False,False,,
987,4.2326508,630167.0,1981.6572327044023,1983.8050314465409,2134.8495473515113,1856.0044791772,0.1502394370825701,-0.3997689121441965,False,False,,
988,4.2369392,630536.0,1982.817610062893,1983.6729559748428,2134.8705009868363,1856.0044791772,0.1502507267295295,-0.0428030146467257,False,False,,
989,4.2412276,630850.0,1983.8050314465409,1982.817610062893,2134.1681841721306,1856.0044791772,0.149872324186548,-0.0611748080897278,False,False,,
990,4.245516,630808.0,1983.6729559748428,1982.3930817610064,2133.896684958175,1856.0044791772,0.1497260426355056,-0.0536680554983632,False,False,,
991,4.2498044,630401.0,1982.3930817610064,1981.6572327044023,2133.3138649792572,1856.0044791772,0.1494120240081497,-0.2638571637156204,False,False,,
992,4.2540928000000005,628017.0,1974.8962264150944,1977.8867924528304,2129.696453795593,1856.0044791772,0.1474629925137494,-0.40549775675807,False,False,,
993,4.2583812000000005,628968.0,1977.8867924528304,1974.8962264150944,2126.858916815985,1856.0044791772,0.145934150847987,-0.5313346575479052,False,False,,
994,4.262669600000001,626181.0,1969.122641509434,1969.122641509434,2121.238360958675,1856.0044791772,0.1429058414228924,-0.3683590824509473,False,False,,
995,4.266958000000001,626055.0,1968.7264150943397,1968.7264150943397,2120.9951635816856,1856.0044791772,0.1427748086696217,-0.6014635444052807,False,False,,
996,4.271246400000001,621634.0,1954.8238993710693,1959.24213836478,2111.6639158809176,1856.0044791772,0.1377472088952371,-0.6028463686766585,False,False,,
997,4.2755348,623039.0,1959.24213836478,1958.8238993710693,2111.39870590622,1856.0044791772,0.1376043159347551,-0.0459637641840018,False,False,,
998,4.2798232,622709.0,1958.2044025157231,1958.2044025157231,2110.9322380596427,1856.0044791772,0.1373529868825838,-0.2320522416868495,False,False,,
999,4.2841116,620523.0,1951.330188679245,1954.8238993710693,2107.704763914444,1856.0044791772,0.1356140502682553,-0.2891430811779454,False,False,,
1000,4.2884,621148.0,1953.2955974842769,1953.2955974842769,2106.329491016862,1856.0044791772,0.1348730645039367,-0.2002473134857592,False,False,,
1001,4.2926884,622906.0,1958.8238993710693,1951.330188679245,2104.517111191728,1856.0044791772,0.1338965691099506,-0.1265625995866504,False,False,,
1002,4.2969768,620410.0,1950.9748427672955,1950.9748427672955,2104.3147942494315,1856.0044791772,0.1337875623998019,-0.2765001310909252,False,False,,
1003,4.3012652000000005,616123.0,1937.493710691824,1946.622641509434,2100.115621951444,1856.0044791772,0.1315250827856099,-0.7545618229311231,False,False,,
1004,4.3055536000000005,619026.0,1946.622641509434,1938.6572327044023,2092.303242096973,1856.0044791772,0.1273158365568861,-0.5542500248874216,False,False,,
1005,4.309842000000001,614620.0,1932.767295597484,1937.493710691824,2091.2927490242455,1856.0044791772,0.1267713911721554,-0.1109564584309197,False,False,,
1006,4.314130400000001,615834.0,1936.5849056603777,1936.5849056603777,2090.536972923802,1856.0044791772,0.1263641852042158,-0.2073589824003399,False,False,,
1007,4.318418800000001,616493.0,1938.6572327044023,1933.8867924528304,2087.9918886365476,1856.0044791772,0.1249929146519042,-0.2205945759197671,False,False,,
1008,4.3227072,614976.0,1933.8867924528304,1932.767295597484,2087.025420692181,1856.0044791772,0.1244721896454671,-0.5418046221821875,False,False,,
1009,4.3269956,612136.0,1924.955974842767,1924.955974842767,2079.3671288381993,1856.0044791772,0.1203459647683716,-1.0125571063847527,False,False,,
1010,4.331284,609397.0,1916.3427672955977,1916.3427672955977,2070.9069501824515,1856.0044791772,0.1157876898554262,-0.6032414782421274,False,False,,
1011,4.3355724,605944.0,1905.4842767295595,1915.0471698113208,2069.7643815798174,1856.0044791772,0.1151720832577844,-0.135649734976571,False,False,,
1012,4.3398608,608985.0,1915.0471698113208,1913.877358490566,2068.747599130461,1856.0044791772,0.1146242492084791,-0.5815114038812919,False,False,,
1013,4.3441492,605756.0,1904.8930817610064,1905.4842767295595,2060.50754623154,1856.0044791772,0.1101845762489753,-0.5451629129289319,False,False,,
1014,4.3484376000000005,604981.0,1902.455974842767,1904.8930817610064,2060.0693801148273,1856.0044791772,0.1099484959368702,-0.1710105001067798,False,False,,
1015,4.3527260000000005,608613.0,1913.877358490566,1902.455974842767,2057.78530203865,1856.0044791772,0.1087178533916594,-1.3586579741173903,False,False,,
1016,4.357014400000001,597086.0,1877.62893081761,1882.9591194968552,2038.441475525021,1856.0044791772,0.0982955582244599,-1.2395376449921187,False,False,,
1017,4.361302800000001,598781.0,1882.9591194968552,1882.4182389937107,2038.0536238443804,1856.0044791772,0.0980865869180908,-0.2581283573350195,False,False,,
1018,4.365591200000001,597377.0,1878.544025157233,1878.544025157233,2034.3324388206272,1856.0044791772,0.0960816429292689,-0.2816363507893484,False,False,,
1019,4.3698796,598609.0,1882.4182389937107,1877.62893081761,2033.570373283951,1856.0044791772,0.0956710482646406,-0.1083883756989916,False,False,,
1020,4.374168,596731.0,1876.512578616352,1876.512578616352,2032.6070498758604,1856.0044791772,0.0951520175085738,-0.3707296683498029,False,False,,
1021,4.3784564,593717.0,1867.0345911949685,1871.4213836477988,2027.66888369023,1856.0044791772,0.0924913740451379,-0.5761776688620621,False,False,,
1022,4.3827448,595112.0,1871.4213836477988,1867.0345911949685,2023.435120011009,1856.0044791772,0.0902102568782776,-0.4746389473385513,False,False,,
1023,4.3870332,592612.0,1863.559748427673,1863.559748427673,2020.113306007544,1856.0044791772,0.0884204907216046,-0.3977934950181954,False,False,,
1024,4.3913216,591606.0,1860.3962264150944,1860.3962264150944,2017.1028127485515,1856.0044791772,0.0867984616302055,-0.8128379640596535,False,False,,
1025,4.3956100000000005,586549.0,1844.493710691824,1850.314465408805,2007.1740804860697,1856.0044791772,0.0814489420714576,-0.7338195039960809,False,False,,
1026,4.3998984000000005,587794.0,1848.4088050314465,1848.4088050314465,2005.421448843205,1856.0044791772,0.0805046385083318,-0.2608940145660057,False,False,,
1027,4.404186800000001,586816.0,1845.3333333333333,1845.8553459119496,2003.0210184479577,1856.0044791772,0.0792113062873278,-0.173973708463885,False,False,,
1028,4.408475200000001,588400.0,1850.314465408805,1845.3333333333333,2002.6520345833464,1856.0044791772,0.0790125008055787,-0.0663110561924806,False,False,,
1029,4.412763600000001,586982.0,1845.8553459119496,1844.493710691824,2001.9654406469945,1856.0044791772,0.0786425696205762,-0.3339860949201334,False,False,,
1030,4.417052,585028.0,1839.7106918238992,1839.7106918238992,1997.3354504739823,1856.0044791772,0.0761479688666684,-0.8177766252895662,False,False,,
1031,4.4213404,577606.0,1816.37106918239,1831.169811320755,1988.947598655506,1856.0044791772,0.0716286630607928,-0.867953349420107,False,False,,
1032,4.4256288,580180.0,1824.4654088050315,1825.5880503144656,1983.5188663245715,1856.0044791772,0.0687037065793619,-0.4019419753212672,False,False,,
1033,4.4299172,580537.0,1825.5880503144656,1824.4654088050315,1982.549253480714,1856.0044791772,0.0681812871268573,-0.2934891384665068,False,False,,
1034,4.4342056,578954.0,1820.6100628930817,1820.6100628930817,1978.8469362245617,1856.0044791772,0.0661865089365623,-0.4892573775033115,False,False,,
1035,4.438494,582312.0,1831.169811320755,1816.37106918239,1974.7609711594223,1856.0044791772,0.0639850244514868,-0.7172256395047469,False,False,,
1036,4.4427824000000005,574840.0,1807.6729559748428,1808.8867924528304,1967.4297230656364,1856.0044791772,0.0600350080716578,-0.5271862413959862,False,False,,
1037,4.4470708000000005,569300.0,1790.251572327044,1807.6729559748428,1966.368915213644,1856.0044791772,0.0594634534962817,-0.2923038664912578,False,False,,
1038,4.451359200000001,572815.0,1801.3050314465409,1803.927672955975,1962.7766608114575,1856.0044791772,0.0575279762695356,-0.3808045443343735,False,False,,
1039,4.455647600000001,575226.0,1808.8867924528304,1801.3050314465409,1960.3070479084608,1856.0044791772,0.0561973690804345,-0.6897667291303344,False,False,,
1040,4.459936000000001,573649.0,1803.927672955975,1792.6415094339625,1951.7965544925405,1856.0044791772,0.0516119849871304,-0.6749507688721259,False,False,,
1041,4.4642244,570060.0,1792.6415094339625,1790.254716981132,1949.5627906265895,1856.0044791772,0.0504084513259719,-0.1309086643054646,False,False,,
1042,4.4685128,569301.0,1790.254716981132,1790.251572327044,1949.712674549602,1856.0044791772,0.0504892075551157,-0.7464624787723313,False,False,,
1043,4.4728012,564429.0,1774.933962264151,1778.066037735849,1937.6801685257287,1856.0044791772,0.0440061919380372,-0.9430209023924964,False,False,,
1044,4.4770896,565425.0,1778.066037735849,1774.933962264151,1934.7011216115736,1856.0044791772,0.0424011058794756,-0.3300351904031151,False,False,,
1045,4.481378,563323.0,1771.455974842767,1772.506289308176,1932.4264772028969,1856.0044791772,0.0411755461169877,-0.1992596382415632,False,False,,
1046,4.4856664,563657.0,1772.506289308176,1771.455974842767,1931.5291912754728,1856.0044791772,0.0406920958142053,-0.1439467165861208,False,False,,
1047,4.4899548000000005,562831.0,1769.9088050314465,1769.9088050314465,1930.1350499918924,1856.0044791772,0.0399409439181719,-0.2638572328104933,False,False,,
1048,4.4942432000000005,558742.0,1757.0503144654087,1766.9496855345913,1927.328959012999,1856.0044791772,0.0384290450998362,-0.7885398167957742,False,False,,
1049,4.498531600000001,561890.0,1766.9496855345913,1757.0503144654087,1917.5826164524644,1856.0044791772,0.0331777956174777,-0.7924907410875415,False,False,,
1050,4.502820000000001,553388.0,1740.2138364779871,1754.0283018867924,1914.713632372252,1856.0044791772,0.0316320105116764,-0.6674440273967934,False,False,,
1051,4.507108400000001,557781.0,1754.0283018867924,1746.119496855346,1906.9578558294304,1856.0044791772,0.0274532616833008,-0.5951421365697969,False,False,,
1052,4.5113968,555266.0,1746.119496855346,1744.248427672956,1905.2398151258865,1856.0044791772,0.0265275954347444,-0.3517652771085942,False,False,,
1053,4.5156852,554671.0,1744.248427672956,1740.2138364779871,1901.3582523999848,1856.0044791772,0.0244362412545958,-0.5293592700256529,False,False,,
1054,4.5199736,551284.0,1733.5974842767296,1735.5157232704405,1896.8131676517255,1856.0044791772,0.0219873868475883,-0.3964107101793619,False,False,,
1055,4.524262,550009.0,1729.5880503144654,1733.5974842767296,1895.0479571075243,1856.0044791772,0.0210363058755294,-0.1895798890522422,False,False,,
1056,4.5285504,551894.0,1735.5157232704405,1732.191823899371,1893.795325169896,1856.0044791772,0.020361398055165,-0.2065688594523762,False,False,,
1057,4.5328388,550837.0,1732.191823899371,1730.003144654088,1891.7596743545648,1856.0044791772,0.0192646060817782,-0.1443418224656811,False,False,,
1058,4.5371272000000005,543736.0,1709.861635220126,1729.5880503144654,1891.497608434649,1856.0044791772,0.0191234071122413,-0.5180991454680017,False,False,,
1059,4.5414156000000006,550141.0,1730.003144654088,1721.4496855345913,1883.5122720651689,1856.0044791772,0.0148209733309282,-0.7691803073595989,False,False,,
1060,4.545704000000001,547421.0,1721.4496855345913,1717.0377358490566,1879.2533507797832,1856.0044791772,0.0125263014520793,-0.4485629020138362,False,False,,
1061,4.549992400000001,545053.0,1714.003144654088,1714.003144654088,1876.3717879756507,1856.0044791772,0.0109737390329359,-0.2150633502104619,False,False,,
1062,4.554280800000001,546018.0,1717.0377358490566,1713.308176100629,1875.829847802783,1856.0044791772,0.0106817461099942,-0.2409418975320039,False,False,,
1063,4.5585692,542761.0,1706.7955974842766,1709.861635220126,1872.5363352930924,1856.0044791772,0.0089072285661838,-0.3898916982412532,False,False,,
1064,4.5628576,544832.0,1713.308176100629,1706.7955974842766,1869.6233259182768,1856.0044791772,0.007337722992519,-0.5305445605178533,False,False,,
1065,4.567146,540953.0,1701.1100628930817,1701.1100628930817,1864.0908196783369,1856.0044791772,0.0043568539795342,-0.5587936616479566,False,False,,
1066,4.5714344,539608.0,1696.880503144654,1697.5943396226414,1860.728124749372,1856.0044791772,0.0025450615152967,-0.2464731947347984,False,False,,
1067,4.5757228,539835.0,1697.5943396226414,1696.880503144654,1860.167316603082,1856.0044791772,0.0022429026829328,-0.0285797890308587,False,False,,
1068,4.5800112,539593.0,1696.8333333333333,1696.8333333333333,1860.2731751136791,1856.0044791772,0.0022999383807368,-0.5892157729492786,False,False,,
1069,4.5842996000000005,536292.0,1686.4528301886792,1687.1949685534591,1850.7878386454784,1856.0044791772,-0.0028106831584986,-0.6328734740256676,False,False,,
1070,4.5885880000000006,534352.0,1680.3522012578617,1686.4528301886792,1850.198728583059,1856.0044791772,-0.0031280908312865,-0.0728301310532023,False,False,,
1071,4.592876400000001,536528.0,1687.1949685534591,1685.7295597484276,1849.6284864349232,1856.0044791772,-0.0034353326265157,-0.3640131620357348,False,False,,
1072,4.597164800000001,536062.0,1685.7295597484276,1680.3522012578617,1844.40415622716,1856.0044791772,-0.0062501589194347,-0.5552378395206599,False,False,,
1073,4.601453200000001,533154.0,1676.5849056603774,1676.5849056603774,1840.7898889022335,1856.0044791772,-0.0081974965285166,-0.4205113643252595,False,False,,
1074,4.6057416,530624.0,1668.62893081761,1673.3522012578617,1837.710212762497,1856.0044791772,-0.0098568007889793,-0.3973984656344749,False,False,,
1075,4.61003,531045.0,1669.9528301886792,1669.9528301886792,1834.4638699463144,1856.0044791772,-0.0116059036885701,-0.1943210214172919,False,False,,
1076,4.6143184,532126.0,1673.3522012578617,1669.9528301886792,1834.616898189536,1856.0044791772,-0.0115234533254712,0.0192263689171965,False,False,,
1077,4.6186068,529669.0,1665.625786163522,1669.9528301886792,1834.7699264229784,1856.0044791772,-0.0114410029676411,0.0192263676885835,False,False,,
1078,4.6228952,526696.0,1656.2767295597484,1669.9528301886792,1834.922954646642,1856.0044791772,-0.0113585526150797,0.0192263664599701,False,False,,
1079,4.6271836,530957.0,1669.6761006289307,1669.9528301886792,1835.075982860527,1856.0044791772,-0.0112761022677872,0.0192263652313573,False,False,,
1080,4.6314720000000005,526324.0,1655.1069182389938,1669.9528301886792,1835.2290110646325,1856.0044791772,-0.0111936519257634,0.0192263639734915,False,False,,
1081,4.635760400000001,526727.0,1656.374213836478,1669.9528301886792,1835.3820392584937,1856.0044791772,-0.0111112015892594,0.0300914011685351,False,False,,
1082,4.640048800000001,530207.0,1667.317610062893,1670.125786163522,1835.7080234178843,1856.0044791772,-0.0109355639962211,0.2327737530793667,False,False,,
1083,4.644337200000001,531100.0,1670.125786163522,1673.3522012578617,1839.0874666865277,1856.0044791772,-0.0091147476638482,0.4777309817658592,False,False,,
1084,4.648625600000001,534272.0,1680.1006289308175,1677.4245283018868,1843.312821895543,1856.0044791772,-0.0068381609118116,0.4431604037347416,False,False,,
1085,4.652914,533421.0,1677.4245283018868,1680.1006289308175,1846.1419506792197,1856.0044791772,-0.0053138495130962,0.6322120710484428,False,False,,
1086,4.6572024,536524.0,1687.182389937107,1687.182389937107,1853.376739830476,1856.0044791772,-0.0014158044208433,0.9370257841708518,False,False,,
1087,4.6614908,538918.0,1694.7106918238994,1694.7106918238994,1861.0580698529216,1856.0044791772,0.0027228332325804,1.3641205660391744,False,False,,
1088,4.6657792,544721.0,1712.9591194968552,1708.5911949685535,1875.0916011225193,1856.0044791772,0.0102839848499616,0.9765350123158468,False,False,,
1089,4.6700676,543332.0,1708.5911949685535,1709.9496855345913,1876.6031198046528,1856.0044791772,0.0110983787262111,0.1964252522688629,False,False,,
1090,4.674356,543764.0,1709.9496855345913,1711.4119496855346,1878.2184120609816,1856.0044791772,0.0119686849536212,0.2082780202004279,False,False,,
1091,4.6786444000000005,544229.0,1711.4119496855346,1712.9591194968552,1879.9186099683748,1856.0044791772,0.0128847376498662,0.8149422553472867,False,False,,
1092,4.682932800000001,550726.0,1731.8427672955977,1724.0786163522012,1891.1911349100144,1856.0044791772,0.0189582816892839,1.2054909989107674,False,False,,
1093,4.687221200000001,551310.0,1733.6792452830189,1731.8427672955977,1899.108313929925,1856.0044791772,0.0232239928493242,0.6223347535324093,False,False,,
1094,4.691509600000001,548257.0,1724.0786163522012,1733.6792452830189,1901.0978199836163,1856.0044791772,0.0242959224033808,0.4633100990121273,False,False,,
1095,4.695798000000001,552974.0,1738.9119496855346,1738.9119496855346,1906.4835524430891,1856.0044791772,0.0271977109065315,0.6170010049399806,False,False,,
1096,4.7000864,554336.0,1743.1949685534591,1743.1949685534591,1910.919599357726,1856.0044791772,0.0295878166225497,0.5581322500704764,False,False,,
1097,4.7043748,556688.0,1750.5911949685535,1747.4905660377358,1915.3682248794016,1856.0044791772,0.0319846995889356,0.4838548952546504,False,False,,
1098,4.7086632,558057.0,1754.8962264150944,1750.5911949685535,1918.6218818373736,1856.0044791772,0.0337377432881699,0.4844475324562598,False,False,,
1099,4.7129516,555702.0,1747.4905660377358,1754.8962264150944,1923.0799413012903,1856.0044791772,0.0361397091853065,0.4348634467851404,False,False,,
1100,4.71724,558792.0,1757.2075471698113,1757.2075471698113,1925.544290063604,1856.0044791772,0.0374674800985567,0.6418918140654384,False,False,,
1101,4.7215284,561501.0,1765.7264150943397,1764.808176100629,1933.2979469922395,1856.0044791772,0.0416450868961831,0.5543788669881256,False,False,,
1102,4.7258168000000005,563493.0,1771.9905660377358,1765.7264150943397,1934.3692139739892,1856.0044791772,0.0422222767649406,0.4704217506676231,False,False,,
1103,4.730105200000001,561209.0,1764.808176100629,1771.9905660377358,1940.7863928956451,1856.0044791772,0.0456798001673092,0.4168867419333653,False,False,,
1104,4.734393600000001,564742.0,1775.9182389937107,1772.0566037735848,1941.0054585999756,1856.0044791772,0.0457978309731547,0.2659614796633009,False,False,,
1105,4.738682000000001,567829.0,1785.625786163522,1775.9182389937107,1945.020121778338,1856.0044791772,0.0479608985860854,0.8716379840151189,False,False,,
1106,4.742970400000001,568881.0,1788.933962264151,1785.625786163522,1954.8806968970728,1856.0044791772,0.0532736956344557,0.7657532446941495,False,False,,
1107,4.7472588,563514.0,1772.0566037735848,1787.801886792453,1957.2098254646824,1856.0044791772,0.0545286110151785,0.22368659917257,False,False,,
1108,4.7515472,568864.0,1788.880503144654,1788.880503144654,1958.4414697457837,1856.0044791772,0.0551922108582388,0.0903429445919563,False,False,,
1109,4.7558356,568521.0,1787.801886792453,1788.933962264151,1958.6479567848671,1856.0044791772,0.0553034643823548,0.1120730202106567,False,False,,
1110,4.760124,569334.0,1790.3584905660375,1790.3584905660375,1960.2255129960963,1856.0044791772,0.0561534387379815,0.2550964338387143,False,False,,
1111,4.7644124,570075.0,1792.688679245283,1792.688679245283,1962.708729574905,1856.0044791772,0.0574913754761027,0.2701099402500588,False,False,,
1112,4.7687008,574644.0,1807.0566037735848,1794.3522012578617,1964.525279477268,1856.0044791772,0.0584701176735183,0.5895420686768693,False,False,,
1113,4.7729892000000005,570604.0,1794.3522012578617,1801.767295597484,1972.093401696896,1856.0044791772,0.0625477598907306,0.8173127820386785,False,False,,
1114,4.777277600000001,575416.0,1809.4842767295595,1807.0566037735848,1977.5357377432233,1856.0044791772,0.0654800459425078,0.4111578899185648,False,False,,
1115,4.781566000000001,575492.0,1809.7232704402516,1808.006289308176,1978.6384511382623,1856.0044791772,0.0660741788809842,0.171731951063248,False,False,,
1116,4.785854400000001,572962.0,1801.767295597484,1809.4842767295595,1980.2694664103149,1856.0044791772,0.0669529565403871,0.1270865192210708,False,False,,
1117,4.790142800000001,578827.0,1820.2106918238992,1809.7232704402516,1980.661487961897,1856.0044791772,0.0671641745390395,0.2226988560914229,False,False,,
1118,4.7944312,576992.0,1814.440251572327,1812.7232704402516,1983.814515792542,1856.0044791772,0.0688630000893115,0.3155455468174999,False,False,,
1119,4.7987196,574946.0,1808.006289308176,1814.440251572327,1985.684524745484,1856.0044791772,0.0698705455849835,0.4895837065497179,False,False,,
1120,4.803008,576446.0,1812.7232704402516,1820.2106918238992,1991.60799280861,1856.0044791772,0.0730620616236472,0.4876082437895288,False,False,,
1121,4.8072964,579363.0,1821.8962264150944,1821.8962264150944,1993.4465552011136,1856.0044791772,0.0740526639703176,0.5300806654604884,False,False,,
1122,4.8115848,581959.0,1830.059748427673,1828.3427672955977,2000.0461238731464,1856.0044791772,0.0776084574751688,0.5061775796998358,False,False,,
1123,4.8158732,583217.0,1834.0157232704405,1829.6477987421383,2001.5041831014385,1856.0044791772,0.0783940478358872,0.1270865105622753,False,False,,
1124,4.8201616000000005,584550.0,1838.2075471698113,1830.059748427673,2002.0691605589452,1856.0044791772,0.0786984530589593,0.2936179164453101,False,False,,
1125,4.824450000000001,585524.0,1841.2704402515724,1834.0157232704405,2006.1781631639055,1856.0044791772,0.0809123499816554,0.2823577844867273,False,False,,
1126,4.828738400000001,581413.0,1828.3427672955977,1834.248427672956,2006.563895318836,1856.0044791772,0.0811201793049452,0.1035785146507102,False,False,,
1127,4.833026800000001,581828.0,1829.6477987421383,1835.3584905660375,2007.826985954553,1856.0044791772,0.0818007221861116,0.2679369128490059,False,False,,
1128,4.837315200000001,586715.0,1845.0157232704405,1838.2075471698113,2010.8290702911831,1856.0044791772,0.0834182206190685,0.2578620578093762,False,False,,
1129,4.8416036,583291.0,1834.248427672956,1839.1572327044023,2011.931783548852,1856.0044791772,0.0840123534835311,0.1122705416745635,False,False,,
1130,4.845892,583644.0,1835.3584905660375,1839.688679245283,2012.6162578025655,1856.0044791772,0.0843811426009028,0.1519773172305605,False,False,,
1131,4.8501804,585021.0,1839.688679245283,1841.2704402515724,2014.351046512375,1856.0044791772,0.0853158325379542,0.3538694845287526,False,False,,
1132,4.8544688,586743.0,1845.1037735849056,1845.0157232704405,2018.2493572245185,1856.0044791772,0.0874162103958091,0.2600350605211403,False,False,,
1133,4.8587572,588157.0,1849.5503144654087,1845.1037735849056,2018.49043522248,1856.0044791772,0.087546101245032,0.3040878514758702,False,False,,
1134,4.8630456,584852.0,1839.1572327044023,1849.5503144654087,2023.0900037771664,1856.0044791772,0.0900243110803474,0.3732290038523373,False,False,,
1135,4.8673340000000005,592280.0,1862.5157232704405,1850.738993710692,2024.431710686388,1856.0044791772,0.0907472117652728,0.5071652944351488,False,False,,
1136,4.871622400000001,591740.0,1860.817610062893,1857.317610062893,2031.1633546927492,1856.0044791772,0.0943741663776588,0.4514572780161643,False,False,,
1137,4.875910800000001,591547.0,1860.2106918238992,1857.619496855346,2031.618269129583,1856.0044791772,0.0946192705473619,0.2009687545840428,False,False,,
1138,4.880199200000001,590723.0,1857.619496855346,1860.2106918238992,2034.3624917327384,1856.0044791772,0.0960978351919753,0.2201307301824275,False,False,,
1139,4.884487600000001,590627.0,1857.317610062893,1860.817610062893,2035.1224375960896,1856.0044791772,0.0965072877939905,0.1640276214571638,False,False,,
1140,4.888776,593345.0,1865.8647798742136,1862.5157232704405,2036.9735784186812,1856.0044791772,0.0975046672956889,0.3139651505042256,False,False,,
1141,4.8930644,588535.0,1850.738993710692,1865.509433962264,2040.1203167157703,1856.0044791772,0.0992001040968351,0.229612941848142,False,False,,
1142,4.8973528,593232.0,1865.509433962264,1865.8647798742136,2040.628690222741,1856.0044791772,0.099474011575332,0.2584546789804935,False,False,,
1143,4.9016412,594847.0,1870.5880503144656,1869.317610062893,2044.2345479971275,1856.0044791772,0.101416818187515,0.2454166316435131,False,False,,
1144,4.9059296,594756.0,1870.301886792453,1869.4654088050315,2044.535374314729,1856.0044791772,0.1015789009416122,0.0810582309879937,False,False,,
1145,4.910218,594443.0,1869.317610062893,1870.301886792453,2045.5248798683008,1856.0044791772,0.1021120384230529,0.0822435066783029,False,False,,
1146,4.9145064000000005,595734.0,1873.377358490566,1870.4685534591192,2045.8445740908724,1856.0044791772,0.1022842870496906,0.0372029825005597,False,False,,
1147,4.918794800000001,594809.0,1870.4685534591192,1870.5880503144656,2046.117098492345,1856.0044791772,0.1024311209633637,0.1055539502644009,False,False,,
1148,4.923083200000001,594490.0,1869.4654088050315,1871.8427672955977,2047.5248430098245,1856.0044791772,0.1031896021703184,0.1721270026498143,False,False,,
1149,4.927371600000001,596470.0,1875.691823899371,1873.0220125786163,2048.857115819412,1856.0044791772,0.1039074198396906,0.1077269554919002,False,False,,
1150,4.931660000000001,595694.0,1873.251572327044,1873.251572327044,2049.239703084629,1856.0044791772,0.1041135547221813,0.0415489929555636,False,False,,
1151,4.9359484,595246.0,1871.8427672955977,1873.377358490566,2049.5185167551617,1856.0044791772,0.1042637772424719,0.1725220912702916,False,False,,
1152,4.9402368,600965.0,1889.8270440251572,1875.691823899371,2051.986009661199,1856.0044791772,0.1055932421945885,0.2780117357984757,False,False,,
1153,4.9445252,595621.0,1873.0220125786163,1877.496855345912,2053.9440685947275,1856.0044791772,0.1066482282980683,0.270307434567453,False,False,,
1154,4.9488136,597044.0,1877.496855345912,1879.688679245283,2056.288919971307,1856.0044791772,0.1079116149993867,0.3194964255042709,False,False,,
1155,4.953102,598564.0,1882.2767295597484,1882.2767295597484,2059.029997753668,1856.0044791772,0.1093884852403334,0.5703800387854514,False,False,,
1156,4.9573904,600663.0,1888.877358490566,1888.4622641509432,2065.368559802513,1856.0044791772,0.1128036505160418,0.4338756457251076,False,False,,
1157,4.9616788000000005,597741.0,1879.688679245283,1888.877358490566,2065.936681590473,1856.0044791772,0.1131097498785886,0.0453023612360183,False,False,,
1158,4.965967200000001,600531.0,1888.4622641509432,1888.877358490566,2066.089709028566,1856.0044791772,0.1131921998078909,0.0788852060149274,False,False,,
1159,4.970255600000001,603145.0,1896.682389937107,1889.8270440251572,2067.1924219914717,1856.0044791772,0.1137863325135374,0.0192262665327778,False,False,,
1160,4.974544000000001,601322.0,1890.9496855345913,1888.877358490566,2066.3957638754155,1856.0044791772,0.1133570996506892,-0.0404326729493771,False,False,,
1161,4.978832400000001,601525.0,1891.5880503144656,1888.877358490566,2066.548791284172,1856.0044791772,0.1134395495641852,0.1494091790063247,False,False,,
1162,4.9831208,601963.0,1892.9654088050315,1890.9496855345913,2068.774145727175,1856.0044791772,0.1146385522971903,0.1494091777777093,False,False,,
1163,4.9874092,601631.0,1891.9213836477988,1890.9496855345913,2068.9271731163735,1856.0044791772,0.1147210022001487,0.059328130709245,False,False,,
1164,4.9916976,603837.0,1898.8584905660375,1891.5880503144656,2069.718565275667,1856.0044791772,0.1151473978086574,0.0802680216860665,False,False,,
1165,4.995986,600610.0,1888.7106918238992,1891.9213836477988,2070.2049259781757,1856.0044791772,0.1154094449685458,0.105751474214772,False,False,,
1166,5.0002744,603337.0,1897.2861635220129,1892.9654088050315,2071.40197849527,1856.0044791772,0.1160544070527027,0.0848115807514702,False,False,,
1167,5.0045628,598174.0,1881.0503144654087,1892.9654088050315,2071.5550058448875,1856.0044791772,0.116136856934335,0.0488581796189571,False,False,,
1168,5.0088512000000005,597249.0,1878.1415094339625,1893.437106918239,2072.179731297934,1856.0044791772,0.1164734538876585,0.0488581784195982,False,False,,
1169,5.013139600000001,606532.0,1907.3333333333333,1893.437106918239,2072.3327586284586,1856.0044791772,0.1165559037590042,0.1233330769313028,False,False,,
1170,5.017428000000001,597807.0,1879.8962264150944,1895.0943396226417,2074.1430186531416,1856.0044791772,0.117531257021883,0.1233330756734361,False,False,,
1171,5.021716400000001,602113.0,1893.437106918239,1895.0943396226417,2074.2960459636433,1856.0044791772,0.1176137068824402,0.0192262517309131,False,False,,
1172,5.026004800000001,608568.0,1913.7358490566037,1895.0943396226417,2074.4490732643662,1856.0044791772,0.1176961567377287,0.1569159192530271,False,False,,
1173,5.0302932,603501.0,1897.801886792453,1897.2861635220129,2076.7939244546815,1856.0044791772,0.1189595433386892,0.0192262492737462,False,False,,
1174,5.0345816,604373.0,1900.544025157233,1895.0943396226417,2074.7551278364754,1856.0044791772,0.1178610564324992,-0.1184634207056056,False,False,,
1175,5.03887,605552.0,1904.251572327044,1895.0943396226417,2074.9081551078616,1856.0044791772,0.1179435062719813,0.0192262468164639,False,False,,
1176,5.0431584,601277.0,1890.808176100629,1895.0943396226417,2075.061182369469,1856.0044791772,0.1180259561061947,-0.038654777316486,False,False,,
1177,5.0474468,602640.0,1895.0943396226417,1894.1729559748428,2074.292825973034,1856.0044791772,0.1176119719778933,0.0192262443299835,False,False,,
1178,5.0517352,601713.0,1892.1792452830189,1895.0943396226417,2075.3672368628813,1856.0044791772,0.1181908557585641,0.0771072659764513,False,False,,
1179,5.0560236000000005,603477.0,1897.7264150943397,1895.0943396226417,2075.5202640946864,1856.0044791772,0.1182733055767201,-0.0386547810023252,False,False,,
1180,5.060312000000001,603737.0,1898.544025157233,1894.1729559748428,2074.75190766938,1856.0044791772,0.1178593214328633,-0.1200437973317871,False,False,,
1181,5.064600400000001,600000.0,1886.7924528301887,1892.877358490566,2073.60933739735,1856.0044791772,0.1172437139357649,-0.1060180217154975,False,False,,
1182,5.068888800000001,600683.0,1888.940251572327,1892.1792452830189,2073.064251392271,1856.0044791772,0.1169500260642138,-0.1107591306198596,False,False,,
1183,5.073177200000001,601935.0,1892.877358490566,1890.808176100629,2071.846209402571,1856.0044791772,0.1162937550242644,-0.1842463008230428,False,False,,
1184,5.0774656,602347.0,1894.1729559748428,1888.940251572327,2070.1313120571795,1856.0044791772,0.1153697823913149,-0.0981161792750651,False,False,,
1185,5.081754,605381.0,1903.7138364779871,1888.940251572327,2070.284339230311,1856.0044791772,0.1154522321778583,-0.115697788134625,False,False,,
1186,5.0860424,599242.0,1884.4088050314465,1886.7924528301887,2068.289567651526,1856.0044791772,0.1143774656020419,-0.129328473931098,False,False,,
1187,5.0903308,597354.0,1878.4716981132076,1886.5754716981132,2068.2256136730243,1856.0044791772,0.1143430077226461,-0.0145541601752938,False,False,,
1188,5.0946192,598072.0,1880.7295597484276,1886.254716981132,2068.0578860998385,1856.0044791772,0.1142526374810504,-0.02166582294684,False,False,,
1189,5.0989076,599829.0,1886.254716981132,1885.9245283018868,2067.8807245541434,1856.0044791772,0.1141571842923956,-0.0015161165534163,False,False,,
1190,5.1031960000000005,599475.0,1885.1415094339625,1885.9245283018868,2068.0337516783807,1856.0044791772,0.1142396340525951,-0.0299627638074184,False,False,,
1191,5.107484400000001,599455.0,1885.0786163522012,1885.1415094339625,2067.4037599249145,1856.0044791772,0.1139001996597721,-0.0299627650652851,False,False,,
1192,5.111772800000001,601073.0,1890.1666666666667,1885.1415094339625,2067.5567870291284,1856.0044791772,0.1139826494091831,0.0152753027498775,False,False,,
1193,5.116061200000001,599724.0,1885.9245283018868,1885.0786163522012,2067.646921041802,1856.0044791772,0.1140312128763973,0.0152753015505169,False,False,,
1194,5.120349600000001,599931.0,1886.5754716981132,1885.0786163522012,2067.799948126924,1856.0044791772,0.1141136626155216,0.0192262233558047,False,False,,
1195,5.124638,598916.0,1883.3836477987425,1885.0786163522012,2067.952975201335,1856.0044791772,0.1141961123488753,0.0192262221271928,False,False,,
1196,5.1289264,598290.0,1881.4150943396223,1885.0786163522012,2068.1060022668994,1856.0044791772,0.1142785620774621,-0.0872511556239548,False,False,,
1197,5.1332148,601359.0,1891.066037735849,1883.3836477987425,2066.56406076876,1856.0044791772,0.1134477766373198,-0.2109150487875997,False,False,,
1198,5.1375032,596196.0,1874.830188679245,1881.4150943396223,2064.748534354715,1856.0044791772,0.1124695858870206,-0.3873237647857426,False,False,,
1199,5.1417916,599876.0,1886.4025157232704,1876.9119496855344,2060.3984167363888,1856.0044791772,0.1101257781715054,-0.2879580509469424,False,False,,
1200,5.14608,596735.0,1876.5251572327045,1876.5251572327045,2060.164651309541,1856.0044791772,0.1099998272756588,-0.0574216914409184,False,False,,
1201,5.1503684000000005,595600.0,1872.955974842767,1875.691823899371,2059.484344992412,1856.0044791772,0.1096332838083549,-0.0872511618255522,False,False,,
1202,5.154656800000001,595500.0,1872.6415094339625,1874.830188679245,2058.775736778245,1856.0044791772,0.1092514915109134,-0.0963382861286756,False,False,,
1203,5.158945200000001,595885.0,1873.8522012578617,1873.8522012578617,2057.950776353042,1856.0044791772,0.1088070095958864,-0.0690769181922945,False,False,,
1204,5.163233600000001,596858.0,1876.9119496855344,1873.4245283018868,2057.6761303839344,1856.0044791772,0.1086590325989617,-0.0370744426094127,False,False,,
1205,5.167522000000001,595749.0,1873.4245283018868,1872.955974842767,2057.3606039014376,1856.0044791772,0.108489029516514,-0.0299627823243717,False,False,,
1206,5.1718104,596470.0,1875.691823899371,1872.6415094339625,2057.199165459942,1856.0044791772,0.108402047807522,-0.0809296910968129,False,False,,
1207,5.1760988,595093.0,1871.361635220126,1871.361635220126,2056.072318202705,1856.0044791772,0.1077949117419149,-0.4722686217594134,False,False,,
1208,5.1803872,591187.0,1859.0786163522012,1864.817610062893,2049.681319992758,1856.0044791772,0.1043514942924158,-0.7523890681066643,False,False,,
1209,5.1846756,593012.0,1864.817610062893,1859.0786163522012,2044.0953532200388,1856.0044791772,0.1013418211825775,-0.6919399464691018,False,False,,
1210,5.188964,589412.0,1853.496855345912,1853.496855345912,2038.6666191414777,1856.0044791772,0.0984168637595395,-0.3555188488999921,False,False,,
1211,5.1932524,589290.0,1853.1132075471696,1853.1132075471696,2038.435998260685,1856.0044791772,0.098292607119332,-0.1204389279006186,False,False,,
1212,5.1975408000000005,588009.0,1849.0849056603777,1851.2735849056603,2036.74940252688,1856.0044791772,0.0973838831627215,-0.2338304210415493,False,False,,
1213,5.201829200000001,585034.0,1839.7295597484276,1849.0849056603777,2034.713750179989,1856.0044791772,0.0962870903641428,-0.4272281062112029,False,False,,
1214,5.206117600000001,586445.0,1844.1666666666667,1844.1666666666667,2029.9485380744252,1856.0044791772,0.0937196331413692,-0.3225286462664289,False,False,,
1215,5.210406000000001,588705.0,1851.2735849056603,1843.6446540880504,2029.5795523746424,1856.0044791772,0.0935208266708448,-0.0734229483636337,False,False,,
1216,5.214694400000001,584926.0,1839.3899371069183,1842.691823899371,2028.7797490545524,1856.0044791772,0.0930898991978439,-0.1234021263703208,False,False,,
1217,5.2189828,584965.0,1839.512578616352,1841.374213836478,2027.6151658504696,1856.0044791772,0.092462431313392,-0.1668622812935414,False,False,,
1218,5.2232712,582321.0,1831.198113207547,1839.7295597484276,2026.1235386114508,1856.0044791772,0.0916587547836456,-0.0977211288878248,False,False,,
1219,5.2275596,585976.0,1842.691823899371,1839.512578616352,2026.0595843190936,1856.0044791772,0.0916242967351469,-0.0021087919882702,False,False,,
1220,5.231848,585557.0,1841.374213836478,1839.3899371069183,2026.0899696391336,1856.0044791772,0.0916406680965206,-0.5030858376531793,False,False,,
1221,5.2361364,579248.0,1821.5345911949685,1831.198113207547,2018.051172559457,1856.0044791772,0.087309430122763,-0.9519106988552916,False,False,,
1222,5.2404248,586279.0,1843.6446540880504,1823.9308176100628,2010.9369037718889,1856.0044791772,0.0834763204145784,-0.5878331398441556,False,False,,
1223,5.2447132000000005,580010.0,1823.9308176100628,1821.5345911949685,2008.6937041564656,1856.0044791772,0.0822677028489476,-0.2553629653089491,False,False,,
1224,5.249001600000001,577910.0,1817.3270440251572,1819.559748427673,2006.871888179528,1856.0044791772,0.0812861233337165,-0.105227890108722,False,False,,
1225,5.253290000000001,578618.0,1819.553459119497,1819.553459119497,2007.0186256519312,1856.0044791772,0.0813651842810631,-0.1210315836191853,False,False,,
1226,5.257578400000001,576282.0,1812.2075471698113,1817.3270440251572,2004.9452373279264,1856.0044791772,0.0802480596473315,-0.4422416298816483,False,False,,
1227,5.261866800000001,578620.0,1819.559748427673,1812.2075471698113,1999.978767233602,1856.0044791772,0.0775721662698941,-0.439278438812904,False,False,,
1228,5.2661552,575589.0,1810.0283018867924,1810.0283018867924,1997.95254870136,1856.0044791772,0.076480456333321,-0.1897776486330613,False,False,,
1229,5.2704436,575224.0,1808.880503144654,1808.880503144654,1996.9577767002197,1856.0044791772,0.0759444813330983,-0.7802431016196962,False,False,,
1230,5.274732,571126.0,1795.993710691824,1797.301886792453,1985.5321870797031,1856.0044791772,0.069788467299349,-0.7903179566593437,False,False,,
1231,5.2790204,571542.0,1797.301886792453,1795.993710691824,1984.3770377005144,1856.0044791772,0.0691660822824223,-0.2265212368061409,False,False,,
1232,5.2833088,570298.0,1793.3899371069183,1793.3899371069183,1981.9262908272703,1856.0044791772,0.0678456399555101,-0.2466709456568026,False,False,,
1233,5.2875972,568911.0,1789.0283018867924,1791.7610062893082,1980.4503867115427,1856.0044791772,0.067050434915713,-0.1799003471182256,False,False,,
1234,5.2918856000000005,569290.0,1790.2201257861636,1790.2201257861636,1979.0625329005015,1856.0044791772,0.0663026706583464,-0.152441433057973,False,False,,
1235,5.296174000000001,569780.0,1791.7610062893082,1789.0283018867924,1978.0237356834552,1856.0044791772,0.0657429752326613,-0.0698671422960659,False,False,,
1236,5.300462400000001,565811.0,1779.2798742138364,1788.801886792453,1977.950347261196,1856.0044791772,0.0657034341523015,-0.5576085956701631,False,False,,
1237,5.304750800000001,565991.0,1779.8459119496856,1779.8459119496856,1969.1473990811955,1856.0044791772,0.0609604778293174,-0.5789435814397921,False,False,,
1238,5.309039200000001,568839.0,1788.801886792453,1779.2798742138364,1968.734387997869,1856.0044791772,0.0607379508430086,-0.2134831993273573,False,False,,
1239,5.3133276,560095.0,1761.3050314465409,1776.1415094339625,1965.7490498612035,1856.0044791772,0.059129475125327,-0.6636908836015118,False,False,,
1240,5.317616,564813.0,1776.1415094339625,1768.4088050314465,1958.1693720916528,1856.0044791772,0.0550456068725352,-0.6990516462745404,False,False,,
1241,5.3219044,561177.0,1764.7075471698113,1764.7075471698113,1954.621140853203,1856.0044791772,0.0531338489655594,-0.2308672644909748,False,False,,
1242,5.3261928,562354.0,1768.4088050314465,1764.427672955975,1954.4942932532392,1856.0044791772,0.0530655045184489,-0.1945187735386424,False,False,,
1243,5.3304812,557595.0,1753.4433962264152,1761.3050314465409,1951.524678347433,1856.0044791772,0.0514655003486731,-0.4001643202333165,False,False,,
1244,5.3347696,558965.0,1757.751572327044,1757.751572327044,1948.1242458217853,1856.0044791772,0.0496333751766717,-0.474639221202235,False,False,,
1245,5.3390580000000005,557441.0,1752.9591194968552,1753.4433962264152,1943.969096305227,1856.0044791772,0.0473946146762657,-0.2818341769492862,False,False,,
1246,5.343346400000001,561088.0,1764.427672955975,1752.9591194968552,1943.637846149958,1856.0044791772,0.0472161398078131,-0.8110603224864334,False,False,,
1247,5.347634800000001,552487.0,1737.380503144654,1740.2264150943397,1931.058168311955,1856.0044791772,0.0404383125023639,-0.8817818465746283,False,False,,
1248,5.351923200000001,553392.0,1740.2264150943397,1738.6163522012578,1929.6011319731408,1856.0044791772,0.0396532732661117,-0.1595531118599815,False,False,,
1249,5.356211600000001,552880.0,1738.6163522012578,1737.380503144654,1928.518309461492,1856.0044791772,0.0390698573725632,-0.2138783051776336,False,False,,
1250,5.3605,551700.0,1734.9056603773586,1734.9056603773586,1926.196493229372,1856.0044791772,0.0378188818182644,-0.2879581138695126,False,False,,
1251,5.3647884,550932.0,1732.4905660377358,1732.4905660377358,1923.9344254146804,1856.0044791772,0.0366000982215274,-0.5289644219793148,False,False,,
1252,5.3690768,548101.0,1723.5880503144654,1726.1792452830189,1917.776131175116,1856.0044791772,0.0332820597638321,-0.5400270077554814,False,False,,
1253,5.3733652,547718.0,1722.3836477987422,1723.5880503144654,1915.3379627124011,1856.0044791772,0.0319683945814101,-0.2192120562565547,False,False,,
1254,5.3776536,548925.0,1726.1792452830189,1722.3836477987422,1914.2865866922727,1856.0044791772,0.0314019217997309,-0.1828635653334744,False,False,,
1255,5.381942,545128.0,1714.2389937106918,1720.37106918239,1912.427034561736,1856.0044791772,0.0304000103542579,-0.2490415278698017,False,False,,
1256,5.3862304000000005,546360.0,1718.1132075471698,1718.1132075471698,1910.3221994025528,1856.0044791772,0.0292659424234971,-0.365988851767558,False,False,,
1257,5.390518800000001,547078.0,1720.37106918239,1714.2389937106918,1906.6010120323328,1856.0044791772,0.0272609971704179,-0.3578894607167302,False,False,,
1258,5.394807200000001,544451.0,1712.1100628930817,1712.1100628930817,1904.6251076712017,1856.0044791772,0.0261963960968218,-0.5789436073284095,False,False,,
1259,5.399095600000001,542100.0,1704.7169811320755,1704.7169811320755,1897.3850523568951,1856.0044791772,0.0222955136390835,-0.7480431156889615,False,False,,
1260,5.403384000000001,539339.0,1696.0345911949685,1699.8962264150944,1892.7173240763696,1856.0044791772,0.0197805799021806,-0.3912747643154026,False,False,,
1261,5.4076724,540567.0,1699.8962264150944,1698.182389937107,1891.1565140255248,1856.0044791772,0.0189396282405031,-0.1342672202570902,False,False,,
1262,5.4119608,539472.0,1696.4528301886792,1697.4528301886792,1890.5799806944603,1856.0044791772,0.0186289968074798,-0.089424244748216,False,False,,
1263,5.4162492,539790.0,1697.4528301886792,1696.4528301886792,1889.7330071015792,1856.0044791772,0.0181726543781466,-0.0698671768434935,False,False,,
1264,5.4205376,540022.0,1698.182389937107,1696.0345911949685,1889.4677945052083,1856.0044791772,0.0180297600051285,-0.4706883227991147,False,False,,
1265,5.424826,534683.0,1681.3930817610062,1688.6540880503144,1882.2403177485812,1856.0044791772,0.014135654771163,-0.8015781305662844,False,False,,
1266,5.4291144000000005,536992.0,1688.6540880503144,1682.9685534591194,1876.7078095351685,1856.0044791772,0.0111547846948875,-0.4369079330956857,False,False,,
1267,5.4334028000000005,534101.0,1679.562893081761,1681.3930817610062,1875.2853642050584,1856.0044791772,0.0103883828105879,-0.1947163505533806,False,False,,
1268,5.437691200000001,535184.0,1682.9685534591194,1679.562893081761,1873.608201884038,1856.0044791772,0.0094847414994612,-0.1814807595204624,False,False,,
1269,5.441979600000001,531133.0,1670.2295597484276,1678.198113207547,1872.3964483582697,1856.0044791772,0.0088318586323328,-0.2741299065798808,False,False,,
1270,5.446268000000001,533667.0,1678.198113207547,1674.8930817610062,1869.2444432503953,1856.0044791772,0.0071335841167068,-0.2304722079607036,False,False,,
1271,5.450556400000001,532403.0,1674.2232704402516,1674.2232704402516,1868.7276582585284,1856.0044791772,0.0068551445990954,-0.2737348167308516,False,False,,
1272,5.4548448,532616.0,1674.8930817610062,1670.2295597484276,1864.8869738858136,1856.0044791772,0.0047858153405702,-0.3110710409354474,False,False,,
1273,5.4591332,529321.0,1664.5314465408806,1668.9654088050315,1863.7758492512817,1856.0044791772,0.0041871504952007,-0.3260845498039517,False,False,,
1274,5.4634216,528839.0,1663.0157232704405,1664.7327044025158,1859.696171148317,1856.0044791772,0.0019890533738117,-0.259313951265389,False,False,,
1275,5.46771,529385.0,1664.7327044025158,1664.5314465408806,1859.6479395759884,1856.0044791772,0.0019630665979877,-0.0623604378253763,False,False,,
1276,5.4719984,528972.0,1663.433962264151,1663.433962264151,1858.7034815787863,1856.0044791772,0.001454200370671,-0.0759911235925948,False,False,,
1277,5.4762868000000005,530731.0,1668.9654088050315,1663.0157232704405,1858.4382688552903,1856.0044791772,0.0013113059291587,-0.0653236325507145,False,False,,
1278,5.4805752000000005,528544.0,1662.0880503144654,1662.0880503144654,1857.6636221592853,1856.0044791772,0.00089393263901,-0.0441861954207427,False,False,,
1279,5.484863600000001,522296.0,1642.440251572327,1662.006289308176,1857.734887403187,1856.0044791772,0.0009323297682741,-0.2998109188349546,False,False,,
1280,5.489152000000001,528518.0,1662.006289308176,1657.0094339622642,1852.891058297687,1856.0044791772,-0.0016774856496536,-0.3367520507040032,False,False,,
1281,5.493440400000001,526716.0,1656.339622641509,1656.339622641509,1852.3742732075657,1856.0044791772,-0.001955925220204,-0.1881973447582917,False,False,,
1282,5.497728800000001,525879.0,1653.7075471698113,1653.7075471698113,1849.895223956722,1856.0044791772,-0.0032916166361766,-0.5582012908507172,False,False,,
1283,5.5020172,526929.0,1657.0094339622642,1647.1477987421383,1843.4885017401243,1856.0044791772,-0.0067435060515715,-0.4185361617971003,False,False,,
1284,5.5063056,523663.0,1646.7389937106918,1646.7389937106918,1843.2327229099749,1856.0044791772,-0.0068813175886769,-0.2765004789347094,False,False,,
1285,5.510594,523793.0,1647.1477987421383,1642.440251572327,1839.087006962662,1856.0044791772,-0.0091149953592988,-0.3019839339206254,False,False,,
1286,5.5148824,520367.0,1636.374213836478,1641.625786163522,1838.4255677355957,1856.0044791772,-0.0094713733931274,-0.3618404195559104,False,False,,
1287,5.5191708,522037.0,1641.625786163522,1636.374213836478,1833.327021580046,1856.0044791772,-0.012218428269746,-0.4230797282632965,False,False,,
1288,5.5234592000000005,518114.0,1629.2893081761006,1634.5849056603774,1831.6907395661265,1856.0044791772,-0.0131000436064961,-0.1546145073510774,False,False,,
1289,5.5277476000000005,519798.0,1634.5849056603774,1633.6069182389938,1830.8657782966793,1856.0044791772,-0.0135445259763947,-0.1419715548068874,False,False,,
1290,5.532036000000001,519487.0,1633.6069182389938,1632.0188679245282,1829.430754124371,1856.0044791772,-0.0143177052377638,-0.2520047633441398,False,False,,
1291,5.536324400000001,517970.0,1628.8364779874214,1629.2893081761006,1826.8542205083224,1856.0044791772,-0.0157059204306448,-0.1806906032829338,False,False,,
1292,5.540612800000001,517697.0,1627.9779874213837,1628.8364779874214,1826.554416442243,1856.0044791772,-0.0158674524040009,-0.0631506433536757,False,False,,
1293,5.544901200000001,518982.0,1632.0188679245282,1627.9779874213837,1825.848951989492,1856.0044791772,-0.0162475508685606,-0.0686819368999618,False,False,,
1294,5.5491896,517144.0,1626.2389937106918,1627.437106918239,1825.4610975889236,1856.0044791772,-0.0164565236404045,-0.0900169226988114,False,False,,
1295,5.553478,516775.0,1625.0786163522012,1626.2389937106918,1824.4160104746395,1856.0044791772,-0.0170196080111638,-0.1289335160701687,False,False,,
1296,5.5577664,516487.0,1624.1729559748428,1625.0786163522012,1823.4086591996331,1856.0044791772,-0.0175623606210352,-0.1105617250843988,False,False,,
1297,5.5620548,517525.0,1627.437106918239,1624.1729559748428,1822.6560248955147,1856.0044791772,-0.0179678738148677,-0.10424024941197,False,False,,
1298,5.5663432,516150.0,1623.1132075471698,1623.1132075471698,1821.7493025317683,1856.0044791772,-0.0184564083921918,-0.4724662801258876,False,False,,
1299,5.5706316000000005,513998.0,1616.3459119496856,1616.3459119496856,1815.135032987966,1856.0044791772,-0.0220201226062515,-0.4058932277404738,False,False,,
1300,5.5749200000000005,512432.0,1611.4213836477988,1616.3459119496856,1815.2880590323348,1856.0044791772,-0.0219376734278763,0.0192260926255252,False,False,,
1301,5.579208400000001,513725.0,1615.487421383648,1616.3459119496856,1815.441085066459,1856.0044791772,-0.0218552242550209,0.019226091396912,False,False,,
1302,5.583496800000001,513718.0,1615.4654088050315,1616.3459119496856,1815.59411109127,1856.0044791772,-0.0217727750871833,0.0192260901682992,False,False,,
1303,5.587785200000001,510680.0,1605.9119496855346,1616.3459119496856,1815.7471371058364,1856.0044791772,-0.0216903259248654,0.0192260889104334,False,False,,
1304,5.592073600000001,510838.0,1606.4088050314465,1616.3459119496856,1815.900163110624,1856.0044791772,-0.0216078767678163,0.0192260876818219,False,False,,
1305,5.596362,504618.0,1586.8490566037735,1616.3459119496856,1816.0531891056328,1856.0044791772,-0.021525427616036,0.0192260864239561,False,False,,
1306,5.6006504,512162.0,1610.572327044025,1616.3459119496856,1816.2062150903969,1856.0044791772,-0.0214429784697753,0.2548986459120543,False,False,,
1307,5.6049388,515458.0,1620.937106918239,1620.0974842767296,1820.1108133928915,1856.0044791772,-0.0193392129097774,0.3076434676056991,True,False,1307.0,4.0
1308,5.6092272,515191.0,1620.0974842767296,1620.937106918239,1821.1034620000728,1856.0044791772,-0.0188043819768147,0.5844056269505364,False,False,,
1309,5.6135156,518052.0,1629.0943396226414,1629.0943396226414,1829.4137206603684,1856.0044791772,-0.014326882728548,0.6061357025399843,False,False,,
1310,5.6178040000000005,518429.0,1630.2798742138364,1630.2798742138364,1830.752281197212,1856.0044791772,-0.0136056772832697,1.016043969112875,False,False,,
1311,5.6220924000000005,523324.0,1645.6729559748428,1644.9622641509434,1845.5876970706545,1856.0044791772,-0.0056124768142605,0.9862144987575078,False,False,,
1312,5.626380800000001,523098.0,1644.9622641509434,1645.6729559748428,1846.4514148206445,1856.0044791772,-0.0051471127703261,1.167759412251235,False,False,,
1313,5.630669200000001,528912.0,1663.245283018868,1663.245283018868,1864.1767677809817,1856.0044791772,0.004403162112736,1.5642345404094165,False,False,,
1314,5.634957600000001,531145.0,1670.2672955974842,1670.2672955974842,1871.3518062661308,1856.0044791772,0.0082690140358575,0.5729479426372347,False,False,,
1315,5.639246000000001,531715.0,1672.059748427673,1672.059748427673,1873.2972849930736,1856.0044791772,0.0093172220271471,1.0517998166623177,False,False,,
1316,5.6435344,538704.0,1694.0377358490566,1686.7044025157234,1888.0949649680992,1856.0044791772,0.0172900907034047,1.3998761372969095,False,False,,
1317,5.6478228,536372.0,1686.7044025157234,1694.0377358490566,1895.5813241786288,1856.0044791772,0.0213236796815134,0.7807664920729165,False,False,,
1318,5.6521112,540227.0,1698.8270440251572,1698.8270440251572,1900.5236582221469,1856.0044791772,0.0239865687526158,0.3653269307544109,False,False,,
1319,5.6563996,540456.0,1699.5471698113208,1699.5471698113208,1901.396809865949,1856.0044791772,0.0244570157012079,0.8054597587603682,False,False,,
1320,5.660688,544207.0,1711.3427672955977,1711.3427672955977,1913.3454331980856,1856.0044791772,0.0308948360115519,1.0905188565378103,False,False,,
1321,5.6649764000000005,546083.0,1717.24213836478,1716.6006289308175,1918.7563206713864,1856.0044791772,0.0338101778299616,0.3898226500308337,False,False,,
1322,5.6692648000000005,545879.0,1716.6006289308175,1717.24213836478,1919.550855933185,1856.0044791772,0.0342382669163364,0.9200365238472784,False,False,,
1323,5.673553200000001,550539.0,1731.254716981132,1730.940251572327,1933.4019949587896,1856.0044791772,0.0417011470876951,0.899491722719556,False,False,,
1324,5.677841600000001,550439.0,1730.940251572327,1731.254716981132,1933.8694861763383,1856.0044791772,0.0419530275237576,0.5948755533223133,False,False,,
1325,5.682130000000001,555865.0,1748.003144654088,1740.1037735849056,1942.8715685786117,1856.0044791772,0.04680327573343,1.0713568735092318,False,False,,
1326,5.686418400000001,556699.0,1750.625786163522,1748.003144654088,1950.9239654369808,1856.0044791772,0.0511418411564718,0.6802154890290657,False,False,,
1327,5.6907068,553353.0,1740.1037735849056,1750.625786163522,1953.699632725356,1856.0044791772,0.0526373479397346,0.5051895960737998,False,False,,
1328,5.6949952,558325.0,1755.7389937106918,1755.7389937106918,1958.965866041689,1856.0044791772,0.0554747512840775,0.614235071388034,False,False,,
1329,5.6992836,560294.0,1761.9308176100628,1760.0974842767296,1963.4773823671107,1856.0044791772,0.0579055193000156,0.4081944324162991,False,False,,
1330,5.703572,559711.0,1760.0974842767296,1761.9308176100628,1965.4637414500492,1856.0044791772,0.0589757532920256,0.5790718536395465,False,False,,
1331,5.7078604,562545.0,1769.0094339622642,1769.0094339622642,1972.6953835416111,1856.0044791772,0.0628721027743113,0.8686745129396041,False,False,,
1332,5.7121488000000005,564594.0,1775.4528301886792,1775.4528301886792,1979.2918054980737,1856.0044791772,0.0664262008546062,0.9923384036167402,False,False,,
1333,5.7164372000000006,567471.0,1784.5,1784.5,1988.4920010296628,1856.0044791772,0.0713831907944515,0.6780424726855401,False,False,,
1334,5.720725600000001,567929.0,1785.940251572327,1785.940251572327,1990.0852783120135,1856.0044791772,0.0722416355343356,0.5261294796789269,False,False,,
1335,5.725014000000001,570037.0,1792.5691823899372,1792.5691823899372,1996.8672348303344,1856.0044791772,0.0758956981157618,0.7837296621674881,False,False,,
1336,5.729302400000001,571799.0,1798.1100628930817,1798.1100628930817,2002.5611410239453,1856.0044791772,0.0789635281008139,0.4601490620378818,False,False,,
1337,5.733590800000001,572269.0,1799.5880503144654,1799.5880503144654,2004.192154126016,1856.0044791772,0.0798423045910484,0.2633930922938461,False,False,,
1338,5.7378792,575334.0,1809.2264150943397,1801.996855345912,2006.7539848288368,1856.0044791772,0.0812225979747994,0.6247050051899965,False,False,,
1339,5.7421676,573035.0,1801.996855345912,1809.2264150943397,2014.136570238394,1856.0044791772,0.0852002744795621,0.8607726569551541,False,False,,
1340,5.746456,577295.0,1815.3930817610064,1815.3930817610064,2020.4562625564113,1856.0044791772,0.0886052728989725,0.5778865644052136,False,False,,
1341,5.7507444,579447.0,1822.160377358491,1818.119496855346,2023.3357032923227,1856.0044791772,0.0901566919651528,0.4443453636422472,False,False,,
1342,5.7550328,580019.0,1823.9591194968552,1822.160377358491,2027.5296094272603,1856.0044791772,0.0924163342138594,0.3860692472321965,False,False,,
1343,5.7593212000000005,578162.0,1818.119496855346,1823.9591194968552,2029.4813771876388,1856.0044791772,0.093467930684814,0.1545451544739204,False,False,,
1344,5.7636096000000006,585339.0,1840.688679245283,1824.314465408805,2029.989748711358,1856.0044791772,0.0937418370947514,0.6604608514812966,False,False,,
1345,5.767898000000001,583265.0,1834.1666666666667,1834.1666666666667,2039.994975571676,1856.0044791772,0.0991325713157988,0.7616044806984821,False,False,,
1346,5.772186400000001,580132.0,1824.314465408805,1836.132075471698,2042.1134099693843,1856.0044791772,0.1002739664048062,0.428936757523644,False,False,,
1347,5.776474800000001,583890.0,1836.132075471698,1840.688679245283,2046.8230393254023,1856.0044791772,0.1028114760977277,0.9619162775135396,False,False,,
1348,5.780763200000001,589355.0,1853.317610062893,1851.138364779874,2057.4257504331126,1856.0044791772,0.1085241299337845,0.8125713844687041,False,False,,
1349,5.7850516,590874.0,1858.0943396226417,1853.317610062893,2059.758021278541,1856.0044791772,0.1097807383480392,0.4561981229442811,False,False,,
1350,5.78934,588662.0,1851.138364779874,1858.0943396226417,2064.687776391851,1856.0044791772,0.112436849994653,0.6399160441812395,False,False,,
1351,5.7936284,596680.0,1876.3522012578617,1863.198113207547,2069.944575520074,1856.0044791772,0.115269170275773,0.4000950129903593,False,False,,
1352,5.7979168,599116.0,1884.012578616352,1864.1572327044023,2071.0567205504676,1856.0044791772,0.1158683849020688,0.8455615871315576,False,False,,
1353,5.8022052,592497.0,1863.198113207547,1876.3522012578617,2083.404714627686,1856.0044791772,0.1225213828962831,0.8738106858044645,False,False,,
1354,5.8064936000000005,597128.0,1877.761006289308,1877.761006289308,2084.9665451731134,1856.0044791772,0.1233628843920767,0.2908519866085051,False,False,,
1355,5.810782000000001,598055.0,1880.6761006289307,1880.6761006289307,2088.0346650169377,1856.0044791772,0.1250159622150269,0.4119477772360849,False,False,,
1356,5.815070400000001,592802.0,1864.1572327044023,1884.012578616352,2091.524168498316,1856.0044791772,0.1268960780878752,0.6910804904188126,False,False,,
1357,5.819358800000001,603539.0,1897.9213836477988,1891.37106918239,2099.035684548998,1856.0044791772,0.1309432213652511,0.5211907974748762,False,False,,
1358,5.823647200000001,601657.0,1892.003144654088,1892.003144654088,2099.820785495095,1856.0044791772,0.1313662273196578,0.0690076516690965,False,False,,
1359,5.827935600000001,601708.0,1892.1635220125784,1892.1635220125784,2100.134188318672,1856.0044791772,0.1315350861920866,0.391007880116339,False,False,,
1360,5.832224,605596.0,1904.3899371069183,1897.9213836477988,2106.0450754091994,1856.0044791772,0.1347198237058387,0.7252559700006582,False,False,,
1361,5.8365124,601456.0,1891.37106918239,1903.4025157232704,2111.6792329297336,1856.0044791772,0.1377554615955877,0.4255784544030145,False,False,,
1362,5.8408008,606689.0,1907.8270440251572,1904.3899371069183,2112.8196797486653,1856.0044791772,0.1383699249935625,0.0927131851042553,False,False,,
1363,5.8450892,605654.0,1904.572327044025,1904.572327044025,2113.1550951112768,1856.0044791772,0.1385506440415899,0.2351439603020964,False,False,,
1364,5.8493776,605282.0,1903.4025157232704,1907.8270440251572,2116.562837508135,1856.0044791772,0.1403867077122816,0.2278347514066823,False,False,,
1365,5.8536660000000005,606710.0,1907.8930817610064,1907.8930817610064,2116.7819006499312,1856.0044791772,0.1405047371374548,0.2657636115842656,False,False,,
1366,5.857954400000001,609306.0,1916.0566037735848,1911.751572327044,2120.793416612137,1856.0044791772,0.1426661090561176,0.2884814179687431,False,False,,
1367,5.862242800000001,608073.0,1912.1792452830189,1912.1792452830189,2121.3741149545012,1856.0044791772,0.1429789845630892,0.1306420403674124,False,False,,
1368,5.866531200000001,608501.0,1913.5251572327045,1913.5251572327045,2122.8730522807973,1856.0044791772,0.1437865997079408,0.2628004155718244,False,False,,
1369,5.870819600000001,607937.0,1911.751572327044,1916.0566037735848,2125.557524188044,1856.0044791772,0.1452329711673656,0.369475337048204,False,False,,
1370,5.875108000000001,612670.0,1926.6352201257864,1919.1006289308175,2128.7545747023296,1856.0044791772,0.1469555157787359,0.5391674813817922,False,False,,
1371,5.8793964,610274.0,1919.1006289308175,1924.3333333333333,2134.140304451653,1856.0044791772,0.1498573028216804,0.4925465880080288,False,False,,
1372,5.8836848,613338.0,1928.7358490566037,1926.6352201257864,2136.5952165816007,1856.0044791772,0.1511799893547625,0.295790618234669,False,False,,
1373,5.8879732,614521.0,1932.455974842767,1928.7358490566037,2138.848870839669,1856.0044791772,0.1523942397961555,0.3848839320507551,False,False,,
1374,5.8922616,611938.0,1924.3333333333333,1932.455974842767,2142.722021943304,1856.0044791772,0.1544810618631755,0.3973293384710459,False,False,,
1375,5.89655,620214.0,1950.3584905660375,1934.754716981132,2145.1737893893614,1856.0044791772,0.155802054066354,0.3864642988187761,False,False,,
1376,5.9008384000000005,616757.0,1939.487421383648,1938.301886792453,2148.8739844985957,1856.0044791772,0.1577956888612844,0.2622077672541927,False,False,,
1377,5.905126800000001,617424.0,1941.5849056603777,1938.622641509434,2149.347764503712,1856.0044791772,0.1580509576445398,0.0780947512829222,False,False,,
1378,5.909415200000001,615252.0,1934.754716981132,1939.238993710692,2150.1171419833254,1856.0044791772,0.1584654919240878,0.0735511885316775,False,False,,
1379,5.913703600000001,616482.0,1938.622641509434,1939.487421383648,2150.5185949248585,1856.0044791772,0.1586817914783383,0.0950837179972268,False,False,,
1380,5.917992000000001,618377.0,1944.5817610062893,1940.446540880503,2151.630739680512,1856.0044791772,0.1592810059566064,0.1509892780828963,False,False,,
1381,5.922280400000001,616678.0,1939.238993710692,1941.5849056603777,2152.92212970894,1856.0044791772,0.1599767963185998,0.1725218075484669,False,False,,
1382,5.9265688,616380.0,1938.301886792453,1942.8867924528304,2154.377041740633,1856.0044791772,0.160760690995588,0.1010100988768947,False,False,,
1383,5.9308572,617838.0,1942.8867924528304,1942.8867924528304,2154.530066969629,1856.0044791772,0.1608431397346469,0.1257033667929192,False,False,,
1384,5.9351456,617062.0,1940.446540880503,1944.5817610062893,2156.3780607427707,1856.0044791772,0.1618388236318975,0.125703365564302,False,False,,
1385,5.939434,623585.0,1960.9591194968552,1944.5817610062893,2156.5310859522087,1856.0044791772,0.1619212723604188,0.4753600553949439,False,False,,
1386,5.9437224,622198.0,1956.5974842767296,1951.8427672955977,2163.945117441176,1856.0044791772,0.1659158917550089,0.7209099225701507,False,False,,
1387,5.9480108000000005,621929.0,1955.751572327044,1955.751572327044,2168.0069476629683,1856.0044791772,0.1681043725843186,0.2803819998006531,False,False,,
1388,5.952299200000001,622008.0,1956.0,1956.0,2168.4084005160257,1856.0044791772,0.1683206720908992,0.0348321301682226,False,False,,
1389,5.956587600000001,622529.0,1957.638364779874,1956.0,2168.561425686348,1856.0044791772,0.1684031207983454,0.0567597519400706,False,False,,
1390,5.960876000000001,622845.0,1958.632075471698,1956.5974842767296,2169.3119351236214,1856.0044791772,0.1688074891313388,0.0567597506822039,False,False,,
1391,5.965164400000001,620686.0,1951.8427672955977,1956.5974842767296,2169.4649602739205,1856.0044791772,0.1688899378279966,0.084613757048757,False,False,,
1392,5.969452800000001,616938.0,1940.0566037735848,1957.638364779874,2170.6588659180507,1856.0044791772,0.1695332044027946,0.0846137558493893,False,False,,
1393,5.9737412,622593.0,1957.839622641509,1957.638364779874,2170.8118910492576,1856.0044791772,0.1696156530891657,0.031868931698554,False,False,,
1394,5.9780296,623286.0,1960.018867924528,1957.839622641509,2171.1661740318555,1856.0044791772,0.1698065378561868,0.0792800072276911,False,False,,
1395,5.982318,622833.0,1958.5943396226417,1958.5943396226417,2172.0739161246365,1856.0044791772,0.1702956218551561,0.0690076060348978,False,False,,
1396,5.9866064,620471.0,1951.1666666666667,1958.632075471698,2172.264677075098,1856.0044791772,0.1703984022916269,0.0447094279386952,False,False,,
1397,5.9908948,624520.0,1963.8993710691825,1959.0,2172.7856266950257,1856.0044791772,0.1706790856767008,0.1063438264951663,False,False,,
1398,5.9951832000000005,620108.0,1950.0251572327045,1960.018867924528,2173.957519701401,1856.0044791772,0.1713104920227106,0.0869843022863641,False,False,,
1399,5.999471600000001,624297.0,1963.198113207547,1960.0786163522012,2174.1702932016074,1856.0044791772,0.1714251326405505,0.0229793474347665,False,False,,
1400,6.003760000000001,622962.0,1959.0,1960.0786163522012,2174.3233182638965,1856.0044791772,0.1715075812897891,0.0192259692669267,False,True,1307.0,4.0
1401,6.008048400000001,624036.0,1962.377358490566,1960.0786163522012,2174.4763433164067,1856.0044791772,0.171590029933759,0.1505941598879658,False,False,,
1402,6.012336800000001,623970.0,1962.169811320755,1962.169811320755,2176.7205633276917,1856.0044791772,0.1727991972803163,0.1636322047677083,False,False,,
1403,6.016625200000001,623305.0,1960.0786163522012,1962.377358490566,2177.081135530455,1856.0044791772,0.1729934706276107,0.0581425577238121,False,False,,
1404,6.0209136,624185.0,1962.8459119496856,1962.7893081761008,2177.6461102386975,1856.0044791772,0.1732978743694018,0.0192259643232333,False,False,,
1405,6.025202,626421.0,1969.877358490566,1962.377358490566,2177.3871855665575,1856.0044791772,0.1731583678784181,0.0071756477520317,False,False,,
1406,6.0294904,625895.0,1968.2232704402516,1962.5974842767296,2177.7603363558715,1856.0044791772,0.1733594184650414,0.0192259618659953,False,False,,
1407,6.0337788,620247.0,1950.4622641509432,1962.377358490566,2177.6932355635445,1856.0044791772,0.1733232651081504,0.0053977299455958,False,False,,
1408,6.0380672,623243.0,1959.8836477987425,1962.377358490566,2177.8462605476025,1856.0044791772,0.1734057137152388,0.0061879133004119,False,False,,
1409,6.0423556000000005,624317.0,1963.261006289308,1962.169811320755,2177.791738351605,1856.0044791772,0.1733763376029454,-0.1251802798071075,False,False,,
1410,6.046644000000001,625237.0,1966.1540880503144,1960.0786163522012,2175.853568347086,1856.0044791772,0.1723320674913892,-0.1243900964230952,False,False,,
1411,6.050932400000001,624167.0,1962.7893081761008,1959.8836477987425,2175.811624747883,1856.0044791772,0.1723094686239438,0.0069780941979473,False,False,,
1412,6.055220800000001,620265.0,1950.518867924528,1959.8836477987425,2175.9646496923597,1856.0044791772,0.1723919172097061,-0.3241092597224408,False,False,,
1413,6.059509200000001,624106.0,1962.5974842767296,1954.4182389937107,2170.6522658220256,1856.0044791772,0.1695296483251563,-0.3241092609510581,False,False,,
1414,6.063797600000001,618346.0,1944.4842767295595,1954.4182389937107,2170.8052907469446,1856.0044791772,0.1696120969003811,0.0192259520078401,False,False,,
1415,6.068086,620854.0,1952.37106918239,1954.4182389937107,2170.9583156620847,1856.0044791772,0.1696945454703371,0.01922595077923,False,False,,
1416,6.0723744,621505.0,1954.4182389937107,1954.4182389937107,2171.111340567446,1856.0044791772,0.1697769940350243,-0.0637434348047136,False,False,,
1417,6.0766628,620511.0,1951.2924528301887,1953.0974842767296,2169.9436107455817,1856.0044791772,0.169147830778704,-0.093572905160066,False,False,,
1418,6.0809512,619022.0,1946.6100628930817,1952.622641509434,2169.62179286409,1856.0044791772,0.1689744379420474,-0.0106035220333531,False,False,,
1419,6.0852396,624255.0,1963.066037735849,1952.622641509434,2169.7748177401145,1856.0044791772,0.1690568864909283,0.0192259458355188,False,False,,
1420,6.0895280000000005,620904.0,1952.5283018867924,1952.622641509434,2169.9278426058945,1856.0044791772,0.1691393350342895,0.0192259445776521,False,False,,
1421,6.093816400000001,621559.0,1954.5880503144656,1952.622641509434,2170.0808674618957,1856.0044791772,0.169221783572382,0.0192259433782915,False,False,,
1422,6.098104800000001,621085.0,1953.0974842767296,1952.622641509434,2170.2338923085836,1856.0044791772,0.1693042321054565,0.0192259421204248,False,False,,
1423,6.102393200000001,621697.0,1955.0220125786163,1952.622641509434,2170.3869171445613,1856.0044791772,0.1693866806327604,0.0132995562970563,False,False,,
1424,6.106681600000001,620934.0,1952.622641509434,1952.5283018867924,2170.4456023490493,1856.0044791772,0.1694182997399051,0.0132995550684427,False,False,,
1425,6.110970000000001,620498.0,1951.251572327044,1952.5283018867924,2170.598627165469,1856.0044791772,0.1695007482566714,0.0192259384053379,False,False,,
1426,6.1152584,621431.0,1954.185534591195,1952.5283018867924,2170.751651972576,1856.0044791772,0.1695831967684199,-0.0609778009758876,False,False,,
1427,6.1195468,616842.0,1939.754716981132,1951.251572327044,2169.6279472101555,1856.0044791772,0.1689777538532614,-0.7385611075342098,False,False,,
1428,6.1238352,622360.0,1957.1069182389936,1940.4654088050315,2158.994808475692,1856.0044791772,0.1632487058613204,-0.6980641473655993,False,False,,
1429,6.1281236,616867.0,1939.8333333333333,1939.8333333333333,2158.5157577817636,1856.0044791772,0.162990597274136,-0.025419497122666,False,False,,
1430,6.132412,617068.0,1940.4654088050315,1939.754716981132,2158.5901661970884,1856.0044791772,0.1630306879183987,-0.3819903048002899,False,False,,
1431,6.1367004000000005,613780.0,1930.125786163522,1933.446540880503,2152.4350148546714,1856.0044791772,0.1597143428279248,-0.5167167824822592,False,False,,
1432,6.140988800000001,614836.0,1933.446540880503,1931.2232704402516,2150.3647691623873,1856.0044791772,0.1585989114184048,-0.1893828079583528,False,False,,
1433,6.145277200000001,609037.0,1915.2106918238992,1930.125786163522,2149.420309623847,1856.0044791772,0.1580900443606276,-0.2275092167463448,False,False,,
1434,6.149565600000001,614129.0,1931.2232704402516,1927.2955974842769,2146.743145673011,1856.0044791772,0.1566476103682147,-0.189382810386359,False,False,,
1435,6.153854000000001,611527.0,1923.0408805031448,1926.8050314465409,2146.4056043543724,1856.0044791772,0.1564657458725058,-0.2480540191026747,False,False,,
1436,6.158142400000001,612724.0,1926.8050314465409,1923.0408805031448,2142.7944781198285,1856.0044791772,0.1545201006571749,-0.5597818500429312,False,False,,
1437,6.1624308,612880.0,1927.2955974842769,1917.5880503144656,2137.4946726302223,1856.0044791772,0.1516646089010582,-0.4726639977291462,False,False,,
1438,6.1667192,608963.0,1914.9779874213837,1915.2106918238992,2135.270338828951,1856.0044791772,0.1504661560814522,-0.1447373847164819,False,False,,
1439,6.1710076,609793.0,1917.5880503144656,1914.9779874213837,2135.1906591059505,1856.0044791772,0.1504232252998219,-0.1970871165610859,False,False,,
1440,6.175296,607025.0,1908.8836477987425,1911.767295597484,2132.132991951322,1856.0044791772,0.1487757793001311,-0.3636185249012875,False,False,,
1441,6.1795844,607942.0,1911.767295597484,1908.8836477987425,2129.402368812538,1856.0044791772,0.1473045419354484,-0.7468580632259254,False,False,,
1442,6.1838728000000005,603302.0,1897.1761006289307,1899.572327044025,2120.2440727079993,1856.0044791772,0.1423701270634548,-0.6553941955719402,False,False,,
1443,6.188161200000001,601195.0,1890.5503144654087,1898.1446540880504,2118.9694243919594,1856.0044791772,0.1416833569988669,-0.1313042525033445,False,False,,
1444,6.192449600000001,603610.0,1898.1446540880504,1897.1761006289307,2118.153895562995,1856.0044791772,0.1412439567505841,-0.3679645451852487,False,False,,
1445,6.196738000000001,604064.0,1899.572327044025,1891.981132075472,2113.111951630378,1856.0044791772,0.138527398687722,-0.3681620925669833,False,False,,
1446,6.201026400000001,599549.0,1885.374213836478,1891.009433962264,2112.293278127768,1856.0044791772,0.1380863041150556,-0.0706575871699008,False,False,,
1447,6.205314800000001,599590.0,1885.503144654088,1890.5503144654087,2111.9871832317313,1856.0044791772,0.1379213826940832,-0.3266774028905317,False,False,,
1448,6.2096032,601341.0,1891.009433962264,1885.503144654088,2107.0930380114505,1856.0044791772,0.1352844573659448,-0.3059350580376101,False,False,,
1449,6.2138916,598333.0,1881.5503144654087,1885.374213836478,2107.117131775102,1856.0044791772,0.135297438888307,-0.1520466059565315,False,False,,
1450,6.21818,601650.0,1891.981132075472,1882.7767295597484,2104.6726720698543,1856.0044791772,0.1339803840359768,-0.1660723840593299,False,False,,
1451,6.2224684,598409.0,1881.7893081761008,1882.4245283018868,2104.4734953736956,1856.0044791772,0.1338730692647069,-0.0428035857178041,False,False,,
1452,6.2267568,598723.0,1882.7767295597484,1881.7893081761008,2103.9912997998335,1856.0044791772,0.1336132662419923,-0.0356919254619878,False,False,,
1453,6.2310452000000005,592258.0,1862.446540880503,1881.5503144654087,2103.9053306308215,1856.0044791772,0.1335669467584045,-0.3572970640307336,False,False,,
1454,6.235333600000001,598611.0,1882.4245283018868,1875.7955974842769,2098.303638182056,1856.0044791772,0.1305488007832135,-0.8491869865918833,False,False,,
1455,6.239622000000001,596503.0,1875.7955974842769,1867.7264150943397,2090.387480314707,1856.0044791772,0.1262836398118031,-0.5599794196274068,False,False,,
1456,6.243910400000001,593937.0,1867.7264150943397,1866.5754716981132,2089.3895614308235,1856.0044791772,0.125745969296953,-0.3124540909791289,False,False,,
1457,6.248198800000001,593571.0,1866.5754716981132,1862.446540880503,2085.4136551157776,1856.0044791772,0.1236037835642933,-0.278871246170997,False,False,,
1458,6.252487200000001,592062.0,1861.830188679245,1861.830188679245,2084.950327407305,1856.0044791772,0.1233541463927936,-0.3412958317681624,False,False,,
1459,6.2567756,590433.0,1856.7075471698113,1856.7075471698113,2079.980710381343,1856.0044791772,0.1206765574743849,-0.4286112326923188,False,False,,
1460,6.261064,589795.0,1854.7012578616352,1854.7012578616352,2078.1274455463945,1856.0044791772,0.1196780335722387,-0.2820319883073363,False,False,,
1461,6.2653524,585840.0,1842.2641509433963,1851.9119496855344,2075.491161833743,1856.0044791772,0.1182576255170705,-0.7620691417375589,False,False,,
1462,6.2696408,583357.0,1834.455974842767,1842.2641509433963,2065.9963875448084,1856.0044791772,0.1131419189573839,-1.077352803405308,False,False,,
1463,6.2739292,588908.0,1851.9119496855344,1834.455974842767,2058.3412358880705,1856.0044791772,0.1090173859928237,-0.7897256056075452,False,False,,
1464,6.2782176000000005,580792.0,1826.3899371069183,1829.3867924528304,2053.4250779322456,1856.0044791772,0.106368600383209,-0.4874799925054347,False,False,,
1465,6.282506000000001,580326.0,1824.9245283018868,1826.3899371069183,2050.581247010666,1856.0044791772,0.104836367593103,-0.2610921022449961,False,False,,
1466,6.286794400000001,581745.0,1829.3867924528304,1824.9245283018868,2049.2688626197237,1856.0044791772,0.1041292656406741,-0.5339033409838887,False,False,,
1467,6.291082800000001,576717.0,1813.5754716981132,1817.5849056603777,2042.0822643829897,1856.0044791772,0.1002571854181523,-0.6937181801167966,False,False,,
1468,6.295371200000001,575945.0,1811.1477987421383,1813.5754716981132,2038.2258548152563,1856.0044791772,0.0981793835534482,-0.3302332595358983,False,False,,
1469,6.299659600000001,577992.0,1817.5849056603777,1812.0220125786163,2036.825420080977,1856.0044791772,0.0974248407977647,-0.1332797460666359,False,False,,
1470,6.303948,571681.0,1797.7389937106918,1811.1477987421383,2036.104230619472,1856.0044791772,0.0970362698273839,-0.4351302693488996,False,False,,
1471,6.3082364,573923.0,1804.7893081761008,1804.7893081761008,2029.8987644186284,1856.0044791772,0.0936928155036128,-0.8231109153785656,False,False,,
1472,6.3125248,571620.0,1797.5471698113208,1797.7389937106918,2023.001474308635,1856.0044791772,0.0899766121283649,-0.4357229102656124,False,False,,
1473,6.3168132,576223.0,1812.0220125786163,1797.5471698113208,2022.9626747549005,1856.0044791772,0.0899557072468466,-0.1700233354975946,False,False,,
1474,6.3211016,568476.0,1787.660377358491,1794.7264150943397,2020.2949443737768,1856.0044791772,0.0885183559844691,-0.5469413969504444,False,False,,
1475,6.3253900000000005,570723.0,1794.7264150943397,1788.5345911949685,2014.256144800484,1856.0044791772,0.0852647002734819,-0.424660329374646,False,False,,
1476,6.329678400000001,568754.0,1788.5345911949685,1787.660377358491,2013.534955280306,1856.0044791772,0.0848761292714886,-0.1751595391947766,False,False,,
1477,6.333966800000001,567770.0,1785.440251572327,1785.440251572327,2011.4678538001976,1856.0044791772,0.0837623919377161,-1.1129111294613434,False,False,,
1478,6.338255200000001,562745.0,1769.638364779874,1769.638364779874,1995.8189913044864,1856.0044791772,0.0753309130963243,-0.976801831164524,False,False,,
1479,6.342543600000001,562305.0,1768.254716981132,1769.5849056603774,1995.9185564714871,1856.0044791772,0.0753845579921841,-0.0676944355630144,False,False,,
1480,6.346832000000001,562728.0,1769.5849056603774,1768.254716981132,1994.741392069426,1856.0044791772,0.0747503114613875,-0.4027327125465962,False,False,,
1481,6.3511204,557462.0,1753.0251572327045,1762.867924528302,1989.5076238835352,1856.0044791772,0.0719304000632152,-0.903117119751979,False,False,,
1482,6.3554088,557195.0,1752.185534591195,1753.572327044025,1980.3650506564193,1856.0044791772,0.0670044565486989,-0.5990935912713828,False,False,,
1483,6.3596972,560592.0,1762.867924528302,1753.0251572327045,1979.9709050924805,1856.0044791772,0.0667920941495987,-0.0678919866598839,False,False,,
1484,6.3639856,556517.0,1750.053459119497,1752.185534591195,1979.284306688574,1856.0044791772,0.0664221605575144,-0.1674552490798069,False,False,,
1485,6.368274,553983.0,1742.0849056603774,1750.053459119497,1977.3052554447,1856.0044791772,0.065355863969291,-0.5738076873530824,False,False,,
1486,6.3725624000000005,557636.0,1753.572327044025,1742.745283018868,1970.150103562116,1856.0044791772,0.0615007267846244,-0.4813560889040529,False,False,,
1487,6.376850800000001,554193.0,1742.745283018868,1742.0849056603774,1969.642750411892,1856.0044791772,0.0612273690659786,-0.4051032750139347,False,False,,
1488,6.381139200000001,552034.0,1735.955974842767,1735.9905660377358,1963.7014349877377,1856.0044791772,0.0580262370154848,-0.3657915917642373,False,False,,
1489,6.385427600000001,552045.0,1735.9905660377358,1735.955974842767,1963.8198679814775,1856.0044791772,0.0580900477417351,-0.8713121989517489,False,False,,
1490,6.389716000000001,547288.0,1721.0314465408806,1721.814465408805,1949.8313827259792,1856.0044791772,0.0505531665475153,-0.8934373693339879,False,False,,
1491,6.394004400000001,547537.0,1721.814465408805,1721.427672955975,1949.5976144423,1856.0044791772,0.0504272141124312,-0.0299631351118341,False,False,,
1492,6.3982928,544336.0,1711.748427672956,1721.0314465408806,1949.354412186112,1856.0044791772,0.0502961787302881,-0.5888212036225307,False,False,,
1493,6.4025812,547414.0,1721.427672955975,1711.748427672956,1940.2244174677803,1856.0044791772,0.0453770124132009,-0.9874693419227328,False,False,,
1494,6.4068696,541683.0,1703.4056603773586,1705.006289308176,1933.6353032423488,1856.0044791772,0.0418268516784851,-0.5048640910171898,False,False,,
1495,6.411158,542192.0,1705.006289308176,1703.4056603773586,1932.1876984411008,1856.0044791772,0.0410468940773646,-0.2630676007812109,False,False,,
1496,6.4154464,539954.0,1697.9685534591194,1700.512578616352,1929.447640799885,1856.0044791772,0.0395705734801047,-0.3223314479570343,False,False,,
1497,6.4197348000000005,539666.0,1697.062893081761,1697.9685534591194,1927.056639752664,1856.0044791772,0.0382823217145266,-0.1974822803901847,False,False,,
1498,6.424023200000001,540763.0,1700.512578616352,1697.062893081761,1926.3040034755384,1856.0044791772,0.0378768074576542,-0.1384159818247647,False,False,,
1499,6.428311600000001,539156.0,1695.4591194968552,1695.4591194968552,1924.8532539810867,1856.0044791772,0.037095155521612,-0.6433439505235614,False,False,,
1500,6.432600000000001,536312.0,1686.5157232704405,1686.5157232704405,1916.0628818353468,1856.0044791772,0.0323589750628036,-0.8497796818308476,False,False,,
1501,6.436888400000001,534757.0,1681.625786163522,1681.625786163522,1911.325968798859,1856.0044791772,0.029806765146485,-0.5526702687108118,False,False,,
1502,6.441176800000001,533417.0,1677.4119496855346,1677.4119496855346,1907.265156381989,1856.0044791772,0.0276188327021246,-0.3079105861774578,False,False,,
1503,6.4454652,532596.0,1674.830188679245,1676.4182389937107,1906.424469741038,1856.0044791772,0.027165877630958,-0.1348601572402645,False,False,,
1504,6.4497536,533101.0,1676.4182389937107,1674.9591194968552,1905.118374285742,1856.0044791772,0.0264621641055064,-0.0805349663505858,False,False,,
1505,6.454042,532637.0,1674.9591194968552,1674.830188679245,1905.142467499447,1856.0044791772,0.0264751453315623,-0.0931779214105215,False,False,,
1506,6.4583304,532068.0,1673.169811320755,1673.169811320755,1903.6351141624923,1856.0044791772,0.0256629957091526,-0.7650323894980264,False,False,,
1507,6.4626188,528626.0,1662.3459119496856,1662.3459119496856,1892.9642388036464,1856.0044791772,0.0199136155333155,-0.697866698653137,False,False,,
1508,6.4669072000000005,524887.0,1650.5880503144654,1661.754716981132,1892.5260678370712,1856.0044791772,0.0196775326081442,-0.5793390080166103,False,False,,
1509,6.471195600000001,528438.0,1661.754716981132,1652.817610062893,1883.7419849110315,1856.0044791772,0.0149447407293586,-0.6822605550694483,False,False,,
1510,6.475484000000001,523597.0,1646.5314465408806,1650.5880503144654,1881.6654491445588,1856.0044791772,0.0138259202794245,-0.3284553959639871,False,False,,
1511,6.479772400000001,523836.0,1647.2830188679245,1647.2830188679245,1878.5134416711253,1856.0044791772,0.0121276444892546,-0.2356087052086453,False,False,,
1512,6.484060800000001,525596.0,1652.817610062893,1646.5314465408806,1877.9148933064785,1856.0044791772,0.0118051515365909,-0.2962553754858223,False,False,,
1513,6.488349200000001,520516.0,1636.8427672955977,1642.2610062893082,1873.79747700799,1856.0044791772,0.0095867213847877,-0.506642029827059,False,False,,
1514,6.4926376,519134.0,1632.496855345912,1638.160377358491,1869.849872020012,1856.0044791772,0.0074597841751706,-0.3211461932409452,False,False,,
1515,6.496926,522239.0,1642.2610062893082,1636.8427672955977,1868.6852858906448,1856.0044791772,0.0068323147145994,-0.3365547944157744,False,False,,
1516,6.5012144,518831.0,1631.544025157233,1632.496855345912,1864.4923978642407,1856.0044791772,0.0045732210144253,-0.3118615264997094,False,False,,
1517,6.5055028,518840.0,1631.572327044025,1631.572327044025,1863.7208934763223,1856.0044791772,0.0041575407741166,-0.0406306594432744,False,False,,
1518,6.5097912,520935.0,1638.160377358491,1631.544025157233,1863.8456154932535,1856.0044791772,0.0042247399745122,-0.1366380911356087,False,False,,
1519,6.5140796000000005,518051.0,1629.0911949685535,1629.0911949685535,1861.5458091985197,1856.0044791772,0.0029856231940647,-0.5149389756605439,False,False,,
1520,6.518368000000001,515798.0,1622.006289308176,1623.0408805031448,1855.6485186172767,1856.0044791772,-0.0001917886319331,-0.4155732618217728,False,False,,
1521,6.522656400000001,514903.0,1619.191823899371,1622.169811320755,1854.9304733097397,1856.0044791772,-0.0005786655579283,-0.0457668643690841,False,False,,
1522,6.526944800000001,516127.0,1623.0408805031448,1622.006289308176,1854.9199751613037,1856.0044791772,-0.0005843218742539,-0.167850388278183,False,False,,
1523,6.531233200000001,512275.0,1610.927672955975,1619.191823899371,1852.258533607328,1856.0044791772,-0.0020182847681126,-0.196297035532197,False,False,,
1524,6.535521600000001,514367.0,1617.506289308176,1618.5754716981132,1851.7952052511205,1856.0044791772,-0.0022679222886065,-0.0866589217877509,False,False,,
1525,6.53981,513385.0,1614.4182389937107,1617.506289308176,1850.8790466959892,1856.0044791772,-0.0027615410085017,-0.1046356229536858,False,False,,
1526,6.5440984,515850.0,1622.169811320755,1616.6037735849056,1850.1295547982115,1856.0044791772,-0.0031653610995555,-0.0374699321087834,False,False,,
1527,6.5483868,514707.0,1618.5754716981132,1616.6037735849056,1850.2825786134597,1856.0044791772,-0.0030829131222123,0.0192258126187617,False,False,,
1528,6.5526752,514080.0,1616.6037735849056,1616.6037735849056,1850.4356024193944,1856.0044791772,-0.0030004651498869,0.0192258114194013,False,False,,
1529,6.5569636,507793.0,1596.8333333333333,1616.6037735849056,1850.588626215551,1856.0044791772,-0.0029180171828304,0.0192258101322829,False,False,,
1530,6.5612520000000005,509539.0,1602.3238993710693,1616.6037735849056,1850.7416500009963,1856.0044791772,-0.0028355692215444,0.0759215548598281,False,False,,
1531,6.565540400000001,507848.0,1597.006289308176,1617.506289308176,1851.7971895008652,1856.0044791772,-0.0022668531911086,0.0907375151472775,False,False,,
1532,6.569828800000001,509709.0,1602.8584905660375,1617.74213836478,1852.1860623238229,1856.0044791772,-0.0020573317016292,0.0863914985199462,False,False,,
1533,6.574117200000001,510977.0,1606.8459119496856,1618.5754716981132,1853.172419413731,1856.0044791772,-0.0015258905866027,0.0715755358045234,False,False,,
1534,6.578405600000001,514442.0,1617.74213836478,1618.5754716981132,1853.325443160527,1856.0044791772,-0.0014434426461409,0.4239978718086169,False,False,,
1535,6.582694000000001,516756.0,1625.0188679245282,1625.0188679245282,1859.921863123959,1856.0044791772,0.0021106543603254,1.2515187061563575,False,False,,
1536,6.5869824,520945.0,1638.191823899371,1638.191823899371,1873.24784282604,1856.0044791772,0.0092905829928191,0.9257650983420735,False,False,,
1537,6.5912708,523347.0,1645.745283018868,1639.4496855345913,1874.6587281782536,1856.0044791772,0.0100507564557837,0.3669070298310686,False,False,,
1538,6.5955592,521345.0,1639.4496855345913,1643.7264150943397,1879.0884814456824,1856.0044791772,0.0124374712062743,0.4147131976957721,False,False,,
1539,6.5998476,522705.0,1643.7264150943397,1645.745283018868,1881.2603730681124,1856.0044791772,0.0136076686097809,0.6000114880995031,False,False,,
1540,6.6041360000000005,525645.0,1652.9716981132076,1652.9716981132076,1888.639811850109,1856.0044791772,0.0175836497374062,1.370046391848991,False,False,,
1541,6.6084244000000005,530185.0,1667.248427672956,1667.248427672956,1903.0695650877356,1856.0044791772,0.0253582825033915,1.092691591587451,False,False,,
1542,6.612712800000001,531079.0,1670.059748427673,1670.059748427673,1906.0339095105517,1856.0044791772,0.0269554469801337,0.2902591162336922,False,False,,
1543,6.617001200000001,531557.0,1671.562893081761,1671.562893081761,1907.69007782296,1856.0044791772,0.0278477768915047,0.8811196591279526,False,False,,
1544,6.621289600000001,535442.0,1683.7798742138364,1683.7798742138364,1920.0600826040425,1856.0044791772,0.0345126340725424,0.8311404811505367,False,False,,
1545,6.625578000000001,537371.0,1689.8459119496856,1684.487421383648,1920.9206534126165,1856.0044791772,0.0349763025702368,0.4002923198565069,False,False,,
1546,6.629866400000001,540817.0,1700.682389937107,1689.8459119496856,1926.432167607638,1856.0044791772,0.0379458612414878,0.6723133715255516,False,False,,
1547,6.634154800000001,538973.0,1694.8836477987422,1694.8836477987422,1931.6229270758993,1856.0044791772,0.0407425998951372,0.6999698317097982,False,False,,
1548,6.6384432,535667.0,1684.487421383648,1700.682389937107,1937.5746928232245,1856.0044791772,0.0439493624940958,0.5393648079642688,False,False,,
1549,6.6427316,541606.0,1703.1635220125786,1703.1635220125786,1940.2088484983428,1856.0044791772,0.0453686239800844,0.593689998853824,False,False,,
1550,6.64702,543725.0,1709.8270440251572,1709.8270440251572,1947.025394100324,1856.0044791772,0.0490413228762654,0.725255735628016,False,False,,
1551,6.6513084000000005,545180.0,1714.4025157232704,1714.4025157232704,1951.7538893785263,1856.0044791772,0.0515889973734189,0.4864224352321766,False,False,,
1552,6.6555968000000005,546090.0,1717.2641509433963,1717.2641509433963,1954.7685481684969,1856.0044791772,0.0532132708187648,0.3351020806850222,False,False,,
1553,6.659885200000001,546779.0,1719.4308176100628,1719.4308176100628,1957.0882383956948,1856.0044791772,0.0544631008990382,0.2082774491293841,False,False,,
1554,6.664173600000001,547047.0,1720.2735849056603,1720.2735849056603,1958.0840292415792,1856.0044791772,0.0549996248444577,0.5614899697168783,False,False,,
1555,6.668462000000001,549524.0,1728.062893081761,1728.062893081761,1966.026360958188,1856.0044791772,0.059278888071306,0.7307870217733674,False,False,,
1556,6.672750400000001,552699.0,1738.0471698113208,1731.6006289308175,1969.7171203384391,1856.0044791772,0.0612674389728036,0.2726774913728462,False,False,,
1557,6.677038800000001,550649.0,1731.6006289308175,1732.0974842767296,1970.3669992053017,1856.0044791772,0.0616175883793127,0.2635903670697361,False,False,,
1558,6.681327200000001,550807.0,1732.0974842767296,1735.4905660377358,1973.913104477479,1856.0044791772,0.0635282008330874,0.3929830961299787,False,False,,
1559,6.6856156,551886.0,1735.4905660377358,1738.0471698113208,1976.6227317519908,1856.0044791772,0.0649881257982001,0.5834175865450337,False,False,,
1560,6.689904,554742.0,1744.4716981132076,1744.4716981132076,1983.2002835454912,1856.0044791772,0.0685320567893669,0.8576116459280483,False,False,,
1561,6.6941924,556943.0,1751.3930817610062,1751.3930817610062,1990.2746906751245,1856.0044791772,0.0723436893629959,0.7266385451268667,False,False,,
1562,6.6984808000000005,558323.0,1755.7327044025158,1755.7327044025158,1994.767336788224,1856.0044791772,0.0747642902632111,0.5239561907588239,False,False,,
1563,6.7027692000000005,559498.0,1759.427672955975,1759.427672955975,1998.61532880396,1856.0044791772,0.0768375568198963,0.3275953132917948,False,False,,
1564,6.707057600000001,559884.0,1760.6415094339625,1760.6415094339625,1999.98218873398,1856.0044791772,0.0775740097462522,0.2268467739529338,False,False,,
1565,6.711346000000001,560549.0,1762.7327044025158,1762.7327044025158,2002.2264071452528,1856.0044791772,0.0787831762307359,0.4447401796568737,False,False,,
1566,6.715634400000001,562492.0,1768.8427672955977,1767.4150943396226,2007.061820514834,1856.0044791772,0.0813884573191334,0.4030579400828102,False,False,,
1567,6.719922800000001,562038.0,1767.4150943396226,1768.8427672955977,2008.6425168935043,1856.0044791772,0.0822401235712382,0.3329290544833441,False,False,,
1568,6.724211200000001,563626.0,1772.4088050314465,1772.4088050314465,2012.3615780422704,1856.0044791772,0.0842439232336261,0.5891464139290576,False,False,,
1569,6.728499600000001,565377.0,1777.9150943396226,1777.9150943396226,2018.02089075405,1856.0044791772,0.087293114534225,0.5488469974271197,False,False,,
1570,6.732788,569426.0,1790.6477987421383,1780.839622641509,2021.0984424488304,1856.0044791772,0.0889512741611589,0.2776161278842437,False,False,,
1571,6.7370764,566307.0,1780.839622641509,1782.0283018867924,2022.4401450776936,1856.0044791772,0.0896741725398622,0.5739353564208578,False,False,,
1572,6.7413648,566685.0,1782.0283018867924,1789.669811320755,2030.234677885457,1856.0044791772,0.0938738029261094,0.5606997629306996,False,False,,
1573,6.7456532000000005,570107.0,1792.7893081761006,1790.6477987421383,2031.365688670863,1856.0044791772,0.0944831822665663,0.2151915398006298,False,False,,
1574,6.7499416000000005,569115.0,1789.669811320755,1792.7893081761006,2033.660221458603,1856.0044791772,0.0957194577246715,0.1573105156969223,False,False,,
1575,6.754230000000001,571523.0,1797.24213836478,1792.8459119496856,2033.8698485766529,1856.0044791772,0.0958324030975957,0.0992319454400494,False,False,,
1576,6.758518400000001,570512.0,1794.062893081761,1794.062893081761,2035.239853042948,1856.0044791772,0.0965705502743217,0.2953952742674222,False,False,,
1577,6.762806800000001,570125.0,1792.8459119496856,1797.24213836478,2038.572121650408,1856.0044791772,0.0983659492859326,0.2890737961670204,False,False,,
1578,6.767095200000001,574077.0,1805.2735849056603,1798.3584905660375,2039.841497166794,1856.0044791772,0.0990498784092871,0.2317854105227752,False,False,,
1579,6.771383600000001,575014.0,1808.2201257861636,1800.625786163522,2042.2618160691616,1856.0044791772,0.1003539263949044,0.4536297392606148,False,False,,
1580,6.775672000000001,571878.0,1798.3584905660375,1805.2735849056603,2047.0626381064044,1856.0044791772,0.1029405699569776,0.4230100842926276,False,False,,
1581,6.7799604,572599.0,1800.625786163522,1807.053459119497,2048.9955356055666,1856.0044791772,0.1039819992858654,0.2043264915188452,False,False,,
1582,6.7842488,574643.0,1807.053459119497,1808.2201257861636,2050.31522554778,1856.0044791772,0.1046930374094362,0.1596810596766253,False,False,,
1583,6.7885372,576310.0,1812.2955974842769,1809.2893081761008,2051.5374312034846,1856.0044791772,0.1053515517984999,0.2479841889093936,False,False,,
1584,6.7928256000000005,575354.0,1809.2893081761008,1811.861635220126,2054.2627815034994,1856.0044791772,0.1068199482008744,0.2080798647429809,False,False,,
1585,6.7971140000000005,576172.0,1811.861635220126,1812.2955974842769,2054.84976701386,1856.0044791772,0.1071362111824275,0.2517375633328615,False,False,,
1586,6.801402400000001,579772.0,1823.182389937107,1815.562893081761,2058.27008584731,1856.0044791772,0.1089790509340677,0.7031305220688182,False,False,,
1587,6.805690800000001,580101.0,1824.2169811320755,1823.182389937107,2066.042605929308,1856.0044791772,0.1131668210441075,0.5628727520984729,False,False,,
1588,6.809979200000001,580710.0,1826.132075471698,1824.2169811320755,2067.2302203406844,1856.0044791772,0.113806697954266,0.204524029013168,False,False,,
1589,6.814267600000001,577349.0,1815.562893081761,1826.132075471698,2069.298337886936,1856.0044791772,0.1149209827361476,0.21440133547169,False,False,,
1590,6.818556000000001,581667.0,1829.1415094339625,1827.3238993710693,2070.643184983622,1856.0044791772,0.1156455753283396,0.2082774034952006,False,False,,
1591,6.822844400000001,582315.0,1831.1792452830189,1829.1415094339625,2072.6138182335867,1856.0044791772,0.1167073363704453,0.1334074101906779,False,False,,
1592,6.8271328,581742.0,1829.377358490566,1829.1415094339625,2072.766841410879,1856.0044791772,0.1167897840040631,0.0233742016826905,False,False,,
1593,6.8314212,582116.0,1830.553459119497,1829.2075471698113,2072.985902314707,1856.0044791772,0.1169078122234374,0.0340416926953039,False,False,,
1594,6.8357096,581089.0,1827.3238993710693,1829.377358490566,2073.30873679273,1856.0044791772,0.1170817527939722,0.1037754835020052,False,False,,
1595,6.8399980000000005,581688.0,1829.2075471698113,1830.553459119497,2074.637860569617,1856.0044791772,0.1177978737903374,0.1324196745104622,False,False,,
1596,6.8442864000000005,582724.0,1832.4654088050315,1831.1792452830189,2075.416669871315,1856.0044791772,0.1182174898583135,0.1393337886423538,False,False,,
1597,6.848574800000001,583502.0,1834.9119496855344,1832.4654088050315,2076.855856521726,1856.0044791772,0.1189929118287652,0.2537130100626061,False,False,,
1598,6.852863200000001,586691.0,1844.940251572327,1834.9119496855344,2079.455420520382,1856.0044791772,0.1203935356030185,0.3441891469800158,False,False,,
1599,6.857151600000001,580966.0,1826.937106918239,1837.638364779874,2082.3348587235614,1856.0044791772,0.1219449533045834,0.6492004062263597,False,False,,
1600,6.861440000000001,587195.0,1846.5251572327045,1844.940251572327,2089.78976861461,1856.0044791772,0.1259615976471409,0.5774911514016559,False,False,,
1601,6.865728400000001,584369.0,1837.638364779874,1846.5251572327045,2091.5276973642694,1856.0044791772,0.1268979794119253,0.1187889825416714,False,False,,
1602,6.870016800000001,590514.0,1856.9622641509432,1846.5251572327045,2091.680720443307,1856.0044791772,0.1269804269926043,0.0510306507508584,False,False,,
1603,6.8743052,588292.0,1849.9748427672955,1847.0314465408808,2092.340032820742,1856.0044791772,0.1273356590972851,0.0510306495222412,False,False,,
1604,6.8785936,590050.0,1855.503144654088,1847.0314465408808,2092.493055880222,1856.0044791772,0.1274181066674266,0.2041289169905571,False,False,,
1605,6.882882,587356.0,1847.0314465408808,1849.9748427672955,2095.5894751563383,1856.0044791772,0.1290864319925297,0.224278623383979,False,False,,
1606,6.8871704000000005,588394.0,1850.2955974842769,1850.2955974842769,2096.0632529132413,1856.0044791772,0.1293416995644664,0.1434822455140203,False,False,,
1607,6.8914588000000006,589164.0,1852.7169811320755,1851.9528301886792,2097.8735086477873,1856.0044791772,0.1303170505158544,0.1713362518805965,False,False,,
1608,6.895747200000001,588921.0,1851.9528301886792,1852.7169811320755,2098.7906826115477,1856.0044791772,0.1308112163295959,0.1391362276580885,False,False,,
1609,6.900035600000001,586800.0,1845.2830188679245,1853.861635220126,2100.088359709718,1856.0044791772,0.1315103941132323,0.0911325112122511,False,False,,
1610,6.904324000000001,589528.0,1853.861635220126,1853.861635220126,2100.2413827105247,1856.0044791772,0.1315928416517611,0.0192257102635942,False,False,,
1611,6.908612400000001,586470.0,1844.245283018868,1853.861635220126,2100.3944057015524,1856.0044791772,0.1316752891850211,0.0192257090057292,False,False,,
1612,6.912900800000001,589720.0,1854.4654088050315,1853.861635220126,2100.5474286823355,1856.0044791772,0.1317577367127615,0.0249545462186659,False,False,,
1613,6.917189200000001,591489.0,1860.0283018867924,1853.9528301886792,2100.7916466223587,1856.0044791772,0.1318893193370294,0.0249545449900558,False,False,,
1614,6.9214776,591942.0,1861.4528301886792,1853.9528301886792,2100.944669583584,1856.0044791772,0.1319717668542322,0.0192257052906388,False,False,,
1615,6.925766,590518.0,1856.9748427672955,1853.9528301886792,2101.0976925350305,1856.0044791772,0.1320542143661661,0.0192257040620198,False,False,,
1616,6.9300544,590734.0,1857.6540880503144,1853.9528301886792,2101.250715476698,1856.0044791772,0.1321366618728313,0.0192257028626627,False,False,,
1617,6.9343428000000005,590980.0,1858.427672955975,1853.9528301886792,2101.4037384090525,1856.0044791772,0.1322191093744786,0.0482649861189141,False,False,,
1618,6.9386312000000006,586853.0,1845.4496855345913,1854.4150943396223,2102.01902548164,1856.0044791772,0.132550621005776,0.0514257233115724,False,False,,
1619,6.942919600000001,589704.0,1854.4150943396223,1854.4654088050315,2102.2223628593797,1856.0044791772,0.1326601775181773,0.0648588605269235,False,False,,
1620,6.947208000000001,589557.0,1853.9528301886792,1855.1415094339625,2103.0514863908625,1856.0044791772,0.1331069024807434,0.0616981208477831,False,False,,
1621,6.951496400000001,585613.0,1841.5503144654087,1855.1415094339625,2103.2045092836356,1856.0044791772,0.1331893499610646,-0.026407464689008,False,False,,
1622,6.955784800000001,588377.0,1850.24213836478,1854.4150943396223,2102.63111707229,1856.0044791772,0.1328804109375987,-0.0554467504609874,False,False,,
1623,6.960073200000001,588196.0,1849.6729559748428,1853.9528301886792,2102.3218757940967,1856.0044791772,0.1327137942717108,-0.0098135903394993,False,False,,
1624,6.964361600000001,587025.0,1845.990566037736,1853.9528301886792,2102.4748986570676,1856.0044791772,0.1327962417359748,0.0192256929752581,False,False,,
1625,6.96865,590451.0,1856.7641509433963,1853.9528301886792,2102.627921510725,1856.0044791772,0.132878689195221,0.0192256917466409,False,False,,
1626,6.9729384,589935.0,1855.1415094339625,1853.9528301886792,2102.7809443541382,1856.0044791772,0.1329611366489474,0.0192256905180272,False,False,,
1627,6.9772268,590660.0,1857.4213836477988,1853.9528301886792,2102.933967188238,1856.0044791772,0.133043584097656,-0.0412234335767482,False,False,,
1628,6.9815152000000005,589950.0,1855.188679245283,1852.990566037736,2102.1247258611497,1856.0044791772,0.1326075715038464,-0.0412234348638662,False,False,,
1629,6.985803600000001,589244.0,1852.9685534591192,1852.990566037736,2102.2777486747605,1856.0044791772,0.1326900189415156,0.0192256867736837,False,False,,
1630,6.990092000000001,586945.0,1845.738993710692,1852.990566037736,2102.430771479058,1856.0044791772,0.1327724663741669,0.0192256855743231,False,False,,
1631,6.994380400000001,591891.0,1861.2924528301887,1852.990566037736,2102.5837942735766,1856.0044791772,0.1328549138015494,0.0192256843457077,False,False,,
1632,6.998668800000001,589681.0,1854.3427672955977,1852.990566037736,2102.7368170583163,1856.0044791772,0.1329373612236632,0.0178428600449951,False,False,,
1633,7.002957200000001,589251.0,1852.990566037736,1852.9685534591192,2102.867827254661,1856.0044791772,0.1330079484435833,0.0057925434738059,False,False,,
1634,7.007245600000001,591418.0,1859.8050314465409,1852.7767295597484,2102.829026120472,1856.0044791772,0.1329870427105293,-0.0374700653255395,False,False,,
1635,7.011534000000001,588481.0,1850.5691823899372,1852.066037735849,2102.2713570515098,1856.0044791772,0.1326865751872993,-0.1194517201145011,False,False,,
1636,7.0158224,589183.0,1852.7767295597484,1850.5691823899372,2100.927524451222,1856.0044791772,0.1319625291974514,-0.3185782437256588,False,False,,
1637,7.0201108,587247.0,1846.688679245283,1846.688679245283,2097.200044041948,1856.0044791772,0.129954193306513,-0.224546276051365,False,False,,
1638,7.0243992,586190.0,1843.3647798742136,1846.688679245283,2097.3530667680143,1856.0044791772,0.130036640697014,-0.013764531861133,False,False,,
1639,7.0286876000000005,588957.0,1852.066037735849,1846.1635220125784,2096.980932251131,1856.0044791772,0.1298361376696464,-0.1895806094290222,False,False,,
1640,7.032976000000001,587080.0,1846.1635220125784,1843.3647798742136,2094.33521281881,1856.0044791772,0.1284106457260632,-0.1565904030803384,False,False,,
1641,7.037264400000001,585426.0,1840.9622641509432,1843.3647798742136,2094.488235515074,1856.0044791772,0.128493093100507,-0.0137645355762234,False,False,,
1642,7.041552800000001,584417.0,1837.7893081761008,1842.839622641509,2094.1161009688544,1856.0044791772,0.128292590057333,-0.1316995902397817,False,False,,
1643,7.045841200000001,582868.0,1832.9182389937107,1840.9622641509432,2092.3917651549946,1856.0044791772,0.1273635320549384,-0.2531904756601371,False,False,,
1644,7.050129600000001,583720.0,1835.5974842767296,1838.503144654088,2090.0856683250668,1856.0044791772,0.1261210259856911,-0.1800984002497845,False,False,,
1645,7.054418000000001,584644.0,1838.503144654088,1837.7893081761008,2089.524854503762,1856.0044791772,0.125818864095676,-0.0917952710170446,False,False,,
1646,7.058706400000001,583418.0,1834.6477987421383,1836.7358490566037,2088.6244180316353,1856.0044791772,0.1253337163052321,-0.0556443262178536,False,False,,
1647,7.0629948,584038.0,1836.5974842767296,1836.5974842767296,2088.639075888886,1856.0044791772,0.1253416138385706,0.0105336338612094,False,False,,
1648,7.0672832,586897.0,1845.5880503144656,1836.5974842767296,2088.792098516698,1856.0044791772,0.1254240611761329,-0.043594013332509,False,False,,
1649,7.0715716,586023.0,1842.839622641509,1835.5974842767296,2087.9451211342653,1856.0044791772,0.1249677167050204,-0.1032529528146284,False,False,,
1650,7.0758600000000005,580120.0,1824.2767295597484,1834.6477987421383,2087.1484582079283,1856.0044791772,0.1245384812504324,-0.0404332773392042,False,False,,
1651,7.080148400000001,584082.0,1836.7358490566037,1834.6477987421383,2087.301480805938,1856.0044791772,0.1246209285719375,-0.2719573700975104,False,False,,
1652,7.084436800000001,581944.0,1830.012578616352,1830.012578616352,2082.819283268382,1856.0044791772,0.12220595727858,-0.5524729088095643,False,False,,
1653,7.088725200000001,580524.0,1825.5471698113208,1825.5471698113208,2078.5068970418024,1856.0044791772,0.1198824789276595,-0.3410985261597705,False,False,,
1654,7.093013600000001,575818.0,1810.748427672956,1824.2767295597484,2077.3894793589034,1856.0044791772,0.1192804234394128,-0.1723941125920109,False,False,,
1655,7.097302000000001,585079.0,1839.87106918239,1822.496855345912,2075.762627703961,1856.0044791772,0.1184038891027803,-0.6964840581470852,False,False,,
1656,7.101590400000001,579554.0,1822.496855345912,1812.8836477987425,2066.3024427059063,1856.0044791772,0.1133068189694968,-0.6018594520133433,False,False,,
1657,7.105878800000001,576410.0,1812.6100628930817,1812.6100628930817,2066.1818803395818,1856.0044791772,0.1132418609547522,-0.1149081857383809,False,False,,
1658,7.1101672,576497.0,1812.8836477987425,1810.748427672956,2064.473267648548,1856.0044791772,0.1123212744420561,-0.2537831326365847,False,False,,
1659,7.1144556,573333.0,1802.933962264151,1808.2641509433963,2062.1420134387663,1856.0044791772,0.1110652137827548,-0.1465155727007427,False,False,,
1660,7.118744,574979.0,1808.1100628930817,1808.1100628930817,2062.140947897986,1856.0044791772,0.1110646396781164,-0.0856713587568958,False,False,,
1661,7.1230324000000005,574497.0,1806.5943396226417,1806.5943396226417,2060.778247127766,1856.0044791772,0.1103304276729687,-0.3059353207559354,False,False,,
1662,7.127320800000001,570557.0,1794.2044025157234,1802.933962264151,2057.270892259252,1856.0044791772,0.1084406936190568,-0.2456837453008162,False,False,,
1663,7.131609200000001,573156.0,1802.377358490566,1802.377358490566,2056.867310965864,1856.0044791772,0.1082232473262726,-0.1283413315247088,False,False,,
1664,7.135897600000001,575028.0,1808.2641509433963,1800.5849056603774,2055.2278806065597,1856.0044791772,0.1073399356868357,-0.2928972783333652,False,False,,
1665,7.140186000000001,571576.0,1797.4088050314465,1797.4088050314465,2052.2048024382684,1856.0044791772,0.1057111259494629,-0.3815955023881621,False,False,,
1666,7.144474400000001,568900.0,1788.993710691824,1794.2044025157234,2049.15342237294,1856.0044791772,0.1040670673819528,-0.5094078647095888,False,False,,
1667,7.148762800000001,572586.0,1800.5849056603774,1788.993710691824,2044.0957529901225,1856.0044791772,0.1013420365754216,-0.5169146196996781,False,False,,
1668,7.153051200000001,561777.0,1766.5943396226414,1785.669811320755,2040.9248760508217,1856.0044791772,0.0996335940717125,-0.5048643056150084,False,False,,
1669,7.1573396,566247.0,1780.6509433962265,1780.6509433962265,2036.0590305473515,1856.0044791772,0.0970119163990234,-1.0613518203170695,False,False,,
1670,7.161628,567843.0,1785.669811320755,1768.4685534591194,2024.0296630219896,1856.0044791772,0.0905305917792171,-0.7772804533053996,False,False,,
1671,7.1659164,562215.0,1767.9716981132076,1767.9716981132076,2023.6858300775784,1856.0044791772,0.0903453374071135,-0.0985118722853624,False,False,,
1672,7.1702048000000005,562373.0,1768.4685534591194,1766.5943396226414,2022.4614939791993,1856.0044791772,0.089685675153,-0.0690774966935325,False,False,,
1673,7.174493200000001,561768.0,1766.566037735849,1766.566037735849,2022.5862144743496,1856.0044791772,0.0897528735334724,-0.1662702053048068,False,False,,
1674,7.178781600000001,560838.0,1763.6415094339625,1763.6415094339625,2019.814708544627,1856.0044791772,0.0882596088561417,-0.7508092736967598,False,False,,
1675,7.183070000000001,557870.0,1754.308176100629,1754.308176100629,2010.634397574144,1856.0044791772,0.0833133325548299,-0.819752882377287,False,False,,
1676,7.187358400000001,556567.0,1750.2106918238994,1750.2861635220129,2006.7654073481335,1856.0044791772,0.081228752334568,-0.2381770087399246,False,False,,
1677,7.191646800000001,556591.0,1750.2861635220129,1750.2106918238994,2006.8429579928477,1856.0044791772,0.0812705359862693,-0.080337633595823,False,False,,
1678,7.195935200000001,556087.0,1748.7012578616352,1748.7012578616352,2005.486546363632,1856.0044791772,0.0805397125187434,-0.4827391488059458,False,False,,
1679,7.200223600000001,554026.0,1742.2201257861636,1742.2201257861636,1999.1584366114296,1856.0044791772,0.0771301788547904,-0.6767294724351149,False,False,,
1680,7.204512,552564.0,1737.622641509434,1737.622641509434,1994.7139746481903,1856.0044791772,0.0747355391795621,-0.8053320193691711,False,False,,
1681,7.2088004,549852.0,1729.0943396226414,1729.0943396226414,1986.3386950651095,1856.0044791772,0.070223007191065,-0.5793392214149975,False,False,,
1682,7.2130888,547115.0,1720.487421383648,1728.0943396226414,1985.4917173585768,1856.0044791772,0.0697666625453299,-0.3409010157826646,False,False,,
1683,7.2173772,548029.0,1723.361635220126,1723.361635220126,1980.912035240215,1856.0044791772,0.0672991673589002,-0.3507783246691449,False,False,,
1684,7.221665600000001,549534.0,1728.0943396226414,1722.2044025157234,1979.9078248097217,1856.0044791772,0.0667581070103075,-0.1613315650198741,False,False,,
1685,7.225954000000001,547661.0,1722.2044025157234,1720.487421383648,1978.3438659422425,1856.0044791772,0.0659154587920377,-0.187605204618416,False,False,,
1686,7.230242400000001,546614.0,1718.9119496855346,1718.9119496855346,1976.9214164984803,1856.0044791772,0.0651490546913363,-0.2049892673248763,False,False,,
1687,7.234530800000001,545538.0,1715.5283018867924,1716.9182389937107,1975.080728051695,1856.0044791772,0.0641573068440457,-0.1933340455464609,False,False,,
1688,7.238819200000001,545980.0,1716.9182389937107,1715.5283018867924,1973.8438131791047,1856.0044791772,0.0634908672494933,-0.831408121473312,False,False,,
1689,7.243107600000001,541674.0,1703.377358490566,1703.377358490566,1961.8458920083588,1856.0044791772,0.0570264856677933,-1.1006635294261295,False,False,,
1690,7.247396000000001,539869.0,1697.7012578616352,1697.7012578616352,1956.322813594664,1856.0044791772,0.0540506962903111,-0.4266360561403655,False,False,,
1691,7.2516844,538391.0,1693.053459119497,1696.2798742138364,1955.0544521518568,1856.0044791772,0.0533673135414884,-0.2727476040301644,False,False,,
1692,7.2559728,535467.0,1683.8584905660375,1693.053459119497,1951.981059253661,1856.0044791772,0.0517113946400652,-0.7610816958637328,False,False,,
1693,7.2602612,539417.0,1696.2798742138364,1683.8584905660375,1942.9391128856355,1856.0044791772,0.0468396680524042,-1.1283199958411156,False,False,,
1694,7.2645496,531345.0,1670.8962264150944,1674.7861635220129,1934.0198080177308,1856.0044791772,0.042034019699735,-0.6935209139411587,False,False,,
1695,7.268838000000001,531859.0,1672.512578616352,1672.512578616352,1931.899245278412,1856.0044791772,0.0408914778777136,-0.1307119248537445,False,False,,
1696,7.273126400000001,531823.0,1672.3993710691825,1672.3993710691825,1931.939059887339,1856.0044791772,0.0409129296626494,-0.0823131185880425,False,False,,
1697,7.277414800000001,532582.0,1674.7861635220129,1670.8962264150944,1930.5889373795692,1856.0044791772,0.0401854947222076,-0.5787466026718189,False,False,,
1698,7.281703200000001,528796.0,1662.880503144654,1662.880503144654,1922.7262362461336,1856.0044791772,0.0359491358008536,-0.5423981117194865,False,False,,
1699,7.285991600000001,528190.0,1660.9748427672955,1661.955974842767,1921.9547300710071,1856.0044791772,0.0355334545976119,-0.1004873683643676,False,False,,
1700,7.290280000000001,528502.0,1661.955974842767,1660.9748427672955,1921.126620112517,1856.0044791772,0.0350872757398661,-0.8231111978425547,False,False,,
1701,7.294568400000001,524238.0,1648.5471698113208,1648.5471698113208,1908.8519692637449,1856.0044791772,0.0284737944759557,-1.1275298210574114,False,False,,
1702,7.2988568,522088.0,1641.7861635220129,1642.7201257861636,1903.177947336477,1856.0044791772,0.0254166779706209,-0.4054986325252541,False,False,,
1703,7.3031452,522385.0,1642.7201257861636,1641.7861635220129,1902.3970071595052,1856.0044791772,0.0249959138045139,-0.2083475729319861,False,False,,
1704,7.3074336,520847.0,1637.8836477987422,1639.0974842767296,1899.861349992088,1856.0044791772,0.0236297225070979,-0.2259291817623441,False,False,,
1705,7.311722,521233.0,1639.0974842767296,1637.8836477987422,1898.8005355821876,1856.0044791772,0.0230581643983746,-0.2747230828208238,False,False,,
1706,7.316010400000001,519745.0,1634.4182389937107,1634.4182389937107,1895.488148835464,1856.0044791772,0.0212734775703602,-0.5909944752836132,False,False,,
1707,7.320298800000001,515549.0,1621.2232704402516,1628.169811320755,1889.392743210572,1856.0044791772,0.017989322982762,-0.8096780680574036,False,False,,
1708,7.324587200000001,517758.0,1628.169811320755,1621.2232704402516,1882.599224368819,1856.0044791772,0.0143290307162453,-0.5929699392724019,False,False,,
1709,7.328875600000001,514659.0,1618.4245283018868,1618.4245283018868,1879.95350425896,1856.0044791772,0.0129035384076104,-0.2587218493880336,False,False,,
1710,7.333164000000001,514039.0,1616.4748427672955,1616.7987421383648,1878.480740114165,1856.0044791772,0.012110025158414,-0.1032530280818186,False,False,,
1711,7.337452400000001,514142.0,1616.7987421383648,1616.4748427672955,1878.3098627520435,1856.0044791772,0.0120179578363583,-0.4011526282424531,False,False,,
1712,7.341740800000001,511495.0,1608.4748427672955,1610.1069182389938,1872.0949602233768,1856.0044791772,0.008669419296504,-0.4833318291845158,False,False,,
1713,7.3460292,512014.0,1610.1069182389938,1608.4748427672955,1870.6159067410688,1856.0044791772,0.0078725174038083,-0.5277797149027919,False,False,,
1714,7.3503176,509245.0,1601.3993710691825,1601.3993710691825,1863.693457022567,1856.0044791772,0.0041427582377255,-0.5530656237355466,False,False,,
1715,7.354606,507086.0,1594.6100628930817,1599.3647798742138,1861.811887797431,1856.0044791772,0.0031289841621532,-0.2393623337502875,False,False,,
1716,7.3588944,508598.0,1599.3647798742138,1597.2830188679245,1859.8831487511952,1856.0044791772,0.002089795373616,-0.2794642040698502,False,False,,
1717,7.363182800000001,505798.0,1590.559748427673,1594.6100628930817,1857.3632147266271,1856.0044791772,0.0007320755766869,-0.2202003593512527,False,False,,
1718,7.367471200000001,505033.0,1588.1540880503144,1593.4716981132076,1856.3778718872488,1856.0044791772,0.0002011809315322,-0.2352138682490772,False,False,,
1719,7.371759600000001,505129.0,1588.455974842767,1590.559748427673,1853.6189441319657,1856.0044791772,-0.0012853067285118,-0.2958605384970015,False,False,,
1720,7.376048000000001,504478.0,1586.4088050314465,1588.455974842767,1851.668192467998,1856.0044791772,-0.0023363557350489,-0.1318972326050187,False,False,,
1721,7.380336400000001,507936.0,1597.2830188679245,1588.1540880503144,1851.5193275862384,1856.0044791772,-0.0024165629131185,-0.1093769724029462,False,False,,
1722,7.384624800000001,506724.0,1593.4716981132076,1586.4088050314465,1849.9270664682851,1856.0044791772,-0.0032744601519545,-0.2824274037681317,False,False,,
1723,7.388913200000001,499703.0,1571.3930817610062,1583.3522012578617,1847.0234845863015,1856.0044791772,-0.0048388862697571,-0.4590336659194918,False,False,,
1724,7.3932016,502057.0,1578.7955974842766,1578.7955974842766,1842.6199026940735,1856.0044791772,-0.0072115000978123,-0.6346521973342168,False,False,,
1725,7.39749,500196.0,1572.9433962264152,1572.9433962264152,1836.92072330779,1856.0044791772,-0.0102821712358529,-0.4457980761443577,False,False,,
1726,7.4017784,503506.0,1583.3522012578617,1571.3930817610062,1835.52343070418,1856.0044791772,-0.0110350210372873,-0.533311023221686,False,False,,
1727,7.4060668,496774.0,1562.182389937107,1564.1477987421383,1828.4311695373324,1856.0044791772,-0.0148562732198207,-0.5593871166670492,False,False,,
1728,7.410355200000001,493199.0,1550.940251572327,1562.182389937107,1826.6187825745424,1856.0044791772,-0.0158327724595173,-0.2938850880814478,False,False,,
1729,7.414643600000001,495814.0,1559.1635220125786,1559.1635220125786,1823.752936482011,1856.0044791772,-0.0173768668432777,-0.1716040205056643,False,False,,
1730,7.418932000000001,495808.0,1559.1446540880504,1559.1446540880504,1823.887090380166,1856.0044791772,-0.0173045858225903,-0.0507057759727289,False,False,,
1731,7.423220400000001,497399.0,1564.1477987421383,1558.0503144654087,1822.945772570429,1856.0044791772,-0.0178117601426406,-0.3110716070919856,False,False,,
1732,7.427508800000001,495460.0,1558.0503144654087,1553.8867924528302,1818.9352723605105,1856.0044791772,-0.0199725847822969,-0.2531905854454885,False,False,,
1733,7.431797200000001,490232.0,1541.6100628930817,1553.7138364779871,1818.9153381790145,1856.0044791772,-0.0199833251558895,-0.1658751869785502,False,False,,
1734,7.436085600000001,494136.0,1553.8867924528302,1550.940251572327,1816.2947750564565,1856.0044791772,-0.0213952630859746,-0.3302335876341065,False,False,,
1735,7.440374,494081.0,1553.7138364779871,1548.1509433962265,1813.658488654145,1856.0044791772,-0.0228156725903095,-0.5240263651100636,False,False,,
1736,7.4446624,492312.0,1548.1509433962265,1542.2924528301887,1807.953019851652,1856.0044791772,-0.0258897324142505,-0.3916704437525005,False,False,,
1737,7.4489508,488329.0,1535.625786163522,1541.6100628930817,1807.4236516683104,1856.0044791772,-0.026174951652286,-0.3995722911074058,False,False,,
1738,7.4532392,490449.0,1542.2924528301887,1535.625786163522,1801.5923966827377,1856.0044791772,-0.0293167840406206,-0.4392790691206421,False,False,,
1739,7.457527600000001,483411.0,1520.160377358491,1534.311320754717,1800.4309530081402,1856.0044791772,-0.02994256037232,-0.1907660096773082,False,False,,
1740,7.461816000000001,487111.0,1531.7955974842766,1532.2830188679245,1798.5556728457768,1856.0044791772,-0.030952945952421,-0.1388113726547937,False,False,,
1741,7.466104400000001,487266.0,1532.2830188679245,1531.7955974842766,1798.2212731763134,1856.0044791772,-0.0311331177533057,-0.0343094588631709,False,False,,
1742,7.470392800000001,487911.0,1534.311320754717,1531.4308176100628,1798.0095150069708,1856.0044791772,-0.0312472113191986,-0.4965674584507136,False,False,,
1743,7.474681200000001,486995.0,1531.4308176100628,1523.5849056603774,1790.3166247523775,1856.0044791772,-0.0353920775309458,-0.6887798667306804,False,False,,
1744,7.478969600000001,480935.0,1512.374213836478,1520.160377358491,1787.0451181353387,1856.0044791772,-0.0371547384801744,-0.6378129604447151,False,False,,
1745,7.483258000000001,481174.0,1513.125786163522,1513.125786163522,1780.1635486159046,1856.0044791772,-0.0408624717300882,-0.469898731489546,False,False,,
1746,7.4875464,480851.0,1512.1100628930817,1512.374213836478,1779.5649979541506,1856.0044791772,-0.0411849659204143,-0.0445818649704277,False,False,,
1747,7.4918348,484500.0,1523.5849056603774,1512.1100628930817,1779.453868666731,1856.0044791772,-0.0412448414695664,-0.0811279045623916,False,False,,
1748,7.4961232,475598.0,1495.5911949685535,1510.7767295597484,1778.2735569786644,1856.0044791772,-0.041880783732265,-0.3053427896245848,False,False,,
1749,7.5004116,479208.0,1506.9433962264152,1506.9433962264152,1774.59324528175,1856.0044791772,-0.0438637055076186,-0.555238674568006,False,False,,
1750,7.504700000000001,477358.0,1501.125786163522,1501.632075471698,1769.4349461532074,1856.0044791772,-0.0466429547963,-0.3462348457853998,False,False,,
1751,7.508988400000001,480427.0,1510.7767295597484,1501.125786163522,1769.081678461427,1856.0044791772,-0.0468332925329509,-0.0799426325578922,False,False,,
1752,7.513276800000001,477519.0,1501.632075471698,1500.053459119497,1768.1623730240185,1856.0044791772,-0.0473286067672225,-0.048137703128174,False,False,,
1753,7.517565200000001,476664.0,1498.9433962264152,1500.053459119497,1768.3153946208563,1856.0044791772,-0.0472461599851406,0.0192255338406113,False,False,,
1754,7.521853600000001,476886.0,1499.6415094339625,1500.053459119497,1768.4684162074495,1856.0044791772,-0.0471637132085784,0.0192255326119976,False,False,,
1755,7.526142000000001,477017.0,1500.053459119497,1500.053459119497,1768.6214377847296,1856.0044791772,-0.047081266437034,0.0865887696100369,False,False,,
1756,7.530430400000001,475537.0,1495.3993710691825,1501.125786163522,1769.84678639579,1856.0044791772,-0.046421058649387,0.0865887683814188,False,False,,
1757,7.5347188,475329.0,1494.745283018868,1501.125786163522,1769.9998079535123,1856.0044791772,-0.0463386118883802,0.0510304595844886,False,False,,
1758,7.5390072,474205.0,1491.2106918238994,1501.632075471698,1770.659118809166,1856.0044791772,-0.0459833806036227,0.0510304583558776,False,False,,
1759,7.5432956,474425.0,1491.9025157232704,1501.632075471698,1770.8121403473306,1856.0044791772,-0.0459009338531535,0.2645778486903651,False,False,,
1760,7.547584,478761.0,1505.5377358490566,1505.5377358490566,1774.870822252609,1856.0044791772,-0.0437141493109752,0.5356111695643841,False,False,,
1761,7.551872400000001,480133.0,1509.8522012578617,1509.8522012578617,1779.3383091795552,1856.0044791772,-0.0413071039740336,1.321647311748858,False,False,,
1762,7.556160800000001,485354.0,1526.2704402515724,1526.2704402515724,1795.909569681628,1856.0044791772,-0.0323786446475674,1.300114779826094,False,False,,
1763,7.560449200000001,486617.0,1530.24213836478,1530.24213836478,1800.0342892934189,1856.0044791772,-0.030156279530421,0.466865104579778,False,False,,
1764,7.564737600000001,487620.0,1533.3962264150944,1533.3962264150944,1803.3413988325376,1856.0044791772,-0.0283744360186074,0.367894480619332,False,False,,
1765,7.569026000000001,491398.0,1545.2767295597484,1535.7924528301887,1805.8906467266577,1856.0044791772,-0.027000922149045,0.5581314248519909,False,False,,
1766,7.573314400000001,490348.0,1541.9748427672955,1541.9748427672955,1812.2260581325452,1856.0044791772,-0.0235874544139368,0.6150247157326989,False,False,,
1767,7.577602800000001,488382.0,1535.7924528301887,1545.2767295597484,1815.6809663844656,1856.0044791772,-0.0217259781671487,0.3224588616780761,False,False,,
1768,7.5818912,491883.0,1546.801886792453,1546.801886792453,1817.3591450663937,1856.0044791772,-0.0208217892490963,1.072146511681512,False,False,,
1769,7.5861796,496728.0,1562.0377358490566,1562.0377358490566,1832.748015562907,1856.0044791772,-0.012530391965758,1.1150140256881025,True,False,1769.0,5.0
1770,7.590468,497430.0,1564.245283018868,1564.245283018868,1835.1085841623835,1856.0044791772,-0.0112585369535744,0.3558441578758073,False,False,,
1771,7.5947564,498432.0,1567.3962264150944,1567.3962264150944,1838.4125489789624,1856.0044791772,-0.0094783877924887,0.806644478152258,False,False,,
1772,7.599044800000001,501416.0,1576.7798742138364,1576.7798742138364,1847.949218187812,1856.0044791772,-0.004340108593358,0.9816703685918082,False,False,,
1773,7.603333200000001,503304.0,1582.7169811320755,1582.7169811320755,1854.03934650638,1856.0044791772,-0.0010587973751503,0.5053865921008281,False,False,,
1774,7.607621600000001,505256.0,1588.8553459119496,1584.5188679245282,1855.9942546893824,1856.0044791772,-5.50887022758044e-06,0.4048355989151177,False,False,,
1775,7.611910000000001,506178.0,1591.754716981132,1588.8553459119496,1860.4837540575747,1856.0044791772,0.0024133965896248,0.4737792051384346,False,False,,
1776,7.616198400000001,507363.0,1595.4811320754718,1591.754716981132,1863.536146497749,1856.0044791772,0.0040580006164038,0.4354552501972993,False,False,,
1777,7.620486800000001,503877.0,1584.5188679245282,1595.4811320754718,1867.4155829533024,1856.0044791772,0.0061482091795171,0.6126541483508137,False,False,,
1778,7.624775200000001,509182.0,1601.2012578616352,1601.2012578616352,1873.2887300909,1856.0044791772,0.0093126127159791,0.8333132001698083,False,False,,
1779,7.6290636,513162.0,1613.7169811320755,1608.440251572327,1880.6807451427817,1856.0044791772,0.0132953698347327,0.8054591913460198,False,False,,
1780,7.633352,511484.0,1608.440251572327,1613.7169811320755,1886.1104960344064,1856.0044791772,0.0162208751083149,0.8346960208138434,False,False,,
1781,7.6376404,515612.0,1621.4213836477988,1621.4213836477988,1893.9679198722272,1856.0044791772,0.020454390666049,0.8086199273391987,False,False,,
1782,7.6419288,517158.0,1626.2830188679245,1626.2830188679245,1898.9825764042064,1856.0044791772,0.0231562465011178,0.5608970500220121,False,False,,
1783,7.646217200000001,518354.0,1630.044025157233,1630.044025157233,1902.8966039955883,1856.0044791772,0.0252650924846779,0.3750061186723408,False,False,,
1784,7.650505600000001,518959.0,1631.946540880503,1631.946540880503,1904.9521410111545,1856.0044791772,0.0263725989797468,0.3572269636888197,False,False,,
1785,7.654794000000001,521746.0,1640.7106918238994,1635.4245283018868,1908.58314971552,1856.0044791772,0.0283289567068443,0.2679361012330927,False,False,,
1786,7.659082400000001,520218.0,1635.9056603773586,1635.9056603773586,1909.217303063729,1856.0044791772,0.0286706333328029,0.3513005765783732,False,False,,
1787,7.663370800000001,520065.0,1635.4245283018868,1640.7106918238994,1914.1753557727632,1856.0044791772,0.0313419914920417,0.8886261119377372,False,False,,
1788,7.667659200000001,524969.0,1650.8459119496856,1649.745283018868,1923.3629682209112,1856.0044791772,0.0362922017696706,0.6559167423190284,False,False,,
1789,7.671947600000001,524619.0,1649.745283018868,1650.8459119496856,1924.61661839513,1856.0044791772,0.0369676582075637,0.3714502805439181,False,False,,
1790,7.676236,529346.0,1664.6100628930817,1655.3522012578617,1929.275928936928,1856.0044791772,0.039478056535839,0.536203771048509,False,False,,
1791,7.6805244,527586.0,1659.0754716981132,1659.0754716981132,1933.1522206010227,1856.0044791772,0.041566570711092,0.3175201782454007,False,False,,
1792,7.6848128,527912.0,1660.1006289308175,1660.1006289308175,1934.3303990473255,1856.0044791772,0.0422013636006142,0.2264514004112463,False,False,,
1793,7.6891012,528635.0,1662.374213836478,1662.374213836478,1936.7570051572711,1856.0044791772,0.0435087990821392,0.194053830064826,False,False,,
1794,7.693389600000001,528797.0,1662.8836477987422,1662.8836477987422,1937.4194603135763,1856.0044791772,0.0438657244903143,0.1596807981575772,False,False,,
1795,7.697678000000001,526402.0,1655.3522012578617,1664.6100628930817,1939.2988965921777,1856.0044791772,0.0448783493517772,0.2254636659303655,False,False,,
1796,7.701966400000001,531802.0,1672.3333333333333,1666.1666666666667,1941.0085215402455,1856.0044791772,0.0457994812602659,0.5043988329891818,False,False,,
1797,7.706254800000001,529841.0,1666.1666666666667,1672.3333333333333,1947.328209372082,1856.0044791772,0.0492044772625589,0.9461120302204034,False,False,,
1798,7.710543200000001,534533.0,1680.9213836477988,1680.9213836477988,1956.0692808414728,1856.0044791772,0.0539140949210604,0.8775635138169342,False,False,,
1799,7.714831600000001,536264.0,1686.3647798742138,1685.996855345912,1961.297773684732,1856.0044791772,0.0567311640078641,0.3611778682350053,False,False,,
1800,7.719120000000001,536147.0,1685.996855345912,1686.3647798742138,1961.8187193484016,1856.0044791772,0.0570118452613384,0.4625190435762594,False,False,,
1801,7.7234084,538391.0,1693.053459119497,1693.053459119497,1968.6604197192732,1856.0044791772,0.0606980973408079,0.6189755956189931,False,False,,
1802,7.7276968,539300.0,1695.9119496855346,1695.9119496855346,1971.671931400655,1856.0044791772,0.0623206751498425,0.200375295849831,False,False,,
1803,7.7319852,539308.0,1695.937106918239,1695.937106918239,1971.85010973939,1856.0044791772,0.0624166761782528,0.3516956479690121,False,False,,
1804,7.7362736,541319.0,1702.2610062893082,1701.2044025157234,1977.2704264331264,1856.0044791772,0.0653370983833432,0.4164907849467578,False,False,,
1805,7.740562000000001,540983.0,1701.2044025157234,1702.2610062893082,1978.4800512927184,1856.0044791772,0.0659888343425842,0.1770648460621755,False,False,,
1806,7.744850400000001,543252.0,1708.339622641509,1703.7169811320755,1980.0890472117144,1856.0044791772,0.0668557481550493,0.4010821825432478,False,False,,
1807,7.749138800000001,541782.0,1703.7169811320755,1708.339622641509,1984.8647097880637,1856.0044791772,0.0694288360058212,0.3236440892769661,False,False,,
1808,7.753427200000001,543323.0,1708.562893081761,1708.562893081761,1985.241001284986,1856.0044791772,0.06963157877996,0.3054698419286268,False,False,,
1809,7.757715600000001,546707.0,1719.2044025157234,1712.8962264150944,1989.727355665211,1856.0044791772,0.0720487897460747,0.3088281253036751,False,False,,
1810,7.762004000000001,550787.0,1732.0345911949685,1713.1729559748428,1990.1571062620724,1856.0044791772,0.0722803358450646,0.2400820628055644,False,False,,
1811,7.766292400000001,545819.0,1716.4119496855346,1716.4119496855346,1993.549121000564,1856.0044791772,0.0741079255823455,0.2539102922979506,False,False,,
1812,7.7705808,544789.0,1713.1729559748428,1716.9088050314465,1994.198997364031,1856.0044791772,0.0744580736400458,0.194646445063638,False,False,,
1813,7.7748692,545977.0,1716.9088050314465,1719.2044025157234,1996.6476158556184,1856.0044791772,0.0757773692123674,0.5543779887345668,False,False,,
1814,7.7791576,544701.0,1712.8962264150944,1725.427672955975,2003.0239072938673,1856.0044791772,0.0792128627738245,0.8252137635139132,False,False,,
1815,7.783446,552502.0,1737.427672955975,1732.0345911949685,2009.783846521079,1856.0044791772,0.0828550626192737,0.4670625865817737,False,False,,
1816,7.787734400000001,550953.0,1732.5566037735848,1732.5566037735848,2010.4588800776696,1856.0044791772,0.0832187651664192,0.2535151937900899,False,False,,
1817,7.792022800000001,548686.0,1725.427672955975,1735.7641509433963,2013.8194482161416,1856.0044791772,0.0850294117333725,0.325224446157593,False,False,,
1818,7.796311200000001,555324.0,1746.301886792453,1737.427672955975,2015.6359911871368,1856.0044791772,0.0860081501962237,0.2225004452871424,False,False,,
1819,7.800599600000001,551973.0,1735.7641509433963,1739.0,2017.3613391802648,1856.0044791772,0.0869377535525113,0.412737389549056,False,False,,
1820,7.804888000000001,554640.0,1744.1509433962265,1743.691823899371,2022.206184018494,1856.0044791772,0.0895481162389081,0.3428060500734986,False,False,,
1821,7.809176400000001,554494.0,1743.691823899371,1744.1509433962265,2022.818324444429,1856.0044791772,0.0898779324827818,0.1831887570937542,False,False,,
1822,7.813464800000001,558841.0,1757.361635220126,1746.301886792453,2025.122288759956,1856.0044791772,0.0911192895707498,0.6229264927935212,False,False,,
1823,7.8177532,553002.0,1739.0,1753.7610062893082,2032.734429166333,1856.0044791772,0.0952206484261722,0.7139952681704393,False,False,,
1824,7.8220416,561436.0,1765.5220125786163,1757.361635220126,2036.4880789968936,1856.0044791772,0.0972430841867931,0.3135692144917534,False,False,,
1825,7.82633,557696.0,1753.7610062893082,1758.446540880503,2037.7260055472348,1856.0044791772,0.0979100688650251,0.2232906212702232,False,False,,
1826,7.8306184,560382.0,1762.2075471698113,1760.6100628930817,2040.0425484399984,1856.0044791772,0.0991582031873036,0.2554906429770138,False,False,,
1827,7.834906800000001,559186.0,1758.446540880503,1762.2075471698113,2041.7930535866683,1856.0044791772,0.1001013610117104,0.1377531344666192,False,False,,
1828,7.839195200000001,561313.0,1765.1352201257862,1762.496855345912,2042.2353826233964,1856.0044791772,0.1003396842709969,0.1106893102847088,False,False,,
1829,7.843483600000001,560845.0,1763.6635220125786,1763.6635220125786,2043.5550701409115,1856.0044791772,0.1010507210881603,0.1849666626140127,False,False,,
1830,7.847772000000001,560474.0,1762.496855345912,1765.1352201257862,2045.179789094723,1856.0044791772,0.1019261063429048,0.1359752153731168,False,False,,
1831,7.852060400000001,559874.0,1760.6100628930817,1765.5220125786163,2045.719602378378,1856.0044791772,0.1022169533153725,0.0508328221629277,False,False,,
1832,7.856348800000001,562034.0,1767.4025157232704,1765.638364779874,2045.9889754011476,1856.0044791772,0.1023620892920318,0.0577469362948317,False,False,,
1833,7.860637200000001,561631.0,1766.1352201257862,1766.1352201257862,2046.638851558327,1856.0044791772,0.102712237238586,0.1300488270925868,False,False,,
1834,7.8649256,561473.0,1765.638364779874,1767.4025157232704,2048.0591679572995,1856.0044791772,0.1034774920722393,0.2756403407409156,False,False,,
1835,7.869214,563971.0,1773.493710691824,1770.2169811320755,2051.026654157814,1856.0044791772,0.1050763493130527,0.4018723313798578,False,False,,
1836,7.8735024,566218.0,1780.559748427673,1773.493710691824,2054.456404499493,1856.0044791772,0.1069242706840182,0.5435129219650534,False,False,,
1837,7.8777908,562929.0,1770.2169811320755,1778.562893081761,2059.6786076615817,1856.0044791772,0.1097379509421626,0.4631116363721386,False,False,,
1838,7.882079200000001,566936.0,1782.817610062893,1780.559748427673,2061.828483769401,1856.0044791772,0.1108962865668548,0.1501985285422922,False,False,,
1839,7.886367600000001,566246.0,1780.6477987421383,1780.6477987421383,2062.06955483646,1856.0044791772,0.1110261736817642,0.1241224351261394,False,False,,
1840,7.890656000000001,565583.0,1778.562893081761,1782.2295597484276,2063.804336585564,1856.0044791772,0.1119608598684447,0.1555322722202916,False,False,,
1841,7.894944400000001,566749.0,1782.2295597484276,1782.817610062893,2064.5454076326,1856.0044791772,0.1123601428741432,0.1590881017485337,False,False,,
1842,7.899232800000001,570159.0,1792.9528301886792,1784.455974842767,2066.3367931357316,1856.0044791772,0.1133253266995215,0.3469544921725553,False,False,,
1843,7.903521200000001,570441.0,1793.839622641509,1788.0345911949685,2070.0684302009454,1856.0044791772,0.1153359021626088,0.2665532065796405,False,False,,
1844,7.907809600000001,570611.0,1794.374213836478,1788.3930817610062,2070.579941470217,1856.0044791772,0.1156115002417138,0.1993875133068439,False,False,,
1845,7.912098,569507.0,1790.9025157232704,1790.9025157232704,2073.2423961264017,1856.0044791772,0.1170460089867386,0.176867250618292,False,False,,
1846,7.9163864,568595.0,1788.0345911949685,1790.9025157232704,2073.3954168100777,1856.0044791772,0.1171284552768164,0.0192254191408078,False,False,,
1847,7.9206748,568709.0,1788.3930817610062,1790.9025157232704,2073.548437483975,1856.0044791772,0.1172109015616255,0.0375972101265773,False,False,,
1848,7.9249632,567457.0,1784.455974842767,1791.1949685534591,2073.993910977816,1856.0044791772,0.1174509190286301,0.1480255085421831,False,False,,
1849,7.929251600000001,573735.0,1804.198113207547,1792.9528301886792,2075.9047932678413,1856.0044791772,0.1184804867432901,0.0192254154549686,False,False,,
1850,7.933540000000001,570431.0,1793.808176100629,1791.1949685534591,2074.299952276716,1856.0044791772,0.1176158115719042,-0.1095746776614987,False,False,,
1851,7.937828400000001,570906.0,1795.301886792453,1790.9025157232704,2074.1605200813087,1856.0044791772,0.1175406866479229,0.0008536207541069,False,False,,
1852,7.942116800000001,569600.0,1791.1949685534591,1790.9025157232704,2074.3135407063114,1856.0044791772,0.1176231329063881,0.0375972039835144,False,False,,
1853,7.946405200000001,569465.0,1790.7704402515724,1791.1949685534591,2074.7590141512583,1856.0044791772,0.1178631503470487,0.0375972027549007,False,False,,
1854,7.950693600000001,567515.0,1784.638364779874,1791.1949685534591,2074.912034756703,1856.0044791772,0.1179455965949763,0.0192254092826509,False,False,,
1855,7.954982000000001,571764.0,1798.0,1791.1949685534591,2075.0650553519035,1856.0044791772,0.1180280428373842,0.019225408024786,False,False,,
1856,7.9592704,572020.0,1798.8050314465409,1791.1949685534591,2075.218075937325,1856.0044791772,0.1181104890745233,0.0192254068254253,False,False,,
1857,7.9635588,568974.0,1789.2264150943397,1791.1949685534591,2075.3710965134333,1856.0044791772,0.1181929353066445,0.0192254055968117,False,False,,
1858,7.9678472,566991.0,1782.9905660377358,1791.1949685534591,2075.524117079297,1856.0044791772,0.118275381533246,0.0192254043389485,False,False,,
1859,7.9721356,574417.0,1806.3427672955977,1791.1949685534591,2075.6771376353818,1856.0044791772,0.1183578277545788,0.2339580715923581,False,False,,
1860,7.976424000000001,572300.0,1799.685534591195,1794.6132075471698,2079.248397175398,1856.0044791772,0.1202819931216794,0.4467152773142206,False,False,,
1861,7.980712400000001,569288.0,1790.2138364779871,1798.0,2082.7882101647556,1856.0044791772,0.1221892153450475,0.28255442278261,False,False,,
1862,7.985000800000001,565318.0,1777.7295597484276,1798.8050314465409,2083.746262137579,1856.0044791772,0.1227054058950013,0.0697972146035201,False,True,1769.0,5.0
1863,7.989289200000001,568180.0,1786.7295597484276,1798.8050314465409,2083.899282654548,1856.0044791772,0.1227878520952589,-0.2441036239628751,False,False,,
1864,7.993577600000001,573015.0,1801.933962264151,1794.6132075471698,2079.8604792623673,1856.0044791772,0.1206117779329965,-0.2441036252207418,False,False,,
1865,7.997866000000001,573466.0,1803.3522012578617,1794.6132075471698,2080.013499759313,1856.0044791772,0.1206942241224657,0.2074868796684246,False,False,,
1866,8.0021544,570687.0,1794.6132075471698,1797.6100628930817,2083.163375592858,1856.0044791772,0.1223913514025362,0.019225394480868,False,False,,
1867,8.0064428,573013.0,1801.927672955975,1794.6132075471698,2080.319540724334,1856.0044791772,0.1208591164858485,-0.2288925751426962,False,False,,
1868,8.0107312,572212.0,1799.4088050314465,1793.660377358491,2079.519731003264,1856.0044791772,0.1204281855640522,-0.0406310923830961,False,False,,
1869,8.0150196,572475.0,1800.2358490566037,1793.660377358491,2079.67275146156,1856.0044791772,0.1205106317326971,0.0192253907949506,False,False,,
1870,8.019308,570384.0,1793.660377358491,1793.660377358491,2079.8257719096114,1856.0044791772,0.1205930778958224,0.0192253895370857,False,False,,
1871,8.0235964,570029.0,1792.544025157233,1793.660377358491,2079.978792347884,1856.0044791772,0.1206755240536788,-0.0509034960623964,False,False,,
1872,8.0278848,569272.0,1790.1635220125786,1792.544025157233,2079.0154605751195,1856.0044791772,0.1201564887907944,-0.1445403739168416,False,False,,
1873,8.0321732,571640.0,1797.6100628930817,1791.053459119497,2077.677914955633,1856.0044791772,0.1194358301746688,-0.1079943368113305,False,False,,
1874,8.0364616,569555.0,1791.053459119497,1790.5188679245282,2077.2963441696,1856.0044791772,0.119230242962831,-0.0366801767209015,False,False,,
1875,8.040750000000001,567284.0,1783.9119496855346,1790.1635220125786,2077.0940186568073,1856.0044791772,0.119121231634969,-0.1348606160687229,False,False,,
1876,8.045038400000001,566459.0,1781.317610062893,1788.066037735849,2075.149554769456,1856.0044791772,0.1180735704309327,-0.1328851557657593,False,False,,
1877,8.049326800000001,566860.0,1782.5786163522012,1787.74213836478,2074.9786757779857,1856.0044791772,0.1179815022309972,-0.1532324107988092,False,False,,
1878,8.053615200000001,569385.0,1790.5188679245282,1785.3207547169811,2072.710312499542,1856.0044791772,0.1167593266899935,-0.2213858348959654,False,False,,
1879,8.057903600000001,568605.0,1788.066037735849,1783.9119496855346,2071.454527827671,1856.0044791772,0.1160827202022615,-0.1202422056787675,False,False,,
1880,8.062192000000001,566251.0,1780.6635220125786,1783.1006289308175,2070.796227423217,1856.0044791772,0.1157280333403278,-0.0645341917170245,False,False,,
1881,8.066480400000001,568502.0,1787.74213836478,1782.5786163522012,2070.427235184618,1856.0044791772,0.1155292233467429,-0.0528789699386074,False,False,,
1882,8.070768800000002,567732.0,1785.3207547169811,1781.9528301886792,2069.9544693513353,1856.0044791772,0.1152745009909583,-0.0599906326808881,False,False,,
1883,8.0750572,565383.0,1777.933962264151,1781.317610062893,2069.472269546009,1856.0044791772,0.1150146956883655,-0.061768549287926,False,False,,
1884,8.0793456,564890.0,1776.3836477987422,1780.6635220125786,2068.971201806376,1856.0044791772,0.1147447244974257,-0.1933342885193028,False,False,,
1885,8.083634,562327.0,1768.3238993710693,1777.933962264151,2066.394662358851,1856.0044791772,0.1133565061625932,-0.2496349433977478,False,False,,
1886,8.0879224,564417.0,1774.8962264150944,1776.3836477987422,2064.997368184566,1856.0044791772,0.1126036555148919,-0.1716042141292426,False,False,,
1887,8.0922108,567026.0,1783.1006289308175,1774.8962264150944,2063.662967082262,1856.0044791772,0.1118846911388494,-0.1083894463767745,False,False,,
1888,8.0964992,566661.0,1781.9528301886792,1774.3522012578617,2063.2719621961296,1856.0044791772,0.1116740209112076,-0.3936460927645484,False,False,,
1889,8.1007876,564244.0,1774.3522012578617,1768.3238993710693,2057.3966805711243,1856.0044791772,0.1085084673304264,-0.4859001475176683,False,False,,
1890,8.105076,561687.0,1766.311320754717,1766.311320754717,2055.537122206314,1856.0044791772,0.1075065525259779,-0.4244632951435996,False,False,,
1891,8.1093644,559616.0,1759.7987421383648,1761.2610062893082,2050.639827982669,1856.0044791772,0.1048679305406387,-0.3090963428990374,False,False,,
1892,8.1136528,558541.0,1756.4182389937107,1761.0849056603774,2050.6167475861885,1856.0044791772,0.1048554950122014,-0.0726335987983137,False,False,,
1893,8.1179412,559358.0,1758.987421383648,1759.7987421383648,2049.4836042863817,1856.0044791772,0.1042449666904653,-0.1125379229939795,False,False,,
1894,8.1222296,560025.0,1761.0849056603774,1758.987421383648,2048.8253037440913,1856.0044791772,0.1038902797542666,-0.1931367547108031,False,False,,
1895,8.126518,560081.0,1761.2610062893082,1756.4182389937107,2046.409141556802,1856.0044791772,0.1025884713726617,-0.5718327315127976,False,False,,
1896,8.1308064,555934.0,1748.2201257861636,1749.5786163522012,2039.7225391086272,1856.0044791772,0.0989857847826276,-0.4957774638050676,False,False,,
1897,8.135094800000001,554510.0,1743.74213836478,1748.2201257861636,2038.517068725214,1856.0044791772,0.0983362872210983,-0.0811280895856523,False,False,,
1898,8.139383200000001,553817.0,1741.562893081761,1747.9811320754718,2038.4310951878335,1856.0044791772,0.0982899653838694,-0.2620803670771572,False,False,,
1899,8.143671600000001,555858.0,1747.9811320754718,1743.74213836478,2034.345121640674,1856.0044791772,0.0960884763287509,-0.3839663448331052,False,False,,
1900,8.147960000000001,556366.0,1749.5786163522012,1741.562893081761,2032.318896510943,1856.0044791772,0.0949967628375047,-0.184642277525965,False,False,,
1901,8.152248400000001,553478.0,1740.496855345912,1740.496855345912,2031.4058789190683,1856.0044791772,0.0945048364428661,-0.3972019395226276,False,False,,
1902,8.156536800000001,550489.0,1731.0974842767296,1734.933962264151,2025.996005971503,1856.0044791772,0.091590041242607,-0.5712401017121067,False,False,,
1903,8.160825200000001,547253.0,1720.9213836477988,1731.0974842767296,2022.3125481080328,1856.0044791772,0.0896054243385017,-0.7310549408742784,False,False,,
1904,8.165113600000002,551709.0,1734.933962264151,1722.9905660377358,2014.3586499832113,1856.0044791772,0.0853199292257163,-0.6200340039991694,False,False,,
1905,8.169402,546009.0,1717.0094339622642,1720.9213836477988,2012.4424876981336,1856.0044791772,0.0842875166930012,-0.2709699525988238,False,False,,
1906,8.1736904,543008.0,1707.572327044025,1718.37106918239,2010.045193327339,1856.0044791772,0.0829958741362671,-0.2265220693962462,False,False,,
1907,8.1779788,547911.0,1722.9905660377358,1717.0094339622642,2008.8365781920488,1856.0044791772,0.0823446822082035,-0.4847148928015095,False,False,,
1908,8.1822672,546442.0,1718.37106918239,1710.3490566037735,2002.3292209086148,1856.0044791772,0.078838571443687,-0.573610662950939,False,False,,
1909,8.1865556,543891.0,1710.3490566037735,1707.572327044025,1999.705511414144,1856.0044791772,0.0774249382742058,-0.5504977642893909,False,False,,
1910,8.190844,541007.0,1701.2798742138364,1701.2798742138364,1993.5660786389888,1856.0044791772,0.0741170622189297,-0.4045111583347189,False,False,,
1911,8.1951324,539359.0,1696.0974842767296,1700.8270440251572,1993.2662684960296,1856.0044791772,0.0739555269714005,-0.30633072141487,False,False,,
1912,8.1994208,538627.0,1693.7955974842766,1696.0974842767296,1988.6897287835432,1856.0044791772,0.0714897248874986,-0.3152202995648157,False,False,,
1913,8.2037092,536147.0,1685.996855345912,1695.503144654088,1988.2484091865983,1856.0044791772,0.0712519455060929,-0.125378447609231,False,False,,
1914,8.2079976,540863.0,1700.8270440251572,1693.7955974842766,1986.6938820331704,1856.0044791772,0.0704143790180437,-0.1172790565583881,False,False,,
1915,8.212286,539170.0,1695.503144654088,1693.330188679245,1986.3814932342775,1856.0044791772,0.0702460664938029,-0.4706891257854968,False,False,,
1916,8.2165744,538479.0,1693.330188679245,1685.996855345912,1979.20117989777,1856.0044791772,0.0663773725240066,-0.5408180113849763,False,False,,
1917,8.2208628,535644.0,1684.4150943396226,1684.4150943396226,1977.7724388780616,1856.0044791772,0.0656075785737562,-0.5098032665971228,False,False,,
1918,8.2251512,531927.0,1672.7264150943397,1677.5754716981132,1971.0858362133545,1856.0044791772,0.0620048918670563,-0.5809198829331255,False,False,,
1919,8.229439600000001,533469.0,1677.5754716981132,1674.861635220126,1968.525019702856,1856.0044791772,0.0606251449218153,-0.2853908390676052,False,False,,
1920,8.233728000000001,532606.0,1674.861635220126,1672.7264150943397,1966.5428195338488,1856.0044791772,0.0595571517185412,-0.3521614400634067,False,False,,
1921,8.238016400000001,530109.0,1667.0094339622642,1668.9496855345913,1962.919109922031,1856.0044791772,0.0576047266826794,-0.3399135797962636,False,False,,
1922,8.242304800000001,530726.0,1668.9496855345913,1667.0094339622642,1961.1318782869253,1856.0044791772,0.0566417809273446,-0.4647627498495792,False,False,,
1923,8.246593200000001,527438.0,1658.6100628930817,1661.245283018868,1955.520747271437,1856.0044791772,0.0536185495297694,-0.5084204509259669,False,False,,
1924,8.250881600000001,526416.0,1655.3962264150944,1658.6100628930817,1953.0385470633137,1856.0044791772,0.0522811604038426,-0.3482105219439591,False,False,,
1925,8.255170000000001,526205.0,1654.7327044025158,1655.3962264150944,1949.9777304936763,1856.0044791772,0.0506320175251604,-0.2243490851136593,False,False,,
1926,8.259458400000002,523584.0,1646.4905660377358,1654.7327044025158,1949.4672283796688,1856.0044791772,0.0503569631706398,-0.5402253852704462,False,False,,
1927,8.2637468,528276.0,1661.245283018868,1646.4905660377358,1941.378109903215,1856.0044791772,0.0459986124407754,-0.7342157089287857,False,False,,
1928,8.2680352,520306.0,1636.182389937107,1642.7389937106918,1937.779557454719,1856.0044791772,0.0440597418783015,-0.6283309720355259,False,False,,
1929,8.2723236,522391.0,1642.7389937106918,1636.182389937107,1931.3759735503688,1856.0044791772,0.040609543359821,-0.4503418892693718,False,False,,
1930,8.276612,519232.0,1632.8050314465409,1635.2641509433963,1930.610754415648,1856.0044791772,0.0401972495624159,-0.0631514303388502,False,False,,
1931,8.2809004,519889.0,1634.87106918239,1634.87106918239,1930.3706925038523,1856.0044791772,0.0400679061720908,-0.1352557774698928,False,False,,
1932,8.2851888,520014.0,1635.2641509433963,1632.8050314465409,1928.4576746074351,1856.0044791772,0.0390371878102121,-0.3412964164416134,False,False,,
1933,8.2894772,518064.0,1629.132075471698,1629.132075471698,1924.9377384622455,1856.0044791772,0.0371406750675543,-0.6496659627488439,False,False,,
1934,8.2937656,515846.0,1622.1572327044023,1622.1572327044023,1918.1159155148248,1856.0044791772,0.0334651327809077,-0.551485525858249,False,False,,
1935,8.298054,515175.0,1620.0471698113208,1620.0471698113208,1916.1588724318383,1856.0044791772,0.0324106940093732,-0.2717601742453133,False,False,,
1936,8.3023424,514373.0,1617.5251572327045,1617.5251572327045,1913.7898796530728,1856.0044791772,0.0311343001184405,-0.6334671819050399,False,False,,
1937,8.3066308,508826.0,1600.0817610062893,1609.6572327044023,1906.0749749153083,1856.0044791772,0.0269775726836099,-1.0101876971754726,False,False,,
1938,8.3109192,508989.0,1600.5943396226414,1601.138364779874,1897.7091267715389,1856.0044791772,0.0224701222773057,-0.5501027077298675,False,False,,
1939,8.3152076,509162.0,1601.138364779874,1600.5943396226414,1897.3181213848204,1856.0044791772,0.0222594517799523,-0.0471502030491115,False,False,,
1940,8.319496000000001,511871.0,1609.6572327044023,1600.0817610062893,1896.9585625292036,1856.0044791772,0.0220657244157941,-0.4548854643652356,False,False,,
1941,8.323784400000001,506589.0,1593.0471698113208,1593.0471698113208,1890.0769910856573,1856.0044791772,0.0183579901291845,-0.4957775192974232,False,False,,
1942,8.328072800000001,506179.0,1591.75786163522,1591.8836477987422,1889.066488814256,1856.0044791772,0.0178135397882839,-0.0617686220686111,False,False,,
1943,8.332361200000001,506219.0,1591.8836477987422,1591.75786163522,1889.093722382133,1856.0044791772,0.0178282130114264,-0.2063724074083959,False,False,,
1944,8.336649600000001,502299.0,1579.5566037735848,1588.2924528301887,1885.7813332987212,1856.0044791772,0.0160435249244235,-0.6083788303122064,False,False,,
1945,8.340938000000001,505077.0,1588.2924528301887,1581.7672955974842,1879.4091957778576,1856.0044791772,0.0126102694596046,-0.5295579164310495,False,False,,
1946,8.345226400000001,499738.0,1571.503144654088,1579.5566037735848,1877.35152365602,1856.0044791772,0.0115016125867776,-0.4939996100913278,False,False,,
1947,8.349514800000001,503002.0,1581.7672955974842,1573.5974842767296,1871.545423851448,1856.0044791772,0.0083733336037732,-0.4866904036823631,False,False,,
1948,8.353803200000002,498275.0,1566.9025157232704,1571.503144654088,1869.6041039108452,1856.0044791772,0.0073273663324746,-0.229880405806482,False,False,,
1949,8.3580916,500404.0,1573.5974842767296,1569.632075471698,1867.8860544011804,1856.0044791772,0.0064016953392525,-0.2697847299436201,False,False,,
1950,8.36238,497785.0,1565.361635220126,1566.9025157232704,1865.3095143156993,1856.0044791772,0.0050134766606944,-0.2490423851199129,False,False,,
1951,8.3666684,499143.0,1569.632075471698,1565.361635220126,1863.921653465257,1856.0044791772,0.004265708610556,-0.6779150848823946,False,False,,
1952,8.3709568,494746.0,1555.8050314465409,1555.8050314465409,1854.5180693345949,1856.0044791772,-0.0008008654393249,-0.7276967166774095,False,False,,
1953,8.3752452,494004.0,1553.4716981132076,1553.4716981132076,1852.3377556348712,1856.0044791772,-0.0019756005890429,-0.1364410815060749,False,False,,
1954,8.3795336,493025.0,1550.3930817610062,1553.3270440251572,1852.346121170186,1856.0044791772,-0.0019710933071862,-0.160739259602292,False,False,,
1955,8.383822,493093.0,1550.6069182389938,1550.6069182389938,1849.779014997609,1856.0044791772,-0.0033542290707998,-0.1650852762003706,False,False,,
1956,8.3881104,493958.0,1553.3270440251572,1550.3930817610062,1849.718198123429,1856.0044791772,-0.0033869967041016,-0.0050728933715267,False,False,,
1957,8.3923988,492970.0,1550.2201257861636,1550.2201257861636,1849.698261742615,1856.0044791772,-0.0033977382626688,-0.1640975478918085,False,False,,
1958,8.3966872,487579.0,1533.2672955974842,1547.4748427672955,1847.1059983079963,1856.0044791772,-0.0047944285528601,-0.9244526926230696,False,False,,
1959,8.4009756,492097.0,1547.4748427672955,1535.198113207547,1834.982288322719,1856.0044791772,-0.0113265841167584,-0.8732882402131658,False,False,,
1960,8.405264,487151.0,1531.9213836477988,1533.2672955974842,1833.2044902768823,1856.0044791772,-0.0122844471315205,-0.1561957054805942,False,False,,
1961,8.4095524,486818.0,1530.874213836478,1532.4056603773586,1832.4958746116697,1856.0044791772,-0.0126662434435244,-0.0653244762275766,False,False,,
1962,8.413840800000001,488193.0,1535.198113207547,1531.9213836477988,1832.164617427244,1856.0044791772,-0.0128447220992292,-0.0582128159717896,False,False,,
1963,8.418129200000001,487305.0,1532.4056603773586,1531.1729559748428,1831.5692092891777,1856.0044791772,-0.0131655231235513,-0.0465575941641207,False,False,,
1964,8.422417600000001,486913.0,1531.1729559748428,1530.874213836478,1831.4234866763893,1856.0044791772,-0.013244037272856,-0.2205957563243614,False,False,,
1965,8.426706000000001,480446.0,1510.8364779874214,1527.3553459119496,1828.0576382671927,1856.0044791772,-0.0150575288063941,-0.4568609567584161,False,False,,
1966,8.430994400000001,485699.0,1527.3553459119496,1523.2955974842766,1824.1509093450727,1856.0044791772,-0.0171624423267817,-0.3750768505798802,False,False,,
1967,8.435282800000001,484408.0,1523.2955974842766,1521.0786163522012,1822.0869477087713,1856.0044791772,-0.0182744879384477,-0.3401111826996343,False,False,,
1968,8.439571200000001,482589.0,1517.5754716981132,1517.5754716981132,1818.7368225406783,1856.0044791772,-0.02007950791856,-0.2658338303410779,False,False,,
1969,8.443859600000001,482260.0,1516.5408805031448,1516.5408805031448,1817.8552508219263,1856.0044791772,-0.0205544915345171,-0.3391234543910864,False,False,,
1970,8.448148000000002,483703.0,1521.0786163522012,1511.87106918239,1813.3384589676089,1856.0044791772,-0.0229881019621815,-0.3355676248628461,False,False,,
1971,8.4524364,480071.0,1509.6572327044023,1510.8930817610062,1812.5134910028837,1856.0044791772,-0.023432587939441,-0.045767419438925,False,False,,
1972,8.4567248,480464.0,1510.8930817610062,1510.8364779874214,1812.6099066757129,1856.0044791772,-0.023380639965225,-0.0228520669012537,False,False,,
1973,8.4610132,479146.0,1506.748427672956,1510.2232704402516,1812.149718565644,1856.0044791772,-0.0236285855468397,-0.0548545449121085,False,False,,
1974,8.4653016,480775.0,1511.87106918239,1509.6572327044023,1811.7367002571168,1856.0044791772,-0.0238511164260272,-0.1990632379748333,False,False,,
1975,8.46959,480251.0,1510.2232704402516,1506.748427672956,1808.9809146427472,1856.0044791772,-0.0253359111263023,-0.7340182219535478,False,False,,
1976,8.4738784,475157.0,1494.2044025157234,1497.6666666666667,1800.0521730442222,1856.0044791772,-0.0301466439120785,-0.7470562692905576,False,False,,
1977,8.4781668,473408.0,1488.7044025157234,1494.5503144654087,1797.0888402404837,1856.0044791772,-0.0317432633367537,-0.1765429802300011,False,False,,
1978,8.4824552,475267.0,1494.5503144654087,1494.5503144654087,1797.2418596282243,1856.0044791772,-0.0316608177449152,0.0192252563203272,False,False,,
1979,8.4867436,474175.0,1491.1163522012578,1494.5503144654087,1797.394879006186,1856.0044791772,-0.0315783721583455,0.0192252551209666,False,False,,
1980,8.491032,473914.0,1490.2955974842766,1494.5503144654087,1797.5478983748346,1856.0044791772,-0.0314959265767937,0.0192252538631003,False,False,,
1981,8.4953204,472906.0,1487.125786163522,1494.5503144654087,1797.700917732773,1856.0044791772,-0.0314134810010124,0.0192252526052358,False,False,,
1982,8.4996088,476258.0,1497.6666666666667,1494.5503144654087,1797.853937081398,1856.0044791772,-0.0313310354302491,0.0192252514058752,False,False,,
1983,8.5038972,472145.0,1484.7327044025158,1494.5503144654087,1798.0069564202445,1856.0044791772,-0.0312485898647545,0.2149934879562023,False,False,,
1984,8.508185600000001,472411.0,1485.5691823899372,1497.6666666666667,1801.2763279505696,1856.0044791772,-0.0294870792827463,0.2381063866469892,False,False,,
1985,8.512474000000001,476375.0,1498.0345911949685,1498.0345911949685,1801.7972717981595,1856.0044791772,-0.0292063990077606,0.1602732010451282,False,False,,
1986,8.516762400000001,478974.0,1506.2075471698113,1499.9119496855346,1803.8276495977696,1856.0044791772,-0.0281124480920224,0.5326476985181223,False,False,,
1987,8.521050800000001,476972.0,1499.9119496855346,1506.2075471698113,1810.276266381777,1856.0044791772,-0.0246379862271103,1.2783844254584962,False,False,,
1988,8.525339200000001,485456.0,1526.5911949685535,1519.955974842767,1824.1777133442192,1856.0044791772,-0.0171480005517498,1.0411314942586536,True,False,1988.0,6.0
1989,8.529627600000001,484147.0,1522.4748427672955,1522.4748427672955,1826.8496005484544,1856.0044791772,-0.0157084096271525,0.4360476259383385,False,False,,
1990,8.533916000000001,487325.0,1532.4685534591194,1526.5911949685535,1831.1189720201064,1856.0044791772,-0.0134081072736018,0.6470269162817741,False,False,,
1991,8.538204400000001,483346.0,1519.955974842767,1532.4685534591194,1837.149349770822,1856.0044791772,-0.0101589891715868,1.0654296674111658,False,False,,
1992,8.542492800000002,490752.0,1543.245283018868,1543.245283018868,1848.079098580941,1856.0044791772,-0.0042701301021495,0.9913498587486084,False,False,,
1993,8.5467812,493528.0,1551.9748427672955,1547.9433962264152,1852.93023102908,1856.0044791772,-0.001656379703072,0.5445004590781626,False,False,,
1994,8.5510696,493411.0,1551.6069182389938,1551.6069182389938,1856.7467722724712,1856.0044791772,0.0003999414352709,0.2724794049224701,False,False,,
1995,8.555358,492246.0,1547.9433962264152,1551.9748427672955,1857.2677160213416,1856.0044791772,0.000680621657067,0.3204831189403511,False,False,,
1996,8.5596464,494936.0,1556.4025157232704,1556.4025157232704,1861.848408189037,1856.0044791772,0.0031486610497985,0.6296428474029956,False,False,,
1997,8.5639348,496915.0,1562.625786163522,1561.691823899371,1867.290735566148,1856.0044791772,0.0060809424306731,0.4101690699873131,False,False,,
1998,8.5682232,501083.0,1575.7327044025158,1562.625786163522,1868.377717021996,1856.0044791772,0.0066665991292658,0.4210341071823565,False,False,,
1999,8.5725116,498652.0,1568.0880503144654,1568.0880503144654,1873.9930003543925,1856.0044791772,0.0096920677611548,0.5968501822637845,False,False,,
2000,8.5768,496618.0,1561.691823899371,1571.8207547169811,1877.8787239290475,1856.0044791772,0.0117856637725059,0.4994599275286024,False,False,,
2001,8.5810884,499839.0,1571.8207547169811,1575.7327044025158,1881.943692776477,1856.0044791772,0.0139758356675822,0.8619571173144607,False,False,,
2002,8.5853768,506061.0,1591.3867924528302,1585.2358490566037,1891.599856582681,1856.0044791772,0.0191784975762887,0.8516847161216665,False,False,,
2003,8.5896652,505297.0,1588.9842767295595,1588.9842767295595,1895.5013033979744,1856.0044791772,0.0212805651408146,0.4056255010637675,False,False,,
2004,8.5939536,504105.0,1585.2358490566037,1591.3867924528302,1898.0568382538029,1856.0044791772,0.0226574663738125,0.3380647154553395,False,False,,
2005,8.598242,507126.0,1594.7358490566037,1594.059748427673,1900.882813351425,1856.0044791772,0.024180078592332,0.2296118761433372,False,False,,
2006,8.602530400000001,512712.0,1612.301886792453,1594.7358490566037,1901.7119330933565,1856.0044791772,0.0246268015131187,1.057527802797173,False,False,,
2007,8.606818800000001,506911.0,1594.059748427673,1610.5880503144654,1917.7171534544395,1856.0044791772,0.033250283051363,1.1227180321105,False,False,,
2008,8.611107200000001,512167.0,1610.5880503144654,1612.301886792453,1919.5840090258696,1856.0044791772,0.0342561295309242,0.4129347025582652,False,False,,
2009,8.615395600000001,515672.0,1621.6100628930817,1616.8553459119496,1924.2904872285649,1856.0044791772,0.0367919414082648,0.4259727474380352,False,False,,
2010,8.619684000000001,514771.0,1618.7767295597484,1618.7767295597484,1926.3648899502484,1856.0044791772,0.0379096125911508,0.2641824468028186,False,False,,
2011,8.623972400000001,514160.0,1616.8553459119496,1620.754716981132,1928.495896435738,1856.0044791772,0.0390577814180033,0.1972142996245995,False,False,,
2012,8.628260800000001,518223.0,1629.632075471698,1621.6100628930817,1929.5042614015492,1856.0044791772,0.0396010801961711,0.1744964907828992,False,False,,
2013,8.632549200000001,515400.0,1620.754716981132,1623.2264150943397,1931.2736326473555,1856.0044791772,0.0405544029201501,0.4739764577408243,False,False,,
2014,8.636837600000002,516186.0,1623.2264150943397,1628.8490566037735,1937.049293191093,1856.0044791772,0.0436662814789227,0.4216267258962114,False,False,,
2015,8.641126,518884.0,1631.7106918238994,1629.632075471698,1937.9853310835424,1856.0044791772,0.0441706110228171,0.1989922100593313,False,False,,
2016,8.6454144,517974.0,1628.8490566037735,1631.7106918238994,1940.2169664504895,1856.0044791772,0.0453729978661596,0.5448955230092256,False,False,,
2017,8.6497028,520884.0,1638.0,1638.0,1946.6592936315576,1856.0044791772,0.0488440709445627,0.5978378908267796,False,False,,
2018,8.6539912,523110.0,1645.0,1640.9213836477988,1949.7336962745444,1856.0044791772,0.0505005338882028,0.4589629439285474,False,False,,
2019,8.6582796,521813.0,1640.9213836477988,1645.0,1953.9653316121548,1856.0044791772,0.0527805043220491,0.3343113200576342,False,False,,
2020,8.662568,523408.0,1645.937106918239,1645.937106918239,1955.055457506024,1856.0044791772,0.0533678552180732,0.1420989117776816,False,False,,
2021,8.6668564,523732.0,1646.955974842767,1646.955974842767,1956.2273443959384,1856.0044791772,0.053999258268584,0.7072784547322524,False,False,,
2022,8.6711448,526891.0,1656.8899371069183,1656.8899371069183,1966.314325616162,1856.0044791772,0.0594340410686208,0.8143484685441669,False,False,,
2023,8.6754332,529537.0,1665.2106918238994,1659.6132075471698,1969.190615002707,1856.0044791772,0.0609837622135937,0.274454830707258,False,False,,
2024,8.6797216,528183.0,1660.9528301886792,1660.9528301886792,1970.6832565802656,1856.0044791772,0.0617879852606309,0.2213149142500752,False,False,,
2025,8.68401,527757.0,1659.6132075471698,1662.830188679245,1972.7136339971023,1856.0044791772,0.0628819359701338,0.2867026897458036,False,False,,
2026,8.6882984,530725.0,1668.946540880503,1665.2106918238994,1975.2471560587137,1856.0044791772,0.0642469768900428,0.403452465033169,False,False,,
2027,8.6925868,528780.0,1662.830188679245,1668.946540880503,1979.1360240220297,1856.0044791772,0.0663422670722304,0.3601898562338395,False,False,,
2028,8.696875200000001,532399.0,1674.2106918238994,1670.638364779874,1980.9808668183343,1856.0044791772,0.0673362532489892,0.1274804865858794,False,False,,
2029,8.701163600000001,531263.0,1670.638364779874,1670.669811320755,1981.1653322463696,1856.0044791772,0.0674356417095802,0.2436376234137993,False,False,,
2030,8.705452000000001,531273.0,1670.669811320755,1674.2106918238994,1984.8592316268905,1856.0044791772,0.0694258844174847,0.2529222913835776,False,False,,
2031,8.709740400000001,532899.0,1675.7830188679245,1674.3899371069183,1985.191495777506,1856.0044791772,0.0696049056183189,0.0595246062139125,False,False,,
2032,8.714028800000001,532456.0,1674.3899371069183,1674.8522012578617,1985.8067787862676,1856.0044791772,0.0699364150600602,0.103379850956971,False,False,,
2033,8.718317200000001,532603.0,1674.8522012578617,1675.7295597484276,1986.837156124407,1856.0044791772,0.0704915739240066,0.0776988498179065,False,False,,
2034,8.722605600000001,532899.0,1675.7830188679245,1675.7830188679245,1987.0436340821643,1856.0044791772,0.0706028225551785,0.0225834718876534,False,False,,
2035,8.726894000000001,533891.0,1678.9025157232704,1675.7830188679245,1987.1966529106455,1856.0044791772,0.0706852678456927,0.2151909699581988,False,False,,
2036,8.731182400000002,534929.0,1682.1666666666667,1678.9025157232704,1990.4691685842288,1856.0044791772,0.072448472466316,0.4202438756777589,False,False,,
2037,8.7354708,538079.0,1692.072327044025,1682.1666666666667,1993.8863383360829,1856.0044791772,0.074289615518605,0.846548472962608,False,False,,
2038,8.7397592,532882.0,1675.7295597484276,1692.072327044025,2003.9450175121203,1856.0044791772,0.0797091494092218,0.8303496872043308,False,False,,
2039,8.7440476,539035.0,1695.0786163522012,1695.0786163522012,2007.1043256096625,1856.0044791772,0.0814113587158192,0.2304020188368696,False,False,,
2040,8.748336,542137.0,1704.8333333333333,1695.433962264151,2007.6126903007337,1856.0044791772,0.0816852614443819,0.1638289639649777,False,False,,
2041,8.7526244,540706.0,1700.3333333333333,1697.380503144654,2009.712249950579,1856.0044791772,0.082816486973954,0.154149201231645,False,False,,
2042,8.7569128,539767.0,1697.380503144654,1697.5817610062893,2010.0665265717776,1856.0044791772,0.0830073683135055,0.2047210152113123,False,False,,
2043,8.7612012,543468.0,1709.0188679245282,1700.3333333333333,2012.9711176486064,1856.0044791772,0.0845723381772185,0.4747666053195409,False,False,,
2044,8.7654896,539831.0,1697.5817610062893,1704.8333333333333,2017.6241363881463,1856.0044791772,0.0870793465340102,0.3724376967554317,False,False,,
2045,8.769778,539148.0,1695.433962264151,1705.955974842767,2018.8997966278075,1856.0044791772,0.0877666618147505,0.1104914964694305,False,False,,
2046,8.7740664,542494.0,1705.955974842767,1706.2861635220129,2019.3830040275009,1856.0044791772,0.0880270100009292,0.2116351256281099,False,False,,
2047,8.7783548,544996.0,1713.8238993710693,1709.0188679245282,2022.26872714022,1856.0044791772,0.0895818139602377,0.245217970436256,False,False,,
2048,8.7826432,543743.0,1709.8836477987422,1709.8836477987422,2023.286525715324,1856.0044791772,0.0901301954897669,0.2339578384776732,False,False,,
2049,8.7869316,542599.0,1706.2861635220129,1712.437106918239,2025.9930035254663,1856.0044791772,0.0915884235492931,0.2667504986731792,False,False,,
2050,8.791220000000001,547090.0,1720.4088050314465,1713.8238993710693,2027.5328146596296,1856.0044791772,0.0924180611667871,0.2211173360652285,False,False,,
2051,8.795508400000001,544555.0,1712.437106918239,1715.6509433962265,2029.5128773558745,1856.0044791772,0.0934849027172573,0.1901025887616416,False,False,,
2052,8.799796800000001,547467.0,1721.5943396226414,1716.544025157233,2030.5589777781895,1856.0044791772,0.094048533050078,0.307840094814809,False,False,,
2053,8.804085200000001,545577.0,1715.6509433962265,1720.245283018868,2034.413254291355,1856.0044791772,0.0961251856424651,0.2568731860716067,False,False,,
2054,8.808373600000001,547064.0,1720.3270440251572,1720.3270440251572,2034.6480339393956,1856.0044791772,0.096251682992377,0.029497562558884,False,False,,
2055,8.812662000000001,545861.0,1716.544025157233,1720.4088050314465,2034.882813577657,1856.0044791772,0.0963781803370201,0.0243613613481787,False,False,,
2056,8.816950400000001,547994.0,1723.251572327044,1720.4088050314465,2035.0358321998508,1856.0044791772,0.0964606255163881,0.0921196906525469,False,False,,
2057,8.821238800000001,547459.0,1721.5691823899372,1721.5691823899372,2036.349228170756,1856.0044791772,0.0971682724998089,0.0921196893946802,False,False,,
2058,8.825527200000002,547038.0,1720.245283018868,1721.5691823899372,2036.502246772926,1856.0044791772,0.0972507176683884,0.0208055268762485,False,False,,
2059,8.829815600000002,550656.0,1731.622641509434,1721.5943396226414,2036.6804225984872,1856.0044791772,0.0973467173427211,0.0731552562343793,False,False,,
2060,8.834104,550527.0,1731.2169811320755,1722.427672955975,2037.666774514433,1856.0044791772,0.0978781556700591,0.1233319779077231,False,False,,
2061,8.8383924,549711.0,1728.6509433962265,1723.251572327044,2038.643692458801,1856.0044791772,0.0984045110508398,0.2708989530876202,False,False,,
2062,8.8426808,547732.0,1722.427672955975,1726.433962264151,2041.9791009589624,1856.0044791772,0.100201601810901,0.3584118976784687,False,False,,
2063,8.8469692,546755.0,1719.3553459119496,1728.6509433962265,2044.3491006443137,1856.0044791772,0.1014785382148486,0.3196928504310055,False,False,,
2064,8.8512576,551738.0,1735.0251572327045,1731.2169811320755,2047.0681569236592,1856.0044791772,0.1029435434504777,0.203930803452188,False,False,,
2065,8.855546,545011.0,1713.87106918239,1731.5911949685535,2047.5953892938553,1856.0044791772,0.1032276119298973,0.0447086028080097,False,False,,
2066,8.8598344,553976.0,1742.062893081761,1731.622641509434,2047.7798543591405,1856.0044791772,0.1033270001950415,0.0231760708559818,False,False,,
2067,8.8641228,549006.0,1726.433962264151,1731.6540880503144,2047.9643194137152,1856.0044791772,0.1034263884544149,0.0731552463469178,False,False,,
2068,8.8684112,551259.0,1733.5188679245282,1732.4811320754718,2048.9443819432536,1856.0044791772,0.1039544381119097,0.1363700141579347,False,False,,
2069,8.8726996,550666.0,1731.6540880503144,1733.5188679245282,2050.1351362869127,1856.0044791772,0.1045960067918447,0.0844153746196898,False,False,,
2070,8.876988,552867.0,1738.5754716981132,1733.5188679245282,2050.2881547712705,1856.0044791772,0.1046784518969479,0.1138497502114894,False,False,,
2071,8.8812764,550646.0,1731.5911949685535,1735.0251572327045,2051.947462554491,1856.0044791772,0.1055724733294587,0.1255049720484411,False,False,,
2072,8.885564800000001,552107.0,1736.185534591195,1735.2106918238994,2052.286015610952,1856.0044791772,0.105754882941213,0.0334484634192442,False,False,,
2073,8.889853200000001,552840.0,1738.4905660377358,1735.251572327044,2052.479914569117,1856.0044791772,0.1058593541105128,0.0192251391632982,False,False,,
2074,8.894141600000001,550929.0,1732.4811320754718,1735.2106918238994,2052.592052511681,1856.0044791772,0.1059197731147888,0.016657037943661,False,False,,
2075,8.898430000000001,556741.0,1750.75786163522,1735.2106918238994,2052.745070947144,1856.0044791772,0.106002218193548,0.0192251366768179,False,False,,
2076,8.902718400000001,551810.0,1735.251572327044,1735.2106918238994,2052.8980893728285,1856.0044791772,0.1060846632670385,0.0217932354392296,False,False,,
2077,8.907006800000001,546665.0,1719.072327044025,1735.251572327044,2053.0919882918784,1856.0044791772,0.1061891344152632,0.0217932342106159,False,False,,
2078,8.911295200000001,552518.0,1737.4779874213837,1735.251572327044,2053.245006698005,1856.0044791772,0.1062715794782161,0.0778963404787145,False,False,,
2079,8.915583600000001,551797.0,1735.2106918238994,1736.185534591195,2054.3319873585037,1856.0044791772,0.1068572357482811,0.0806619853650509,False,False,,
2080,8.919872000000002,553681.0,1741.1352201257862,1736.2295597484276,2054.5290309018396,1856.0044791772,0.1069634011942951,-0.0394460769539808,False,True,1988.0,6.0
2081,8.924160400000002,551445.0,1734.1037735849056,1735.251572327044,2053.7040618577116,1856.0044791772,0.1065189146354622,-0.0422117243267816,False,False,,
2082,8.9284488,549506.0,1728.006289308176,1735.251572327044,2053.857080224257,1856.0044791772,0.106601359677089,0.0166570280562563,False,False,,
2083,8.9327372,549990.0,1729.5283018867924,1735.2106918238994,2053.969218078345,1856.0044791772,0.106661778633695,-0.0528792190837545,False,False,,
2084,8.9370256,553675.0,1741.1163522012578,1734.1037735849056,2053.015318186339,1856.0044791772,0.1061478251908515,-0.0503111203213428,False,False,,
2085,8.941314,552365.0,1736.996855345912,1734.1037735849056,2053.1683365240133,1856.0044791772,0.1062302702169229,-0.2148670671300561,False,False,,
2086,8.9456024,552121.0,1736.2295597484276,1730.377358490566,2049.594939757103,1856.0044791772,0.1043049533294904,-0.2682045297404034,False,False,,
2087,8.9498908,553341.0,1740.066037735849,1729.5283018867924,2048.8989014709805,1856.0044791772,0.1039299336062454,-0.0886350777489273,False,False,,
2088,8.9541792,550260.0,1730.377358490566,1728.660377358491,2048.183995250551,1856.0044791772,0.1035447479946534,-0.0394460868413908,False,False,,
2089,8.9584676,548278.0,1724.1446540880504,1728.5943396226414,2048.270975812795,1856.0044791772,0.1035916124086241,0.015076650230652,False,False,,
2090,8.962756,547381.0,1721.3238993710693,1728.5943396226414,2048.423994101575,1856.0044791772,0.1036740574083516,-0.0329270662443956,False,False,,
2091,8.9670444,547340.0,1721.1949685534591,1727.7641509433963,2047.7468237004,1856.0044791772,0.1033092035468592,-0.1785185823499837,False,False,,
2092,8.9713328,549693.0,1728.5943396226414,1725.446540880503,2045.5822319067288,1856.0044791772,0.1021429392312523,-0.2081505065522169,False,False,,
2093,8.9756212,549714.0,1728.660377358491,1724.1446540880504,2044.433363372788,1856.0044791772,0.1015239382822621,-0.2397578923152501,False,False,,
2094,8.979909600000001,546139.0,1717.4182389937107,1721.3238993710693,2041.7656269050055,1856.0044791772,0.1000865837404428,-0.1660731783869327,False,False,,
2095,8.984198000000001,549429.0,1727.7641509433963,1721.1949685534591,2041.7897143268156,1856.0044791772,0.100099561845873,-0.2261272102046323,False,False,,
2096,8.988486400000001,548692.0,1725.446540880503,1717.4182389937107,2038.1660029962425,1856.0044791772,0.0981471358839597,-0.4070794877546291,False,False,,
2097,8.992774800000001,543236.0,1708.2893081761006,1714.4088050314465,2035.3095872533747,1856.0044791772,0.0966081224952991,-0.3582855891241241,False,False,,
2098,8.997063200000001,543987.0,1710.6509433962265,1711.4088050314465,2032.462605463458,1856.0044791772,0.0950741920431598,-0.2168425446920654,False,False,,
2099,9.001351600000001,545182.0,1714.4088050314465,1710.6509433962265,2031.8577620280769,1856.0044791772,0.0947483073579841,-0.170616746111115,False,False,,
2100,9.005640000000001,544228.0,1711.4088050314465,1708.3867924528302,2029.74662927474,1856.0044791772,0.093610846335114,-0.1291320551766936,False,False,,
2101,9.009928400000002,543267.0,1708.3867924528302,1708.2893081761006,2029.8021631782915,1856.0044791772,0.0936407675471446,-0.2579321482346426,False,False,,
2102,9.014216800000002,539151.0,1695.4433962264152,1703.9748427672955,2025.640715940454,1856.0044791772,0.091398613886135,-0.5983041713826207,False,False,,
2103,9.018505200000002,539882.0,1697.74213836478,1698.4591194968552,2020.2780108302711,1856.0044791772,0.0885092323300301,-0.3723113734284169,False,False,,
2104,9.0227936,539763.0,1697.367924528302,1697.74213836478,2019.7140478491403,1856.0044791772,0.0882053736985137,-0.0493234142155767,False,False,,
2105,9.027082,537138.0,1689.1132075471698,1697.367924528302,2019.4928521538277,1856.0044791772,0.0880861952709861,-0.1251811382566057,False,False,,
2106,9.0313704,541864.0,1703.9748427672955,1695.4433962264152,2017.7213419833272,1856.0044791772,0.0871317201119145,-0.1105627241808253,False,False,,
2107,9.0356588,540110.0,1698.4591194968552,1695.301886792453,2017.732850670507,1856.0044791772,0.087137920898232,-0.3373457092340857,False,False,,
2108,9.0399472,539106.0,1695.301886792453,1689.7672955974842,2012.3512775873671,1856.0044791772,0.0842383734329555,-0.3452475565889905,False,False,,
2109,9.0442356,537261.0,1689.5,1689.5,2012.237000091467,1856.0044791772,0.0841768016548795,-0.0218645051282635,False,False,,
2110,9.048524,537019.0,1688.7389937106918,1689.1132075471698,2012.0032257304424,1856.0044791772,0.0840508459453714,-0.02858107553498,False,False,,
2111,9.0528124,537346.0,1689.7672955974842,1688.7389937106918,2011.782029976456,1856.0044791772,0.083931667486231,-0.1401946532974971,False,False,,
2112,9.0571008,536021.0,1685.6006289308175,1686.5754716981132,2009.7715260361251,1856.0044791772,0.0828484244429694,-0.1779259698084061,False,False,,
2113,9.0613892,530208.0,1667.3207547169811,1685.6006289308175,2008.9497013312985,1856.0044791772,0.0824056320283782,-0.7679963304887778,False,False,,
2114,9.0656776,532346.0,1674.044025157233,1674.044025157233,1997.5461156108688,1856.0044791772,0.0762614735156331,-0.8039497316212927,False,False,,
2115,9.069966,536331.0,1686.5754716981132,1672.496855345912,1996.151963841993,1856.0044791772,0.0755103159702086,-0.2885518192916141,False,False,,
2116,9.0742544,530788.0,1669.1446540880504,1669.1446540880504,1992.9527806172632,1856.0044791772,0.0737866222719328,-0.3059358819688214,False,False,,
2117,9.0785428,531854.0,1672.496855345912,1667.3207547169811,1991.2818992695472,1856.0044791772,0.0728863650977384,-0.1751603298072854,False,False,,
2118,9.0828312,527685.0,1659.3867924528302,1666.0503144654087,1990.164477031549,1856.0044791772,0.0722843071552416,-0.3053432459958394,False,False,,
2119,9.0871196,529804.0,1666.0503144654087,1662.1540880503144,1986.4212686197843,1856.0044791772,0.0702674971454812,-0.3993752161273445,False,False,,
2120,9.091408,525071.0,1651.1666666666667,1659.3867924528302,1983.8069910163165,1856.0044791772,0.0688589458015605,-0.6710011779473044,False,False,,
2121,9.0956964,528565.0,1662.1540880503144,1651.1666666666667,1975.739883213925,1856.0044791772,0.0645124542424627,-1.1304935314199112,False,False,,
2122,9.0999848,521865.0,1641.0849056603774,1641.0849056603774,1965.8111401820945,1856.0044791772,0.0591629288812781,-0.6557901266114214,False,False,,
2123,9.104273200000002,521654.0,1640.4213836477988,1640.4213836477988,1965.3006361337295,1856.0044791772,0.0588878734845417,-0.0680903222261815,False,False,,
2124,9.108561600000002,519725.0,1634.3553459119496,1639.6949685534591,1964.7272389938253,1856.0044791772,0.0585789318056085,-0.36184145319978,False,False,,
2125,9.112850000000002,521423.0,1639.6949685534591,1634.3553459119496,1959.540634296972,1856.0044791772,0.0557844317087378,-0.5866489766922909,False,False,,
2126,9.1171384,518316.0,1629.9245283018868,1630.0503144654087,1955.3886207857745,1856.0044791772,0.0535473608623148,-0.259117455986078,False,False,,
2127,9.1214268,517135.0,1626.2106918238994,1629.9245283018868,1955.4158525473508,1856.0044791772,0.0535620331122377,-0.0912032270600331,False,False,,
2128,9.1257152,517797.0,1628.2924528301887,1628.2924528301887,1953.9367949909724,1856.0044791772,0.0527651290244663,-0.2140769355817706,False,False,,
2129,9.1300036,513303.0,1614.160377358491,1626.2106918238994,1952.0080518897585,1856.0044791772,0.05172593805114,-0.3979924053998802,False,False,,
2130,9.134292,518356.0,1630.0503144654087,1621.6509433962265,1947.6013213578472,1856.0044791772,0.0493516277618326,-0.4375016372307136,False,False,,
2131,9.1385804,515685.0,1621.6509433962265,1618.940251572327,1945.0436474199307,1856.0044791772,0.0479735740089395,-0.4513298692095864,False,False,,
2132,9.1428688,514823.0,1618.940251572327,1614.160377358491,1940.4167910818328,1856.0044791772,0.0454806617395957,-0.4855053549636725,False,False,,
2133,9.1471572,512268.0,1610.9056603773586,1610.9056603773586,1937.31509196666,1856.0044791772,0.043809491680487,-1.049697169580428,False,False,,
2134,9.1514456,507431.0,1595.6949685534591,1597.1446540880504,1923.7071035339984,1856.0044791772,0.0364776190555381,-0.9363056788967236,False,False,,
2135,9.155734,507892.0,1597.1446540880504,1595.6949685534591,1922.410435845809,1856.0044791772,0.0357789851337254,-0.1103652137744646,False,False,,
2136,9.1600224,507236.0,1595.0817610062893,1595.0817610062893,1921.9502461357276,1856.0044791772,0.0355310386900373,-0.1731848917071157,False,False,,
2137,9.1643108,505906.0,1590.8993710691825,1592.632075471698,1919.6535784279804,1856.0044791772,0.0342936129545318,-0.2435113234889971,False,False,,
2138,9.1685992,506457.0,1592.632075471698,1590.8993710691825,1918.0738918425295,1856.0044791772,0.0334424907707368,-0.722363199971015,False,False,,
2139,9.1728876,502703.0,1580.8270440251572,1580.8270440251572,1908.154582605791,1856.0044791772,0.0280980482610203,-0.8173829008683082,False,False,,
2140,9.177176,499134.0,1569.6037735849056,1577.5817610062893,1905.0623173844303,1856.0044791772,0.0264319611065694,-0.2247444426248734,False,False,,
2141,9.1814644,499849.0,1571.8522012578617,1576.9433962264152,1904.5769703922847,1856.0044791772,0.0261704601255153,-0.340704035786108,False,False,,
2142,9.1857528,501671.0,1577.5817610062893,1571.8522012578617,1899.638793201215,1856.0044791772,0.023509810732439,-0.4418476674312939,False,False,,
2143,9.1900412,501468.0,1576.9433962264152,1569.6037735849056,1897.5433832964295,1856.0044791772,0.0223808210514905,-0.1583689388498488,False,False,,
2144,9.1943296,497077.0,1563.1352201257862,1569.0251572327045,1897.1177847026204,1856.0044791772,0.0221515120177116,-0.3871273854639239,False,False,,
2145,9.198618000000002,496664.0,1561.8364779874214,1563.1352201257862,1891.380865343849,1856.0044791772,0.0190605068918434,-0.4323654557948302,False,False,,
2146,9.202906400000002,494418.0,1554.7735849056603,1561.8364779874214,1890.235140943853,1856.0044791772,0.0184431999764504,-0.506050172121884,False,False,,
2147,9.207194800000002,498950.0,1569.0251572327045,1554.7735849056603,1883.325265591147,1856.0044791772,0.0147202157755884,-0.5445716732161472,False,False,,
2148,9.2114832,489983.0,1540.8270440251572,1552.861635220126,1881.5663336244231,1856.0044791772,0.0137725176496099,-0.8568921426157192,False,False,,
2149,9.2157716,493810.0,1552.861635220126,1540.8270440251572,1869.684760138486,1856.0044791772,0.007370823246801,-0.9493437435220604,False,False,,
2150,9.22006,488330.0,1535.62893081761,1537.4433962264152,1866.454130038997,1856.0044791772,0.0056301862301698,-0.2431162472131451,False,False,,
2151,9.2243484,487068.0,1531.660377358491,1536.6509433962265,1865.814694898282,1856.0044791772,0.0052856638177032,-0.094759087420597,False,False,,
2152,9.2286368,488655.0,1536.6509433962265,1535.62893081761,1864.9456999993608,1856.0044791772,0.0048174564891808,-0.1941248036873559,False,False,,
2153,9.2329252,485902.0,1527.993710691824,1533.254716981132,1862.724503832799,1856.0044791772,0.0036206942014375,-0.230078204790602,False,False,,
2154,9.2372136,486530.0,1529.9685534591194,1531.660377358491,1861.2831818702948,1856.0044791772,0.0028441217423327,-0.1872106907840783,False,False,,
2155,9.241502,487575.0,1533.254716981132,1529.9685534591194,1859.744375621282,1856.0044791772,0.0020150255487206,-0.2111137765739831,False,False,,
2156,9.2457904,484987.0,1525.1163522012578,1527.993710691824,1857.9225504941005,1856.0044791772,0.0010334411034129,-0.2492401853619549,False,False,,
2157,9.2500788,488907.0,1537.4433962264152,1525.6949685534591,1855.776825986536,1856.0044791772,-0.0001226576730918,-0.161529694588718,False,False,,
2158,9.2543672,485171.0,1525.6949685534591,1525.1163522012578,1855.3512272548908,1856.0044791772,-0.0003519667811355,-0.3221347183635024,False,False,,
2159,9.2586556,483443.0,1520.2610062893082,1520.2610062893082,1850.6488989537183,1856.0044791772,-0.0028855427255519,-0.7922945640773512,False,False,,
2160,9.262944,479911.0,1509.1540880503144,1512.198113207547,1842.7390234734212,1856.0044791772,-0.0071473187983143,-0.5981066967522872,False,False,,
2161,9.2672324,480879.0,1512.198113207547,1510.433962264151,1841.1278901212445,1856.0044791772,-0.008015384242257,-0.1719996456497526,False,False,,
2162,9.2715208,480318.0,1510.433962264151,1509.1540880503144,1840.0010334888484,1856.0044791772,-0.0086225253591231,-0.1870131545183246,False,False,,
2163,9.2758092,478407.0,1504.4245283018868,1507.1509433962265,1838.150906406422,1856.0044791772,-0.0096193586659298,-0.2778843861993161,False,False,,
2164,9.2800976,477416.0,1501.308176100629,1504.4245283018868,1835.5775088739651,1856.0044791772,-0.0110058841626774,-0.3478157256456329,False,False,,
2165,9.284386,479274.0,1507.1509433962265,1501.308176100629,1832.6141742248112,1856.0044791772,-0.0126025045816474,-0.6548024489100159,False,False,,
2166,9.2886744,474995.0,1493.6949685534591,1493.6949685534591,1825.153984219501,1856.0044791772,-0.016621993806489,-0.7158442114642529,False,False,,
2167,9.292962800000002,473695.0,1489.6069182389938,1489.6069182389938,1821.2189514375816,1856.0044791772,-0.0187421572145341,-0.4173519752428636,False,False,,
2168,9.297251200000002,472785.0,1486.745283018868,1486.745283018868,1818.510333740223,1856.0044791772,-0.020201538227752,-0.6996454293333301,False,False,,
2169,9.301539600000002,469926.0,1477.754716981132,1478.1635220125786,1810.0815902469217,1856.0044791772,-0.0247428761328403,-0.5455594311283538,False,False,,
2170,9.305828,468800.0,1474.2138364779871,1477.754716981132,1809.825802718219,1856.0044791772,-0.0248806923566546,-0.2288929488750635,False,False,,
2171,9.3101164,467332.0,1469.5974842767296,1474.2138364779871,1806.437939708039,1856.0044791772,-0.0267060451767523,-0.4932097029989877,False,False,,
2172,9.3144048,465892.0,1465.0691823899372,1469.5974842767296,1801.974604990433,1856.0044791772,-0.0291108533373364,-0.4339458583096429,False,False,,
2173,9.3186932,470056.0,1478.1635220125786,1467.0,1799.5301381866448,1856.0044791772,-0.0304279120143025,-0.181284329650007,False,False,,
2174,9.3229816,465793.0,1464.75786163522,1466.4056603773586,1799.0888160280972,1856.0044791772,-0.0306656927758787,-0.0617689081891725,False,False,,
2175,9.32727,466317.0,1466.4056603773586,1465.7106918238994,1798.5468649284874,1856.0044791772,-0.0309576915860594,-0.0430020248971043,False,False,,
2176,9.3315584,465172.0,1462.8050314465409,1465.4150943396226,1798.404284888281,1856.0044791772,-0.0310345125430161,-0.0210744031252403,False,False,,
2177,9.3358468,466506.0,1467.0,1465.0691823899372,1798.211390372887,1856.0044791772,-0.0311384425267839,-0.0220621351196412,False,False,,
2178,9.3401352,466002.0,1465.4150943396226,1464.75786163522,1798.0530870426826,1856.0044791772,-0.0312237350635103,-0.1230082206409175,False,False,,
2179,9.3444236,461051.0,1449.8459119496856,1462.8050314465409,1796.2532742682715,1856.0044791772,-0.032193459433577,-0.9175388498683708,False,False,,
2180,9.348712,466096.0,1465.7106918238994,1449.8459119496856,1783.4471721763712,1856.0044791772,-0.0390932822710615,-0.9979401354320308,False,False,,
2181,9.3530004,458389.0,1441.4748427672955,1446.6132075471698,1780.3674851685655,1856.0044791772,-0.0407525923871506,-0.2219788470585895,False,False,,
2182,9.3572888,460023.0,1446.6132075471698,1446.006289308176,1779.913584314969,1856.0044791772,-0.0409971504465136,-0.0829063564644201,False,False,,
2183,9.3615772,459506.0,1444.987421383648,1444.987421383648,1779.0477337655934,1856.0044791772,-0.0414636636252746,-0.1143161960743039,False,False,,
2184,9.3658656,457856.0,1439.7987421383648,1443.880503144654,1778.0938328919733,1856.0044791772,-0.0419776175970037,-0.2014340508453198,False,False,,
2185,9.370154,459154.0,1443.880503144654,1441.4748427672955,1775.8411898702095,1856.0044791772,-0.0431913231925648,-0.2371899057661499,False,False,,
2186,9.3744424,459830.0,1446.006289308176,1439.7987421383648,1774.3181065875604,1856.0044791772,-0.0440119479807789,-0.1020683382351332,False,False,,
2187,9.3787308,456381.0,1435.160377358491,1439.544025157233,1774.2164069424653,1856.0044791772,-0.0440667429159399,-0.272155577361473,False,False,,
2188,9.3830192,455783.0,1433.2798742138364,1435.160377358491,1769.9857764699814,1856.0044791772,-0.0463461719366928,-0.3410991860420012,False,False,,
2189,9.387307600000002,455951.0,1433.808176100629,1433.808176100629,1768.786592528599,1856.0044791772,-0.046992282414785,-0.0989076035289775,False,False,,
2190,9.391596000000002,457775.0,1439.544025157233,1433.2798742138364,1768.411307948041,1856.0044791772,-0.0471944826706402,-0.2727482195360418,False,False,,
2191,9.395884400000002,454473.0,1429.160377358491,1429.160377358491,1764.4448283896168,1856.0044791772,-0.0493315893441018,-0.5856613273367923,False,False,,
2192,9.4001728,452721.0,1423.6509433962265,1423.6509433962265,1759.0884117144951,1856.0044791772,-0.0522175827429411,-0.469306644385016,False,False,,
2193,9.4044612,449621.0,1413.9025157232704,1421.3836477987422,1756.974133393909,1856.0044791772,-0.0533567385716617,-0.4246612149998823,False,False,,
2194,9.4087496,452000.0,1421.3836477987422,1416.5849056603774,1752.328408523129,1856.0044791772,-0.0558598170517522,-0.402140954768571,False,False,,
2195,9.413038,450474.0,1416.5849056603774,1414.6761006289307,1750.5726207490225,1856.0044791772,-0.0568058211125208,-0.1492818799557724,False,False,,
2196,9.4173264,449867.0,1414.6761006289307,1413.9025157232704,1749.9520530913892,1856.0044791772,-0.0571401778797569,-0.1305149966344228,False,False,,
2197,9.4216148,448401.0,1410.066037735849,1412.2924528301887,1748.49500743609,1856.0044791772,-0.057925222135655,-0.2002487899568432,False,False,,
2198,9.4259032,447734.0,1407.9685534591194,1410.4088050314465,1746.764376865351,1856.0044791772,-0.0588576717014588,-0.1206376914630471,False,False,,
2199,9.4301916,449109.0,1412.2924528301887,1410.066037735849,1746.5746267879786,1856.0044791772,-0.0589599074877953,-0.1340708311063547,False,False,,
2200,9.43448,444887.0,1399.0157232704405,1407.9685534591194,1744.6301597196948,1856.0044791772,-0.0600075704056918,-0.1597518322454201,False,False,,
2201,9.4387684,448510.0,1410.4088050314465,1407.2169811320755,1744.0316045913178,1856.0044791772,-0.0603300670025978,-0.1895813026007875,False,False,,
2202,9.4430568,447495.0,1407.2169811320755,1404.6446540880504,1741.6122947361807,1856.0044791772,-0.0616335713218382,-0.142367773224799,False,False,,
2203,9.4473452,446677.0,1404.6446540880504,1404.6446540880504,1741.76531191529,1856.0044791772,-0.0615511269199923,0.0192249788000422,False,False,,
2204,9.4516336,442454.0,1391.3647798742138,1404.6446540880504,1741.9183290841545,1856.0044791772,-0.061468682523666,0.0192249775714294,False,False,,
2205,9.455922,444639.0,1398.2358490566037,1404.6446540880504,1742.071346243706,1856.0044791772,-0.0613862381323576,0.0192249763428167,False,False,,
2206,9.4602104,439888.0,1383.2955974842766,1404.6446540880504,1742.2243633930127,1856.0044791772,-0.0613037937465689,0.0192249751142039,False,False,,
2207,9.4644988,444180.0,1396.7924528301887,1404.6446540880504,1742.3773805330063,1856.0044791772,-0.0612213493657981,0.0729575275443839,False,False,,
2208,9.4687872,441138.0,1387.2264150943397,1405.5,1743.385743574705,1856.0044791772,-0.0606780516243263,0.072957526286518,False,False,,
2209,9.4730756,445228.0,1400.0880503144654,1405.5,1743.5387606946751,1856.0044791772,-0.0605956072543439,0.0192249713991117,False,False,,
2210,9.477364,447222.0,1406.3584905660375,1405.5,1743.6917778048664,1856.0044791772,-0.0605131628896304,0.0731550699824543,False,False,,
2211,9.481652400000002,446949.0,1405.5,1406.3584905660375,1744.7032854713166,1856.0044791772,-0.0599681708501184,0.8597838506556563,False,False,,
2212,9.485940800000002,451402.0,1419.503144654088,1418.880503144654,1757.378315141032,1856.0044791772,-0.0531389687593268,0.8449678879402489,False,False,,
2213,9.490229200000002,451204.0,1418.880503144654,1419.503144654088,1758.1539737313208,1856.0044791772,-0.0527210502688323,0.2867024578305894,False,False,,
2214,9.4945176,452558.0,1423.138364779874,1423.138364779874,1761.9422109277168,1856.0044791772,-0.0506799791190065,0.7957788932883556,False,False,,
2215,9.498806,455333.0,1431.8647798742138,1431.8647798742138,1770.8216430833534,1856.0044791772,-0.0458958138568769,0.9332710146572438,False,False,,
2216,9.5030944,457185.0,1437.688679245283,1437.688679245283,1776.798559505475,1856.0044791772,-0.0426755002804941,0.8497089906430686,False,False,,
2217,9.5073828,463664.0,1458.062893081761,1445.0849056603774,1784.3478029623084,1856.0044791772,-0.0386080297859293,1.2991264878766722,False,False,,
2218,9.5116712,463990.0,1459.0880503144654,1458.062893081761,1797.4788074156522,1856.0044791772,-0.0315331522192733,0.8988979803220065,False,False,,
2219,9.5159596,459537.0,1445.0849056603774,1459.0880503144654,1798.656981670072,1856.0044791772,-0.0308983615883034,0.4206387422701976,False,False,,
2220,9.520248,465696.0,1464.4528301886792,1464.4528301886792,1804.1747785562227,1856.0044791772,-0.0279254178545702,0.8941568701890175,False,False,,
2221,9.5245364,468419.0,1473.0157232704405,1473.0157232704405,1812.890688640607,1856.0044791772,-0.023229356944066,0.6533481082616008,False,False,,
2222,9.5288248,470899.0,1480.814465408805,1474.5471698113208,1814.5751521738669,1856.0044791772,-0.022321781799632,0.5091394151988622,False,False,,
2223,9.5331132,468906.0,1474.5471698113208,1480.814465408805,1820.9954647539512,1856.0044791772,-0.0188625700077884,0.7284156439749023,True,False,2223.0,7.0
2224,9.5374016,474424.0,1491.8993710691825,1485.8364779874214,1826.1704943053887,1856.0044791772,-0.0160743065043879,0.7155751427910559,False,False,,
2225,9.54169,472496.0,1485.8364779874214,1491.8993710691825,1832.386404350192,1856.0044791772,-0.0127252251230979,0.690091687805154,False,False,,
2226,9.5459784,475892.0,1496.5157232704405,1496.5157232704405,1837.1557735047136,1856.0044791772,-0.0101555281164206,0.4034522183159834,False,False,,
2227,9.5502668,477671.0,1502.1100628930817,1498.0157232704405,1838.808790447732,1856.0044791772,-0.0092648961370453,0.3706595556924896,False,False,,
2228,9.5545552,478203.0,1503.7830188679245,1502.1100628930817,1843.056147004545,1856.0044791772,-0.0069764552391571,0.3815245928875334,False,False,,
2229,9.5588436,476369.0,1498.0157232704405,1503.7830188679245,1844.882119902849,1856.0044791772,-0.0059926360087675,0.4668645297643901,False,False,,
2230,9.563132,482828.0,1518.3270440251572,1509.2358490566037,1850.4879670052103,1856.0044791772,-0.0029722515402738,0.9328759038632162,False,False,,
2231,9.5674204,479937.0,1509.2358490566037,1518.3270440251572,1859.7321788781328,1856.0044791772,0.0020084540434866,0.6914745034763239,False,False,,
2232,9.5717088,483340.0,1519.937106918239,1519.937106918239,1861.495258665339,1856.0044791772,0.0029583869811419,0.8742046939182553,False,False,,
2233,9.575997200000002,487175.0,1531.996855345912,1531.937106918239,1873.6482755501504,1856.0044791772,0.0095063328622849,0.7768144391538203,False,False,,
2234,9.580285600000002,488490.0,1536.132075471698,1531.996855345912,1873.861040851924,1856.0044791772,0.0096209690628765,0.2827515088786798,False,False,,
2235,9.584574000000002,489668.0,1539.8364779874214,1536.132075471698,1878.149277842964,1856.0044791772,0.0119314360036356,0.2805784999945446,False,False,,
2236,9.5888624,487156.0,1531.937106918239,1536.1572327044023,1878.3274519306772,1856.0044791772,0.0120274347416302,0.2191416451047558,False,False,,
2237,9.5931508,488498.0,1536.1572327044023,1539.314465408805,1881.6377014803095,1856.0044791772,0.0138109700653704,0.250353936075034,False,False,,
2238,9.5974392,490051.0,1541.0408805031448,1539.8364779874214,1882.3127308943772,1856.0044791772,0.0141746703805586,0.1276777737064591,False,False,,
2239,9.6017276,489502.0,1539.314465408805,1541.0408805031448,1883.6701502353071,1856.0044791772,0.014906036794896,0.7906426624738965,False,False,,
2240,9.606016,493573.0,1552.1163522012578,1552.1163522012578,1894.8986387493137,1856.0044791772,0.0209558543680648,1.155115313849851,False,False,,
2241,9.6103044,495801.0,1559.122641509434,1559.122641509434,1902.057944863604,1856.0044791772,0.0248132298187235,0.6438658682207734,False,False,,
2242,9.6145928,496735.0,1562.059748427673,1562.059748427673,1905.148068577713,1856.0044791772,0.0264781631466209,0.4157000600954124,False,False,,
2243,9.6188812,497808.0,1565.433962264151,1565.433962264151,1908.675299200748,1856.0044791772,0.0283786060941499,0.533042473842269,False,False,,
2244,9.6231696,500217.0,1573.0094339622642,1570.2389937106918,1913.6333474236008,1856.0044791772,0.0310499618362713,0.4951136112074463,False,False,,
2245,9.627458,499336.0,1570.2389937106918,1573.0094339622642,1916.556804442172,1856.0044791772,0.0326250965147541,0.5905284019245727,False,False,,
2246,9.6317464,502228.0,1579.3333333333333,1579.3333333333333,1923.0337205695296,1856.0044791772,0.0361148058338981,0.6673738542741683,False,False,,
2247,9.6360348,503498.0,1583.3270440251572,1583.3270440251572,1927.1804480087949,1856.0044791772,0.0383490285880928,0.4463197076917415,False,False,,
2248,9.6403232,504741.0,1587.2358490566037,1586.132075471698,1930.1384961925323,1856.0044791772,0.0399428007028287,0.2647747916822673,False,False,,
2249,9.6446116,504390.0,1586.132075471698,1587.2358490566037,1931.3952865048557,1856.0044791772,0.0406199490213934,0.3331257594461094,False,False,,
2250,9.6489,505979.0,1591.12893081761,1591.12893081761,1935.441384983501,1856.0044791772,0.0427999537164461,0.4028595502527841,False,False,,
2251,9.6531884,507651.0,1596.3867924528302,1593.3427672955977,1937.8082381688823,1856.0044791772,0.0440751948120015,0.3495220876716756,False,False,,
2252,9.6574768,508327.0,1598.512578616352,1596.3867924528302,1941.0052800241965,1856.0044791772,0.0457977347579886,0.2811711174798761,False,False,,
2253,9.6617652,508009.0,1597.512578616352,1597.512578616352,1942.2840828760204,1856.0044791772,0.046486743252403,0.152766116669734,False,False,,
2254,9.6660536,506683.0,1593.3427672955977,1598.512578616352,1943.437099554078,1856.0044791772,0.0471079791874416,0.4455295144203184,False,False,,
2255,9.670342000000002,510167.0,1604.2987421383648,1604.2987421383648,1949.376279744835,1856.0044791772,0.0503079607916832,0.451258351633272,False,False,,
2256,9.674630400000002,510514.0,1605.3899371069183,1605.3899371069183,1950.6204913718884,1856.0044791772,0.0509783318177299,0.1851636821017024,False,False,,
2257,9.678918800000002,511007.0,1606.940251572327,1606.940251572327,1952.323822486484,1856.0044791772,0.0518960726603331,0.3368791264980482,False,False,,
2258,9.6832072,513253.0,1614.003144654088,1610.446540880503,1955.983128433602,1856.0044791772,0.0538676767098774,0.4629135709545569,False,False,,
2259,9.6874956,517457.0,1627.2232704402516,1614.003144654088,1959.69274883635,1856.0044791772,0.0558663897756954,0.2837392088121309,False,False,,
2260,9.691784,512122.0,1610.446540880503,1614.6572327044023,1960.4998535060488,1856.0044791772,0.0563012511560174,0.370857061125907,False,False,,
2261,9.6960724,513461.0,1614.6572327044023,1619.6006289308175,1965.5962663420696,1856.0044791772,0.0590471566175602,0.675868320372234,False,False,,
2262,9.7003608,516785.0,1625.1100628930817,1625.1100628930817,1971.25871690416,1856.0044791772,0.062098038566186,0.4980767812727507,False,False,,
2263,9.7046492,518633.0,1630.9213836477988,1627.2232704402516,1973.5249410409117,1856.0044791772,0.0633190615551804,0.333520834464081,False,False,,
2264,9.7089376,519434.0,1633.440251572327,1630.1132075471698,1976.5678947280987,1856.0044791772,0.0649585800592176,0.2515391797044222,False,False,,
2265,9.713226,519647.0,1634.1100628930817,1630.9213836477988,1977.5290873992176,1856.0044791772,0.0654764627916693,0.2282287324032319,False,False,,
2266,9.7175144,518376.0,1630.1132075471698,1633.440251572327,1980.2009718844567,1856.0044791772,0.0669160522512937,0.2195367004064365,False,False,,
2267,9.7218028,515033.0,1619.6006289308175,1634.1100628930817,1981.0237997556776,1856.0044791772,0.0673593851637153,0.2369207606264334,False,False,,
2268,9.7260912,522106.0,1641.8427672955977,1636.9056603773586,1983.9724137806425,1856.0044791772,0.0689480742310345,0.50499088926159,False,False,,
2269,9.7303796,522731.0,1643.808176100629,1641.8427672955977,1989.0625372302552,1856.0044791772,0.0716905910227342,0.4528387035994328,False,False,,
2270,9.734668,520536.0,1636.9056603773586,1643.808176100629,1991.1809625564167,1856.0044791772,0.0728319812240662,0.4828657176214879,False,False,,
2271,9.7389564,526150.0,1654.559748427673,1649.2232704402516,1996.74907340739,1856.0044791772,0.0758320337096302,0.5514142315384625,False,False,,
2272,9.7432448,524453.0,1649.2232704402516,1652.2798742138364,1999.958693682547,1856.0044791772,0.0775613508051254,0.3544607156119834,False,False,,
2273,9.7475332,526932.0,1657.0188679245282,1654.559748427673,2002.3915843881769,1856.0044791772,0.0788721723752911,0.3129760222203366,False,False,,
2274,9.7518216,526912.0,1656.955974842767,1656.955974842767,2004.9408272852852,1856.0044791772,0.0802456835525048,0.1737059830157772,False,False,,
2275,9.75611,525425.0,1652.2798742138364,1657.0188679245282,2005.1567368392816,1856.0044791772,0.0803620138504209,0.1085157512452372,False,False,,
2276,9.7603984,528180.0,1660.9433962264152,1658.377358490566,2006.6682438677756,1856.0044791772,0.081176401447785,0.2145980342621403,False,False,,
2277,9.764686800000002,527364.0,1658.377358490566,1660.12893081761,2008.5728326474973,1856.0044791772,0.0822025782706804,0.1772618100575247,False,False,,
2278,9.768975200000002,529145.0,1663.9779874213837,1660.8930817610062,2009.4900000333264,1856.0044791772,0.0826967405402864,0.0703893399707862,False,False,,
2279,9.773263600000002,529230.0,1664.245283018868,1660.9433962264152,2009.6933309318551,1856.0044791772,0.0828062935617419,0.2130176613219045,False,False,,
2280,9.777552,528164.0,1660.8930817610062,1663.9779874213837,2012.8809385496988,1856.0044791772,0.0845237504179111,0.226648344661136,False,False,,
2281,9.7818404,529950.0,1666.5094339622642,1664.245283018868,2013.301250560745,1856.0044791772,0.0847502110842305,0.1097010207632571,False,False,,
2282,9.7861288,527921.0,1660.12893081761,1665.4182389937107,2014.627222938905,1856.0044791772,0.0854646341327935,0.1614581116326245,False,False,,
2283,9.7904172,533480.0,1677.6100628930817,1666.5094339622642,2015.8714343009976,1856.0044791772,0.0861350050160812,0.1825955487918324,False,False,,
2284,9.7947056,531768.0,1672.2264150943397,1668.0188679245282,2017.533884647021,1856.0044791772,0.0870307196356713,0.2076839090142108,False,False,,
2285,9.798994,529603.0,1665.4182389937107,1669.5094339622642,2019.177467058738,1856.0044791772,0.0879162683669144,0.2835416305980338,False,False,,
2286,9.8032824,530430.0,1668.0188679245282,1672.2264150943397,2022.0474645550153,1856.0044791772,0.0894625994929845,0.2948017600701202,False,False,,
2287,9.8075708,534518.0,1680.874213836478,1673.8962264150944,2023.8702922297273,1856.0044791772,0.0904447241026838,0.2029427976233417,False,False,,
2288,9.8118592,532299.0,1673.8962264150944,1675.1509433962265,2025.2780255555035,1856.0044791772,0.0912031992796404,0.1006138890884713,False,False,,
2289,9.8161476,530904.0,1669.5094339622642,1675.191823899371,2025.4719223935133,1856.0044791772,0.0913076693066178,0.0557709110931448,False,False,,
2290,9.820436,532698.0,1675.1509433962265,1675.7327044025158,2026.1658192217444,1856.0044791772,0.0916815352299041,0.053202809844242,False,False,,
2291,9.8247244,535149.0,1682.8584905660375,1675.7327044025158,2026.3188355365864,1856.0044791772,0.0917639791660899,0.0316702779214619,False,False,,
2292,9.8290128,535572.0,1684.188679245283,1675.9308176100628,2026.669965049662,1856.0044791772,0.091953164869581,0.2517366913101408,False,False,,
2293,9.8333012,535674.0,1684.5094339622642,1679.433962264151,2030.326125999034,1856.0044791772,0.0939230744201188,0.29598702835953,False,False,,
2294,9.8375896,532711.0,1675.191823899371,1680.3364779874214,2031.3816580078096,1856.0044791772,0.094491786414415,0.0759206125428768,False,False,,
2295,9.841878,534060.0,1679.433962264151,1680.3364779874214,2031.5346742840015,1856.0044791772,0.0945742303297765,0.0626850190527168,False,False,,
2296,9.8461664,537074.0,1688.9119496855346,1681.0283018867924,2032.37951444932,1856.0044791772,0.0950294232858264,0.0626850177948519,False,False,,
2297,9.8504548,532883.0,1675.7327044025158,1681.0283018867924,2032.5325307054884,1856.0044791772,0.0951118671903994,0.1341967239799544,False,False,,
2298,9.8547432,532946.0,1675.9308176100628,1682.8584905660375,2034.5157356306577,1856.0044791772,0.0961804017480577,0.2177587455661562,False,False,,
2299,9.859031600000002,536495.0,1687.0911949685535,1684.188679245283,2035.9989405469792,1856.0044791772,0.0969795403993713,0.1041697062720636,False,False,,
2300,9.863320000000002,535579.0,1684.2106918238994,1684.2106918238994,2036.173969351962,1856.0044791772,0.0970738444848119,0.0206076822286345,False,False,,
2301,9.867608400000002,534347.0,1680.3364779874214,1684.2106918238994,2036.3269855690148,1856.0044791772,0.0971562883683098,0.1029844268959401,False,False,,
2302,9.8718968,540104.0,1698.440251572327,1685.544025157233,2037.813335109622,1856.0044791772,0.0979571213174125,0.2001771329914756,False,False,,
2303,9.8761852,534567.0,1681.0283018867924,1687.0911949685535,2039.5135211179725,1856.0044791772,0.0988731676025509,0.1164175627948616,False,False,,
2304,9.8804736,532909.0,1675.814465408805,1687.0911949685535,2039.666537305223,1856.0044791772,0.0989556114699915,0.0192248542420827,False,False,,
2305,9.884762,536003.0,1685.544025157233,1687.0911949685535,2039.8195534831605,1856.0044791772,0.0990380553324143,0.0192248530134691,False,False,,
2306,9.8890504,536749.0,1687.8899371069183,1687.0911949685535,2039.9725696508533,1856.0044791772,0.0991204991893175,-0.0779678555978158,False,False,,
2307,9.8933388,538924.0,1694.7295597484276,1685.544025157233,2038.5784159974464,1856.0044791772,0.098369340628523,-0.0779678567971764,False,False,,
2308,9.8976272,536723.0,1687.808176100629,1685.544025157233,2038.7314321460472,1856.0044791772,0.0984517844751394,0.1614580796009246,False,False,,
2309,9.9019156,536988.0,1688.6415094339625,1687.808176100629,2041.1485992277997,1856.0044791772,0.0997541342856442,0.1614580783138066,False,False,,
2310,9.906204,537525.0,1690.330188679245,1687.808176100629,2041.3016153559113,1856.0044791772,0.0998365781212213,0.0192248468411531,False,False,,
2311,9.9104924,538678.0,1693.955974842767,1687.808176100629,2041.4546314751751,1856.0044791772,0.0999190219520314,0.0192248456125394,False,False,,
2312,9.9147808,535358.0,1683.5157232704405,1687.808176100629,2041.6076475837292,1856.0044791772,0.1000014657770709,0.0192248443546727,False,False,,
2313,9.9190692,534710.0,1681.4779874213837,1687.808176100629,2041.7606636829696,1856.0044791772,0.1000839095970926,-0.0003322260365283,False,True,2223.0,7.0
2314,9.9233576,535244.0,1683.1572327044023,1687.496855345912,2041.6023590172488,1856.0044791772,0.0999986163408008,-0.1085875191953693,False,False,,
2315,9.927646,535971.0,1685.4433962264152,1685.7735849056603,2040.03210465668,1856.0044791772,0.0991525761624577,-0.109772797313651,False,False,,
2316,9.9319344,538122.0,1692.2075471698113,1685.4433962264152,2039.854932047339,1856.0044791772,0.0990571170128011,-0.1226132985267494,False,False,,
2317,9.9362228,538975.0,1694.8899371069183,1683.5157232704405,2038.0802751510232,1856.0044791772,0.0981009464236535,-0.1042415075409941,False,False,,
2318,9.9405112,531647.0,1671.8459119496856,1683.4779874213837,2038.1955553518471,1856.0044791772,0.0981630584509235,-0.0032954244769456,False,False,,
2319,9.9447996,536076.0,1685.7735849056603,1683.1572327044023,2038.0278166754335,1856.0044791772,0.0980726822269996,-0.0109997256786993,False,False,,
2320,9.949088,533978.0,1679.1761006289307,1682.996855345912,2038.0204553472656,1856.0044791772,0.0980687160037224,0.0091499806854837,False,False,,
2321,9.953376400000002,536624.0,1687.496855345912,1682.996855345912,2038.1734713678095,1856.0044791772,0.0981511597813429,-0.101278320158082,False,False,,
2322,9.957664800000002,535346.0,1683.4779874213837,1681.0786163522012,2036.408248384864,1856.0044791772,0.0972000721073906,-0.2140771748395327,False,False,,
2323,9.961953200000002,535193.0,1682.996855345912,1679.2830188679245,2034.7656669015732,1856.0044791772,0.0963150626681791,-0.1002905918787497,False,False,,
2324,9.9662416,534012.0,1679.2830188679245,1679.1761006289307,2034.811764653321,1856.0044791772,0.0963398997589647,-0.0710537624400728,False,False,,
2325,9.97053,533555.0,1677.8459119496856,1677.8459119496856,2033.634591955504,1856.0044791772,0.0957056487584829,-0.0643371944320989,False,False,,
2326,9.9748184,534583.0,1681.0786163522012,1677.8459119496856,2033.7876079271537,1856.0044791772,0.0957880925097595,-0.0232475958332543,False,False,,
2327,9.9791068,532793.0,1675.4496855345913,1677.169811320755,2033.2645232596276,1856.0044791772,0.0955062587785403,-0.1038464275500636,False,False,,
2328,9.9833952,532932.0,1675.8867924528302,1675.8867924528302,2032.1345203437947,1856.0044791772,0.0948974224699481,-0.0888329211387031,False,False,,
2329,9.9876836,531513.0,1671.4245283018868,1675.4496855345913,2031.850429367403,1856.0044791772,0.0947443565805178,-0.2610931679497827,False,False,,
2330,9.991972,531168.0,1670.339622641509,1671.4245283018868,2027.9782880667667,1856.0044791772,0.0926580785870763,-0.3017876766995719,False,False,,
2331,9.9962604,531068.0,1670.0251572327045,1670.339622641509,2027.0463983291445,1856.0044791772,0.0921559840350009,-0.0686832172024942,False,False,,
2332,10.0005488,526556.0,1655.8364779874214,1670.0251572327045,2026.88494883285,1856.0044791772,0.092068996369774,-0.0680905800008826,False,False,,
2333,10.0048372,533340.0,1677.169811320755,1668.9496855345913,2025.962493037468,1856.0044791772,0.0915719847484493,-0.3373459879829834,False,False,,
2334,10.0091256,529263.0,1664.3490566037735,1664.3490566037735,2021.5148799996032,1856.0044791772,0.0891756473000415,-0.4679239964485973,False,False,,
2335,10.013414,530726.0,1668.9496855345913,1661.1949685534591,2018.5138078324624,1856.0044791772,0.0875586942157089,-0.338531267359146,False,False,,
2336,10.0177024,527452.0,1658.6540880503144,1658.6540880503144,2016.1259432027127,1856.0044791772,0.0862721323261555,-0.215855107506302,False,False,,
2337,10.0219908,527070.0,1657.4528301886792,1657.4528301886792,2015.077701204228,1856.0044791772,0.0857073481296488,-0.1101679167957296,False,False,,
2338,10.0262792,528260.0,1661.1949685534591,1656.5943396226414,2014.3722264920273,1856.0044791772,0.0853272441373819,-0.0823139103998968,False,False,,
2339,10.0305676,526363.0,1655.2295597484276,1655.8364779874214,2013.7673807008655,1856.0044791772,0.085001358182931,-0.0665102193759246,False,False,,
2340,10.034856,526797.0,1656.5943396226414,1655.2295597484276,2013.313478296151,1856.0044791772,0.0847567992878384,-0.1279470742657285,False,False,,
2341,10.0391444,525811.0,1653.493710691824,1653.493710691824,2011.7306450635824,1856.0044791772,0.0839039817163687,-0.1781237984255597,False,False,,
2342,10.0434328,523728.0,1646.9433962264152,1652.0880503144654,2010.4780005004795,1856.0044791772,0.083229067093502,-0.2296833456282403,False,False,,
2343,10.047721200000002,523580.0,1646.4779874213837,1649.5314465408806,2008.074412531372,1856.0044791772,0.0819340335975843,-0.2192134007102559,False,False,,
2344,10.052009600000002,524551.0,1649.5314465408806,1648.2924528301887,2006.9884346158435,1856.0044791772,0.0813489175982903,-0.1433556791264507,False,False,,
2345,10.056298000000002,524157.0,1648.2924528301887,1646.9433962264152,2005.7923937969897,1856.0044791772,0.0807045006088526,-0.0947593267076118,False,False,,
2346,10.0605864,521152.0,1638.8427672955977,1646.4779874213837,2005.4800007670983,1856.0044791772,0.0805361858049844,-0.1216256047656223,False,False,,
2347,10.0648748,525364.0,1652.0880503144654,1644.7012578616352,2003.8562869727111,1856.0044791772,0.0796613421218987,-0.3732994051459588,False,False,,
2348,10.0691632,521593.0,1640.2295597484276,1640.2295597484276,1999.5376046146207,1856.0044791772,0.0773344714669285,-0.3488036833830534,False,False,,
2349,10.0734516,519694.0,1634.25786163522,1638.8427672955977,1998.3038279075945,1856.0044791772,0.0766697226902588,-0.3559153460960811,False,False,,
2350,10.07774,523015.0,1644.7012578616352,1634.25786163522,1993.8719379832417,1856.0044791772,0.0742818567265315,-0.5838836080975192,False,False,,
2351,10.0820284,518099.0,1629.24213836478,1629.24213836478,1989.009230438582,1856.0044791772,0.071661869760328,-0.3997705945834848,False,False,,
2352,10.0863168,517573.0,1627.5880503144654,1627.5880503144654,1987.5081581047343,1856.0044791772,0.0708531042909079,-0.165480858138233,False,False,,
2353,10.0906052,516089.0,1622.9213836477988,1626.301886792453,1986.37501028941,1856.0044791772,0.0702425735362479,-0.2739336974794755,False,False,,
2354,10.0948936,514791.0,1618.839622641509,1622.9213836477988,1983.1475228411996,1856.0044791772,0.0685036297543658,-0.4495522288942464,False,False,,
2355,10.099182,512825.0,1612.6572327044023,1618.839622641509,1979.2187775215748,1856.0044791772,0.0663868539794677,-0.4835301684659159,False,False,,
2356,10.1034704,517164.0,1626.301886792453,1614.9182389937107,1975.450409550662,1856.0044791772,0.0643564882054673,-0.3691509469871574,False,False,,
2357,10.1077588,513544.0,1614.9182389937107,1612.6572327044023,1973.3424189289265,1856.0044791772,0.0632207201373482,-0.321937417611168,False,False,,
2358,10.1120472,510272.0,1604.62893081761,1609.487421383648,1970.3256232655,1856.0044791772,0.0615952953620998,-0.3938442186475672,False,False,,
2359,10.1163356,511817.0,1609.487421383648,1606.0817610062893,1967.0729785352248,1856.0044791772,0.0598427970428516,-0.2859840202522665,False,False,,
2360,10.120624,510734.0,1606.0817610062893,1604.62893081761,1965.773163984316,1856.0044791772,0.0591424676172001,-0.3521619827593403,False,False,,
2361,10.1249124,508845.0,1600.1415094339625,1600.169811320755,1961.467060115452,1856.0044791772,0.0568223741491213,-0.2626735766076766,False,False,,
2362,10.1292008,508804.0,1600.012578616352,1600.1415094339625,1961.591773846872,1856.0044791772,0.0568895688853513,0.0093474750321291,False,False,,
2363,10.1334892,504200.0,1585.5345911949685,1600.012578616352,1961.6158586372296,1856.0044791772,0.0569025455729768,-0.555436978073339,False,False,,
2364,10.1377776,504657.0,1586.9716981132076,1590.993710691824,1952.7500063113564,1856.0044791772,0.0521256970118118,-0.7999991168814917,False,False,,
2365,10.142066000000002,505936.0,1590.993710691824,1586.9716981132076,1948.881009321616,1856.0044791772,0.0500411131473075,-0.3237153428770059,False,False,,
2366,10.146354400000002,508854.0,1600.169811320755,1585.5345911949685,1947.596917982008,1856.0044791772,0.0493492552590243,-0.3349754748648408,False,False,,
2367,10.150642800000002,502498.0,1580.182389937107,1581.3333333333333,1943.548675689225,1856.0044791772,0.0471680954944867,-0.3169987761561028,False,False,,
2368,10.1549312,502864.0,1581.3333333333333,1580.182389937107,1942.5507478520728,1856.0044791772,0.0466304201556884,-0.8519537601347054,False,False,,
2369,10.1592196,498454.0,1567.4654088050315,1567.4654088050315,1929.986782269292,1856.0044791772,0.0398610584845622,-1.0568091221583744,False,False,,
2370,10.163508,494831.0,1556.072327044025,1563.053459119497,1925.7278481237383,1856.0044791772,0.0375663796767603,-0.2672171492170623,False,False,,
2371,10.1677964,494796.0,1555.9622641509434,1562.9056603773586,1925.7330649113371,1856.0044791772,0.0375691904391572,-0.419327688406093,False,False,,
2372,10.1720848,497051.0,1563.053459119497,1556.072327044025,1919.0527470979616,1856.0044791772,0.0339698899588389,-0.4169571358260686,False,False,,
2373,10.1763732,494696.0,1555.6477987421383,1555.9622641509434,1919.0956997145936,1856.0044791772,0.0339930324766041,-0.0074439615594901,False,False,,
2374,10.1806616,497004.0,1562.9056603773586,1555.6477987421383,1918.9342498061883,1856.0044791772,0.0339060445893354,-0.5580050916083876,False,False,,
2375,10.18495,491565.0,1545.801886792453,1546.7735849056603,1910.213051460332,1856.0044791772,0.0292071344068972,-0.5992922388761266,False,False,,
2376,10.1892384,491369.0,1545.185534591195,1545.801886792453,1909.3943688275012,1856.0044791772,0.0287660349149426,-0.0805360419135476,False,False,,
2377,10.1935268,491874.0,1546.7735849056603,1545.185534591195,1908.9310320973068,1856.0044791772,0.0285163928826131,-0.2731435424705877,False,False,,
2378,10.1978152,490085.0,1541.1477987421383,1541.1477987421383,1905.0463117090692,1856.0044791772,0.0264233373798808,-0.4943952352354164,False,False,,
2379,10.2021036,487882.0,1534.2201257861636,1537.0094339622642,1901.0609623807009,1856.0044791772,0.0242760638290459,-0.4159694136605578,False,False,,
2380,10.206392,487809.0,1533.9905660377358,1534.2201257861636,1898.4246696458615,1856.0044791772,0.0228556509127969,-0.1704195465438567,False,False,,
2381,10.2106804,488769.0,1537.0094339622642,1533.9905660377358,1898.348125328916,1856.0044791772,0.0228144094622485,-0.0993029326358279,False,False,,
2382,10.2149688,486527.0,1529.9591194968552,1532.3333333333333,1896.843908046217,1856.0044791772,0.0220039495201659,-0.1797042181994608,False,False,,
2383,10.2192572,487282.0,1532.3333333333333,1530.8238993710693,1895.4874894958775,1856.0044791772,0.0212731223235954,-0.129922588832434,False,False,,
2384,10.2235456,485456.0,1526.5911949685535,1529.9591194968552,1894.7757250238092,1856.0044791772,0.0208896294602678,-0.1232060208537069,False,False,,
2385,10.227834,486802.0,1530.8238993710693,1528.5566037735848,1893.5262246929055,1856.0044791772,0.0202164089239373,-0.1923471757166228,False,False,,
2386,10.232122400000002,482501.0,1517.2987421383648,1526.5911949685535,1891.7138312699965,1856.0044791772,0.0192399062035815,-0.6879904752170269,False,False,,
2387,10.236410800000002,486081.0,1528.5566037735848,1517.2987421383648,1882.5743938126168,1856.0044791772,0.0143156522160957,-0.6879904764164018,False,False,,
2388,10.240699200000002,479776.0,1508.7295597484276,1515.3333333333333,1880.7620003706152,1856.0044791772,0.0133391494854532,-0.246277279214433,False,False,,
2389,10.244987600000002,481876.0,1515.3333333333333,1513.072327044025,1878.6540094340928,1856.0044791772,0.0122033812477294,-0.2053852267394895,False,False,,
2390,10.249276,479528.0,1507.9496855345913,1511.75786163522,1877.49255936876,1856.0044791772,0.011577601472754,-0.2535864893384829,False,False,,
2391,10.2535644,476846.0,1499.5157232704405,1508.7295597484276,1874.6172728151955,1856.0044791772,0.0100284206459711,-0.2200036445595823,False,False,,
2392,10.2578528,481157.0,1513.072327044025,1507.9496855345913,1873.990413924808,1856.0044791772,0.0096906742140954,-0.1370342614621091,False,False,,
2393,10.2621412,480739.0,1511.75786163522,1506.24213836478,1872.4358820686668,1856.0044791772,0.0088531051922628,-0.5105940383112807,False,False,,
2394,10.2664296,474902.0,1493.4025157232704,1499.5157232704405,1865.8624822782183,1856.0044791772,0.0053114112663071,-0.74646414640977,False,False,,
2395,10.270718,478985.0,1506.24213836478,1494.053459119497,1860.5532334213872,1856.0044791772,0.0024508315013354,-0.3648049797383836,False,False,,
2396,10.2750064,474034.0,1490.6729559748428,1493.4025157232704,1860.055305309494,1856.0044791772,0.0021825519160869,-0.0996980434298275,False,False,,
2397,10.2792948,473883.0,1490.198113207547,1492.160377358491,1858.9661822192688,1856.0044791772,0.0015957413224464,-0.1522453213982966,False,False,,
2398,10.2835832,475109.0,1494.053459119497,1490.6729559748428,1857.6317761003968,1856.0044791772,0.0008767742435179,-0.1040440612857862,False,False,,
2399,10.2878716,474507.0,1492.160377358491,1490.198113207547,1857.309948587632,1856.0044791772,0.0007033762176105,-0.1816797007052316,False,False,,
2400,10.29216,473017.0,1487.4748427672955,1487.4748427672955,1854.7396933925984,1856.0044791772,-0.0006814562134906,-0.2719582938974799,False,False,,
2401,10.2964484,472089.0,1484.5566037735848,1485.562893081761,1852.9807589425027,1856.0044791772,-0.0016291556774894,-0.1640980955314465,False,False,,
2402,10.3007368,472058.0,1484.4591194968552,1484.5566037735848,1852.1274848595208,1856.0044791772,-0.0020888927592448,-0.0501139663882816,False,False,,
2403,10.3050252,472409.0,1485.562893081761,1484.4591194968552,1852.1830157986724,1856.0044791772,-0.0020589731444084,-0.1105630904830282,False,False,,
2404,10.3093136,471432.0,1482.4905660377358,1482.4905660377358,1850.3674775451896,1856.0044791772,-0.0030371702736996,-0.5813155747148583,False,False,,
2405,10.313602,469018.0,1474.8993710691825,1474.8993710691825,1842.9292977724936,1856.0044791772,-0.0070448005656229,-0.8462249673274771,False,False,,
2406,10.3178904,466102.0,1465.7295597484276,1468.7138364779871,1836.8967783673777,1856.0044791772,-0.0102950725734741,-0.4768136621518339,False,False,,
2407,10.3221788,467051.0,1468.7138364779871,1467.003144654088,1835.3391017197785,1856.0044791772,-0.0111343359831668,-0.0914011185704721,False,False,,
2408,10.326467200000002,466491.0,1466.9528301886792,1466.9528301886792,1835.4418024208903,1856.0044791772,-0.0110790016872293,-0.0607814660597059,False,False,,
2409,10.330755600000002,466507.0,1467.003144654088,1465.7295597484276,1834.3715471373812,1856.0044791772,-0.0116556464612677,-0.0686833134438491,False,False,,
2410,10.335044000000002,465038.0,1462.3836477987422,1465.553459119497,1834.348461654948,1856.0044791772,-0.0116680847299745,-0.04181703781382,False,False,,
2411,10.339332400000002,463308.0,1456.9433962264152,1464.75786163522,1833.7058793083213,1856.0044791772,-0.0120143028311893,-0.036878385213481,False,False,,
2412,10.3436208,462513.0,1454.4433962264152,1464.660377358491,1833.761410158532,1856.0044791772,-0.0119843832642736,-0.1299226246376841,False,False,,
2413,10.3479092,465793.0,1464.75786163522,1462.3836477987422,1831.6376957159443,1856.0044791772,-0.013128623198182,-0.465553540051423,False,False,,
2414,10.3521976,465762.0,1464.660377358491,1456.9433962264152,1826.350459251465,1856.0044791772,-0.0159773428665867,-0.3634221800684361,False,False,,
2415,10.356486,461702.0,1451.8930817610062,1456.2924528301887,1825.8525309533077,1856.0044791772,-0.0162456225521931,-0.1378244744206065,False,False,,
2416,10.3607744,466046.0,1465.553459119497,1454.4433962264152,1824.1564894373585,1856.0044791772,-0.0171594358187974,-0.257142352185518,False,False,,
2417,10.3650628,460909.0,1449.3993710691825,1451.8930817610062,1821.759190049995,1856.0044791772,-0.0184510810784178,-0.1842478228990627,False,False,,
2418,10.3693512,460071.0,1446.7641509433963,1451.2044025157234,1821.2235258729784,1856.0044791772,-0.0187396925462381,-0.1374293858293858,False,False,,
2419,10.3736396,460480.0,1448.0503144654087,1449.3993710691825,1819.571509484925,1856.0044791772,-0.0196297854347993,-0.178914079221049,False,False,,
2420,10.377928,461483.0,1451.2044025157234,1448.0503144654087,1818.37546792986,1856.0044791772,-0.0202742028209012,-0.1463189651786778,False,False,,
2421,10.3822164,459551.0,1445.12893081761,1446.7641509433963,1817.2423194467776,1856.0044791772,-0.0208847339353439,-0.1642956663446142,False,False,,
2422,10.3865048,463101.0,1456.2924528301887,1445.12893081761,1815.7601143501424,1856.0044791772,-0.0216833338920057,-0.4586394358069423,False,False,,
2423,10.3907932,457081.0,1437.361635220126,1439.1572327044023,1809.9414312558413,1856.0044791772,-0.0248183926483729,-0.4687142908465729,False,False,,
2424,10.3950816,455818.0,1433.3899371069183,1437.361635220126,1808.298848781158,1856.0044791772,-0.0257034026217387,-0.1214281548245699,False,False,,
2425,10.39937,456940.0,1436.9182389937107,1436.9182389937107,1808.008467554091,1856.0044791772,-0.0258598576466723,-0.063547133178087,False,False,,
2426,10.4036584,456413.0,1435.2610062893082,1436.044025157233,1807.2872687076488,1856.0044791772,-0.0262484336735805,-0.0848821189476867,False,False,,
2427,10.4079468,456662.0,1436.044025157233,1435.2610062893082,1806.6572648195151,1856.0044791772,-0.0265878746044628,-0.1475042507271737,False,False,,
2428,10.4122352,454133.0,1428.0911949685535,1433.3899371069183,1804.939210607603,1856.0044791772,-0.0275135481312174,-0.1891864902719859,False,False,,
2429,10.4165236,457652.0,1439.1572327044023,1431.9433962264152,1803.645684687333,1856.0044791772,-0.0282104892942276,-0.071646530401233,False,False,,
2430,10.420812000000002,449741.0,1414.2798742138364,1431.9433962264152,1803.7986996377872,1856.0044791772,-0.0281280460931627,0.0192246988225321,False,False,,
2431,10.425100400000002,453703.0,1426.7389937106918,1431.9433962264152,1803.9517145784623,1856.0044791772,-0.0280456028973665,0.0192246975939189,False,False,,
2432,10.429388800000002,452038.0,1421.503144654088,1431.9433962264152,1804.104729509359,1856.0044791772,-0.0279631597068392,0.0192246963653057,False,False,,
2433,10.433677200000002,450311.0,1416.072327044025,1431.9433962264152,1804.2577444304768,1856.0044791772,-0.0278807165215806,0.019224695136697,False,False,,
2434,10.4379656,451004.0,1418.251572327044,1431.9433962264152,1804.4107593418153,1856.0044791772,-0.0277982733415908,0.0192246939080837,False,False,,
2435,10.442254,455358.0,1431.9433962264152,1431.9433962264152,1804.563774243375,1856.0044791772,-0.0277158301668698,0.3536703299455972,False,False,,
2436,10.4465424,454340.0,1428.74213836478,1437.2672955974842,1810.0406885057591,1856.0044791772,-0.0247649136557133,0.3536703287169835,False,False,,
2437,10.4508308,457051.0,1437.2672955974842,1437.2672955974842,1810.1937033877616,1856.0044791772,-0.0246824704915299,0.5533894883304646,False,False,,
2438,10.4551192,459755.0,1445.7704402515724,1445.7704402515724,1818.849862913607,1856.0044791772,-0.0200186026922005,1.0105112855079583,False,False,,
2439,10.4594076,463631.0,1457.9591194968552,1453.0471698113208,1826.2796073357997,1856.0044791772,-0.0160155172979851,0.7849135773736355,True,False,2439.0,8.0
2440,10.463696,462069.0,1453.0471698113208,1457.9591194968552,1831.3445718735336,1856.0044791772,-0.0132865559217822,1.0508106982655634,False,False,,
2441,10.4679844,467291.0,1469.4685534591194,1469.4685534591194,1843.0070206782189,1856.0044791772,-0.0070029241011008,1.4172588111730946,False,False,,
2442,10.4722728,470708.0,1480.2138364779871,1480.2138364779871,1853.9053185301943,1856.0044791772,-0.0011310105501125,1.1758574107862023,False,False,,
2443,10.4765612,473146.0,1487.880503144654,1487.880503144654,1861.725000019724,1856.0044791772,0.0030821697397304,0.6114680499577929,False,False,,
2444,10.4808496,475065.0,1493.9150943396226,1489.6415094339625,1863.6390211221164,1856.0044791772,0.0041134286207655,0.398315749472391,False,False,,
2445,10.485138,473706.0,1489.6415094339625,1493.9150943396226,1868.065620831082,1856.0044791772,0.0064984442598053,0.6128508705434148,False,False,,
2446,10.4894264,476711.0,1499.0911949685535,1499.0911949685535,1873.3947362530737,1856.0044791772,0.0093697279672423,1.109086806046069,False,False,,
2447,10.4937148,480582.0,1511.2641509433963,1511.2641509433963,1885.720707011664,1856.0044791772,0.0160108599779014,1.0745162280441622,False,False,,
2448,10.4980032,482053.0,1515.8899371069183,1515.8899371069183,1890.4995079491543,1856.0044791772,0.0185856387519317,0.3754003907916887,False,False,,
2449,10.5022916,482385.0,1516.933962264151,1516.933962264151,1891.696547870577,1856.0044791772,0.0192305940496436,0.6000103656737297,False,False,,
2450,10.50658,484993.0,1525.1352201257862,1525.1352201257862,1900.0508204861576,1856.0044791772,0.0237318076562422,1.2199101930236282,False,False,,
2451,10.5108684,488463.0,1536.0471698113208,1536.0471698113208,1911.1157849158585,1856.0044791772,0.0296935197931688,1.1235076690834722,False,False,,
2452,10.515156800000002,491506.0,1545.6163522012578,1542.7138364779871,1917.935466317378,1856.0044791772,0.0333679082324375,0.5527968313832878,False,False,,
2453,10.519445200000002,490583.0,1542.7138364779871,1544.5408805031448,1919.915525067144,1856.0044791772,0.0344347476565771,0.2015597698116535,False,False,,
2454,10.523733600000002,493691.0,1552.487421383648,1545.6163522012578,1921.1440114800864,1856.0044791772,0.0350966460661581,0.5184237982474258,False,False,,
2455,10.528022000000002,491164.0,1544.5408805031448,1552.487421383648,1928.1680953675273,1856.0044791772,0.0388811648893857,0.6308275581653824,False,False,,
2456,10.5323104,494602.0,1555.3522012578617,1555.3522012578617,1931.185889937013,1856.0044791772,0.0405071278670309,0.4435538037728879,False,False,,
2457,10.5365988,495839.0,1559.24213836478,1559.24213836478,1935.2288417298896,1856.0044791772,0.0426854371535845,0.3706592719998873,False,False,,
2458,10.5408872,496381.0,1560.946540880503,1560.946540880503,1937.0862589208616,1856.0044791772,0.0436861983111196,0.1642235406925873,False,False,,
2459,10.5451756,496573.0,1561.5503144654087,1561.5503144654087,1937.8430471717024,1856.0044791772,0.0440939496173967,0.4109586847867739,False,False,,
2460,10.549464,498364.0,1567.182389937107,1567.182389937107,1943.6281372995568,1856.0044791772,0.0472109087587988,0.6734975210750251,False,False,,
2461,10.5537524,499885.0,1571.9654088050315,1571.9654088050315,1948.564170813393,1856.0044791772,0.0498704031561531,0.6713245121616724,False,False,,
2462,10.5580408,502638.0,1580.622641509434,1577.562893081761,1954.3146697267211,1856.0044791772,0.0529687248347072,0.411946411837456,False,False,,
2463,10.5623292,501665.0,1577.562893081761,1578.2169811320755,1955.1217724033895,1856.0044791772,0.0534035851412007,0.211437065124886,False,False,,
2464,10.5666176,501873.0,1578.2169811320755,1580.622641509434,1957.6804473973232,1856.0044791772,0.0547821782548703,0.5901330395281601,False,False,,
2465,10.570906,507580.0,1596.1635220125786,1587.3050314465409,1964.515851941692,1856.0044791772,0.0584650381946259,0.4913599617208621,False,False,,
2466,10.5751944,504763.0,1587.3050314465409,1588.138364779874,1965.5021998720424,1856.0044791772,0.0589964743745579,0.4793096451204173,False,False,,
2467,10.5794828,505028.0,1588.138364779874,1594.62893081761,1972.1457804970169,1856.0044791772,0.0625759811588948,0.5233624360458924,False,False,,
2468,10.5837712,507092.0,1594.62893081761,1596.1635220125786,1973.8333862694449,1856.0044791772,0.0634852493160364,0.5261280809614668,False,False,,
2469,10.5880596,511265.0,1607.751572327044,1602.698113207547,1980.520992032094,1856.0044791772,0.0670884764836852,0.5448949642828165,False,False,,
2470,10.592348,510241.0,1604.5314465408806,1604.5314465408806,1982.5073399233293,1856.0044791772,0.0681587044456973,0.3366813176263559,False,False,,
2471,10.5966364,509658.0,1602.698113207547,1607.751572327044,1985.8804802576155,1856.0044791772,0.069976124808703,0.4733832543826235,False,False,,
2472,10.6009248,512540.0,1611.7610062893082,1611.7610062893082,1990.042928758224,1856.0044791772,0.0722188179418863,0.4077979302765175,False,False,,
2473,10.6052132,513232.0,1613.937106918239,1613.937106918239,1992.372043915254,1856.0044791772,0.0734737260970987,0.5304740901586129,False,False,,
2474,10.609501600000002,515128.0,1619.8993710691825,1619.8993710691825,1998.4873225849835,1856.0044791772,0.0767685881183588,0.7681221111783056,False,False,,
2475,10.613790000000002,517105.0,1626.1163522012578,1625.8584905660375,2004.599456590381,1856.0044791772,0.0800617558202529,0.4010813573540872,False,False,,
2476,10.618078400000002,517061.0,1625.9779874213837,1625.9779874213837,2004.8719679444896,1856.0044791772,0.0802085827041134,0.0354234266604596,False,False,,
2477,10.622366800000002,517023.0,1625.8584905660375,1626.1163522012578,2005.163347213813,1856.0044791772,0.0803655754660343,0.2098566786698992,False,False,,
2478,10.6266552,519827.0,1634.6761006289307,1629.012578616352,2008.2125881081124,1856.0044791772,0.0820084814657284,0.3797463691273286,False,False,,
2479,10.6309436,519194.0,1632.685534591195,1631.8553459119496,2011.208369873136,1856.0044791772,0.0836225841247649,0.2321793914900958,False,False,,
2480,10.635232,519104.0,1632.4025157232704,1632.4025157232704,2011.908554144104,1856.0044791772,0.0839998376706607,0.0713768215914001,False,False,,
2481,10.6395204,521860.0,1641.0691823899372,1632.685534591195,2012.344587461897,1856.0044791772,0.0842347688481901,0.1152320663637134,False,False,,
2482,10.6438088,518930.0,1631.8553459119496,1633.9308176100628,2013.7428849208543,1856.0044791772,0.0849881600574491,0.1178001651261535,False,False,,
2483,10.6480972,518026.0,1629.012578616352,1634.254716981132,2014.219798722234,1856.0044791772,0.0852451173044441,0.0660430717703093,False,False,,
2484,10.6523856,519693.0,1634.254716981132,1634.6761006289307,2014.7941967905645,1856.0044791772,0.0855545982754086,0.3491267080161737,False,False,,
2485,10.656674,519590.0,1633.9308176100628,1639.506289308176,2019.7773998805624,1856.0044791772,0.0882395072537573,0.4208359603544398,False,False,,
2486,10.6609624,524035.0,1647.9088050314465,1641.0691823899372,2021.493307362832,1856.0044791772,0.0891640241401767,0.5399562894504424,False,False,,
2487,10.6652508,521363.0,1639.506289308176,1647.7955974842766,2028.3727368479008,1856.0044791772,0.0928706043571159,0.4488875116455411,False,False,,
2488,10.6695392,528749.0,1662.7327044025158,1647.9088050314465,2028.6389587764868,1856.0044791772,0.0930140425500582,0.1565192037440717,False,False,,
2489,10.6738276,524694.0,1649.9811320754718,1649.9811320754718,2030.8643001916837,1856.0044791772,0.0942130382637881,0.5800581548555517,False,False,,
2490,10.678116,527070.0,1657.4528301886792,1656.8364779874214,2037.872660465026,1856.0044791772,0.0979890853326234,0.4885942847150719,False,False,,
2491,10.6824044,523999.0,1647.7955974842766,1657.4528301886792,2038.6420270178976,1856.0044791772,0.0984036137249324,0.196028430689692,False,False,,
2492,10.6866928,528872.0,1663.119496855346,1659.6509433962265,2040.9931545677457,1856.0044791772,0.0996703819769628,0.276627259949274,False,False,,
2493,10.6909812,526874.0,1656.8364779874214,1661.5503144654087,2043.045539968984,1856.0044791772,0.1007761904080654,0.2128198512215853,False,False,,
2494,10.6952696,529076.0,1663.7610062893082,1662.7327044025158,2044.380944228368,1856.0044791772,0.1014956952769201,0.1178001502950394,False,False,,
2495,10.699558,529481.0,1665.0345911949685,1663.119496855346,2044.9207509932307,1856.0044791772,0.1017865387371159,0.083822210723353,False,False,,
2496,10.703846400000002,527769.0,1659.6509433962265,1663.7610062893082,2045.7152747299124,1856.0044791772,0.1022146216138522,0.1395302247143632,False,False,,
2497,10.708134800000002,528373.0,1661.5503144654087,1665.0345911949685,2047.1418739285132,1856.0044791772,0.1029832615684461,0.3716469534456372,False,False,,
2498,10.712423200000002,532952.0,1675.9496855345913,1669.37106918239,2051.631366199096,1856.0044791772,0.1054021632041648,0.2916407601590514,False,False,,
2499,10.716711600000002,530860.0,1669.37106918239,1669.37106918239,2051.7843804720133,1856.0044791772,0.1054846060401783,0.0192246143115071,False,True,2439.0,8.0
